Index,Time[d.s],bp_T(15)_S(17)_EvLim(20),bp_T(15)_S(33)_EvLim(20),bp_T(30)_S(17)_EvLim(20),bp_T(30)_S(33)_EvLim(20)
78747,736352.5208303089,1.3571702559476613,1.3571702559476613,1.3571702559476613,1.343178810010056
78847,736356.3225489159,1.0902790340667405,1.234960612047161,1.0902790340667405,1.2131130779420431
78851,736356.7119766026,1.0902790340667405,1.5062236366586759,1.0902790340667405,1.173768870008789
78855,736356.9591998712,1.0902790340667405,1.3227243103652335,1.0902790340667405,2.0680689614440575
78863,736357.4772848444,1.569739091216572,1.4317400502304998,1.3678566359157522,0.9590098969472436
79235,736365.4647004525,1.3094305987032715,1.015893524919887,1.3094305987032724,1.0178776919607462
79297,736366.1926795649,1.220908182057334,1.0053113007019716,1.4639139839435438,1.1496030403321367
79343,736367.3530752623,1.0902790340667405,1.0902790340667405,1.2119846006602375,1.234960612047161
79592,736369.8707583396,1.3311708257570931,1.0902790340667405,1.3311708257570931,1.3571702559476613
79715,736371.6285873421,1.3311708257570931,1.0708631060628124,1.0902790340667405,0.8685889638065034
79717,736371.7193502259,1.3311708257570931,1.1354104102045797,1.0902790340667405,0.8685889638065034
79746,736372.5010638057,1.3953236366369532,1.2105769530404227,1.6632554626081975,1.1199571166559499
79759,736372.824233219,1.3953236366369532,1.2105769530404227,1.6632554626081975,1.1199571166559499
79760,736372.8249402477,1.3953236366369532,1.333360251457352,1.4297760721094706,1.1199571166559499
79761,736372.8315747085,1.437003800415171,1.2510540630957865,1.6784327803024217,1.0708631060628124
79788,736373.7391788458,1.6311529836741847,1.2510540630957865,1.8190344791759225,0.8773625897035388
79826,736375.0299575755,1.2527725439516875,1.3478104610790569,1.234960612047161,1.062494145329056
79836,736375.9561327159,1.4829567674745174,1.4476482730108389,1.8190344791759225,2.0790693282602466
79845,736376.9179841441,1.4829567674745174,1.2510540630957865,2.0403096465253427,1.155916871985841
79880,736378.337519875,1.3732631838837996,1.329472903785464,1.048297025283711,1.1171562235453418
79896,736378.8573860006,1.5510517210830415,1.154271048247845,1.5200306866613804,1.0857362047581294
79966,736381.0981808496,1.030966129147185,0.9650988486738928,1.236425571254809,0.7772608177239405
79969,736381.3049713935,1.4181044307044952,1.4181044307044952,1.4181044307044952,1.2307940782683247
79993,736382.1916868547,1.3340103539690322,1.0566775715407588,1.1564054251861726,0.8827123615919752
79995,736382.2109098262,1.5033270527420248,1.0566775715407588,1.5033270527420248,0.8827123615919752
80093,736386.6214556714,1.225282237344597,1.3160438845553089,0.9898449729988643,1.0395346641301242
80098,736386.9389379278,2.592802877034338,1.5510517210830415,2.592802877034338,1.5510517210830415
80129,736388.2270279784,5.066768955537934,1.1100178451201321,5.066768955537934,1.1100178451201321
81754,736392.808184974,1.52681653794112,1.4805493701247212,1.3959465489747385,1.3160438845553077
82889,736396.5206712282,1.5388387154052228,1.5721067218217257,0.8311856112980895,0.9373262199350757
83382,736399.3214619871,2.0680689614440553,4.8254942433694605,2.0680689614440553,1.729491299614719
83542,736400.1788471275,4.8254942433694605,2.0680689614440553,1.2726578224271117,1.2447931009965818
84051,736403.9798852889,2.2082770266267033,2.2208240551870824,1.692056422999682,1.2373062162485806
84206,736405.2172648703,2.2082770266267033,2.0680689614440553,1.1953059134951878,1.1737688700087887
84259,736405.6927815959,2.1594753243808094,2.0199743344337286,0.9971046778390984,1.321047853698104
84260,736405.6943377539,1.8974030762763425,1.8974030762763425,1.132942126704135,1.0232068945364572
84302,736406.2053082178,1.8001843809461207,1.8974030762763425,1.0979354879576588,1.0371211508137355
84342,736406.8073902237,4.405886048293855,1.645054855694135,1.418104430704496,1.0340344807220283
84506,736409.4114442819,1.4286002694185918,2.3731938901817022,1.8882368778402245,5.36166027041051
84615,736411.0301297993,2.035755383921492,1.768620062049441,4.512150461332482,1.3311708257570933
84616,736411.0358808687,2.2386313500167607,1.9562814500146468,4.632474473634681,1.5510517210830423
84617,736411.0361628748,1.5165839050589747,1.998844895789024,4.632474473634681,1.628604307137194
84660,736411.7344468365,1.9942093556781963,1.8264721201538623,3.277694203043408,1.6235307734700997
84744,736413.0346659237,1.5388387154052232,1.6703633919355831,1.5388387154052232,1.6703633919355831
84796,736413.8770996481,1.9160050672202278,1.7371779276130062,1.703115615306869,1.5400513542668495
84889,736415.6531676596,1.9942093556781963,1.1623453286948346,3.9481316536659232,1.1135755946237227
84918,736416.0591277172,1.9942093556781963,1.1519747530590234,3.576542792144424,1.1135755946237227
84966,736416.9249881544,2.0044360703227,1.1795652594903134,3.373161024491274,1.1309752132897182
85013,736417.5895696637,1.6940564896935348,1.0906939043232349,2.285760431069745,1.116177406760694
85017,736417.6677688587,1.8964824537259897,1.0906939043232349,2.944369368835604,1.0414735777056399
85085,736418.8662566455,1.5165839050589747,2.2502304761826504,1.5165839050589747,2.2502304761826504
85094,736418.980096847,1.3657059179347542,1.107894086487887,2.0680689614440553,1.0258924769368152
85121,736419.5695053007,1.308115909347144,1.3344243857362486,3.0211790045443583,2.285760431069745
85129,736419.8824112739,1.8095603412635493,1.5977388966340362,1.8095603412635493,1.5238402873798307
85162,736420.4753203047,1.2942550785196247,0.9629589399185186,2.4127471216847307,1.4639139839435449
85169,736420.6046937226,1.3927811372990584,1.8814201382090323,1.3927811372990584,1.6964628199345764
85222,736421.5890243981,1.2661646702718712,1.3445649594527922,1.7686200620494417,1.2030318058261822
85298,736423.5219607478,1.3127289125539099,1.09119216558606,1.4975671789767295,1.2671722283649254
85395,736425.4954203919,0.9191417606418029,0.7700256771334254,0.9487015381381713,0.7910646300605678
85514,736428.8661635749,1.3657059179347542,1.2773367114801524,2.171472409516258,1.656207769970027
85553,736429.8949614189,1.196403531413917,1.196403531413917,1.4050703826281679,1.974065826832962
85582,736430.457789359,1.3160438845553084,0.8964794351213913,1.6530239795625499,0.9814564562785352
85609,736430.9630623359,1.0723320540821033,0.7238241365054195,1.5292059221945482,0.8609361976055655
85610,736430.9654603208,1.1456209354762037,0.721153198732337,1.4333151217929094,0.7262449530154711
85617,736431.0194263319,1.1022702586376951,0.721153198732337,1.5238402873798302,0.7262449530154711
85624,736431.1813445565,1.1428802155348734,1.3120679211578608,1.6903677439348122,1.6703633919355847
85758,736433.7673682701,1.1833637109080433,0.8703296230526089,1.642290057617338,0.9524001796123941
85775,736433.9940583762,1.1428802155348734,1.4975671789767306,1.5311664426076186,1.6530239795625497
85796,736434.2966482104,0.9973359709678017,1.049654336926288,0.978140725007324,1.032144106899867
85856,736435.3743735303,1.0229634477378524,0.9151799427080017,0.949749364003135,0.8582894899273751
85875,736435.8750407825,0.88631526919031,1.1309752132897182,0.9650988486738928,0.9674877072102143
85950,736437.418688408,1.4784493000961763,1.2857402424767321,1.4622709828392317,0.9010258960648375
85972,736437.9878239571,1.5697390912165727,1.6703633919355845,1.4161776583801688,1.7847718434380215
85999,736438.4781176616,1.5697390912165727,2.4277331286517176,1.2911457570096676,1.7628189302346018
86086,736440.1748110827,1.173768870008789,0.887962695341221,1.3028834457097553,0.8767721707333479
86140,736441.047356516,1.7233908012033796,1.1107275752001324,1.3457012115312028,0.7659514672015023
86205,736442.7546663126,1.1362355631189727,0.987032913416481,1.1854191813736403,0.8543498004654131
86310,736445.4466078234,1.621846612916708,1.1898478956253475,1.3571702559476624,1.7098207948946926
86411,736446.7019615702,1.7143203233023097,1.0560352143544116,2.014768215015086,0.7715891810463865
86461,736447.4914611196,1.621846612916708,0.713257360790012,1.6265710932706063,0.6722824797263958
86503,736448.3912684021,1.2985549292788257,1.0670626090988986,1.2214532303528955,1.1898478956253475
86505,736448.3931699167,1.3529423112250831,1.0242794384510652,1.2773367114801524,1.677532333531874
86577,736449.8439159422,1.079737662190405,0.6924968959732946,1.2408413768664333,0.5949239478126737
86587,736450.1064885663,1.426514721580024,0.8941356980361069,1.3340103539690331,0.7068083792277152
86690,736452.1868877016,1.43331512179291,0.941559852364774,1.6703633919355834,0.7474948053412249
86722,736452.748121311,1.576068684326318,1.3028834457097551,1.6768126714411267,0.6149302398630113
86735,736453.0113888994,1.5572312100116594,0.8837387713147568,1.4694174199734082,0.8444614925896562
86737,736453.0416733748,0.7937497058283978,0.8216382090061521,1.2148097395895154,0.97411846408206
86835,736454.6887224431,1.1296677274940072,0.9156811365430009,1.0450936730292155,0.784869545608286
86858,736455.3413526501,0.9167165844923524,0.9016494433977548,1.018872684817013,0.9047801706317744
86872,736455.5298389825,1.4694174199734091,1.4694174199734091,1.4694174199734091,1.3385788825785159
86903,736456.0070090202,1.6703633919355845,0.9650988486738931,1.1362355631189731,0.7154769059361644
86936,736456.8171144929,1.706834208353391,1.8190344791759245,1.4317400502305,0.8335786600830166
86981,736457.6590609616,1.3294729037854653,0.9955174370275115,1.2527725439516877,0.8072388139465648
87010,736458.4040822939,1.4181044307044965,1.0066428388485968,1.132942126704135,0.8168548248963982
87025,736458.8119854907,1.6450548556941353,0.8468137530146967,1.2680130858489103,0.763259194909054
87072,736459.9835299482,2.1315066596478625,1.117669622545133,1.0563919830079096,1.0818723748479577
87102,736460.8914842231,1.316043884555308,1.117669622545133,1.223364737755639,1.0099871672168645
87340,736467.058445922,2.3265775816245635,2.791893097949478,2.3265775816245635,1.1773043184124294
87357,736467.5327648005,1.9740658268329632,1.569739091216573,1.683311945361441,1.588882250865556
87376,736468.1047825807,2.3265775816245635,2.5714804849534647,1.4239163341090229,1.3666609570382047
87380,736468.1982527536,1.6948077342565926,1.28205013107971,1.1698167862713853,0.7474948053412251
87445,736470.3820840215,2.75742528192541,1.4213273953197334,1.5373255996575292,0.9420704596599822
87461,736470.8697845849,2.1934064742588477,1.8324661683681525,2.029413466837626,1.5580071099668218
87550,736473.5567323213,1.6562077699700282,1.6833119453614418,0.9967414338763159,1.226820570348169
87554,736473.5975869038,1.5888822508655556,1.7946052971208752,1.433991213831492,1.327010916926603
87568,736474.2223289666,1.6422900576173391,1.344564959452792,1.3061488177541412,0.9704904623536352
87614,736475.300525995,2.397944992103845,1.8719589737209135,1.7628189302346011,2.2724711262379476
87681,736476.7510027162,1.8882368778402252,2.5249679180421625,2.2208240551870837,1.624911326848901
87799,736480.8957777733,1.3529423112250833,1.4639139839435455,1.6019058758726503,1.2557912729732583
87843,736482.8510954143,1.3919694932796536,1.6388471015217052,1.7371779276130075,2.3100770314002768
87846,736482.8682994661,2.0980409753780283,1.3200440179430146,1.4598133845487455,0.9339666277489282
87917,736484.3835923877,1.9301976973477861,2.4675822835412036,1.9853462029862945,2.4277331286517176
87968,736485.9350469727,1.142880215534873,1.2280820825027687,0.9983781193178203,0.9461753418371501
87986,736486.1722589106,1.133928151183425,0.9010258960648377,0.9796116133156055,0.8936100450684191
87999,736486.4052327774,1.0759547975080563,1.0687336243704184,0.9441184389201126,1.0439771199597394
88091,736487.9738153875,0.9319624075177075,1.0687336243704184,0.810923306458354,0.9870329134164813
88147,736489.2820873555,1.2942550785196247,1.3240685423879628,2.025207428564387,1.1167572391797904
88160,736489.6877414532,0.9260010275122639,0.6428701212383662,0.995258187694952,0.7349598924516568
88282,736493.9619593289,0.6893563204813519,0.6893563204813519,0.9201154277611268,0.7423837297491485
88304,736494.9470456415,1.170891985523473,0.7214194051549033,1.0696908421262359,0.7499590739302622
88326,736495.8790748728,0.6376264824028167,0.45186709099760297,0.8384063357205633,0.5176334706832559
88336,736496.1550135624,0.6215305644411474,0.3890656052884675,0.8423815381744107,0.486877221864632
88351,736496.480736277,0.6376264824028165,0.4765920240364902,0.8384063357205633,0.5221026558399747
88382,736497.6618780275,0.9047801706317744,1.3240685423879628,0.9047801706317744,1.7798954176362778
88390,736498.2192494282,0.9698884211238873,0.46866310996753785,1.3571702559476622,0.42745519872367294
88399,736498.5724484586,0.8009529379363252,0.7423837297491485,0.8009529379363252,0.8009529379363252
88482,736501.3428934601,0.9698884211238873,0.5211533782839022,1.2312472425092191,0.5170172403610142
88536,736503.1056744078,0.7251670384284353,0.47279337065672816,1.269866906149859,0.39601320538290435
88564,736503.882392948,0.7423837297491485,0.5221977738315653,0.8009529379363252,0.37601253844437377
88683,736509.0385553177,0.6518491285602278,0.6921027600051821,0.6495857635305049,0.7290315043939481
88719,736510.0396047777,0.7864487599857678,0.6386683557400762,1.0830286331751917,0.5028011367910296
88720,736510.0540690928,0.7076081171539744,0.6386683557400762,0.7709369501241158,0.5028011367910296
88729,736510.3829276747,0.5497398505104453,0.705350666664214,0.6106073559272434,0.4397918804083562
88738,736510.7070188278,0.5497398505104453,0.705350666664214,0.9000921904730605,0.4397918804083562
88749,736511.2657459968,0.5033214194242983,0.6102498574752954,0.6191571025097277,0.4397918804083562
88774,736512.1397826882,0.693484202639923,1.0147067334188125,0.6825846473921443,0.4733454843632172
88791,736512.9639626238,0.7253352516129467,1.0147067334188125,1.2291353261412787,0.4733454843632172
88818,736514.428647577,0.5383815891362626,0.6959847466398266,0.678585127973831,0.5057286543269307
88819,736514.4292483274,0.538063959880135,0.6911848518354139,0.6333461194422421,0.5197673320650619
88831,736514.7895584878,0.6008026429491624,0.6008026429491624,0.6008026429491624,0.9066690645161833
88835,736515.0352045733,0.5935687679771094,0.6911848518354139,0.7360923422089012,0.5197673320650619
88861,736515.9391275949,1.0258924769368154,0.7255516404111604,0.8392163901512113,0.5469703802307957
88891,736517.054936807,0.6857281293209239,0.5049935836084323,0.6857281293209239,0.4251834088563304
88895,736517.130847869,0.6857281293209239,0.5221977738315653,0.9047801706317747,0.6095361149519325
88898,736517.3837417592,1.023206894536457,0.5801643842219013,0.9047801706317744,0.4695075480035154
88908,736517.619385023,0.8288062631741446,0.7102947133931689,1.1931167085254173,0.9759426559623635
88967,736520.0908094575,0.7619201436899153,0.7416793808594434,0.8432902561228189,0.7703671519348146
89009,736521.4639314775,0.7392246500480882,0.7520250768887475,0.7392246500480882,1.1010282639800748
89021,736521.8137933289,0.7916826493028025,0.5835050620581118,1.139548203244684,0.9870329134164814
89026,736521.9533529107,0.7102947133931689,1.4009499416233928,0.7090522153522478,0.7327054142539524
89039,736522.5078261271,0.7163620320053639,0.8369700936036973,0.7163620320053639,0.9089884504951782
89043,736522.7212418765,0.8374824719897417,0.9650988486738931,0.8374824719897417,1.5792526614663707
89050,736523.1675381766,0.5949239478126737,1.4286002694185913,0.7807541247698908,0.7974333707263098
89105,736524.9425618487,0.9624254446609456,1.291582102314503,0.8647456498073599,1.1801480486501408
89111,736525.1752902973,0.7169956069157459,1.113575594623723,0.8666630459266667,0.9931890438535907
89112,736525.1756720291,0.8194235507608522,1.3909787676616596,0.9650988486738928,1.0834789569311893
89123,736525.5204627361,0.813666476633727,1.410047019166402,1.005311300701972,1.0920364148437665
89125,736525.560331676,0.9026906090367819,1.5214137901069331,1.0414735777056399,1.1625473702955114
89132,736525.7554356907,1.0528351076442468,1.744154545796192,1.0414735777056399,1.1625473702955114
89138,736525.9882629773,1.0528351076442468,1.744154545796192,1.2447931009965818,1.1625473702955114
89145,736526.1254452915,0.7772608177239405,1.3968535967648452,0.8252626734503595,1.0291338433726347
89170,736527.1424619737,1.8001843809461218,1.8303598854160044,1.2773367114801524,1.4702677772766337
89172,736527.1619856302,0.7790035549834113,1.4626498095187237,0.9212307191887157,1.2384823628419726
89258,736530.7100049923,1.0464927274777152,1.8800626922218695,0.9047801706317744,1.2384823628419726
89264,736530.9996887255,0.9920432327739255,1.6304570992954845,0.9095172395879617,1.1817536922537464
89267,736531.0617183,0.9920432327739255,1.6304570992954845,0.9095172395879617,1.1817536922537464
89270,736531.0781621075,1.1808611290420745,1.7666216213013637,0.7912247646010658,1.2513569817551324
89271,736531.0844113867,1.0644472595667935,1.5176957700920093,0.7632591949090539,1.1720090965904848
89272,736531.0882375385,1.0644472595667935,1.5176957700920093,0.7632591949090539,1.1720090965904848
89274,736531.1402654202,3.743917947441827,3.206200873111256,1.284204113154777,3.272081712969707
89283,736531.3896900871,1.0644472595667935,1.343178810010057,0.7632591949090539,1.0417858636359862
89284,736531.427248794,1.0618446990299557,1.5874994116567955,0.8265119897812749,1.2170494330622101
89285,736531.4279774594,1.1880396161487135,1.5874994116567955,0.8265119897812749,1.2170494330622101
89287,736531.4495728661,1.1880396161487135,1.5471050245917373,0.8265119897812749,1.1993597610700268
89290,736531.5049262152,1.0823538489800664,1.5874994116567955,0.8265119897812749,1.2170494330622101
89297,736531.618806706,1.0767631782725249,1.4907133246107043,0.8405699649740356,1.1865969450908518
89300,736531.633205841,0.9629589399185183,1.3440448182692515,0.7974333707263096,1.1231753842325476
89301,736531.634466834,0.9629589399185183,1.3440448182692515,0.7974333707263096,1.1231753842325476
89304,736531.6390862837,0.9422562723739191,1.2840010769313532,0.7958275846394667,1.098215931249602
89305,736531.6594342384,1.0238769710882163,1.3501382857095914,0.8504461133875687,1.142880215534873
89306,736531.6601880488,1.0836522581079218,1.3684237406570126,0.8931506054565587,1.160697947180183
89307,736531.6615943122,1.1670101241162234,1.4598133845487455,0.9489725182975937,1.2199283199529547
89310,736531.7738507763,1.2346164201263012,1.4975671789767306,1.0906939043232353,1.2568007514885102
89312,736531.7771046906,0.9784797685861824,1.4975671789767306,0.8706375226834056,1.2568007514885102
89314,736531.7862564953,1.1953059134951884,1.4393044789300857,1.071756768645364,1.2295495948727049
89316,736531.8166269195,1.0402263039598842,1.280761206685193,0.8920643412066791,1.126412200901806
89317,736531.8202881927,1.2063735608423662,1.4396502162538738,1.0834789569311896,1.2359705569376156
89320,736532.0520941163,1.1058424307721684,1.0688594761867591,0.9407100691045162,0.928520758199372
89332,736532.4729395615,1.0114573086538612,1.232835948628586,0.9296823771629241,1.1336219599634836
89335,736532.5860459295,1.079950754288725,1.042306756567804,0.9037341819952055,0.9851670666992476
89336,736532.5920842444,0.9498542739074761,1.1517201730030986,0.8942500522627386,1.0848613165995813
89337,736532.598546194,0.9498542739074761,1.139133067287218,0.8492869868330257,1.076189363629161
89338,736532.6044601053,0.9219659392359529,1.0978121382792008,0.8766246901327199,1.0488621449738913
89339,736532.6830609036,0.9380010408277571,1.1170125563355247,0.8899477088181386,1.0631838206830349
89341,736532.7815807697,0.990587653800934,1.104858760223537,0.9248507156768447,1.072733375958631
89342,736532.9424849227,0.9380010408277571,1.1170125563355247,0.8899477088181386,1.0631838206830349
89345,736532.9983769623,0.9513570249797407,1.141724623810369,0.8995328954085576,1.081759149063045
89346,736533.0011258114,0.9692012879881277,1.141724623810369,0.9143041724278981,1.081759149063045
89347,736533.0065926781,0.9692012879881277,1.141724623810369,0.9143041724278981,1.081759149063045
89348,736533.0086325315,0.9739529665516344,1.137337634470204,0.9196824322657092,1.0803345320976414
89349,736533.0125118606,0.9739529665516344,1.137337634470204,0.9196824322657092,1.0803345320976414
89351,736533.0299207296,0.9739529665516344,1.137337634470204,0.9196824322657092,1.0803345320976414
89353,736533.1137098613,1.006932770541813,1.1647744725374571,0.9455867413134561,1.101028263980075
89357,736533.2663576276,0.9945675158089733,1.1428802155348734,0.9384903111173097,1.0872054012463002
89358,736533.2691174197,1.0510977559814672,1.0209454366622552,0.9747257698576721,0.9828446549437095
89359,736533.269632341,1.017559704553073,1.1601811626979126,0.9572986375530895,1.1009466519228532
89364,736533.3798431634,0.9069603638140196,1.0332409009210135,0.8747972020143472,1.0087840854214902
89365,736533.3806583483,0.9069603638140196,1.0332409009210135,0.8747972020143472,1.0087840854214902
89366,736533.4031910516,0.9424111723036203,0.9994898989607132,0.8636537992394211,0.9639409616328924
89367,736533.4459941807,0.8750709709990893,0.9883943381246422,0.8505155092352542,0.9726640132211686
89369,736533.4746987019,0.902095363003787,1.0113707112815455,0.8728208223390562,0.9914294965497397
89372,736533.5196498061,0.9247092492800513,1.0354847394607687,0.8916674145356616,1.0122290921163473
89375,736533.5532155291,0.9115626306814877,1.0354847394607687,0.8803266525065913,1.0122290921163473
89376,736533.5549945682,0.9247092492800513,1.0354847394607687,0.8916674145356616,1.0122290921163473
89378,736533.6671741942,0.949623502703903,1.0570449837700846,0.9123833653429655,1.0294742404542352
89380,736533.7264737037,0.9208706524624352,1.05438949018506,0.8828120467824426,1.0235113660280168
89381,736533.7540036256,0.9036036034397955,1.0373722292072507,0.869999774251235,1.0110321616992408
89382,736533.7699374128,0.9720420058585968,1.0060876028646757,0.9494449181241751,0.9860143035987138
89388,736533.92646471,0.9157647222241092,1.0471567457058102,0.8806398245636907,1.019262559568856
89391,736533.9425645863,0.9157647222241092,1.0471567457058102,0.8806398245636907,1.019262559568856
89396,736534.0326512572,0.9292644672568006,1.0585927996391762,0.8923859217190103,1.028822613379679
89398,736534.074759683,0.9494257880458344,1.0776538012487633,0.9095172395879615,1.0443955476631301
89400,736534.1567671583,0.96808677080601,1.0950844869639187,0.9254716090453908,1.0587278414556882
89401,736534.1657942403,0.6746322048982553,0.7307839839718179,0.6746322048982553,0.6857281293209239
89404,736534.2697452123,0.96808677080601,1.0876784877720078,0.9254716090453908,1.0534866145177888
89418,736534.626982807,0.9738724745709281,1.0981558241984688,0.931106086775731,1.061844699029955
89419,736534.6359431725,0.9738724745709281,1.090809738425223,0.931106086775731,1.0566775715407584
89421,736534.6427831699,0.9468267534322182,1.064690006946398,0.910071282740732,1.0359690634736125
89428,736534.9419454143,0.9468267534322182,1.064690006946398,0.910071282740732,1.0359690634736125
89433,736535.0968168818,0.9468267534322182,1.064690006946398,0.910071282740732,1.0359690634736125
89434,736535.1026384982,0.9650988486738926,1.0820474067804684,0.9258215699487922,1.0503866539055389
89437,736535.1953372092,0.889492026427551,0.995073914747776,0.8639810647942673,0.9803069651138134
89438,736535.1982296938,0.889492026427551,0.995073914747776,0.8639810647942673,0.9803069651138134
89450,736535.3795719789,0.889492026427551,0.995073914747776,0.8639810647942673,0.9803069651138134
89464,736535.7508388509,0.9127870747966574,0.970490462353635,0.8821286122739642,0.9441184389201124
89465,736535.9661542462,0.9038616120829096,1.0084576561105287,0.8765926356976557,0.9916237641765576
89473,736536.2429413312,0.9038616120829096,1.0084576561105287,0.8765926356976557,0.9916237641765576
89481,736536.386557448,0.8707658785027607,0.9250148709334433,0.8311856112980895,0.915739822765941
89496,736536.879125895,0.9012039644237437,1.0269032084411862,0.8749181589992638,1.0074768428575847
89535,736537.9893088602,0.9230727712821838,1.0548754857598361,0.8749181589992638,1.0074768428575847
89539,736538.065074721,0.8811772096587718,1.0041490911057842,0.8426085340079258,0.9688761435806399
89541,736538.2624402998,0.8811772096587718,1.0041490911057842,0.8426085340079258,0.9688761435806399
89543,736538.2784995637,0.8811772096587718,1.0041490911057842,0.8426085340079258,0.9650988486738928
89561,736538.8617705797,0.8982521751726709,1.0206441061515268,0.8570450911501947,0.9824134146017395
89564,736539.1632053533,0.8895737812093917,0.8830386877884969,0.9034030318636894,0.8706785924283313
89584,736539.9971800576,0.8982521751726709,1.0017364311079329,0.8840600140524209,0.9862464330073842
89607,736541.1524755289,0.8978203231653761,0.9270992260743042,0.8830053781435409,1.0005976341344118
89661,736542.9454125544,0.9173767260558364,0.9404837192322582,0.8999056815235221,1.0169188514488736
89667,736543.1489054929,0.9173767260558364,0.9404837192322582,0.8999056815235221,1.0062920922148515
89669,736543.1719097913,1.1428802155348734,0.9240308125601099,0.9373262199350757,1.012088680257266
89700,736544.4867473473,1.4822337266322585,0.9192498441037783,2.8267688171217578,1.0035045794940347
89740,736546.3920555343,0.9047801706317744,0.9356043447815541,0.9200358674128549,1.0301616924047172
89741,736546.3940687936,0.8867461468126676,0.9164967483809626,0.9040268149526469,1.0148702639157372
89742,736546.4012959917,0.8867461468126676,0.9164967483809626,0.9040268149526469,1.0148702639157372
89754,736546.8764807603,1.3478104610790569,0.8852203769491851,0.8213607222756534,1.032717239345312
89762,736547.2235102421,1.2063735608423658,0.8660417820944608,1.5117845889037251,0.9643598755891502
89764,736547.3531436219,0.8557526737009886,0.8941356980361064,0.8767972787565648,1.0059536721401197
89766,736547.3874971789,1.3340103539690327,0.8584890921343348,1.5185121744868948,1.0029068448075094
89769,736547.440625756,0.8670125773023175,0.9320705238062826,0.8911402685619487,1.0204450192071626
89774,736547.675535104,0.8711702088698213,0.9714481832046419,0.893610045068419,0.9529972957124646
89776,736547.7327140614,0.9035252744173059,0.9759426559623633,0.8943461324202054,1.0208515710076436
89846,736550.0932324639,1.1953059134951884,1.217648080102575,1.3614247081606639,1.31272891255391
89848,736550.0957442175,1.347810461079057,1.595367484542557,2.2157881729757753,1.3103712816046393
89866,736550.4930347695,0.9945675158089735,1.3666609570382047,2.010622601403943,1.1762142218213072
89877,736550.9711162201,0.9694073256769018,1.1992352557486243,0.9047801706317746,1.02994738791285
89891,736551.4562926443,1.0147067334188127,1.140571366614601,0.9098836848899715,1.0332279015638983
89892,736551.4609856658,1.063973118248501,1.178318361753009,0.9184999018704048,1.040427275038702
89893,736551.4611946797,1.063973118248501,1.178318361753009,0.9184999018704048,1.040427275038702
89898,736551.6488433549,1.063973118248501,1.178318361753009,0.9184999018704048,1.023589687987462
89903,736551.9612821264,1.1207599532987145,1.224514516644507,0.9472266477725245,1.0719051703026117
89906,736552.0374282054,1.1207599532987145,1.224514516644507,0.9472266477725245,1.0719051703026117
89928,736553.0215513845,1.574481505389433,1.63678824837909,0.9623267141065079,1.0861672234976125
89944,736553.4869733127,1.3971940436565744,1.4805493701247225,0.9600561296092783,1.081511550264907
89991,736556.4515481262,1.65302397956255,1.6213660657721398,1.0068351787324603,1.004444313300347
89994,736556.6005075778,1.4928872815424277,1.6213660657721398,0.9631530848660824,1.0084237195895935
90001,736556.9021778416,1.2773367114801524,1.3376626752666896,0.9593882045988994,1.001965332681481
90002,736556.9768927252,1.2773367114801524,1.3376626752666896,0.9593882045988994,1.001965332681481
90038,736558.5567108204,1.4639139839435455,1.2503679901245255,0.64699364156909,0.9536343915082204
90046,736558.7681398918,1.3160438845553086,1.1199571166559503,1.8945732432021045,0.7487835894883653
90129,736561.7067146968,1.6632554626081986,1.636471960794862,0.9665633385808337,0.9750661919695818
90130,736561.7100454981,1.6632554626081986,1.636471960794862,0.9665633385808337,0.9750661919695818
90145,736562.4954129651,1.6304570992954845,1.443945847760172,0.9325341635959398,0.9650988486738931
90146,736562.5021582837,1.536089807374846,1.7056882975052183,0.9441184389201128,0.9920946206647712
90247,736565.6858197935,1.4428388103098067,1.413384408560878,1.4428388103098067,1.119315675008381
90252,736566.0291191844,1.5697390912165727,1.626571093270606,1.1196194241739195,1.2148097395895157
90271,736567.004606243,1.3714562586418477,1.3714562586418477,1.1989724960519221,1.0258924769368154
90274,736567.0567893562,1.352474165096632,1.2985549292788259,1.1462317704191398,1.1898478956253473
90298,736568.2207161903,1.442306397464674,1.3811485290209422,1.3545246998931832,1.2733943142224975
90307,736568.6487473024,1.3012568746164848,1.6010856475695918,1.3090436511268229,1.3353124626600714
90308,736568.7014437177,1.2063735608423662,1.2857402424767324,1.204514741796384,1.2408413768664337
90313,736568.7979365704,1.2063735608423662,1.2857402424767324,1.204514741796384,1.2408413768664337
90340,736569.87474297,1.4009499416233928,1.3012568746164848,1.2216441122454338,1.3006214952831758
90345,736570.0908091071,1.4598133845487455,1.4123397785471603,1.6311529836741852,1.3023172208311333
90361,736570.7018004595,1.381148529020942,1.3385788825785159,1.257609503580845,1.3070422163982953
90371,736571.128358066,1.366660957038205,1.1980537431813845,1.4146400061995168,1.4123397785471599
90433,736573.0358422975,1.2964014385171696,1.3842055200103645,1.7031156153068692,1.2773367114801526
90447,736573.2864838976,1.2155825193220788,1.0147067334188125,1.2155825193220788,0.7987024954542563
90460,736573.6989127132,1.0367772777531208,1.0618446990299555,1.189847895625347,1.1253802829059527
90466,736573.7732888788,1.0258924769368152,0.8827123615919752,1.1082474817307861,1.0687336243704184
90472,736574.3568239529,1.273590856021266,0.8668552532999038,1.273590856021266,0.9252612131094577
90498,736575.9057967131,1.1104120275935416,1.0560352143544116,1.1850732250971558,1.0687336243704184
90515,736576.6961068588,0.9759426559623637,1.0560352143544116,1.2131130779420443,1.1371800648339512
90521,736577.1037042324,1.2634021291730961,1.0560352143544114,1.4829567674745185,1.061608733541282
90580,736580.1041091786,1.1428802155348734,1.0780359479867956,1.2408413768664337,1.0773196450313223
90583,736580.2603650658,0.7755258605415212,0.5996176278743122,0.7993149973679481,0.7987024954542563
90669,736583.6599951778,0.879138627334518,1.0708631060628127,0.879138627334518,1.2026616421936207
90674,736584.0200608515,1.1029701127701634,0.6178986531143826,1.149603040332137,0.7717672537860696
90768,736587.1075575147,1.2773367114801524,0.8444614925896562,1.219072229903865,0.8590440301383003
90786,736587.8323290587,1.1916616881491664,0.7145613047768311,0.9544933668203336,0.6544163425939411
90816,736588.8837080221,0.7445048261198602,0.6469936415690901,0.7445048261198602,0.7380167666329767
90844,736589.9525260375,1.240841376866434,0.6469936415690901,1.0478955327424306,0.6498171799051148
90878,736591.3617660737,1.2479726491472753,0.6492774646394128,1.1231753842325478,0.6810408039496108
90938,736593.8417799555,0.8685889638065037,0.6492774646394128,0.7574903754126485,0.6140410412513843
91086,736600.5283611461,0.8025976051600139,0.7531118183293385,1.0666882011658818,0.5768617406684559
91098,736601.367498431,0.8899477088181391,0.888127774853276,0.7502207940747153,0.6317010645865478
91135,736602.4285229068,0.9258215699487926,0.6917965198458877,1.2638199208824787,0.6397136394646917
91136,736602.4302722516,0.9276192817351012,0.7673047383449678,1.2671722283649258,0.7096315063778625
91153,736603.051666217,0.9847947435447887,0.797683742271279,1.2165111537906215,1.0979354879576593
91155,736603.191377241,0.8985403073860383,0.797683742271279,1.2165111537906215,0.9518783165002779
91283,736608.6497220247,0.7896263307331851,0.7880343421631586,0.915374786212943,0.7096315063778625
91286,736608.7415245904,0.9111073046921367,0.8707658785027604,1.221453230352896,0.7473518809042574
91287,736608.742176761,0.9111073046921367,0.8042490405615773,1.2369146636485022,0.7602529223689308
91319,736610.6766023437,0.7090522153522479,0.9350838127103508,0.676237082548316,0.9299667706707745
91320,736610.6816192965,0.7090522153522479,0.9350838127103508,0.676237082548316,0.9299667706707745
91321,736610.7160353315,0.6482007192585848,1.0433501066744788,0.7061698892735802,1.3294729037854647
91322,736610.7178453509,0.6482007192585848,1.0433501066744788,0.7061698892735802,1.3294729037854647
91323,736610.7211747511,0.7543576608741346,1.0279159334988208,0.7634082689705597,1.378712640962704
91325,736610.7482080461,0.7543576608741346,1.0279159334988208,0.8117653867350502,1.378712640962704
91326,736610.764366411,0.7543576608741346,1.8424614383774318,0.8117653867350502,1.378712640962704
91327,736610.7649157089,0.8786304547175614,1.800184380946121,0.7896263307331851,1.3927811372990584
91334,736610.8755126395,0.8599890730757463,1.5305532401876711,0.8863152691903099,1.14589573061544
91426,736615.0220728782,0.9571228251311334,0.9571228251311334,0.9571228251311334,0.8666630459266668
91447,736615.4999280784,0.9845466844154325,0.9960882612459906,0.9845466844154325,0.9960882612459906
91565,736620.3190132481,2.3162372368173427,2.3937491128525688,1.41233977854716,1.737177927613007
91568,736620.4385340188,2.4296194791790313,2.1851294686956066,1.4598133845487458,1.6847630763488215
91661,736624.3128316766,2.285760431069747,2.1714724095162596,1.6703633919355834,1.6847630763488215
91664,736624.5486469888,2.055831866997642,1.8780301920140623,3.1585053229327413,1.5678501151741944
91680,736625.3987497254,1.5105895022721803,1.2276875813519488,1.0723320540821033,1.2473209663017677
91712,736626.8176881145,0.9510098143866829,1.2773367114801524,1.1542710482478453,1.1706050725155037
91734,736627.9458284309,1.4861788354103678,1.410047019166402,1.2105769530404231,1.2807612066851932
91752,736628.9088266515,1.4861788354103678,1.453029865103817,1.4598133845487455,1.3536451383997463
91787,736629.8030299932,1.5760686843263172,1.4822337266322594,1.2608549474610538,1.3803981087389425
91850,736633.1363246363,1.7371779276130075,1.5022765097282298,0.9870329134164814,1.3240685423879628
91893,736634.8296150251,1.5079669510529579,1.4928872815424283,1.411065103656775,1.426041582368887
91902,736635.3731619627,1.469417419973409,1.4009499416233933,1.3624924922454957,1.4790214553980714
91914,736635.6530322629,1.6084980811231553,1.531166442607619,1.1428802155348734,1.5283090272255198
91915,736635.683083171,1.6084980811231553,1.4380611983551388,1.0158935249198875,1.5283090272255198
91969,736637.3853787923,1.651309817122631,1.2604853036769845,1.2131130779420443,1.4107013333284284
92024,736640.1081713797,1.2214532303528962,1.2925431009025354,1.2946447970015638,1.2996343598102298
92045,736640.6097530443,1.462270982839232,1.2925431009025354,1.13541041020458,1.3637266339957186
92077,736641.4061373838,1.2063735608423662,1.387522306400166,1.2063735608423662,1.3419211519482506
92161,736644.5985170908,1.3116276299091498,1.3431788100100575,1.3571702559476622,1.3404150676026292
92162,736644.6028176739,1.1667612946654529,1.3404150676026292,1.2165111537906215,1.3381622691696837
92171,736645.0719296568,1.6084980811231553,1.3571702559476624,1.9301976973477866,1.405483760204699
92188,736646.1225921417,1.067062609098899,0.8783483903661273,1.173768870008789,0.9777736928403418
92206,736646.6395309594,1.0541128201535244,1.0541128201535244,1.0541128201535244,0.9960882612459906
92215,736647.1674365103,1.0450936730292162,0.9845466844154325,1.0450936730292162,0.9845466844154325
92218,736647.3006301812,1.3478104610790578,0.8098731597263439,1.3478104610790578,1.028592193981386
92223,736647.4202972717,1.1167572391797906,0.8371941819821724,1.1854191813736406,0.9777736928403418
92224,736647.4224569686,1.0767631782725253,0.911904423943836,1.0313061575538964,0.936289927817956
92230,736647.6121129603,1.04147357770564,0.911904423943836,1.0783835893760205,0.936289927817956
92233,736647.6756192764,1.1251152380913259,0.9289721538037472,1.2773367114801526,1.0066428388485968
92237,736647.7853836801,1.2447931009965818,1.2942550785196247,1.2447931009965818,1.230295982728759
92271,736648.8587979982,1.0395346641301242,0.9820729490274539,1.0499427035023674,1.0307622197070851
92281,736649.163193036,1.0979354879576593,0.9024300922664973,1.1135755946237227,1.0307622197070851
92296,736649.6827636502,1.0979354879576593,0.9024300922664973,1.1595241021688762,1.0307622197070851
92298,736649.7967743728,1.3787126409627042,0.9024300922664973,1.1595241021688762,1.0307622197070851
92299,736649.815712794,1.19393672000894,0.9441184389201124,1.0812310752778056,1.05124231625598
92300,736649.8351515669,1.0624941453290568,0.823864870819177,1.0624941453290568,0.9889058411459244
92303,736649.9312829381,1.1773043184124299,0.9220689637011714,1.1269118292898748,1.0282738429464178
92304,736649.9331846839,1.0789925016229858,0.9220689637011714,1.2249331540860948,1.0282738429464178
92306,736649.9447707812,1.1496030403321371,0.9709835977511725,1.1692543743549086,1.0578214714828866
92310,736650.1453718771,1.264935384184229,0.9030698111409772,1.264935384184229,1.0070596681814534
92311,736650.1488295464,1.264935384184229,0.8703296230526089,1.264935384184229,1.0501075555519042
92333,736650.7667747336,1.0708631060628129,0.9789424796999525,1.1640883020087163,1.04982126668725
92343,736651.1432199292,1.0279159334988215,0.7619201436899155,1.0279159334988215,0.8213607222756537
92361,736651.7305846169,1.0708631060628129,0.9789424796999525,1.032278904354079,1.04982126668725
92363,736651.852568373,1.4123397785471614,1.0560352143544118,1.4123397785471614,1.1104120275935419
92364,736651.8623872211,1.6703633919355854,1.1280376153331217,1.6703633919355854,0.9747257698576727
92365,736651.8720054963,1.0708631060628129,0.9789424796999525,1.1640883020087163,1.04982126668725
92366,736651.8804691005,1.557231210011661,1.264935384184229,1.557231210011661,1.0563919830079098
92367,736651.9191863874,1.557231210011661,1.1542710482478458,1.557231210011661,1.0563919830079098
92390,736653.1344441696,2.453641140696341,0.8316277313040993,2.453641140696341,1.004794431138629
92401,736653.4011197438,1.367856635915754,1.1309752132897182,1.3204899787598874,1.2792179142952922
92403,736653.4345697174,3.9157699187998185,0.8783483903661277,3.9157699187998185,1.0507124562175447
92408,736653.5804636354,0.7983354446750953,0.9129313433401689,0.9143041724278985,0.9911284856713213
92409,736653.5882194081,0.7983354446750953,0.9129313433401689,0.9143041724278985,0.9911284856713213
92410,736653.5896205985,0.7983354446750953,0.9129313433401689,0.8471283782248086,0.9911284856713213
92411,736653.5920100054,0.8530784465956733,0.9510098143866828,0.9551931420159497,1.0161518905162554
92412,736653.5952813454,0.8530784465956733,0.9510098143866828,0.9551931420159497,1.0161518905162554
92413,736653.598847433,0.8530784465956733,0.9510098143866828,0.9551931420159497,1.0161518905162554
92420,736653.6777975807,1.0242794384510654,0.8933272570794738,1.0490204876890141,0.983838632143289
92422,736653.7284802445,0.9289721538037472,1.008521293244126,1.0158935249198873,1.0560352143544118
92426,736653.9062645815,0.9289721538037472,1.008521293244126,1.0158935249198873,1.0560352143544118
92429,736654.1189682126,0.9684096508991893,1.034034480722028,1.0442724458776915,1.0728618624092188
92433,736654.208417735,1.4110651036567754,0.9971046778390986,1.6513098171226304,1.0627896108867119
92435,736654.2506712374,1.378712640962705,0.9971046778390986,2.4582706522825575,1.0627896108867119
92438,736654.3014470815,1.206373560842367,1.0124656633327342,2.0044360703227007,1.0729079574409013
92441,736654.3743636251,1.5305532401876722,1.0124656633327342,2.1476100753457508,1.0729079574409013
92442,736654.3752623084,1.2497682932467684,0.9960882612459901,1.2497682932467684,1.0668441725361355
92448,736654.4563351423,1.0733513811297097,1.0478955327424306,1.0937786951637452,1.082488738542502
92450,736654.5175373246,1.5305532401876722,1.017083095792159,2.019974334433729,1.0734364125312092
92451,736654.6089269678,1.2016052858983257,1.0089206548966778,2.6320877691106155,1.0733513811297097
92452,736654.6098478021,1.3392340851642133,1.0089206548966778,1.3392340851642133,1.0733513811297097
92453,736654.6104022472,1.1603287684438033,1.019262559568856,1.1603287684438033,1.0807328121094744
92454,736654.6147278058,2.264094455419799,0.7770676614571107,2.264094455419799,0.7864487599857681
92458,736654.8626915345,0.9712656144801161,1.0522553526290241,1.04091886474814,1.152629904577351
92466,736654.9936307685,3.177764501731113,1.0381541400077734,2.7387940300205074,1.096505454760239
92471,736655.1069413294,1.7726305383806216,2.0680689614440566,1.7726305383806216,1.7371779276130077
92488,736655.6805495307,1.0395346641301242,0.824609775765668,1.0395346641301242,0.8442009367449818
92496,736656.0609481996,1.2634021291730966,0.8471283782248088,1.3260900210786317,1.014706733418813
92509,736656.4987483463,0.8015502182778138,0.9606513885417551,0.9991437467099351,1.0719051703026117
92510,736656.4996637667,0.8132855466353031,0.9606513885417551,1.0322789043540792,1.0719051703026117
92513,736656.5240831461,0.8314916442919402,0.9362899278179557,1.0017647479450857,1.0484065766501323
92514,736656.5411469316,0.7883233169861007,1.0028114146966738,0.9840509408683955,1.1032885221560669
92518,736656.5775334246,0.9691369191704363,0.9650988486738928,1.0922376191578789,1.0731113651679187
92524,736656.6722383343,0.9240308125601103,0.9553008908193356,1.0303546427123411,1.0671420627555703
92526,736656.6921736173,0.7658720116551121,1.0451900394352118,0.8889068343049011,1.132121748625421
92527,736656.6947463852,0.7658720116551121,1.0049789663876902,0.8889068343049011,1.097495080621936
92528,736656.7035856612,0.837482471989742,1.0049789663876902,0.9958344807972651,1.097495080621936
92529,736656.7281941244,0.9895317309188015,0.9733029347136246,1.1201030013917397,1.0745430480080458
92530,736656.749142252,1.028877201516432,0.9953273076468719,1.1534380004358882,1.0931221653347154
92531,736656.7843241763,1.0631443865440682,1.012265333759459,1.209172571424367,1.1068538103503398
92532,736656.8155350983,0.9453272973566299,1.1029701127701634,1.0818723748479582,1.1770316048802516
92534,736656.8703892636,1.2634021291730964,1.1909355079613853,1.352474165096632,1.2618725866438305
92535,736656.9509405926,1.1462317704191398,1.1596148956934371,1.107266384455883,1.2303901860965019
92537,736657.0041214902,0.8811772096587718,1.0064408639611873,0.9650988486738931,1.069961136716792
92539,736657.05940571,0.8571601616511552,1.0031258413526194,0.9424111723036206,1.0650998943059518
92541,736657.0598623918,0.946404439982873,1.0793868702273801,1.0507124562175447,1.1512113503068306
92545,736657.1611974831,0.854471606824191,0.9731310413965307,0.9301199777170138,1.0346353142378457
92548,736657.2355147646,0.94088884334798,1.0446946300078221,1.03966034840822,1.115668781831662
92551,736657.3135263778,0.8183206926844584,1.0446946300078221,0.8582894899273751,1.115668781831662
92552,736657.3280480033,0.9602491057157329,0.9771625842823166,1.0469973044919283,1.0369737487172586
92553,736657.3625864736,0.8693449159072928,0.9962117687799328,0.9480819924000461,1.0538748714356565
92556,736657.3675229222,0.8714939436185655,1.038843943423061,0.9471689023738126,1.1081633195587226
92561,736657.379121097,0.9694073256769014,0.9962117687799328,1.0649011816391039,1.0538748714356565
92562,736657.3811849335,0.9520025177419926,1.071259722028021,1.0423067565678044,1.138005040940879
92563,736657.383252799,0.9668893845712471,1.0578968148925365,1.0469599117310535,1.12339548522887
92564,736657.3880449024,1.0041490911057847,1.0267665067361227,1.0857362047581298,1.0946461149964726
92565,736657.4051180107,0.9423370833749805,1.0572712106258941,1.0246512277209208,1.1212422080118376
92568,736657.4451868767,1.0432340757462455,0.9492775560726815,1.1126246333985956,1.0099871672168645
92572,736657.5110212789,0.9667514151955947,1.0063864999540595,1.0408710723301078,1.0714502020639431
92573,736657.521359287,0.9175235533167292,1.0352669413665119,0.9954118006271475,1.0982708173474205
92595,736658.1650618791,2.0929854549554308,1.0064762037155313,1.8524409180707426,1.034594326136604
92613,736658.7309524496,0.9474137912374603,1.0455709781581517,1.0235896879874622,1.106932790100479
92617,736658.842136782,1.0500350142728527,0.9740740567851927,1.1269921680529247,1.027269282810913
92618,736658.8614703115,1.0314033497278245,0.9891739826429813,1.1026313627355289,1.0407456381106384
92622,736658.966935078,0.9400313461109346,1.0513180541750187,1.0158935249198875,1.100368768164573
92623,736658.9764900579,1.0450936730292162,4.342944819032511,1.0450936730292162,2.8713684753933975
92626,736659.1806328432,0.9240308125601101,1.107187971710011,0.9870329134164813,1.1469044416459113
92684,736661.0188421181,1.108500044967279,1.0830945108292775,1.0496543369262885,1.0472981349129213
92685,736661.0194918804,1.069690842126236,1.0322789043540788,1.0190484737550423,0.9974227335577076
92686,736661.0210001416,1.0227949754967884,1.0838008461043718,0.9788756166113864,1.0485983466476907
92689,736661.0457730772,1.060980004649638,1.0323196640044123,1.0754561095929032,0.9981439781078488
92690,736661.0553200478,1.0906049769767756,1.131376980683427,1.0355755157156528,1.0890032144013337
92691,736661.0581524951,0.9950575712491357,1.0482148767823956,0.9620447383932793,1.0118697155248177
92692,736661.0818778758,1.185134589700775,1.1273721064155209,1.1152096013656505,1.0857362047581298
92694,736661.0979614796,1.2349606120471617,1.0910729747432866,1.1517950378089363,1.0484360751610535
92695,736661.1068285073,1.1275326745921488,1.1814042677439138,1.0663480582445914,1.1314285099683914
92696,736661.1071579951,1.0754561095929032,1.0910729747432866,1.031449394520223,1.0484360751610535
92697,736661.1134535519,1.065368858925726,1.0944686675309827,1.0231364111793906,1.051993032032557
92704,736661.3242095201,1.210713034082806,1.185356599852081,1.135198421703795,1.135550446022316
92709,736661.4302636721,1.1716577749188448,1.185356599852081,1.1027641810836866,1.135550446022316
92716,736661.6505828011,1.0899939937963967,1.0870618899898246,1.0704441455361842,1.0408893752908124
92718,736661.7396636135,2.5697898337470524,1.0309661291471854,0.9627217579136124,0.9386248154184993
92722,736662.1291395065,2.541084734540303,0.8174954953472978,2.541084734540303,0.6506284373082424
92723,736662.1298008509,1.957884959399906,1.0350613272768665,0.8705234603851373,0.9417561742689363
92724,736662.1315986471,2.0437387383682437,1.069690842126236,1.104138513313352,0.9714955270412425
92726,736662.3381018403,1.8957298813237182,1.0349822666805268,1.104138513313352,0.9477977781208923
92728,736662.5263809053,0.9339666277489285,0.7857301481802254,0.9339666277489285,0.4863320066105843
92730,736662.799788578,1.1051791716670876,1.2155180834609964,1.0561324909953804,1.1642168973950267
92759,736663.9044059365,1.7115053474019788,0.9699485916320533,1.6920564229996826,0.8747853601072639
92791,736665.0432720908,0.8351816959677919,0.9047801706317744,0.8351816959677919,0.8707658785027607
92800,736665.2377072998,1.8780301920140623,1.1254142720416491,5.011090175806755,1.1175085054019094
92810,736665.4085734315,3.6700942132669168,1.1438836222210322,3.6700942132669168,1.1063020766967224
92820,736665.7886053589,1.114818424528437,0.9870329134164814,1.0137592948255179,0.9798747375738156
92822,736665.8114013899,0.9099503430353846,0.6248841466233839,0.9099503430353846,0.5257802444349295
92824,736665.9281391812,1.0528351076442468,1.1886564591477522,1.0272871105378714,1.0503866539055393
92842,736666.9769983668,0.9186998655645712,0.585127295977435,0.9186998655645712,0.5529212153860846
92848,736667.1929340076,2.5011724088668954,1.2624839590210808,2.5011724088668954,1.0340344807220283
92854,736667.4168388161,1.1199571166559505,0.9277653481766927,1.0152338537998096,1.0080336137019383
92859,736667.5642487953,2.025207428564387,1.0848010314551508,5.527384315132284,1.2243227367671938
92881,736668.3418516555,3.068384926490366,1.243977454482777,3.068384926490366,1.1320472277098983
92889,736668.4009292887,5.241485126418549,1.0953202570069402,4.136137922888115,1.057379216674584
92891,736668.4098800025,5.241485126418551,1.1284133773635454,4.136137922888115,1.057379216674584
92906,736669.1749907831,1.3842055200103645,1.1998926591340797,1.0450936730292155,1.0976446132986333
92909,736669.3720042554,1.223364737755639,1.2026616421936196,1.0901557551167107,1.0818023779292958
92911,736669.3846104707,1.35113838814345,1.2072799271540426,1.0807328121094744,1.0847676622025917
92912,736669.3860146528,1.4100470191664016,1.2072799271540426,1.0729079574409015,1.0847676622025917
92913,736669.3933906598,1.2330127246464566,1.2072799271540426,1.0207776284050791,1.0847676622025917
92914,736669.4106631156,1.5015500704101796,1.2054923529819983,1.116879973242784,1.0843094817558194
92916,736669.442652208,1.2030318058261822,1.2211596823523296,1.0561324909953802,1.0932760395133945
92922,736669.7227241506,1.2033348365077505,1.2138665643258584,1.0062430071901105,1.0932760395133945
92923,736669.7243117247,1.956281450014648,1.2603055553270828,1.2008142356771938,1.1169736021051375
92945,736671.1887713127,0.9527484063691082,1.1521445356313236,0.887102405308596,1.0214549858227333
92946,736671.2063333199,0.9952581876949522,1.1521445356313236,0.9099503430353849,1.0214549858227333
92948,736671.2196212906,0.9952581876949522,1.1650224551801087,0.9099503430353849,1.0277062403259325
92952,736671.2590278322,0.8419279132211668,1.1197836815623912,0.8628367190130831,1.0060217680522914
92953,736671.2605574953,0.909151089330479,1.093650782791489,0.8973026485604376,1.0226714644503574
92956,736671.3026014729,1.0979354879576593,1.7143203233023103,4.1183097421860095,0.9240308125601107
92957,736671.303490292,0.9032120940795532,1.093650782791489,0.9040268149526474,1.0226714644503574
92964,736671.3858041229,0.9631530848660829,1.1046312123375885,1.0022180351613503,1.026614224845171
92967,736671.4097777467,0.8915135992148865,1.0801967343256902,0.8884072800538588,1.0157961424884339
92970,736671.5147286803,0.9127029392012297,1.0857362047581296,0.9085658617222842,1.0157961424884339
92980,736672.0980559239,0.9127029392012297,1.087611396821615,0.951565473057081,0.9961684293153059
93010,736672.5731707116,1.0194706147963655,0.7780520034097346,1.677532333531875,0.8606992209478154
93017,736673.0654163036,0.9116868894915594,1.0496543369262885,0.9510098143866829,1.0610395935294274
93020,736673.1729679968,0.9095172395879618,1.0582224217915495,0.8739672236443149,1.0047944311386288
93022,736673.3010524359,0.9095172395879618,1.0582224217915495,0.8739672236443149,1.0047944311386288
93063,736675.0023696773,0.7920264107658089,1.0361797804745636,0.9011697150426614,1.0047111148508066
93070,736675.2934648121,1.0696908421262363,1.0637671015734604,1.0226059400893484,1.0173295618089098
93074,736675.3524691676,0.8100184024020481,1.0412654910767278,0.9013029217054418,1.0066428388485968
93082,736675.4792859817,0.8256549085613152,1.2773367114801526,2.0013570594619905,1.3117465984016587
93083,736675.5432825444,0.8351816959677919,0.8163430110963382,1.8171317234445699,1.2925431009025352
93088,736675.5750807096,0.8636537992394213,1.0792606409126537,0.9296823771629243,1.020368826791781
93089,736675.7611827701,0.8636537992394213,1.0792606409126537,0.9296823771629243,1.020368826791781
93090,736675.8323519767,0.8889068343049016,1.0792606409126537,0.9886973871321924,1.0020937059174402
93097,736676.2620367485,0.9441184389201126,1.0057345896706886,1.020154823262672,1.0538837481897094
93112,736676.5996626377,0.9704904623536355,0.9913243608661185,0.9941973064228544,1.0557957288649447
93117,736676.640838644,1.052126604880018,1.0111068869144446,1.0912937190681993,1.062736679602552
93120,736676.6864253135,0.9175235533167293,0.9913243608661185,0.998111315972198,1.0557957288649447
93129,736677.1533388586,0.8610547348763357,0.9394767553462675,0.9329957684685243,1.0188280912996452
93133,736677.2530322876,0.8610547348763357,0.9394767553462675,0.9468629692658107,1.0188280912996452
93147,736677.5390467908,0.6792094013206328,0.7701444166364528,0.8056477345451627,0.9493549849108605
93150,736677.621181732,0.6792094013206328,0.7701444166364528,0.7920264107658085,0.9361017572049191
93153,736677.713082032,0.7152150662633605,0.7999284394227202,0.8100558928400005,0.9544933668203336
93162,736677.938918942,0.7427178358381442,0.7908245497479547,0.8327552529231441,0.9481176372602762
93164,736677.97619792,0.7818082482506781,0.8237755726541195,0.8659648279641877,0.9622686467716235
93204,736678.8435793854,0.7818082482506781,0.8237755726541195,0.8659648279641877,0.9521508601936475
93206,736678.8717825643,0.9071425209467401,0.8429628918929577,1.1199571166559503,0.8715387873946083
93207,736678.9094647306,0.7944411254327778,0.8042490405615775,0.8721802944306297,0.955558649595803
93243,736679.6407908335,0.7944411254327778,0.8042490405615775,0.8636537992394211,0.955558649595803
93250,736679.7671394559,0.7944411254327778,0.8042490405615775,0.8721802944306297,0.9456299958187997
93252,736679.9395849196,0.8173206673970521,0.8212113839625126,0.8617990320389242,0.9401528364303029
93253,736679.9621223322,0.8173206673970521,0.8212113839625126,0.8874837797627425,0.9305271791700073
93261,736680.047979642,0.8173206673970521,0.8212113839625126,0.8874837797627425,0.9305271791700073
93264,736680.1300378882,0.7915034139282717,0.8154347017654937,0.9132360600769311,0.9541849683173221
93265,736680.1302791379,0.82395791033028,0.8438754679591293,0.9569200448715718,0.9672795110175716
93266,736680.1308715509,0.82395791033028,0.8438754679591293,0.9391389112886774,0.9672795110175716
93267,736680.1350239025,0.82395791033028,0.8438754679591293,0.856221322481767,0.9672795110175716
93279,736680.541722698,1.101028263980075,0.7976837422712788,0.8827123615919752,1.0192371927895434
93289,736680.7647823596,0.8120689639178231,0.8162371986516076,0.8763212097751074,0.9280963158209026
93320,736681.6172339013,1.4265147215800242,0.8053537782546565,0.9551493760071517,0.9240308125601103
93335,736682.4152437566,0.8120689639178231,0.7792723622832676,0.9146147377038591,0.9717162713100544
93342,736682.5147795121,0.7830552378283319,0.7958275846394667,0.9778083067490375,0.9486014324572453
93411,736685.914052255,0.6832558220700126,0.8592157016071528,0.5456767326204938,0.9004921129510554
93412,736685.9297979983,1.0170830957921584,0.8781689891426048,0.813285546635303,0.8863152691903099
93417,736686.1357314774,0.7761858825504926,0.7921310930828542,0.8551833863981008,0.9277108773458311
93418,736686.1390632248,0.7761858825504926,0.7921310930828542,0.8281038849850141,0.9277108773458311
93419,736686.1477206387,0.7883233169861006,0.8030098278642559,0.847600754643893,0.9309635196211185
93420,736686.1479232465,0.7883233169861006,0.8030098278642559,0.8904038583357291,0.9309635196211185
93421,736686.1497959842,0.82144515491569,0.8338987747758292,0.8085269609900965,0.9451289117409332
93423,736686.1754697906,0.82144515491569,0.8458169685007151,0.9308867707736641,0.9494449181241752
93425,736686.2269340231,0.8365806602826459,0.8482314099672886,0.9020395989336256,0.9404910191408177
93426,736686.2280160934,0.8365806602826459,0.8599890730757461,0.9350838127103508,0.9447704544166045
93428,736686.2747718265,0.8207701794391775,0.8451838719674062,0.9480959581955326,0.9515524423761766
93432,736686.3873593073,0.8436803071201007,0.86110112791162,0.9624254446609459,0.9640945834827649
93434,736686.4773929503,0.7965528774940024,0.810250899073231,0.8937772312321365,0.9308388091697293
93440,736686.6604800855,0.7950471064590422,0.8082789212229454,0.8667048228871835,0.9161707341953592
93442,736686.675566621,0.7950471064590422,0.8082789212229454,0.8794416479729785,0.912886402346601
93443,736686.6821050779,0.7950471064590422,0.8082789212229454,0.9187678217644056,0.912886402346601
93444,736686.6825925709,0.8194235507608524,0.8310383424087738,0.8577735580742629,0.9233970465706999
93449,736686.714262537,0.8194235507608524,0.8310383424087738,0.8577735580742629,0.9233970465706999
93450,736686.7159231311,0.8194235507608524,0.8310383424087738,0.8941356980361067,0.9233970465706999
93451,736686.720579168,0.8489967315401913,0.8587743992437182,0.9017912790817875,0.9366844354640487
93453,736686.7386317933,0.8205703996772425,0.8313227706398879,0.9096038272916547,0.9108040066546225
93454,736686.7454262614,0.8205703996772425,0.8313227706398879,0.7976023542759446,0.915374786212943
93455,736686.7542926993,0.8074532200060457,0.8183941241895448,0.8331788621645118,0.8988354914554818
93458,736686.908676214,0.8351816959677919,0.8446128569009289,0.8371449815718534,0.9081368592917912
93459,736686.9235051936,0.8351816959677919,0.8446128569009289,0.8426085340079259,0.9081368592917912
93460,736686.9783003652,0.8554717306039102,0.8637304798573062,0.9014266488725762,0.9224974059677438
93464,736687.0827439702,0.8554717306039102,0.8637304798573062,0.8731445003299646,0.9328156125386747
93466,736687.089371288,0.8554717306039102,0.8637304798573062,0.8755116137758945,0.9328156125386747
93467,736687.1793509454,0.851019528381846,0.8762562056055522,0.9229596794698164,0.9288119309417597
93469,736687.2174145861,0.8194235507608524,0.8430422295769006,0.8470595339844,0.9080833839994977
93470,736687.2178375833,0.8194235507608524,0.8430422295769006,0.8811280943803783,0.9080833839994977
93471,736687.219447142,0.8194235507608524,0.8430422295769006,0.8829155174864728,0.9080833839994977
93472,736687.2217930965,0.8332394129539132,0.8564972380922601,0.8574054149162912,0.9152073375636522
93474,736687.224099891,0.8332394129539132,0.8564972380922601,0.8574054149162912,0.9152073375636522
93475,736687.2491253476,0.8332394129539132,0.8564972380922601,0.8384063357205633,0.9152073375636522
93477,736687.2626716126,0.8332394129539132,0.8564972380922601,0.9061531299195316,0.9152073375636522
93478,736687.2703801363,0.857492008403633,0.8806666782510899,0.8625007234059908,0.9288957329289689
93480,736687.2781574199,0.8397959594814262,0.8618854106128482,0.8809880549502478,0.9166432940714622
93481,736687.2787221244,0.8397959594814262,0.8618854106128482,0.8403392609902363,0.9166432940714622
93482,736687.2815254271,0.8397959594814262,0.8618854106128482,0.8502753410756437,0.9166432940714622
93483,736687.2825325935,0.8529515192862556,0.8747357556026303,0.8529515192862556,0.9237374694450119
93487,736687.468178765,0.8529515192862556,0.8747357556026303,0.8512239943223281,0.9262558609563679
93488,736687.4766345425,0.8317233866677184,0.852437516132416,0.8358120217760695,0.910198015964899
93489,736687.4772993091,0.8317233866677184,0.852437516132416,0.8582894899273752,0.910198015964899
93490,736687.4836305173,0.8448420520725721,0.852437516132416,0.876527324481049,0.910198015964899
93491,736687.4863868124,0.8157780678360638,0.8355937244315156,0.8351816959677919,0.8974764882727838
93495,736687.50584302,0.8157780678360638,0.8355937244315156,0.835788218622816,0.8974764882727838
93497,736687.5246170282,0.8157780678360638,0.8355937244315156,0.8704542228554797,0.8918041838300153
93499,736687.5676224848,0.8157780678360638,0.8355937244315156,0.8748378052727375,0.8963188275333156
93500,736687.5818876192,0.8096312043129454,0.8288062631741446,0.8395283665044274,0.8860327332422097
93504,736687.7074856195,0.8096312043129454,0.8288062631741446,0.8331048675941598,0.8860327332422097
93505,736687.7202466542,0.8096312043129454,0.8288062631741446,0.8298620673310544,0.8860327332422097
93506,736687.809335628,0.805367606681969,0.8239737972250496,0.8260173028152558,0.881609660328275
93507,736687.8106026176,0.812320883121958,0.8306178615635963,0.815282059890581,0.8854938463272974
93508,736687.8393552862,0.812320883121958,0.8306178615635963,0.815282059890581,0.8854938463272974
93509,736687.8562290345,0.7883615795360686,0.8507819007671903,0.86727986212782,0.9137383901429803
93513,736688.0201213338,0.8216382090061519,0.8396880720251719,0.8226450157566956,0.8912015401996286
93520,736688.2224945178,0.8106830328860699,0.8285120994605069,0.8221449840081485,0.886847590673307
93521,736688.2553667102,0.8106830328860699,0.8285120994605069,0.8668836189822761,0.886847590673307
93522,736688.266525085,0.7987451976834828,0.81592473115897,0.8244234232739694,0.8767208675051017
93524,736688.28342823,0.7987451976834828,0.81592473115897,0.8094271943300185,0.8767208675051017
93533,736688.3959944827,0.9510098143866829,0.830723430686825,1.3657059179347542,0.8158388363082185
93535,736688.5026811718,0.8110434966623644,0.7978687767742414,0.814916853781579,0.8539498239670681
93536,736688.5297404578,0.8110434966623644,0.7978687767742414,0.8094271943300185,0.8539498239670681
93561,736688.9243731309,1.0618446990299557,0.8823138458531077,0.8827123615919752,0.718584458164636
93562,736688.9354338759,1.0053113007019718,0.8066808951118717,1.244396796284389,0.7870063352509156
93567,736689.008647888,1.0618446990299557,1.077653801248764,0.847863413693984,0.9870329134164814
93572,736689.0692565632,0.8296162915077667,0.7967081812330344,0.8235858783129733,0.8363471741926982
93577,736689.1209321095,0.8296162915077667,0.7967081812330344,0.8385767435123764,0.8363471741926982
93578,736689.1337865122,0.8296162915077667,0.7967081812330344,0.8235858783129733,0.8363471741926982
93579,736689.1553610646,0.8296162915077667,0.7967081812330344,0.8213607222756535,0.8363471741926982
93583,736689.2272975299,0.834088049050331,0.8013456144223662,0.8270893908615219,0.8554473094868504
93589,736689.2747011683,0.834088049050331,0.8013456144223662,0.8785075979772141,0.8554473094868504
93594,736689.34444005,0.8420185991230649,0.8090305449644408,0.856315113841443,0.8604759052710905
93596,736689.3687902805,0.8420185991230649,0.8090305449644408,0.8309763500666448,0.8604759052710905
93598,736689.4028456766,0.8566700757954367,0.8226572664307847,0.8568782937913549,0.8700594868829254
93599,736689.4217618578,0.8656420970929956,0.8312667817679428,0.9053605299458424,0.8799194332205769
93602,736689.4626909519,0.8656420970929956,0.8312667817679428,0.8742291518831692,0.8758880307292474
93603,736689.467897505,0.8656420970929956,0.8312667817679428,0.9076894316305903,0.8758880307292474
93611,736689.5719390581,0.8656420970929956,0.8312667817679428,0.9108177885482879,0.8799194332205769
93614,736689.6899085362,0.8814433459347182,0.8459183519736106,0.8759355197788422,0.8863152691903097
93616,736689.7292447116,0.9001873778874508,0.8459183519736106,0.8863152691903099,0.8863152691903097
93620,736689.8977238998,0.8629533500916194,0.8301731100849264,0.8617496806269247,0.8737844388483043
93628,736690.0356782735,0.8629533500916194,0.8301731100849264,0.8980780952937613,0.8737844388483043
93633,736690.1036117974,0.8629533500916194,0.8301731100849264,0.8840946233545682,0.8737844388483043
93634,736690.1043446058,0.8703296230526089,0.8373493903955911,0.889616257157499,0.8786643146140783
93638,736690.1564488144,0.870295425424984,0.837918002944024,0.8984491867788599,0.8785302269003762
93639,736690.1634506638,0.870295425424984,0.837918002944024,0.8520882080319173,0.8785302269003762
93640,736690.165529682,0.870295425424984,0.837918002944024,0.8675212453506873,0.8785302269003762
93642,736690.1735307387,0.870295425424984,0.837918002944024,0.9009717153134206,0.8823397125738891
93643,736690.1944637911,0.8866632531986296,0.8531066577946741,0.9154054120213073,0.8896162571574989
93647,736690.2605841106,0.9015905813110986,0.8670125773023175,0.8995438552976276,0.8997335880067366
93672,736690.5969784386,0.883486979539922,0.8496717438491083,0.876953753454842,0.8997335880067366
93679,736690.9473818298,0.8899477088181389,0.8361093320610549,0.8955945851431271,0.8997335880067366
93680,736690.9497531715,0.8758014463054901,0.8428270794900165,0.9066964977707828,0.9040649293901682
93681,736690.954177141,0.8758014463054901,0.8428270794900165,0.885775655632203,0.9040649293901682
93683,736690.9996631396,0.8912120386333503,0.8571601616511548,0.9162330841840756,0.9143041724278985
93684,736691.048782387,0.8914642734652342,0.8579811962887517,0.9110162940733483,0.9052576271861976
93688,736691.2779963737,0.8842330876651955,0.8509398411747313,0.896539914068644,0.8813452770266259
93690,736691.3324477016,0.8270789630209251,0.8002075880964439,0.8505909523509617,0.8414865401748967
93691,736691.3362991388,0.8270789630209251,0.8002075880964439,0.8505909523509617,0.8414865401748967
93692,736691.3369236329,0.8128908846715979,0.787835794835831,0.838637620226969,0.8310836503546034
93693,736691.3407377052,0.8128908846715979,0.787835794835831,0.838637620226969,0.8310836503546034
93695,736691.3523940142,0.826511989781275,0.8006075507272106,0.8475785655615966,0.8407072793520435
93698,736691.3563982876,0.826511989781275,0.8006075507272106,0.8494465073038812,0.8407072793520435
93700,736691.3580436973,0.8334643929603188,0.8073423061021988,0.8548169135329178,0.8455477866210792
93701,736691.360295701,0.8334643929603188,0.8073423061021988,0.8480933739363745,0.8492963069571074
93705,736691.3726674726,0.8334643929603188,0.8073423061021988,0.8529515192862556,0.8455477866210792
93707,736691.3838307487,0.8105692687781714,0.7869586742104376,0.8356219604358825,0.8286891174125653
93709,736691.387698126,0.8105692687781714,0.7869586742104376,0.8338636817185003,0.8286891174125653
93710,736691.3924825339,0.8105692687781714,0.7869586742104376,0.8338636817185003,0.8286891174125653
93712,736691.4010852921,0.8105692687781714,0.7869586742104376,0.8356219604358825,0.8286891174125653
93714,736691.4063759927,0.8159727875085392,0.7922672214714231,0.8397646109443593,0.8324485160370887
93717,736691.456484621,0.8159727875085392,0.7922672214714231,0.8397646109443593,0.8275194785735921
93719,736691.47650536,0.8159727875085392,0.7922672214714231,0.8380128203609033,0.8275194785735921
93721,736691.4969423289,0.8215253104293638,0.7977104304757109,0.8440550956917307,0.8314767106249511
93723,736691.4992881307,0.8215253104293638,0.7977104304757109,0.8423089253360199,0.8314767106249511
93726,736691.5110668542,0.8079897337734918,0.7857093048731137,0.8324433953252746,0.821290544496922
93730,736691.5559940692,0.8079897337734918,0.7857093048731137,0.8324433953252746,0.821290544496922
93731,736691.5574167658,0.8079897337734918,0.7857093048731137,0.836853731395155,0.821290544496922
93733,736691.5979174762,0.8047376487271676,0.7830724773870881,0.8293818230791266,0.818687982043832
93735,736691.6353443961,0.8047376487271676,0.7830724773870881,0.8293818230791266,0.818687982043832
93736,736691.6860896845,0.8032893161694992,0.7820722240238637,0.8172207992803124,0.8174276120853943
93737,736691.6886554272,0.8143855947155967,0.7919117904458716,0.8172207992803124,0.8174276120853943
93738,736691.6918754468,0.8143855947155967,0.7919117904458716,0.8172207992803124,0.8174276120853943
93739,736691.6992986664,0.8112762241036943,0.7894020687818266,0.8146938332961435,0.8151315024810051
93742,736691.7188305671,0.8051957728047342,0.7841428145475379,0.8097536953117039,0.8106333388882837
93744,736691.7251858902,0.8051957728047342,0.7841428145475379,0.8097536953117039,0.8106333388882837
93748,736691.7616789145,0.8123679441776978,0.7841428145475379,0.8155280263930803,0.8106333388882837
93750,736691.8069783741,0.8177360059372789,0.7959854430884371,0.8198102537107158,0.8197750838156619
93751,736691.8118856049,0.8177360059372789,0.7959854430884371,0.8198102537107158,0.8197750838156619
93759,736691.9156832864,0.8191857609898828,0.7976351504253804,0.8209533963632064,0.8208156485323723
93762,736691.9568018556,0.8217728155279419,0.8003258745100575,0.8230216666527997,0.8227005550682521
93763,736691.9574705933,0.8217728155279419,0.8003258745100575,0.8230216666527997,0.8227005550682521
93765,736691.9840602475,0.8335070262823795,0.8114356688687888,0.8324813394450322,0.8313167407066873
93766,736691.9966826753,0.8444959899748674,0.82186033342059,0.8413453985210595,0.8393926961155286
93767,736691.9989530151,0.8415141603854077,0.8194235507608524,0.8389779764040091,0.837259262375672
93768,736692.0055270393,0.8491791545594308,0.8267901294826581,0.8451985843783582,0.84294200493301
93771,736692.0423286312,0.8491791545594308,0.8267901294826581,0.8451985843783582,0.84294200493301
93772,736692.0544829067,0.8452551594059998,0.8234674591931789,0.8420686410872052,0.8401135365670724
93774,736692.0849605656,0.8452551594059998,0.8234674591931789,0.8420686410872052,0.8401135365670724
93775,736692.1016473064,0.8209294485963278,0.8012413777322523,0.8222442858753476,0.8220084830976375
93776,736692.1044449096,0.8209294485963278,0.8012413777322523,0.8222442858753476,0.8220084830976375
93778,736692.1248491105,0.8275514794815291,0.8076391307399925,0.8276704258969895,0.8269839957717987
93779,736692.1333740242,0.8520093229279063,0.8123647704811011,0.8476795352698474,0.8211626321921413
93782,736692.2262092624,0.831293110730487,0.8113662887081401,0.8307439611326815,0.8298081346562425
93791,736692.4035675391,0.8683542734623247,0.8456669388841183,0.819593485134714,0.8195797504464721
93801,736692.6336974595,0.8584754177887187,0.8362538162450289,0.819593485134714,0.8195797504464721
93803,736692.7661617516,0.8469448184462115,0.8253156564160408,0.819593485134714,0.8195797504464721
93804,736692.8134279829,0.8469448184462115,0.8253156564160408,0.819593485134714,0.8128506345782788
93805,736692.8225298357,0.8485946782370821,0.8271225531423028,0.8211075284648409,0.814302153568597
93806,736692.8229359679,0.8485946782370821,0.8271225531423028,0.8211075284648409,0.814302153568597
93807,736692.9211567891,0.8576939327686318,0.835816171806714,0.8281604842526638,0.8208173916145375
93808,736693.0583583218,0.8463293427372499,0.8250275112143842,0.8281604842526638,0.8208173916145375
93811,736693.1231547507,0.8463293427372499,0.8250275112143842,0.8281604842526638,0.8208173916145375
93815,736693.2711916127,0.8413034466188646,0.8206459628206647,0.8245542577036088,0.8175907301440527
93817,736693.299517566,0.8596486181774583,0.8206459628206647,0.8385767435123764,0.8175907301440527
93819,736693.3842942923,0.8072388139465647,0.8404956834288808,0.7311354914196159,0.8966776616410423
93824,736693.6022570612,0.840136346214699,0.812258321752499,0.8238413694250981,0.8113193617972836
93825,736693.6841611754,0.840136346214699,0.812258321752499,0.8238413694250981,0.8113193617972836
93826,736693.7224461193,0.840136346214699,0.812258321752499,0.8238413694250981,0.8113193617972836
93828,736693.8097798126,0.840136346214699,0.812258321752499,0.8311856112980895,0.8113193617972836
93829,736693.8114273052,0.850022678976233,0.8216097402001852,0.8315171572140441,0.8183741609227027
93832,736693.9093324571,0.860661815505792,0.8312875972626658,0.8368407776045973,0.8207767272666958
93833,736693.9101502047,0.860661815505792,0.8312875972626658,0.8368407776045973,0.8207767272666958
93834,736693.9150020095,0.860661815505792,0.8312875972626658,0.8368407776045973,0.8207767272666958
93836,736693.954025489,0.8674623892749774,0.8378330664311815,0.8421222640783274,0.8257152855198938
93837,736693.9788764121,0.874418419939433,0.8445201398215884,0.8475291485988946,0.8307691856411268
93838,736694.0340576945,0.874418419939433,0.8445201398215884,0.8475291485988946,0.8307691856411268
93840,736694.0748002512,0.874418419939433,0.8445201398215884,0.8475291485988946,0.8307691856411268
93841,736694.1152809906,0.874418419939433,0.8445201398215884,0.8475291485988946,0.8335024785202239
93842,736694.1399753009,0.878823362457912,0.8488864149170704,0.851057185779447,0.8341223968426291
93843,736694.1627104736,0.8685889638065035,0.8399091395298738,0.8436957621124914,0.827595896057844
93844,736694.169778349,0.8685889638065035,0.8399091395298738,0.8436957621124914,0.827595896057844
93845,736694.1795414466,0.8685889638065035,0.8399091395298738,0.8436957621124914,0.827595896057844
93847,736694.2031592444,0.8685889638065035,0.8399091395298738,0.8436957621124914,0.827595896057844
93850,736694.2159008995,0.879446325854085,0.8501519339143845,0.8520491854997437,0.8353304371424969
93851,736694.2184207799,0.8858743163200657,0.8563553164289474,0.8571054155208837,0.8400727334064676
93854,736694.3973075392,0.8858743163200657,0.8563553164289474,0.8571054155208837,0.8400727334064676
93864,736694.6954284963,0.8858743163200657,0.8563553164289474,0.8571054155208837,0.8400727334064676
93865,736694.8146219115,0.8786614240332259,0.8497725711594024,0.8599890730757461,0.8428439133619919
93867,736694.8987514494,0.8865332513027521,0.8572928695256944,0.8661143513740063,0.8485598924707085
4,736695.0651185716,0.889636460556249,0.8597863888728059,0.8661143513740063,0.8485598924707085
6,736695.1408295396,0.87181791906229,0.8431916256835065,0.8521883576776137,0.8360430040076351
8,736695.1621067033,0.87181791906229,0.8431916256835065,0.8521883576776137,0.8360430040076351
14,736695.4334089383,0.87181791906229,0.8431916256835065,0.8521883576776137,0.8386376202269689
19,736695.6586526487,0.8608205829361046,0.8334643929603187,0.8442861475953479,0.8289742644437069
20,736695.6754751247,0.8608205829361046,0.8334643929603187,0.8442861475953479,0.8289742644437069
21,736695.6933269013,0.8679615217425933,0.8403148409236604,0.8497065950281013,0.8340561141672962
28,736695.900850029,0.8748378052727375,0.8469234794485181,0.8549412773605642,0.8408554846632252
29,736695.9295567916,0.8714596544328709,0.8441380680425137,0.8526216849787203,0.8388287776095728
35,736696.0796966067,0.8714596544328709,0.8441380680425137,0.8526216849787203,0.8388287776095728
36,736696.0903085272,0.7638345159102418,0.8378354734856196,1.0099871672168648,0.8267398324640743
43,736696.4205857127,0.8714596544328709,0.8526977779448051,0.8526216849787203,0.8452711392747854
44,736696.5499224704,0.8718329935499455,0.8532496443573823,0.8530647229032199,0.8457465776078639
45,736696.5739767652,0.8718329935499455,0.8532496443573823,0.8530647229032199,0.8457465776078639
49,736696.6555878585,0.8760403414232069,0.8573481766021641,0.8563553164289474,0.8488777350436262
50,736696.6568927286,0.8760403414232069,0.8573481766021641,0.8563553164289474,0.8488777350436262
51,736696.6582209292,0.8739518501597564,0.8556137227364348,0.8549699730847987,0.8476470944150724
52,736696.6635962662,0.8739518501597564,0.8556137227364348,0.8549699730847987,0.8476470944150724
53,736696.6683416115,0.8772630251790606,0.8588798868250037,0.857605593919465,0.8501686432037555
55,736696.6904186853,0.8772630251790606,0.8588798868250037,0.857605593919465,0.8501686432037555
56,736696.7000029833,0.8757899030090222,0.8577062394776473,0.86110112791162,0.8493556216307334
57,736696.7096994307,0.8757899030090222,0.8577062394776473,0.8566700757954367,0.8493556216307334
59,736696.7162113368,0.8757899030090222,0.8577062394776473,0.8566700757954367,0.8493556216307334
60,736696.7270373651,0.8796082317648768,0.8614408377063868,0.85969556144671,0.852242669972603
61,736696.7289626632,0.8792934052618654,0.8613356112903744,0.8596253490556668,0.8522370975446709
62,736696.7466609849,0.8792934052618654,0.8613356112903744,0.8596253490556668,0.8522370975446709
64,736696.7477956496,0.8843745744909661,0.8662428893146098,0.8636122154463046,0.856024729868117
65,736696.748441005,0.8843745744909661,0.8662428893146098,0.8636122154463046,0.856024729868117
66,736696.7503044208,0.8843745744909661,0.8662428893146098,0.8636122154463046,0.856024729868117
69,736696.8015765945,0.8843745744909661,0.8662428893146098,0.8636122154463046,0.856024729868117
80,736697.0482072401,0.8843745744909661,0.8662428893146098,0.8636122154463046,0.856024729868117
83,736697.1784262529,0.8669288872139662,0.8501829413645896,0.8505767502713458,0.84388015292875
85,736697.183411025,0.8625961902740733,0.8463085946812222,0.8474038671282963,0.8409575029938489
86,736697.1838582024,0.8625961902740733,0.8463085946812222,0.8474038671282963,0.8409575029938489
87,736697.1879842123,0.8625961902740733,0.8463085946812222,0.8474038671282963,0.8409575029938489
88,736697.188537048,0.8678581359025856,0.8527521383794564,0.8556121790903009,0.8458974295843209
89,736697.217336168,0.8625961902740733,0.8463085946812222,0.8474038671282963,0.8432902561228192
90,736697.2310712218,0.8658830791840536,0.8495387020039898,0.8500425802376814,0.8400538028831709
91,736697.2345466252,0.8658830791840536,0.8495387020039898,0.8541877813766818,0.8400538028831709
92,736697.2631628783,0.8658830791840536,0.8495387020039898,0.8541877813766818,0.8400538028831709
93,736697.2671625753,0.8738138300065428,0.8571037732450203,0.8562366967064757,0.8459417055477454
94,736697.2675507521,0.8742986694026024,0.8577188633599613,0.8567477349494782,0.8465005890607008
95,736697.2698799974,0.878887034105109,0.86216498937586,0.8604012742611156,0.8500074065471017
99,736697.34544854,0.878887034105109,0.86216498937586,0.8604012742611156,0.8500074065471017
103,736697.3857519818,0.878887034105109,0.86216498937586,0.8604012742611156,0.8500074065471017
114,736697.5343603707,0.9043916862304728,0.8699671295562956,0.8717329185948787,0.8534887777388168
119,736697.6775968316,0.9009496025935368,0.862610475363391,0.8674785912097549,0.8528441487526092
121,736697.7393439732,0.9009496025935368,0.862610475363391,0.8633398574730672,0.8528441487526092
122,736697.7547741223,0.9091806662808615,0.870295425424984,0.8695551361800369,0.8587558811973732
123,736697.7920137866,0.9112347501117328,0.8724855009954152,0.875482527011317,0.860505427968016
124,736697.7971484552,0.9138279723380925,0.8751526083692731,0.8735024148902613,0.8626219547958854
125,736697.8000056774,0.9138279723380925,0.8751526083692731,0.8735024148902613,0.8626219547958854
126,736697.8007816429,0.920191881057991,0.8811772096587717,0.8783942954769439,0.867294494411859
127,736697.8018472189,0.922506323696328,0.8835933796879979,0.880372409908354,0.8692328399842697
132,736697.9231698865,0.922506323696328,0.8835933796879979,0.880372409908354,0.8692328399842697
133,736698.0953218101,1.0482970252837112,1.0657533298239306,1.2094276711229788,1.183363710908043
135,736698.1459244792,1.0099871672168645,0.8920367879468201,1.0099871672168645,0.8527617065332465
137,736698.1917378429,0.9183941870259898,0.8697269242681628,0.8777009739174019,0.8587387254847665
138,736698.2063595364,1.0818723748479584,0.8899477088181387,0.9729611610867145,0.9870329134164814
145,736698.5009107128,0.9219757500978859,0.8732787943688548,0.8805971061632756,0.8557526737009886
150,736698.6097533739,0.9219757500978859,0.8732787943688548,0.8805971061632756,0.8557526737009886
152,736698.7214087547,0.9097868593230176,0.8795012946850027,0.8915135992148865,0.8604902322092401
158,736698.8769909572,0.924959113557257,0.8763068961024517,0.8830632333455509,0.8581904517632407
159,736698.8845593323,0.9269800431607409,0.878491964129417,0.8848329112822827,0.8599890730757461
161,736699.067225867,0.9269800431607409,0.878491964129417,0.8848329112822827,0.8599890730757461
166,736699.3172488107,0.9151961764985598,0.8685889638065035,0.8741994978974873,0.8502289474059972
167,736699.321053482,0.9151961764985598,0.8685889638065035,0.8741994978974873,0.8502289474059972
168,736699.3299054798,0.912629622661547,0.8667316816315789,0.8725964437704865,0.8489232595211927
172,736699.4693804912,0.912629622661547,0.8667316816315789,0.8659648279641877,0.8423281451631808
173,736699.4772789205,0.9101236999306096,0.8649149886335471,0.8644293039977925,0.8410848744804282
175,736699.7965563278,0.9101236999306096,0.8649149886335471,0.8856254223120483,0.8601783312344337
177,736699.8808823023,0.9101236999306096,0.8649149886335471,0.8856254223120483,0.8601783312344337
179,736699.963734309,0.9101236999306096,0.8649149886335471,0.8856254223120483,0.8601783312344337
181,736699.9904910485,0.9168255513743048,0.871187241544443,0.8911374414927598,0.8654073192504358
186,736700.1128344737,0.9168255513743048,0.871187241544443,0.8911374414927598,0.8654073192504358
188,736700.1513677194,1.4847674594982965,0.8944818597465348,0.8809218699863122,0.8835310327425914
190,736700.1639952821,1.4847674594982965,0.8944818597465348,0.8809218699863122,0.8835310327425914
191,736700.164252193,1.4847674594982965,0.8944818597465348,0.8298620673310546,0.8835310327425914
192,736700.1685312352,0.9214052277545784,0.8552031749807184,0.8949669366769831,0.852167631348403
193,736700.1707876709,0.9287523931693311,0.8619017947096186,0.9009979962073965,0.8599278202927636
196,736700.191118254,0.9360856671766065,0.8685889638065037,0.9070197255095762,0.8633714671703663
212,736700.8139550469,0.9400313461109346,0.8724335863905978,0.9103583467762368,0.866608145188929
220,736700.982246792,1.0832742178992674,1.4975671789767302,1.0832742178992674,0.9143041724278989
223,736701.0635213538,0.9400313461109346,0.8829270961369323,0.9103583467762368,0.866608145188929
226,736701.1401509905,0.9599789608825194,0.9099651572829597,0.9483975088946166,0.8961733052591615
232,736701.2622168217,0.9335144750437829,0.9029807524656291,0.9233032292431335,0.8896872617274693
234,736701.2736062407,0.9453915710858687,0.8866299559537358,0.92172361952001,0.8766036255255945
236,736701.3883042628,0.9562602582826863,0.896014808375923,0.9248989905863175,0.8793929341402262
241,736701.7083559277,0.9525130901256855,0.8917913220982636,0.9248989905863175,0.8793929341402262
242,736701.7306777586,0.9629589399185183,0.9002587816613771,0.9311164948473474,0.8851622137663847
245,736701.8005439806,0.9611796655320697,0.898205468441605,0.9316436888333398,0.8859332916285267
247,736701.9664963023,0.9462331411860709,0.8926082400851587,0.9360087225152076,0.8859332916285267
254,736702.1790070629,0.9649003095155563,0.9008559873535299,0.9369382738561539,0.8951925741074429
270,736702.8097757607,0.9970784554938563,0.9552208770084589,0.9453011742021923,0.9149102962899972
273,736702.8442262692,1.0007255872682503,0.942090693132054,0.9479455482765085,0.9063647243456654
274,736702.8553099337,1.0036849593326826,0.9288747568490603,0.9393391923356114,0.8978952676822434
275,736702.8562180917,1.0003525758125158,0.9288747568490603,0.9436819532802972,0.8978952676822434
276,736702.8759951474,1.0016016649060235,0.9271250974075279,0.9406622396318144,0.8993530402166738
277,736702.8914072841,0.9728042287032255,0.9035009419518267,0.9229322471714225,0.8837211757195088
280,736702.9357958995,1.66237122259618,0.8952750469363369,1.66237122259618,0.8789222387758959
283,736702.9699315508,0.9728042287032255,0.9035009419518267,0.9229322471714225,0.8837211757195088
284,736702.9780307193,0.9629589399185187,0.9035009419518267,0.9163419974778864,0.8837211757195088
285,736702.986791513,0.9623462631028619,0.9035132250037645,0.9162601196837564,0.8838611219684066
289,736703.057471654,0.9731554735090442,0.9044178237472604,0.9210574795373921,0.8825426791388337
300,736703.2709141312,0.9826107229441856,0.9117882518555839,0.9194120169666019,0.8808124839925224
317,736703.4869677182,0.9744398846047447,0.9230774171695201,0.9203591669472887,0.8816639806625882
322,736703.6736098623,0.9555434145286069,0.9230774171695201,0.9138332977069602,0.8816639806625882
330,736704.0442534585,0.965311238385309,0.9251887459091832,0.9203591669472887,0.8816639806625882
331,736704.1395784294,0.9960882612459901,0.9224761865873489,0.7449305006916842,0.8802859136175866
332,736704.1826149058,0.9477904639634492,0.9077466629945018,0.9101416371725902,0.8717697453096606
337,736704.3711172484,0.9373262199350757,0.8974880799819214,0.9101416371725902,0.8717697453096606
347,736704.5601112023,0.9422562723739191,0.9019615408167222,0.9161536534875705,0.8774220719130105
349,736704.6203426569,0.9412249060512682,0.9010258960648377,0.920832090578076,0.8818758939418947
351,736704.6358790786,0.9505241451154559,0.9098473900068125,0.9269625515096807,0.8876349048103821
354,736704.6600398825,0.9505241451154559,0.9098473900068125,0.9269625515096807,0.8876349048103821
355,736704.665594627,1.8190344791759248,0.9060756218885597,0.7912247646010663,0.8879844128234367
358,736704.7449546199,0.96746376008744,0.9345577458677571,0.9304080201809422,0.8969634952915433
360,736704.8206121922,0.96746376008744,0.9345577458677571,0.9304080201809422,0.8969634952915433
361,736704.8208371856,1.0832742178992674,0.8863152691903097,1.0832742178992674,0.7084738693364628
367,736704.9450051066,0.9625574428840998,0.9303729541604604,0.9275832590842628,0.8946141012988333
369,736705.0512243186,0.9625574428840998,0.9303729541604604,0.9275832590842628,0.8946141012988333
378,736705.2002089528,0.8859500042947028,0.8691104300645422,0.8982121184411865,0.8703743470825706
377,736705.2002165153,1.1989724960519226,0.868933095725603,0.8252626734503598,0.8689210355398308
383,736705.2821626879,0.8940272653780861,0.8841713902888212,0.8966850968408501,0.8780448312196378
394,736705.3922064686,0.9124608172415519,0.8838150850741172,0.9023988403586061,0.8717589965211259
405,736705.8085626701,0.9124608172415519,0.8838150850741172,0.9023988403586061,0.8717589965211259
406,736705.8653171266,0.8432902561228189,0.8941619969183692,0.6560339605789303,0.8769519492831112
417,736706.1882216155,0.8911009887863698,0.8958219511205687,0.9011262749419929,0.8820184053328618
422,736706.3435756858,0.9130054449102453,0.9369049497238693,0.889290479895883,0.8816114598805562
423,736706.3599628136,0.9299881836749349,0.9061567107740095,0.8911978763749417,0.8662265278215358
429,736706.4155927057,0.9468327228844255,0.9211119426648393,0.8911978763749417,0.8662265278215358
430,736706.514354339,0.9576860478044947,0.9304865471611357,0.8911978763749417,0.8662265278215358
444,736706.8862915352,0.9475515968798222,0.9197570575847835,0.886922667264042,0.8623175633458067
449,736706.9299879471,0.9465977415433271,0.9185766218317669,0.886922667264042,0.8623175633458067
452,736707.0138131918,0.911352423687211,0.8961285233031364,0.8808494356815303,0.8623175633458067
455,736707.0753314638,0.9283356971349311,0.9117293270882397,0.886801121057757,0.8679170280428574
460,736707.2366692184,1.1504489586841102,0.8152285496477423,1.2186834951366752,0.7077391556941881
468,736707.3953504374,0.9876159216346835,0.9340937672299724,0.9095487762467549,0.8885380767555969
477,736707.6363031969,0.9765201368238797,0.9430803757657197,0.9148858730889936,0.8878448189712036
478,736707.6837708645,0.9765201368238797,0.9430803757657197,0.9148858730889936,0.8878448189712036
480,736707.7112611225,0.9821049957870891,0.948500096976799,0.9177820834810899,0.8906542034268856
485,736707.8509526119,0.9832106233138854,0.9490806105216291,0.9170069296943659,0.8899477088181389
498,736708.7559589501,1.3047473705247912,0.9575569095829438,0.8515578076534348,0.883407410695591
506,736708.9691149567,1.0099871672168645,0.9556286547975208,1.0099871672168645,0.9182843522829949
509,736709.0445972898,0.9617403901685422,0.9386037284124018,0.9136543471454339,0.8872559062496786
512,736709.1432374439,0.9761016042776668,0.9512000353716583,0.9152740849163298,0.888890065958062
517,736709.3219183384,0.9471464005587276,0.924850715676845,0.9126390065212633,0.8866632531986296
518,736709.3395433064,0.9254576668105118,0.9055554749767889,0.903533573538041,0.8785495897282636
519,736709.3528566387,0.9254576668105118,0.9055554749767889,0.903533573538041,0.8785495897282636
520,736709.3576675942,0.9234694329656021,0.9040166430616211,0.9028003453131054,0.8780361886207777
523,736709.3683062115,0.9169620333942586,0.9040166430616211,0.8998143080048162,0.8780361886207777
536,736709.4759435694,0.9161210410065538,0.8902435363113748,0.8828319865223984,0.8718999763750163
539,736709.5330778604,0.9315682240220808,0.9116173003846594,0.9065082637271147,0.8815629084976003
541,736709.6318067061,0.931185309619837,0.9115266673473389,0.9064970210504306,0.8817043154995594
542,736709.7433220166,0.9273656606054399,0.907806191269339,0.9064970210504306,0.8817043154995594
543,736709.8161167806,0.9304438206134844,0.9105978793051127,0.9062513579010946,0.8814806178424494
544,736709.8300350822,0.9286962487981623,0.9092666838745767,0.905632243979605,0.881066174224087
554,736710.2555043038,0.8432902561228189,1.4085226440105463,0.8432902561228189,0.8272275845776225
556,736710.2946539754,0.9650988486738931,0.9422318191449368,0.9133615908068389,0.8877966395296609
560,736710.3702001269,0.9396776184171958,0.9648204012276509,0.9045220307828068,0.9092792083815792
564,736710.3952102475,0.9674549032327551,0.9446518391680901,0.9146792972251199,0.8891505707552179
569,736710.4998612182,0.9848567778593427,0.9600459751206263,0.9146792972251199,0.8891505707552179
575,736710.5683173301,0.9415948078092479,0.9212307191887157,0.8970634954025056,0.8732535479758154
583,736710.7665991749,0.9248622739991265,0.9055347829509004,0.8970634954025056,0.8732535479758154
584,736710.7966913166,0.9275942657085174,0.9082658399737792,0.8984211533869153,0.8746358287957084
585,736710.811802465,0.9346549875865973,0.9149295514788068,0.9016693157737442,0.8777433422223191
586,736710.8432523063,0.9346549875865973,0.9149295514788068,0.9016693157737442,0.8777433422223191
588,736710.8701322646,0.9408018636077466,0.9207656860139612,0.9045416311720771,0.8805080360011533
589,736710.8712757448,0.9408018636077466,0.9207656860139612,0.9045416311720771,0.8805080360011533
590,736710.9160293533,0.9353257177194597,0.9157872286686575,0.9000628600445392,0.8765576698964715
591,736710.9214312276,0.9353257177194597,0.9157872286686575,0.9000628600445392,0.8765576698964715
594,736711.0382186646,0.9518783165002777,0.9320636802596276,0.9518783165002777,0.9052373612182483
596,736711.077759782,0.9370565633700773,0.9151577506096797,0.9010258960648377,0.8765092279141616
606,736711.2665432679,0.9309904884368664,0.9168696972302749,0.8981896803149979,0.8818966254601538
613,736711.3581721331,0.9370565633700773,0.9050218965656863,0.9010258960648377,0.8765092279141616
640,736711.8675269765,0.9252060504775158,0.8909910238343385,0.9010258960648377,0.8765092279141616
643,736712.0014212801,1.5903741590823306,0.9045109709380428,1.5903741590823306,0.9001780334464654
663,736713.2996504772,0.8641084017234929,0.8638230435661387,0.9014728801908231,0.8699515385053674
672,736713.6711235949,0.8641084017234929,0.8638230435661387,0.9014728801908231,0.8699515385053674
674,736713.6776223844,0.8692211246244123,0.8685889638065037,0.9031338329155224,0.8716161336118621
679,736714.1030519407,0.8790701852459748,0.8776792127961783,0.9031338329155224,0.8716161336118621
680,736714.1056870844,0.8790701852459748,0.8776792127961783,0.9031338329155224,0.8716161336118621
683,736714.1477884152,0.8907742856374747,0.8885421919772203,0.9070101386226946,0.8752575930871679
689,736714.3160782394,0.8803266525065915,0.8788932292529171,0.9032700740573476,0.8720979971678893
703,736714.6485272044,0.8891068133452399,0.886961742763753,0.9032700740573476,0.8720979971678893
706,736715.0164250984,0.8702954254249841,0.8936745656492905,0.8941518321362897,0.8825235461135597
709,736715.1712312633,0.9146893047667477,0.8653235917621181,0.9258547975829292,0.8816582508186385
711,736715.2521121314,0.8505571521802815,0.8954525400067046,0.9109914761509857,0.879531977950775
722,736715.6999315992,1.1953059134951884,0.8968222570851089,0.7430894177051838,0.9074334849151519
724,736715.7667648405,0.8256549085613152,0.8698542062883776,0.9021602607835395,0.8716118952350647
725,736715.771344203,0.8178803802321126,0.8698542062883776,0.8993296876761615,0.8716118952350647
739,736716.8753653942,0.7722981706187224,0.8098361454137419,0.8952158982149481,0.8683745503372844
740,736716.9512209843,0.7722981706187224,0.8098361454137419,0.8912438063683837,0.864614957171059
751,736717.5123416658,0.9829710495752614,0.7925081786555688,0.7983354446750953,0.9044107218075065
756,736717.7404630361,0.7425247600929455,0.7879072603469734,0.9037341819952063,0.8819340180266436
794,736720.0334814112,0.762707251276372,0.7853810278797809,0.8961419860646095,0.898540307386038
801,736720.4361674155,0.7574903754126483,0.8863152691903099,0.7574903754126483,1.0036518234806087
805,736720.6308328375,1.0994797010208905,0.7900752371179112,1.328117681661321,0.8495902526449935
806,736720.671092548,1.477192115317183,1.3860462188401652,1.504050153777496,0.9415598523647731
807,736720.6732632617,0.8144663604961163,0.853883197625181,0.8870115105643791,0.8757483665108257
811,736720.9212029392,0.8194235507608524,0.8334009247610376,0.8878367217435389,0.8754402352125145
812,736720.9232153485,0.8194235507608524,0.8529515192862556,0.8878367217435389,0.8809736660686277
827,736721.4922285563,0.9418434547299438,0.8374824719897417,1.0046969681742624,0.9019689158088795
829,736721.5028145574,0.8058198394689244,0.8374824719897417,0.9550874498287282,0.9106524333468086
830,736721.5042457217,0.776128444737746,0.8374824719897417,0.9266164181916182,0.9180326098820403
833,736721.514481939,1.2218003327201454,0.8784064476329899,0.9716967898394696,0.9106524333468086
838,736722.7662502392,1.2199283199529545,0.8887335918893284,1.175533935978727,0.9328723493332883
906,736726.104598194,0.8366443609344606,0.9325341635959395,0.9286256947707523,0.8880882937341446
938,736727.1348843658,1.017083095792159,1.11138351668155,0.9579073520369786,0.937488738568788
946,736727.3617935538,1.0450936730292157,1.000020188593014,0.8337669330723072,0.8912554607084723
985,736728.5454205048,1.062494145329056,1.0528351076442466,1.062494145329056,0.9240308125601099
1000,736729.1850183114,0.9747257698576723,0.9911284856713215,0.8290699622715594,0.9053190510192859
1021,736729.5256180555,1.1231753842325476,0.9273191784411072,1.0198696248217265,0.8760218766997132
1030,736729.7761158914,1.0925647343478029,0.7445048261198602,1.262483959021081,0.9240308125601101
1042,736730.3463141656,0.8840600140524211,0.9775116956021745,0.8618854106128482,0.8446570150468431
1049,736730.426178085,0.847863413693984,0.842381538174411,0.9769405523386032,0.8694169799779111
1052,736730.7291564929,0.8042490405615775,0.9373262199350761,0.8225274278470677,0.8762562056055523
1066,736731.1379428904,0.7411168633161292,1.0248837331050191,0.8119033482215788,0.8631089072525195
1069,736731.2500305716,1.0490204876890141,1.173768870008789,0.8216785863322618,0.8474716377510672
1075,736731.3845104483,1.1698167862713853,1.0395346641301242,0.8373083863540323,0.8641993796558703
1087,736731.5982893001,1.0666882011658816,1.161215192254684,0.824982733601835,0.8641993796558706
1091,736731.9285630799,0.9590098969472438,1.0414735777056399,0.801727883694613,0.8518272027207088
1098,736732.3771301714,1.0994797010208905,1.139548203244684,0.7577495236765597,0.8244328967918871
1111,736732.7852317052,1.5171859629807916,1.3260900210786315,1.0218693691841212,0.8224181218765895
1112,736732.802304915,1.6784327803024213,1.4423063974646742,1.0956970873705887,0.8332477654776248
1164,736734.4667989287,0.8298620673310544,1.0614121757309616,0.844461492589656,0.8682613180261163
1176,736734.9352994396,0.8863152691903099,1.1135755946237227,0.6352267248777355,0.8249360954236677
1180,736735.124702095,0.7566105956502642,1.0808233712524367,0.6742751306895935,0.8929064151116727
1206,736735.6103203425,0.9620447383932789,0.9704904623536352,0.802642149371644,0.8603440004686788
1214,736736.0045434892,1.0857362047581292,0.8863152691903099,0.7684884207906905,0.8601702759988553
1217,736736.0189698514,1.389742342090405,1.4205894267863368,1.3233349864088004,1.0756519675622338
1221,736736.1211885372,0.6605239268490521,0.7033109018676142,0.8184583875679657,0.7978687767742412
1224,736736.2740032981,1.193116708525417,0.8765576698964717,0.7770259105619107,0.8432902561228189
1229,736736.6233665241,1.3934582307056211,1.063973118248501,0.8259166058381967,0.8886304157358655
1250,736737.4417635615,1.4749623913695338,1.366660957038204,1.443274713273646,1.3362907135484672
1263,736738.3141871082,1.4757579482149337,1.063973118248501,0.8033474160766426,0.863245065780245
1284,736739.0565095777,1.2176480801025744,1.074986341344683,0.7076081171539745,0.9279796621864357
1303,736739.9160606596,1.4757579482149337,1.1304845515919786,0.8501686432037555,0.8495979507888702
1313,736740.37130553,1.0270477612576898,1.3294729037854642,1.0960113107968497,0.8806666782510899
1318,736740.5011265283,2.013285677697193,1.4847674594982962,2.013285677697193,1.0381541400077734
1331,736741.0734638503,1.2867984648985233,1.395323636636953,1.0535445652639528,1.4639139839435447
1335,736741.3045425114,1.447648273010839,1.2773367114801524,0.7841946792750034,0.9733029347136246
1346,736741.5417773589,1.447648273010839,1.2773367114801524,0.7841946792750034,0.9733029347136246
1357,736742.6874214272,1.2349606120471608,1.3160438845553086,0.9111073046921367,1.0780359479867951
1384,736744.2989413928,1.0960113107968494,1.5650251600117182,0.9842367861830066,1.1034705529302222
1416,736745.4381681293,2.0044360703227007,1.4686286827646196,1.160328768443802,0.9409713774570455
1422,736745.5748175798,1.4829567674745172,1.129370993129024,1.9740658268329627,0.9533293505193331
1425,736745.7509438898,1.6703633919355838,1.5510517210830423,0.8069660981310421,1.0223923320137964
1430,736746.0620077248,1.5171859629807916,1.2666922388844846,0.9870329134164814,1.1109858839385511
1431,736746.0672211448,1.9518853119247277,1.8882368778402256,1.9518853119247277,1.0592548339103705
1434,736746.1426296578,1.3414501371529017,1.4448153018307792,1.3624924922454953,1.1811356202389696
1454,736746.820714994,1.2160245493291053,1.670363391935584,1.4432747132736468,1.100036681619179
1512,736748.8760335962,1.9840864655478505,2.5298707683684563,1.0226714644503574,1.1403793835533964
1517,736749.0544919606,0.9364840580124024,1.5062236366586765,0.8464510142042387,0.934880489419916
1520,736749.096416601,2.3162372368173436,1.1296677274940077,1.0948600384115588,1.2063735608423662
1528,736749.3404934036,1.9518853119247277,0.8128506345782787,1.1692543743549082,0.8206145733637026
1529,736749.3444576167,1.1542710482478453,0.6592705607639496,0.839216390151211,0.7195411534491746
1530,736749.3480963397,1.1542710482478453,0.7502207940747153,0.7896263307331848,0.7727659820342558
1537,736749.5778034584,1.1542710482478453,0.6592705607639496,0.7937497058283973,0.7195411534491746
1539,736749.6147821718,1.1542710482478453,0.758120043222634,0.7278678467652263,0.7195411534491746
1540,736749.776622114,1.122207963574294,1.274658856739104,0.9870329134164814,1.0973427142356216
1586,736752.337293991,1.1135755946237227,0.7657585323231141,0.8216382090061519,0.8233070746981077
1593,736752.5502128828,1.7371779276130062,2.383323376298333,1.9840864655478492,1.0870302884348377
1600,736752.8121224252,1.19393672000894,1.7143203233023097,1.3340103539690322,1.024489547053825
1601,736752.813405917,1.19393672000894,1.6450548556941358,1.249768293246767,1.012931736217497
1605,736753.0479006169,1.5650251600117182,1.378712640962705,1.2624839590210808,1.1147188960555743
1635,736754.3789322505,0.7178421188483501,1.2946447970015633,0.9322958466617212,0.9859125582366667
1663,736755.8856405263,0.9945675158089737,1.1161774067606944,1.2773367114801524,1.1193156750083806
1670,736756.1553249018,0.9945675158089737,1.1161774067606944,1.2773367114801524,1.1193156750083806
1675,736756.2172598612,1.0411169086721788,1.1161774067606944,0.6737265232389347,1.1193156750083806
1680,736756.3011942953,2.5380846344995227,1.4918512737134604,1.4380611983551381,1.0784772234464708
1704,736757.8925674387,0.9000921904730609,1.113575594623723,1.2249331540860948,1.192360773968801
1705,736757.9420193671,0.9000921904730609,1.113575594623723,1.3120679211578605,1.192360773968801
1719,736758.5330760543,0.813666476633727,1.4213273953197332,0.813666476633727,2.128894519133587
1723,736758.7180191244,0.6852772889992139,0.9667514151955949,1.1632887908122818,1.096908420148531
1725,736758.741266698,1.185786981305807,1.026700902844567,1.0305292790924616,0.9556602291269599
1729,736758.8903669409,0.9129313433401691,1.763632413820312,0.9129313433401691,1.7766592441496654
1760,736759.7689335758,0.9920432327739255,1.1029701127701634,0.9920432327739255,0.8432902561228189
1804,736760.8841354011,0.8042490405615773,1.1550385157001377,1.6994131900562033,1.698951518447928
1871,736763.4966825705,1.3714562586418477,1.2252822373445975,1.719978146151491,1.1702545919548704
1877,736763.7426277266,1.3714562586418477,1.4416414337037404,1.6948077342565926,1.6632554626081986
1892,736764.4615040696,1.072332054082103,0.5868844350043945,1.3897423420904056,0.7154769059361644
1900,736764.8265019119,0.716995606915746,1.120759953298715,0.6213082716784717,1.134351258702523
1929,736765.9938140605,1.3529423112250833,0.7439734165366197,1.662371222596179,1.14589573061544
1966,736767.1859252846,1.5079669510529576,0.9920432327739255,1.5079669510529576,1.28152470069812
2008,736769.1139677181,1.2964014385171696,1.595367484542558,1.311077681217364,1.5222693180113982
2072,736771.8676389836,1.104138513313352,1.0414735777056399,0.6746322048982552,1.1623453286948346
2095,736772.6148999507,1.0232068945364572,0.9006106767578956,0.7543576608741349,1.5850163573111384
2096,736772.6196020863,0.7487835894883652,1.0857362047581298,0.5474300192057796,1.0398600270922933
2102,736773.0629928993,1.442306397464674,1.828608344855797,1.442306397464674,3.30891033831049
2103,736773.1230880957,1.2964014385171696,1.2876655797670538,0.8707658785027607,0.873728543473998
2142,736774.9409691931,1.5572312100116599,1.0994797010208908,1.7233908012033803,1.2268205703481692
2149,736775.231653162,1.442306397464674,1.6354185511001114,1.5760686843263172,0.9809526285289053
2194,736776.9171069425,1.5561040068194691,1.4694174199734085,1.4356842376967005,0.810923306458354
2213,736777.9383165571,1.7527579987126753,1.5079669510529576,0.7423837297491485,1.0386714066445486
2214,736777.9569947177,1.7527579987126753,1.4861788354103675,0.6495857635305049,0.9510098143866829
2226,736778.9083191054,1.737177927613007,1.442306397464674,1.1264122009018056,1.173768870008789
2264,736779.9622654979,1.3466495562891527,1.951885311924727,0.7524904389412779,1.307240915427848
2276,736780.4052408708,1.25680075148851,2.0044360703227007,0.8369700936036973,1.2574227761118653
2279,736780.4851198059,1.1231753842325478,1.185786981305807,0.9926731014931475,1.2479726491472753
2293,736781.1394401732,1.8350471066334584,1.6151447674087875,1.5850163573111384,1.2190722299038643
2308,736781.5629076044,1.173768870008789,1.649219551531336,0.7178421188483501,1.101028263980075
2359,736784.1416613744,1.3897423420904056,1.223364737755639,0.7069910170518054,1.4847674594982976
2386,736785.2635115742,1.4239163341090222,1.1698167862713853,0.7169956069157459,1.1567165377568447
2387,736785.2650416065,1.2459267923453945,1.1559168719858417,0.7596988021631228,1.1943098252339421
2389,736785.2723883479,1.2773367114801524,1.1559168719858417,0.7732245968603891,1.1943098252339421
2397,736785.660641164,1.3160438845553086,1.725673438026167,1.1875239739542047,1.0882094079580338
2399,736785.784680458,1.2666922388844843,1.7175487984874365,0.7596988021631227,1.481844688908734
2401,736785.8778224883,1.3466495562891527,1.1029701127701634,1.0232068945364572,0.9618106072814776
2491,736789.758888465,1.173768870008789,1.1619919248247539,1.173768870008789,1.4573640332323887
2494,736789.8308053411,1.3249662159760227,1.142880215534873,1.3529423112250833,1.0696908421262359
2496,736789.9108525867,1.2337911417706018,3.1021034421660847,1.560339455939827,1.9409809247072691
2516,736790.4572197654,1.0423067565678044,1.4557356935304526,1.151538398985895,1.4847674594982962
2525,736790.880593327,1.0679372505817668,1.4009499416233928,1.0305292790924623,1.8746524398701514
2653,736795.7634432189,1.1564054251861735,1.7686200620494414,1.1231753842325478,1.0147067334188127
2772,736796.8591857594,1.781720951397956,1.138599765289424,0.8889068343049014,1.2899836096136195
2814,736797.418011555,2.08045260791977,1.2307940782683247,1.1875239739542043,1.1347361759942443
2883,736799.1707974476,2.3265775816245644,1.1857869813058068,1.8765810946436814,1.0022180351613503
2904,736799.7362738324,1.3012568746164845,1.134351258702523,1.3842055200103645,0.9870329134164813
2906,736799.744627032,1.9613299182727504,1.134351258702523,1.2357973062287653,0.9870329134164813
2907,736799.7453510765,2.1446641081642066,1.2634021291730961,1.3953236366369537,1.0616087335412825
2908,736799.7459379926,2.1446641081642066,1.2666922388844846,1.504980877882556,1.0616087335412825
2910,736799.7481007886,2.1127839660158196,1.1176696225451337,1.7686200620494417,1.063578323028372
2912,736799.7530436021,2.2560752306662435,1.1176696225451337,1.572106721821726,1.063578323028372
2913,736799.7535368212,2.4127471216847325,1.2452888369985715,1.706834208353391,1.1246669850084212
2947,736801.0700048455,1.3618990721704762,1.1702545919548704,1.1231753842325478,1.0478955327424306
2949,736801.1511413852,1.6920564229996822,0.9747257698576723,1.469919784903314,1.0116676783104037
2989,736802.4299311154,1.3618990721704762,1.8095603412635488,1.3618990721704762,1.9446021577757544
3005,736803.1751668935,1.4672110875109858,0.9279796621864355,1.4672110875109858,0.8491791545594308
3006,736803.2659663088,3.102103442166084,0.8685889638065035,2.7937071935296895,1.0178776919607464
3076,736806.2496210369,2.501172408866895,2.0415552568101574,3.0066541054840505,1.2135973546198653
3612,736811.1238992646,1.9651334022771574,2.2271511892474454,1.8020517921296757,1.8233737789831184
3659,736811.5777758555,1.1564054251861735,1.0478955327424306,1.269042317249762,1.0882094079580342
3769,736813.0912988893,1.4524899060309426,1.0541128201535237,1.7636324138203117,0.8969937664094702
3778,736813.2157514676,1.7693478892354704,1.585016357311138,2.132696116489183,1.1980537431813842
4025,736817.8818554026,1.1564054251861735,1.1564054251861735,1.3385788825785159,1.3385788825785159
4082,736819.3272730346,1.3249662159760225,1.14589573061544,1.5132211913005287,1.2280820825027687
4092,736819.6126469916,1.5033270527420253,1.0738050376728754,1.6576125263482893,0.775525860541521
4095,736819.6312271084,1.626571093270606,1.3002828799498556,1.9388146513538023,0.9180208560556539
4101,736819.881221302,1.1050750175655262,1.213113077942044,1.8095603412635488,0.9934841089290073
4133,736820.7617043257,1.4054837602046983,1.213113077942044,1.9815717805471567,1.331563269986385
4157,736821.8925490396,1.352474165096632,1.1964035314139168,1.223364737755639,1.1674582846861608
4186,736822.5470007921,1.2649353841842286,1.0857362047581292,1.7946052971208752,1.4050703826281674
4195,736822.8369438696,1.1964035314139165,1.2252822373445973,1.447648273010839,1.555681726220603
4200,736822.9436173924,1.361899072170476,1.1280376153331213,1.447648273010839,1.4396502162538733
4318,736825.3397470207,1.1916616881491664,1.1309752132897182,1.7488368398788665,1.4975671789767302
4348,736825.8515769177,1.7636324138203117,1.3478104610790576,1.3618990721704762,1.3362907135484672
4350,736825.8671120126,1.3385788825785159,1.1309752132897182,1.989135031617947,1.3275377176081933
4354,736825.9538504663,1.3385788825785159,1.1737688700087885,1.989135031617947,1.08962773237375
4363,736826.1139435326,1.572106721821726,1.7218723952111303,1.572106721821726,2.1594753243808102
4369,736826.2454962061,1.344564959452792,0.8738319555397419,1.344564959452792,1.0207776284050791
4395,736826.8362321479,1.213866564325859,1.0248837331050187,1.7056882975052183,1.0439771199597399
4544,736830.0313164161,1.9740658268329627,0.8238648708191766,1.6632554626081986,0.8823138458531073
4576,736830.8081785135,1.572106721821726,1.9131915502345895,1.572106721821726,2.3994170270897888
4860,736838.8269817987,1.4911398520283323,1.4911398520283323,1.1207599532987145,0.9466909687264344
4894,736839.9850027009,1.4911398520283323,1.0340344807220279,0.9681724118862302,0.9143041724278985
4898,736840.0964485278,1.6920564229996822,2.2386313500167616,1.6920564229996822,1.6084980811231546
4941,736841.7220836063,1.538838715405223,1.5171859629807922,1.411065103656775,1.2857402424767324
5011,736843.7144555199,1.4297760721094706,1.4297760721094706,1.7143203233023097,1.320489978759887
5094,736845.8023805865,1.7847718434380206,1.7847718434380206,2.1082256403070474,1.4059893299026136
5115,736846.3914312493,1.621846612916708,1.5953674845425576,1.7165789798547502,2.077964028245224
5152,736847.2028023215,1.699413190056202,1.5953674845425576,2.010622601403943,1.39097876766166
5200,736848.430508306,1.6889229851793124,1.3275377176081933,1.1619919248247539,1.0519243506307134
5237,736849.8240146696,1.2964014385171694,1.2964014385171694,1.366660957038205,1.4297760721094712
5238,736849.8248445435,1.2731760055795653,1.2731760055795653,1.3340103539690327,1.4317400502305009
5239,736849.8636655475,1.3787126409627037,1.3787126409627037,1.5721067218217266,1.530553240187672
5241,736849.897304794,1.6703633919355838,1.4975671789767302,1.6144776278931294,1.1829032581022425
5242,736849.9006765365,1.2568007514885098,1.1171562235453423,1.4423063974646744,1.565025160011718
5243,736849.9018800388,1.1504489586841107,1.0340344807220279,1.4423063974646744,1.8313622730860017
5276,736850.5949023024,1.8701676254207011,1.3860462188401652,1.8701676254207011,1.4639139839435455
5281,736850.7381469153,1.8701676254207011,1.3311708257570933,1.8701676254207011,1.3311708257570933
5296,736851.8552522883,1.5824495292021319,1.0738050376728752,1.0450936730292155,0.9915399130211228
5295,736851.8552581115,1.656207769970028,1.4217974109927887,1.1264122009018058,1.1309752132897177
5304,736852.0141781771,1.23204108341348,1.2848949168735262,0.9608284997859554,0.9971046778390982
5309,736852.334773336,0.8384063357205633,0.7107929327385463,0.6904522764757581,0.711958167054511
5310,736852.3617588381,0.8384063357205633,0.6580219422776543,0.6624831079880112,0.5949239478126737
5335,736853.1133746039,0.635165604246072,0.6580219422776543,0.6617820676620979,0.5135238806288449
5353,736853.5624709704,1.4911398520283323,0.690574264510471,1.4911398520283323,0.6004071178385969
5361,736853.716687638,1.1504489586841107,0.5877669679893635,1.537325599657529,0.9132360600769314
5362,736853.7259084295,1.1504489586841107,0.5877669679893635,1.537325599657529,0.9132360600769314
5365,736853.8683231621,0.663607867084765,0.6501414399749279,0.6967291153528101,0.5922197480498886
5377,736854.4117472345,1.699413190056202,0.6124665770430474,2.6589458075709294,0.6630450105393156
5383,736854.7679201605,1.308832685187882,0.7609665515200909,1.5373255996575284,0.7408008220098112
5391,736855.2525330675,1.0285921939813858,1.1769498154559668,1.1529941997431463,1.5238402873798307
5427,736856.499051587,1.8701676254207011,1.0178776919607464,1.8701676254207011,0.9529972957124647
5478,736858.5766326222,1.2330127246464562,0.8298620673310542,1.1603287684438026,0.8414051065189674
5486,736859.0125266548,0.8795837608167124,0.7066117978400841,0.9314626957710495,0.7076081171539744
5538,736860.7974789707,0.7655832213038093,0.7631372685200909,0.7655832213038093,0.7631372685200909
5549,736861.2344277094,1.230794078268325,0.8739672236443145,0.9143041724278983,0.8824561315886101
5646,736864.5068876889,1.1240563061025342,0.9441184389201126,1.1240563061025342,0.8883296220748332
5694,736865.5748503775,1.040792876020865,1.0545782121271017,1.7302569000129548,0.9759426559623637
5823,736868.9608702582,0.9825667011385787,1.247972649147275,1.378712640962704,0.7706112479905607
5913,736871.5227477485,1.040792876020865,0.9478649406618591,1.3732631838838,1.3847070437494984
5943,736872.671296879,1.03627750562598,0.9099503430353846,0.7500768253942174,0.9256720751046218
5993,736875.0151571633,0.887962695341221,0.8432902561228186,1.122207963574294,1.4272588607149117
6049,736878.1171477019,0.9478649406618592,0.8057411538093724,1.023589687987462,0.6455728785048338
6080,736878.6587907488,1.0036217018772622,0.9994224478945122,1.9254435158272243,0.9544933668203334
6102,736879.6388932064,0.9892812799618489,0.9592850001879051,1.662371222596179,0.7352022668253353
6116,736880.117940676,0.9892812799618489,0.9592850001879051,2.149972682689364,0.748783589488365
6231,736883.9565180864,0.9319624075177074,0.8899477088181387,0.9895317309188013,0.9533293505193331
6303,736886.905389403,1.0340344807220276,0.8056052784040083,0.8797862432662561,0.6640588408306601
6382,736891.66116843,1.0657533298239303,0.711958167054511,1.0657533298239303,0.7449305006916838
6383,736891.6632616991,0.9973359709678012,0.6869332754181485,0.9973359709678012,0.6785851279738309
6386,736891.8730438292,0.9201154277611263,0.6374964871974339,0.9201154277611263,0.6785851279738309
6448,736893.6306074971,1.0121269705372389,0.8222442858753471,1.1550385157001373,0.9631530848660823
6458,736894.001773209,0.6472346973222827,0.6482007192585848,0.5982017657069582,0.5101844133958904
6459,736894.0080167146,0.6472346973222827,0.6482007192585848,0.5982017657069582,0.46061535959435784
6527,736895.7590074835,0.830390978782508,0.8744184199394329,0.9915399130211225,0.8561360754365176
6530,736895.9126100499,0.71587002511525,0.6536204577139242,0.6302426518384918,0.5506110705587979
6546,736896.5207283454,0.9749467961093403,0.870523460385137,0.9749467961093403,0.558378619589895
6547,736896.5220888157,1.009987167216864,0.9181701520153311,1.009987167216864,0.6355529003462219
6574,736897.5384653956,0.6472346973222827,0.9262204590353713,0.6294122926134083,0.763594693456267
6577,736897.7356935954,0.6795503984261406,0.8449308986444588,0.7216373566368229,0.7145613047768313
6708,736904.6500548259,0.9612151510937166,0.9441184389201123,0.7015035684193496,0.6602449893799435
6719,736905.3502435408,1.2249331540860944,0.9952581876949516,1.2249331540860944,0.734708709986704
6765,736907.3879280741,0.906669064516183,0.8809218699863116,0.906669064516183,0.6917965198458877
6773,736907.9444805181,1.0414735777056394,0.8465779374332392,0.6525292716409458,0.6739052305395288
6787,736908.8652175264,1.2568007514885096,0.8225274278470676,0.8701710930666244,0.758592981490396
6799,736909.5300821769,1.277336711480152,0.9404014371920804,0.835181695967792,0.8647456498073596
6801,736909.9576731521,1.277336711480152,0.9162330841840756,0.9222469692926201,0.8647456498073596
6802,736909.9645505417,1.1674582846861605,0.8668552532999035,1.294644797001564,0.7459256368567302
6818,736910.702349969,1.1428802155348727,0.9478649406618589,0.8773625897035388,0.808331523000976
6840,736913.0804206206,1.2302959827287583,1.0979354879576588,0.7130207911844431,1.0273632905238217
6850,736913.3751927494,1.0507124562175445,0.9820729490274535,1.0507124562175445,1.0832742178992676
6854,736913.508277298,1.3445649594527922,0.9983781193178201,1.3445649594527922,0.9983781193178201
6857,736913.5558628433,1.0053113007019716,1.1997085135448942,0.858289489927375,0.6285841185441803
6945,736919.0117913424,1.2634021291730957,0.9066690645161831,1.0592548339103698,0.9260010275122639
7014,736921.8390458352,1.4333151217929105,1.4333151217929105,1.0126037142821929,1.6703633919355825
7019,736922.0236717669,1.0073841075075427,0.9892812799618491,1.0006785297309948,0.6501414399749279
7025,736922.2350012854,1.4333151217929105,1.4975671789767304,1.1428802155348727,1.1405713666146005
7041,736922.593787368,1.156405425186173,0.9911284856713211,1.2671722283649254,0.7582919525294872
7069,736923.3568015319,1.2473209663017677,0.9672482893168192,1.1801480486501401,0.8985403073860383
7078,736923.5928814624,1.3614247081606643,1.4380611983551388,0.9482412268629948,1.1489272008022535
7091,736924.1228159587,1.3445649594527922,1.0170830957921586,1.3445649594527922,0.7739901657681715
7199,736925.9070853634,1.3160438845553086,1.4598133845487458,1.316043884555308,1.0507124562175447
7409,736928.1421171317,1.4370038004151717,1.462270982839232,1.4370038004151717,1.014275860071289
7411,736928.1613015026,1.2899836096136192,1.2479726491472753,1.2291353261412783,1.17025459195487
7412,736928.2056343456,1.2479726491472753,1.1632887908122818,1.3614247081606643,1.352474165096632
7423,736928.7891528399,1.139880529929795,1.2773367114801526,1.1466520974343277,0.8515578076534346
7480,736930.1713705354,1.2899836096136192,1.2899836096136192,1.2899836096136192,1.181753692253746
7504,736930.8717007448,1.2946447970015638,1.426041582368887,0.9960882612459901,0.9825667011385785
7547,736932.1115346509,1.3017000819988476,1.357170255947662,0.978140725007324,0.9747257698576721
7558,736932.66021259,1.1489272008022535,0.8701710930666248,1.0123414496579293,0.7535077761728344
7562,736932.7444309421,1.1489272008022535,0.879138627334518,1.0123414496579293,0.7526767450662942
7575,736932.8603806335,1.0663480582445914,1.378712640962704,0.9786917902045109,0.9952581876949518
7578,736932.9522906431,1.161215192254684,0.9627217579136121,1.7766592441496667,0.811182221945729
7605,736934.0608856382,1.4822337266322587,1.1135755946237227,1.2479726491472751,0.8877088466575903
7668,736936.1428895305,1.3321916622799133,1.3381622691696837,1.3321916622799133,0.9162330841840757
7690,736936.4364977571,1.2515691121131176,1.5027490723295907,1.4911398520283317,1.2063735608423658
7693,736936.5706995276,1.4822337266322587,1.1980537431813845,1.5328040537761825,0.9156811365430005
7762,736938.5437245552,1.4428388103098067,1.2148097395895154,1.1833637109080433,0.8571601616511548
7809,736941.0349220616,1.0857362047581296,0.9870329134164814,0.9580025336101144,0.980348717614564
7858,736942.1477656581,1.7031156153068696,2.7794846841808103,1.744154545796192,1.1973030829412956
7877,736942.5847229777,1.1564054251861735,1.310371281604639,1.1296677274940077,0.9847947435447885
7885,736943.0208834152,1.154271048247845,0.9262204590353711,1.154271048247845,0.8840600140524211
7937,736944.6632398121,1.3919694932796531,1.0823538489800668,1.1084081904723364,1.3002828799498556
7942,736944.9064994955,1.0070596681814534,1.020154823262672,1.1489272008022535,1.0070596681814534
7945,736945.12201516,1.4721846844178026,0.9650988486738931,1.5460321362251683,1.1359815422016644
8017,736948.3029130786,1.1317120049596137,1.0679372505817668,1.0423067565678044,1.3642758593819428
8052,736950.0047377901,0.810923306458354,0.7329864673472605,0.8765576698964717,0.7604378087800128
8054,736950.0109775739,1.213113077942044,0.8863152691903099,1.4389275002818585,0.9835937743453439
8081,736950.5148803302,1.1953059134951882,1.0738050376728752,1.4260415823688861,1.0507124562175447
8126,736952.2959784113,0.7979163709508561,0.8412483910958872,0.7979163709508561,0.9608284997859554
8145,736952.8462833177,0.9466909687264344,0.6733247781445764,1.2101084635075128,0.8470282448467679
8182,736954.3404016211,0.7223193046207931,0.6924968959732944,1.2148097395895157,0.8155764918370926
8196,736954.6959207894,0.8272275845776225,0.7790035549834111,0.8803266525065915,0.7811051832792297
8221,736955.9453817296,1.1317120049596137,1.1317120049596137,1.082728625243564,1.3919694932796531
8244,736956.8104740977,0.8763789993563376,1.0644472595667935,1.031306157553896,1.1187914053713748
8258,736957.2961945086,1.1072663844558828,1.1519747530590234,1.1598368952905835,1.0455237527300505
8341,736960.6342143664,0.909517239587962,1.0279159334988206,1.1466520974343282,0.7935613456703936
8348,736960.9238714436,0.909517239587962,1.0279159334988206,1.1466520974343282,0.7935613456703936
8350,736960.9791398305,1.101471512073465,1.0279159334988206,1.1217938646947465,0.7935613456703936
8426,736962.5898665525,0.9095172395879618,0.9441184389201126,0.9095172395879618,0.9441184389201126
8548,736966.2657435605,0.9273191784411072,1.0381541400077727,1.1898478956253473,1.0925647343478029
8571,736967.0172678061,0.7979163709508561,0.9677871463025105,0.7979163709508561,0.8000161508744111
8589,736967.751925373,1.236914663648502,1.219072229903865,1.0126037142821933,1.1329421267041353
8740,736970.0065470936,1.1496030403321371,1.0313061575538962,0.9418434547299436,0.8609361976055651
8754,736970.1105939114,1.193116708525417,0.9870329134164814,0.9892812799618491,0.8298620673310542
8788,736970.41421259,1.1171562235453423,1.0519243506307137,0.756234172468349,0.856355316428947
8789,736970.4226458335,1.0070596681814534,1.104138513313352,1.004794431138629,1.075954797508056
8836,736971.2066139679,1.017083095792159,1.7115053474019777,0.784869545608286,0.9279796621864355
8875,736971.8932685002,1.1667612946654526,1.1296677274940077,1.1667612946654526,0.9314626957710491
8899,736972.412382014,1.4239163341090222,1.348740627028732,1.4380611983551377,0.8209725555827065
8911,736972.6370488394,1.0152338537998096,1.107266384455883,1.0152338537998096,1.7511874270292416
8912,736972.6375302022,1.0152338537998096,1.0152338537998096,1.0152338537998096,1.2030318058261824
8925,736973.1253394019,1.43331512179291,1.1550385157001377,0.7979163709508561,0.7238241365054195
8933,736973.4635538998,1.0650273398172387,1.7233908012033805,1.0258924769368152,1.0036217018772629
8934,736973.4695479622,1.0592548339103702,1.5824495292021319,1.1462317704191392,1.0036217018772629
8955,736973.9910661146,1.0657533298239308,1.3666609570382051,0.9518783165002777,0.9668893845712473
8964,736974.2839578395,1.4822337266322587,1.2063735608423662,1.4975671789767295,0.8744184199394333
8987,736974.8862689319,0.8795837608167124,1.5040501537774957,0.7755258605415208,1.0099871672168648
9046,736976.1574088108,1.9740658268329625,0.9026906090367819,1.9740658268329625,0.6907268101840983
9168,736978.7663721207,1.0439771199597399,1.3124283793779588,1.0439771199597399,0.9116868894915587
9182,736979.658156459,1.1706050725155035,1.164328369713812,1.1808611290420745,1.146652097434328
9187,736979.86484603,1.5908222780338892,0.8576731240459191,1.0073841075075425,0.9458319025116191
9193,736980.1012685031,1.5908222780338892,0.8209725555827067,0.9814564562785348,0.9458319025116191
9242,736981.6835195122,1.7654247231839504,0.6681453567742334,1.662371222596179,0.9592850001879056
9294,736982.8489845303,2.8952965460216786,0.7950471064590423,3.1021034421660847,1.11138351668155
9303,736982.9957563272,1.9740658268329625,1.2063735608423662,1.9740658268329625,0.9759426559623637
9363,736984.8673198418,1.5033270527420255,1.0126037142821935,2.125917044281653,1.1214176762760026
9392,736986.3837680295,1.8171317234445683,0.8468137530146973,1.20266164219362,0.9104706119565028
9400,736986.4979899334,1.6513098171226304,0.8515578076534348,1.6847630763488215,0.9497493640031353
9405,736986.5879244673,1.7184314032143058,0.9328521091000637,1.5766466339722012,0.9967414338763159
9451,736987.8185696682,1.6597241346621088,1.4672110875109858,1.6031004365556276,1.443274713273646
9482,736988.8842450465,1.782551977961108,0.9518783165002777,1.1029701127701634,0.9889058411459244
9483,736988.8868029857,1.608498081123155,0.8685889638065035,1.0994797010208905,0.9378452267013743
9484,736988.8916162625,1.4873098695316846,0.7638345159102418,1.0994797010208905,0.9378452267013743
9485,736988.8980814584,1.3666609570382051,0.7638345159102418,1.0022180351613503,0.9378452267013743
9521,736990.1341952087,0.8863152691903099,0.9544933668203336,1.0315783418129496,0.9076894316305907
9534,736990.4720965339,0.9842367861830066,1.0756519675622338,1.0053113007019716,0.9515059071432748
9542,736990.8059022693,1.0742266336829547,1.0756519675622338,1.0478955327424302,0.9515059071432748
9569,736992.2790432805,1.7000851604753628,1.173768870008789,2.1393816842524727,0.9386768340848383
9582,736993.1594325472,1.5561040068194687,1.1199571166559503,1.9419671955023454,1.1997085135448944
9591,736993.8129410145,1.5850163573111378,1.1199571166559503,1.9419671955023454,1.1997085135448944
9602,736994.3482343022,1.5283090272255193,1.150448958684111,1.14589573061544,0.8585722871233974
9633,736995.515507049,1.57925266146637,1.150448958684111,1.7143203233023097,0.8272275845776225
9637,736995.6021467294,1.5888822508655556,1.150448958684111,1.7143203233023097,0.8272275845776225
9642,736995.8744426988,0.9945675158089735,0.9533293505193334,0.9123833653429659,0.8791386273345178
9646,736996.0293799578,1.0742266336829547,1.009987167216865,1.1581186184086714,0.888582060160106
9668,736996.5215816841,0.9215798024472188,0.8240882009549371,0.7299066922743728,0.7920264107658087
9700,736997.2158498481,0.9597668108359155,0.754565702148507,0.6727453248071026,0.7603507922096067
9794,736999.9104303173,1.7654247231839508,1.0053113007019718,2.5217098949221075,0.8183941241895448
9897,737002.9905232812,1.3120679211578605,0.7388753000244359,1.5185121744868948,0.7110614943000345
9899,737002.99896987,0.9674877072102145,0.6482007192585846,1.0158935249198875,0.7144680078314367
9907,737003.0986855294,1.419263012755725,0.8609361976055652,1.467211087510986,0.7352022668253357
10034,737007.2574225854,1.2671722283649258,1.1187914053713748,0.8931506054565589,0.8701710930666248
10051,737007.7492307681,1.6354185511001114,1.116438256820699,1.6354185511001114,0.9262204590353711
10053,737007.8082436123,1.0882094079580344,0.8944279947664223,0.8703296230526089,0.8477219616730143
10081,737008.5826254747,1.7233908012033805,1.151142000225487,1.7233908012033805,0.8685889638065035
10100,737009.3396402573,1.1109858839385514,0.8098731597263435,0.8316277313040993,0.9306310326498255
10110,737009.5695132432,1.6898617972889176,2.2219717678771036,1.6898617972889176,1.4260415823688868
10167,737012.0585946633,1.6898617972889176,1.8559593243728716,1.57925266146637,1.4265147215800242
10177,737012.4424060729,1.5027490723295913,1.5027490723295913,0.9204700001803026,0.8502753410756434
10186,737013.0466165999,2.01997433443373,1.9263061697321662,2.01997433443373,1.5953674845425578
10187,737013.2112979315,1.0735369215586001,1.0006785297309948,0.833578660083017,0.7369845753509727
10189,737013.336869225,1.009987167216865,0.904780170631775,0.8532308092401805,0.7369845753509727
10191,737013.3726677924,1.009987167216865,0.9395794079637662,0.8209725555827067,0.7886703666523943
10193,737013.3928906093,0.8845101464424681,0.880921869986312,0.7896263307331851,0.7695140321652303
10194,737013.4036319586,0.8075723837043939,0.8803266525065915,0.8474038671282964,0.7695140321652303
10195,737013.4087289849,0.6428701212383662,0.7500768253942174,0.7052143143219246,0.7112722728665976
10198,737013.5521895352,0.6857281293209239,0.7500768253942174,0.7537821448254038,0.7112722728665976
10199,737013.598983059,0.620420688433217,0.6857281293209239,0.7052143143219246,0.7112722728665976
10200,737013.604165442,1.6205017981464627,0.927619281735101,1.4146400061995175,0.8308242262496993
10202,737013.6755874564,0.6857281293209239,0.7679077283161623,0.7537821448254038,0.743796448549813
10209,737013.8631689118,0.6182127856274048,0.7679077283161623,0.7537821448254038,0.743796448549813
10229,737014.540670835,0.7502207940747152,0.8515578076534348,0.7867653657667607,0.7843721631332495
10231,737014.6704916754,1.5455319640685121,0.733605543755493,0.9364840580124029,0.7367495675144451
10236,737014.8486763018,0.764902218616295,0.8069660981310421,0.8449308986444588,0.7659514672015023
10237,737015.099724363,1.0395346641301244,1.0880028774194201,1.0395346641301244,0.9806649591363752
10240,737015.2866873223,0.764902218616295,0.8460282114998411,0.8449308986444588,0.7875806666639282
10268,737016.1694962257,0.8465779374332396,0.9120885726562638,0.8989277762551139,0.822952506621149
10273,737016.3254574301,1.3614247081606643,0.800207588096444,0.8292018747556121,0.7192574227104327
10279,737016.7939281112,0.8749522529186394,0.9226286413726138,0.8923859217190108,0.7795029162366057
10281,737016.8036304523,1.226820570348169,0.7755258605415213,1.226820570348169,0.7148880360547355
10283,737016.8501242572,1.09119216558606,0.7896263307331851,0.9350838127103508,0.6396585392373477
10286,737016.8744384139,1.132047227709898,0.8206145733637026,1.028592193981386,0.6590204581232957
10290,737017.0064843345,0.8500425802376818,0.9184475448105024,0.7455699260141662,0.7674280001503244
10350,737018.9101604215,2.0242539410744795,0.9411954716169545,1.513221191300529,0.8549103974473462
10352,737018.9598718497,1.1296677274940077,0.9175235533167292,1.1296677274940077,0.816002158064565
10359,737019.3608348075,0.81176538673505,1.044272445877692,0.8074532200060458,0.9274626818732397
10361,737019.374054987,0.7825125800058591,1.104138513313352,0.7702357796374182,0.9668893845712473
10362,737019.3740752462,1.6975680074394213,1.142880215534873,1.5262745370401825,1.0545782121271017
10411,737021.6351444984,0.8057411538093726,1.1061119512281212,0.7148880360547355,1.0318980458445035
10419,737021.8848963602,0.971576022154926,1.1061119512281212,1.2949147396197878,1.0318980458445035
10429,737022.2452856216,0.7668120868275715,1.0953202570069402,0.8112599288354643,0.9474137912374603
10442,737022.5836810328,0.9650988486738931,1.0041490911057844,0.8977663708594352,0.8893402359793553
10444,737022.7982352487,1.0490204876890143,0.7795029162366057,1.676224316117814,0.6830790692186907
10454,737023.0751646596,1.1007463827040946,1.5262745370401827,1.9651334022771583,1.1997085135448946
10455,737023.0768821572,1.5165839050589744,1.2473209663017675,1.9032825900142512,1.0808233712524367
10468,737023.3128345032,1.5556817262206037,1.2931845614985162,1.9230751966195654,1.0569113497645508
10489,737023.9966650619,0.9650988486738928,0.9528400873166033,1.5766466339722014,0.9100890232675019
10537,737025.5743528062,1.0453477682572805,0.9603563481890088,1.0830286331751913,0.8030098278642559
10538,737025.5745863956,1.0453477682572805,0.9603563481890088,0.9945675158089733,0.8030098278642559
10540,737025.5807741227,1.0453477682572805,0.9603563481890088,0.9945675158089733,0.8030098278642559
10545,737025.7485460052,0.9847947435447887,0.9603563481890088,0.9842367861830068,0.864080716589515
10555,737026.1813304638,0.7948817472438886,0.9913243608661183,0.8474038671282963,1.0227949754967884
10571,737026.5009438122,1.5760686843263172,0.792508178655569,1.5760686843263172,0.7828837909071902
10583,737027.676640852,1.5022765097282296,1.2116879818152402,1.0267009028445673,0.998877308377479
10611,737028.7356660904,1.3618990721704765,1.593741217993585,2.1138226995291025,0.9266596342174649
10619,737029.04546809,0.9971046778390986,1.451103280822321,1.4009499416233928,1.000020188593014
10630,737029.380725664,0.9847947435447887,1.2455864681737627,1.3160438845553089,1.012931736217497
10659,737030.7245258312,0.9847947435447887,1.2949147396197878,1.3160438845553089,1.012931736217497
10708,737032.1504009309,1.5611893140312978,1.170891985523473,1.816440798834894,1.055743491919507
10729,737033.0826209727,1.300282879949856,1.1479149301407536,0.9298496463923528,1.1301343395251908
10738,737033.5133427794,1.2408413768664333,1.150448958684111,0.7385960576585915,1.0028114146966738
10863,737038.8691925076,1.6450548556941358,1.6940564896935357,1.4822337266322587,1.0377406974988097
10868,737038.9097580386,1.7759253906824426,1.743517993042252,1.502749072329591,1.079311730173762
10915,737041.0470211221,1.2671722283649258,1.2378940101755398,1.3524741650966323,0.8360278780305759
10920,737041.1626397858,1.260854947461054,1.9066587010386673,1.2148097395895157,1.0503441728469813
10956,737042.3755778236,1.3381622691696837,1.4975671789767304,1.0749863413446832,1.0258924769368154
10972,737042.661539347,1.2671722283649258,1.04147357770564,1.173768870008789,0.9919337719736636
10975,737042.6833246434,1.1251152380913259,0.9441184389201126,1.0315783418129498,0.9492775560726815
10987,737043.0822944856,1.0592548339103705,1.3116276299091498,1.0592548339103705,1.4873098695316846
11011,737043.6851373033,1.1251152380913259,0.8823138458531077,1.0315783418129498,1.0340344807220283
11039,737045.2427202716,1.0592548339103705,0.8281038849850143,0.8707658785027607,1.0041490911057847
11043,737045.3930157186,0.8991604180191549,0.9960882612459906,0.9544933668203336,0.9666331870660614
11080,737047.0702859609,1.6388471015217048,0.7664020268880914,1.5400513542668495,0.8883296220748332
11130,737049.4271337667,0.9028991307759914,0.808742051961363,0.6681453567742336,0.9613289312962606
11257,737053.9328059879,0.8883296220748333,0.7944411254327779,1.6304570992954848,0.8788421218952819
11278,737055.8145552992,0.8609361976055654,0.8755937135146208,0.864267625678113,1.077653801248764
11386,737060.8420721802,0.9299667706707747,0.8773625897035391,1.0099871672168645,0.9162330841840756
11415,737062.4812681429,0.9608284997859554,0.9608284997859554,0.9608284997859554,1.2811046663812737
11467,737064.3996866569,0.9608284997859554,0.9608284997859554,1.5678501151741944,0.8783483903661271
11512,737066.110204479,0.9162330841840757,1.0251586482694786,1.2376267619004588,0.9420704596599822
11533,737066.9900138669,0.9028991307759913,0.9162330841840757,0.9028991307759913,1.1489272008022535
11547,737067.8848635445,0.8917751168444592,0.9260010275122639,0.8917751168444592,0.844200936744982
11559,737068.4284108958,0.880921869986312,0.9524001796123946,0.8298620673310544,0.9694073256769018
11574,737068.927926039,0.91968243226571,0.8944279947664225,0.91968243226571,0.7993149973679481
11583,737069.1422843132,0.6177730894783098,0.6681453567742336,0.6177730894783098,0.6681453567742336
11585,737069.1515613213,0.6739052305395286,0.6681453567742336,0.6739052305395286,0.6681453567742336
11586,737069.1524319651,0.6785851279738309,0.6168955708853009,0.6785851279738309,0.6168955708853009
11588,737069.1869287118,0.8917751168444592,0.9747257698576727,0.8534171041766955,0.787835794835831
11645,737071.8064075351,0.8126092176983919,0.8126092176983919,0.8126092176983919,0.8744184199394333
11646,737071.8295619658,0.7348468390917965,0.9870329134164808,0.9650988486738931,0.9006106767578956
11649,737072.0176094834,0.7786156050058297,1.113575594623722,0.847863413693984,0.9006106767578956
11720,737076.2346535197,0.9464044399828727,0.9983781193178198,0.9464044399828727,0.8843100310247208
11726,737076.578366551,0.8783483903661268,1.113575594623722,0.7912247646010663,0.9945675158089735
11758,737080.6248455418,1.015233853799809,0.9759426559623633,0.8883296220748333,0.6990655644317938
11779,737081.643145655,1.0285921939813853,0.9074810069620188,0.8985403073860383,0.7635946934562668
11791,737082.1696838668,1.173768870008788,1.0482970252837107,0.8233070746981078,0.8063823271413165
11852,737084.6968175701,0.8079897337734915,0.8843100310247207,0.9028991307759913,0.9162330841840757
11875,737085.6381048317,0.71587002511525,0.7786156050058297,0.9464044399828727,0.8843100310247208
11899,737086.9063808689,0.8803266525065913,0.8840600140524207,0.8803266525065913,1.0309661291471852
11946,737088.4237795466,0.781730067425853,0.836970093603697,0.9796116133156051,1.4059893299026127
11950,737088.4729315335,0.7545657021485068,0.7430894177051833,0.879138627334518,0.7605857826676915
12059,737092.842651891,0.8432902561228188,0.6410250655398548,0.8432902561228188,0.8494757592239645
12068,737093.3948870326,0.7724605409346373,0.6643127830260064,1.1702545919548695,0.9215798024472186
12072,737093.6120011826,0.6907268101840981,0.6643127830260064,1.1702545919548695,0.9314626957710489
12077,737094.007759267,0.6846985075051266,0.6307181272453865,1.3260900210786306,0.8216382090061517
12099,737095.0481334833,0.6482007192585847,0.6307181272453865,1.0555768657370699,0.9934841089290068
12205,737096.1501640591,0.7807541247698907,0.6260100640046872,0.7807541247698907,0.9289721538037466
12362,737099.6905012432,0.8063823271413162,0.6346683451613283,0.8194235507608522,0.889340235979355
12365,737099.7447056898,0.841248391095887,0.6193147692024981,0.841248391095887,0.5880196079927974
12557,737102.8772803501,0.8351816959677919,1.0402263039598842,0.728376489565202,1.0070596681814532
12612,737104.7412440984,0.784278974091651,1.0402263039598842,0.740800822009811,1.0742266336829547
12653,737105.9869556539,0.8863152691903099,0.9000921904730605,0.7669659724560737,1.3732631838838005
12654,737106.0096334385,0.6893563204813519,1.0519243506307134,0.6260100640046872,1.326090021078631
12666,737106.4494607385,0.8803266525065915,0.9000921904730605,0.7932319304168981,1.0592548339103707
12678,737106.9150657436,0.8642676256781127,0.8903531519656646,0.6440807994327886,0.9000921904730609
12748,737109.8520221935,0.9820729490274537,0.8174954953472973,0.7569402734697198,0.6042358009088722
12769,737110.5481733726,1.8679332554978565,1.4272588607149117,1.8679332554978565,0.7635946934562668
12775,737110.6386772041,1.8679332554978565,1.8679332554978565,0.7471733021991427,0.5903031792859733
12777,737110.6653494668,0.9466909687264342,1.2497682932467677,0.7801697279699131,0.8664229065401531
12787,737111.0010989362,1.3210478536981036,1.1777477475342424,1.1857869813058064,0.9698884211238875
12806,737111.3841362236,1.3787126409627033,1.1466520974343284,0.9441184389201123,0.9169365260913186
12841,737112.3086253428,1.3787126409627033,1.453705378755655,1.5510517210830415,0.9650988486738933
12843,737112.3346285007,1.9066587010386669,1.5760686843263176,2.208277026626705,1.0592548339103707
12876,737114.0189541681,1.5721067218217257,1.13541041020458,0.9704904623536355,0.8263531368137984
12930,737116.0708827486,1.5208756175600255,1.5908222780338885,0.8160021580645647,1.2815247006981194
12931,737116.1391692058,1.5388387154052232,1.4639139839435455,1.3028834457097558,0.9143041724278986
12951,737117.1760580325,1.768620062049442,1.8480616251202207,1.5388387154052232,1.1706050725155037
12977,737118.5173667378,1.5388387154052232,2.08045260791977,1.5510517210830423,1.1769498154559674
12991,737119.3114870611,2.4582706522825584,2.89529654602168,2.0013570594619905,1.2638199208824792
13002,737120.0736749992,1.591655169278933,2.4816827537328687,1.1014715120734644,1.2867984648985242
13017,737121.0012234449,2.198959402041781,2.025207428564386,2.198959402041781,2.0680689614440557
13019,737121.0302427025,1.8424614383774311,2.185129468695607,1.2320410834134798,1.116438256820699
13086,737123.5605611574,1.4918512737134604,1.8095603412635484,1.2811046663812737,1.240841376866434
13091,737123.7223836624,1.3732631838838005,1.6544551691552447,1.273590856021266,1.240841376866434
13093,737123.9024709192,1.3362907135484672,1.5580071099668218,1.3028834457097558,1.1623453286948346
13117,737124.5761638337,1.4476482730108395,1.8286083448557982,1.0395346641301242,1.3253117992352756
13138,737126.0163896759,1.6466141493962148,2.640979957519772,1.6784327803024213,2.5011724088668923
13151,737126.8417188735,1.7218723952111308,1.6466141493962145,1.6576125263482893,1.650826977994817
13155,737127.1448373348,2.0437387383682433,3.2470615469401984,1.9518853119247266,2.310077031400273
13170,737127.6460527994,1.7572609094351235,1.5510517210830415,2.1823843311721194,1.77263053838062
13176,737127.9455216877,1.9409809247072705,1.6623712225961784,1.9216569995719108,1.824766730685932
13191,737128.3591681457,1.6344415985606255,2.512447415969224,1.4861788354103675,2.268702517405048
13208,737129.0206504875,1.7471617088061857,1.6623712225961784,2.73332191407641,1.824766730685932
13273,737130.9547651415,2.2619504265794377,1.6623712225961784,2.043738738368244,1.9676772642865783
13293,737131.6519219037,1.8402308555222542,3.047680574759659,3.4286406466046206,2.9231359358872724
13298,737131.7899679844,1.7970806147720761,1.6466141493962145,2.6232552598183005,1.9504243199247837
13311,737132.3903927498,1.9487572905915143,1.6084980811231542,2.697481254057466,2.0082981822115693
13359,737134.1288035524,1.6865805122456383,1.4659729346945207,1.6492195515313353,1.0979354879576593
13374,737135.0312758138,1.828608344855797,1.9740658268329636,1.210108463507512,1.4749623913695347
13375,737135.0424149503,2.9951343579534604,1.6000323017488216,2.695620922158116,2.2938088832918235
13381,737135.8182821849,1.8882368778402252,1.381148529020942,1.2867984648985236,1.596670889350191
13382,737135.8239241614,1.3787126409627042,1.4265147215800247,1.0797376621904051,1.7031156153068705
13383,737135.9404857699,1.3787126409627042,1.4265147215800247,1.2276875813519488,1.7031156153068705
13724,737140.1378853859,1.6159794675469836,2.8713684753934015,1.4428388103098069,2.024253941074479
13756,737140.4195284802,0.8233070746981075,1.0884573481284507,0.9026906090367819,1.3317377639281998
13889,737142.0877293217,2.0132856776971937,0.911904423943836,2.212965512882813,0.9767868970142343
13921,737142.78148374,1.7674775426295135,1.0053113007019716,1.4686286827646198,1.1193156750083813
13930,737142.9285171822,1.8424614383774318,0.9123833653429657,1.8424614383774314,1.0406417298001243
13931,737142.9326284009,1.8424614383774318,0.9123833653429657,1.8424614383774314,1.0406417298001243
13958,737143.1588953229,2.0965940505674223,0.8985403073860383,1.5353845319811934,1.0524098915264586
14073,737143.6956933147,1.6544551691552452,0.8449308986444587,1.7882713960722127,1.018872684817013
14424,737145.1453761306,0.9350838127103508,1.9740658268329627,4.000080754372054,1.677532333531874
14490,737145.666399582,1.6544551691552452,1.4416414337037402,2.0132856776971932,1.645054855694135
14518,737145.8818767689,0.9350838127103508,2.144664108164206,4.000080754372054,2.0901873460584315
14781,737147.3551557369,1.6388471015217052,1.36325622122097,1.4339912138314919,1.645054855694135
14849,737147.8648571887,1.737177927613007,0.7786156050058298,1.8882368778402252,0.9306310326498255
14862,737147.9434278106,1.57925266146637,0.8400280114182819,1.8974030762763425,1.0700008974427941
15098,737152.1446076875,1.0229634477378522,0.9592850001879054,2.8018998832467843,1.2915821023145035
15137,737152.7510403087,1.0592548339103702,1.0207776284050791,2.664383324559826,1.3661581384373818
15145,737152.8600809233,1.0164338938161213,1.0207776284050791,2.664383324559826,1.3661581384373818
15268,737154.0906463866,0.8883296220748332,0.97411846408206,0.786053360910863,1.2731760055795658
15355,737155.0484386616,1.0541128201535237,0.877362589703539,1.6865805122456383,0.7638345159102418
15423,737155.9457251813,0.9565957751172945,0.978942479699953,0.8369700936036973,1.2233647377556391
15467,737156.6080006982,0.8460282114998411,0.8773625897035391,0.8460282114998411,2.554673422960304
15746,737158.7275947654,1.0541128201535237,0.9960882612459901,1.5650251600117182,0.9535407786298942
15762,737158.8382085591,0.946404439982873,1.0242794384510654,1.6311529836741852,1.9853462029862932
15899,737160.3594766629,0.9276192817351008,0.713257360790012,0.9276192817351008,0.7474948053412251
15905,737160.5097988232,0.8809218699863118,0.8781689891426047,0.8809218699863118,1.2148097395895154
16036,737162.5794326169,1.0857362047581294,0.8863152691903099,1.0430653495492945,0.8246097757656676
17094,737170.009686664,1.0541128201535237,0.9218514946059592,0.9544933668203338,1.5622103665584604
17249,737172.9367888352,0.8899477088181389,0.8899477088181389,0.973754443729264,1.0360902152761475
17307,737173.7655115551,1.0541128201535237,1.0152338537998096,0.9603563481890088,1.0232068945364572
17388,737175.1575386111,0.8211450288086695,0.8827123615919752,0.8211450288086695,0.7700256771334251
17396,737175.2097801078,0.5842526662375584,0.6243850378800745,0.6658688819640998,0.6482007192585848
17397,737175.2110852409,0.5842526662375584,0.6243850378800745,0.6658688819640998,0.9870329134164814
17398,737175.2165064529,0.5544184875360662,0.5697741016223419,0.6433992324492619,0.8944279947664223
17399,737175.216880082,0.5101844133958905,0.5697741016223419,0.6194374543786476,0.8252626734503599
17400,737175.2304385175,0.5771355241239227,0.5101844133958905,0.6762370825483159,0.7676922659905965
17401,737175.2328769147,0.4749271369537383,0.6021413960530353,0.5089388459803733,0.6930231094200828
17404,737175.238793773,0.4226710286163034,0.6021413960530353,0.46017958347364435,0.6930231094200828
17420,737175.3761705796,0.7864487599857678,0.7664020268880911,0.9759426559623635,0.9769405523386034
17421,737175.3909392811,0.5272163664986363,0.6107266151764478,0.5790593092043357,0.7418073448658029
17459,737175.9300263404,0.4720592194600563,0.5790593092043357,0.5723815247489314,0.7418073448658029
17461,737175.940609483,0.4720592194600563,0.5135238806288449,0.5557699037153131,0.7418073448658029
17472,737176.0237675118,0.5681177815594863,0.5147193859594096,1.1084081904723364,0.6355529003462219
17565,737177.5176847088,0.4825494243369464,0.6013308210968101,0.5193357033222742,0.790732249963904
17573,737177.688953699,0.48188014635589654,0.6013308210968101,0.5193357033222742,0.790732249963904
17588,737177.8934535219,0.8883296220748329,0.8883296220748329,0.8883296220748329,1.0592548339103702
17656,737179.0015312603,0.7153085584288851,0.5232463637388576,0.926494894726937,0.6610266086807486
17658,737179.0456053846,0.6846985075051267,0.6536204577139242,0.5154830645735926,0.7641545136127599
17728,737180.1910132861,0.6846985075051267,0.6536204577139242,0.4900360867737679,0.7641545136127599
17729,737180.1935250778,0.7786156050058299,0.6065565389710219,0.7786156050058299,1.0545782121271017
17859,737183.1442050732,0.9013659058369378,0.7096315063778624,1.014275860071289,0.7452791421116647
17884,737183.9455011445,0.7272874098858284,0.5932984725454259,0.7272874098858284,0.6196159923392697
17902,737184.7164425226,0.8666630459266667,0.6455728785048338,0.7119581670545111,0.7294351763232912
17916,737185.055739237,0.7272874098858284,0.6647364518927322,0.7272874098858284,0.6196159923392697
17923,737185.1165619921,0.8061150476162448,0.6959847466398265,0.8061150476162448,0.6332361826049844
17939,737185.7523723571,0.808742051961363,0.7445048261198599,1.0036217018772626,0.6974071972169007
17953,737186.3349227612,1.7143203233023097,0.6324676920921143,0.9129313433401686,0.6324676920921143
17967,737186.891989172,0.7786156050058299,0.7360923422089012,0.7786156050058299,0.7755258605415208
17998,737187.6823558592,0.6260100640046872,0.6260100640046872,0.6260100640046872,0.6260100640046872
18000,737187.7251871196,0.7786156050058299,0.6653536630829762,0.7786156050058299,0.605126287753727
18016,737188.2043829915,0.9066690645161833,0.9400313461109346,0.9339666277489287,0.9890764598210705
18041,737188.7833001076,0.8012813319248185,0.9938088830738029,0.8012813319248185,0.7464436407712141
18045,737188.889556369,0.7037179104913802,0.9260010275122639,0.8211450288086695,0.7140865920681271
18064,737189.1767361187,0.7037179104913802,0.9260010275122639,0.8211450288086695,0.7140865920681271
18223,737194.139013977,0.6305546016744128,0.7325449092344006,0.9066690645161833,0.7455699260141662
18244,737194.8227019515,0.9759426559623635,0.9571228251311334,0.9759426559623635,0.8272275845776226
18264,737195.3002237993,0.5632061004509029,0.5972615664681262,0.6893563204813519,0.5650671697625952
18276,737195.732465798,0.6670051769845163,0.7649022186162949,0.6670051769845163,0.7502207940747153
18356,737199.3843391237,0.6772623499465915,0.5972615664681262,0.8042490405615775,0.5650671697625952
18400,737201.4751457477,0.8599890730757461,0.8061150476162445,0.8599890730757461,0.8061150476162445
18410,737201.6185687712,0.6482007192585846,0.9350838127103508,0.6482007192585846,0.9350838127103508
18415,737202.085085928,0.8397959594814262,0.8760983784791821,0.8042490405615775,0.7380167666329767
18459,737204.406205429,0.9518783165002777,0.7958275846394665,0.6933583891053368,0.7588478850460045
18561,737209.7370143707,0.7430894177051834,0.8211450288086691,0.7502207940747152,0.8985403073860381
18593,737210.9348829385,0.7430894177051834,0.7430894177051834,0.7502207940747152,0.8985403073860381
18605,737211.4086953445,0.8328935269377429,0.8328935269377429,0.8453420572326068,0.8042490405615772
18608,737211.4828582052,0.9518783165002777,0.9518783165002777,0.8985403073860381,0.9191417606418025
18621,737212.0968787005,0.7790035549834111,0.7524904389412777,0.5735964855325968,0.9184475448105024
18629,737212.3646358656,0.7790035549834111,0.7790035549834111,0.9047801706317744,0.9759426559623635
18646,737213.1095670288,0.8977663708594352,0.8977663708594352,0.7709369501241156,0.8143021535685969
18648,737213.1272911779,0.8977663708594352,0.8977663708594352,0.7864487599857677,0.7238241365054195
18660,737213.3931565451,0.7790035549834111,0.7790035549834111,0.8098731597263435,0.8578656432656824
18674,737213.8117560421,0.831627731304099,0.831627731304099,0.8628367190130829,0.877362589703539
18675,737213.9239283315,0.8977663708594352,0.8977663708594352,0.8823138458531076,0.604385958911086
18676,737213.9265554604,0.831627731304099,0.7487835894883651,0.8213607222756534,0.8931506054565589
18679,737213.9687467549,0.6518491285602278,0.6592705607639495,0.588873873767121,0.5353398852428373
18686,737214.1483255052,0.824609775765668,0.824609775765668,0.9026906090367819,0.9704904623536352
18708,737215.2440231324,0.824609775765668,0.824609775765668,0.8685889638065035,0.9704904623536352
18745,737216.7163221767,0.5681177815594863,0.8316277313040992,0.660523926849052,0.5801643842219013
18752,737216.9999992034,0.824609775765668,0.9898449729988643,0.8685889638065035,1.070444145536184
18786,737218.7492526202,0.9892812799618491,0.6151479913643793,0.9892812799618491,0.5898736596309022
18802,737219.8606928729,0.7790035549834111,0.9715760221549258,0.8661143513740062,0.799314997367948
18812,737220.6704952389,0.7166575608964552,0.6620342711939814,0.6881426649875467,0.5471426543663015
18843,737222.0881774208,1.1368965494849523,0.689356320481352,1.1368965494849523,0.9284205076316546
18880,737224.1734979097,1.3404150676026292,0.6620342711939814,1.3404150676026292,0.714561304776831
18897,737225.0253987748,0.5976529567475942,0.6640588408306602,0.5640188076665608,0.6345211586248809
18899,737225.273485286,0.689356320481352,0.5816443954061409,0.8228737551851087,0.6569160230469356
18902,737225.6544008395,1.4476482730108395,0.7402746850623609,1.4476482730108395,0.9026906090367819
18925,737227.9170108408,1.338578882578516,0.6739052305395288,0.7562341724683488,0.6799130832144843
18940,737229.1137493947,1.416177658380169,0.9650988486738928,1.416177658380169,0.620420688433217
18952,737229.7179349802,1.2337911417706016,1.101028263980075,0.9186998655645712,0.7055325518283875
19014,737232.8731136196,1.4771921153171832,1.1773043184124294,1.4771921153171832,0.9441184389201126
19015,737232.8759406888,1.4771921153171832,1.504050153777495,1.4771921153171832,0.8497065950281013
19090,737236.5912402234,1.250586204433448,1.2731760055795658,0.6239863245736377,0.5401672660488207
19092,737236.7239000692,0.9284205076316547,0.8582894899273751,0.9284205076316547,0.6180128461753907
19101,737237.3723385999,1.4749623913695347,1.1773043184124294,0.8668552532999035,0.854910397447346
19116,737238.2761719415,1.0022180351613503,0.7783055231241073,1.0696908421262359,0.5854459927617365
19163,737241.0144258344,1.3217658144881577,1.1135755946237225,0.7709369501241156,0.5368287786195943
19182,737242.0235248478,1.3959465489747376,1.2063735608423658,1.2337911417706013,0.5640188076665608
19302,737247.3391978063,1.0767631782725255,1.184439496099778,1.57925266146637,1.0029895655964243
19342,737248.9966769518,0.8590440301383004,0.9747257698576723,1.1214176762760022,0.7925081786555692
19430,737253.9865604037,0.8194235507608526,0.8384063357205633,1.2811046663812742,0.8432902561228189
19531,737259.493059796,0.8109233064583541,0.7430894177051838,1.1667612946654526,1.028592193981386
19571,737260.407289176,0.7950471064590423,0.7430894177051838,1.418104430704496,1.107266384455883
19574,737260.5713919401,0.6184573318242509,0.6184573318242509,0.6184573318242509,1.1395482032446844
19637,737263.1475255367,0.6184573318242509,0.7950471064590423,0.6184573318242509,1.0070596681814536
19723,737266.268576215,0.7360923422089013,0.7635946934562668,1.3160438845553089,1.107266384455883
19750,737267.097229406,0.814302153568597,0.814302153568597,1.1078940864878872,0.8616954006016903
19768,737267.8923447023,0.6184573318242509,0.6184573318242509,0.6184573318242509,0.6184573318242509
19843,737272.1495565054,0.580995962412377,0.7635946934562668,0.580995962412377,0.8642676256781129
19873,737274.9594785781,0.6214070488281823,0.6971018971159739,0.6214070488281823,0.6569160230469356
19878,737275.302055375,0.8228737551851089,0.7848695456082865,1.0918017701478395,0.7848695456082865
19934,737279.7342866713,0.6881426649875468,0.6871748131380567,0.7430894177051838,0.8666630459266667
20013,737284.5516442715,0.6881426649875468,0.6881426649875468,0.6881426649875468,0.7896263307331851
20029,737285.9580250883,0.6917965198458877,0.620420688433217,0.6917965198458877,0.620420688433217
20072,737287.040691235,0.6640588408306604,0.7004749708116965,0.6482007192585848,0.6550444674257192
20152,737289.170501476,0.6624831079880114,0.6418145052757417,0.6174803060235807,0.5994862480259611
20170,737289.9456997153,0.7250325240454956,0.8917751168444596,0.7250325240454956,0.805492083900931
20203,737291.38818864,1.0099871672168648,1.0099871672168648,1.0099871672168648,0.6174803060235807
20241,737293.3136975565,0.5940198080743566,0.8405699649740358,0.5940198080743566,0.6917965198458877
20302,737295.8577626543,1.1135755946237222,0.7755258605415212,0.6355529003462222,0.5940198080743565
20307,737296.0466736527,1.0099871672168648,0.8405699649740358,0.6624831079880114,0.8590440301383004
20313,737296.1620443759,0.9464044399828733,0.6809495360852381,0.9464044399828733,0.6015159029130912
20352,737297.1592750677,1.2443967962843894,0.9441184389201128,0.8651284500064776,0.9587074655700926
20392,737299.1694895659,1.7798954176362782,1.0285921939813858,0.620420688433217,0.5949239478126737
20471,737303.168450628,1.1199571166559505,1.6920564229996833,0.7944411254327778,0.9627217579136126
20482,737303.811754334,1.9185700003758117,1.7798954176362782,1.9185700003758117,0.6881426649875468
20523,737305.6852811493,1.371456258641848,2.090187346058432,1.3571702559476622,1.0563919830079098
20529,737306.3796577603,1.0152338537998093,1.592413100311924,1.0152338537998093,1.0618446990299555
20542,737307.0430835335,1.8444939385852392,1.7499045058372784,1.8444939385852392,1.7499045058372784
20611,737310.1490675475,1.0152338537998093,2.0879542399194797,1.0152338537998093,1.034034480722028
20614,737310.4101989954,1.2291353261412785,1.1964035314139163,1.2291353261412785,0.8773625897035388
20616,737310.5202601544,1.4573640332323883,1.3385788825785159,0.8143021535685973,0.8311856112980895
20660,737313.7767871273,1.6134779513433508,1.4564753966267598,0.991539913021123,1.1428802155348734
20667,737314.1089504156,1.6134779513433508,1.4564753966267598,0.9111073046921367,2.0199743344337304
20685,737314.9329499695,1.8559593243728716,1.4564753966267598,1.3571702559476622,1.5328040537761836
20687,737314.9474127552,1.5561040068194691,1.4389275002818585,0.9240308125601103,1.5510517210830423
20717,737316.6278935964,1.5561040068194691,1.2887076614339816,1.2291353261412785,1.4133844085608789
20720,737316.7878896577,1.769347889235471,1.7588250045926088,2.159475324380811,1.4365975228351842
20721,737316.9188519332,1.6337096497927968,1.3847070437494988,1.538838715405223,1.509131404297014
20751,737318.876437516,1.5561040068194691,1.5561040068194691,1.139133067287218,1.395946548974738
20811,737321.3921157506,1.5903741590823308,1.5468022643129518,1.2291353261412792,0.9260010275122639
20855,737323.0944487244,1.6639635321963673,1.6940564896935357,1.139133067287218,1.1643283697138123
20874,737325.1433505899,1.9666165218260463,1.8734271768375574,1.642290057617339,1.225282237344597
20901,737326.6706743406,1.6508269779948166,1.8415313720279234,1.2035874787157095,1.0251586482694786
20947,737328.6804327728,2.1798564728734653,1.322724310365234,1.8951031937596448,1.0186011302634903
20987,737330.4631476817,1.8612620652996494,1.8612620652996494,1.8612620652996494,1.8612620652996494
21006,737332.0126992192,2.059154871093003,1.9263061697321642,1.1623453286948349,1.0982159312496023
21053,737333.7192538367,1.871958973720912,1.7726305383806187,1.180148048650141,1.2155825193220788
21071,737334.6211330097,1.536089807374845,1.8350471066334575,1.536089807374845,1.4516807194537669
21073,737334.6387499433,1.7086996009308257,1.2867984648985233,2.2190229002355943,1.489009652239721
21083,737335.066056406,1.9263061697321642,0.9915399130211228,1.3196793648993843,0.9240308125601103
21091,737335.3783560963,1.8095603412635481,1.6768126714411258,1.2505862044334481,1.4389275002818585
21093,737335.4247369465,1.3927811372990577,1.1567165377568445,1.1898478956253475,1.258824585226817
21108,737335.9032789867,1.4432747132736459,1.6975680074394202,1.4432747132736459,1.5238402873798313
21109,737335.9040886428,1.4924209000111741,1.5714602963604503,1.4924209000111741,1.566307967519925
21162,737338.0538770999,1.5818673181906515,0.8707658785027603,2.832355316760335,0.8194235507608526
21211,737340.9762379605,1.6650267676801975,1.4744565743628912,1.6650267676801975,1.551051721083041
21266,737343.5081197914,1.3614247081606636,1.1737688700087883,2.7285517187638835,1.0248837331050187
21328,737346.8820564371,1.329472903785464,1.2063735608423658,3.317527292316503,1.8095603412635484
21342,737347.4674131724,1.177304318412429,1.1550385157001375,1.3727699140620024,1.0528351076442466
21343,737347.4945388511,1.2063735608423658,1.0650273398172392,1.3281176816613203,1.189847895625347
21370,737349.6525827919,1.2527725439516877,0.9218514946059592,1.2527725439516877,0.9006106767578954
21395,737350.7594354211,1.2964014385171703,1.2964014385171703,1.1199571166559503,0.8599890730757463
21412,737352.125027738,1.113575594623723,0.9482412268629951,1.0078563926024828,0.6407623503490602
21416,737352.3358575216,1.4721846844178024,1.8437029892119192,1.5953674845425567,0.9624254446609456
21460,737355.467938636,0.8827123615919754,0.9306310326498255,0.9503161529611638,0.8616954006016903
21522,737360.0930035556,1.0670626090988986,1.3618990721704767,1.0670626090988986,0.992673101493147
21525,737360.1760560671,1.038982014122612,0.931962407517708,1.4192630127557242,1.1264122009018056
21540,737360.7139453515,1.4380611983551388,0.9306310326498255,1.0994797010208908,0.9892812799618494
21564,737362.8044758133,1.0592548339103705,1.0967032371294239,1.0205353360650824,0.8863152691903099
21647,737366.7719573564,1.0592548339103705,1.104138513313352,1.0592548339103705,0.9983781193178203
21711,737369.2351380317,1.0291338433726347,1.0464927274777154,1.7946052971208764,1.1496030403321373
21751,737370.6172157719,1.0708631060628129,0.9350838127103508,1.0708631060628129,0.9143041724278986
21800,737372.4943822838,0.9571228251311334,1.119315675008381,1.4659729346945218,0.8863152691903099
21805,737372.6472185432,1.2542800921393555,1.0507124562175447,1.1550385157001377,0.9240308125601105
21808,737372.8356692186,1.0395346641301242,0.9983781193178203,1.4009499416233928,0.8707658785027607
21809,737372.8767866476,1.065027339817239,0.9845466844154325,1.0242794384510654,0.8351816959677919
21827,737373.4642743127,1.1050750175655264,1.0242794384510658,1.4476482730108393,0.9845466844154325
21851,737374.6823007411,1.0708631060628129,0.9983781193178203,1.1022702586376951,1.4584516183318164
21857,737375.2339348608,0.7720790789391142,0.9350838127103508,0.7562341724683492,0.8744184199394333
21882,737376.5410203296,1.054112820153524,0.844200936744982,1.2588245852268167,0.7944411254327778
21921,737378.4554173789,0.9759426559623637,1.0687336243704186,1.3160438845553086,1.0911921655860597
22021,737385.0419739912,0.8303909787825084,0.9064970210504307,0.9461753418371499,0.8482314099672889
22023,737385.0709998744,1.0708631060628129,0.7423837297491485,1.0925647343478033,0.6807123540803321
22096,737392.7053789386,1.0318011449105333,1.0099871672168645,0.8303909787825084,0.7513745361647953
22097,737392.7066222137,1.0618446990299555,1.0099871672168645,0.8303909787825084,0.7531118183293384
22099,737392.959479093,1.1161774067606938,0.9931890438535907,0.8449308986444587,0.8102508990732309
22111,737394.7310105476,1.0711298881021905,0.978942479699953,1.1135755946237227,0.978140725007324
22150,737397.744891839,0.9960882612459906,1.0315783418129498,0.9085658617222842,0.9565957751172948
22162,737398.7979004729,1.142880215534873,1.1769498154559668,1.1339281511834254,1.0057345896706884
22206,737401.5148459013,1.2063735608423662,1.2773367114801524,0.9181701520153314,1.0057345896706884
22220,737403.4604440226,1.0318011449105335,1.1251152380913259,0.9294239885089044,1.0592548339103702
22266,737407.0899637317,1.240841376866434,1.3081159093471437,1.240841376866434,1.2094276711229797
22274,737407.9388725585,1.1264122009018058,1.1264122009018058,1.1264122009018058,1.1264122009018058
22305,737410.1306204934,1.223364737755639,1.1264122009018058,1.223364737755639,1.077653801248764
22321,737410.9358083443,1.223364737755639,1.1264122009018058,1.223364737755639,1.1264122009018058
22367,737413.0549299506,1.3700141384960625,1.2373062162485808,1.3700141384960625,1.3362907135484672
22443,737415.66406398,1.1916616881491668,1.1231753842325478,1.240841376866434,1.2337911417706018
22479,737418.8080105062,1.3807050002704537,1.2538685829227745,1.04397711995974,1.273930480249539
22487,737419.8558654889,1.442838810309807,1.2925431009025352,1.442838810309807,1.226820570348169
22696,737421.9734140788,1.5735307315335214,1.0563919830079096,1.502749072329591,1.0738050376728754
22733,737423.4657748555,1.405070382628168,1.2003113821446658,1.2165111537906215,1.1135755946237225
22751,737424.6219008099,1.3445649594527922,1.0205353360650826,1.2515691121131174,0.8233070746981077
22776,737426.0348896802,1.3281176816613207,1.3875223064001658,1.3281176816613207,1.3875223064001658
22909,737434.691400935,1.3649255145530772,1.426041582368887,1.3307073261659526,1.3233349864088004
22947,737438.3549186557,1.2773367114801524,1.2773367114801524,1.2848949168735262,1.3831034455517577
22971,737439.28193225,1.0490204876890141,1.0490204876890141,1.0340344807220283,0.7976837422712789
22993,737440.3147716776,1.2373062162485804,1.3968535967648452,1.2624839590210808,1.6304570992954852
23081,737447.3858364178,0.88631526919031,0.88631526919031,0.88631526919031,0.9258215699487926
23085,737447.5567506497,1.054112820153524,1.054112820153524,1.054112820153524,0.9709835977511727
23091,737447.852828923,1.1567165377568451,1.1567165377568451,1.1567165377568451,0.9385538901641983
23095,737448.4705453824,1.2378940101755398,1.2378940101755398,1.2378940101755398,0.9612151510937165
23427,737448.9099072171,1.2373062162485804,1.2373062162485804,1.1022702586376951,0.8724665931092114
23544,737448.966811297,1.3487406270287317,1.3487406270287317,0.8954525400067048,0.792508178655569
23545,737448.9677642543,1.3487406270287317,1.3487406270287317,0.8954525400067048,0.805907286006034
23851,737449.1250633427,1.3487406270287317,1.3487406270287317,0.926220459035371,0.9571228251311332
23914,737449.1586532273,0.8549103974473456,1.3294729037854642,0.8460282114998411,0.9571228251311332
24083,737449.2606463307,0.7786156050058297,0.7786156050058297,0.7786156050058297,0.8557526737009886
24254,737449.3797015887,1.3875223064001652,1.2899836096136192,1.225282237344597,0.9119044239438354
24975,737449.8904903819,0.7817300674258529,1.2899836096136192,1.3385788825785154,0.9119044239438354
24984,737449.8955982208,0.7770676614571103,1.2671722283649254,0.7770676614571103,1.1483748319557137
24990,737449.9002938827,1.6249113268489004,1.3200440179430142,1.2604853036769836,0.9603563481890086
25143,737450.0094729994,0.7770676614571103,1.0464927274777147,0.7770676614571103,0.9380010408277571
25588,737450.3856575895,1.130975213289718,1.0464927274777147,1.130975213289718,1.0464927274777147
25817,737450.6506796472,0.7224861990996791,1.0882094079580338,1.2946447970015638,1.2538685829227745
26228,737451.0842481636,1.0464927274777147,1.2815247006981194,1.0563919830079096,1.3478104610790569
26344,737451.1933302416,1.7068342083533907,1.5149807508252964,1.0560352143544114,1.0624941453290562
26765,737451.7775344796,1.2312472425092194,1.255186363882231,1.2312472425092194,1.255186363882231
27501,737452.8855649699,1.0830286331751913,1.2063735608423658,0.9328521091000634,1.00221803516135
28406,737454.6505298378,1.0129317362174963,0.7090522153522476,1.0129317362174963,1.4639139839435449
28418,737454.7298357759,0.6591315914214612,1.0789925016229853,1.3762853299750935,1.0723320540821029
28704,737456.0489081074,0.6482007192585846,0.5812736851477556,0.6482007192585846,1.0519243506307137
28901,737456.8829902593,1.3414501371529004,1.1515383989858943,1.3414501371529004,1.0974950806219357
28907,737456.9016180586,0.6715894050050283,1.1259486567862087,1.067937250581767,0.9712656144801156
28909,737456.9031693124,0.747351880904257,1.02704776125769,1.1167572391797906,1.0742266336829547
28965,737457.0209720262,0.7504008326622058,1.3959465489747371,0.7504008326622058,1.3959465489747371
28985,737457.0539895268,0.747351880904257,1.02704776125769,1.1167572391797906,1.0742266336829547
28991,737457.0766096093,0.8561360754365178,0.7839250575870971,0.974946796109341,0.8954525400067049
29059,737457.3177774164,0.7516635263710125,1.459813384548745,1.126412200901806,1.459813384548745
29180,737457.7364134925,0.7504008326622058,1.3959465489747371,0.7504008326622058,1.3959465489747371
29270,737457.9889410018,0.6917965198458875,0.6566007285794304,0.6917965198458875,0.6566007285794304
29276,737458.0018306184,1.2307940782683242,1.4476482730108395,1.2307940782683242,1.4476482730108395
29280,737458.0158836239,0.740800822009811,0.6566007285794304,0.740800822009811,0.6566007285794304
29296,737458.0517308748,0.7619201436899155,0.7134200934755677,0.7619201436899155,0.7134200934755677
29458,737458.5331109698,0.6386683557400762,0.6116823688778195,0.6386683557400762,0.6116823688778195
29552,737458.9184239502,0.7839250575870971,0.713257360790012,0.974946796109341,0.8954525400067049
29673,737459.3803237731,0.8098731597263434,0.7956540126471789,1.9740658268329627,0.7956540126471789
29830,737459.8902311432,0.7912247646010658,0.8054920839009306,2.0790693282602493,0.8054920839009306
30462,737464.9128682882,0.6976618183184768,0.7770676614571107,0.6797652760224812,0.8065468949631819
30506,737465.3159027634,1.2320410834134796,0.8534171041766958,0.9737544437292638,0.8285427317709095
30530,737465.6086161407,0.8421222640783277,0.7502207940747152,0.6930231094200827,0.8096035614707757
30546,737465.7240047298,1.2820501310797106,0.816343011096338,1.1581186184086718,0.854910397447346
30549,737465.7488625178,0.760252922368931,0.8308242262496992,0.7255516404111605,0.8631940012983885
30591,737466.026009349,0.8432902561228192,0.8308242262496992,0.8432902561228192,0.8631940012983885
30653,737466.3682510727,1.1632887908122818,1.0295774355465022,1.395946548974738,0.8948375313940627
30862,737467.6614949093,0.6334927612851322,0.7282376983133795,0.6361170840127522,0.6647364518927322
30887,737467.7806650713,0.6915517227758786,0.7282376983133795,0.7013451260549407,0.6647364518927322
30893,737467.8084402819,0.9624254446609459,0.688445678050069,0.9624254446609459,0.7178421188483501
31001,737468.5279686258,1.0340344807220283,0.688445678050069,0.9624254446609459,0.7178421188483501
31017,737468.6479049508,0.6807123540803319,0.688445678050069,0.6611040122649033,0.7178421188483501
31020,737468.6547082763,0.9845466844154325,0.643032831975202,0.8298620673310546,0.6819500129059325
31023,737468.6969773911,0.9143041724278986,0.643032831975202,0.8298620673310546,0.6819500129059325
31025,737468.7121814463,0.6062486422507323,0.643032831975202,0.6055899150045344,0.6670650894229412
31042,737468.7639521438,0.9847947435447887,0.6320293915431939,0.897977312205972,0.6712434032507756
31073,737468.9109636019,0.6017937393578546,0.6320293915431939,0.5868844350043944,0.6712434032507756
31075,737468.9245939517,1.8095603412635501,1.8095603412635501,0.8366443609344604,0.7238241365054195
31086,737468.9524330491,0.624538524860871,0.6475563845475921,0.6080122746645525,0.6816281106104848
31127,737469.1418717426,1.6354185511001122,1.6354185511001122,0.7686627998287642,0.7238241365054195
31173,737469.4146000601,0.6924968959732943,0.6805790117974562,0.6688313376333448,0.70616988927358
31272,737470.1696701078,1.5388387154052237,1.5388387154052237,0.7311354914196158,0.6992218849962909
31303,737470.4061990438,0.8714939436185657,0.6476321221364281,0.8194235507608526,0.678585127973831
31306,737470.4191831748,0.8714939436185657,0.6476321221364281,0.8194235507608526,0.678585127973831
31406,737470.9877150751,0.8460282114998411,0.6476321221364281,0.778131210576935,0.6229633961726972
31420,737471.0452050966,0.8714939436185657,0.6681453567742335,0.8194235507608526,0.6939459098320934
31513,737471.5884668172,0.7497068738157248,0.6681453567742335,0.722219204938889,0.6939459098320934
31524,737471.6262033494,0.6912927146400077,0.6910883715378378,0.6715894050050285,0.7114916151757074
31525,737471.6284978642,0.9934841089290077,0.7202230213984275,0.9266596342174649,0.7341779277948339
31608,737472.0614496951,1.437003800415171,1.596670889350191,0.9191417606418026,1.3340103539690331
31625,737472.145804805,0.6707250685764506,0.676237082548316,0.705264543261691,0.7341779277948339
31789,737473.0968038554,1.0378360780776241,0.7783055231241072,1.0398600270922933,0.7341779277948339
31954,737473.9551704418,1.088760539590325,0.746943826369229,1.3392340851642124,0.8508626584226974
31955,737473.9610005646,1.0618446990299557,0.7487835894883651,1.688922985179312,0.8475692464934657
31988,737474.0927609983,1.0618446990299557,0.7487835894883651,1.688922985179312,0.7464004463009422
31993,737474.1122145884,0.8739672236443149,0.7947261778638623,0.7429610110320015,0.7483386794530185
31994,737474.1159638237,0.931962407517708,0.7763413451477684,1.4181044307044952,0.8609361976055652
32004,737474.1633352838,0.8744184199394334,0.7763413451477684,1.4181044307044952,0.8609361976055652
32014,737474.1989672189,0.9028991307759914,0.7888295332248769,1.4584516183318152,0.8673498925314584
32070,737474.5607715201,0.8565966112490174,0.8309763500666448,1.1199571166559503,0.8970470067802209
32274,737476.0861863054,1.1706050725155037,0.8903531519656643,1.0496543369262883,1.1808611290420745
32277,737476.0964224946,0.8739672236443149,0.8309763500666448,0.7499078891722818,0.7505088972982461
32289,737476.1467068082,1.632686022192676,0.9629589399185186,1.2307940782683242,1.3028834457097553
32340,737476.6199767744,1.4609294498274525,0.810923306458354,0.9847947435447885,0.6992218849962909
32341,737476.6217570965,1.4609294498274525,0.810923306458354,0.946404439982873,0.6506284373082423
32468,737477.6927014043,0.6713232181619824,0.7238241365054195,0.6690030529960234,0.6929042171384873
32610,737478.588733191,0.810923306458354,0.7585929814903961,0.9101980159648987,0.8515578076534346
32710,737479.4277849449,1.1973030829412958,0.9143041724278986,0.8092443762172391,0.9327129812687289
32732,737479.6725156151,0.8335786600830168,0.7864487599857678,0.9759426559623635,1.076763178272525
32809,737480.39167297,1.3610368378734385,0.7494296495310644,1.0592548339103705,0.8042490405615773
32813,737480.5005119776,1.2557912729732583,0.7801697279699135,1.2557912729732583,0.5876785952682703
32851,737480.922193474,0.6530744088770702,0.6924092714135103,0.6953768996995298,0.7238241365054195
32879,737480.993046227,1.2155825193220788,0.6982226397158388,1.2155825193220788,0.8709113941910126
32937,737481.3963647417,0.721637356636823,0.7787981215564642,0.713629430357456,0.7423837297491485
33037,737482.0796102517,0.7605857826676916,0.7787981215564642,0.6774708666799495,0.7423837297491485
33258,737484.0184417295,0.8000161508744111,0.8788421218952819,0.713629430357456,0.7423837297491485
33277,737484.1766640086,1.3385788825785159,1.502749072329591,1.2452888369985713,1.3478104610790576
33360,737484.9804290476,0.9390150960070308,0.9390150960070308,0.7293495115932471,0.6712885136945423
33394,737485.2633848165,1.223364737755639,0.99049618679689,1.1362355631189727,0.7795673965837178
33417,737485.546886248,0.8967732664668919,0.9441184389201126,0.7691165559089466,0.7339475510019988
33442,737485.9658330246,1.1391330672872177,0.9734186663348747,0.7282376983133794,0.7462104500055873
33479,737486.2882290691,1.2138665643258586,0.9801785181844225,0.738775546372482,0.7597702561512871
33507,737486.4993002301,1.395946548974738,0.9382905473218405,0.9006106767578954,0.7801697279699135
33581,737487.0534555581,1.273176005579565,0.8599890730757461,0.7654232248103288,0.7294980099158765
33586,737487.0881885194,1.214809739589515,0.9062324662507663,0.7654232248103288,0.745879719612233
33590,737487.093266664,1.1953059134951884,0.8672547257668626,1.028592193981386,0.7505088972982462
33591,737487.0942868647,1.0918017701478397,0.8967732664668916,0.7223193046207931,0.7463707530023661
33592,737487.0969588881,1.0563919830079096,0.8748378052727375,0.7341015583219266,0.739618063911871
33594,737487.097959065,1.0738050376728752,0.9319624075177078,0.7603809110764005,0.7603033370189555
33595,737487.1043850329,1.0738050376728752,0.9704904623536355,0.7603809110764005,0.7755258605415212
33599,737487.1184232278,1.1251152380913256,0.966441128018363,0.7780989390436495,0.7743058408343242
33601,737487.1328000248,1.0453477682572796,0.9710932514606874,0.7706112479905608,0.7829044240619462
33669,737487.7255160252,1.1953059134951884,0.948972518297594,0.9492775560726817,0.7892042963501102
33820,737489.684065026,1.2369146636485018,0.930631032649825,1.1362355631189727,0.8285002424000494
33821,737489.6926730435,1.2624839590210808,0.9667514151955947,1.1674582846861608,0.8397234695410306
33899,737490.3874193561,1.1581186184086716,0.9870329134164814,0.8368757764869963,0.9006755295466011
33902,737490.4372101768,1.8444939385852392,1.0524098915264584,1.021869369184122,0.9116868894915591
33935,737490.7849219411,1.2624839590210808,0.9482412268629951,1.1167572391797904,0.8560007179542355
34019,737491.7257392437,1.5561040068194687,1.675734335318013,0.8332587910653334,0.8737668413850818
34066,737492.1664175154,1.2252822373445977,1.1593076518977972,1.1167572391797904,0.8560007179542355
34097,737492.5830604176,1.0830286331751917,1.0830286331751917,0.7864487599857678,0.8494757592239645
34098,737492.5902013927,1.1795652594903134,1.1795652594903134,0.8634085127301231,0.7825125800058589
34248,737494.0356339423,1.193116708525417,1.2796890811145543,0.8263531368137984,0.9140441314232262
34303,737494.6721071841,1.3807050002704542,1.309430598703272,1.2155825193220788,1.5735307315335212
34323,737494.9006360555,1.5561040068194687,1.404726087018604,0.7993149973679481,0.8363731106553352
34332,737495.0084158102,1.3260900210786313,1.3260900210786313,0.8129342353840566,0.8515578076534348
34334,737495.0217845854,1.3807050002704542,1.2337911417706018,1.3807050002704542,1.1479149301407532
34341,737495.0933396711,1.3807050002704542,1.4356842376967005,1.2155825193220788,1.0056561759337734
34412,737495.8111199242,1.5238402873798298,1.608498081123155,0.7976837422712785,1.5510517210830423
34445,737496.119272797,1.6144776278931294,1.3481425158859257,1.8264721201538623,0.8999194943505602
34497,737496.8519957215,1.2101084635075128,0.9810869320103579,1.0022180351613503,0.8541747646529845
34529,737497.3634406988,1.4239163341090222,0.9505761573805784,1.0650273398172387,0.8455290798116406
34626,737499.1454796487,1.3270109169266024,0.98284465494371,0.8373286926155239,0.9503161529611638
34633,737499.2215029917,1.2101084635075128,1.0371211508137357,1.0022180351613503,0.9469578928717521
34693,737499.8911321763,1.2291353261412785,0.8465779374332392,1.0053113007019718,1.0693981770531509
34702,737500.0367475691,1.165180317301407,1.037327584163818,0.9362899278179555,0.9739161969591195
34704,737500.0589729836,0.7920264107658087,0.722897345037423,0.8081875765094793,0.7944411254327778
34705,737500.0599318631,0.7793212562701092,0.7311354914196159,0.8009529379363249,0.7971885940762005
34716,737500.145644673,0.6689369981922125,0.7004749708116964,0.7196263163268463,0.7736419920543756
34718,737500.1520263071,0.6689369981922125,0.7004749708116964,0.7196263163268463,0.7736419920543756
34719,737500.1544041539,0.6689369981922125,0.7004749708116964,0.7196263163268463,0.7736419920543756
34729,737500.2597297364,0.6666801257286761,0.6294122926134084,0.7153085584288853,0.7124659831508411
34731,737500.2898682338,0.6666801257286761,0.6666801257286761,0.7153085584288853,0.7470272558148194
34742,737500.4066632513,0.6666801257286761,0.6666801257286761,0.7153085584288853,0.7470272558148194
34745,737500.4407243531,0.689356320481352,0.6506284373082425,0.7304647249137263,0.7263461718242539
34748,737500.4545794161,1.6139321962620832,1.5937412179935846,1.1795652594903134,1.3968535967648454
34755,737500.5722186784,0.7291407880852077,0.7556812888797627,0.7590253103172333,0.8078394380640844
34766,737500.7726103921,0.6952419667608086,0.7313700176397986,0.6719540029447706,0.7947261778638623
34772,737500.8588239239,0.7200737523784486,0.6899647550095792,0.7521666478746076,0.7527771019656365
34781,737500.9704877532,0.7224076509153894,0.7473518809042575,0.7749723088923123,0.8205703996772429
34822,737501.358166601,1.6650267676801973,1.7606533050131825,1.4573640332323887,1.536089807374846
34855,737501.7255012285,0.7141533104267244,0.6851271406010984,0.7377975754340957,0.7401064790443964
34858,737501.7575749605,0.7141533104267244,0.6851271406010984,0.7377975754340957,0.7401064790443964
34860,737501.7673405105,0.7238241365054197,0.7238241365054197,0.7434427650269646,0.7722163618478873
34949,737502.9119655762,1.5840528215316179,0.6754808959153962,1.1865969450908518,0.7867653657667601
34966,737503.108594033,0.6573105672049218,0.6566952851359655,0.7514828814475877,0.7728717679318651
34976,737503.2131932287,0.6573105672049218,0.6566952851359655,0.7514828814475877,0.7728717679318651
34995,737503.4778012893,0.9487015381381714,0.9592850001879054,0.7713933959205183,0.8699809332997831
34996,737503.4811992527,0.6386683557400763,0.6392559071253017,0.7311354914196158,0.7521456710319306
35005,737503.5592359569,0.6386683557400763,0.6392559071253017,0.7311354914196158,0.7521456710319306
35009,737503.5864606799,0.7096315063778625,0.6790464366944114,0.8767721707333482,0.7671725014232367
35098,737503.971073374,0.6549209906175334,0.5827155637218059,0.7384994460094535,0.6980623130477067
35119,737504.0507927894,0.6533633798544495,0.6031867804211829,0.7324141793496438,0.7099515205859246
35158,737504.3194428701,0.6415713937207129,0.6533633798544495,0.6654154472470661,0.7324141793496438
35160,737504.3315437216,0.6415713937207129,0.6278066490098029,0.6654154472470661,0.7119581670545111
35186,737504.5554673611,1.8233737789831181,1.7628189302346018,1.2155825193220788,1.5132211913005293
35214,737504.7333555336,0.6386683557400762,0.6841848552114246,0.7256848669334542,0.7554824486388577
35219,737504.769854786,0.6842118703285062,0.682316546587984,0.7483386794530185,0.7662566271485945
35273,737505.1724691835,0.7033109018676141,0.7004749708116964,0.7596988021631225,0.7768263510846314
35279,737505.2168946275,0.7156630664494175,0.6509767394695422,0.7726711641223499,0.7360923422089013
35310,737505.5265930254,1.1293709931290237,0.6754808959153963,1.2214532303528953,0.7552947511360901
35319,737505.6137580759,0.7374079674854142,0.733605543755493,0.779116258044028,0.7953228580914156
35325,737505.6461591978,0.7126453853624788,0.7046075665097009,0.770308255363566,0.7810312499916505
35333,737505.7056988203,0.7126453853624788,0.7046075665097009,0.770308255363566,0.7810312499916505
35361,737505.9968070543,0.7656513882721384,0.7009888922869805,0.8017744281290803,0.773345375460336
35365,737506.0389210037,0.814811410700285,0.6968985121715202,0.8272275845776226,0.7364489760956306
35366,737506.047940177,0.8246097757656682,0.7651161174470041,0.8308242262496992,0.8135544013614634
35371,737506.0723192743,0.8049265881947382,0.7382685206041976,0.8153513188686119,0.7872407526947163
35391,737506.1974276656,1.9108957203743064,1.4702677772766337,1.2131130779420445,1.4175784275773802
35396,737506.2366483457,0.795133750651115,0.6879320305630023,0.8914319064082141,0.7615271987988945
35397,737506.237129997,2.1519095950161105,1.4114570661855683,1.5455319640685126,1.4598133845487458
35419,737506.4184833351,0.7908767287232614,0.7848695456082865,0.8763212097751075,0.88883464175765
35420,737506.4186801927,0.7908767287232614,0.7848695456082865,0.8763212097751075,0.88883464175765
35421,737506.4192608359,0.8167435064411115,0.7504008326622063,0.8976299322012499,0.8590440301383003
35473,737506.9620992091,0.7547478324169474,0.6760499406962202,0.8407249373127108,0.7869194823908089
35501,737507.2583637894,0.7772608177239406,0.7304181896060296,0.8597458634962564,0.8198655267860742
35504,737507.2976554825,2.31904820433775,1.3905980947641068,1.319679364899384,1.2063735608423662
35520,737507.5474545171,0.7493218954477386,0.6818633169978591,0.8361004877125309,0.7869904774593977
35638,737508.9407682719,0.7602529223689308,0.7251189918480052,0.8568380420864609,0.8293818230791269
35639,737508.9416149743,0.779982905717047,0.7417279137334687,0.869071781462872,0.8394867562562858
35642,737508.9681493738,0.8088579175848527,0.7417279137334687,0.889258208656354,0.8218906324190571
35658,737509.0746474204,0.780503561828694,0.7047867921205543,0.8947429896580466,0.8371449815718534
35814,737510.644081276,0.7989648812937616,0.7755258605415212,0.894069957598048,0.8733926232342923
35914,737512.0319900376,0.8710777573990727,0.7933661036121651,2.0680689614440566,0.8925350254653297
35939,737512.3636889628,0.7822515684715009,0.7246292801500308,0.8826203644724763,0.7800681830359072
35941,737512.3744660707,0.7573210281344432,0.7450541748201884,0.8538201822752558,0.7942350447257913
36071,737513.7296248599,0.7619201436899153,0.7119581670545111,0.8645985091488931,0.7690972362265575
36107,737514.0681705354,0.7656255304069485,0.700851772840105,0.8585377896833811,0.763834515910242
36116,737514.2914929539,0.7456802827231677,0.7095515478982706,0.8282388652433652,0.8078980833953413
36153,737514.9493374705,0.7783055231241072,0.6985970218282871,0.8794777357732196,0.7820210520033429
36209,737515.6344143575,0.974946796109341,0.8840600140524211,0.8224408915579728,0.8134341598005173
36217,737515.7729382253,1.0099871672168645,0.8891068133452398,0.8698938045132736,0.7911566143198773
36235,737515.8326888988,0.9231768099607016,0.8821606663659803,0.7801697279699135,0.8154874551021758
36333,737517.1269884323,1.1251152380913259,1.126412200901806,1.7847718434380206,1.3905980947641068
36482,737519.1976863996,1.077653801248764,1.161215192254684,1.8694795578616794,1.5792526614663702
36540,737519.8346811425,0.8623175633458067,0.8841923583659018,0.6999373844948801,0.7596447848990324
36547,737519.8880490585,0.9538767690381498,0.8033739055881698,0.7851398174903829,0.7296001375947112
36574,737520.2894102617,0.9171436263795381,0.8304843860917077,0.7716979935102205,0.7342710828054979
36576,737520.3161319398,0.9070032177340641,0.8084075154352154,0.7777186763583208,0.7408008220098112
36628,737521.029293806,1.3610368378734388,0.8911651475442924,1.523840287379831,0.7375209542267741
36723,737522.17861259,1.3321916622799137,3.037024348973787,1.4432747132736454,1.2744533328989323
36774,737522.9700050872,4.071510767842984,1.1115398074306262,2.0199743344337273,0.8148809042107922
36815,737523.4989369208,3.8096007184495764,1.1135755946237225,1.5468022643129518,0.8201112751005594
36916,737524.4319905393,0.7526767450662942,0.7299066922743728,0.7440189362023402,0.7238241365054197
36925,737524.55249945,1.541044935785732,1.3968535967648454,2.2227670333630996,1.7256734380261662
36981,737525.0892819603,1.4598133845487458,1.339725908184839,1.167458284686161,1.665026767680199
36983,737525.0950205297,1.465410828507905,1.339725908184839,1.167458284686161,1.959223226631212
37001,737525.2569665366,1.5714602963604507,1.4356842376967005,1.3831034455517575,1.9446021577757548
37029,737525.7360724263,1.3321916622799137,0.7872407526947163,1.7666216213013632,0.7291211706511761
37050,737526.012019052,1.3732631838838,0.8397959594814259,0.782512580005859,0.7951337506511149
37113,737526.8163325747,0.8465779374332394,0.7546981518065987,0.7984985366964792,0.746473547563985
37126,737526.9959350262,1.012931736217497,0.6704374506225156,0.81176538673505,0.7487835894883652
37127,737527.0365838566,1.3887323549231891,0.839216390151211,1.9853462029862936,0.7928296829876809
37128,737527.0375872393,1.5079669510529579,0.8647456498073599,1.9853462029862936,0.8015982526889289
37149,737527.3940725029,0.7694193577026115,0.84853273551257,0.705787348705176,0.7341779277948339
37157,737527.7349117039,1.3847070437494988,0.9347397789308397,1.3847070437494988,0.7244130902373199
37166,737528.0435223331,1.3419211519482501,0.9426546894024068,1.3419211519482501,0.7299066922743728
37248,737529.4555923148,1.159836895290583,1.110985883938551,0.7956540126471787,0.7525813084544939
37291,737529.9881474257,0.9218514946059586,1.3200440179430144,0.66921041313466,0.7256848669334541
37294,737529.9944074792,0.839216390151211,1.3200440179430144,0.66921041313466,0.7256848669334541
37314,737530.1301016887,0.8298620673310543,1.3571702559476617,0.8274993413399673,0.835604572775877
37317,737530.1567680313,1.1564054251861735,0.8889068343049016,0.9588838606879524,0.8664756086634223
37339,737530.3640690893,0.9674877072102143,0.8381121580589067,0.9674877072102143,0.8648490759106735
37379,737530.7102547078,0.9709835977511723,0.9441184389201128,0.8503227709490789,0.8360749384233725
37383,737530.779793011,0.8651284500064774,0.9650988486738931,0.818235980397431,0.8360749384233725
37409,737531.290387095,1.2876655797670542,0.9895317309188018,0.9674877072102143,0.8217035272515617
37410,737531.3200629028,1.0679372505817668,1.1159601248049298,0.8966079626389715,0.7986528742753638
37424,737531.5237442116,1.0142758600712887,1.0592548339103707,0.8345872605969963,0.8145930796684788
37436,737531.7362185522,1.3160438845553089,0.9960882612459906,3.521306610026365,1.0478955327424306
37452,737531.9753027157,1.316043884555308,1.1498631903752081,0.8357174122577008,0.8190059036911478
37479,737532.4008368982,1.3678566359157531,1.1498631903752081,0.869711171770078,0.8190059036911478
37481,737532.4224132319,0.9175235533167287,1.1267073822961724,0.8606992209478154,0.8297110735051207
37484,737532.4486921651,1.0884573481284507,1.2435745076524827,0.9247595434848422,0.8577541742371918
37487,737532.4823846939,1.3431788100100575,0.9018894991601073,1.6159794675469838,0.8737285434739979
37502,737532.6929335599,1.4286002694185915,1.1349158934753962,0.8504461133875687,0.8435002387563157
37623,737534.7292174222,1.3927811372990584,0.8675682952238868,1.3927811372990584,0.8546447598303245
37682,737535.4682073042,1.0618446990299555,1.5238402873798307,0.8618854106128481,0.8494087658675588
37805,737537.0258783862,1.173768870008788,0.9769405523386034,1.0099871672168645,0.787835794835831
38053,737541.0815166532,1.6084980811231553,1.296401438517169,1.1865969450908518,0.9303289777869076
38210,737543.7319532427,1.8190344791759236,1.8190344791759236,1.8190344791759236,1.5022765097282285
38214,737543.7762397273,1.8190344791759236,1.361899072170476,1.287665579767054,1.0994797010208905
38249,737544.297060389,1.3451598997003367,1.2330127246464562,1.1875239739542043,0.9806649591363747
38271,737544.444876499,1.160328768443802,1.2773367114801524,1.0411169086721788,1.211421148963045
38282,737544.6094997696,1.0629585221408258,1.585016357311138,1.0411169086721788,1.2954806988591312
38351,737545.9666174907,1.8190344791759236,1.9254435158272247,1.343178810010057,1.223364737755639
38379,737546.4454273488,1.28152470069812,1.6513098171226304,1.04397711995974,1.2135973546198653
38413,737546.9785516238,1.1072663844558825,1.7666216213013626,1.1824849754791513,1.1643283697138114
38437,737547.367090316,1.8612620652996505,1.1865969450908518,1.1674582846861608,0.9131027214785842
38450,737547.6120339562,1.0803345320976414,1.4009499416233928,1.2624839590210808,1.0543565456610737
38457,737547.7023469394,1.4721846844178024,1.2981628535151548,0.8889068343049011,0.9631530848660824
38497,737548.4053302034,1.8350471066334584,1.8324661683681511,1.9254435158272247,1.1428802155348734
38501,737548.5329693552,1.8524409180707422,2.18138780864647,1.5650251600117184,1.1019412227395942
38509,737548.6320490724,1.8095603412635488,1.2165111537906215,1.2452888369985715,0.9633861621633802
38530,737548.9219108475,1.4239163341090222,1.0170830957921586,1.2671722283649258,0.8958219511205691
38541,737548.9455053012,1.5305532401876716,1.0170830957921586,1.6639635321963668,0.8958219511205691
38545,737548.9619106386,1.5208756175600255,0.9111073046921365,1.2497682932467677,0.8585722871233972
38548,737548.9716321346,1.6286043071371945,1.782551977961108,1.0723320540821033,1.0696908421262359
38555,737549.0091196676,1.3732631838838,0.9111073046921365,1.2497682932467677,0.8585722871233972
38574,737549.1526812043,1.0960113107968499,0.9339666277489287,1.2021992578636727,0.8652610367421109
38575,737549.1530043449,1.1264122009018056,0.8369700936036973,0.9650988486738928,0.8307086493941312
38619,737549.9553345905,1.196874556426284,0.9771625842823166,1.1931167085254168,0.8502753410756436
38726,737552.1546873568,1.569739091216573,1.7086996009308268,1.569739091216573,1.2252822373445977
38731,737552.2261261971,1.4924209000111743,1.6865805122456379,1.4924209000111743,1.1855740166899114
38761,737552.8764685313,0.955994142554328,0.7360923422089013,1.3227243103652337,0.8323977569812329
38775,737553.0499899192,1.57925266146637,2.0106226014039437,1.5311664426076188,1.1378894722355941
38872,737554.8464954247,1.4975671789767302,1.0015176731521531,1.101028263980075,0.9929197896396414
38884,737555.3677553522,1.57925266146637,0.8760983784791821,1.8303598854160044,0.8576731240459191
38972,737556.880001605,1.9641458980549074,0.9775116956021745,1.7726305383806198,1.0318011449105333
39025,737558.0412705445,1.5149807508252968,1.1109858839385511,1.4476482730108393,0.9250667215428011
39063,737558.7355887296,2.0437387383682437,0.8331788621645118,1.7674775426295126,0.8676756210475063
39068,737558.8777774618,1.1135755946237225,0.7960591317982212,1.49756717897673,0.8474038671282963
39103,737559.9100992074,0.8651284500064776,0.7679077283161623,0.9650988486738931,0.8441097801812474
39195,737561.6407444333,1.6450548556941358,0.8578656432656826,0.9698884211238873,1.0986616357671548
39206,737561.7982188456,1.662371222596179,1.514980750825297,1.662371222596179,1.5824495292021317
39212,737561.9394371819,1.6639635321963668,1.3860462188401654,1.8701676254207016,1.4524899060309429
39236,737562.3847316845,1.3457012115312028,1.132047227709898,1.1104120275935414,1.0360902152761475
39298,737563.8388569194,1.240841376866434,0.9212307191887161,1.13541041020458,0.8673498925314587
39308,737563.9358491885,1.509131404297014,1.43331512179291,1.509131404297014,1.357170255947662
39331,737564.6360661832,1.6940564896935355,1.0273632905238212,2.232354813521388,0.880921869986312
39338,737564.7203275441,1.6940564896935355,1.2218003327201457,2.1358745011635336,1.051560488869859
39430,737566.6271000964,1.2726578224271115,1.5510517210830423,1.5850163573111384,0.8929419254085551
39454,737567.1055596201,1.5924131003119233,2.1045107052580483,2.124266487570253,2.426226155884088
39477,737567.6517006962,1.1844394960997777,0.8155764918370926,1.185786981305807,0.816343011096338
39480,737567.9112347655,1.1808611290420745,0.9312357311765633,0.7552947511360902,0.8551508785718039
39492,737568.1672814746,1.2408413768664337,1.0823538489800668,0.8460282114998411,0.8585722871233972
39543,737569.694542731,1.2739304802495384,2.811978659805228,1.1953059134951884,0.8632764930798581
39617,737570.9549299481,1.8957298813237182,1.3968535967648446,1.9048003592247889,1.0464927274777152
39660,737571.5183814501,1.8324661683681511,1.133928151183425,1.9409809247072705,0.7523211497536645
39670,737571.6452268185,2.0591548710930043,1.4564753966267587,2.0591548710930043,1.142880215534873
39778,737574.1738566828,1.3571702559476622,1.083028633175191,1.5908222780338892,0.8306178615635964
39812,737574.929826024,1.803298886795509,0.9544933668203336,1.8444939385852392,0.799314997367948
39816,737574.9595507921,1.3614247081606639,1.4476482730108393,0.8539498239670681,0.8954525400067046
39826,737575.1034821114,1.4476482730108393,0.8863152691903099,0.8444614925896562,0.7552947511360901
39854,737575.5760839138,1.6587636461582531,1.0022180351613503,1.7302569000129553,0.8194235507608524
39859,737575.6899996311,1.9671875486906873,1.3714562586418477,2.285760431069747,0.8714939436185651
39888,737576.2032684799,1.3457012115312028,0.9544933668203336,1.3457012115312028,0.7786156050058299
39903,737576.5462125345,1.4721846844178026,0.6704374506225156,1.5572312100116599,0.6373294283695519
39917,737576.9152799695,1.4882365423475918,1.0381541400077734,1.0535445652639532,0.8486214014201472
39946,737577.2286457655,1.3964452794316775,0.8303909787825081,1.2497682932467677,0.6836116844773408
39971,737577.9078861298,1.6084980811231546,0.8685889638065035,1.608498081123155,0.7696357907146234
40098,737579.1905672594,1.4380611983551383,0.838766166765937,1.6170539219801923,0.7578292972808419
40149,737580.2079367057,1.7563379782852095,1.2638199208824785,1.951885311924727,1.0735369215586
40220,737581.5015437687,1.4530298651038163,0.8174954953472975,1.4924209000111746,0.708473869336463
40461,737582.4229892176,1.5611893140312976,0.7004749708116964,1.054112820153524,0.6304274737305269
40510,737582.8467530617,1.3750748767385281,1.0592548339103702,0.9723010788878772,0.8474038671282963
40512,737582.8497796125,1.5262745370401818,1.2735908560212665,0.9723010788878772,0.8474038671282963
40513,737582.8559630676,0.9082203994174467,0.8178803802321127,0.7061698892735802,0.7181912638477901
40546,737583.0384876479,1.5864638608337969,0.604235800908872,1.3340103539690327,0.5561396159413003
40555,737583.0970301332,1.8324661683681511,0.7880343421631586,1.7371779276130068,0.75529475113609
40559,737583.1187776652,1.007384107507543,1.3831034455517575,1.007384107507543,1.1808611290420745
40625,737584.0113397291,1.3028834457097558,1.3028834457097558,1.3028834457097558,1.3028834457097558
40876,737587.9012333466,1.8661091019280345,1.816440798834893,1.8661091019280345,1.5262745370401818
40893,737588.1746932236,1.3678566359157531,0.7739901657681715,1.1953059134951887,0.5646298789641411
40934,737588.9304422359,1.2881615988655768,0.7739901657681715,1.2148097395895157,0.6580219422776543
40959,737589.5948086736,1.944602157775754,1.1808611290420745,1.944602157775754,0.7223193046207931
41075,737591.1168278947,1.273176005579565,1.273176005579565,1.273176005579565,1.414640006199517
41082,737591.2294704632,1.189847895625347,1.8020517921296755,1.477192115317183,1.2638199208824785
41108,737591.6940617322,1.0099871672168648,0.8621230409990107,0.7418073448658028,0.795957813339293
41112,737591.7851430529,0.9945675158089735,0.711958167054511,0.7227290924259864,0.80346593536142
41257,737594.5492551766,0.9373262199350761,0.6305546016744128,0.7993149973679481,0.6307181272453865
41269,737594.8592991688,1.273930480249539,1.252772543951688,1.7256734380261658,1.252772543951688
41302,737595.8955833033,0.9215798024472186,0.7153085584288853,0.8795837608167126,0.6307181272453865
41324,737596.3423510983,1.273176005579565,1.1581186184086711,1.6326860221926762,0.9704904623536355
41325,737596.3430767738,1.3445649594527913,1.2369146636485016,1.664543310430582,1.0313061575538962
41326,737596.3455251749,1.3445649594527913,1.2369146636485016,1.7872200901368391,1.2634021291730966
41342,737596.7487162405,1.2097339328781387,1.534609476689936,1.957884959399906,1.0535445652639535
41343,737596.7503310731,1.1773043184124297,1.4009499416233933,1.8171317234445683,1.0535445652639535
41381,737597.9036624485,1.051560488869859,1.0535445652639528,0.7445048261198602,0.6194374543786476
41451,737599.4483108744,1.0099871672168645,0.7939570053075902,0.7962065501559616,0.6777704999690604
41594,737602.8366809302,1.0618446990299555,1.1135755946237225,1.8480616251202207,1.09119216558606
41603,737603.1826717951,0.9373262199350757,0.9829710495752614,1.0906939043232344,0.7307839839718179
41607,737603.3924686078,1.0291338433726347,0.9964691745390097,1.1214176762760018,0.7669659724560739
41654,737605.1168641035,1.76934788923547,0.9820729490274539,1.76934788923547,1.332191662279913
41804,737608.8829310585,0.9938088830738027,1.1007463827040944,2.4127471216847325,1.069032570838774
41808,737608.9602886151,1.7798954176362773,1.168505332475117,0.8903531519656643,0.9068794285682753
41851,737609.5971353196,1.8734271768375566,1.8734271768375566,1.8800626922218695,1.1309752132897182
41855,737609.8235600718,0.9024300922664973,1.683311945361441,0.8468137530146967,0.769186412090228
41880,737610.3196024053,1.0783835893760203,1.0723320540821033,1.2233647377556385,0.6943661774615945
41893,737611.5629689621,1.5735307315335212,1.5678501151741944,1.0918017701478393,0.8065468949631819
41914,737612.1507985204,1.6304570992954845,1.5262745370401818,0.8351816959677919,0.7293495115932472
41915,737612.2183562545,1.5735307315335212,1.4975671789767304,0.911107304692137,0.7385960576585913
41929,737612.4721930008,1.168029168932951,1.2063735608423662,0.6828529589673769,0.6248841466233839
41932,737612.5776982652,1.2773367114801524,1.2063735608423662,0.6828529589673769,0.6248841466233839
41937,737612.6558333662,1.2773367114801524,1.1072663844558825,0.6407623503490602,0.5783582688784226
41939,737612.6877185708,1.2842041131547768,1.2186834951366758,0.626386271975844,0.6511912646761561
41983,737613.6994629623,1.8095603412635473,1.7371779276130068,1.1135755946237218,1.1925706596885632
42027,737614.969742037,1.2842041131547768,1.1801480486501408,0.8194235507608528,0.7605857826676915
42029,737614.9739388741,1.2337911417706018,1.2588245852268167,0.8194235507608528,0.825084507933639
42084,737616.0367161286,1.8324661683681513,1.1964035314139168,1.0797376621904051,0.8543498004654134
42096,737616.1793532145,1.7302569000129553,1.9659420991505228,1.142880215534873,1.7165789798547504
42200,737618.1555439035,1.7302569000129553,1.6249113268489017,1.273176005579565,1.2505862044334477
42227,737619.1022599422,1.7302569000129553,1.4303111679448413,0.8763789993563377,0.9191417606418025
42231,737619.2352412743,1.9048003592247889,2.3546086368248598,0.9068794285682753,1.5410449357857319
42324,737621.9059612708,2.2045405172753907,2.2045405172753907,2.2045405172753907,0.9895317309188015
42329,737621.9625883894,1.5760686843263172,1.0979354879576593,2.3162372368173414,0.9920432327739255
42333,737622.0620563193,1.3811485290209427,0.9820729490274537,0.911904423943836,1.1483748319557139
42383,737623.1584196761,2.253414764592344,2.481682753732868,1.9373731534717527,1.4873098695316842
42410,737623.7708756452,1.4721846844178026,1.2551863638822307,1.4721846844178026,1.3767260233244294
42460,737624.6711335266,2.2045405172753907,1.018872684817013,1.7031156153068696,1.3649255145530772
42546,737626.3203261236,1.0423067565678044,0.8827123615919752,1.0423067565678044,1.0666882011658816
42651,737628.9323301878,2.1606690641952837,2.014768215015085,1.8095603412635488,2.510372727764462
42672,737629.4818042265,1.8661091019280358,1.9254435158272243,1.8661091019280358,2.3224303845093686
42817,737632.6585579677,1.7068342083533907,1.348740627028732,1.1674582846861608,0.9482412268629953
42819,737632.6876001318,1.2101084635075128,1.3294729037854645,1.0423067565678044,0.9535407786298942
42820,737632.7160664019,1.645054855694136,1.9543251685646328,1.645054855694136,1.9543251685646328
42832,737633.0399874724,1.7233908012033805,1.1135755946237225,1.0423067565678044,0.9000921904730609
42930,737635.2823396912,1.447648273010839,1.343178810010057,2.077964028245224,1.2836290105514836
42972,737636.1101176722,1.2915821023145035,1.1529941997431463,1.0823538489800668,0.8367909092548206
43338,737641.9605406347,1.5400513542668506,1.5792526614663702,2.127156646056744,1.0939407604615916
43369,737642.0480073609,2.05826768674527,1.273590856021266,2.3475377400175788,1.0830286331751917
43626,737644.9299403665,1.1135755946237227,1.188039616148713,1.2985549292788259,1.4009499416233928
43669,737645.3998022128,1.226820570348169,1.4370038004151717,1.509131404297014,1.4975671789767304
43804,737648.5484691749,1.706834208353391,1.7909050800134092,1.1916616881491666,1.5888822508655556
43829,737649.0349510015,1.706834208353391,1.4265147215800247,1.1916616881491666,1.3340103539690327
43906,737650.485465017,1.0618446990299555,1.161215192254684,1.9048003592247893,1.5924131003119233
43919,737650.6741111676,1.17025459195487,1.149603040332137,0.8823138458531076,1.0205353360650826
43920,737650.674660335,1.17025459195487,1.149603040332137,0.8823138458531076,0.8705234603851372
43921,737650.6747579388,1.17025459195487,1.072332054082103,0.9191417606418026,0.8705234603851372
43927,737650.8205952151,1.0657533298239308,1.072332054082103,0.9191417606418026,0.8098731597263435
43931,737650.9473082396,1.477192115317183,0.8042490405615775,1.8985551121453634,1.012603714282193
43964,737651.92312452,1.104138513313352,1.2649353841842284,1.4239163341090224,1.5079669510529574
43966,737652.0339910404,1.2551863638822307,1.2624839590210808,1.2551863638822307,2.1185096678207396
43967,737652.036539185,1.3404150676026292,1.305256639599937,1.3404150676026292,1.2942550785196243
43971,737652.083233162,1.3404150676026292,0.8903531519656643,1.3404150676026292,1.3693970150102532
44029,737653.965757272,0.8590440301383003,0.8331788621645118,0.9314626957710495,0.8412483910958872
44035,737654.0950736286,0.9350838127103508,0.8172207992803125,1.0823538489800668,0.8106830328860699
44050,737654.5057028453,1.2773367114801524,0.7664020268880914,1.7294912996147203,0.8177092755500557
44105,737656.3714095422,1.2124972845014645,0.8628367190130829,1.6768126714411273,0.8705234603851372
44110,737656.4860829536,0.9608284997859552,0.7807541247698908,0.9284205076316546,0.8590440301383001
44127,737656.8557306546,0.839216390151211,0.6333461194422422,1.1737688700087887,0.5579800624024649
44190,737658.5505696425,1.4380611983551388,0.8773625897035388,1.5566110462482143,0.9181701520153314
44212,737659.2745094447,0.7487835894883652,0.8292018747556121,0.7061698892735802,0.7954111390169446
44281,737661.5210842036,1.1939367200089397,1.034034480722028,2.7357132718315067,0.9380010408277574
44304,737661.861161766,0.8923859217190105,0.8889068343049016,0.7790035549834111,0.7604378087800128
44379,737663.8322142172,0.8474038671282961,1.043350106674479,0.7283764895652021,1.065027339817239
44414,737664.7105666181,1.551051721083042,1.7686200620494417,0.839216390151211,1.139880529929795
44601,737669.0137865806,1.8020517921296755,1.861262065299651,1.0402263039598845,0.8985403073860383
44638,737669.9663936589,1.768620062049443,1.6703633919355845,0.8498913540181053,0.9562447307961509
44658,737670.7099567583,1.5105895022721803,1.7459074649376962,0.6445929230474979,1.009987167216865
44662,737670.8024973166,1.5824495292021319,1.5305532401876711,1.2337911417706016,0.9803487176145634
44796,737674.8412183254,1.8579443076074944,1.304747370524791,1.3294729037854645,1.03627750562598
44800,737674.929058367,1.6889229851793126,1.8882368778402268,1.1773043184124297,0.926494894726937
44824,737675.4662144069,1.1243870081637586,1.2867984648985245,1.2063735608423658,0.7198251081269368
44827,737675.5735150516,1.1243870081637586,1.1428802155348738,0.9089884504951782,0.8534171041766955
44838,737676.0139058155,1.4265147215800247,0.8000161508744112,1.3811485290209422,0.8369700936036973
44847,737676.1887968733,2.8952965460216826,0.8536500872791188,1.142880215534873,0.6266875640739563
44896,737676.8133747941,1.4537053787556542,1.615979467546984,0.6307181272453865,0.9907858902735786
44927,737677.3650727277,1.9967562386356423,1.4757579482149341,0.6907268101840981,0.9907858902735786
44928,737677.3690175853,2.8952965460216826,0.7340188426533832,1.142880215534873,0.6814892012747175
44931,737677.4052362012,1.5049808778825557,1.719978146151493,1.2887076614339816,0.9510098143866829
44942,737677.7960753458,2.2687025174050492,0.8261036340550986,1.3524741650966319,0.7299066922743727
44958,737678.0367498775,2.620742563209281,0.7944411254327775,1.2690423172497618,0.7299066922743727
44960,737678.0769158144,1.3217658144881577,1.6889229851793126,1.3217658144881577,1.57925266146637
45055,737680.0770080416,2.2518973135724187,1.6084980811231553,0.8760983784791821,1.384993791946589
45076,737680.6663374403,1.3945235657443866,0.9441184389201126,1.0857362047581296,0.9951101058339648
45086,737680.891438029,2.738794030020506,0.9240308125601101,2.3128108503723475,0.9316548291653917
45103,737681.2108407202,3.2688831971212493,0.9240308125601101,2.7574252819254097,0.9207656860139612
45106,737681.259293775,3.2688831971212493,0.9240308125601101,3.340726783871169,0.9207656860139612
45146,737682.1951745116,1.2726578224271117,0.626386271975844,1.2726578224271117,0.626386271975844
45199,737683.5948988828,2.46408216682696,0.8751526083692731,2.4467294755112783,0.8905091900224404
45216,737683.9919707908,1.7547251794070782,1.240841376866434,1.7547251794070782,1.240841376866434
45224,737684.1625192682,2.010622601403943,1.9301976973477857,1.737177927613007,1.5510517210830426
45271,737685.0253844768,1.3501382857095907,1.0099871672168645,2.1446641081642066,0.9373262199350757
45306,737685.8358888357,1.6544551691552452,0.8351816959677919,1.6544551691552452,0.8502753410756434
45454,737686.9182896225,1.0305292790924618,0.7825125800058591,1.0305292790924618,0.7720790789391142
45636,737688.8060289917,0.9207656860139612,1.5040501537774957,1.4598133845487453,1.268013085848911
45689,737689.1632377442,1.311077681217364,1.252772543951688,1.861262065299651,1.1647744725374571
45700,737689.3443426488,1.0974950806219361,1.2452888369985715,1.2510540630957874,1.1354104102045801
45761,737690.1272398726,1.366660957038205,0.9967414338763156,1.2364255712548093,0.7643582881497232
45841,737691.2862977933,0.9207656860139612,1.3333602514573524,1.0948600384115592,1.268013085848911
46189,737698.5396794651,0.9544933668203336,0.9047801706317746,1.0519243506307137,1.0789925016229858
46195,737698.6627589348,1.1844394960997777,1.1243870081637586,1.28205013107971,0.8967732664668915
46198,737698.765816506,1.1243870081637586,0.9945675158089735,0.9842367861830068,0.7765926086302988
46239,737699.2973669061,1.0994797010208908,0.9024300922664973,1.0994797010208908,0.8863152691903099
46289,737700.2220908646,1.2307940782683249,1.2307940782683249,1.2307940782683249,0.8744184199394333
46399,737703.0330513832,1.1619919248247539,1.4380611983551383,1.1471929710651931,0.9207656860139612
46409,737703.2566899487,1.134351258702523,1.134351258702523,1.4861788354103675,0.8194235507608524
46463,737704.5993371478,1.2063735608423662,0.967787146302511,1.2063735608423662,0.7638345159102418
46515,737705.7147775013,1.1619919248247539,1.1581186184086714,1.1029701127701634,1.1368965494849523
46518,737705.7681897391,0.9704904623536355,1.0679372505817668,1.0232068945364572,1.0832742178992674
46533,737706.0735082777,0.9704904623536355,1.142880215534873,0.9289721538037472,1.0142758600712884
46539,737706.1518410118,1.2307940782683249,0.967787146302511,1.2307940782683249,0.8954525400067048
46580,737706.9784673417,1.2542800921393553,1.472184684417803,0.9020953630037872,1.1689085434249011
46608,737707.7074511496,1.2542800921393553,1.3431788100100568,0.9047801706317746,0.9510098143866829
46722,737710.4392159975,1.6865805122456379,1.1243870081637586,1.6865805122456379,0.9024300922664973
46747,737711.0453175692,1.6084980811231546,1.472184684417803,0.835181695967792,0.908988450495178
46795,737711.9849315718,1.0099871672168645,1.0519243506307137,1.067937250581767,0.8685889638065034
46831,737713.1246856166,0.9842367861830069,1.2408413768664337,0.8098731597263439,1.0022180351613503
46876,737714.1158217099,2.0357553839214932,1.357170255947662,1.1054768630264593,0.8738319555397419
46905,737714.7872385288,1.5751613333278565,1.1647744725374571,0.9796116133156058,1.0535445652639532
46951,737715.5951473555,1.3678566359157536,1.3624924922454957,1.3678566359157536,1.2680130858489103
47015,737717.2397810515,2.0267075822151757,1.6795919189628525,2.0267075822151757,1.13541041020458
47073,737718.5610029249,1.5888822508655558,1.601085647569592,1.4066218037352285,1.2148097395895157
47086,737718.885109471,1.7847718434380215,1.4659729346945207,1.3311708257570938,1.3897423420904056
47143,737720.00290132,1.8882368778402236,1.5510517210830423,1.395946548974738,1.1428802155348734
47203,737720.9868636904,1.559005832473212,1.0340344807220283,1.0756519675622338,0.8827123615919752
47262,737721.9196061789,1.3571702559476624,1.7909050800134099,1.0528351076442468,1.0723320540821033
47302,737723.0661797185,1.559005832473212,1.3881558782295722,1.5888822508655556,1.3061488177541405
47303,737723.0820113252,2.9951343579534617,1.788271396072212,1.216024549329105,1.3047473705247896
47384,737724.8777562857,1.2614362544907731,1.4847674594982971,1.2542800921393555,1.1428802155348734
47385,737724.8798057485,2.9951343579534617,1.7674775426295142,2.9951343579534617,1.2881615988655777
47406,737725.255991983,1.173768870008789,1.7459074649376962,0.910198015964899,1.52681653794112
47445,737725.7900618213,3.3407267838711676,1.6466141493962159,3.3407267838711676,1.2634021291730966
47526,737727.7048838767,2.9951343579534617,1.7031156153068705,1.28205013107971,1.2337911417706018
47569,737728.9964029314,1.9869682178580146,1.6388471015217057,1.4416414337037402,2.714340511895322
47590,737730.0139061062,1.4975671789767306,1.7031156153068705,1.1685053324751171,1.491851273713461
47592,737730.0382488184,1.7488368398788672,1.9363448237724612,1.3392340851642128,1.6994131900562024
47594,737730.0940385704,2.1408882910723688,1.8985551121453643,1.29917152706101,1.4890096522397196
47610,737730.6302378875,2.2518973135724165,2.4320490986582093,1.4239163341090222,1.2680130858489103
47653,737731.9059309105,2.9951343579534617,2.961098740249442,1.9409809247072705,3.722524130599298
47664,737732.1531516504,2.8634801004610018,2.285760431069745,1.4829567674745185,1.7285352513562253
47766,737734.5832981324,2.1408882910723688,1.8650683271918798,1.6948077342565928,1.3160438845553089
47775,737734.7402341238,2.576323197731156,2.576323197731156,2.576323197731156,1.8679332554978576
47808,737735.2802338048,0.849179154559431,0.9492775560726819,0.8351816959677922,0.8685889638065039
47855,737735.857838381,0.849179154559431,1.1777477475342424,0.7158700251152504,1.050712456217545
47877,737736.2608693014,0.7290315043939483,0.9068794285682755,0.7069910170518054,0.8263531368137984
47897,737736.7911704376,0.7676922659905968,1.0857362047581298,0.8578656432656827,1.152994199743146
47928,737737.6502101087,0.7676922659905968,1.0857362047581298,0.8578656432656827,1.152994199743146
47942,737737.9234662656,0.7238241365054197,0.7724605409346377,0.7928296829876809,0.7315833538952174
47944,737737.9346291386,0.6785851279738311,0.8964794351213913,0.7208207168518702,0.8072388139465648
48047,737740.0999303901,2.576323197731156,2.0403096465253445,3.776473755680452,2.7890471314887733
48054,737740.3310269282,1.543178362092773,0.5603799766493571,1.617053921980193,0.5932984725454259
48081,737741.0406794145,0.7119581670545111,0.5328766649119654,0.6141538127924773,0.6988646835224742
48122,737742.2164480678,1.5276690318204842,1.8746524398701523,4.202849824870181,1.3934582307056211
48201,737744.2327024831,2.429619479179032,0.6866315919419002,2.429619479179032,0.6492774646394129
48327,737747.682868354,1.316043884555309,2.471594612457532,1.316043884555309,2.3265775816245644
48390,737749.2907684424,1.316043884555309,0.8303909787825084,2.7143405118953248,0.7646029610972743
48430,737750.4346592263,1.3160438845553086,1.1598368952905835,2.1185096678207413,1.1598368952905835
48461,737751.7939094105,1.2588245852268167,1.0285921939813858,3.0656081075523662,0.6602449893799438
48472,737752.0000628089,1.2302959827287587,1.1808611290420745,1.7778136686098032,1.1783183617530082
48501,737752.9582800069,1.1072663844558832,1.1207599532987145,1.461567967943636,1.1783183617530082
48509,737753.2581065838,1.088760539590325,1.1280376153331217,0.8194235507608526,0.6538938246974932
48666,737756.4337921265,1.2252822373445977,0.9704904623536355,0.641025065539855,0.5346990885265754
48783,737758.0157997039,1.0979354879576588,1.2369146636485022,1.0979354879576588,0.6839283179578768
48789,737758.0996401436,1.2487700757601492,0.9181701520153315,1.2487700757601492,0.8729537324688478
48795,737758.2955774913,1.1135755946237227,1.2030318058261824,1.1135755946237227,0.7392246500480882
48825,737758.8727015399,1.0939407604615916,0.8211450288086695,1.1471929710651936,0.9047801706317746
48839,737759.1783994127,1.3340103539690327,1.1651803173014075,0.7574903754126485,0.8308242262496992
48845,737759.3334899254,1.134736175994245,1.056677571540759,1.2105769530404233,0.515653078776948
48847,737759.3546901218,1.1339281511834254,1.200311382144666,2.140888291072366,0.8863152691903099
48890,737760.3757877848,1.3160438845553086,1.2925431009025357,1.3160438845553086,1.1010282639800753
48898,737760.4416328449,1.1632887908122818,0.9348804894199159,1.1632887908122818,0.7100182265448257
48925,737761.1148112747,1.088760539590325,0.7932319304168982,1.1471929710651936,0.9047801706317746
49056,737764.5369835985,1.1680291689329514,1.129370993129024,1.2942550785196247,0.7372282871814461
49080,737765.1372183827,1.4286002694185922,1.1898478956253475,1.176949815455967,1.029577435546502
49086,737765.4343565659,1.426514721580024,1.1898478956253475,0.9996548176801194,1.0443955476631306
49089,737765.4961590897,1.1801480486501408,1.1706050725155037,0.9006106767578954,0.9331947545028552
49090,737765.5053547603,0.9672482893168193,0.9175235533167292,0.9672482893168193,0.7304647249137263
49092,737765.5204363465,0.9299667706707747,1.0592548339103702,0.9089884504951784,1.003320585255037
49093,737765.5454020032,0.880921869986312,1.0545782121271017,0.9299667706707747,1.0022180351613503
49095,737765.5745517259,1.0238769710882165,0.8899477088181391,1.0679372505817666,0.846813753014697
49096,737765.5823555588,1.0884573481284507,1.0882094079580344,1.101028263980075,1.0386714066445484
49114,737766.0174458709,1.2186834951366763,0.9554478601871541,1.0657533298239308,0.9296823771629245
49123,737766.1527990677,1.166761294665453,0.9554478601871541,1.166761294665453,0.912088572656264
49160,737766.936454825,1.3457012115312028,1.1550385157001382,1.3457012115312028,1.5441581578782293
49167,737767.0506931262,1.1489272008022535,1.3002828799498558,1.1058424307721693,1.3571702559476622
49168,737767.051028075,1.1489272008022535,1.3002828799498558,1.1058424307721693,1.3571702559476622
49170,737767.1796083886,0.8917751168444596,1.0207776284050791,0.7516635263710127,0.820390992969543
49201,737767.8794509955,0.9330545509640177,1.375074876738528,1.0340344807220285,1.1542710482478453
49213,737768.0522400353,1.0395346641301237,1.0232068945364572,1.0395346641301237,0.8592157016071529
49286,737769.6820839479,1.1339281511834254,1.1612151922546843,1.2105769530404233,1.1199571166559505
49301,737769.897497552,0.9845466844154325,1.1314285099683916,0.844200936744982,1.0406417298001243
49346,737770.7327614467,0.949749364003135,0.9670524900679696,0.949749364003135,0.9503161529611636
49352,737770.8922781972,0.9482412268629953,0.9670524900679696,0.9482412268629953,0.9503161529611636
49400,737772.3943086393,0.8498913540181054,1.054966352801421,0.8814094651173008,1.0068651048761637
49404,737772.5031699005,0.9240308125601099,1.0291338433726347,0.7922453235382703,0.9939838494264567
49414,737772.8364594524,0.8720772728980959,0.7619201436899153,0.891275988980554,0.7935613456703937
49431,737773.5251346309,1.093189771381183,0.9890764598210707,1.093189771381183,1.009987167216865
49507,737776.0789165907,1.0258924769368152,0.8636537992394211,0.8571601616511548,0.9255456171708645
49522,737776.6039912004,1.1997085135448946,1.4975671789767302,1.1997085135448946,1.252772543951688
49580,737777.7772249703,1.0948600384115592,0.8811772096587717,0.9284205076316546,0.9681724118862302
49582,737777.7970365284,1.1939367200089397,1.1368965494849523,0.9284205076316546,1.098661635767155
49614,737778.2412210112,1.1997085135448946,0.9533293505193332,1.1997085135448946,1.1078940864878872
49679,737780.0172816933,1.1953059134951884,1.2815247006981203,1.0414735777056399,1.055295002755565
49683,737780.1721532564,1.1737688700087887,1.0857362047581296,1.1737688700087887,1.0563919830079098
49725,737781.0207758519,1.3052566395999374,1.1280376153331215,1.0318011449105333,0.9955174370275113
49780,737782.1478078371,1.709820794894692,1.944602157775754,1.0285921939813858,1.2649353841842286
49799,737783.0303289838,1.1824849754791509,1.14589573061544,0.9111073046921367,1.0474634999521844
49820,737783.81312191,1.4622709828392317,1.0566775715407588,1.139548203244684,0.8717589965211259
49823,737783.8601230186,1.6898617972889174,0.8494757592239645,1.4928872815424281,0.9674877072102145
49873,737784.9764894567,1.1309752132897182,1.3964452794316775,0.9111073046921367,1.2884827560829457
49928,737785.8329124356,1.1737688700087885,0.8079897337734919,1.7499045058372784,0.9811647034675129
50335,737788.7926017034,1.2302959827287587,0.7238241365054198,1.2731760055795656,1.0563919830079096
50341,737788.8681616988,1.1309752132897182,0.9350838127103508,1.4423063974646733,0.978140725007324
50541,737791.1573583476,1.240841376866434,0.9215798024472188,1.0657533298239308,1.2381202334961128
50605,737792.2216662947,1.0723320540821033,0.9870329134164816,1.3017000819988471,1.036777277753121
50633,737792.655202757,1.164328369713812,0.9870329134164814,1.426514721580024,1.1737688700087887
50648,737792.87918249,1.2887076614339816,1.0797376621904051,1.573530731533521,1.1246669850084208
50662,737793.0650176817,1.176949815455967,0.9971046778390986,1.4009499416233928,1.142880215534873
50665,737793.0733256174,1.1167572391797906,1.0258924769368154,1.4009499416233928,1.05557686573707
50680,737793.2700717405,1.036502343444515,0.915374786212943,1.2604853036769839,1.0921606793424972
50687,737793.348511671,1.036502343444515,0.9395794079637657,1.193116708525417,1.173768870008789
50796,737794.803683312,0.8903531519656643,0.6275931819411154,0.8763789993563377,0.9420704596599822
50799,737794.9192684164,1.0478955327424306,0.8685889638065037,1.6151447674087875,0.8923859217190108
50861,737795.6398543301,0.980348717614564,0.6640588408306604,1.4317400502305,0.7228202195338448
50865,737795.6876251809,0.9796116133156055,0.6640588408306604,1.4317400502305,0.7228202195338448
50869,737795.7159760024,0.9143041724278986,0.7574903754126484,1.4975671789767302,0.749777990005614
50870,737795.7170451385,0.9895317309188018,0.8209725555827065,1.5888822508655556,0.769186412090228
50874,737795.7546656344,1.0242794384510658,0.8072388139465647,1.585016357311138,0.7989648812937616
50877,737795.7636072034,0.9674877072102146,0.8072388139465647,1.576068684326317,0.7989648812937616
50879,737795.7695255828,1.0012552896904943,0.8072388139465647,1.5171859629807922,0.8214901927552052
50880,737795.7764818135,0.915374786212943,0.8623175633458067,1.8179769009903552,0.8589260457913509
50887,737795.8552179011,0.915374786212943,0.8623175633458067,1.8679332554978565,0.8589260457913509
50888,737795.8561576216,1.088760539590325,0.8985403073860381,2.9443693688356034,0.8841923583659018
50896,737795.8987469522,1.4537053787556544,0.8985403073860381,2.6667205029147025,0.8841923583659018
50898,737795.9134038732,1.1857869813058068,0.8947429896580466,1.8095603412635484,0.864520631423335
50905,737795.988167876,1.4110651036567747,0.8947429896580466,2.2857604310697455,0.864520631423335
50906,737795.9897270107,2.2857604310697455,0.8947429896580466,2.0680689614440557,0.864520631423335
50907,737795.9937870236,2.2857604310697455,0.8947429896580466,2.0680689614440557,0.8823138458531076
50911,737796.027587094,1.5510517210830426,0.9605249204811257,1.5510517210830426,0.9132360600769314
50933,737796.3471374974,1.5510517210830426,0.9605249204811257,1.5510517210830426,0.9132360600769314
50938,737796.4172805367,1.5510517210830426,0.9605249204811257,1.5510517210830426,0.9292336887569577
51016,737797.5355730753,2.1714724095162596,1.0685628728726757,1.6151447674087882,1.0165540538697702
51022,737797.5917607743,1.5510517210830423,1.0685628728726757,1.300282879949856,1.0301616924047172
51089,737798.5926491377,1.1187914053713748,0.9892812799618494,1.2097339328781387,0.8263531368137984
51147,737799.6747320147,0.8773625897035391,1.3019534789390843,1.1550385157001375,1.183363710908043
51154,737799.8250489559,0.7724605409346377,0.7107929327385463,1.1251152380913259,0.9032120940795532
51160,737800.0129800467,1.5276690318204844,1.101028263980075,1.1667612946654526,0.9524001796123946
51167,737800.1455974776,2.105670215288494,1.074986341344683,2.124266487570254,0.9853103428869587
51202,737800.8924690884,0.7487835894883653,1.0635783230283715,1.0340344807220283,1.2101084635075128
51213,737801.165957481,1.371456258641848,1.3349215632272085,1.2376267619004588,1.2199283199529545
51263,737802.1784225823,0.8899477088181389,1.1878139675986374,1.203587478715709,1.0747444996480922
51265,737802.2292426825,0.8440352121794646,1.1102264950910197,1.1048587602235367,1.0308331355804736
51296,737802.6927184693,0.7055325518283874,0.8936100450684191,0.9533293505193332,0.9870329134164814
51298,737802.7074230708,0.6312419795105404,0.8446570150468431,0.7954111390169448,0.9362036735638961
51299,737802.7366405334,0.6580219422776543,0.8985403073860381,0.909517239587962,0.9662918015152698
51300,737802.7469111951,0.8515578076534348,0.9127029392012297,0.8936100450684196,0.9907858902735783
51301,737802.7695567932,0.8830386877884973,0.9378452267013743,0.9204700001803026,1.0062920922148517
51303,737802.7738724996,0.8449308986444588,0.9378452267013743,0.9796116133156055,1.0062920922148517
51307,737802.8811540839,2.0680689614440566,1.0834789569311898,2.0680689614440566,0.9708520459834246
51397,737805.7310978405,1.1187914053713743,0.9622477442464957,0.891275988980554,0.8845959379212694
51413,737806.1397552766,1.3732631838838008,0.8803266525065913,1.3732631838838008,0.6492774646394129
51458,737807.3018545103,1.3732631838838008,0.8954525400067048,1.3732631838838008,0.8799019893843016
51474,737807.5136983256,0.9732089230324972,1.2756313220122217,0.9415598523647736,1.032278904354079
51492,737808.0845175928,1.0242794384510652,1.0657533298239308,0.9047801706317746,0.9339666277489287
51526,737809.2158767619,2.632087769110618,1.237626761900458,2.632087769110618,0.910198015964899
51537,737809.6289041797,0.8783483903661273,1.1303555008440802,0.7568134403139777,1.0640608903255715
51539,737809.6488043186,0.9759426559623637,1.1817536922537464,0.8117653867350502,1.098486494425569
51554,737810.1697009229,1.0522553526290244,1.223364737755639,0.856033801386173,1.1235093644241125
51650,737812.3073804805,1.4346063966774085,0.9143041724278986,1.063578323028372,0.9229972210471795
51670,737812.6472817144,1.3200440179430146,1.0393372216488077,0.9904961867968898,1.171585113971563
51689,737813.14360758,1.8001843809461218,1.240841376866434,1.4009499416233933,1.2799329243083637
51698,737813.3922875372,2.0082981822115693,1.1875239739542043,1.1801480486501408,1.1632887908122815
51699,737813.4118791252,1.0164338938161213,1.0340344807220283,0.8575631518540937,1.200623448540925
51837,737816.5979558257,1.1943098252339424,0.878168989142605,0.9240308125601103,0.8608413912849393
51864,737817.222494294,0.9769405523386032,0.9849977940073754,0.7436549347658421,0.8946141012988333
51881,737818.0710864944,0.9240308125601103,1.0535445652639532,0.9870329134164813,0.9357961412215023
51893,737818.435462367,1.2624839590210808,1.1264122009018058,1.0044906384156844,1.072332054082103
51909,737819.0544256889,1.34192115194825,1.1296677274940077,1.0493021039273196,1.097239522330954
51925,737819.5404766386,0.8155764918370925,0.782512580005859,0.8243351804357425,0.9644075171204013
51940,737819.7188176848,1.2337911417706016,0.9220689637011714,1.2952642442728561,0.994322669054712
51946,737819.8342836769,0.8293818230791266,0.782512580005859,0.8075723837043937,0.9821500650815589
51949,737819.9545177668,1.1167572391797904,0.9201154277611268,1.3275377176081935,1.0158935249198873
51950,737819.9951263125,1.5590058324732115,0.9339666277489285,0.9681724118862304,0.8466750220590915
51954,737820.1347774273,1.5864638608337964,0.9890764598210703,1.705688297505219,1.0355287502028403
51956,737820.2012688582,0.8788421218952818,0.8803266525065915,0.8394298226003847,0.9809526285289055
51960,737820.2962117614,0.952748406369108,0.9331947545028552,0.8837387713147563,0.9997300192762735
51962,737820.3416403374,0.8797862432662561,0.9331947545028552,0.869458422228732,0.9997300192762735
51965,737820.3859481318,0.9159110338908648,0.9574996451410275,0.8897740604847109,1.0382723269544951
51967,737820.3925265002,0.9331947545028549,0.962247744246496,0.9321442538411256,1.0679372505817666
51968,737820.455890265,0.8685889638065034,0.9302157577579692,0.8998894670067378,1.0313797067022024
51969,737820.4580352018,0.8954525400067046,0.9302157577579692,0.9064222399069682,1.0170187234443238
51971,737820.4792686561,1.0411169086721788,0.988354242617842,0.969014056984943,1.044505715969846
51972,737820.4848271225,0.9594134357214692,0.988354242617842,0.9458319025116191,1.044505715969846
51974,737820.4966775338,0.9732089230324972,0.9996548176801192,0.9618106072814776,1.0487606683731776
51975,737820.4983834218,0.9182843522829952,0.9419629173700665,0.9276859977363764,1.0297438812169575
51977,737820.4994295301,0.9137383901429803,0.9419629173700665,0.917275103938631,1.0164879623247554
51979,737820.506354834,0.9229398670907359,0.9451457712801999,0.9303936873214268,1.0163284108466508
51980,737820.508910578,0.9186017243547041,0.9451457712801999,0.9204043180053217,1.0188032035919161
51982,737820.5180342722,0.9550457356668732,0.9743786452957574,0.9470596178575584,1.0440966365161175
51983,737820.5400960514,0.9506446032444451,0.9743786452957574,0.9419245153594928,1.0311118281479126
51984,737820.5483458866,0.9608284997859554,0.9829710495752614,0.9490987170455392,1.0346073530105169
51986,737820.5502663208,0.9544933668203338,0.9919337719736636,0.9510098143866828,1.038530282812124
51987,737820.5508141384,0.9544933668203338,0.9919337719736636,0.9510098143866828,1.038530282812124
51988,737820.5542300654,0.9754207614939348,0.9919337719736636,0.9615375983097827,1.0651592644226908
51991,737820.5636660141,0.9754207614939348,0.9919337719736636,0.9650988486738931,1.0510977559814672
51992,737820.6426569541,1.0121269705372395,1.0258924769368152,0.9870329134164814,1.0696908421262357
51993,737820.6510815794,1.0121269705372395,1.0258924769368152,0.9870329134164814,1.056963314529277
51994,737820.6551199942,1.0110094214346954,1.0204287638704224,0.9745738724336646,1.0303015042573276
51995,737820.6599046553,1.0371211508137357,1.0445565707201245,0.9943442683306775,1.068682756515855
51997,737820.7287509717,1.0623641925226315,1.0679372505817668,1.0113707112815453,1.08179217080208
51998,737820.7306621128,1.0623641925226315,1.0679372505817668,1.0113707112815453,1.08179217080208
52000,737820.7676512277,1.0340344807220279,1.0450936730292155,1.0133537911075876,1.0571500056263954
52004,737820.9468430361,1.2302959827287585,1.0006785297309948,1.2936431375841542,1.0840423885260577
52010,737821.4952480757,1.0301102511936713,1.0611034461859554,1.0086467728343604,1.0555768657370705
52012,737821.8237233122,1.0340344807220279,1.0611034461859554,1.0133537911075876,1.0576425738891975
52044,737822.8560349473,1.0756519675622336,1.1640883020087158,0.9845466844154322,0.9387480268670974
52057,737823.0268675784,1.153811057128724,1.1667612946654524,0.8901688138389634,1.0188032035919166
52061,737823.0880814968,1.205086075718735,1.2133468184194895,1.0757471243180334,1.1018041824183977
52062,737823.0929362415,1.205086075718735,1.2133468184194895,1.0757471243180334,1.1147665845644965
52063,737823.0973873755,1.205086075718735,1.2133468184194895,1.0757471243180334,1.1018041824183977
52102,737824.162745609,1.0464927274777152,1.0794394744902696,0.9775116956021745,1.080110628567673
52139,737825.1192173291,0.9974961598484582,1.023589687987462,0.9565957751172948,1.05378630095265
52245,737827.8201768433,1.0053113007019716,1.0482970252837112,1.0002943920996203,0.992673101493147
52246,737827.8555774199,1.0053113007019716,1.0482970252837112,0.9896033116285036,0.992673101493147
52252,737828.0014360605,1.014524396180103,1.0557032669903021,0.99646917453901,0.9986580907478029
52267,737828.4224612064,1.0621332437851267,1.067624714072963,0.969635153485521,0.9897107021126738
52270,737828.5169729828,1.0621332437851267,1.067624714072963,0.969635153485521,0.9897107021126738
52290,737828.8823885939,1.0455237527300507,1.067624714072963,0.995594537200763,0.9897107021126738
52310,737829.0481212458,1.08091071051476,1.0857362047581296,0.9830229131878594,1.0018595880815357
52341,737829.6181021363,1.1076992062615922,1.1116752949741942,1.001255289690494,1.0186011302634903
52344,737829.6941239662,1.1097814699401667,1.1135755946237227,1.0041490911057844,1.0651592644226908
52345,737829.6943967413,1.1323068914214305,1.13541041020458,1.020405372953199,1.0803345320976412
52359,737830.0306907925,1.173768870008789,1.1144974287252325,1.6948077342565926,1.0562592037239722
52380,737830.5672707404,1.1183548890212494,1.097375030842826,1.0480325931744157,1.0564540543389518
52402,737831.150534284,1.0482970252837112,1.1015924598622067,0.9895317309188015,1.1280376153331215
52412,737831.3759938126,1.1207599532987145,1.0994797010208905,1.0825144356045446,1.0620104396177332
52414,737831.4492473272,1.041116908672179,1.0915245927499855,1.855959324372871,1.0229634477378522
52416,737831.4861250024,0.9143041724278983,0.6825846473921443,0.9143041724278983,1.1632887908122818
52427,737832.0730277484,0.9143041724278983,0.6877966907970051,0.9143041724278983,1.0756519675622338
52429,737832.1199913383,0.8651284500064776,1.0800088849138894,1.442306397464674,1.0389820141226118
52433,737832.2634615891,1.1653698083271515,1.056224061853402,1.0944114172116366,1.0250151958722207
52526,737834.681973667,0.635165604246072,0.6141538127924772,0.9314626957710493,1.0939407604615916
52589,737836.2842404993,1.0099871672168648,1.0915839760584423,1.1313025577798166,1.020725698933216
52608,737836.8257764863,1.1428802155348727,1.1786697838710383,1.2568007514885098,0.992673101493147
52609,737836.9138706113,0.8915135992148862,1.0006785297309952,0.8915135992148862,1.0062129251869063
52637,737837.5444657248,1.1479149301407536,1.1301343395251904,1.1059116194370486,1.0561880856940689
52641,737837.691286344,1.1479149301407536,1.1301343395251904,1.1158955437791886,1.0561880856940689
52643,737837.7182163002,1.2300279443882949,1.1997085135448944,1.1120748188897285,1.0707948808394394
52662,737838.1281527496,1.7693478892354704,1.6042540228616158,1.145259563658818,1.089450239666082
52694,737839.7127924019,1.1029701127701634,0.8316277313040987,1.1317120049596137,1.3116276299091496
52725,737840.5883564472,1.2280820825027687,1.1758875863806453,1.1103219040623677,0.973858421779849
52734,737840.9403655893,0.9464044399828727,1.252772543951688,1.3227243103652335,1.0548621894569505
52759,737841.6541563832,1.6645433104305818,1.1898478956253473,1.132660720313995,1.0693316845967027
52771,737841.9526953417,1.0279159334988204,1.3321916622799133,0.832893526937743,1.2874342348910623
52773,737842.0602400696,1.4329513362290034,1.4380611983551377,1.0719927084953684,1.041531663237023
52800,737843.1296497538,1.5986299947358962,1.505554203931272,1.0696908421262359,1.0467860270089586
52802,737843.1311534346,1.7318491609638877,1.4239163341090229,1.0910584410559634,1.0663480582445914
52867,737844.9347334674,2.05826768674527,1.371456258641848,1.2306629613962394,1.1240563061025337
52930,737847.0257068493,1.1598368952905835,1.364925514553077,1.5510517210830423,1.1174828774118761
52940,737847.3822451147,1.4975671789767306,1.4928872815424283,1.2763488253923876,1.1401525777889665
53040,737849.8405680385,1.0738050376728754,1.7511874270292407,0.6248841466233838,1.3111983621526748
53041,737849.8408615531,0.8923859217190108,1.4217974109927884,0.5567877973118611,1.2588245852268167
53042,737849.8452929454,0.7987024954542563,1.4217974109927884,0.5567877973118611,1.345886149511211
53043,737849.8540412139,0.7987024954542563,1.4217974109927884,0.6178986531143825,1.2588245852268167
53047,737849.981036704,0.9624254446609459,1.2931845614985162,0.5428681023790648,1.3094305987032717
53048,737849.981575319,0.9624254446609459,1.2931845614985162,0.6008026429491623,1.229405050812365
53080,737850.9181060196,1.1100178451201326,1.370346666199581,0.9895317309188011,1.17025459195487
53121,737851.8292635761,1.1462317704191398,1.534192463245183,0.9769405523386032,1.0682740330638172
53131,737852.1063056873,1.6326860221926764,1.514980750825297,1.366158138437382,1.1202040207821973
53134,737852.1727922574,1.7302569000129555,1.517695770092009,1.425714208268251,1.1318485532227607
53157,737852.7181628515,0.8908604756989781,1.3533255810016342,0.7914250239694791,1.0952140183787147
53197,737854.3498935332,1.104138513313352,1.1199571166559503,1.104138513313352,1.1199571166559503
53212,737854.7060114898,1.949893592218682,1.5678501151741944,1.7482193127461403,1.4376644918176613
53244,737855.7005612074,1.0528351076442468,1.113575594623723,1.1523568342374841,1.1246669850084208
53246,737855.762944586,1.0423067565678046,0.8843100310247208,1.0423067565678046,0.8751526083692731
53290,737857.4202581117,1.1251152380913259,1.1997085135448944,1.1251152380913259,1.1471929710651936
53291,737857.423987833,1.0450936730292157,1.0948600384115592,1.0450936730292157,1.1632887908122818
53333,737858.4604594762,1.0450936730292157,1.0948600384115592,1.0450936730292157,1.0572712106258941
53350,737858.9412837899,1.331170825757094,1.0041490911057842,1.634990990694595,1.1767979509636501
53351,737858.9427851171,1.331170825757094,0.935403499483927,1.634990990694595,1.1767979509636501
53353,737858.9906763049,1.331170825757094,0.935403499483927,1.634990990694595,1.1767979509636501
53450,737862.1966738221,1.0925647343478035,1.5937412179935848,0.8042490405615771,1.6632554626081986
53486,737863.0328713168,0.7392246500480882,0.9132360600769314,0.730783983971818,1.1687811835923207
53496,737863.2249219721,1.6775323335318741,0.9544933668203334,1.7246351266916133,1.2568007514885098
53498,737863.2666364147,1.2330127246464557,1.3281176816613203,1.676812671441126,1.394950156006162
53510,737863.5759524126,1.5449210818692756,0.8823138458531076,1.5449210818692756,0.9650988486738931
53518,737863.7500224166,1.7929588702427823,1.0478955327424304,2.0455899509935764,1.2330127246464557
53520,737863.7904312814,1.4749623913695347,1.1824849754791507,0.7772608177239406,1.3240685423879626
53556,737864.6843786337,1.088760539590325,1.0896277323737498,0.9938088830738027,1.2467784169471343
53562,737864.8655569683,1.288707661433982,0.9771625842823166,1.5449210818692756,0.8863152691903097
53618,737866.1890754063,1.077653801248764,1.2026616421936207,1.077653801248764,1.0507124562175447
53621,737866.3387039349,0.9796116133156058,0.7896263307331848,0.7238241365054197,0.8505767502713454
53622,737866.34322757,1.077653801248764,1.2026616421936207,1.077653801248764,1.0507124562175447
53627,737866.4013494969,1.1395482032446844,1.2026616421936207,1.1395482032446844,1.0464927274777147
53629,737866.408662845,0.9587074655700923,0.9089884504951784,0.9587074655700923,0.8098731597263434
53631,737866.4191256983,0.9587074655700923,0.9089884504951784,0.9587074655700923,0.8098731597263434
53652,737867.571373599,1.1135755946237225,1.2811046663812737,1.4564753966267587,1.2722341680255045
53665,737867.9375642895,1.3204899787598876,1.423916334109022,1.331170825757094,1.536089807374845
53676,737868.546614196,0.9524001796123944,1.0464927274777154,1.2515691121131176,1.1251152380913259
53688,737868.8013206827,0.7939570053075902,1.0464927274777154,0.9339666277489287,1.1251152380913259
53725,737870.0356335866,0.980348717614564,0.9487015381381713,1.0099871672168648,0.8161238586101374
53728,737870.0876870444,1.0258924769368152,1.308115909347144,1.1135755946237227,1.1215639417874508
53771,737871.0580895112,1.0285921939813858,0.6400129206995288,1.0340344807220276,0.718298761417592
53775,737871.1345068153,0.7635946934562667,0.6710952258990643,0.8292018747556117,0.7487835894883651
53817,737872.2786497145,0.7853426435863505,1.0476401975736338,0.7864487599857681,0.8246097757656676
53819,737872.3088758539,0.7132573607900121,1.0439771199597399,1.1462317704191396,0.9214168640097281
53820,737872.3453471921,0.7983354446750953,0.9870329134164814,1.0679372505817668,0.9411954716169543
53841,737873.3045415854,0.9201154277611269,1.188039616148713,1.1519747530590234,0.9325341635959393
53858,737874.1821134276,0.9201154277611269,1.188039616148713,1.1519747530590234,0.9325341635959393
53864,737874.4363993293,1.053544565263953,0.9482412268629951,1.053544565263953,1.0295774355465024
53866,737874.6515233412,0.9095172395879618,1.219928319952954,1.2063735608423658,0.9923395419832364
53887,737875.2669927389,0.973754443729264,1.2946447970015633,0.879138627334518,1.032668517075103
53896,737875.5485778128,0.8079897337734918,1.6031004365556265,0.987032913416481,1.1395482032446838
53904,737875.7597353245,0.967787146302511,1.703115615306869,1.0776538012487633,1.1889906565074615
53911,737876.0133016871,1.0258924769368152,1.7318491609638866,1.1320472277098976,1.2165111537906208
53912,737876.0753653271,1.17025459195487,1.8593647543258478,1.234960612047161,1.275550226568991
53913,737876.088252573,1.0994797010208905,1.6876728571369883,1.1762142218213065,1.2344287599317232
53914,737876.1013383311,1.0994797010208905,1.425474229441745,1.1762142218213065,1.1307075268487028
53938,737877.1959240624,1.0621332437851263,1.425474229441745,1.1428802155348727,1.1122175756058885
53950,737877.3391542437,1.0621332437851263,1.333360251457352,1.1428802155348727,1.1122175756058885
53959,737877.4756349949,1.0490204876890137,1.5079669510529574,1.1246669850084208,1.2003113821446656
53963,737877.6182088838,1.255791272973258,1.3362907135484665,1.034034480722028,1.1299517063093651
54015,737878.5559612772,1.0315783418129492,1.2258311989204684,1.1760392159855946,1.1312313798159443
54026,737878.9321033815,0.8351816959677919,0.9492775560726815,0.8823138458531076,0.7155675874198064
54038,737879.1897266548,0.9510098143866829,0.8136664766337268,0.9627217579136124,0.7319569919717724
54040,737879.2252025768,0.8465779374332395,0.7029946649513067,0.8351816959677922,0.6560339605789299
54041,737879.2338825657,0.8072388139465648,0.632851704048454,0.8240882009549371,0.6553739666548063
54058,737879.4887138935,0.7649022186162949,0.634006542924455,0.8163430110963381,0.6560339605789299
54065,737879.5957722141,1.2063735608423662,1.00270010251833,0.9580025336101144,1.0029895655964245
54094,737880.5664305177,1.4530298651038163,1.0857362047581292,1.100551318663211,1.0294952599989287
54100,737880.8776983478,2.1358745011635327,1.3193756412250686,2.0530284599062805,1.2031905171462118
54136,737882.058842561,0.7345361216122649,0.773798631453455,0.7520250768887479,0.669862954092419
54137,737882.0591990587,0.7345361216122649,0.773798631453455,0.7520250768887479,0.669862954092419
54138,737882.1734194797,0.7439734165366195,0.7987024954542563,0.7314433379423189,0.7543576608741346
54142,737882.2657950559,0.7914250239694791,0.838766166765937,0.8751526083692731,0.747862576463164
54147,737882.3652019494,0.733330269630256,0.8705234603851372,0.8565966112490176,0.7182378421773733
54149,737882.3847739362,0.9931890438535903,1.1337004547675247,1.0373275841638179,1.1968745564262844
54168,737882.9843109853,1.0939407604615912,1.2588245852268167,1.0373275841638179,1.1535046000086366
54169,737883.0025940203,0.7916826493028024,1.0980897140410915,0.8863152691903099,0.9755890535507831
54170,737883.0455311871,1.0939407604615912,1.24631970524112,1.0373275841638179,1.150086269857287
54171,737883.0675768695,1.0186011302634903,1.1581186184086714,0.9926731014931468,1.1032885221560667
54172,737883.0701505007,1.2008142356771934,0.9419629173700665,0.9428374098306685,0.9343130545396368
54182,737883.3708192188,0.6720224091346256,0.9892812799618493,0.7993149973679481,0.7840823143689599
54183,737883.3729513785,0.7224861990996795,1.0318011449105333,0.8465779374332394,0.78408231436896
54186,737883.3971272504,1.0238769710882163,1.1529941997431463,0.9977035395074699,1.1012980246719721
54191,737883.5430072151,1.1737688700087887,0.8931506054565589,1.1737688700087887,0.8931506054565589
54198,737883.7591196052,1.05925483391037,1.1678507076389966,1.0099871672168648,1.1207599532987145
54203,737883.988183291,0.8515578076534348,1.150144284701408,0.891275988980554,0.9943623657438314
54204,737884.0077490616,1.2141566160736073,0.9825667011385785,1.020368826791781,0.910817788548288
54205,737884.0116878542,1.087678487772008,1.1517950378089363,1.0314493945202232,1.1124346360226738
54208,737884.0873727121,1.1469044416459113,1.2026616421936207,1.0736575572391889,1.1463610689832027
54218,737884.2457196721,0.7416793808594434,0.9887615174679989,0.7922453235382704,0.8035404510985275
54237,737884.6594671924,1.1251152380913259,1.1135755946237225,1.0592548339103702,1.087912028815761
54240,737884.720869733,0.7416793808594434,0.9887615174679989,0.7922453235382704,0.8225274278470676
54259,737885.3419357435,1.2915821023145038,1.2773367114801524,1.1301343395251908,1.2151244571386322
54274,737885.7462473914,0.8117653867350502,0.992673101493147,0.7787349330678996,0.8272275845776224
54284,737885.9094147674,0.9240308125601103,1.028384019078738,0.803105016321803,0.8454503233772317
54303,737886.3325182439,0.9162330841840756,1.1878139675986374,0.9409713774570455,0.9306310326498249
54355,737886.9867273552,0.9162330841840756,1.1368965494849523,0.9409713774570455,0.9312357311765631
54363,737887.0854949744,0.8781689891426047,0.9759426559623637,0.8341123211970266,0.8652926110026835
54364,737887.08734342,0.8781689891426047,0.9759426559623637,0.9723010788878772,0.8846739446177349
54429,737888.3070901269,0.7023630435093021,0.8778842083656696,0.7548571527866487,0.8054920839009303
54442,737888.417390763,0.7023630435093021,0.8412483910958872,0.7505088972982461,0.7809830401700383
54454,737888.8298969114,0.7023630435093021,0.8778842083656696,0.732780340669154,0.7890524743881752
54455,737888.8400498731,1.3222080245298067,1.2751306031701695,1.3705545779984276,1.240841376866434
54457,737888.867767931,0.7527771019656365,0.838204066399521,0.7996216007424659,0.7927597685535547
54462,737888.9575510388,0.7527771019656365,0.8852525410497939,0.7090522153522478,0.8098731597263433
54463,737888.9805585138,0.6972617828721932,0.8498038265872074,0.7047374959890496,0.7766353395980894
54465,737888.9817043004,0.6972617828721932,0.8177092755500557,0.7047374959890496,0.7536563677279855
54467,737889.000628683,0.6972617828721932,0.8498038265872074,0.7450056702679394,0.7786156050058296
54480,737889.4802965333,1.2854382128214643,1.211984600660238,1.4736539306098366,1.2027938173383828
54484,737889.5654925304,1.4172780295211014,1.1546972930957948,1.0562240618534022,1.0767631782725249
54494,737889.7421541996,0.7198251081269367,0.7944411254327778,0.7209966984721954,0.7673047383449676
54510,737890.0752498226,0.7198251081269367,0.7944411254327778,0.688748958084452,0.783598648819191
54521,737890.3538381926,0.7487835894883653,0.8582894899273751,0.7675902470848172,0.8277531421281796
54527,737890.7768785486,0.7487835894883653,0.8194235507608524,0.7125729841245063,0.8009529379363248
54534,737891.1191760218,1.1304845515919786,1.0133537911075876,1.0541128201535237,1.1773043184124299
54551,737891.7014779265,0.7487835894883653,0.8194235507608524,0.7466380777706335,0.7852334165149195
54556,737891.9279831336,0.7487835894883653,0.8582894899273751,0.7125729841245063,0.8004062123814193
54560,737892.0358132707,0.7487835894883653,0.8582894899273751,0.7881179709801132,0.8004062123814193
54578,737892.3977238463,1.565025160011717,0.8651284500064776,1.5572312100116605,0.9706058321185372
54611,737893.3991047442,0.7457582012480084,0.855551981235299,0.7832181819715992,0.831627731304099
54631,737893.6805444749,1.2571682370883603,1.1925706596885632,1.2571682370883603,1.00221803516135
54637,737893.8961971576,0.8840600140524212,1.0435911764773147,0.9633149321329056,1.0582620927351967
54645,737894.1934053929,0.8288062631741446,0.9572616190442906,0.7832181819715992,0.8527521383794563
54693,737895.1079185526,1.1550385157001377,0.9681724118862302,1.1550385157001377,0.8717021858990001
54698,737895.2119682013,1.5871226913407874,0.9886378449830122,1.3198529840764526,1.0238769710882165
54715,737895.920805621,0.8288062631741446,0.9355550063675492,0.7467506928653199,0.8705234603851373
54758,737896.7550711872,0.9279796621864355,0.8853115146385655,0.8590440301383003,0.8607638380064452
54760,737896.7825785489,0.9691369191704365,0.9168439062401983,0.8920643412066794,0.88631526919031
54793,737897.6765943726,1.286798464898524,0.9040268149526475,1.4054837602046988,0.8850251450721288
54798,737897.8280698735,0.8967732664668916,1.0702458049496477,0.8557526737009886,1.0133537911075876
54812,737898.6809577491,1.5986299947358962,0.877362589703539,1.4054837602046988,0.9240308125601103
54822,737898.9881218834,1.5410449357857319,1.3431788100100566,1.2854382128214643,1.121966368748982
54848,737899.9985779527,1.3344243857362483,1.1309752132897184,1.3759825169211937,1.1392824813831368
54851,737900.0620602984,0.9273191784411068,1.0473339595737583,0.8837387713147565,0.9804306865708861
54853,737900.0838532234,0.878044831219638,0.9856328667307843,0.8584437198447025,0.9515059071432748
54878,737900.906145252,0.9870329134164816,0.9759426559623637,0.8918547396227491,0.9778369545958309
54879,737900.9118065827,0.9143041724278986,0.8653439240911617,0.8918547396227491,0.9575482886913803
54895,737901.5076129484,0.8369700936036973,0.7265149325519081,0.9071425209467396,1.2233647377556387
54905,737901.7919290396,0.9461753418371501,0.7804446292130319,1.300621495283176,0.9473219430754402
54914,737902.1455671685,1.4564753966267596,1.3604405457210296,0.9495031448455127,0.9291561815679712
54919,737902.2314019781,1.3227243103652337,1.257609503580845,0.9175235533167292,0.9976614085358261
54921,737902.2736848299,1.3227243103652337,1.1225705509615556,0.9175235533167292,0.9791785401001698
54922,737902.2999669908,1.3410518443568344,1.270331208492144,0.933565094375004,1.007856392602483
54971,737904.0528729699,1.8882368778402248,0.8783483903661271,0.9842367861830068,1.5622103665584595
54972,737904.0929286822,0.841248391095887,1.2694761778710435,1.4333151217929092,0.9879134066487886
54973,737904.1599115718,0.8136664766337268,1.4476482730108393,1.1251152380913259,0.9876742603387794
54988,737904.5054525769,2.135874501163532,1.2305010320592134,0.9157872286686575,0.9322958466617212
54998,737904.8388693556,1.5908222780338885,1.4476482730108393,0.817608659175557,1.0323957572977462
55034,737905.9909869198,1.6144776278931294,1.3818460787830742,0.9433297017113239,0.9650988486738931
55035,737905.9973413263,1.6144776278931294,1.3818460787830742,0.9433297017113239,0.98967911425674
55042,737906.1785467737,1.113575594623722,1.0435911764773147,0.8795837608167124,0.8430906135432444
55057,737906.4663384226,1.5721067218217264,1.1685053324751173,1.2848949168735262,0.9806649591363752
55086,737907.5530718643,1.4092151330194012,1.1545661073092581,0.9182420525753954,0.9476500540282926
55118,737908.7399979439,1.8020517921296757,1.2273539705961463,0.6932865161511431,0.9555434145286067
55132,737909.1122304467,1.7693478892354704,1.2518466218940736,0.9544933668203336,0.9664003980315111
55145,737909.8473723951,1.1658912265859107,0.8766814075686759,0.9448520196807342,0.928220071425344
55146,737909.8501202377,1.0857362047581294,0.8766814075686759,0.9210160301374019,0.928220071425344
55148,737909.8538141762,1.1658912265859107,0.8766814075686759,0.9448520196807342,0.928220071425344
55154,737910.0122164882,1.608498081123155,0.7790035549834113,1.389742342090406,0.846698704614043
55156,737910.0679548597,1.1711311871548362,0.8612071879101308,0.9525549156285781,0.9194279193468593
55169,737910.3455225931,0.9870329134164814,0.7543576608741346,0.8933272570794738,0.833690300082135
55196,737911.2609122926,0.9207656860139612,0.8012813319248188,0.8585722871233974,0.8689931466654177
55214,737911.8332592405,1.0242794384510654,0.7458161512209079,0.9525549156285781,0.887914154221922
55226,737912.214201089,1.0982159312496023,0.789626330733185,0.9355142112249002,0.8754867381067386
55264,737913.4958052939,0.891275988980554,0.7053506666642141,0.9010258960648377,0.8319817660981836
55276,737913.6852036872,0.891275988980554,0.6996069720870227,0.9010258960648377,0.8319817660981836
55360,737916.017351519,0.967787146302511,1.1199571166559503,0.6772623499465916,0.9510098143866829
55361,737916.0212684663,1.0535445652639532,1.139548203244684,0.756025210276454,1.0117971800613392
55374,737916.1689606372,1.0830286331751917,1.1706050725155035,1.1264122009018058,1.037563608642581
55375,737916.1982424441,0.8661143513740062,0.8985403073860381,0.8661143513740062,0.8754402352125147
55403,737917.1993081932,1.8882368778402248,1.3307073261659526,1.2773367114801515,0.8132855466353031
55515,737918.1786397005,0.6785851279738311,0.5877669679893631,0.9373262199350759,0.8169572646788031
55516,737918.1812236385,0.6271400460696778,0.5877669679893631,0.8991604180191549,0.8169572646788031
55582,737919.5093256774,0.6010996289318364,0.706692204280439,0.9014659575525374,0.8636537992394213
55589,737919.8627656844,0.5960904653574045,0.5033214194242983,0.9194279193468593,0.8236619484372018
55592,737920.0682462578,1.7371779276130068,0.8334009247610374,1.4416414337037393,1.0402263039598847
55593,737920.0699794163,0.6440807994327888,1.1766599263388595,0.6440807994327888,1.7654247231839504
55627,737921.1382091573,1.142880215534873,0.7299066922743727,1.2307940782683247,0.779155466753104
55648,737921.6490170235,0.8371941819821719,0.6821379296909713,1.0371211508137355,0.7669659724560738
55649,737921.6505713556,0.6605239268490521,0.6282741148690802,0.9228757740444101,0.8262012476240522
55654,737921.7593393892,0.6373294283695519,0.6373294283695519,0.6373294283695519,1.2881615988655768
55666,737922.1066535575,0.6605239268490521,0.6282741148690802,0.9415598523647736,0.7962065501559616
55677,737922.4412542906,0.6440807994327888,1.0776538012487638,0.6440807994327888,1.5346094766899356
55688,737922.8490534448,0.7509414672678705,1.2214532303528955,0.7509414672678705,1.7654247231839504
55689,737922.8711825854,0.9215798024472184,0.9240308125601099,1.0178776919607464,0.9939838494264567
55705,737923.2477617338,0.6116823688778196,0.6282741148690802,0.9415598523647736,0.7958275846394667
55706,737923.2511291802,0.6707250685764506,0.6253840539406826,0.9977035395074701,0.8308242262496992
55728,737923.8754128659,0.890860475698978,0.775525860541521,1.1231753842325478,0.9806649591363752
55732,737923.9586839915,0.9842367861830068,0.8063823271413161,1.3964452794316775,1.1762142218213072
55754,737924.683951325,0.5640188076665608,0.6740712579429627,0.5640188076665608,0.9350838127103508
55764,737925.0452822775,0.6153970391341625,0.7329864673472604,1.0254175267160113,0.7930594886928944
55782,737925.3432630356,0.7343143413823098,0.7307839839718179,0.9977035395074701,0.7930594886928944
55801,737925.8933588751,0.5640188076665608,0.6021413960530353,0.5640188076665608,1.1943098252339424
55809,737926.0299552364,0.8664229065401531,0.7418073448658028,1.0708631060628127,0.7267310607484133
55877,737928.9440404498,0.7932319304168981,0.8098731597263434,1.6576125263482893,1.0357960386108216
55900,737929.8004454076,0.7932319304168981,0.6934842026399227,1.0535445652639532,0.8267644112379934
55931,737930.3965562449,0.711958167054511,0.8057411538093724,0.711958167054511,1.0857362047581292
55939,737930.5092702674,0.5640188076665608,0.6833304785191022,0.5640188076665608,0.813666476633727
55958,737930.9776962382,0.620420688433217,0.8612071879101308,0.620420688433217,1.2101084635075128
55999,737931.8737771278,0.620420688433217,0.8612071879101308,0.620420688433217,0.8612071879101308
56007,737932.1182756076,0.5640188076665608,0.6116823688778192,0.5640188076665608,0.7268526893778271
56069,737934.639794976,1.0305292790924618,0.622963396172697,1.302883445709755,0.8180204282424262
56075,737934.8841465516,0.6948711710452028,0.9296823771629241,0.754565702148507,0.6490814267575774
56093,737935.4229441235,0.710294713393169,0.9143041724278985,0.7605857826676915,0.660523926849052
56097,737935.5150504892,0.710294713393169,0.9143041724278985,0.7605857826676915,0.660523926849052
56104,737936.1263474277,0.7411168633161295,1.0242794384510654,1.7371779276130068,0.6704374506225157
56138,737937.8400914766,0.835181695967792,0.8863152691903099,0.7928296829876809,0.7585929814903961
56146,737938.1634507428,0.6275931819411154,1.5200306866613813,0.9743786452957571,1.5117845889037238
56185,737940.348121089,0.680356890710055,0.6514417228548777,0.984546684415432,0.8571601616511548
56206,737941.0454714983,0.7299066922743729,0.9143041724278986,0.8621230409990112,0.9220689637011716
56236,737941.719031307,0.42232850752342155,0.39625408932778444,0.42232850752342155,0.3815178464743061
56241,737942.0371593975,0.7783055231241074,0.9143041724278986,0.7715891810463865,0.8460282114998411
56248,737942.3114702044,0.8773625897035391,0.5361660270410517,1.0797376621904047,0.740800822009811
56275,737943.016804561,0.7815067797744893,0.9983781193178205,0.7119581670545109,1.7499045058372789
56291,737943.5716995111,0.6594493217619876,0.8042490405615775,0.693484202639923,0.9769405523386029
56409,737948.1741811697,0.7360923422089015,0.835181695967792,0.8155764918370926,0.7920264107658085
56435,737949.7847473425,0.7783055231241074,0.9143041724278986,0.9620447383932795,0.9268479796715742
56440,737950.0667297589,0.7920264107658089,0.6940779391147857,0.8557526737009886,0.7441182711737959
56482,737951.6641042853,0.7423837297491486,0.8515578076534351,0.7203936903608442,1.2276875813519488
56544,737954.7209264861,1.0446946300078226,1.1428802155348734,0.8863152691903099,1.2376267619004584
56588,737956.311231203,0.7801697279699136,0.8497065950281016,0.849179154559431,0.6471275392598124
56592,737956.3951734703,0.7536563677279858,0.7423837297491485,0.7423837297491486,0.837482471989742
56611,737957.0497012449,0.9571228251311334,0.8311856112980899,0.8256549085613153,1.0780359479867951
56717,737961.6562586837,0.7455699260141663,0.8599890730757463,0.7119581670545112,0.6879912584605968
56771,737963.9180083921,0.9464044399828733,0.9415598523647736,0.8444614925896563,0.8432902561228192
56799,737965.1964665897,0.9571228251311334,0.9571228251311334,0.9571228251311334,0.7815067797744893
56808,737965.4740783987,0.8252626734503599,0.8252626734503599,0.7709369501241159,1.5441581578782289
56812,737965.6742775618,0.8209725555827065,0.7119581670545111,0.8209725555827065,1.49756717897673
56836,737966.7536204219,0.9603563481890088,0.9892812799618491,0.8515578076534351,1.2105769530404227
56846,737967.041514462,0.8228737551851087,0.7119581670545111,0.7950471064590423,1.562210366558459
56852,737967.3042708682,0.8786304547175615,0.7068083792277153,2.5249679180421603,1.7371779276130062
56895,737969.0292679177,0.967787146302511,0.9996548176801192,0.9650988486738931,0.9306310326498255
56896,737969.0324193112,1.0857362047581296,1.1078940864878872,1.192180930714809,1.0232068945364572
56897,737969.0340965907,0.9960882612459906,1.0207776284050791,1.0528351076442468,0.9503161529611638
56898,737969.0347943334,0.9960882612459906,1.0490204876890141,1.0528351076442468,0.9503161529611638
56909,737969.4551662294,0.7605857826676915,0.7998056756965963,0.747173302199143,0.9068794285682753
56932,737969.9615491114,0.8194235507608526,0.7797028400417445,0.8621230409990112,1.0123414496579295
56978,737971.859766568,1.0099871672168645,0.8042490405615773,0.7466380777706336,0.6386683557400763
57082,737976.0647686946,0.6746322048982552,0.8931506054565589,0.7817300674258532,0.7004749708116964
57128,737978.3678747836,0.7471733021991428,1.0830286331751917,0.7471733021991428,0.9068794285682753
57177,737980.0157648744,1.0423067565678044,0.8075723837043938,0.8954525400067048,0.7004749708116964
57225,737982.9165588609,0.7574903754126484,0.7770676614571106,0.7158700251152503,1.0439771199597399
57252,737983.9013210464,0.9915399130211228,0.7513745361647955,0.9240308125601103,0.9890764598210703
57290,737985.6011523528,0.9759426559623635,0.9694073256769011,0.9220689637011716,0.7107929327385463
57298,737986.0996391304,0.9759426559623635,0.9068794285682753,0.9627217579136124,0.7545657021485069
57299,737986.1264961143,0.9698884211238875,1.177747747534242,0.9627217579136124,0.7545657021485069
57327,737987.1188390746,0.9820729490274539,1.0395346641301242,0.8228737551851087,1.3714562586418477
57404,737989.8789980133,0.9698884211238875,1.0657533298239308,1.0925647343478033,0.9262204590353711
57406,737989.9196515734,1.1362355631189727,1.2030318058261822,1.0232068945364572,0.9825667011385787
57437,737991.2327114907,1.067937250581767,1.0679372505817668,0.9747257698576723,1.0808233712524367
57445,737991.6204286707,1.233012724646456,0.9971046778390986,1.0152338537998096,0.8143021535685969
57449,737991.9839403509,1.007643809520306,0.9441184389201126,0.8899477088181389,1.0299473879128502
57453,737992.0558117491,1.012603714282193,0.9441184389201126,0.9395794079637662,1.0299473879128502
57454,737992.0585427993,1.17025459195487,1.0439771199597399,1.038982014122612,1.1113835166815498
57455,737992.0593826834,1.17025459195487,0.9945675158089735,1.0099871672168645,1.1113835166815498
57457,737992.2440845158,1.1428802155348734,1.378712640962704,0.9533293505193332,1.1113835166815498
57472,737992.7682760023,0.9556602291269599,1.139548203244684,0.880921869986312,1.0150455336636937
57478,737993.1553345859,1.0723320540821033,1.0911921655860597,1.0723320540821033,0.9518783165002777
57480,737993.1729655428,0.9983781193178203,0.8023916524771395,0.992673101493147,0.8675045830776565
57492,737994.1896057958,1.316043884555308,0.9240308125601103,0.7105022198826206,0.8515578076534348
57494,737994.5338560814,1.062133243785126,1.0313061575538962,0.7536563677279855,0.9510098143866829
57509,737995.0689529878,1.082728625243564,1.150448958684111,0.8685889638065037,0.9047801706317746
57512,737995.1557607341,0.9983781193178203,1.0178776919607466,1.0857362047581296,0.9286800241956328
57525,737995.96410044,0.8818162069101558,1.3614247081606645,0.8515578076534348,1.0402263039598847
57588,737998.4560794128,1.0911921655860592,1.4530298651038167,1.0911921655860592,1.4530298651038167
57591,737998.9732645671,1.316043884555308,0.9620447383932789,1.3311708257570933,0.8915135992148862
57606,737999.856494843,1.4370038004151717,1.139548203244684,1.021869369184122,1.0555768657370708
57678,738003.6453697138,1.1135755946237227,1.041116908672179,1.0857362047581294,0.9418434547299438
57679,738003.7204783078,1.0948600384115592,1.041116908672179,1.0621332437851267,0.9418434547299438
57687,738003.9173179602,1.8286083448557977,1.453705378755655,1.8286083448557977,1.316043884555308
57698,738004.4663966576,1.173768870008789,1.418104430704496,0.9071425209467401,1.5678501151741944
57704,738004.547801519,1.0490204876890141,1.2105769530404231,1.503327052742025,1.4805493701247223
57705,738004.5509704892,1.0315783418129498,1.3362907135484672,1.7929588702427826,1.4873098695316846
57727,738005.481762994,1.5634601348517059,1.2233647377556391,1.5634601348517059,1.324068542387963
57728,738005.5043457695,1.240841376866434,1.13541041020458,1.3666609570382051,1.1640883020087163
57750,738006.4736800316,1.395946548974738,1.2063735608423662,0.9262204590353711,0.9316548291653917
57781,738007.5260941056,1.3529423112250838,1.3210478536981038,1.3160438845553086,0.9033325223587638
57785,738007.6403903196,1.3431788100100575,1.4265147215800236,1.0258924769368154,0.9650988486738931
57786,738007.7318552291,1.7233908012033805,1.4530298651038158,1.0857362047581294,0.9544933668203338
57799,738008.2129654711,1.5850163573111384,1.6084980811231542,1.3518894378311341,1.000678529730995
57820,738008.8667081884,1.8524409180707426,1.4476482730108389,1.0340344807220283,1.0022180351613503
57862,738010.0214530033,1.5455319640685117,1.4847674594982958,1.0818723748479584,1.0423067565678046
57879,738010.8528635202,1.3666609570382053,1.353325581001634,0.9847947435447889,1.1217938646947467
57882,738010.9528819277,1.6326860221926751,1.3897423420904051,1.3518894378311341,1.0608720168629053
57925,738012.0498805922,1.6159794675469838,1.5792526614663707,1.6703633919355838,1.271992206411198
57932,738012.2971139624,2.1056702152884927,1.7302569000129548,1.1706050725155037,1.596670889350191
57949,738012.7762268025,1.5149807508252964,1.5580071099668218,1.3061488177541412,1.100298985447881
57970,738013.624329775,1.7143203233023103,1.2021992578636727,1.3414501371529013,1.02704776125769
57971,738013.6626408325,1.5908222780338896,1.3524741650966319,1.4059893299026136,1.1004083156332394
57972,738013.6946179427,1.7441545457961924,1.649219551531336,1.4428388103098067,1.1466520974343282
57992,738014.8501169847,1.230295982728759,1.1898478956253473,1.1078940864878872,1.0324980253271958
58011,738015.89665272,1.240841376866434,1.1072663844558825,1.1264122009018058,1.0324980253271958
58015,738016.1087930893,1.2925431009025352,1.161215192254684,1.1801480486501408,1.06383374529615
58030,738016.7579654264,1.4054837602046983,1.170891985523473,1.353645138399746,1.0258924769368152
58076,738019.097416836,1.2373062162485806,1.170891985523473,1.353645138399746,1.0218693691841219
58082,738019.2788476455,1.9254435158272236,1.2698669061498586,1.258824585226817,1.1364715414290703
58130,738022.0006738915,1.2964014385171696,1.5346094766899356,1.5455319640685117,1.208471601817744
58131,738022.0075770182,1.2608549474610538,1.5346094766899356,1.6286043071371945,1.2021992578636729
58154,738022.8376580074,0.969014056984943,1.0832742178992674,1.051560488869859,1.0307622197070851
58155,738022.842107601,0.9047801706317746,1.0340344807220279,1.051560488869859,1.0307622197070851
58156,738022.8426749848,1.0644472595667935,1.0414735777056399,1.132942126704135,1.0823538489800668
58200,738025.2381078348,1.1824849754791509,1.3160438845553084,1.3959465489747382,1.490226163393511
58210,738025.6144652048,1.077653801248764,0.9694073256769011,0.8303909787825081,1.0073841075075427
58274,738028.1226320447,1.419263012755725,0.9533293505193332,1.2649353841842286,1.0457515853194448
58283,738028.4570047086,1.400949941623393,1.1808611290420745,1.4123397785471599,1.0592548339103702
58301,738029.0101803981,1.0592548339103702,1.0592548339103702,1.0789925016229858,1.0258924769368154
58307,738029.1189939484,1.1737688700087887,1.2773367114801524,1.6865805122456377,1.36325622122097
58346,738030.39275643,1.4609294498274528,1.2214532303528958,2.147610075345749,1.294255078519624
58372,738031.6322623861,1.4175784275773797,1.1320472277098979,1.617053921980193,1.0874353224494566
58385,738032.1015840374,0.9870329134164814,0.980348717614564,1.1493615778157893,1.104138513313352
58389,738032.140426981,1.2214532303528958,1.3700141384960625,1.2991715270610091,1.1280376153331217
58432,738034.1423670136,0.9066690645161833,0.9395794079637662,0.9380010408277578,1.0279159334988208
58477,738037.0096715352,1.0541128201535237,1.1199571166559503,0.9380010408277578,1.1489272008022535
58562,738040.4091379255,1.1489272008022535,0.8954525400067046,2.0980409753780287,0.9004510789062637
58571,738041.0190781032,1.0070596681814534,1.5105895022721803,0.9380010408277578,1.1246669850084212
58638,738044.1178562324,1.0022180351613503,1.0592548339103705,1.3041876333430986,1.2887076614339816
58651,738045.0710472466,1.0395346641301242,1.0395346641301242,1.137437928794231,0.8908604756989781
58692,738047.0456498988,1.0738050376728754,1.3466495562891532,1.1737688700087887,1.2021992578636729
58694,738047.0561743771,1.532804053776183,1.4639139839435455,1.2280820825027685,1.3116276299091498
58712,738047.8727432835,1.3466495562891532,1.509131404297014,0.9920432327739257,1.3478104610790576
58721,738048.0691125304,0.8515578076534348,1.018872684817013,0.8964794351213913,0.8985403073860383
58836,738053.9967665826,1.3624924922454957,1.018872684817013,1.3624924922454957,0.946404439982873
58840,738054.2278856965,1.2773367114801524,1.0857362047581296,1.2773367114801524,1.142880215534873
58855,738054.443133849,1.028592193981386,1.532804053776183,1.0644472595667935,1.0690325708387736
58994,738061.694452174,1.3964452794316782,1.3743496262761135,1.3964452794316782,1.3743496262761135
59107,738065.3405567198,1.230295982728759,1.230295982728759,1.230295982728759,1.230295982728759
59185,738069.4011543716,1.7798954176362785,1.7798954176362785,1.2021992578636729,1.2026616421936207
59192,738069.721584967,1.7798954176362785,1.6964628199345786,1.2021992578636729,1.2985549292788268
59202,738070.0722080207,1.6084980811231553,1.7068342083533918,1.6084980811231553,1.3385788825785159
59203,738070.0819553315,1.5441581578782293,1.5441581578782293,1.5572312100116603,1.6492195515313364
59269,738072.7265250435,1.5441581578782293,1.7068342083533918,1.2964014385171696,1.2063735608423662
59376,738077.0874358434,1.7511874270292416,1.2899836096136192,1.2690423172497618,1.2176480801025753
59453,738080.6411796574,1.4639139839435458,1.6994131900562035,1.3964452794316782,1.6703633919355854
59457,738080.7658731136,1.0644472595667938,1.074986341344683,1.0644472595667938,1.074986341344683
59461,738081.1354991234,1.6151447674087882,1.6151447674087882,1.3110776812173641,1.9446021577757544
59634,738087.8658280248,0.9580025336101144,0.9825667011385789,0.9580025336101144,1.5566110462482148
59692,738090.9835380693,1.4639139839435458,0.9580025336101144,1.5441581578782293,1.0439771199597405
59761,738093.0033774951,1.0123414496579297,0.9556602291269599,1.6994131900562033,1.6084980811231553
59774,738093.547527751,1.0939407604615916,1.0592548339103702,1.88006269222187,1.852440918070743
59805,738095.0092286081,1.113575594623723,1.1997085135448946,1.4639139839435458,1.0389820141226123
59806,738095.0147842501,1.1769498154559674,1.2505862044334477,1.5238402873798313,1.0906939043232353
59827,738096.0974359162,1.0939407604615916,1.077653801248764,1.9740658268329636,1.9349754144204296
59911,738099.9238552253,1.2268205703481694,1.410047019166402,2.1606690641952837,2.238631350016763
59918,738100.1057859795,0.9580025336101144,0.9898449729988648,0.9580025336101144,1.852440918070743
59935,738100.9296497857,1.1769498154559674,1.410047019166402,1.5634601348517065,2.1606690641952837
59966,738102.2965459259,1.2268205703481694,1.3487406270287323,2.1606690641952837,2.2748758575884627
59972,738102.3745313383,1.1428802155348727,1.1428802155348727,1.1428802155348727,1.4639139839435458
60037,738104.0453863057,1.3614247081606643,1.2608549474610538,1.3614247081606643,2.5697898337470537
60038,738104.107054022,1.3964452794316782,1.4239163341090224,1.3081159093471444,1.2811046663812737
60079,738105.7176208086,0.9201154277611263,0.9461753418371499,0.9013659058369373,1.3160438845553089
60080,738105.7206083998,0.9201154277611263,0.8843100310247208,0.8256549085613151,1.2373062162485808
60094,738106.381919339,0.7932319304168984,0.9420704596599822,0.7932319304168984,1.3445649594527922
60159,738106.7115143612,0.7832966607473478,0.8843100310247208,0.8102508990732307,0.844200936744982
60259,738108.6497745854,0.8194235507608522,0.8194235507608522,0.8194235507608522,1.5149807508252973
60287,738109.0049383069,0.6816281106104849,0.9359794868604565,0.6816281106104849,1.0015176731521531
60308,738109.6834821642,0.8194235507608522,1.4050703826281679,1.051560488869859,1.0830286331751917
60309,738109.686480877,0.7445048261198599,1.442306397464674,0.7445048261198599,1.2815247006981203
60313,738109.7709349114,1.1264122009018056,1.2698669061498584,1.1264122009018056,0.7797028400417444
60315,738109.8919716999,1.0423067565678041,1.2811046663812737,1.1428802155348727,1.164328369713812
60378,738111.59287096,1.1398805299297943,0.838406335720563,1.1193156750083808,1.320044017943015
60450,738114.0060286473,1.1844394960997773,1.1496030403321367,1.159836895290583,1.320044017943015
60462,738114.3912765179,0.9892812799618493,1.11675723917979,0.9892812799618493,1.2176480801025755
60504,738116.4067347059,1.1164382568206985,1.1643283697138114,1.0967032371294234,1.2773367114801526
60514,738116.9410024236,1.0621332437851265,1.1643283697138114,1.0423067565678041,1.2773367114801526
60532,738117.9144318488,1.5735307315335212,0.7664020268880911,1.5735307315335212,0.9524001796123939
60541,738118.1295110664,0.7585929814903958,0.8109233064583536,1.028592193981386,0.909517239587962
60567,738119.1110519913,0.8263531368137984,1.1595241021688756,0.7314433379423185,1.2012400563281427
60646,738122.0703299601,0.831627731304099,0.821145028808669,1.2568007514885102,0.6831598591736546
60833,738130.7669997038,1.5735307315335212,1.2876655797670542,0.6967291153528101,1.0832742178992676
60850,738131.4021736094,1.541044935785732,1.4050703826281679,1.0152338537998091,0.9771625842823164
60878,738132.3437049035,1.3533255810016347,1.263819920882479,0.7954111390169446,1.0285921939813853
60888,738132.5958609651,1.1943098252339428,1.211984600660238,1.0365023434445146,1.0076438095203053
60897,738133.0964106577,1.038982014122612,1.017083095792159,0.7105022198826203,1.1048587602235374
60898,738133.123808355,1.0218693691841219,1.0251586482694786,0.7416793808594431,1.0287855747285155
60940,738133.7202109556,1.102270258637695,1.1456209354762037,1.0365023434445146,0.9028991307759908
60945,738134.1963495996,1.3002828799498558,1.602562663849638,1.1251152380913256,1.3052566395999377
60950,738134.3862784691,1.244396796284389,1.213113077942044,0.7068083792277151,0.9028991307759914
60971,738135.1658983617,1.0207776284050791,1.2218003327201459,0.8755937135146203,0.9892812799618493
60972,738135.168084717,1.4286002694185915,1.4476482730108393,0.7158700251152501,1.3270109169266031
61187,738144.9172307883,1.2199283199529543,1.2408413768664337,1.4047260870186042,1.1401525777889665
61194,738145.205566232,1.139548203244684,2.019974334433729,1.0618446990299555,1.7031156153068696
61249,738147.9811290419,1.0218693691841219,1.0884573481284507,1.0218693691841219,1.0123414496579295
61292,738150.811248841,1.2773367114801524,1.2773367114801524,0.9892812799618491,1.1214176762760022
61298,738150.9894062865,1.2155825193220784,1.2155825193220784,0.9603563481890088,1.1214176762760022
61300,738151.0640328442,1.2739304802495386,1.2739304802495386,1.2199283199529543,1.139548203244684
61320,738151.8531493916,1.336290713548467,1.0711298881021905,1.3614247081606639,1.388732354923189
61375,738153.6226869953,1.1240563061025342,1.1240563061025342,1.5079669510529579,1.1854191813736403
61484,738160.5957819797,1.0464927274777152,1.0464927274777152,1.0464927274777152,1.0464927274777152
61556,738163.7517128048,1.0464927274777152,1.0464927274777152,1.0830286331751917,1.012126970537239
61595,738165.912078272,1.0906939043232349,1.0906939043232349,1.1913314964927106,1.4009499416233933
61597,738165.9798395896,1.170891985523473,1.2091725714243673,1.170891985523473,1.2091725714243673
61659,738169.1712282114,1.0318011449105333,1.3571702559476617,0.9789424796999525,1.155550727902222
61702,738171.9495042288,1.1567165377568451,1.452048419737316,1.1567165377568451,1.132047227709898
61705,738172.235132188,1.452048419737316,1.3120679211578605,1.1401525777889665,1.1280376153331217
61707,738172.2607519688,1.3397259081848385,1.1623453286948346,1.126707382296172,1.085736204758129
61728,738173.0092832193,1.1193156750083808,1.1769498154559668,1.635418551100111,1.1296677274940077
61729,738173.0121783403,1.1737688700087887,1.1362355631189727,1.635418551100111,0.9698884211238873
61746,738173.820364313,1.4050703826281674,1.2373062162485806,1.2003113821446658,1.2097339328781387
61761,738175.4478193186,1.5924131003119233,1.59667088935019,1.2618725866438307,1.244396796284389
61822,738178.3636300889,1.4286002694185915,1.1251152380913259,1.0318011449105333,0.9306310326498253
61839,738179.7488550274,1.316043884555308,1.3160438845553086,1.316043884555308,0.9482412268629951
61853,738180.0658619525,1.5924131003119233,1.59667088935019,1.413384408560878,1.4805493701247217
61876,738181.3867075437,1.6235307734701,1.2624839590210808,1.4050703826281674,1.2199283199529543
61903,738182.567400451,1.6587636461582538,1.6587636461582538,1.6587636461582538,1.6587636461582538
61904,738182.5691709525,1.1135755946237225,1.1135755946237225,1.1135755946237225,1.1135755946237225
61906,738182.6309425057,1.1135755946237225,1.1293709931290237,1.1135755946237225,1.1293709931290237
61918,738183.1884573074,1.316043884555308,1.4873098695316842,1.316043884555308,1.3294729037854645
61950,738184.4855736861,1.3294729037854645,1.4476482730108393,1.3294729037854645,1.3478104610790576
61985,738186.0073855858,1.3294729037854645,1.311077681217364,1.3294729037854645,1.2276875813519486
61989,738186.0874774957,1.1456209354762037,1.1456209354762037,1.1456209354762037,1.1456209354762037
62014,738186.8954580321,1.2671722283649256,1.409215133019401,1.284204113154777,1.3397259081848383
62032,738187.6149373646,1.311077681217364,1.2942550785196245,1.3787126409627037,1.346649556289152
62033,738187.8752183381,1.4861788354103675,1.0121269705372393,2.0147682150150854,0.9737544437292638
62048,738188.6315677776,1.8012213535157908,1.103288522156067,1.8791588159275323,1.0592548339103698
62131,738193.1092458803,1.034034480722028,1.2551863638822307,1.4050703826281674,1.7435179930422517
62180,738195.108989137,0.9749467961093403,1.0490204876890141,1.4721846844178024,0.9535407786298942
62184,738195.4701023166,1.1539225364579146,1.054578212127101,1.1539225364579146,1.287665579767054
62192,738195.9476142806,1.352942311225083,1.4861788354103669,1.421327395319733,1.3385788825785159
62194,738196.0642128661,1.352942311225083,1.8190344791759234,1.421327395319733,1.28205013107971
62238,738197.8757964774,1.034034480722028,1.0759547975080557,1.409215133019401,1.3196793648993839
62290,738199.604266899,1.352942311225083,1.4213273953197325,1.421327395319733,1.4615679679436357
62298,738199.9633839038,1.2302959827287578,1.3831034455517563,1.2731760055795656,1.4476482730108395
62326,738200.8864395507,1.0569113497645508,1.067937250581767,1.443274713273646,1.3381622691696837
62349,738201.3180961935,1.3017000819988467,1.2155825193220784,1.8985551121453634,1.0121269705372389
62413,738203.2620055642,1.0566775715407588,1.0618446990299553,1.4239163341090222,1.352474165096632
62443,738204.0894031439,1.3127289125539099,1.1456209354762037,1.3233349864088007,1.309430598703272
62468,738204.9439517894,1.1667612946654522,1.0340344807220276,1.9487572905915143,1.9613299182727495
62477,738205.1952468099,1.2302959827287583,1.1135755946237222,2.0437387383682437,2.3750479479084077
62496,738205.9148110584,1.455735693530453,1.5460321362251672,1.455735693530453,1.5460321362251672
62500,738206.0411367966,1.4790214553980714,1.0857362047581292,1.8020517921296757,2.3750479479084077
62504,738206.2168785331,1.2773367114801524,1.1632887908122818,2.4296194791790313,1.9000383583267273
62505,738206.2173257135,1.4790214553980714,1.133928151183425,1.4790214553980714,1.2097339328781387
62510,738206.3590916373,1.0832742178992676,1.4059893299026143,1.2811046663812737,1.5924131003119233
62520,738207.0375893819,1.0618446990299555,0.9771625842823166,1.7686200620494417,1.7031156153068703
62533,738207.6797989293,1.1764184611374768,1.0041490911057847,1.2588245852268167,1.0164338938161213
62551,738208.3728398335,1.0979354879576588,1.4659729346945214,1.5510517210830428,1.6544551691552452
62576,738208.8813138066,1.3807050002704537,1.6898617972889176,1.7628189302346011,1.2687254527510727
62578,738208.9425621307,1.1833637109080433,1.4416414337037404,2.15947532438081,1.768620062049442
62626,738210.5399741719,1.5105895022721805,1.1606979471801828,1.148374831955714,1.0789925016229858
62635,738211.3041905382,1.6513098171226297,1.1193156750083808,1.1104120275935412,0.9597668108359158
62639,738211.4832719995,2.379695791250695,1.400949941623393,1.211984600660238,1.2876655797670542
62641,738211.5416160735,1.730883804686873,1.5262745370401825,1.730883804686873,1.5262745370401825
62648,738212.0211955224,1.1943098252339424,1.3200440179430146,1.3041876333430986,1.3061488177541412
62680,738213.1102814504,1.5214137901069327,1.0967032371294232,1.116177406760694,0.9260010275122639
62704,738213.9719272493,1.173768870008788,0.9597668108359158,0.9134300766607587,0.9103583467762368
62706,738214.0816350323,1.0439771199597394,0.9597668108359158,0.8163430110963378,0.9103583467762368
62707,738214.0853103359,1.5953674845425567,0.9597668108359158,0.8827123615919749,0.9103583467762368
62712,738214.2839300619,1.3666609570382044,0.9270653965094046,0.8148114107002846,0.8913683779086126
62743,738215.2294909063,1.3281176816613198,0.9608284997859552,1.2815247006981194,1.0501075555519042
62763,738215.7413470084,2.01997433443373,0.9728196394632838,1.0207776284050791,0.9250148709334439
62764,738215.743100632,2.01997433443373,0.9728196394632838,1.0207776284050791,0.9250148709334439
62864,738219.7843382553,1.6650267676801986,1.4317400502305007,1.2167733329185935,0.9418434547299438
62888,738220.7699196703,1.5603394559398271,1.164328369713812,1.5603394559398271,1.2773367114801526
62899,738221.0661246327,0.9006106767578954,0.8465779374332394,0.8917751168444595,0.9650988486738928
62931,738221.9982013818,1.5611893140312971,1.4161776583801688,1.2148097395895157,1.1029701127701634
62935,738222.2170322121,1.8546383568822145,0.8319817660981834,2.8435948219855787,0.8405699649740356
62951,738222.6071596001,0.9938088830738029,0.9603563481890088,0.8863152691903097,1.0614121757309616
62955,738222.7032003547,1.854638356882214,1.0036217018772626,1.5022765097282291,0.9026906090367821
62956,738222.7276543528,1.628604307137194,0.8685889638065035,1.3807050002704537,0.7504008326622061
62958,738222.7566359526,1.982256971342643,1.3249662159760225,1.4175784275773804,0.8614943048255872
62962,738222.9288242621,1.0830286331751917,0.9535407786298942,0.9674877072102146,0.9385538901641983
62984,738223.7007411008,1.837399731129142,0.6214070488281821,1.2408413768664337,0.7934734748536879
62986,738223.7314983627,2.4498663081721896,1.2443967962843896,1.3688364759128284,0.8655341374390717
62988,738223.7735628219,1.7302569000129553,0.7283764895652023,1.139133067287218,0.7934734748536879
63032,738226.1488313738,1.3767260233244294,1.1362355631189724,1.2568007514885102,0.8762562056055522
63062,738227.488957873,1.4123397785471605,0.9973359709678017,1.4928872815424283,1.0443955476631301
63064,738227.6798201115,0.9825667011385787,0.8944279947664225,0.9573625853578697,0.9601748749561689
63079,738228.3635255279,0.9533293505193332,0.9222469692926196,1.3404150676026292,0.972301078887877
63142,738230.4269204454,1.4584516183318152,1.5792526614663696,1.7143203233023097,0.9441184389201126
63171,738231.3983206091,2.501172408866895,2.501172408866895,1.6803060311732958,1.2773367114801526
63182,738231.8349015617,2.1393816842524718,0.9420704596599818,2.423969201320476,0.8990172396086421
63187,738232.0887472217,1.4924209000111743,0.9603563481890086,0.9047801706317747,0.8579665211635266
63209,738232.736401984,2.322430384509368,1.8095603412635488,2.322430384509368,1.6218466129167082
63211,738232.9215472455,1.3614247081606636,1.093940760461591,1.040792876020865,0.9261049557981801
63227,738233.3820407197,1.1898478956253473,0.8936100450684191,1.9740658268329632,0.8058198394689244
63252,738234.8647715517,1.038982014122612,0.9350838127103503,0.9847947435447887,0.9115626306814879
63273,738235.4099855076,1.4975671789767304,1.3294729037854638,1.5766466339722014,0.993675126831128
63330,738236.9612557945,0.9845466844154322,0.7694193577026112,0.9759426559623635,0.9400313461109346
63345,738237.3770044588,1.737177927613007,1.3281176816613194,1.2155825193220788,1.008312229957798
63392,738238.8849403852,1.2447931009965818,1.0291338433726347,0.8647456498073598,1.1251152380913259
63395,738239.0820862408,1.0644472595667935,0.8565966112490174,1.1943098252339424,0.8202833865958588
63396,738239.0822546156,1.0803345320976414,0.9870329134164814,1.159524102168876,0.8533190440705051
63400,738239.118628509,0.8936100450684196,0.879138627334518,1.336290713548467,0.8744184199394333
63461,738240.9742120425,1.2551863638822307,0.8936100450684196,1.3160438845553084,0.8565966112490173
63490,738242.049270709,0.8936100450684196,0.8795837608167123,0.9983781193178203,0.8194235507608522
63494,738242.2171510856,0.8638769079449856,0.8724665931092112,0.8228737551851087,0.808187576509479
63511,738242.6794283679,0.9063537013633082,0.9373262199350757,1.0618446990299555,1.0857362047581294
63607,738245.7868347099,1.193116708525417,0.9544933668203334,1.5850163573111384,0.9143041724278983
63643,738246.4738564894,0.8400280114182822,0.8105029211258199,0.9973359709678015,0.9210160301374019
63644,738246.4883560293,0.7604378087800129,0.9348804894199156,0.9162330841840756,0.9210160301374019
63662,738247.0397151904,1.0152338537998096,1.1164382568206985,0.9095172395879618,1.007856392602483
63681,738247.5252441651,0.9420704596599822,0.8685889638065035,1.1078940864878866,0.9569200448715716
63686,738247.7564948865,0.9359794868604565,0.6471275392598123,1.0121269705372389,0.8325133838400993
63693,738248.2911653529,1.1368965494849526,1.0242794384510654,1.0464927274777152,0.830268862462099
63710,738249.2246244433,0.7604378087800129,1.0099871672168645,1.0827286252435635,1.0742266336829547
63738,738249.9299551047,1.378712640962704,1.352474165096632,0.9895317309188015,1.0218693691841219
63740,738249.9588695366,1.3200440179430144,0.9870329134164814,1.7302569000129548,0.8155764918370926
63768,738250.6510255445,1.173768870008789,1.0882094079580342,0.8954525400067048,0.7567570836649111
63771,738250.754306176,1.173768870008789,0.8194235507608524,0.894427994766422,0.7181544957495026
63783,738251.1174256885,0.9262204590353711,1.1164382568206987,1.6084980811231546,0.9510098143866825
63794,738251.4531325073,1.2373062162485806,0.7304647249137263,1.16745828468616,0.702092695917497
63795,738251.4554896131,1.3281176816613207,0.7304647249137263,1.2739304802495377,0.713629430357456
63803,738251.8872982711,0.6636078670847652,0.7954111390169446,0.8367909092548206,0.9727280885843582
63847,738253.3870892553,0.8194235507608524,0.8703296230526089,0.8367909092548206,0.9531840480729804
63867,738253.9681552271,0.7307839839718179,0.8092443762172394,0.8132855466353031,0.8220084830976372
64064,738255.7779665717,0.9971046778390986,0.9971046778390986,1.4639139839435455,1.2199283199529545
64071,738255.8898886585,0.8098731597263435,0.7793212562701092,0.6610266086807486,0.7987991438685172
64083,738255.9935810979,1.1667612946654524,1.4822337266322585,1.0759547975080563,1.0066428388485968
64096,738256.2809202969,1.4009499416233928,1.4009499416233928,1.4009499416233928,1.0749863413446827
64100,738256.325702117,0.7807541247698909,0.9518783165002781,0.6428701212383663,0.7783055231241072
64102,738256.3700969107,1.0285921939813858,0.7374811956847673,0.9400313461109348,0.8097015764297913
64110,738256.5000202203,1.4239163341090222,1.036502343444515,1.1104120275935412,1.0569113497645508
64158,738257.9665692351,1.2063735608423665,0.6882638381984972,1.455735693530453,0.7360923422089013
64237,738259.7578394104,1.021869369184122,0.8599890730757463,1.4639139839435455,0.729225809165908
64243,738259.8078558245,0.7423837297491485,0.8755937135146208,0.7360923422089012,0.9126089236533105
64360,738262.792916842,0.9089884504951782,0.9132360600769314,0.973754443729264,0.9635693734778962
64372,738263.0953391588,0.9339666277489287,0.864267625678113,0.9262204590353711,0.9635693734778962
64454,738265.5982874085,1.1817536922537464,0.8334009247610376,1.388732354923189,0.8451135864063278
64468,738265.9382867919,1.3275377176081933,1.0496543369262883,1.6084980811231553,0.7544746699730758
64473,738266.1109376968,1.0433501066744786,0.9464044399828733,1.2731760055795653,0.8936100450684196
64492,738266.6096105389,0.7223193046207932,0.8079897337734918,0.9672482893168192,0.7626243212718838
64497,738266.7785722245,1.2568007514885102,0.9104706119565028,0.7516635263710127,0.8005428237847959
64538,738267.7980915187,0.7223193046207932,0.7325449092344005,0.9672482893168192,0.7078625304271602
64550,738267.9626370968,0.6454482745908201,0.6145676630706393,0.9870329134164814,0.6163119421522022
64551,738267.9771677476,0.5790593092043357,0.6145676630706393,0.9870329134164814,0.6163119421522022
64554,738267.9990596204,0.56770520510229,0.5509020912091989,0.8753222115879494,0.5918834506347554
64576,738268.5049865243,0.5314792610704131,0.7080888291900844,0.7741434615031225,0.6739052305395288
64593,738268.9495155715,0.7968706089967924,0.6386683557400762,1.0053113007019716,0.7040610201503229
64617,738269.482398286,0.6972617828721933,0.5417394784655948,0.8098731597263435,0.6729235118882327
64626,738269.6235931899,1.1898478956253473,1.4317400502305007,1.28205013107971,0.9240308125601101
64633,738269.7539914096,0.641025065539855,0.4457567996074432,0.7912247646010658,0.5645075587997207
64662,738270.3479937286,0.7414783837372593,2.326577581624561,0.796870608996792,0.5645075587997207
64665,738270.3768872964,0.9845466844154325,1.1167572391797904,1.0994797010208908,0.6160205417067401
64672,738270.5054995116,0.5296274169551851,0.9571228251311334,0.6852772889992139,0.6289325576342824
64702,738271.0818223852,1.1542710482478453,0.5066768955537939,0.7439734165366197,0.6167924972727887
64731,738271.868932792,0.64941230938804,0.8378671676590068,0.7954111390169446,0.6555388406086821
64802,738273.60673475,0.5801643842219011,0.5033214194242984,0.7329864673472603,0.5594775934341408
64811,738273.8527422015,1.3307073261659526,0.9047801706317746,1.0423067565678044,0.7528398386188547
64812,738273.8545274674,1.2887076614339816,0.8423815381744107,1.0994797010208908,0.7528398386188547
64813,738273.8550195878,1.7527579987126753,0.8423815381744107,1.0994797010208908,0.7528398386188547
64814,738273.8557148882,1.6768126714411267,0.789626330733185,1.126412200901806,0.7698650878368387
64815,738273.8602739539,1.6768126714411267,0.888582060160106,1.0857362047581296,0.7698650878368387
64816,738273.8624389801,1.8964824537259901,0.8818162069101562,1.088760539590325,0.7793918917506016
64817,738273.8663429039,1.8964824537259901,0.8818162069101562,1.088760539590325,0.7793918917506016
64820,738273.8739266775,1.3919694932796531,0.8281038849850143,0.9373262199350757,0.7542591550422107
64821,738273.8763869475,1.3919694932796531,0.8281038849850143,0.9373262199350757,0.7542591550422107
64824,738273.8841692769,1.2568007514885098,0.8281038849850143,0.8685889638065035,0.7542591550422107
64831,738274.174584587,0.5846271871774542,0.5471426543663015,0.7578292972808418,0.5799690645997864
64858,738274.6460812453,0.5846271871774542,0.5471426543663015,0.7578292972808418,0.5799690645997864
64860,738274.6592490296,0.64699364156909,0.6022573708981921,0.7629497655057124,0.6315659702613584
64862,738274.6975851479,0.6294122926134083,0.6022573708981921,0.7979163709508561,0.6074048697947578
64867,738274.7119106643,0.5733260487171639,0.5647522521498723,0.6839283179578767,0.5864673174244339
64868,738274.7156233888,0.5733260487171639,0.5647522521498723,0.7360923422089012,0.5864673174244339
64870,738274.7183200311,0.5253562281087722,0.5284556748822754,0.679248456544675,0.5632872657629725
64871,738274.719099885,0.5253562281087722,0.5284556748822754,0.679248456544675,0.5632872657629725
64872,738274.7201370907,0.5589375571470421,0.5579800624024649,0.6991483136700073,0.5801643842219013
64873,738274.7204488632,0.5589375571470421,0.5579800624024649,0.6991483136700073,0.5801643842219013
64874,738274.723839552,0.5284556748822752,0.5336321611287592,0.6608031001063847,0.5633536911480862
64878,738274.7422869736,0.5949239478126737,0.5826448157628764,0.6353705845400414,0.5861956035079104
64879,738274.7490615643,0.5695665336436088,0.5703679874901993,0.6910883715378378,0.5861956035079104
64880,738274.7499581105,0.5695665336436088,0.5703679874901993,0.6910883715378378,0.5861956035079104
64882,738274.7851994298,0.6103598124045699,0.6071218293148906,0.7214194051549032,0.6091798694142632
64895,738274.9155882318,0.6103598124045699,0.6229633961726972,0.7214194051549032,0.6091798694142632
64896,738274.9303722624,0.6103598124045699,0.6229633961726972,0.7214194051549032,0.6091798694142632
64899,738274.9759892332,0.6488925023100879,0.661362155182617,0.7500151414447602,0.6312419795105404
64901,738274.984052088,0.6488925023100879,0.661362155182617,0.7500151414447602,0.6312419795105404
64906,738275.1714381876,1.2773367114801524,0.7987024954542563,0.9129313433401688,0.7542591550422107
64924,738275.4926934203,0.7258403597268833,0.6873107527647903,0.806005042833546,0.6596210235468587
64933,738275.65388852,0.6752878241449978,0.6681453567742336,0.7636676669552591,0.6304274737305269
64934,738275.6626094013,0.6408431628538334,0.7105022198826204,0.6857281293209239,0.7034163774077865
64940,738275.7645084929,0.695853552531129,0.6470645216788152,0.7432122830189575,0.6430589895976232
64984,738277.088930341,1.1980537431813845,0.9441184389201126,1.2666922388844843,1.0002943920996203
64986,738277.1930390289,1.421327395319733,1.4686286827646196,1.4822337266322587,1.068733624370418
64987,738277.2201114378,1.421327395319733,1.4615679679436357,1.0974950806219361,0.9222469692926196
64999,738277.4726092088,2.195870975915318,0.6992218849962909,1.9740658268329627,0.7579800265926178
65008,738277.846570998,1.421327395319733,1.421327395319733,1.173768870008789,1.411065103656775
65009,738277.8769617694,0.7744620390592968,0.7360923422089012,0.7875806666639282,0.7707615378487743
65010,738277.8830717871,0.8000161508744112,0.7576906107749038,0.7336055437554929,0.7345361216122653
65017,738278.1108247708,0.6987411218740439,0.7280712186140013,0.7770676614571106,0.7467236621445184
65049,738279.036632773,0.7119581670545109,0.705023509583201,0.7216373566368229,0.7123752485817839
65053,738279.1521470973,0.6091589267619867,0.6449918048068096,0.6342269902620504,0.6420404167524314
65118,738281.5724966432,0.8744184199394333,0.6416169631072972,0.8744184199394333,0.6397752333063502
65140,738282.1640172612,1.0670626090988986,0.685348434897158,1.7165789798547502,0.670837681919059
65165,738283.1713562085,0.8515578076534348,0.6802202728605149,1.3103712816046391,0.7379685333955001
65167,738283.5056418815,0.6400129206995289,0.7061698892735802,0.8292018747556121,0.6174803060235807
65230,738285.6310706307,0.9571228251311336,0.8073967863172,0.7643582881497232,0.6414634032487855
65249,738286.1731870992,0.9047801706317746,0.7560252102764536,1.082353848980067,0.6322316085937596
65280,738287.4310146555,0.8152285496477423,0.7377595955321378,0.6987411218740439,0.6877966907970051
65354,738289.5075965772,1.2731760055795656,0.799314997367948,0.7643582881497232,0.7266188242911548
65357,738289.5377266796,1.161991924824754,0.6944438210015096,0.7643582881497232,0.6378526873419407
65373,738289.8113696761,1.161991924824754,0.7676922659905967,0.7385960576585916,0.6593249560247387
65379,738289.951314701,1.429776072109471,0.746943826369229,1.2881615988655775,0.6667465877091093
65406,738290.4129023236,1.608498081123155,0.9181701520153315,1.608498081123155,0.7044853236980231
65438,738291.9288074002,1.634441598560625,0.888906834304901,1.2881615988655775,0.6667465877091093
65453,738292.429595306,1.632686022192676,0.9747257698576721,0.7727659820342557,0.6697940806651016
65481,738293.3345425891,0.8421222640783274,0.9240308125601099,0.6664365451200794,0.7679597545850183
65490,738293.5101389035,1.4476482730108395,1.7459074649376962,1.2991715270610098,1.5510517210830423
65508,738294.2742996565,1.2199283199529545,1.3240685423879628,0.6785851279738309,0.6893563204813518
65512,738294.3227109489,1.3362907135484674,0.8494757592239646,0.6862441023301947,0.7020367879149553
65569,738296.4139686705,1.4530298651038167,2.3265775816245635,1.421327395319733,1.1309752132897182
65596,738296.8301605765,1.1104120275935416,1.1997085135448944,0.5916818554540216,0.7409223444543668
65618,738297.5411682919,1.2899836096136192,1.165180317301407,0.604235800908872,0.7454514311117484
65634,738298.1734182952,1.4530298651038167,2.677157765157033,1.1581186184086714,1.2268205703481694
65656,738298.7753490256,1.3160438845553089,1.0696908421262363,0.6580219422776543,0.7461036195904112
65677,738299.4342895406,2.412747121684733,1.3260900210786313,1.2936431375841544,0.9129313433401689
65692,738299.9779266939,1.5510517210830426,1.4911398520283328,0.7582250896468022,0.8188293349880019
65694,738300.0637136609,1.3260900210786317,0.9723010788878772,0.779236510591959,0.7529139954193492
65711,738300.4446058697,1.3260900210786317,1.0911921655860597,0.6835694888298821,0.807499845090929
65734,738300.9090092456,1.7294912996147198,1.3160438845553086,0.8651284500064774,0.7956540126471789
65737,738300.9155680486,1.2497682932467682,1.2021992578636727,0.9240308125601101,0.7360923422089011
65741,738301.1546652473,1.2985549292788259,1.0367772777531212,1.2985549292788259,0.737342074538628
65775,738302.3584015957,2.185129468695607,0.8536500872791188,1.4009499416233928,0.6740712579429627
65783,738302.4018801799,1.0123414496579297,1.0022180351613506,1.0123414496579297,0.7302676748125896
65785,738302.4442382199,1.067937250581767,1.0395346641301244,0.8281038849850143,0.77017740633089
65802,738302.9427003583,1.3311708257570942,0.7536563677279857,0.6893563204813521,0.7544390546657699
65803,738302.9440987402,2.7636921575661497,0.6746322048982552,1.1921809307148086,0.6656874339412197
65804,738302.948458151,1.2634021291730966,1.131712004959614,0.7161014735553134,0.7388145772022775
65807,738302.9879590747,1.3811485290209422,0.9533293505193332,1.3811485290209422,0.8408412040721235
65813,738303.2206575715,1.3811485290209422,0.8931506054565592,1.3811485290209422,0.7549821291364479
65815,738303.3693498106,1.5455319640685126,1.1651803173014075,1.3160438845553089,0.7780520034097346
65854,738304.3843822593,1.1466520974343284,1.469417419973409,0.6312419795105404,0.7254010954084819
65873,738304.9031628345,1.5510517210830426,1.405989329902614,1.007643809520306,0.9137979131962108
65878,738305.05259773,2.824679557094323,1.4975671789767302,2.171472409516258,1.1329421267041346
65886,738305.2519098646,0.9694073256769014,0.6308188005298629,0.6138437906759744,0.6548648801831076
65920,738305.8613398512,1.7929588702427837,1.4123397785471608,1.5766466339722012,1.1865969450908518
65973,738306.3490567633,1.6388471015217057,1.4009499416233935,1.0827286252435637,1.5165839050589744
66018,738307.1342770131,1.1489272008022537,0.7145613047768311,1.1619919248247539,0.5701896917766981
66023,738307.2545606613,1.6544551691552456,1.07112988810219,1.544158157878228,0.8341123211970262
66033,738307.4409235613,1.3614247081606643,1.2438028121334175,1.9543251685646332,0.9215798024472184
66043,738307.6709157194,0.9931890438535903,0.9061285762511959,0.7311354914196158,0.8062851140819866
66068,738308.2850598382,1.569739091216573,1.1368965494849528,1.569739091216573,1.1916616881491664
66094,738308.7653724591,1.0313061575538964,1.1428802155348734,1.31162762990915,0.5382105114148973
66098,738308.8658080676,1.2138665643258595,0.6643127830260066,1.0960113107968499,0.5670874627681199
66106,738309.1295289325,0.9466909687264344,1.3571702559476624,1.0939407604615916,1.2680130858489111
66129,738309.882171019,1.4213273953197338,1.0592548339103707,1.4213273953197338,0.9544933668203336
66130,738309.9401469021,1.2063735608423665,0.7414783837372593,1.066688201165882,0.8083315230009762
66136,738310.0539033843,1.082353848980067,0.7807541247698909,1.4380611983551388,0.6733247781445764
66137,738310.1510207494,1.467211087510986,1.0621332437851263,1.467211087510986,1.291582102314503
66148,738310.3894843301,1.586463860833797,1.072332054082103,1.6311529836741858,0.9983781193178203
66213,738313.1213733368,1.223364737755639,0.7531118183293385,0.9870329134164814,0.735054130160652
66215,738313.1885310822,0.9215798024472188,0.9441184389201124,1.467211087510986,1.4537053787556542
66252,738313.9957133008,1.0507124562175445,0.7842789740916511,1.0887605395903246,0.7371334912077824
66253,738314.0119187539,1.8882368778402252,1.2063735608423658,1.983079826042246,1.0167429342216594
66289,738315.2910986859,0.9299667706707749,0.8256549085613151,0.9524001796123944,0.8311856112980892
66297,738315.3578772028,0.88631526919031,0.8967732664668918,1.1773043184124294,1.0158935249198875
66381,738317.5962611645,1.3860462188401659,0.7423837297491485,1.9160050672202293,0.9601748749561692
66386,738317.6893803661,1.0657533298239312,1.1010282639800746,2.6005657598997125,1.7371779276130064
66408,738318.0650751321,0.8710777573990723,1.3362907135484672,1.6010856475695912,0.832893526937743
66429,738319.13292576,1.050712456217545,1.2443967962843894,2.032867787632243,1.258824585226817
66430,738319.1481465222,1.0960113107968503,1.2252822373445977,2.1579850032459724,1.258824585226817
66431,738319.155578075,0.8491791545594308,0.6000614603153737,0.9960882612459908,0.6439292153425478
66433,738319.2936048129,1.2214532303528962,1.2165111537906215,1.9942093556781986,1.2513569817551327
66434,738319.3382160426,1.4476482730108395,1.1595241021688762,1.8264721201538638,1.1375972561410295
66467,738320.771711977,0.7388753000244359,0.7520250768887479,0.9464044399828733,0.7918412713523523
66511,738322.0946395029,1.7825519779611072,1.142880215534873,1.1643283697138114,0.9136630054065608
66555,738322.9413315785,1.7371779276130062,1.419263012755725,1.2440727346186893,0.8786304547175615
66556,738322.9426480369,1.7547251794070782,1.4924209000111748,1.3381622691696837,0.9400313461109346
66557,738322.9528436693,1.5510517210830423,1.3688364759128282,1.3028834457097553,0.9228757740444101
66569,738323.3580301511,0.9215798024472188,0.9020953630037873,1.027915933498821,1.1240563061025346
66588,738323.7178004072,1.569739091216573,1.3767260233244294,1.490226163393511,1.0700008974427944
66616,738324.4904057278,1.0528351076442468,1.0178776919607464,1.1647744725374571,0.6937611532000829
66639,738325.3315131636,1.65761252634829,0.8599890730757463,0.7562341724683488,0.7366598767826937
66689,738326.8918898681,1.2985549292788265,0.8009529379363252,0.9518783165002781,0.666680125728676
66723,738328.0699948755,1.376285329975094,1.364925514553077,0.9074810069620188,0.8289820439298552
66739,738328.6811886204,0.973754443729264,1.038530282812124,0.6893563204813519,1.0001933522620343
66788,738329.9427436657,0.9890764598210703,0.744930500691684,1.1329421267041353,0.7845915188475325
66817,738330.660833187,0.7487835894883652,1.0906939043232353,0.9886378449830124,1.0205353360650826
66843,738332.0275055071,0.9747257698576723,1.1801480486501408,1.0563919830079098,1.8882368778402256
66902,738335.0103584543,0.874418419939433,1.0621332437851267,0.739224650048088,0.856033801386173
66903,738335.0106575101,0.8923859217190103,1.142880215534873,0.9123833653429657,1.0114573086538616
66925,738335.5495287435,1.193116708525417,1.0229634477378522,1.5903741590823308,1.0354040628156997
67018,738338.0622405529,0.8701710930666244,0.9983781193178198,1.1171562235453423,1.134586454899642
67028,738338.2929867038,1.0696908421262357,0.9983781193178198,1.1171562235453423,1.098661635767155
67029,738338.3029747662,0.9441184389201124,1.0696908421262357,1.038982014122612,1.060776751775184
67067,738339.7984701415,1.0099871672168643,0.846028211499841,1.5977388966340373,0.9047801706317742
67092,738340.4763609895,1.2815247006981194,1.0624941453290564,1.0178776919607464,0.8710777573990723
67103,738340.7866356611,1.304187633343098,0.7430894177051833,0.9627217579136124,0.6333461194422422
67105,738340.8123969992,0.976940552338603,0.8497065950281013,0.7388753000244359,0.6271400460696777
67107,738340.8522347915,1.1916616881491662,0.9482412268629948,1.0184460212136557,1.1215639417874503
67114,738341.1147462074,1.270542367270151,1.3340103539690322,1.433315121792911,1.3860462188401645
67116,738341.1191821373,1.270542367270151,1.3340103539690322,1.9066587010386669,1.3860462188401645
67123,738341.3716825998,1.339725908184838,1.004794431138629,1.5735307315335214,1.8303598854160044
67137,738341.4523961885,1.0053113007019712,0.9348804894199154,1.18541918137364,1.1010282639800746
67191,738342.8484719733,0.859989073075746,1.0569113497645504,0.7976837422712785,1.1627696971974606
67193,738342.8694170989,0.9085658617222839,0.8117653867350498,0.7388753000244359,0.6019923511530222
67199,738342.9879330955,0.9845466844154318,1.0832742178992674,1.1359815422016648,1.2016052858983244
67220,738343.7997766363,1.1395482032446835,1.280761206685192,0.787835794835831,1.1612151922546834
67233,738344.4662307939,1.3307073261659519,1.3041876333430982,1.4009499416233924,1.0871666872413415
67234,738344.5061460669,1.3466495562891532,1.1766599263388595,1.217648080102575,1.0972865899151307
67255,738345.2983837585,1.1483748319557134,0.9603563481890091,1.0205353360650828,0.7190305991775692
67272,738345.8798911249,1.4476482730108398,1.09947970102089,1.4476482730108398,0.8823138458531076
67284,738346.2948891844,1.0309661291471852,1.3240685423879628,0.9650988486738931,1.0870302884348377
67287,738346.4265250966,1.0994797010208903,1.2249331540860948,0.9123833653429659,1.0604304774552211
67306,738347.3915189885,0.7709369501241156,0.6590204581232955,0.6184573318242509,0.675253286101619
67308,738347.4270018409,0.7709369501241156,0.6590204581232955,0.5771355241239225,0.6797030606393563
67317,738347.6725621616,0.7925081786555689,0.6913515630876657,0.6136028786702143,0.6904522764757581
67323,738347.8748758981,0.7411168633161292,0.7178421188483501,0.6433992324492619,0.6988646835224742
67327,738348.0233855793,1.1264122009018054,0.8824561315886105,1.653023979562549,0.9000921904730609
67328,738348.0274561625,1.1264122009018054,0.8824561315886105,1.653023979562549,0.9000921904730609
67329,738348.0283023537,1.2690423172497611,0.9201154277611268,1.7031156153068683,0.9224606667443753
67330,738348.0287035878,1.2690423172497611,0.9201154277611268,1.7031156153068683,0.9224606667443753
67331,738348.0331910119,1.2773367114801517,0.9505761573805787,1.7265529861597149,0.9409713774570456
67332,738348.0373127004,1.0948600384115588,0.935742229702824,1.5874994116567938,0.9321105732422735
67333,738348.0401774233,1.3624924922454953,0.935742229702824,1.5874994116567938,0.9321105732422735
67335,738348.0492467993,1.0887605395903246,0.8734414161182719,1.3376626752666887,0.8915135992148865
67338,738348.0652829588,1.0340344807220279,0.8734414161182719,1.3376626752666887,0.9033860563472879
67339,738348.066158137,0.9650988486738928,1.3571702559476613,0.8150298587996679,1.3571702559476613
67341,738348.0709834796,1.0657533298239303,0.8676756210475062,1.2844199095105406,0.8980978946300627
67342,738348.0721766168,0.8729537324688474,0.8392163901512113,0.966172373533374,0.8758372722666412
67346,738348.1065453113,0.7411168633161292,0.8618854106128482,0.6647364518927321,0.7547898749655446
67347,738348.1068515391,1.0767631782725244,0.9143041724278985,1.2773367114801515,0.9297740979972932
67350,738348.1271249655,0.7411168633161292,0.9028003453131056,0.7703671519348145,0.7739901657681717
67354,738348.1810513882,1.0229634477378517,0.8418042821032193,1.2099113132202022,0.875365990832302
67359,738348.31571527,1.0229634477378517,0.8808441872817275,1.2099113132202022,0.9041915042878372
67360,738348.3162151047,1.0229634477378517,0.8808441872817275,1.2099113132202022,0.9041915042878372
67361,738348.3304132933,1.0515604888698586,0.8418042821032193,1.244793100996581,0.875365990832302
67363,738348.3552048248,0.8599890730757457,0.8174954953472975,1.05796463313825,0.8540952266273723
67364,738348.367135601,1.2320410834134798,0.7907322499639039,0.6924968959732943,0.8382522169088502
67368,738348.3961890904,0.8599890730757457,0.8174954953472975,1.05796463313825,0.8540952266273723
67369,738348.3966446846,0.8599890730757457,0.8174954953472975,1.05796463313825,0.8540952266273723
67370,738348.3968492005,0.9270653965094041,0.8482314099672886,1.106818461161199,0.877362589703539
67372,738348.4492772603,0.9270653965094041,0.813666476633727,1.106818461161199,0.8510521319956835
67379,738348.6526381671,0.8386376202269687,0.8077007531820133,1.0164338938161206,0.8439926078075409
67392,738348.8998958931,0.8414051065189674,0.8077007531820133,1.0293661534952916,0.8439926078075409
67414,738349.217485444,0.8092443762172391,0.7922939872559323,0.9739529665516344,0.8252066702830518
67418,738349.3032619811,0.7703671519348144,0.7142097741609454,0.9348804894199152,0.7603033370189555
67426,738349.3726828409,0.7703671519348144,0.7701232104680843,0.9348804894199152,0.8072388139465648
67427,738349.3885496202,0.7703671519348144,0.751894878641364,0.9348804894199152,0.7950471064590423
67430,738349.4603516451,0.8060050428335456,0.7619201436899155,0.9641672860786471,0.8000161508744112
67433,738349.5129455858,0.7976837422712784,0.784397017284621,0.9475515968798216,0.8177555129984894
67435,738349.6221197062,0.7814010564547141,0.774187978090903,0.9232450720732388,0.8077919878768266
67436,738349.6227030379,0.7546385437067795,0.7569402734697199,0.8884072800538585,0.7914712520666739
67437,738349.6238977319,0.7546385437067795,0.7569402734697199,0.8884072800538585,0.7914712520666739
67438,738349.6253718393,0.7546385437067795,0.732886714153555,0.8884072800538585,0.7708169225746645
67439,738349.6274742839,0.7546385437067795,0.7569402734697199,0.8884072800538585,0.7914712520666739
67440,738349.6287047011,0.6951359847536802,0.7169443673240276,0.8188513276108795,0.7543108673960083
67441,738349.6311322796,0.6951359847536802,0.7169443673240276,0.8188513276108795,0.7543108673960083
67442,738349.6360540125,0.7087892137886898,0.7248901514339993,0.8283545976356299,0.7606182724490955
67443,738349.6368931495,0.7087892137886898,0.7248901514339993,0.8283545976356299,0.7606182724490955
67444,738349.6380755279,0.7307076140288798,0.7385960576585915,0.846976461008359,0.7722425165087458
67445,738349.6465136611,0.7307076140288798,0.717144846270547,0.846976461008359,0.7535367650458453
67446,738349.6470441084,0.7345361216122649,0.7249225039356251,0.8465779374332392,0.7615861146922436
67447,738349.6537038648,0.7345361216122649,0.7402746850623612,0.8465779374332392,0.7729578941158869
67448,738349.659625215,0.7138305093741809,0.7251306782680649,0.8204222388178428,0.7582919525294872
67451,738349.661573332,0.7138305093741809,0.7251306782680649,0.8204222388178428,0.7582919525294872
67452,738349.6658680984,0.7332244499665289,0.7180024946568507,0.8371941819821719,0.7517292369686499
67454,738349.6793953535,0.7332244499665289,0.7377376089550098,0.8371941819821719,0.7691165559089465
67456,738349.6850854474,0.7332244499665289,0.7377376089550098,0.8371941819821719,0.7691165559089465
67457,738349.6946325128,0.7512745528599165,0.7234982363989336,0.856279939673694,0.7567903843066567
67458,738349.6971655336,0.7720790789391141,0.7632591949090541,0.8711511731392658,0.7911566143198773
67460,738349.7028495793,0.7916115634942991,0.7762019946832313,0.8883873095624668,0.8023916524771395
67461,738349.711364126,0.8143021535685969,0.791339186114385,0.9089884504951778,0.8156546421333591
67462,738349.7135679651,0.8143021535685969,0.791339186114385,0.9089884504951778,0.8156546421333591
67463,738349.7170792376,0.8143021535685969,0.791339186114385,0.9089884504951778,0.8156546421333591
67465,738349.7184500147,0.7919487611176943,0.7574903754126484,0.8829063643088082,0.7846766081585301
67466,738349.7190806357,0.7919487611176943,0.7646029610972743,0.8829063643088082,0.7923851183793804
67467,738349.7206774163,0.7919487611176943,0.7758480565783062,0.8829063643088082,0.8009857652217849
67470,738349.730979446,0.7914250239694791,0.7572855929375436,0.8797009761366504,0.7839250575870972
67471,738349.7334782479,0.7914250239694791,0.7752112455879547,0.8797009761366504,0.7998923285325332
67472,738349.7351763092,0.7922453235382698,0.7579911623856833,0.8780448312196378,0.7840360558253394
67473,738349.7413311049,0.7922453235382698,0.7755258605415212,0.8780448312196378,0.7996923887736932
67475,738349.7610032521,0.7252461878541531,0.7267204862695376,0.8057411538093724,0.7539340825703356
67479,738349.7659237626,0.7252461878541531,0.7267204862695376,0.8057411538093724,0.7539340825703356
67480,738349.7668110689,0.7230937387894706,0.7267204862695376,0.8057794859289636,0.7539340825703356
67481,738349.7689098233,0.7252461878541531,0.7267204862695376,0.8057411538093724,0.7539340825703356
67483,738349.7696539962,0.7252461878541531,0.7106636976598665,0.8057411538093724,0.7394667013414896
67484,738349.7701089467,0.7258981311658933,0.7109447034715153,0.8042490405615772,0.7391653031750914
67485,738349.7710024653,0.7360923422089011,0.7350541301606519,0.8149232841205177,0.7607068950534664
67486,738349.7730972705,0.7537005548977631,0.7248522957902285,0.829247900614557,0.7516635263710127
67487,738349.7758560862,0.7523869753858067,0.746419839118181,0.8298620673310542,0.770855498782317
67488,738349.7768177863,0.7537005548977631,0.746419839118181,0.829247900614557,0.770855498782317
67489,738349.778610056,0.7622720698532822,0.7493003483492958,0.8362782146058239,0.7731038559801795
67491,738349.7889785243,0.7232060117090868,0.7226433467231923,0.7937957630238152,0.7476723048497655
67492,738349.7900585207,0.7232060117090868,0.7082427950150878,0.7937957630238152,0.7345633670173695
67493,738349.7906358201,0.7232060117090868,0.7114721887834841,0.7937957630238152,0.7385960576585915
67494,738349.7909081535,0.7178421188483498,0.7368128241099211,0.7828192071923815,0.76056320665752
67497,738349.7974463773,0.7291594495509139,0.7456303058267683,0.7930008022320447,0.7684361225064907
67498,738349.7984613287,0.7280712186140011,0.7456303058267683,0.7933894427144393,0.7684361225064907
67499,738349.8042086264,0.7541750850501192,0.7655832213038088,0.8187661712576345,0.7863977183995797
67500,738349.8069691454,0.7411770922363498,0.755051578325035,0.8039388789570412,0.7768904221729722
67501,738349.8081474281,0.7332023055296356,0.7483144268383095,0.7943422774639542,0.7702018843821969
67502,738349.808335993,0.7173031983387039,0.7349800842122117,0.7766353395980895,0.7572807185138349
67503,738349.8090166616,0.7173031983387039,0.7349800842122117,0.7766353395980895,0.7572807185138349
67504,738349.8150984697,0.7173031983387039,0.7349800842122117,0.7766353395980895,0.7572807185138349
67505,738349.8168563073,0.7205489141682908,0.7349800842122117,0.7799829057170468,0.7572807185138349
67506,738349.8177071271,0.7129971428546634,0.7180540592436402,0.7709369501241154,0.7412774955270888
67507,738349.8212205948,0.7129971428546634,0.7310923056256745,0.7709369501241154,0.7532478818918183
67508,738349.8217011106,0.7147601491073193,0.7322406962322264,0.7715515223426405,0.7539834755264785
67509,738349.8238013492,0.7147601491073193,0.7322406962322264,0.7715515223426405,0.7539834755264785
67510,738349.8249940777,0.6723267671097769,0.6960981915863038,0.7265658945982431,0.7192832071672423
67513,738349.8289404241,0.6723267671097769,0.6858570498190101,0.7265658945982431,0.7106636976598663
67516,738349.8365554492,0.6723267671097769,0.6960981915863038,0.7265658945982431,0.7192832071672423
67517,738349.8416449324,0.6556967764038815,0.6832110360302857,0.7093253479467593,0.7065985985312737
67518,738349.8430115673,0.6578142988752312,0.6716480847258677,0.7104484102628171,0.6958833650307018
67519,738349.8444046214,0.6578142988752312,0.6832110360302857,0.7104484102628171,0.7065985985312737
67520,738349.8446958238,0.665797992058642,0.6913351616935894,0.7187220969284581,0.7140238097055394
67521,738349.848009996,0.665797992058642,0.6798243911869319,0.7187220969284581,0.7033534031307195
67524,738349.8557677476,0.6665047297471632,0.6785851279738309,0.7174186131735131,0.7018066722771177
67525,738349.8569621679,0.6665047297471632,0.6898861869844121,0.7174186131735131,0.7122966306471206
67527,738349.8631574807,0.6665047297471632,0.6898861869844121,0.7174186131735131,0.7122966306471206
67528,738349.8658684648,0.6689687028700735,0.683569488829882,0.7199671695258166,0.7069419409017945
67529,738349.8695928369,0.6689687028700735,0.6931986916621448,0.7199671695258166,0.7151402901253261
67530,738349.877545732,0.679197385232153,0.6890091251549953,0.7286398597161874,0.7111254674439209
67531,738349.8786967896,0.6816575025345335,0.7001220866954182,0.7311779376019912,0.721453163667077
67532,738349.8830824349,0.6920507378494389,0.7108824307154711,0.740988271610522,0.7314433379423185
67533,738349.8871962712,0.6758473205410835,0.6858391963972633,0.7234222352636065,0.7074480248197764
67534,738349.88771134,0.6758473205410835,0.6874510643192177,0.7234222352636065,0.7096315063778622
67536,738349.9008779336,0.6758473205410835,0.7182250700987358,0.7234222352636065,0.7393614421742998
67538,738349.9066061543,0.6758473205410835,0.6965598008654826,0.7234222352636065,0.7174360076700016
67539,738349.9111271407,0.6819395761202558,0.7028437267516392,0.7297022938727276,0.7231726296318771
67540,738349.9146328685,0.6909515911101779,0.7102459059504838,0.7381433100055268,0.7299884837011178
67542,738349.923749413,0.6984984613003765,0.7153573466537206,0.7443022948831571,0.7346178638915452
67543,738349.9349330985,0.6972617828721931,0.7153573466537206,0.7438192783978342,0.7346178638915452
67544,738349.9353694195,0.7049840456308032,0.7207352710580279,0.750198295325455,0.7395107276990355
67545,738349.9360228173,0.7049840456308032,0.7126556524006332,0.750198295325455,0.7325687636389475
67546,738349.9422820088,0.7084151073345825,0.7234844724338543,0.7529778960712553,0.7418959612013498
67547,738349.9500397927,0.7084151073345825,0.7131272280841572,0.7529778960712553,0.7322241100624124
67549,738349.9591352975,0.7084151073345825,0.7234844724338543,0.7529778960712553,0.7418959612013498
67550,738349.9688495037,0.7147384778881967,0.7295660918580055,0.7594603530726757,0.7474785200513482
67551,738349.9718986083,0.7175504711835956,0.7234796223995148,0.7609239091924128,0.7421365980148775
67552,738349.9721992811,0.7112059661384471,0.7252943277102375,0.7537525464374966,0.7429324822420988
67553,738349.9728719237,0.7112059661384471,0.7252943277102375,0.7537525464374966,0.7429324822420988
67554,738349.9748910469,0.7102403055254252,0.7252943277102375,0.7534368277451545,0.7429324822420988
67556,738349.9785353958,0.7224861990996795,0.7249671026582591,0.7646419814065928,0.7426188100942238
67559,738350.0150518331,0.7249568816329709,0.739990597762851,0.7665308556033188,0.7536366715026109
67560,738350.0158025927,0.7275551887554472,0.7421300100875797,0.7685670043651763,0.7554511592435936
67561,738350.018694257,0.7342068597749642,0.7379267363557741,0.7747572521564451,0.7515602900674317
67562,738350.0197724054,0.7342068597749642,0.7379267363557741,0.7747572521564451,0.7515602900674317
67563,738350.0201086027,0.7342068597749642,0.741082215496432,0.7747572521564451,0.7548144874113316
67565,738350.0337190949,0.741231854295697,0.7545278679275808,0.7819255488130562,0.7666117701904688
67566,738350.0361933173,0.741721394022887,0.7545278679275808,0.7818371684078267,0.7666117701904688
67567,738350.0378393631,0.741721394022887,0.7545278679275808,0.7818371684078267,0.7666117701904688
67568,738350.0391157748,0.7527918625903929,0.7643269311474195,0.7925472666051943,0.7755258605415207
67569,738350.0458850886,0.7623077906722046,0.7727311727557857,0.8016757603431915,0.7831539837599618
67570,738350.0776207428,0.7676922659905964,0.7774347404846749,0.8066075421468019,0.7873743917170379
67574,738350.0848235321,0.7676922659905964,0.767545057502391,0.8066075421468019,0.7783689288693716
67576,738350.088744208,0.7727659820342556,0.7819038238311485,0.8117653867350498,0.791384963986488
67579,738350.1483963392,0.7751359531204342,0.7819038238311485,0.813641730086384,0.791384963986488
67580,738350.166557748,0.7753308578106831,0.7770488220830598,0.8138397446227885,0.7867966922794326
67581,738350.1865583813,0.7675307485771753,0.7770488220830598,0.8053963287792113,0.7867966922794326
67582,738350.1990239891,0.767419318445268,0.7770488220830598,0.8057994001578402,0.7867966922794326
67584,738350.237660739,0.7500235907011443,0.7611157516463233,0.7870902516714128,0.7719299137383916
67585,738350.2441369953,0.7496811962846828,0.7611157516463233,0.7872407526947159,0.7719299137383916
67586,738350.2445215668,0.7592202140524595,0.7506776457855531,0.7959578133392926,0.762361069698995
67587,738350.2622607793,0.7597874071085579,0.7697045655082648,0.7960591317982209,0.7796730576567161
67591,738350.3350552162,0.7670117341489406,0.7697045655082648,0.8038768753415115,0.7796730576567161
67597,738350.3914661031,0.7597874071085579,0.7697045655082648,0.7960591317982209,0.7796730576567161
67598,738350.4234651146,0.7595790985781286,0.7697045655082648,0.7963226805468744,0.7796730576567161
67601,738350.4346274713,0.7647824875027911,0.774239748003309,0.8011353458019443,0.7837761356536646
67604,738350.4681465391,0.7701675519702987,0.773552512295868,0.8056871255692866,0.7833473005624978
67609,738350.5371631415,0.7701675519702987,0.7788831153490595,0.8056871255692866,0.7879846959499557
67610,738350.5383385418,0.7571517565590886,0.7669659724560733,0.7920264107658084,0.7768129217152019
67611,738350.5531460593,0.7513070120546028,0.7617665307577194,0.7920264107658084,0.7768129217152019
67612,738350.5695174439,0.7602102690407008,0.7932319304168979,0.8005862277548554,0.8064733563592581
67613,738350.5740038182,0.7602102690407008,0.7608461523476215,0.8005862277548554,0.7759544067897478
67614,738350.5759729637,0.7602102690407008,0.7697465137459445,0.8005862277548554,0.7840983645268729
67615,738350.5806007527,0.769438530395983,0.8021519113814948,0.8094782280814832,0.8145701042607878
67616,738350.5815066341,0.7732819619911001,0.7814175004256825,0.8129006008085818,0.7946834069592891
67617,738350.5829267069,0.7732819619911001,0.7725806294101416,0.8129006008085818,0.7865926401101703
67619,738350.6596002587,0.7732819619911001,0.7763225791161472,0.8129006008085818,0.7903670683792758
67622,738350.741148569,0.7784433067971539,0.7772221787888773,0.8176703981062503,0.790776551171252
67628,738350.7829398934,0.7738406674503832,0.7767726866838705,0.8125332959720284,0.7904974022508164
67630,738350.7953265304,0.7738406674503832,0.7730985495539104,0.8125332959720284,0.7867935905332452
67631,738350.7974174507,0.7738406674503832,0.7817470619271991,0.8125332959720284,0.7947261778638619
67632,738350.798607167,0.7723685879145037,0.7717808061637849,0.8105869633200464,0.7854261906760934
67635,738350.8050980865,0.772079078939114,0.7799709839301806,0.8098524150245061,0.7928142200796587
67639,738350.8512849247,0.772079078939114,0.7799709839301806,0.8098524150245061,0.7928142200796587
67641,738350.9161138987,0.7774859090517353,0.780068183035907,0.8149111224780573,0.7931609159199942
67645,738351.0661931796,0.7774859090517353,0.7848197789767721,0.8149111224780573,0.7972188916056192
67646,738351.0699926927,0.7812032094473885,0.7881336533593979,0.818261483326629,0.8001949431904167
67647,738351.0705308563,0.7812032094473885,0.7881336533593979,0.818261483326629,0.8001949431904167
67653,738351.2587390536,0.7731454865067097,0.7759680915967622,0.8096723780028887,0.789074530362302
67656,738351.2988503646,0.7750486138581109,0.7843873797736575,0.8103152302283775,0.7964646637043841
67658,738351.325858358,0.7678905848399867,0.7758085896193703,0.8039356153703997,0.7884317371919849
67659,738351.3851826184,0.7678905848399867,0.7648554441884454,0.8039356153703997,0.7784108062520236
67660,738351.3893257543,0.7684335763298089,0.7762259199931739,0.8040939298498004,0.7887054069885776
67667,738351.4920107471,0.7684335763298089,0.7682465564353548,0.8040939298498004,0.7813393977269895
67670,738351.5095636408,0.7356767056520354,0.7383677435758529,0.7704199843565365,0.7530718823966662
67671,738351.5117733729,0.7356767056520354,0.7407519737052121,0.7704199843565365,0.7556017815227304
67672,738351.5122965113,0.7388446037239838,0.7487835894883648,0.7732714249004117,0.7626433711637546
67673,738351.5132703709,0.7388446037239838,0.7383677435758529,0.7732714249004117,0.7530718823966662
67674,738351.515079073,0.7432122830189574,0.7452215880432963,0.7773486477747589,0.7592800045875087
67675,738351.5169542533,0.7432122830189574,0.7527279040634097,0.7773486477747589,0.7662410518771924
67676,738351.5185066552,0.744874950318776,0.7527279040634097,0.779038842334153,0.7662410518771924
67677,738351.5201298103,0.7432122830189574,0.7527279040634097,0.7773486477747589,0.7662410518771924
67678,738351.5212347825,0.7500350383844456,0.7541143981650487,0.7839250575870967,0.7677980232940802
67679,738351.529232428,0.7434653305209551,0.752777101965636,0.7768994451333405,0.7660462778426533
67681,738351.531247403,0.7434653305209551,0.752777101965636,0.7768994451333405,0.7660462778426533
67682,738351.5320632253,0.7437889991131945,0.7529874603672625,0.7768859550005551,0.7661277100609594
67683,738351.5365108569,0.7512120768056243,0.7597823911824503,0.7840899497990343,0.7724342211097391
67684,738351.5398114098,0.7512120768056243,0.7524904389412774,0.7840899497990343,0.7656579092269497
67685,738351.5527664179,0.7512120768056243,0.7597823911824503,0.7840899497990343,0.7724342211097391
67686,738351.5877725444,0.754685860706116,0.7556666953667872,0.7872864932532362,0.7685455362437404
67687,738351.6174987783,0.757985026295969,0.7614112639813229,0.7903105823196086,0.774083468984407
67688,738351.625527405,0.757985026295969,0.765901437713115,0.7903105823196086,0.7779983128067967
67689,738351.6338927,0.7573569439567008,0.7581025383150343,0.7893555398104367,0.7706278024749427
67690,738351.6507192177,0.7627394126616247,0.765245692328717,0.7951337506511147,0.7772754300870348
67691,738351.6634389233,0.7585595220257925,0.7664430131454787,0.790575563828691,0.7783055231241067
67693,738351.6843315414,0.7585595220257925,0.7664430131454787,0.790575563828691,0.7783055231241067
67697,738351.7399156248,0.7536725545056427,0.7546981518065984,0.7850009045280532,0.7671917831354363
67700,738351.7777771344,0.7534602392492222,0.7616793725906292,0.7850905484650773,0.7736989444978423
67702,738351.7966216492,0.7519612485848186,0.7531118183293382,0.7829655727332853,0.7655832213038088
67703,738351.8007396321,0.7534961244111528,0.7600153433306902,0.7845226802693807,0.7720228295526256
67704,738351.8058889317,0.757404870234252,0.7650082066261484,0.7881932520930157,0.7766534061369577
67705,738351.8067067317,0.7615347516091412,0.768782157406377,0.7920914803033344,0.78013205499063
67707,738351.8248636576,0.7595090039946939,0.7668334933037606,0.7897545376386454,0.7781939540984296
67708,738351.8514704388,0.7595090039946939,0.7600486787990588,0.7897545376386454,0.7718577577182628
67710,738351.8823499278,0.7595090039946939,0.7668334933037606,0.7897545376386454,0.7781939540984296
67712,738351.9062939463,0.7484183885830707,0.7564288273389966,0.7782314693160074,0.7682311486706402
67714,738351.941316759,1.270542367270151,0.8996684182553238,0.845342057232607,0.8369700936036975
67715,738351.9525883895,0.7532362173743214,0.7564288273389966,0.7833947813361922,0.7682311486706402
67717,738352.0019887504,0.7484183885830707,0.7564288273389966,0.7782314693160074,0.7682311486706402
67718,738352.0048980567,0.7498813337961341,0.7564288273389966,0.7797152280754278,0.7682311486706402
67720,738352.0065100419,0.7484183885830707,0.7564288273389966,0.7782314693160074,0.7682311486706402
67721,738352.0081384472,0.7509823014966504,0.7589612305105368,0.7808317653948676,0.7705420396998177
67722,738352.01476766,0.75468711255915,0.7621467707403878,0.7840481227452737,0.7734756321638543
67723,738352.0174770546,0.7624155404023272,0.7582001607424721,0.7918799019957814,0.7697271349157603
67724,738352.0211578339,0.7573680614492357,0.7647387296017599,0.78676536576676,0.7758480565783056
67725,738352.0228095228,0.7590148237902395,0.7595685383081561,0.7879121473512238,0.7709369501241151
67727,738352.0297900413,0.7590148237902395,0.7660640574509803,0.7879121473512238,0.7770201300223328
67728,738352.0332093249,0.7590148237902395,0.7660640574509803,0.7879121473512238,0.7770201300223328
67730,738352.0391675059,0.7611982866139417,0.7680449036874225,0.789869742055852,0.7788169353774943
67731,738352.0532767969,0.7611982866139417,0.7680449036874225,0.789869742055852,0.7788169353774943
67734,738352.0854453905,0.7611982866139417,0.7680449036874225,0.789869742055852,0.7788169353774943
67735,738352.1177215027,0.7606095695569066,0.7610373976870882,0.786234256897571,0.7696058158045626
67736,738352.1820269949,0.7606095695569066,0.7674381053330922,0.786234256897571,0.775631590038527
67753,738352.5341109025,0.7606095695569066,0.7838291352796525,0.786234256897571,0.7914392194247805
67754,738352.5387725246,0.7579193274913888,0.7648657112557266,0.7832834699376621,0.7731203184252086
67755,738352.5406438572,0.7590665101929492,0.7695415226636637,0.7846692522520854,0.7775093026400924
67756,738352.550922825,0.7666814006415785,0.7622463081349878,0.7921680463900513,0.7706260466625786
67757,738352.5818619517,0.761920143689915,0.7847513601624783,0.7871218521128256,0.7921944027929788
67758,738352.5879678089,0.7598336439810426,0.766546317959707,0.7847914024834743,0.7745968398114697
67759,738352.5904670676,0.7612233717249495,0.766546317959707,0.7862003637087589,0.7745968398114697
67762,738352.6713252692,0.7513521237998089,0.7585404036569128,0.7759801814908713,0.7669032708559708
67763,738352.6723278442,0.7513521237998089,0.7585404036569128,0.7759801814908713,0.7669032708559708
67764,738352.6725241677,0.7513521237998089,0.7524159423133256,0.7759801814908713,0.7611229476201377
67765,738352.6730890847,0.7513521237998089,0.7585404036569128,0.7759801814908713,0.7669032708559708
67766,738352.6734198033,0.7513521237998089,0.7462931784368514,0.7759801814908713,0.7553441361727797
67768,738352.6773731333,0.7477918231446715,0.755139638577669,0.7721627822217396,0.7635946934562665
67770,738352.6892769656,0.7475613577797474,0.755139638577669,0.7721353365228314,0.7635946934562665
67771,738352.6897358515,0.7370451440325568,0.7390513091479692,0.7610587302996495,0.74821446084168
67773,738352.6917162812,0.7383193900674785,0.7449704326402601,0.7614891933823981,0.7538115294659251
67772,738352.6917269331,0.7286398597161874,0.7632055424983331,0.7286398597161874,0.7758407309680497
67774,738352.694878013,0.7414783837372586,0.7490839439165591,0.7653575389525793,0.757681902688353
67776,738352.7212487935,0.7414783837372586,0.7490839439165591,0.7653575389525793,0.757681902688353
67781,738352.7832463755,0.7414783837372586,0.7490839439165591,0.7653575389525793,0.757681902688353
67785,738352.8760564632,1.2302959827287583,0.7463707530023658,0.8246097757656676,0.7523816896907622
67791,738352.9537289827,0.7438672256407393,0.7571543402891397,0.7554549748847397,0.7543849882178961
67792,738352.9640471131,0.7451435205660594,0.7571543402891397,0.75673921623601,0.7543849882178961
67793,738352.9686944442,0.7452500761960559,0.7544994947516347,0.7568464334669871,0.7518835591851551
67795,738352.9906464143,0.7411795812453235,0.7544994947516347,0.7526557058840418,0.7518835591851551
67797,738353.0185565492,0.7468836593205058,0.7598153919117662,0.7583015817559218,0.7569521377373288
67798,738353.0266542287,0.740412615877539,0.753827209521188,0.7517907524983581,0.751281693642101
67799,738353.0931901025,0.7406852644772591,0.753827209521188,0.7519734055216393,0.751281693642101
67803,738353.1524396725,0.740412615877539,0.753827209521188,0.7517907524983581,0.751281693642101
67806,738353.2453395105,0.7462931784368512,0.7590594906387749,0.7575250542743157,0.7562741996833208
67815,738353.487371786,0.7417137083324067,0.7506186066688472,0.7579414484226046,0.7533897877504734
67824,738353.65421755,0.7245057951836833,0.7383170262805562,0.7411959157815494,0.7415802841541815
67826,738353.6591640345,0.7245057951836833,0.7383170262805562,0.7411959157815494,0.7415802841541815
67829,738353.7309597386,0.7245057951836833,0.7510571238194846,0.7370760283537745,0.753869666699984
67830,738353.7637224067,0.7245057951836833,0.7383170262805562,0.7370760283537745,0.7415802841541815
67831,738353.791398396,0.7303485838545196,0.7437860412900419,0.7428797766085287,0.7468026805214646
67839,738353.9306373204,0.7449305006916838,0.7173590487818302,0.8177092755500555,0.719013832695135
67840,738354.0060563287,0.7303485838545196,0.7437860412900419,0.7428797766085287,0.7468026805214646
67843,738354.081941974,0.7324468574462547,0.7419105121753663,0.7449007866709142,0.7450483264187673
67845,738354.1276718578,0.7324468574462547,0.7456867279201087,0.7449007866709142,0.748604326000338
67867,738354.6742000169,0.7413779260237054,0.7467807292948537,0.7539225967638199,0.7496938540026955
67868,738354.7014317096,0.7357026691849684,0.7485978792727179,0.7479960180032338,0.7513567289711427
67870,738354.7584825853,1.2604853036769836,0.6253840539406824,1.0592548339103702,0.6275931819411154
67874,738354.798787282,0.7354053226895062,0.7485978792727179,0.7477918231446716,0.7513567289711427
67876,738354.9054215444,0.7354053226895062,0.7485978792727179,0.7477918231446716,0.7513567289711427
67886,738355.0964673809,0.7215866584945834,0.7296861233476608,0.7336430971490812,0.7331983621400872
67887,738355.0977183151,0.7211947805347197,0.7350245099909964,0.7333407724842221,0.7383056417228865
67889,738355.1070601316,0.7195804568878755,0.727722650705628,0.7315243932767537,0.7312862410054752
67890,738355.1140726226,0.7195804568878755,0.7330084025419977,0.7315243932767537,0.7363453238822457
67891,738355.1158331234,0.7195804568878755,0.7291962343673042,0.7315243932767537,0.7327519185009481
67895,738355.1955132822,0.7203415691228914,0.7283873194761328,0.732202573918416,0.7319014270289369
67904,738355.3357032783,0.7203415691228914,0.7336404524180554,0.732202573918416,0.7334046476686585
67933,738355.6721570207,0.7203678262280624,0.7335708824966335,0.7321397984133237,0.7333395036670953
67935,738355.7495579073,0.7203678262280624,0.7335708824966335,0.7321397984133237,0.7333395036670953
67942,738355.7857114024,0.7077706910076274,0.7214027614957691,0.7193283344153235,0.7216591590283343
67956,738356.0869598843,2.035755383921492,0.7158423265265436,0.8155764918370926,0.7225396216225348
67959,738356.1535548924,0.8515578076534346,0.689432847603963,0.5386598225156611,0.6985477380877698
67963,738356.2907835911,0.8515578076534346,0.6958119872533196,0.5386598225156611,0.7047658975539065
67967,738356.3459027738,0.9825667011385785,0.6972505996650384,0.5790593092043358,0.7060943550036821
67975,738356.5262363402,0.7067400885630554,0.687981731607012,0.7225752410271008,0.6994359106727511
67986,738356.8184069631,0.7067400885630554,0.6928695479068051,0.718942428656517,0.7041120666652273
67990,738356.9393367438,1.0139170783733507,0.6775264928287861,0.8211450288086691,0.5467736282954608
67991,738356.9696721621,0.7097545080008569,0.6956003521039599,0.7218778970770253,0.7066922042804389
67993,738357.0437457245,0.7102073784966489,0.6956003521039599,0.7222425834030768,0.7066922042804389
68000,738357.3401995281,0.7114359483500698,0.6967801577788434,0.7233873084206243,0.707766214856524
68025,738357.9044489531,0.7124811529754618,0.6930739585733158,0.7244365828919221,0.707766214856524
68026,738357.914017266,0.7161636792399176,0.6977002020012625,0.7317782478955888,0.7121826887092111
68044,738358.3582796133,1.6940564896935357,0.9892812799618491,1.2438028121334173,0.881816206910156
68064,738358.6567008658,0.71749331315406,0.6986352466598598,0.7292938403077274,0.7214347692142185
68065,738358.6765480962,0.7170958299527759,0.7079812005490762,0.7326084100066987,0.7314433379423185
68068,738358.7488319067,0.7218920652844633,0.702618969410595,0.7336231214611055,0.7252870296650409
68073,738358.7988292341,0.7218920652844633,0.702618969410595,0.7336231214611055,0.7252870296650409
68083,738359.0141702683,0.7241765338454903,0.7056272183739296,0.7359154181992364,0.7275848599375861
68086,738359.0431409928,0.7283655041572391,0.7043127692491918,0.7399512797827353,0.7262757000498915
68096,738359.3491997182,0.7274877438485415,0.7087822030844059,0.7390706998948587,0.7304437832914986
68106,738359.5169596726,0.7237367286879449,0.7124996389329747,0.7396618024135807,0.7361693634856832
68122,738359.8857461013,0.7306469627533526,0.7067061432576236,0.7420775380152188,0.7329288426249845
68125,738359.9788884755,0.7303450746721348,0.7067061432576236,0.7428246275575275,0.7302902480769339
68129,738360.1053693243,0.8042490405615775,0.7085509276211415,0.6008026429491626,0.7297533827401834
68135,738360.3133978609,0.728097006260469,0.7018994623503264,0.7394401674387725,0.7253258463321942
68136,738360.3347452711,0.5632872657629725,0.6911489050467807,0.4523900853158873,0.7120297782159526
68137,738360.3398453962,0.5632872657629725,0.6911489050467807,0.4523900853158873,0.7120297782159526
68138,738360.3409468953,0.457633806009749,0.6866140829763769,0.4136137922888113,0.7072501925980705
68139,738360.3461248127,0.457633806009749,0.6878577197846533,0.4136137922888113,0.7087505061096318
68140,738360.3776556745,0.3948131653665925,0.675114278357276,0.39589287320259964,0.6957820129530685
68141,738360.3836789302,0.36359538019807125,0.675114278357276,0.39589287320259964,0.6957820129530685
68142,738360.3845065322,0.38029289133384575,0.6749346401365537,0.41541211312484966,0.6954744742035478
68143,738360.3864029591,0.3780126051382268,0.6804371241787527,0.41541211312484966,0.7010917670877265
68145,738360.4089583544,0.40874774767364874,0.6804371241787527,0.41541211312484966,0.7010917670877265
68148,738360.4379045286,0.3458982599229439,0.6848270411089382,0.39965749868397404,0.7053408081003794
68154,738360.6117139632,0.3458982599229439,0.6792611442399932,0.39965749868397404,0.6996640794698342
68156,738360.629268196,0.33381589692794145,0.6721376054531665,0.3827680179486287,0.6924311754744831
68159,738360.6441241798,0.33381589692794145,0.6775062962918373,0.3827680179486287,0.6979135727275118
68162,738360.7089148128,0.33381589692794145,0.6721376054531665,0.3827680179486287,0.6924311754744831
68163,738360.7158574748,0.3562445414568061,0.6737518062505319,0.4013282341020149,0.6939185727677936
68166,738360.8431553831,0.37013734253118047,0.6735858579344733,0.4117836427654094,0.6936307959747536
68168,738360.8624892007,0.3877629302707605,0.6746566150754876,0.4263013319295724,0.6945787168486347
68170,738360.8775717507,0.3877629302707605,0.6799796174236253,0.4263013319295724,0.7000100684891701
68173,738360.9965150963,0.41137501668778925,0.6827596092805734,0.4469132077696902,0.7026620910725333
68177,738361.0226122597,0.41137501668778925,0.6827596092805734,0.4469132077696902,0.7026620910725333
68178,738361.0860843203,0.41466691461163435,0.6755415645598819,0.4479828466623802,0.6952248114117011
68186,738361.2562366021,0.41466691461163435,0.6808177479032976,0.4479828466623802,0.700606367354711
68190,738361.3220030451,0.4241157049836443,0.677805443797683,0.465665640866918,0.6975008293443399
68193,738361.341113175,1.0522553526290244,0.49695388476491514,0.7566105956502642,0.5391917946880102
68194,738361.3436437948,0.44034928456603484,0.6781974388890999,0.478825228118249,0.6977739105129364
68196,738361.3737426363,1.0242794384510658,0.49819317126058815,0.7360923422089011,0.5402079872901362
68206,738361.4571210687,0.44034928456603484,0.696272258780663,0.478825228118249,0.7045006890347519
68223,738361.8851603848,0.4540594214240641,0.6972520316410502,0.4898058066578029,0.7053878628181274
68225,738361.9016170736,0.47550490719334143,0.6946703025239909,0.5082169469080606,0.7028313281096353
68229,738361.9521685935,0.47550490719334143,0.7002696131538798,0.5082169469080606,0.7082193043751202
68234,738362.1077441116,0.5341589884371546,0.6983295650817982,0.5294122087402501,0.7007261271296639
68241,738362.2573392676,0.46176978405449426,0.687343127270337,0.4923508533622126,0.6957369770611009
68242,738362.2576385508,0.4359552638608169,0.6820329046055684,0.4710745318933896,0.6905608571238144
68244,738362.2594324008,0.4359552638608169,0.6830958988834966,0.466381531253492,0.691674099651259
68245,738362.2598275158,0.4479361744899925,0.6793969073668241,0.4766423186781151,0.6880361743244413
68246,738362.2605289962,0.4479361744899925,0.6793969073668241,0.4766423186781151,0.6880361743244413
68248,738362.2620127373,0.4479361744899925,0.6793969073668241,0.4766423186781151,0.6880361743244413
68249,738362.264291566,0.46763918931529924,0.6883921857673918,0.49816655031917456,0.696647238730758
68250,738362.2662879445,0.4733454843632172,0.6830527696356921,0.4987795526370406,0.6914440137596116
68251,738362.2667333574,0.4799894804412597,0.6832752398077714,0.5041849469653442,0.6916112520625082
68252,738362.2675634744,0.4799894804412597,0.6832752398077714,0.5041849469653442,0.6916112520625082
68253,738362.2681664849,0.4913688655128175,0.6849822321534245,0.5141607915192404,0.6932015243628662
68254,738362.2707450874,0.4913688655128175,0.6849822321534245,0.5141607915192404,0.6932015243628662
68255,738362.2714580003,0.5004673927182159,0.6861201980054983,0.5220290398992169,0.694247462095299
68257,738362.2746761543,0.5004673927182159,0.6861201980054983,0.5220290398992169,0.694247462095299
68258,738362.2757075481,0.5004673927182159,0.691248077672574,0.5220290398992169,0.6992017106725943
68259,738362.2759741993,0.5004673927182159,0.691248077672574,0.5220290398992169,0.6992017106725943
68260,738362.2768023825,0.5117948439937311,0.6931284480900048,0.5320606210147036,0.7009586407380292
68261,738362.2788160142,0.51957673164993,0.6940509290381575,0.5387863873235831,0.7017995753636868
68262,738362.2798533281,0.5311387874886896,0.6910200927753534,0.5491265297400729,0.6988139529269801
68264,738362.2834432139,0.5311387874886896,0.6949643506229398,0.5511351293188476,0.7025514190185572
68265,738362.2845723252,0.5428681023790648,0.6932291087986627,0.5596578375041905,0.7008892779342719
68266,738362.2850517714,0.5519230905839577,0.6999073760752862,0.5692134548501707,0.7072838168785902
68268,738362.2874264244,0.5519230905839577,0.6947476603500293,0.56770520510229,0.7023038871845727
68269,738362.2884390708,0.5550626608368439,0.6946562497745541,0.5702234148481305,0.7021767195051316
68270,738362.2890546037,0.5550626608368439,0.6946562497745541,0.5702234148481305,0.7021767195051316
68271,738362.2897346629,0.5696764037311173,0.6978774122054724,0.5835640138728277,0.7052241524167643
68272,738362.290147569,0.5846271871774543,0.7064223407488766,0.5972314807555296,0.7134049914414125
68273,738362.2912064648,0.5846271871774543,0.7064223407488766,0.5972314807555296,0.7134049914414125
68274,738362.2944015068,0.5846271871774543,0.7064223407488766,0.5977900645605667,0.7134049914414125
68275,738362.2951266733,0.5807801392465476,0.6993714744459855,0.5932984725454259,0.7065802146014553
68276,738362.2963693151,0.5807801392465476,0.6993714744459855,0.5932984725454259,0.7065802146014553
68279,738362.3060955969,0.5873134440943097,0.7004749708116962,0.5991276500011212,0.7076008017115257
68281,738362.3124701452,0.5873134440943097,0.7004749708116962,0.5991276500011212,0.7076008017115257
68282,738362.3162502407,0.5827397709153801,0.698415819073187,0.5945361225533434,0.7055904440538593
68284,738362.3225530587,0.5827397709153801,0.7034802482453512,0.5945361225533434,0.7104800941283886
68286,738362.3292727293,0.5827397709153801,0.7034802482453512,0.5945361225533434,0.7104800941283886
68287,738362.34443745,0.5949239478126737,0.7063551384575446,0.6057302212727806,0.7131982036729188
68291,738362.3635530631,0.5949239478126737,0.7063551384575446,0.6057302212727806,0.7131982036729188
68292,738362.3666387713,0.5900740243250704,0.6991553570629501,0.6009106038912917,0.7062273061277367
68293,738362.3722767862,0.5900740243250704,0.7041799021582248,0.6009106038912917,0.7110794956289869
68294,738362.3745337614,0.5794361782633688,0.6951948596571064,0.5906089962419562,0.7023913007929963
68296,738362.3820299067,0.5794361782633688,0.7001145823856225,0.5906089962419562,0.7071472472575945
68297,738362.3835309054,0.5901122044625227,0.6978093155316516,0.6004672728448927,0.7048648991198523
68298,738362.3871586189,0.5901122044625227,0.7027539133537204,0.6004672728448927,0.7096430441635116
68302,738362.4169811207,0.5901122044625227,0.6978093155316516,0.6004672728448927,0.7048648991198523
68307,738362.4382721761,0.5902232212970868,0.6925553246685331,0.5923880401067374,0.6935949563255636
68309,738362.4453739666,0.5867000540948737,0.7001164882268386,0.597012010805874,0.7078793298189044
68310,738362.4483016285,0.5890554008552121,0.695308013776371,0.5990268715906921,0.703199256355769
68313,738362.4601332259,0.5890554008552121,0.695308013776371,0.5990268715906921,0.703199256355769
68314,738362.4623134925,0.5949239478126738,0.7014226792112384,0.604385958911086,0.7090522153522475
68320,738362.4910755517,0.6120491948861421,0.7002408939626363,0.5939850883474249,0.7078460580114712
68321,738362.5003673581,0.6081444799862887,0.7050950492594648,0.6167203662358022,0.7125279615059351
68323,738362.5238978424,0.6100014096961706,0.7023435269192297,0.6260321813755185,0.7098220114802454
68325,738362.5255176636,0.6167495600992925,0.7018682576755683,0.624538524860871,0.7093306025589033
68326,738362.5263508344,0.6167495600992925,0.7067622639814681,0.624538524860871,0.7140504984429951
68327,738362.5282182591,0.6180781183055283,0.7054420591601299,0.6256484789582045,0.7126814190801193
68331,738362.5558183731,0.6180781183055283,0.7018032686374583,0.6256484789582045,0.7092322762758212
68332,738362.5745390183,0.61584583366882,0.7005896899356416,0.6233892084735672,0.7080338576172878
68333,738362.5756016687,0.61584583366882,0.7054091195246318,0.6233892084735672,0.7126848831483951
68334,738362.5765763377,0.61584583366882,0.7054091195246318,0.6233892084735672,0.7126848831483951
68338,738362.6127307527,0.61584583366882,0.7054091195246318,0.6233892084735672,0.7126848831483951
68343,738362.6478701284,0.6219887272413884,0.7069576345640437,0.6290807612504306,0.7141323404563686
68345,738362.6645846944,0.6313478629848783,0.7083583133310254,0.6376812330882369,0.7153717782491115
68347,738362.677204234,0.6313478629848783,0.7090081456446555,0.6378308677309756,0.7166351425790733
68348,738362.6852715297,0.6313112326075795,0.7037260963988852,0.6376812330882369,0.7115200726512778
68349,738362.6934988766,0.6313112326075795,0.7085555983589636,0.6376812330882369,0.716167005005362
68350,738362.7274525453,0.6313112326075795,0.7085555983589636,0.6376812330882369,0.716167005005362
68351,738362.7279880197,0.6313112326075795,0.7085555983589636,0.6376812330882369,0.716167005005362
68352,738362.7295602662,0.6323518555184711,0.7047590467157064,0.6195356375224705,0.7057076294307748
68353,738362.7402626269,0.6234454913562392,0.7074126372984127,0.6366055759575617,0.7150399988049209
68357,738362.7545495561,0.6292434135437509,0.7074126372984127,0.6356063575672118,0.7150399988049209
68358,738362.7643820813,0.6257845560565588,0.704581843582498,0.632207609975126,0.7122284419641816
68359,738362.7726108294,0.6257845560565588,0.7057682325558652,0.632207609975126,0.7134337846572186
68360,738362.7730319587,0.6310454329678802,0.7071710212455734,0.6371068194179734,0.71473755059093
68362,738362.7919744203,0.6408176409134183,0.7101714995908429,0.646303083583761,0.7175675674374846
68364,738362.8206244569,0.6493704550241971,0.7079756617249745,0.6543440553584841,0.7154012169783048
68365,738362.8221032318,0.6493704550241971,0.7079756617249745,0.6543440553584841,0.7154012169783048
68366,738362.8280830848,0.6449376902162561,0.7061418844397729,0.6500487612236842,0.7136141321789624
68367,738362.8651636804,0.6449376902162561,0.7108727778886571,0.6500487612236842,0.7181688314868305
68368,738362.8725523879,0.6433992324492619,0.705279174395505,0.6485031927626719,0.7127548378867241
68369,738362.8785264853,0.6433992324492619,0.705279174395505,0.6485031927626719,0.7127548378867241
68372,738362.8992311024,0.6650757762683794,0.8367909092548204,0.7418073448658026,1.068733624370418
68373,738362.9089293783,0.6433992324492619,0.705279174395505,0.6485031927626719,0.7127548378867241
68374,738362.9181589035,0.6499500342516772,0.7119581670545109,0.6542669665741753,0.7191388380153196
68375,738362.9295795668,0.6499500342516772,0.7119581670545109,0.6546646874701152,0.7191388380153196
68376,738362.9487670982,0.660280968072624,0.7153004277050692,0.6644282755126244,0.7222989200829216
68377,738362.957545404,0.6632861178158755,0.7160780993727811,0.6672261015252894,0.7230099361268982
68378,738362.9812416508,0.6589579621101971,0.7095762950259304,0.6630450105393156,0.7167314812224885
68379,738362.9838563348,0.6589579621101971,0.7095762950259304,0.6630450105393156,0.7167314812224885
68381,738363.0022980184,0.6678292245969094,0.7171647495453553,0.6714389256402503,0.7239857404653446
68384,738363.0171781274,0.6678292245969094,0.7171647495453553,0.6714389256402503,0.7239857404653446
68385,738363.027131857,0.6678292245969094,0.7171647495453553,0.6714389256402503,0.7239857404653446
68386,738363.0280071353,0.6745925113112408,0.7169956069157455,0.6778286228144398,0.7260291138140399
68388,738363.0417783051,0.6787434170169785,0.7185844581646356,0.6817357553643791,0.7272027332750602
68389,738363.0547344658,0.6787410887019333,0.7136294303574559,0.6816917963164189,0.7224510570111
68390,738363.0621678272,0.6799709383100606,0.7138994677593183,0.6828235446680461,0.7226670277273988
68391,738363.0693776001,0.6799709383100606,0.7186340020461968,0.6828235446680461,0.7271729593445059
68393,738363.0931975407,0.6754808959153962,0.715794391726437,0.6828235446680461,0.7271729593445059
68394,738363.1336447183,0.6754808959153962,0.7104952007743072,0.6828235446680461,0.7226670277273988
68396,738363.1519930734,0.6822932434272397,0.7128008540667272,0.6892084851134598,0.7247694880115214
68398,738363.2049384159,0.6031867804211831,0.6879004465204622,0.6312419795105403,0.678585127973831
68399,738363.2099453157,0.6793433236475448,0.7120142841954467,0.6863060712756823,0.7240340014333712
68400,738363.2223845373,0.6875118888546461,0.7136214911734763,0.6930709866642568,0.7253807475516676
68401,738363.2258077576,0.6875118888546461,0.7148739601305787,0.6939945463550702,0.7266552608985305
68402,738363.232028927,0.6592705607639496,0.7028813662377994,0.6664365451200795,0.7152654051616054
68403,738363.2334488713,0.6592705607639496,0.6995124861189778,0.6669460531820979,0.7121585916212094
68404,738363.2386664164,0.6592705607639496,0.6995124861189778,0.6669460531820979,0.7121585916212094
68406,738363.2407166711,0.6656203480776272,0.7017563274656201,0.6729235118882327,0.7142097741609451
68407,738363.242409949,0.6727609725945287,0.7088338606781842,0.6789829695575562,0.7208462814963887
68408,738363.2447512139,0.6768928957344947,0.7102635491814541,0.6835246616616201,0.7221340355711041
68410,738363.247712744,0.6768928957344947,0.7102635491814541,0.6835246616616201,0.7221340355711041
68412,738363.2579613724,0.7244502045834544,0.7064950135319931,0.7388370351651681,0.7173354186868136
68413,738363.2593050828,0.7296361894853888,0.7097186178102854,0.7437242409107407,0.7234154272245015
68414,738363.2634509692,0.6766375691809582,0.7074271809167292,0.6831977672201089,0.7193723246510388
68415,738363.2659602911,0.6788606395970441,0.7037179104913799,0.6852443239574112,0.7157877468786783
68416,738363.2664219928,0.6788606395970441,0.7081422819589519,0.6852443239574112,0.7199922450053907
68417,738363.2732504572,0.7344567833692812,0.7056095640383822,0.7482605741755675,0.7163682642752688
68420,738363.3071252708,0.7344567833692812,0.7056095640383822,0.7482605741755675,0.7194409876311957
68424,738363.3312296919,0.7420106725985204,0.7098916829154892,0.7482605741755675,0.7163682642752688
68429,738363.3875358471,0.6733247781445767,0.7002147453228741,0.6798649943034687,0.7108943159592722
68431,738363.3895341812,0.6733247781445767,0.703493810781014,0.6810891321360961,0.7138925731598076
68432,738363.3920912297,0.7117400760246275,0.7069910170518051,0.7147724332028504,0.7174011236900129
68433,738363.3941565449,0.6841976871260368,0.7086011305658922,0.6901295749070183,0.7186274503971753
68436,738363.3977259628,0.6838618396999107,0.7042959311419384,0.6789387419019047,0.7172372636757443
68437,738363.3977268182,0.6894897873391415,0.7064037719924828,0.6950629125383171,0.7191467592097462
68438,738363.4001732555,0.6894897873391415,0.7031556227459183,0.6950629125383171,0.7161751905922908
68440,738363.4083697945,0.6894897873391415,0.7031556227459183,0.6950629125383171,0.7161751905922908
68442,738363.4198574099,0.6894897873391415,0.7031556227459183,0.6950629125383171,0.7161751905922908
68443,738363.4217071558,0.6921359830639383,0.7041235455991389,0.6975344845315963,0.7170231043503349
68444,738363.4246905317,0.6964630866718816,0.7101145346302059,0.7016193299943623,0.722600220143388
68448,738363.4543471396,0.6976947828723571,0.709130442648734,0.7027418801023494,0.7188482380832035
68451,738363.5921746258,0.6976947828723571,0.709130442648734,0.7027418801023494,0.7188482380832035
68452,738363.6100237478,0.6999498771304284,0.7143848175942641,0.704847473750596,0.7236782336357346
68454,738363.6280357662,0.7425247600929453,0.7192137916869136,0.7481775673902704,0.7246096211896358
68457,738363.6518767097,0.6705167688657125,0.7017947062639501,0.6765169714713709,0.7120519259492307
68458,738363.653598863,0.6705167688657125,0.7017947062639501,0.6765169714713709,0.7120519259492307
68461,738363.656501679,0.6705167688657125,0.7017947062639501,0.6765169714713709,0.7120519259492307
68463,738363.6586386185,0.6697846899314084,0.701333457907349,0.675746809720636,0.7115848766274276
68464,738363.6627643377,0.6697846899314084,0.701333457907349,0.675746809720636,0.7115848766274276
68465,738363.6640219757,0.6766843292960331,0.7041598214904635,0.6823279508424814,0.7141503862533816
68467,738363.6657293193,0.6834499627783295,0.7069328213060708,0.6887808978432206,0.7166669467593438
68468,738363.6682434195,0.6797522850566893,0.7010701067257248,0.6851646715318352,0.7111778634738309
68469,738363.6714268787,0.6797522850566893,0.7052353343732609,0.6851646715318352,0.715062501116248
68471,738363.6795002035,0.6817111812847494,0.7059685004558774,0.6869955111646352,0.7156997236321672
68472,738363.6815644584,0.6817111812847494,0.7059685004558774,0.6869955111646352,0.7156997236321672
68473,738363.68601671,0.7476461966942054,0.7124191803290983,0.7538962190196473,0.7233041139398416
68474,738363.6866666236,0.6856117266508643,0.7064931360538813,0.6906987865387647,0.7160690437488655
68475,738363.7035350644,0.6856117266508643,0.7064931360538813,0.6915966725141157,0.7160690437488655
68476,738363.704149294,0.674771591717449,0.7016945455919936,0.6801954391460517,0.7115964456435853
68477,738363.7078566578,0.674771591717449,0.7057972795810549,0.6801954391460517,0.7154264588753007
68478,738363.7102106516,0.6729403976644742,0.7007660268937509,0.6783731363687158,0.7106986214250467
68479,738363.7206898791,0.6729403976644742,0.7007660268937509,0.6783731363687158,0.7106986214250467
68480,738363.7212768726,0.6729403976644742,0.7048360951490338,0.6783731363687158,0.7145005505103871
68481,738363.7221366353,0.6511365026192749,0.6937611532000825,0.6499561088916967,0.704130076883766
68482,738363.7229007425,0.6511365026192749,0.6937611532000825,0.6494123093880401,0.704130076883766
68483,738363.7241349136,0.6511365026192749,0.6907620226030512,0.6572331835814869,0.7013886905698827
68485,738363.7367454704,0.6572006980439224,0.6933840834789328,0.6630450105393157,0.7037803289255475
68486,738363.7386108511,0.6572006980439224,0.697302791034451,0.6630450105393157,0.7074529496575741
68487,738363.739915434,0.6634584446846248,0.6960981915863038,0.6690447447806602,0.7062575523471659
68489,738363.7568517078,0.6678340122463797,0.7019141058017216,0.6732244167228824,0.711646471065432
68490,738363.7692019579,0.6694843254250837,0.6985812834075014,0.6747694672956708,0.7084826251156056
68491,738363.7858877861,0.6694843254250837,0.7025308321006801,0.6747694672956708,0.712180126827255
68492,738363.7861062231,0.6715208614854322,0.7033348305183309,0.6766899174150328,0.7128877897311349
68493,738363.7900075602,0.6715208614854322,0.6993894021620992,0.6766899174150328,0.7091942180451175
68494,738363.7903423114,0.6674406682858472,0.6973817453283848,0.6726912212456274,0.7072940193856913
68496,738363.7937552341,0.6674406682858472,0.7012795160791645,0.6726912212456274,0.7109466129500968
68497,738363.8205480356,0.6593798885028735,0.6972884376289831,0.6648306739270191,0.707207420791337
68498,738363.8254009371,0.6980995130973321,0.6981291068772966,0.6989154883374001,0.7082185712341549
68499,738363.8274301934,0.6650953632445618,0.6989440300847085,0.6703214178342459,0.7086328741476081
68502,738363.8372735855,0.6650953632445618,0.6960216200038867,0.6710816349228022,0.7059557296662305
68503,738363.8404098621,0.6714905109680671,0.6988977424005969,0.6764711556125418,0.708589892836627
68504,738363.8446246507,0.6758950973681499,0.7047316133722213,0.6806931303482202,0.7140032736338754
68505,738363.8464662114,0.6726912212456274,0.7021322459792316,0.6775453680619056,0.7114864727921728
68506,738363.8505097876,0.703961327271211,0.7039182515238035,0.7044094783788936,0.7134254991560963
68507,738363.8532844654,0.7101781513655442,0.7039182515238035,0.7136880992974979,0.7134254991560963
68508,738363.8536821521,0.7071957441802948,0.7039182515238035,0.7135512201069917,0.7161014735553132
68509,738363.8585746544,0.6726912212456274,0.7030775848221431,0.6775453680619056,0.7124339881759397
68510,738363.8591268366,0.6783888349081746,0.7047085601767384,0.6830240286021915,0.7138442625057962
68512,738363.8829477902,0.6822034663129335,0.7073855694113746,0.6866792085571526,0.7163620320053635
68513,738363.8907885117,0.686878404160427,0.7056147242662894,0.6911689097546908,0.7146519010359194
68514,738363.8971499847,0.686878404160427,0.7056147242662894,0.6911689097546908,0.7146519010359194
68515,738363.8992648954,0.6802128896749112,0.7023858534288754,0.684671920369356,0.7116187959446715
68516,738363.9098085396,0.6802128896749112,0.7071707893078195,0.684671920369356,0.7152102899476557
68519,738363.9468861315,0.6802128896749112,0.7071707893078195,0.684671920369356,0.7152102899476557
68520,738363.9489618225,0.6802128896749112,0.703310901867614,0.684671920369356,0.7116187959446715
68522,738363.9700299232,0.6861472982531276,0.7060546225771067,0.6911378452486462,0.7141214000911377
68524,738363.9925806621,0.7551509585067328,0.7137037407196767,0.757548327396078,0.7169956069157457
68526,738364.0217283902,0.6861472982531276,0.7094825219387855,0.6903866084603325,0.7172836874232389
68527,738364.0300235188,0.6893563204813521,0.7070630794429278,0.6934607424165592,0.7149938764011841
68528,738364.0455920149,0.6893563204813521,0.7109325594277954,0.6934607424165592,0.7185925063449059
68529,738364.048068149,0.6893563204813521,0.7070630794429278,0.6934607424165592,0.7149938764011841
68530,738364.0495290552,0.6880151603247737,0.7101955499232273,0.6921259320541983,0.7178848018141512
68531,738364.0512461918,0.6880151603247737,0.7101955499232273,0.6921259320541983,0.7178848018141512
68533,738364.0700340702,0.6900230093793032,0.7072380530479058,0.6940383250551367,0.7150982354184678
68534,738364.0749243515,1.3381622691696833,0.7271292695488232,0.8797862432662558,0.6672121928681242
68535,738364.0888058537,0.6900230093793032,0.711079263463189,0.6940383250551367,0.7186723632918577
68537,738364.1006783015,0.6784937360374036,0.7043957059237321,0.6739619136273022,0.7124137275127507
68538,738364.1018329234,0.6784937360374036,0.7015887451722057,0.6828174676493434,0.7098461459679718
68539,738364.103848009,0.6784937360374036,0.7053312615324346,0.6828174676493434,0.7133363931067664
68540,738364.1067242927,0.6784937360374036,0.7015887451722057,0.6828174676493434,0.7098461459679718
68541,738364.1281671094,0.6773187734294916,0.7046362082620627,0.6816406380058756,0.7126649697197717
68542,738364.1325828371,0.6773187734294916,0.7046362082620627,0.6816406380058756,0.7126649697197717
68543,738364.1337241727,0.677239974422938,0.7007840363519221,0.6815287225580501,0.709041989030923
68544,738364.1426473708,0.7551509585067328,0.7085284758393341,0.757548327396078,0.7158000434911942
68546,738364.1509605135,0.677239974422938,0.7007840363519221,0.6815287225580501,0.709041989030923
68547,738364.1515414687,0.6818979198639263,0.7029897452235037,0.6860193089936715,0.7110551877119996
68548,738364.1517199874,0.6818979198639263,0.7067085390747039,0.6854395232058896,0.7145243786908914
68549,738364.1534549873,0.6869030951415609,0.7091085250898072,0.690847674190716,0.7167158629817157
68550,738364.1809809791,0.6915335216514471,0.7113253957023802,0.6953126393876712,0.7187383272889306
68551,738364.2164340855,0.6876564152134551,0.7055962337989466,0.6915170411448467,0.7133843653058219
68552,738364.2247888736,0.6876564152134551,0.7110094316329647,0.6915170411448467,0.7168478203054768
68553,738364.2256803536,0.6876564152134551,0.7110094316329647,0.6915170411448467,0.7168478203054768
68554,738364.2344727671,0.6905147527675798,0.7123639696829775,0.6942636903161763,0.7180695719912042
68555,738364.2641514956,0.6957689374160623,0.7111541487969677,0.6993382619588001,0.7169195480095947
68556,738364.2659470451,0.69912183178244,0.7127609262005257,0.7025669816752456,0.7183743996802588
68558,738364.307108844,0.69912183178244,0.7127609262005257,0.7025669816752456,0.7183743996802588
68559,738364.3099861229,0.69912183178244,0.7165488322697304,0.7025669816752456,0.7218675175133129
68560,738364.3568134137,0.69912183178244,0.7127609262005257,0.7025669816752456,0.7183743996802588
68569,738364.3992268429,0.6897038658912241,0.7059946283964255,0.6933891179686288,0.7139692346977359
68573,738364.4320716425,0.6897038658912241,0.7096848220432549,0.6933891179686288,0.7173923430846603
68575,738364.4413404661,0.6897038658912241,0.7059946283964255,0.6933891179686288,0.7139692346977359
68577,738364.44707242,0.6878089437799348,0.70863271008689,0.6915183547796048,0.7163975638220407
68580,738364.4606865982,0.6878089437799348,0.7088415970029933,0.6915183547796048,0.7163975638220407
68582,738364.4763480414,0.6878089437799348,0.7088415970029933,0.6915183547796048,0.7163975638220407
68586,738364.5233960953,0.6878089437799348,0.7095869119263836,0.6915183547796048,0.7163975638220407
68589,738364.5564729932,0.6878089437799348,0.7095869119263836,0.6915183547796048,0.7163975638220407
68590,738364.5618804314,0.6911562064356115,0.7112433944704064,0.6947458033814349,0.7178827552547379
68592,738364.6208797545,0.6887630706358432,0.7089645264806977,0.6851793586675289,0.7157367159858058
68594,738364.6433809025,0.6887630706358432,0.7094882730726767,0.6923909646048273,0.713270642308005
68596,738364.7168294635,0.6923149312988688,0.7068540298367203,0.6958195473171018,0.7182459227066207
68598,738364.7376112506,0.6939811799137106,0.7091216803331781,0.697414683420029,0.7189498998959553
68599,738364.7435956794,0.6949554080643623,0.7163854777745594,0.6983373711355105,0.7183999756157036
68601,738364.7467873469,0.6949554080643623,0.7174626344796994,0.6983373711355105,0.7193283344153235
68603,738364.7726749083,0.6949554080643623,0.7136633426259273,0.6977024272718131,0.7193283344153235
68604,738364.7777880877,0.6936611756110544,0.7111622122445722,0.6970532507867965,0.7177032558949441
68605,738364.7813795457,0.6982058857232842,0.7157431652844658,0.7014516963113178,0.7173464263013603
68607,738364.798198083,0.6982058857232842,0.7110105320657524,0.7014516963113178,0.7173464263013603
68608,738364.7995280322,0.700977463617157,0.7105376599374829,0.7041253904627128,0.7185943663944377
68612,738364.8813194995,0.700977463617157,0.7245466188889272,0.7035331106199276,0.7219729238800857
68613,738364.8825809498,0.8027624434440884,0.7282851423631999,0.7605156825955558,0.7244298470799009
68614,738364.8944615659,0.7038976229155315,0.7235162572470166,0.7069443771456765,0.7178618289559514
68615,738364.9151303234,0.7038976229155315,0.7224168309905029,0.7069443771456765,0.7212197319179378
68616,738364.9292727546,0.6940424636259481,0.7158189462693624,0.6980450160100831,0.7112929684373124
68617,738364.9379078058,0.7016314153389801,0.7141374239724598,0.704717362932942,0.7167437211584349
68618,738364.9465546936,0.7016314153389801,0.7184617049395663,0.704717362932942,0.7200762314249132
68619,738364.9530077137,0.7210306697294213,0.7198767603304473,0.7141863279278464,0.7213244971588293
68620,738364.9579764341,0.7025277048722162,0.7189481533585432,0.7055681766889912,0.7204445676175885
68621,738364.9619706395,0.7025277048722162,0.7127674978305587,0.7055681766889912,0.7171184088102739
68623,738364.9668358582,0.7069555332539174,0.7197734633351354,0.7098570419304003,0.7225126449057555
68624,738365.0008734077,0.7069555332539174,0.7172415234051521,0.7098570419304003,0.7225126449057555
68625,738365.0028810046,0.7097971919969093,0.7189888314982675,0.712602691818168,0.7238241365054194
68628,738365.0231532645,0.7114618560283317,0.7108288080758394,0.7173480774726801,0.7218453936500191
68629,738365.0244060438,1.091192165586059,1.2680130858489103,0.813285546635303,0.8985403073860381
68630,738365.0250828578,0.7114618560283317,0.7151745330088524,0.7173480774726801,0.725220325250401
68631,738365.02645712,0.7166258854241503,0.7202124516446649,0.723411230551908,0.7304720731359328
68632,738365.0401921143,0.7119581670545112,0.709579975515443,0.7178012068388407,0.7254149587834533
68633,738365.0420728237,0.7100858782548024,0.708412507471201,0.7158969668948262,0.7244575420066275
68634,738365.0440190902,0.7100858782548024,0.708412507471201,0.7158969668948262,0.7244575420066275
68638,738365.0672210505,0.7100858782548024,0.7067572575454337,0.7158969668948262,0.7244575420066275
68640,738365.0871798913,0.7100858782548024,0.7051461579177183,0.7158969668948262,0.7244575420066275
68641,738365.0924842899,0.7038650016214774,0.6970919951003899,0.7096630595795688,0.7180547498077244
68644,738365.1153023357,0.7038650016214774,0.7012289804681137,0.7096630595795688,0.7213489196243554
68647,738365.1345519772,0.7021933527650704,0.6960732005368788,0.707958842622329,0.7171878206326818
68649,738365.1955776641,0.7036621280421127,0.6980940900158485,0.7093825674587207,0.7178613186482548
68656,738365.2664973646,0.7036621280421127,0.7036302634730104,0.7093825674587207,0.721131599688401
68658,738365.2762133951,0.7030978947112116,0.7032600588905399,0.7087822030844062,0.7207916796009494
68660,738365.2885617097,0.7030978947112116,0.7032600588905399,0.7087822030844062,0.7207916796009494
68661,738365.307762474,0.7027726144946566,0.7030452437458209,0.7084202956399592,0.7205699496360951
68662,738365.3281261973,0.7027726144946566,0.7030452437458209,0.7084202956399592,0.7205699496360951
68664,738365.3480571662,0.7027726144946566,0.7030452437458209,0.7084202956399592,0.7205699496360951
68667,738365.3869749889,0.7027726144946566,0.7030452437458209,0.7084202956399592,0.7205699496360951
68669,738365.3949327682,0.7027726144946566,0.7030452437458209,0.7084202956399592,0.7205699496360951
68673,738365.4336534698,0.7009302188429867,0.7001236542826658,0.7065478031605937,0.7195822262754995
68674,738365.4377804284,0.7408008220098112,0.7096539134352159,0.7299066922743728,0.7088868773050628
68676,738365.4644213947,0.7009302188429867,0.699572296880238,0.7065478031605937,0.7204374646629865
68679,738365.5503678609,0.6993520875883025,0.6997225809397184,0.7110614943000343,0.7165744482641948
68682,738365.56673665,0.6945748191223774,0.6918944872069083,0.700179723194916,0.71255529085138
68683,738365.5761167213,0.6974206824140277,0.6908672117380632,0.7029782448297327,0.7139336543511913
68684,738365.5768248424,0.6981820069878422,0.6985720505306809,0.7146047070074825,0.7199766422794814
68685,738365.5938892999,0.7015171227342644,0.6962636984420869,0.7070228410356477,0.7191291848210779
68687,738365.6029912086,0.6958535525311292,0.6884859210868051,0.7013451260549407,0.7130308945883906
68688,738365.6411214963,0.6958535525311292,0.6884859210868051,0.7013451260549407,0.7130308945883906
68689,738365.6675029377,0.6937899399699251,0.6893076920727402,0.6992537550898423,0.7150370253812719
68690,738365.7117268892,0.6937899399699251,0.6893076920727402,0.6992537550898423,0.7150370253812719
68691,738365.7260769134,0.6972824186348047,0.6916881811848832,0.7026987008777652,0.7167769602922411
68692,738365.7294889047,0.6974463575963278,0.6918234904704432,0.7028277111716746,0.7167989061360565
68693,738365.7315326927,0.6974463575963278,0.687871774046137,0.7028277111716746,0.7136819479040659
68694,738365.7450566641,0.6974463575963278,0.6928111308684611,0.7028277111716746,0.7167989061360565
68695,738365.7468470422,0.7012674448093236,0.6954348715578313,0.7066007433854006,0.7187172635771804
68696,738365.7859102401,0.7047917845184242,0.6978584951296175,0.7100783140694987,0.7204843911506067
68697,738365.7956370482,0.7047917845184242,0.6978584951296175,0.7100783140694987,0.7204843911506067
68699,738365.8279094308,0.7047917845184242,0.6937220983184729,0.7100783140694987,0.7173434634709466
68700,738365.9022430151,0.6953221908446698,0.6957578004546318,0.7152703086797578,0.7205050397900304
68701,738365.9078509379,0.6970467069557015,0.6974520508810623,0.7187618887940207,0.7217014850787172
68703,738365.9319609238,0.6947268122270777,0.7000752704003917,0.7001890626603448,0.7202866784191393
68704,738365.9461621646,0.7078498844545813,0.6940225844790276,0.7130272803296955,0.7187955258308824
68705,738365.952398691,0.71059192069818,0.6999819563333662,0.7157270227131098,0.7233032391109978
68708,738366.0189933004,0.7010277525520602,0.7028407742594139,0.71942891164329,0.7255303940784054
68709,738366.0221503278,0.7133931326235016,0.7019517276018828,0.7184859876015528,0.7247160947759129
68710,738366.0232678296,0.7142428302460218,0.702584391901752,0.7193015816507294,0.7251216445606148
68711,738366.0262975531,0.7142428302460218,0.702584391901752,0.7193015816507294,0.7251216445606148
68712,738366.0969767604,0.6082555768953106,1.628604307137194,0.8863152691903096,0.6104540910286672
68713,738366.0998487801,0.7142428302460218,0.7033482061940923,0.7193015816507294,0.7251216445606148
68714,738366.123648967,0.7142428302460218,0.7033482061940923,0.7193015816507294,0.7251216445606148
68717,738366.1723823444,0.7144425674380513,0.6994493852028947,0.7194701997805572,0.722063007219518
68721,738366.2451564851,0.7178421188483501,0.7059462762624104,0.7228261516806141,0.7269268731591475
68727,738366.3007390667,0.7178421188483501,0.7032246272231261,0.7228261516806141,0.7237874704734805
68735,738366.4236660259,0.7178421188483501,0.7069479411134821,0.7221250188140924,0.7269268731591475
68736,738366.4308494619,0.7207311783547953,0.7090270502395508,0.7250254457234799,0.7283996969115506
68737,738366.4310410711,0.7207311783547953,0.7048550925289901,0.7256738934888225,0.7252526644809121
68739,738366.4379281014,0.7243271414647703,0.707409392695039,0.7292258091659077,0.7270824617367674
68740,738366.4538331915,0.7214761372422054,0.7055052240358199,0.7263579432843185,0.7256090181263123
68743,738366.4662889695,0.7214761372422054,0.7055052240358199,0.7263579432843185,0.7256090181263123
68744,738366.4703264065,0.7204338595194458,0.7048474737505959,0.725291489229294,0.7250579688849033
68745,738366.4782854577,0.7204338595194458,0.7048474737505959,0.725291489229294,0.7250579688849033
68750,738366.5207291072,0.7220647195474579,0.715784527680028,0.7268876476641574,0.7290052549338785
68755,738366.6503587668,0.7220647195474579,0.7120102755348635,0.7268876476641574,0.7290052549338785
68758,738366.7091446611,0.7220647195474579,0.708727914119467,0.7268876476641574,0.7258887902501429
68759,738366.723410805,0.7111448104280209,0.7038554954133233,0.7159824242399345,0.7223550612320804
68760,738366.7257996696,0.7111448104280209,0.7006767786396455,0.7159824242399345,0.7201695447856118
68762,738366.7599683176,0.7111448104280209,0.7049106155064062,0.7159824242399345,0.7232106344701903
68766,738366.7859646052,0.7073333211190225,0.7014806778767526,0.7083498276527421,0.7202974575589143
68765,738366.7859693231,0.6975108528355748,0.70616988927358,0.6983547287509724,0.719873170964877
68767,738366.7880237413,0.7018835374469772,0.7057088425558826,0.7183414679803358,0.7234663391072456
68768,738366.7891125447,0.7102851757793573,0.700575411730941,0.7150709143895401,0.7196599321502474
68769,738366.8019351272,0.6919774471751974,0.6863195084968527,0.690324942693322,0.7110641360309216
68770,738366.8045997231,0.6904209150896536,0.683234921187468,0.6957467174761841,0.7089323620366033
68771,738366.8075437613,0.6908516704173203,0.6822017107035653,0.6956484318629268,0.7091119803737709
68772,738366.8192373067,0.6942749575223589,0.6848630391661876,0.6990343087059404,0.7109298211223185
68773,738366.8247525061,0.6942749575223589,0.6848630391661876,0.6990343087059404,0.7109298211223185
68774,738366.8273182324,0.6942749575223589,0.6848630391661876,0.6990343087059404,0.7109298211223185
68775,738366.8282031213,0.6923197006876125,0.6834044903922496,0.6970586257381269,0.7098083700585163
68776,738366.8462801886,0.6923197006876125,0.6834044903922496,0.6970586257381269,0.7098083700585163
68778,738366.8735970291,0.696146791982467,0.6894523177408537,0.7008476299555935,0.7139714690031409
68779,738366.880271717,0.696146791982467,0.6863806126299392,0.7008476299555935,0.7118558006753515
68780,738366.8933166055,0.7944411254327778,0.6883957124751074,0.721153198732337,0.6817081364523431
68781,738366.8937363398,0.6932689494730874,0.6912813590752682,0.6979528426125852,0.7123315776222694
68782,738366.9092237714,0.6967497006247879,0.6971018971159739,0.7013972146949736,0.7163022725642343
68783,738366.9140372295,0.6982473118939208,0.6971018971159739,0.6971257052408755,0.7163022725642343
68784,738366.9283850028,0.6967497006247879,0.6980552828617653,0.7013972146949736,0.7170841018273906
68785,738366.9327864468,0.6944107882021959,0.6952580972906516,0.6995551489993727,0.7129066767693858
68786,738366.957491715,0.7014641675930723,0.7018037717821115,0.7060464437899208,0.7195953009219668
68787,738366.9633815504,0.7023218902284966,0.6984356010089728,0.7068767352764217,0.7171268313277892
68789,738366.9729703544,0.7023218902284966,0.7024859976167717,0.7068767352764217,0.7200199962753384
68791,738366.9786220707,0.7023218902284966,0.6984356010089728,0.7068767352764217,0.7171268313277892
68792,738366.9824639078,0.7052710599728018,0.7007660268937511,0.7097919029628039,0.7187101056675747
68793,738366.9905525632,0.7051219765538131,0.7037109787441509,0.7096192364460501,0.7206758847770486
68796,738367.0514183166,0.7051219765538131,0.697491312322798,0.7096192364460501,0.7206758847770486
68797,738367.0553815998,0.6989677951278774,0.6926403294645896,0.7034607976267507,0.7172022408160664
68799,738367.0640496816,0.6989677951278774,0.6926403294645896,0.7034607976267507,0.7172022408160664
68802,738367.075336099,0.6990356386798916,0.6936166296628562,0.7035047582352735,0.717960451902983
68803,738367.1207866793,0.6990356386798916,0.6935869750738871,0.7035047582352735,0.717960451902983
68804,738367.1294495619,0.7015526246129452,0.695645454681718,0.7055457492199292,0.7193283344153236
68805,738367.1315421952,0.7050837525559073,0.6985240587637596,0.7094873455842864,0.721270064040686
68806,738367.1367367532,0.7049396281424416,0.6974942262550511,0.7093208409600171,0.7203505360739766
68807,738367.1463311369,0.7049396281424416,0.6984356010089728,0.7093208409600171,0.7211419231378164
68808,738367.1807437756,0.7062895182570248,0.6995548861628599,0.710643819511069,0.7218585123871819
68809,738367.1856694783,0.708827357355836,0.7016356584186755,0.7131511264497097,0.7232485173670654
68812,738367.2315735712,0.708827357355836,0.7016356584186755,0.7131511264497097,0.7232485173670654
68813,738367.2374797198,0.7118378632074251,0.7000921976036026,0.7161296805469206,0.7220425603555661
68817,738367.3296787778,0.7118378632074251,0.7040993670042371,0.7161296805469206,0.7249070976223155
68818,738367.3343027644,0.7126771351605999,0.700808825567309,0.7169443673240276,0.7224824791624993
68819,738367.3479454364,0.7157897616299811,0.7073588908739653,0.7200250095704999,0.7270645355496519
68821,738367.3577278843,0.7195022532582677,0.7073588908739653,0.7247809430308729,0.7270645355496519
68822,738367.364430419,0.7106571387568785,0.7032391256835892,0.7148880360547355,0.7241258556119243
68829,738367.4564570913,0.7106571387568785,0.7032391256835892,0.7148880360547355,0.7241258556119243
68834,738367.5077131917,0.7016752951190849,0.695078829450682,0.705912913331341,0.7181854900955781
68835,738367.5124463835,0.7016752951190849,0.695966080024656,0.705912913331341,0.7189448707620206
68836,738367.5161360445,0.702353530262065,0.692732610620714,0.7065680198490406,0.7165207568897388
68837,738367.5202465638,0.7043374665962565,0.6972815269408007,0.7085251131267389,0.7196181491496588
68838,738367.5283266985,0.705000733827763,0.6978455948922848,0.7091657272733801,0.7199555230391796
68847,738367.648788059,0.5058338391552017,0.7193283344153238,0.7962065501559615,1.0258924769368152
68848,738367.6555698122,0.705000733827763,0.7016637478309274,0.7091657272733801,0.7207221273492458
68854,738367.7622617352,0.705000733827763,0.7055108754822631,0.7091657272733801,0.7207221273492458
68856,738367.8211459366,0.7039034369289646,0.7011907637514182,0.7048346590409663,0.7192836989868376
68857,738367.831191922,0.7039034369289646,0.7011907637514182,0.7080512867040452,0.7192836989868376
68860,738367.8889093713,0.7039034369289646,0.700281896122939,0.7080512867040452,0.7200430883247187
68862,738367.8958809362,0.7054635498628479,0.6976618183184768,0.7095864789980161,0.7181493865841819
68863,738367.9550191568,0.7043173090727669,0.6967291153528105,0.7084236229627512,0.7174554199155889
68864,738367.9688145895,0.7043173090727669,0.6977568093755017,0.7084236229627512,0.7174554199155889
68866,738368.009388816,0.5567877973118612,0.8167042248180618,0.9143041724278986,0.7761360303767224
68868,738368.0266443945,0.7054145375973901,0.7026058404684798,0.7094977398356611,0.7207882079123105
68869,738368.0316665741,0.7054145375973901,0.7026058404684798,0.7094977398356611,0.7207882079123105
68870,738368.0586024661,0.6991611696785703,0.6962578110740086,0.7028501942022417,0.7163580508007574
68871,738368.0702207164,0.6991611696785703,0.697173326369726,0.7032427885471421,0.7170872732338458
68872,738368.0809235306,0.6835902802370398,0.6835634102252062,0.6876929663676886,0.7077873334105761
68873,738368.0818045489,0.6835902802370398,0.6835634102252062,0.6876929663676886,0.7077873334105761
68874,738368.084018307,0.6835902802370398,0.6835634102252062,0.6876929663676886,0.7077873334105761
68875,738368.0892285196,0.6807841754154523,0.6774732037292648,0.684873958756249,0.7034640218932754
68876,738368.1008030054,0.6792452796361569,0.6761538738510663,0.6833192085756967,0.7024797994358754
68877,738368.1019641969,0.6792452796361569,0.6797454076875833,0.6833192085756967,0.7050296629631666
68878,738368.1022146291,0.6821889535468836,0.682332245430431,0.6862368297135952,0.7067398531910163
68879,738368.1141914754,0.6854374723732974,0.6851871920640312,0.6898680160874099,0.7086345981057375
68881,738368.1294730905,0.6854374723732974,0.6851871920640312,0.6891019454553441,0.7086345981057375
68885,738368.1515850928,0.6881712397300948,0.6875901336137413,0.6921668910985852,0.7102194876530434
68886,738368.1554528243,0.6900247996821769,0.6865527723101587,0.6939972485840229,0.7112759177438043
68888,738368.170176645,0.6900247996821769,0.6865527723101587,0.6939972485840229,0.7112759177438043
68889,738368.194861748,0.6858462041716176,0.682167204740527,0.6895069336166986,0.7080380635838274
68893,738368.2450359983,0.6858462041716176,0.6829062028628131,0.6898104419045941,0.7086915970978913
68896,738368.2551232146,0.6877822157424804,0.6846160175315614,0.691723511762321,0.7098033299871546
68899,738368.2859067898,0.688395157342793,0.6851665174213982,0.69200250611078,0.710115227755004
68900,738368.2939705449,0.6799560070202427,0.6777638579928448,0.6838793645316398,0.7049030545157852
68901,738368.2972783896,0.6799560070202427,0.6777638579928448,0.6838793645316398,0.7049030545157852
68904,738368.3404866627,0.6828431089427256,0.6803135669141618,0.6867421329466132,0.7048127402230862
68916,738368.4803917669,0.7932319304168981,0.6820072936367694,0.750787917633326,0.7056565746920752
68922,738368.6280225145,0.5457919880292212,0.6744946566684076,0.879583760816713,0.6725087917440781
68927,738368.6810902028,0.878221065818709,0.6877456748727507,0.750787917633326,0.7030548786271055
68928,738368.7263197358,0.6828431089427256,0.6832095855684555,0.6867421329466132,0.7020460077315481
68929,738368.7403113317,0.68135605370594,0.6784148431236493,0.6852407603590753,0.6986555553030943
68935,738368.8244559747,0.68135605370594,0.6791436342519988,0.6852407603590753,0.7010949908069352
68941,738368.9674553762,0.6804699524158923,0.678371427297389,0.6843391002291207,0.7005043938793154
68942,738368.9996173594,0.6804699524158923,0.678371427297389,0.6840244968803855,0.7005043938793154
68943,738369.0149316125,0.6660588514963128,0.6645177166338009,0.6699398384844597,0.6916089325477823
68944,738369.0164621818,0.6660588514963128,0.6645177166338009,0.6699398384844597,0.6916089325477823
68945,738369.0187885582,0.6660588514963128,0.6645177166338009,0.6699398384844597,0.6916089325477823
68946,738369.0204626689,0.6676826522335313,0.6659645645640455,0.6715432508297138,0.6925459390839258
68949,738369.0323849192,0.6676826522335313,0.6659645645640455,0.6715432508297138,0.6925459390839258
68951,738369.0484472023,0.6676826522335313,0.6659645645640455,0.6715432508297138,0.6925459390839258
68952,738369.056885514,0.6704116673433833,0.6683921477210845,0.6742498654264952,0.6941680344315149
68953,738369.0596651906,0.6596729093804057,0.6588571469188044,0.6635135778169212,0.6874158975990765
68954,738369.0642243584,0.6596729093804057,0.6588571469188044,0.6635135778169212,0.6874158975990765
68955,738369.0668641183,0.6596729093804057,0.6588571469188044,0.663311507730047,0.6874158975990765
68956,738369.0718634457,0.6597546312080999,0.658933165389966,0.663578219232954,0.6873929017388815
68957,738369.0791526939,0.6597546312080999,0.658933165389966,0.663578219232954,0.6873929017388815
68958,738369.0849357521,0.6597546312080999,0.658933165389966,0.663578219232954,0.6873929017388815
68959,738369.0981372696,0.6619271170092725,0.6577472923703177,0.6657302119006938,0.6864026129761566
68960,738369.1082767309,0.6644079214991114,0.6630848665750537,0.6681900517609733,0.6901688441886334
68961,738369.1196300237,0.6610089577699695,0.6569720934067982,0.6647805004284086,0.6857005800810652
68962,738369.1594985004,0.6610089577699695,0.6577472923703176,0.6646195237569552,0.6879634563407202
68964,738369.1703955431,0.6610089577699695,0.6577472923703176,0.6647805004284086,0.6879634563407202
68965,738369.2007140826,0.662051899586238,0.65561615383437,0.6658053247971614,0.686287353587138
68966,738369.2086566298,0.6627810419862512,0.6593487567740034,0.6665170220225114,0.6889399922288567
68967,738369.2252805379,0.6627810419862512,0.6593487567740034,0.6665170220225114,0.6889399922288567
68968,738369.2284847068,0.6627810419862512,0.6593487567740034,0.6665170220225114,0.6889399922288567
68969,738369.2345911314,0.6627810419862512,0.6593487567740034,0.6665170220225114,0.6889399922288567
68975,738369.3446849635,0.6644282755126245,0.6608270091719106,0.6681453567742335,0.689910799725656
68980,738369.3819638016,0.6586671883477442,0.6527143899085605,0.6623780065372804,0.6839690150570885
68986,738369.4292891433,0.6636945452283236,0.655711471974713,0.6671965317129738,0.6861932523388565
68992,738369.5076332144,0.6611604984218077,0.6549304871808218,0.664851438305445,0.6854743170903163
68993,738369.5277575377,0.6727453248071026,0.5369025188364377,0.6993469917926758,0.5011090175806752
68997,738369.5701539505,0.6637812460180336,0.6602921776202881,0.6674521250961071,0.6893013391190547
68999,738369.6405031466,0.6644479378077096,0.6578697632900785,0.6681021698207869,0.6874195431969478
69002,738369.7662864035,0.6672753758409339,0.6639188178805642,0.6709093217948238,0.68913809205494
69003,738369.7667069167,0.6672753758409339,0.6639188178805642,0.6709093217948238,0.6913865826685531
69004,738369.7690859636,0.6672753758409339,0.6639188178805642,0.6709093217948238,0.6913865826685531
69005,738369.7713935038,0.6661130741073692,0.6628904996134691,0.6697338280330297,0.6905864352573714
69006,738369.7888231024,0.6661130741073692,0.6628904996134691,0.6697338280330297,0.6905864352573714
69007,738369.8033376299,0.6647507022507809,0.6616814317029036,0.6683586854322073,0.6887565245924616
69008,738369.8232130862,0.6607026172812044,0.658059709708193,0.6643022856999364,0.6839149552851018
69009,738369.8324388692,0.6607026172812044,0.658059709708193,0.6643022856999364,0.6861054064493718
69011,738369.8690427585,0.6607026172812044,0.658059709708193,0.6643022856999364,0.6861054064493718
69014,738369.8865127056,0.6607026172812044,0.658059709708193,0.6643022856999364,0.6861054064493718
69019,738369.9938369053,0.6627077546845145,0.665315053806409,0.666289280273314,0.6873259354657965
69020,738370.0078775616,0.6359961032055986,0.5523618211806064,0.987032913416481,0.8460282114998411
69021,738370.0084542844,0.6627077546845145,0.665315053806409,0.666289280273314,0.6873259354657965
69024,738370.0506554804,0.6627077546845145,0.665315053806409,0.666289280273314,0.6873259354657965
69025,738370.0887975798,0.6653844255478938,0.6677576890302391,0.6689467431626377,0.6889773450440339
69030,738370.123564295,0.6671698382567571,0.6695500071388605,0.670714498652904,0.690059496923445
69035,738370.166980844,0.667933918370191,0.6702465651642987,0.67128120794808,0.6904901302189856
69037,738370.1862718179,0.667933918370191,0.6702465651642987,0.6714627776267986,0.6882825985538858
69039,738370.2633585135,0.668609083124446,0.6708613948099013,0.6721224124693184,0.6886597303401736
69051,738370.4374400419,0.668609083124446,0.6706762103983783,0.6721224124693184,0.690865171524813
69052,738370.4506460382,0.6650549913513139,0.6699210044957433,0.6683931392169461,0.6880510745404891
69053,738370.4696367831,0.6650549913513139,0.6673733806254476,0.6683931392169461,0.6885259320634416
69056,738370.5168424076,0.6683438550976958,0.6695836496646599,0.6860864709891783,0.6902962663778359
69061,738370.6278789,0.6650549913513139,0.6673733806254476,0.6685600962880599,0.6885259320634416
69062,738370.6506649371,0.6651088996339409,0.667414680949512,0.6685997650173716,0.6863272339667482
69063,738370.6588130349,0.6651088996339409,0.667414680949512,0.6685997650173716,0.6885012717486335
69064,738370.6710961969,0.667314071726925,0.6694519794666483,0.6707872264661618,0.6898637696343929
69069,738370.8148085345,0.6685185991683102,0.675944718915567,0.6719758042024176,0.6884015333338708
69070,738370.83267562,0.6685185991683102,0.675944718915567,0.6719758042024176,0.6905831704346208
69071,738370.8385878382,0.6685185991683102,0.675944718915567,0.6719758042024176,0.6905831704346208
69078,738370.9307945401,0.6628621183885601,0.6705614489264994,0.6663148215501945,0.6834058763430588
69077,738370.9308086768,0.6720469354999224,0.6705614489264994,0.6894941586642841,0.6857368893731641
69080,738371.0428289456,0.6628621183885601,0.6705614489264994,0.6663148215501945,0.6855437725630311
69081,738371.0462257259,0.6623977821720027,0.6700926345155608,0.6658374980094698,0.6830557943030692
69082,738371.0587916604,0.6623977821720027,0.6700926345155608,0.6658374980094698,0.6851854428434545
69089,738371.262818254,0.6717002009144578,0.6788994332670101,0.6659671480525595,0.6846348825105785
69092,738371.302768215,0.6729491786030305,0.680080675756165,0.6680244473719942,0.6837982638926987
69103,738371.4383559775,0.6729491786030305,0.680601314488638,0.6680244473719942,0.6859291790356913
69104,738371.449747322,0.6725977352854704,0.6802384854036314,0.6677039659313703,0.6856758275796895
69105,738371.4515863771,0.6725977352854704,0.6802384854036314,0.6677039659313703,0.6856758275796895
69110,738371.5340750144,0.672125587665783,0.6797609136870812,0.6672665860533014,0.6832299832536123
69112,738371.5523912867,0.672125587665783,0.6823086644584098,0.6672665860533014,0.6848982639499883
69116,738371.6754368534,0.672125587665783,0.6797609136870812,0.6672665860533014,0.6853456916489825
69130,738372.0549647184,0.672125587665783,0.6783487146206871,0.6672665860533014,0.6853456916489825
69132,738372.1704962928,0.6744199847871514,0.6805148285873018,0.6695027266433973,0.6867620955325681
69140,738372.3177712333,0.6742301717708329,0.680311009224169,0.6693381184941519,0.6844956579147061
69141,738372.3537668369,0.9680322798248773,0.6788601291835697,0.7390633705346054,0.6850434325702526
69150,738372.4040833549,0.9680322798248773,0.6788601291835697,0.7390633705346054,0.6850434325702526
69153,738372.454410275,0.6758931515735686,0.6765715222528402,0.6709642004566253,0.6840954432987308
69162,738372.7086040283,0.758120043222634,0.6454482745908201,0.7832966607473479,0.8766814075686759
69164,738372.7224927042,0.6758931515735686,0.6765715222528402,0.6709642004566253,0.6840954432987308
69165,738372.7921128115,0.6758931515735686,0.6765715222528402,0.6709642004566253,0.6840954432987308
69168,738372.911611074,0.6758931515735686,0.6741701807880637,0.6689400583582646,0.6828221373488271
69171,738372.9793961815,0.6772210962248428,0.6748634545114516,0.670247315811987,0.6836328346136542
69173,738373.018035662,0.6775964172482741,0.6764634645073675,0.6704681766463494,0.683418247243063
69174,738373.0212203095,0.6775964172482741,0.6752229259045944,0.6706357814267466,0.6838513942914771
69179,738373.1008899213,0.6722416710290713,0.6803438292788372,0.6655461823343479,0.6872734370112266
69191,738373.334520284,0.6717504576201375,0.6709982725062882,0.6648783325022134,0.6797652760224807
69195,738373.4003644439,0.8978884827161896,0.6728436119127672,0.7305085282673428,0.6845793310537094
69201,738373.4630723033,0.6717504576201375,0.6697624136966903,0.665021357443904,0.6801755027017929
69203,738373.5140056052,0.9400313461109348,1.291582102314503,0.763259194909054,0.577409567582671
69218,738373.9910781361,0.9057236327492214,0.6663986707994883,0.7433488044709539,0.6781277576337
69219,738373.999344694,0.9057236327492214,0.6663986707994883,0.7433488044709539,0.6783297327431292
69220,738374.0125014376,2.368878992199556,1.8719589737209128,2.2014927654081897,1.0033205852550373
69222,738374.0727557115,0.6735062021013246,0.661610009532752,0.6672157093417689,0.6778840068083964
69223,738374.0739846156,0.6759042577208516,0.6638647806995869,0.6690811345848416,0.6797680774569643
69232,738374.3902060532,0.6778546811191766,0.6657068700706779,0.6709890257950194,0.6809747779407475
69234,738374.4171751934,0.6778546811191766,0.6657068700706779,0.6709890257950194,0.6809747779407475
69235,738374.4216274208,0.935403499483927,1.2680130858489103,0.6857281293209239,0.5895400206831473
69236,738374.428650237,0.8408890879675718,0.6708493194013978,0.738564056096301,0.6824627572765382
69238,738374.6925067297,0.6775345615020364,0.6664987568135488,0.6707055979230432,0.6787598088069794
69242,738374.8004970662,0.6775345615020364,0.6664987568135488,0.6707055979230432,0.6807928879287883
69252,738375.0904247236,0.6776189412704985,0.6666163346918633,0.6708123722559772,0.6788092067172452
69264,738375.3452721935,0.6935159033257268,0.6787405172863965,0.6726243709551056,0.6819870587245105
69274,738375.4291257644,0.6954511612028083,0.680356890710055,0.6726243709551056,0.6819870587245105
69289,738375.7798151487,0.9415598523647734,1.2447931009965811,0.5949239478126737,1.1581186184086714
69294,738375.8387063318,0.6927793547832892,0.6777947889009519,0.6668486536444702,0.6762152148377172
69300,738375.9609044435,0.6903877120212533,0.6754901893712139,0.6668486536444702,0.6782128653501388
69303,738376.0946179753,0.69169048409472,0.6766302410745002,0.6668486536444702,0.6782128653501388
69304,738376.1237762929,0.6936742429397381,0.678505416341272,0.6686787757406363,0.6793787947901743
69305,738376.1930558695,0.6928791435076185,0.6778314530202153,0.668069504431976,0.678956061136602
69306,738376.2102787897,0.973754443729264,0.6843925318312474,1.433991213831492,0.660523926849052
69326,738376.6424507964,0.6708786416016773,0.6751356468882564,0.6756753977927871,0.6857281293209236
69328,738376.6477086773,0.6933268195412834,0.6751219434760469,0.6712205186526761,0.6834140295521053
69332,738376.731881513,0.6943937753246671,0.6761623189128767,0.6722367384452443,0.6840535795545721
69333,738376.738915303,0.6943937753246671,0.6761623189128767,0.6722367384452443,0.6840535795545721
69336,738376.8284215992,0.6949793390357142,0.6767633166112305,0.6728298543565022,0.6844159629247923
69337,738376.8561087217,0.6975532362014504,0.6791790928988239,0.6751709114330613,0.6838910087067971
69343,738376.9100403338,0.6956290548403595,0.6773563097620668,0.6751709114330613,0.6859286932663232
69344,738376.9302035696,0.6979008180070941,0.6794962995508872,0.6772432171608423,0.6872652242676265
69345,738376.9514547891,0.6988212649909431,0.6804031195805169,0.6781261075941417,0.6878217901179111
69356,738377.1668941077,0.9895317309188015,0.6937528828161857,2.0044360703227024,0.6753547957238761
69385,738377.9085208102,0.7462104500055873,1.3666609570382044,0.6160205417067401,1.0513646675497716
69387,738377.9821457141,0.6841053442197355,0.6661323195448399,0.6781261075941417,0.6885233987408758
69391,738378.0256124147,0.6805821412992396,0.6629546404956277,0.6775569109888546,0.6860767708741808
69400,738378.1481734259,1.3860462188401654,0.6762585503922063,0.65377663942425,0.6831233089698575
69431,738378.8629702089,0.6702075338013146,0.6590031170008118,0.7466091685640752,0.6888593079936218
69433,738378.9609663603,0.6700195372981442,0.6605382785769952,0.6764483326990596,0.6886327767180546
69446,738379.4587514127,0.6671190198206632,0.6573329140658452,0.6764483326990596,0.6883441641490435
69454,738379.6708468236,0.6630105809510647,0.6533893256524957,0.6764483326990596,0.6903137598153536
69458,738379.7002797861,0.6668975235700485,0.6570074547967867,0.6785469902158378,0.6882372355455054
69460,738379.7968220653,0.6612223027497172,0.6515694815767556,0.6785469902158378,0.6892188835180598
69461,738379.8177356767,0.6586500255824054,0.6491568615330344,0.6785469902158378,0.6905247210245409
69464,738379.9096181196,0.6559223189774702,0.649935250420129,0.6785469902158378,0.6941192085692529
69474,738380.1602355046,0.6292066023217047,0.6249474709187449,0.6660885077841089,0.6698443382558805
69475,738380.1610967745,0.6292066023217047,0.6249474709187449,0.6660885077841089,0.6698443382558805
69476,738380.1621164571,0.6292066023217047,0.6249474709187449,0.6660885077841089,0.6680061018020005
69477,738380.1627817767,0.6318725361024511,0.6274410073971005,0.6673753083415317,0.6689798430649591
69479,738380.1736621537,0.6318725361024511,0.6274410073971005,0.6673753083415317,0.670815824081379
69480,738380.1797136647,0.6323994720843381,0.6279586845473266,0.6675240641878009,0.6690887122050845
69481,738380.1841743425,0.6323994720843381,0.6279586845473266,0.6675240641878009,0.6690887122050845
69482,738380.1848984389,0.6323994720843381,0.6279586845473266,0.6675240641878009,0.6690887122050845
69484,738380.1979866725,0.6334328118891248,0.6270307664639203,0.6678186175756371,0.6703850428319522
69487,738380.2651526466,0.631363437080088,0.6270307664639203,0.6668356958331536,0.671316710801011
69491,738380.3283273691,0.6334243199755724,0.6289059271326253,0.6678911986665594,0.6717107299208172
69492,738380.3456327613,0.6371526379594633,0.6323830073907563,0.6697417075397671,0.6735505650509417
69494,738380.359669444,0.6371526379594633,0.6323830073907563,0.6697417075397671,0.6731283999333764
69501,738380.5138929245,0.6439688013172041,0.6366245115129735,0.6697417075397671,0.6714577318729378
69503,738380.5179174995,0.6443538307169908,0.6370305765941636,0.6698448281330597,0.6711231788824826
69504,738380.5310296827,0.647845229119691,0.6403031165564479,0.6715409916972859,0.6728454832267111
69509,738380.7534156388,0.6345855443335185,0.627673215078026,0.6715409916972859,0.667610705418998
69511,738380.7737477291,0.6383772580391919,0.6312151922421547,0.6733065919740344,0.6689889746489485
69512,738380.7794436945,0.4785614125655667,0.6284606973545976,0.680060954698437,0.6714555498803157
69514,738380.8240437213,0.6383772580391919,0.6287519775770956,0.6733065919740344,0.6699008026645633
69518,738380.9261059298,0.6399181959665734,0.6300788310997086,0.6748870166089491,0.6676950671609743
69523,738380.9882379099,0.6340065429244551,0.6245845856710236,0.6764638636953744,0.6689326671853806
69527,738381.1515705078,0.6317751731112533,0.6224263587622034,0.6764638636953744,0.6714749847980255
69528,738381.2066924148,0.6309609344581516,0.621689442397293,0.6779276550325278,0.670349244702021
69532,738381.2578367958,0.6309609344581516,0.621689442397293,0.6779276550325278,0.6726371858258177
69533,738381.2697403298,0.6281741522553401,0.6192323959888886,0.6763697845001139,0.6710145028354035
69536,738381.4292552037,0.6245942444444819,0.6159220099502292,0.6763697845001139,0.6695319614280788
69544,738381.7119621114,0.630478318756233,0.6209708287022776,0.675620611165421,0.6712082366022752
69546,738381.8019976603,0.6546309505627478,0.642417289502345,0.675620611165421,0.6703553193655487
69554,738382.0366045462,0.6294122926134084,0.6134254855280723,0.675620611165421,0.6652213070728147
69555,738382.0931820159,0.7585929814903961,0.6288375618479123,0.7218190834957093,0.6719799834774831
69574,738382.5156893133,0.6257461879047466,0.61445510489059,0.676750822491949,0.6692495812784611
69581,738382.8138705373,0.6276326160084693,0.6158907985429436,0.6781166162810346,0.6713019007494535
69585,738382.9586061725,0.6317263083950752,0.6193589302670448,0.6802063825933595,0.6743204524930342
69594,738383.0882477354,0.47035503455225813,0.6635248597749906,0.7067747457097887,0.6786169699863114
69595,738383.1409254378,0.6606752565610317,0.643192085239845,0.6802063825933595,0.6747226951282208
69597,738383.1662633109,0.6574218857919003,0.6404085964914115,0.6805609965766454,0.6706475424461884
69624,738383.8704980105,0.6483263882619307,0.6402375654593393,0.6718342680622208,0.6683001992671129
69625,738383.892149471,0.6483263882619307,0.6402375654593393,0.6741314491466249,0.6683001992671129
69626,738383.8926700684,0.6426668485762405,0.6352612452551437,0.6701520070793757,0.6668206495471359
69628,738383.9327857998,0.6342995760835067,0.6278252722084324,0.6676300775787778,0.6645943230811239
69629,738383.9346839673,0.6342995760835067,0.6278252722084324,0.6676300775787778,0.6645943230811239
69630,738383.9482740281,0.6385509750461339,0.6317274690784633,0.6687626761676191,0.6656082506980939
69632,738383.9735221025,0.6385509750461339,0.6317274690784633,0.6687626761676191,0.6656082506980939
69635,738384.0082909422,0.677658641549837,0.6667305439488778,0.6691029280487217,0.6650909780004084
69636,738384.0266083083,0.6731266248843808,0.6625745155877177,0.6691029280487217,0.6650909780004084
69637,738384.0269448103,0.6731266248843808,0.6625745155877177,0.6691029280487217,0.6626836781085041
69642,738384.068173094,0.7066922042804393,0.6919714810294604,0.6711197540540451,0.6668934048694877
69644,738384.0786743358,0.6974463575963278,0.6839916798550381,0.6690625788930511,0.6626858150119593
69645,738384.0809969781,0.6974463575963278,0.6839916798550381,0.6690625788930511,0.6650787985158405
69646,738384.105417622,0.689214243745886,0.6765715222528402,0.6705206830806935,0.6663861216783145
69647,738384.1063299434,0.6933067865013025,0.6803359926608256,0.6715667054374963,0.6673276646052142
69656,738384.3657385388,0.7161395341978175,0.6994877904622537,0.6715667054374963,0.6655703236603904
69676,738384.6336298737,0.6984124171037572,0.6836522621282268,0.6720309049931481,0.6659994090527565
69679,738384.7263210053,0.688575622496662,0.6748874895368393,0.6720309049931481,0.6663861216783145
69682,738384.8099912413,0.7158113231861716,0.6978890697250952,0.6720309049931481,0.6663861216783145
69683,738384.8458761574,0.7136787039492781,0.6962823031796469,0.6717473092719584,0.666150080834362
69684,738384.8969445103,0.7062555895028609,0.6896521815631038,0.6717473092719584,0.666150080834362
69685,738384.8998687188,0.7062555895028609,0.6896521815631038,0.6717473092719584,0.666150080834362
69686,738384.9494615755,0.7166227801364019,0.6988218438692102,0.6739014581399644,0.6736646851000417
69692,738385.1505858246,0.6971879803336964,0.6813946981266971,0.6739014581399644,0.6725976121387678
69703,738385.4137834134,0.4396682044014922,0.6817809763002384,0.7336855007629866,0.6769334510100302
69705,738385.5457263336,0.6957408471040829,0.6896604035517012,0.6711863304396559,0.6719993356679138
69706,738385.5610130517,0.6957408471040829,0.6896604035517012,0.6711863304396559,0.6719993356679138
69708,738385.7357420943,0.6822550449677662,0.6776643883157933,0.6711863304396559,0.6719993356679138
69711,738385.9089349022,0.6960578926983281,0.689673630640377,0.6691415973658452,0.6743765097776409
69714,738386.0714975003,0.6987557794461919,0.6918147952334254,0.6691415973658452,0.6743765097776409
69717,738386.1436356832,0.7071280573730018,0.6991483136700076,0.6782774416343798,0.6828783721776103
69721,738386.2354171744,0.7191086698180882,0.6991483136700076,0.6827222167270347,0.6828783721776103
69740,738386.492448114,0.6482007192585846,0.6670051769845163,0.6770738025217733,1.1854191813736399
69743,738386.6896795528,0.7095515478982706,0.7009888922869801,0.6788246326325219,0.6838164762014478
69749,738386.9933799618,0.6681453567742334,0.7037931020621133,0.9111073046921367,0.6872597180714861
69761,738387.2942993501,0.7080888291900843,0.6971018971159739,0.6676425597953667,0.6791524231385988
69763,738387.3233893816,0.7143001347092959,0.6875095305336426,0.6824627572765384,0.6770871475588776
69765,738387.3323669201,0.6927551190452101,0.7236385881494839,0.6788246326325219,0.6835609752061831
69766,738387.3422203418,0.6449918048068095,0.6976618183184767,0.7459256368567302,1.1854191813736399
69774,738387.4653124681,0.6715894050050285,0.6737265232389348,0.8194235507608524,0.6760375599629411
69796,738387.9514130158,0.686531089659707,0.7121405801129417,0.6788246326325219,0.6816599519759546
69811,738388.2274710445,0.7022516987021508,0.7397323592857585,0.6766007608556258,0.6816599519759546
69824,738388.7063763735,0.537030810955634,0.7612739009895849,0.6486144291891811,0.6819567424654982
69834,738388.8765928837,0.6921027600051821,0.7545657021485072,0.6765457016224771,0.6788060934990584
69876,738389.8016792666,0.6613621551826169,1.0371211508137357,1.523840287379831,0.9028991307759913
69884,738390.0242775225,0.6683510032367679,0.7254919340549714,0.6770017739046867,0.676173847361992
69892,738390.1663566872,0.6605773672962082,0.716699058149547,0.6838241029561563,0.6781064195639355
69929,738390.8419980794,0.7173480774726801,0.7567956425706313,0.6965337170978166,0.6904353892215273
69957,738391.437545149,0.6849088603492142,0.7604378087800128,0.6912277764775486,0.6874066672974959
69961,738391.5640547334,0.700726127129664,0.7604378087800128,0.693035438378995,0.686887721303263
69983,738392.2912540192,0.640788612177428,0.695334727530223,0.6860738552278136,0.6801386006913569
69984,738392.3040791242,0.624538524860871,0.695334727530223,0.6839476205182166,0.6804341337721246
69987,738392.3607012072,0.6458496103748032,0.6990942711320411,0.6865051583626472,0.6804761323264579
69998,738392.551802781,1.036777277753121,0.6098418000647468,1.413982034103611,0.6649601433515857
69999,738392.5650502046,0.6458496103748032,0.7020602681914836,0.6858224096993193,0.6801719005282316
70020,738393.5673692492,0.6314210552494086,0.6997695579508588,0.6620083953186171,0.6666274972420515
70026,738393.8537893371,0.6565661415204027,0.7062870764440536,0.6743901654517672,0.6735996045846354
70037,738394.3677331877,0.739224650048088,0.673778960119716,0.6482007192585848,0.6624996209396796
70070,738394.9837677486,0.5829456132929554,0.7111809201472463,1.2680130858489098,0.6484896431361237
70071,738394.9908178573,0.7156630664494176,0.7665980877801066,0.6464661128849207,0.6541589986956134
70082,738395.3113245795,0.6655854128785469,0.7047042536543331,0.6399341353335292,0.6448552335708122
70083,738395.3158678609,0.6468215687920771,0.7047042536543331,0.6323405483040369,0.6448552335708122
70084,738395.3176675679,0.640961142019159,0.6805184189367193,0.6350306119812915,0.6402710366829621
70088,738395.3854688656,0.609475014699832,0.6683844925497433,0.631284906540769,0.6402710366829621
70095,738395.582792636,0.6084059491022068,0.6688803901700248,0.6337311991639565,0.6411793682917302
70097,738395.6091493078,0.6433992324492619,0.6838031022277491,0.645124087559546,0.6482007192585847
70107,738395.7847708699,0.6114290842530252,0.6824865372952597,0.6325618849989282,0.6402990878896473
70109,738395.8039838035,0.6114290842530252,0.6824865372952597,0.6325618849989282,0.6402990878896473
70110,738395.8159402226,0.6114290842530252,0.6824865372952597,0.6325618849989282,0.6402990878896473
70117,738395.914138821,0.6129519462312396,0.6840596910500703,0.6340636812214021,0.6417434648744713
70129,738396.330160978,0.5705017824673259,0.6103250855149249,0.5790593092043357,0.6210723381827224
70148,738396.7699513326,0.6251652461045459,0.666257178535469,0.6323253955008294,0.6334494683765908
70182,738397.7820990871,0.5896320213105944,0.6375967645391699,0.6159844368807111,0.6190551256560344
70183,738397.7845654711,0.5995782078737942,0.6457910511572515,0.6183210035266277,0.6211331456388507
70187,738397.8921723649,0.5809289656454935,0.6291517742803729,0.6156957505599704,0.6187956997259533
70189,738397.945120717,0.5920461274846438,0.6194374543786476,0.618898806123078,0.6170502459135211
70201,738398.1399488725,0.5724443961817904,0.6194374543786476,0.6322504052443629,0.633717438253719
70207,738398.2918073385,0.6096098729522895,0.6568844799746677,0.6367782960378591,0.6377607266224921
70208,738398.3138267046,0.6096098729522895,0.6568844799746677,0.6254308151231217,0.6329923127633602
70238,738398.8366053844,0.6096098729522895,0.6568844799746677,0.6347058469839334,0.6422398825212745
70272,738399.48183409,0.624884146623384,0.6591315914214615,0.6852346085502229,0.6817709736450694
70287,738399.7491584008,0.6101199618053346,0.6703553193655484,0.6655854128785469,0.6708977578320059
70293,738399.8203927191,0.6104540910286673,0.6731315161531457,0.675944718915567,0.6871108601540511
70322,738399.9528103368,0.6057105744815225,0.678585127973831,0.6782238581630197,0.682279400719061
70328,738399.9891063276,0.6057105744815225,0.678585127973831,0.6782238581630197,0.682279400719061
70331,738400.0167628481,0.5353398852428373,0.5333933520466569,0.7145613047768311,0.6163283672822483
70334,738400.031948994,0.6041190629256981,0.6019482038700101,0.7132573607900121,0.6499125169326831
70336,738400.0359029043,0.8371941819821722,0.6849270450576984,0.5220563947504977,0.683506205124698
70337,738400.0399192456,0.6125039704478364,0.6849270450576984,0.6710783917030053,0.683506205124698
70348,738400.0753704823,0.6125039704478364,0.6688803901700248,0.671432087271366,0.6723028859330957
70352,738400.0883641866,0.6410250655398549,0.6338470042875844,0.7132573607900121,0.6664365451200795
70362,738400.1274276467,0.7360923422089011,0.6681453567742334,0.5559957805304788,0.660143615974542
70387,738400.3592069912,1.5165839050589744,0.47528807869028916,0.4733454843632171,0.6523736852623955
70388,738400.3602050162,1.5165839050589744,0.4275754392859019,0.533240155133597,0.6523736852623955
70392,738400.3773937995,0.6443538307169907,0.6804837992888109,0.6544803817702394,0.6754933811221041
70399,738400.414796797,0.6514417228548776,0.6856037003371965,0.6556843865324404,0.6674406682858471
70400,738400.4238283659,0.6253840539406826,0.6889657503281048,0.8246097757656676,0.6667982895226725
70407,738400.5599779264,0.6639665463427059,0.7195686231427474,0.6763731518232461,0.6851329703788471
70416,738400.7435912056,0.6924968959732942,0.744930500691684,0.6662928280585932,0.676787411412267
70421,738400.9371988097,0.6924968959732942,0.744930500691684,0.6839283179578768,0.6919078485423548
70422,738400.9735228696,0.6136028786702143,0.6332096518448618,0.6284003757442549,0.6622468022601754
70434,738401.3271236484,1.536089807374846,0.5201131519799421,0.5459008850739199,0.6833304785191023
70460,738401.8865818023,0.7038808458723692,0.636409296371617,0.9380010408277578,0.6598694027266584
70466,738401.9968752927,0.6775264928287859,0.7465643138822943,0.6896370030222646,0.7102601407617065
70482,738402.7475404997,0.7143980511088445,0.7599449780549449,0.695006782124642,0.7119581670545111
70486,738402.9856660618,0.6917432883500548,0.7263287182926357,0.6869173907314702,0.7157845276800281
70488,738403.0498535963,0.6917432883500548,0.7263287182926357,0.6869173907314702,0.7157845276800281
70504,738403.1971186954,0.7004749708116964,0.7411168633161294,0.7113362337353981,0.7401832592645269
70507,738403.3371616949,0.7377975754340956,0.7335200917410777,0.7113362337353981,0.7401832592645269
70524,738403.7801093686,0.8668552532999035,0.6376264824028168,1.4380611983551388,0.6798348243421068
70549,738404.7169041893,0.8298620673310542,0.7673047383449678,1.5449210818692756,0.6880325445418777
70553,738404.8291363317,1.064447259566793,0.9289721538037472,0.810250899073231,0.6755691940717252
70562,738405.1051996435,1.5871226913407877,0.7238241365054198,0.8899477088181392,0.6904000090816267
70564,738405.1136534123,0.7788638484635074,0.7111809201472464,0.7098146370891858,0.7147866047215835
70569,738405.2626185026,0.7923704708921187,0.6996966652885723,0.6857281293209238,0.7147866047215835
70570,738405.3181615671,0.6985156002639713,0.7336055437554928,0.6870842165905103,0.7263001597773879
70581,738405.4943987398,2.191394174741179,0.6729769864203282,0.8946141012988333,0.6721320529175816
70583,738405.5849887822,0.720171094720605,0.7324879727421546,0.7079788945791249,0.7480507811212792
70594,738405.9795225326,2.050317296538957,0.6924476044296989,0.8701710930666248,0.6871489259723705
70598,738406.0830343404,0.7168547156587375,0.752716276407947,0.7070604956462022,0.75529475113609
70602,738406.1238522149,0.7168547156587375,0.752716276407947,0.7029396962543836,0.7527656964247815
70615,738406.4076162858,0.7168547156587375,0.752716276407947,0.6958535525311291,0.7574903754126484
70616,738406.4134737849,0.6975400198166753,0.7776298373742436,0.6891930432855962,0.7668686812580251
70629,738406.8732693862,0.7108987054963943,0.7652766200938358,0.6661931424374207,0.7397176687455347
70630,738406.8850683189,0.747709294524967,0.7772081292194852,0.679074845410425,0.7443529173612151
70637,738407.0649071725,0.7341015583219266,0.7829274859337519,0.6737265232389347,0.729159449550914
70640,738407.1364135674,0.6972617828721932,0.7498918039770011,0.6825463343787072,0.7173421293128337
70647,738407.3198172707,0.6831598591736544,0.7368059557253425,0.679781927141333,0.7143281080844556
70649,738407.3250586444,0.6831598591736544,0.7368059557253425,0.679781927141333,0.7143281080844556
70650,738407.3399519494,0.6831598591736544,0.7368059557253425,0.679781927141333,0.7143281080844556
70672,738407.5992836138,1.7547251794070782,0.7698650878368384,1.1483748319557139,0.6909613410179792
70673,738407.6053749416,1.5149807508252973,0.7727659820342558,1.107266384455883,0.6662816319296749
70674,738407.6722847619,0.6886025136792948,0.7307839839718179,0.6819891536975818,0.7136097228257569
70678,738407.7782530385,1.536089807374846,0.849706595028101,0.7374811956847671,0.6396089571476463
70685,738407.8913509577,0.725615780407661,0.7473110553890763,0.6652430335509343,0.7200123066467017
70687,738407.9264644139,0.6886276140114986,0.7295660918580058,0.682089009873868,0.7133179038135915
70697,738408.198365036,0.7242552408154289,0.7455699260141662,0.6676854127470827,0.7186906319911968
70731,738408.7730535843,0.680356890710055,0.7218190834957093,0.6853328400116167,0.7127829882559644
70744,738409.0437121188,0.7107528202705589,0.7508829827299214,0.6681453567742334,0.7163794093106229
70745,738409.0444898349,0.728274704141842,0.7650992263478706,0.6752690744830657,0.7224240898197225
70746,738409.0937212956,0.728274704141842,0.7477657595071848,0.6752690744830657,0.7155043188444378
70748,738409.1046000915,0.7097063225619823,0.731640811845651,0.6688700263585872,0.7091520256303098
70751,738409.1505593791,0.7097063225619823,0.731640811845651,0.6688700263585872,0.7091520256303098
70755,738409.2373319042,0.6958535525311291,0.7513745361647955,0.682937732767373,0.7161413935857261
70837,738409.9901656187,0.7134673523582832,0.7666275055661991,0.7146749165591313,0.7653956243370599
70839,738410.1917982401,0.874418419939433,0.8042490405615773,1.0360902152761473,0.7514371898680403
70862,738410.8027460417,1.1088369750721319,0.7825125800058591,1.0552950027555648,0.6970158351533671
70866,738411.0362538105,1.1007463827040944,0.7944411254327778,1.102270258637695,0.6631125029060235
70874,738411.1372589873,1.1860983749458553,0.8259855011172957,1.1238674208217234,0.7009097783665144
70890,738411.3889892411,0.7998602327003955,0.8232016306567785,0.6787648856236254,0.7312002796776061
70903,738411.7042211712,0.7725082501892194,0.8054265647790908,0.6789065799529752,0.7195070939417691
70909,738411.8906601233,0.7952232096279271,0.8278044517914145,0.6602101387602877,0.7239788328372225
70934,738412.4583074582,0.798133078275938,0.8641573874605519,0.6963567320736267,0.7438247577698993
70937,738412.5731480292,0.8293338292232689,0.8703296230526089,0.6858504933696963,0.737759595532138
70944,738412.7023033146,0.7550829466629729,0.784754242310856,0.6600220089715073,0.704061020150323
70949,738412.8869142922,0.7466380777706335,0.7786543826145257,0.6500094985360695,0.695687444313197
70951,738412.9535184605,0.8319817660981836,0.8291076472698443,0.6656996176508321,0.7042613220052732
70952,738412.9728897343,0.7868573313267566,0.8507440878181235,0.6704745487550202,0.7186906319911968
70955,738413.0357558758,1.338162269169683,0.7675307485771755,1.036502343444515,0.7105022198826204
70956,738413.0362007119,0.7794404610714557,0.8038945896842914,0.6585047169968603,0.7014903621547657
70957,738413.0395689897,0.7794404610714557,0.8038945896842914,0.6585047169968603,0.7014903621547657
70966,738413.1535324531,0.7900752371179112,0.8283545976356302,0.6572316204637249,0.6968724457612352
70988,738413.3784779344,0.9240308125601099,1.0982159312496018,0.6613621551826169,0.5607819708937254
70991,738413.3978927005,1.3495026273829855,0.8176703981062508,1.1084081904723364,0.7016356584186751
70992,738413.4145899173,1.0414735777056394,0.8291578992637391,0.9404014371920805,0.7076993413852494
71017,738413.9824597191,0.7800190578795368,0.8378671676590067,0.7166167837948394,0.761378622621195
71029,738414.4041475762,0.7388316544871906,0.8008002882435603,0.6833304785191024,0.7346692540654333
71030,738414.4046118569,0.7388316544871906,0.8008002882435603,0.6833304785191024,0.7346692540654333
71049,738415.0045635375,0.7513745361647957,0.8205293855122167,0.6697616745408479,0.7350090569370709
71052,738415.0342106177,0.7666929919704332,0.8064344999109294,0.6783812874427484,0.7350090569370709
71053,738415.0859146285,0.9895317309188015,0.755472300442892,0.8685889638065037,0.6379118189528928
71066,738415.3502546154,1.1737688700087883,0.7659514672015023,0.7029946649513069,0.6870195193949746
71081,738415.6760050621,0.973208923032497,0.7004749708116965,0.5695665336436089,0.6140410412513844
71087,738415.8983433511,0.7642317946113049,0.7974638129240852,0.7121916725209116,0.7491691629124066
71090,738415.9411895816,0.7537127453736866,0.7919613519182018,0.7193575374168836,0.7545228607414698
71092,738415.9831707155,0.7677568919916059,0.7830845921257464,0.7273208714643831,0.7605664784600097
71095,738416.039049061,0.7768683750144725,0.7903826777932742,0.732811446700807,0.7646029610972744
71108,738416.3602000144,0.8015502182778138,0.777662295419046,0.7347087099867042,0.7454308271473727
71122,738416.867873583,0.7842789740916511,0.9095172395879618,0.9544933668203334,0.7254482744332552
71125,738416.9010019404,1.0218693691841219,0.7990869799674725,1.0806705615010932,0.7055325518283874
71127,738416.9269937504,0.8931506054565589,0.7360923422089013,0.7585929814903961,0.6398445405572771
71132,738417.1627539971,0.8005428237847958,0.7360923422089013,0.6566007285794304,0.6398445405572771
71151,738417.6864878441,0.9260010275122639,0.7435051553227875,1.0152338537998096,0.7242264845523935
71152,738417.7056283937,0.9279796621864355,0.777907209140932,1.0994797010208908,0.7429041894587314
71153,738417.7065362204,1.0073841075075427,0.777907209140932,1.0994797010208908,0.7429041894587314
71187,738418.4713462858,0.8211450288086695,0.8603947282988949,0.8879626953412213,0.7900426905173843
71213,738419.2069185021,0.8697886723200485,0.8922331420713954,0.7375347177978149,0.7582034600621597
71255,738420.0147163194,0.8899477088181391,0.9299667706707744,0.756909159515697,0.7650324036590344
71276,738420.8013599624,1.5908222780338896,0.915911033890865,1.2337911417706018,0.7732245968603891
71317,738421.9439433675,0.8357769787161653,0.8939660650066935,0.7433249452543771,0.7783940927426702
71342,738422.7108886015,1.0994797010208903,0.9474404601689517,0.8879626953412213,0.8390102957528441
71349,738422.9547249817,0.9197765270510856,0.9727694320087282,0.7518336244760978,0.7932859947523958
71351,738423.1299048845,0.9580025336101143,1.024425868678149,0.7757922727230881,0.7969765758330953
71359,738423.4353402986,0.9842367861830069,1.0256401048637678,0.7741965395601335,0.8090258977139411
71370,738423.60811851,1.6422900576173391,1.0322789043540788,1.122207963574294,0.7724864164091605
71375,738423.7873689821,1.9349754144204292,1.0723320540821033,1.2063735608423662,0.779469605569701
71377,738423.7908128125,1.9349754144204292,1.0723320540821033,1.168029168932951,0.7886860195325502
71378,738423.8022188657,1.7371779276130077,1.0820051525081014,1.1817536922537464,0.7840178572387795
71379,738423.8149910186,2.4738293272970053,1.1107275752001324,1.4185498152618778,0.7933487883913263
71381,738423.8484708419,2.4738293272970053,1.1107275752001324,1.249077049721742,0.8023622392933978
71382,738423.9191049049,1.4975671789767306,1.0332409009210133,1.041116908672179,0.7750864691191178
71383,738423.919700075,1.4975671789767306,1.0332409009210133,1.041116908672179,0.7750864691191178
71385,738423.924782928,1.7143203233023103,1.0332409009210133,1.1471929710651936,0.7750864691191178
71387,738423.9271519467,1.7143203233023103,1.0332409009210133,1.1471929710651936,0.7750864691191178
71388,738423.9307419095,1.003896792339175,1.0585376674689952,0.7682628712128283,0.8141627421401485
71389,738423.9442241071,1.6159794675469838,1.060872016862905,1.041116908672179,0.7845003342311068
71392,738424.0136344742,0.9020953630037868,0.9990536119560594,0.8780448312196383,0.745214554266781
71393,738424.0149039598,1.088760539590325,0.9870329134164814,0.8948375313940627,0.7648101144327111
71394,738424.0170416707,0.9544933668203338,1.0670626090988984,0.7544283035356389,0.8081361794719765
71399,738424.1495104564,1.088760539590325,0.9302157577579689,0.8954525400067048,0.7763660835756938
71405,738424.3026293177,0.9704904623536355,0.9078306769386922,0.8948375313940627,0.7763660835756938
71424,738424.6396020246,0.7272874098858282,0.8621230409990107,0.6558138149545747,0.6742471408543634
71430,738424.8778534262,0.9373262199350756,0.9302813028367286,0.7652130166513412,0.8184336696896264
71440,738425.056594525,0.9390150960070308,0.9475515968798222,0.8110222840375628,0.8660818846666789
71442,738425.0981116467,0.9704904623536355,0.946108850246016,0.8948375313940627,0.8236619484372018
71464,738425.6756148724,0.8097738131660238,0.9994224478945124,0.7847689599943419,0.8743345911195752
71469,738425.8177101419,0.8967732664668916,0.9719193352369594,0.787835794835831,0.8706785924283313
71475,738425.9319440334,0.9267195540127584,0.9864580544104149,0.7964232639692865,0.8950834334362155
71478,738425.9626089856,1.0000201885930136,1.0576913581407603,0.9270653965094043,0.7960359710193146
71480,738426.0193984126,0.9267195540127584,0.9824527142822981,0.7996216007424659,0.8933649518031783
71484,738426.1116551656,0.8344175773072541,0.9999312900074873,0.779077887383696,0.9091313058229317
71492,738426.2897534661,0.7376551709609371,0.9257688015492516,0.8242837141698729,0.8244492209027855
71500,738426.3727684536,0.7376551709609371,0.9257688015492516,0.8242837141698729,0.8244492209027855
71504,738426.3993305942,0.7376551709609371,0.9318412160472893,0.7746612832165027,0.8332394129539135
71525,738426.7562715821,0.7638345159102414,0.8664229065401534,0.8666630459266667,0.7755258605415212
71528,738426.8394240277,0.7770676614571107,0.9342710497266823,0.8165348660930706,0.8354251182050312
71538,738427.1890407461,0.7770676614571107,0.9342710497266823,0.8203340213728091,0.8441465125476612
71563,738427.8858660657,0.7770676614571107,1.0452739859472677,0.8203340213728091,0.8319817660981834
71573,738428.1427376001,0.8760983784791821,1.01573298548801,1.072332054082103,0.9099289455293169
71608,738428.6904795283,0.8685889638065034,1.0482970252837112,1.1007463827040944,0.8856810543286351
71651,738429.8701524915,1.3038864352753519,1.1959916885459603,0.8268696323558233,0.9269233392926549
71653,738429.8722478368,1.3451598997003373,1.1939367200089397,0.8366118016115724,0.9263960791451615
71656,738430.0048418833,1.3979436112765617,1.240841376866434,0.8590440301383003,0.9575393276660036
71664,738430.2110620409,0.7185019002075859,0.792508178655569,0.6349334530749295,0.8695551361800369
71676,738430.575317502,1.5510517210830423,1.1940539565289723,0.8895188183560578,0.9182226188811606
71683,738430.8810886149,1.2588245852268167,1.2459267923453947,0.870481314490178,0.9418434547299438
71684,738430.8876166196,1.2588245852268167,1.2459267923453947,0.870481314490178,0.9418434547299438
71687,738430.973992697,1.0827286252435635,1.1068184611612002,1.1898478956253475,0.8946708949822576
71690,738431.0541412696,1.1844394960997775,1.269171088667037,0.8541630981488779,0.9329775556771825
71707,738431.3985542945,1.1569320214635808,1.3088326851878822,0.8727630479488677,0.9458319025116191
71712,738431.6172788062,0.8432902561228189,1.1267833110907202,0.8384063357205634,0.9161828796315177
71714,738431.6295189838,1.0357960386108223,1.2253952186481796,0.8544094034932118,0.9278167158015035
71755,738432.9959628902,1.0357960386108223,1.2337911417706018,0.837010828022036,0.932695348310069
71757,738433.0407013717,1.0340344807220283,1.2250344803458424,0.8511949794439534,0.9336877484931064
71773,738433.1745358832,0.7224861990996796,1.1636598558173255,0.8276912771698746,0.9057081502939609
71853,738434.0008316974,0.9902480043396623,1.1351710741147392,0.7889591348474789,0.9426952878213487
71876,738434.6717387468,1.049410458130534,1.041116908672179,0.8727912922506736,0.8766814075686761
71877,738434.7141538525,0.6059923003301187,0.7641545136127597,0.499907317298707,0.8845959379212692
71879,738434.7712262751,0.8651284500064776,1.1017290457447468,0.8256549085613153,0.9149824396181268
71888,738434.9827240405,0.7619201436899157,1.0627108040046944,0.9295244559165913,0.9011465153280324
71899,738435.2358545515,1.2964014385171696,0.8207139815494523,1.2964014385171696,0.8928227234428084
71935,738435.9012621691,0.8374824719897417,1.04397711995974,0.8190641544666591,0.9017412143334694
71939,738436.0278373866,0.9682866235662924,1.120540883722229,0.8853964904040031,0.9493506223870345
71978,738437.0368896644,1.442306397464674,1.0073841075075427,1.442306397464674,0.7473518809042575
71979,738437.0603450494,1.551051721083042,0.7547898749655447,1.2634021291730955,0.9299667706707747
72043,738438.4438276008,0.9759426559623635,0.8863152691903099,0.8283545976356302,0.8190801209407514
72079,738439.4205711212,0.6630450105393156,1.0120337470896443,0.7219729238800862,1.0076821375465332
72087,738439.5566700416,1.142880215534873,1.06383374529615,0.9373262199350754,0.9228286909479331
72094,738439.6499391968,0.8891068133452398,0.9817205726553591,0.8619972203567168,0.9479605783311821
72105,738439.6982388928,0.8363305016018605,0.9459879803833207,0.8421222640783277,0.9359794868604564
72119,738439.8510978129,0.8122714748813937,0.9206242473525152,0.8316277313040992,0.926616418191618
72120,738439.8516282333,0.7877167144557167,0.9206242473525152,0.8207139815494522,0.926616418191618
72121,738439.8611655144,0.7807541247698908,0.9079327147803173,0.816508934472577,0.9215009540726082
72134,738440.0031906709,0.80865347123278,0.9359794868604565,0.8291483916625549,0.9507859420198308
72138,738440.0554857131,0.8525411307569609,0.9359794868604565,0.8497565219682874,0.9427744980817921
72140,738440.0773888676,0.9047801706317746,0.9319624075177075,0.8515578076534348,0.9503491615111102
72141,738440.0785356219,0.915374786212943,0.9386248154184992,0.857160161651155,0.952857279458626
72146,738440.1451516692,0.9539416365504955,0.9725802350977215,0.8742717300518408,0.9641100178863173
72197,738440.9239588605,0.9240308125601105,0.9507322283346143,0.8742717300518408,0.9721877174469437
72200,738440.9449998992,0.9240308125601105,0.9364840580124029,0.8742717300518408,0.9616520670714862
72207,738441.055256197,1.1100178451201324,0.9370669319074313,0.7278678467652265,0.9504219003075616
72240,738441.6073899193,0.9339666277489285,0.9175235533167292,0.8442009367449818,0.8967732664668918
72244,738441.6999676533,0.9907858902735783,0.9130505561037288,0.8963766396351948,0.9418789170385671
72251,738441.985235591,1.0458295508443325,0.952748406369108,0.9010258960648377,0.9373262199350759
72252,738441.9923455309,0.9995270009280823,0.9248178916168052,0.8867566612566395,0.9344303649027266
72316,738443.2678130983,0.8944279947664223,1.021346941081267,0.7635946934562667,0.9679043685828286
72346,738444.0063572159,0.9461753418371499,1.0528351076442466,0.8515578076534346,1.01576152212299
72350,738444.055844174,0.9597668108359158,0.9618106072814776,1.0435344441491563,1.0912851121078302
72352,738444.1180660457,0.9461753418371499,1.0310885135404837,0.8497065950281012,1.0054124895596166
72387,738444.4654052306,0.8303909787825081,0.9122464736152327,0.8985403073860381,1.014794548800329
72390,738444.515507746,0.9390150960070308,0.9041306514855926,0.8262439608147478,1.0745430480080456
72397,738444.6930014362,0.946404439982873,0.9133096428712328,0.8985403073860381,0.9441184389201126
72441,738445.8096699921,0.9092372158073007,0.8644396534698484,0.9718477916716125,1.0547416049631595
72499,738446.8109317485,0.8697486286446965,0.8359123886151829,0.9427050879636454,1.0357960386108223
72512,738447.1622212852,1.0248837331050191,0.7686627998287643,0.774537929508984,0.9616795436298755
72536,738447.9942404937,1.4639139839435455,1.1496030403321373,1.2857402424767324,0.7619201436899157
72538,738448.0714528272,0.7360923422089013,0.7657585323231137,0.8300326102959807,0.935403499483927
72543,738448.1624342374,0.8022681315946767,0.8055462164334509,0.9035252744173061,0.9934228545909515
72547,738448.2597613467,1.4370038004151717,0.7648371427086363,0.7875806666639282,0.9421105307131367
72552,738448.3104033791,1.4265147215800242,0.7743735189953969,0.7855455745020061,0.9445133023408236
72561,738448.4678652756,1.7098207948946926,0.8237755726541196,0.877362589703539,0.9740841109129219
72562,738448.4800262103,1.2376267619004588,0.777127083928737,0.7990266441942944,0.9388271426251238
72563,738448.4807660307,1.1251152380913259,0.777127083928737,0.7990266441942944,0.9388271426251238
72564,738448.4826258947,0.6982226397158389,0.666247216556125,0.6365880027897827,0.8515578076534348
72565,738448.4835382918,0.6982226397158389,0.666247216556125,0.6365880027897827,0.8515578076534348
72567,738448.4856386937,0.6982226397158389,0.666247216556125,0.6365880027897827,0.8515578076534348
72568,738448.4866719798,0.6839283179578768,0.6714657920094451,0.6299194741545957,0.8515578076534348
72569,738448.4876122212,0.7061698892735802,0.7194276342958341,0.6554086700684498,0.8819705864982005
72571,738448.4884474763,0.8207139815494522,0.7356623817286393,0.7130714714596003,0.8978884827161898
72572,738448.4888845002,0.7582919525294872,0.6993081607548197,0.6817809763002383,0.8698097494197242
72573,738448.489754773,0.7643582881497232,0.7038808458723691,0.7004749708116964,0.8697886723200483
72574,738448.4903438509,0.7643582881497232,0.7281302833423908,0.7064433865196196,0.8853964904040031
72575,738448.4909734918,0.8327180331478278,0.7439734165366197,0.7432122830189576,0.8945303437760077
72576,738448.4915445292,0.7743735189953969,0.7318285108427622,0.7135532936423853,0.8851110364876055
72577,738448.4921740567,0.8063823271413162,0.7475752243627789,0.7340188426533832,0.8973026485604375
72578,738448.4958475785,0.8012813319248188,0.735725579706555,0.7341015583219266,0.8822496028178771
72579,738448.4961142747,0.8012813319248188,0.735725579706555,0.7341015583219266,0.8822496028178771
72580,738448.4972004058,0.8012813319248188,0.735725579706555,0.7341015583219266,0.8822496028178771
72581,738448.4974186011,0.8012813319248188,0.7698650878368384,0.7341015583219266,0.908749844009504
72582,738448.49776019,0.8311856112980895,0.7480465977664278,0.7517747356514345,0.889195721803863
72583,738448.4979508715,0.7839250575870971,0.7259593109493885,0.725274685877174,0.8745130847028778
72584,738448.4985141587,0.8726957674178819,0.7649022186162946,0.7755258605415212,0.8998008042022698
72585,738448.4986834993,0.8635094961819042,0.7582250896468024,0.7709369501241156,0.8945879253880952
72586,738448.4996717552,0.9089884504951782,0.7800434869136075,0.7968706089967923,0.909151089330479
72587,738448.5014101897,0.8635094961819042,0.7469948088159133,0.7565129684766319,0.8857503773680089
72588,738448.5032653527,0.8714939436185655,0.763005500019958,0.7780067494108157,0.8958788106541214
72589,738448.503864185,0.8117653867350502,0.744832224900036,0.7505088972982461,0.8767017260475405
72591,738448.5060656478,0.774797667245238,0.7250962351636016,0.727587520230751,0.8630965313343757
72592,738448.5064604634,0.774797667245238,0.7348149585347858,0.727587520230751,0.8685889638065034
72593,738448.5066899138,0.8344175773072542,0.7556232829982632,0.7653853859579766,0.8831347120042202
72595,738448.5085312305,0.7983354446750953,0.7648657112557268,0.7428069815905103,0.8884174103564889
72596,738448.5091721385,0.7909336590953262,0.7370063641570085,0.7415914312115293,0.8658283516707417
72597,738448.5103528064,0.758120043222634,0.7093417425941231,0.7048758606806701,0.8452210867035237
72598,738448.5120971805,0.7909336590953262,0.7370063641570085,0.7415914312115293,0.8658283516707417
72599,738448.5124408491,0.7909336590953262,0.7370063641570085,0.7415914312115293,0.8658283516707417
72600,738448.5128402659,0.7883233169861006,0.7420817021943277,0.7400118967467549,0.8678450965808626
72601,738448.5132100523,0.7778408631103019,0.7317657806363568,0.7360923422089013,0.8572395945268523
72602,738448.5140033206,0.7482227029044788,0.7141882631141965,0.7162277812497405,0.8446961304036573
72604,738448.5181189305,0.7778408631103019,0.7317657806363568,0.7360923422089013,0.8572395945268523
72605,738448.5218951304,0.7942474065531306,0.740370290730069,0.7476786456770199,0.8623608024554364
72606,738448.5267318974,0.8036766213156263,0.7688210260123437,0.7549300506285402,0.8875909100498238
72607,738448.5280234858,0.7755258605415213,0.7200059232759263,0.7173339719968762,0.845342057232607
72608,738448.5287133598,0.8339936707957184,0.7613394118730787,0.7755258605415212,0.8759278185020614
72609,738448.5319669676,0.7590665101929497,0.7233111498743032,0.7276538938414272,0.8423089253360199
72610,738448.5329931186,0.7590665101929497,0.7233111498743032,0.7276538938414272,0.8423089253360199
72611,738448.5338092687,0.7590665101929497,0.7233111498743032,0.7276538938414272,0.8423089253360199
72612,738448.5355416886,0.7205114402285071,0.7018900717628312,0.7016356584186751,0.8220767278866038
72613,738448.5381823272,0.697661818318477,0.6868048670744561,0.685063939905503,0.8108560155027108
72614,738448.5385312706,0.7036055852063857,0.7199943791694121,0.6896370030222646,0.8394867562562858
72615,738448.5403313683,0.7154769059361645,0.6841527775305575,0.6985033886662675,0.8066075421468022
72616,738448.5429950596,0.6935319369600388,0.698027469166652,0.6649974398989719,0.8225695331671521
72617,738448.543462039,0.7154769059361645,0.6988646835224741,0.6985033886662675,0.8176204182530659
72618,738448.5486480476,0.7301046062364862,0.7073200030997586,0.7094053290053116,0.8232070373864798
72619,738448.5493269357,0.7084738693364631,0.6927223181399524,0.693484202639923,0.8122583217524992
72620,738448.550437605,0.7495913387758392,0.7186573191779961,0.7238241365054197,0.8313366627176375
72621,738448.5540205594,0.7338309218027296,0.7094977398356611,0.7130455411164501,0.8217492562029363
72622,738448.5617344164,0.7338309218027296,0.7094977398356611,0.7130455411164501,0.8217492562029363
72623,738448.5697374567,0.7338309218027296,0.695416595826243,0.7130455411164501,0.8110937132472082
72624,738448.5709826837,0.7126453853624788,0.6966588238762818,0.6979166254106312,0.8088722242852011
72625,738448.5802600964,0.7126453853624788,0.6966588238762818,0.6979166254106312,0.8088722242852011
72626,738448.5807621491,0.7126453853624788,0.6831008184806137,0.6979166254106312,0.7985189278846274
72627,738448.5921065224,0.7126453853624788,0.7036274234256104,0.6979166254106312,0.8134341598005173
72629,738448.5955558252,0.6912927146400076,0.6753992823025924,0.6630450105393156,0.7899809798824028
72630,738448.5965443362,0.7214859874719457,0.7019158537960284,0.7051728262460142,0.8103966276522008
72631,738448.6028892316,0.7030669226000837,0.688748958084452,0.691062648007296,0.8002729778891381
72633,738448.608549462,0.7214859874719457,0.7019158537960284,0.7051728262460142,0.8103966276522008
72636,738448.6148298242,0.7214859874719457,0.7019158537960284,0.7051728262460142,0.8103966276522008
72637,738448.6213301857,0.718966256394645,0.7002732791990238,0.7036139486195393,0.8074532200060457
72638,738448.6224389559,0.718966256394645,0.6873725612857221,0.7036139486195393,0.7974876548223429
72640,738448.6305571877,0.7011031994850702,0.6812948232937492,0.6699378325804689,0.7920554163473938
72641,738448.6307625275,0.7075691691070152,0.6913158324781722,0.6949894671247133,0.7994901704990827
72642,738448.6332276564,0.7250962351636014,0.7040610201503228,0.7085701948115599,0.8093626608589432
72643,738448.6360437843,0.719093259796234,0.6924415515660239,0.6828082257240774,0.7990266441942944
72644,738448.6368833993,0.7382821621814736,0.7123540292547083,0.7192687676436765,0.813951312485629
72645,738448.6384117664,0.721357955461108,0.699891079477316,0.7060527409840524,0.8042490405615775
72646,738448.6462733014,0.721357955461108,0.7062672114744174,0.7060527409840524,0.8085516782705522
72647,738448.6488586062,0.7506776457855533,0.7202230213984275,0.7290657859468678,0.8195992795943845
72649,738448.6549666176,0.7518700840864211,0.7294042785269372,0.7303788182072799,0.826431663232615
72653,738448.6616429444,0.7691376738813769,0.7405461462596703,0.7439433594334953,0.8350032764642739
72654,738448.6626910566,0.7796392167989833,0.7473518809042574,0.7523869753858068,0.8397959594814259
72655,738448.6639712147,0.7932319304168982,0.7473518809042574,0.7626634804154665,0.8397959594814259
72656,738448.6659113955,0.7815524418708826,0.7321528595104325,0.7280938225015708,0.8264491395482209
72657,738448.6697556276,0.7911899472296865,0.746605165927304,0.7621589152799154,0.8369122838168754
72658,738448.6709543499,0.7755258605415212,0.7347302892362705,0.7497236818794366,0.8275702637758733
72659,738448.6715947385,0.7914633830730062,0.7470272558148192,0.7628593364710431,0.8362081380357569
72660,738448.6755933047,0.7914633830730062,0.7504008326622061,0.7628593364710431,0.8413369622046568
72661,738448.680730372,0.7914633830730062,0.7353253796225936,0.7628593364710431,0.8269735220516464
72663,738448.7054881437,0.7689463346129135,0.7327557362759473,0.745901094177927,0.8225274278470676
72664,738448.7096289598,0.7543178362695061,0.738300619235528,0.7341276829325432,0.8264077356335416
72666,738448.718076195,0.6851393951467913,0.6760994681644028,0.6793047304425199,0.7702248339684495
72667,738448.7204968552,0.6851393951467913,0.6760994681644028,0.6793047304425199,0.7702248339684495
72668,738448.7208974888,0.6675291759963908,0.6755256819505043,0.6598548724789847,0.764686236061271
72669,738448.7217494202,0.6675291759963908,0.6755256819505043,0.6598548724789847,0.764686236061271
72671,738448.7238272447,0.6769259956315968,0.6823931253249749,0.6676402065548982,0.769914240711264
72672,738448.7240204064,0.6885156420417409,0.6959537657919905,0.6877966907970052,0.7917432914053921
72673,738448.7242726661,0.7002618661658762,0.6995347359515466,0.6869332754181486,0.7835007791868154
72674,738448.7247145814,0.7053203615872361,0.693484202639923,0.6912421497589684,0.7780266605217697
72675,738448.7251652909,0.7053203615872361,0.7032718983792676,0.6912421497589684,0.7859477275081245
72676,738448.7261491388,0.6939284757573814,0.693484202639923,0.6817979656093912,0.7780266605217697
72677,738448.7264511449,0.7070408437497439,0.7007804548809557,0.7791162580440283,0.7940686729595323
72678,738448.7273942566,0.7089995994265021,0.7060147552908751,0.6944438210015098,0.7875206605178965
72679,738448.7300708893,0.7169956069157458,0.7119581670545112,0.7011603670649371,0.7920030388816384
72680,738448.7304029736,0.7058568707056398,0.6975861007345482,0.7008227736770447,0.77989502031922
72681,738448.7313322974,0.6955545228571327,0.6960434547584803,0.6838479503529465,0.7767261585200032
72682,738448.7322829218,0.6955545228571327,0.6960434547584803,0.6838479503529465,0.7767261585200032
72683,738448.7329060785,0.6941891606417656,0.6892123747055154,0.6911574890146761,0.7704985690538755
72684,738448.7333974349,0.6941891606417656,0.6892123747055154,0.6911574890146761,0.7704985690538755
72685,738448.7339451637,0.6966006623448177,0.7029782448297329,0.6848799807379669,0.7821770257262683
72686,738448.7343809196,0.6941891606417656,0.6984267983824226,0.6827247838460319,0.7780399351619425
72687,738448.7353294393,0.6956387724492851,0.7085762922419847,0.6840867447167276,0.7856214634598131
72688,738448.7357815778,0.7059785671686565,0.7039241705038347,0.6929704520908967,0.781394140972725
72689,738448.7369307621,0.7059785671686565,0.7170170129646164,0.6929704520908967,0.7932657829233177
72690,738448.7379981988,0.7059785671686565,0.7039241705038347,0.6929704520908967,0.781394140972725
72691,738448.7394812956,0.7051361031700388,0.7093417425941232,0.6924524638475384,0.7855267801968046
72692,738448.7399033743,0.7142616175815143,0.7134020083991767,0.6999979163480337,0.7884426803373493
72693,738448.7423691673,0.7214967277063671,0.7277698768013304,0.7061698892735802,0.7999782192376527
72695,738448.7434563676,0.7197008503834312,0.7144983547664997,0.7050853808872452,0.7879484715799436
72696,738448.7437691962,0.7197008503834312,0.7057500498625972,0.7050853808872452,0.7807222260068263
72697,738448.7444280431,0.7281181667194058,0.7209631715389953,0.7122695417175571,0.7931025920946387
72698,738448.7470355079,0.718398729434172,0.7252461878541533,0.7040041984850084,0.7962887628600918
72700,738448.7502601846,0.7254729386386892,0.723263467151039,0.7102728776554151,0.7938042478270114
72701,738448.7523181293,0.7159305433353124,0.7147150234613051,0.7021359375456755,0.7867149159196448
72702,738448.7537132298,0.7159305433353124,0.7061698892735802,0.7100956211629361,0.7796278565982402
72703,738448.7540259401,0.7254729386386892,0.7190305991775694,0.7102728776554151,0.7906440543751804
72704,738448.7558165736,0.7362786003926587,0.7315318475427475,0.7194637501409292,0.8006390737235325
72705,738448.756941485,0.7314663219587196,0.726608075491979,0.7154615983429694,0.7961719339849187
72707,738448.7594753989,0.7331684401544469,0.7309657559602034,0.717082336758121,0.8001260079922133
72709,738448.7613861626,0.7408937473512573,0.7309657559602034,0.723514942085725,0.8001260079922133
72710,738448.764198622,0.7359089152609299,0.7216122980439822,0.7273989604563802,0.7916288701676013
72712,738448.765313314,0.7458018728552606,0.7292103493128441,0.7359344502436055,0.7978802645039154
72715,738448.7699267427,0.7458018728552606,0.733549220873055,0.7278163782426154,0.8018169648380902
72716,738448.7713663949,0.7486018017754521,0.737203005871231,0.730588848061545,0.8038705704248423
72718,738448.7808159476,0.7486018017754521,0.737203005871231,0.730588848061545,0.8038705704248423
72720,738448.7840055395,0.7486018017754521,0.737203005871231,0.730588848061545,0.8038705704248423
72722,738448.7868981101,0.752749222364808,0.7444585864561052,0.7342710828054979,0.8092443762172392
72723,738448.7875024264,0.7437266815033978,0.7280034153714409,0.7344019422581083,0.7955099171776423
72724,738448.7876609334,0.7437266815033978,0.7280034153714409,0.7344019422581083,0.7955099171776423
72725,738448.7964761383,0.7407359153957334,0.7232942506075387,0.7244059887051828,0.7905926777801279
72726,738448.7981533868,0.7319569919717728,0.7352883090661281,0.7168306665874931,0.8003294594927423
72727,738448.7991970575,0.7407359153957334,0.7232942506075387,0.7244059887051828,0.7905926777801279
72729,738448.8037590015,0.7407359153957334,0.7313763927347459,0.7244059887051828,0.797358289908051
72733,738448.8146639599,0.7364343130995907,0.7348869508188213,0.7207846830227936,0.7999639566188685
72734,738448.8174916956,0.7350956024090248,0.7271763679890572,0.720012306646702,0.7923422579960626
72735,738448.8203478672,0.7266061872222617,0.715362855419809,0.7199671695258169,0.7821049607128064
72736,738448.8212106037,0.7294980099158765,0.7177159159441926,0.72254904994669,0.7836699717822323
72737,738448.8230670821,0.7294980099158765,0.7216489534895824,0.7152689587633483,0.7872797443119869
72738,738448.8252361133,0.7434565386071674,0.7338896367314237,0.7274474379203486,0.7973425489488187
72739,738448.825470241,0.7434565386071674,0.7376390254704154,0.7274474379203486,0.8002183112898948
72741,738448.8309929564,0.734177927794834,0.726695959023899,0.7197347346042591,0.7902010223858293
72742,738448.8319221346,0.7403811840819355,0.7316633870812908,0.7251821555232535,0.7942105184297492
72743,738448.835613293,0.7322734454918642,0.7202353350079572,0.7251976168403446,0.7842648112959617
72744,738448.844301093,0.7345361216122653,0.7196628208745124,0.7203557569349919,0.7831845530243271
72745,738448.8472824239,0.7364005240561734,0.7286820166161943,0.7221048392690647,0.790412252006487
72746,738448.8480834321,0.7285292210580864,0.7175426186318746,0.7220857818454214,0.7806850559336588
72747,738448.8489984267,0.7285292210580864,0.7249115037610612,0.7152150662633606,0.7869435685676137
72748,738448.8495859742,0.7406852644772598,0.7357182481844008,0.7259282764371214,0.7968706089967924
72749,738448.8504812849,0.7371460531282188,0.7221557897963191,0.7230466669710423,0.7838811832309989
72751,738448.856750584,0.7371460531282188,0.7388199877417623,0.7230466669710423,0.7992009724039869
72752,738448.8576084424,0.7244059887051828,0.7181912638477899,0.7120836885931314,0.7797028400417448
72753,738448.8581188763,0.7399284618516017,0.7410923067600221,0.7257339627231122,0.8002894518121535
72754,738448.8624996619,0.745793239690089,0.736567930864827,0.7309304043252486,0.7951702380662513
72755,738448.8646457923,0.7395906028451417,0.736567930864827,0.7255877177638735,0.7951702380662513
72756,738448.8697917082,0.748042366374637,0.7384538832490326,0.7330183529600736,0.7964343858633605
72759,738448.8841704574,0.7406172009454621,0.7277516852831383,0.7331153554195913,0.7870440944697165
72760,738448.8863877532,0.7462694040209936,0.7323451333398773,0.7381560319715335,0.7908066391498265
72762,738448.9015725155,0.7387959483372541,0.7389551223438897,0.725180767192344,0.7973656280112161
72763,738448.9087224469,0.7460376160854933,0.737017662563658,0.7315833538952174,0.7941918722447524
72765,738448.9160432259,0.726785112891273,0.721507369721909,0.7150057324716032,0.7793862198158958
72767,738448.9188317305,0.726785112891273,0.7298493727602943,0.7150057324716032,0.7880343421631585
72768,738448.9205623722,0.7197804262456129,0.711418232148509,0.7149177537150301,0.7704676433451898
72769,738448.9250285366,0.7149534181688799,0.7175186694105992,0.7046803211151252,0.7752249191909033
72770,738448.9253779487,0.7218410566793774,0.7175186694105992,0.7108044510165036,0.7752249191909033
72771,738448.9256806278,0.7205250292287313,0.7187518635941694,0.7096544680832945,0.7759245884903857
72772,738448.9320580963,0.7218625534796598,0.7303008103587539,0.7109298211223188,0.787535989685579
72774,738448.9375840131,0.7156163504075553,0.7124795953297819,0.7055572813254721,0.7696357907146234
72775,738448.9377668803,0.7227988898531458,0.7119581670545111,0.7119581670545112,0.7691489875579413
72776,738448.944028661,0.717463643214511,0.7184200915688398,0.7072756986836548,0.774740915338544
72780,738448.9557262906,0.7137007220088405,0.7100011061207677,0.7039686115638745,0.766881927969424
72781,738448.959429661,0.7212932828812749,0.716284301750155,0.7107375405212194,0.772320806891193
72782,738448.9699063215,0.7278678467652265,0.7226720506276076,0.7166129371379933,0.7778571006032691
72783,738448.9752738158,0.7317450884942752,0.7259100850256082,0.7201225718835881,0.7804618169732718
72784,738448.9836861881,0.7317450884942752,0.7339100346423169,0.7201225718835881,0.7887174373994341
72785,738448.984588191,0.7280338560814006,0.7228973450374229,0.7169642929616507,0.7772488259191743
72786,738448.9873894227,0.7215924074103361,0.7134706118223652,0.7169007954897861,0.7688517997795458
72787,738448.9915044766,0.7317078575293045,0.7197231498963238,0.7202997341365557,0.7742862397143924
72788,738449.0054575243,0.7317078575293045,0.7349212378171893,0.7202997341365557,0.779722016206035
72789,738449.0065399515,0.7317078575293045,0.7349212378171893,0.7202997341365557,0.779722016206035
72791,738449.0136830949,0.7384704674430401,0.734284022871105,0.7263553749332172,0.779147141286247
72796,738449.0326042544,0.7384704674430401,0.740666987492177,0.7263553749332172,0.7845801750003442
72799,738449.0558857605,0.7384704674430401,0.740666987492177,0.7263553749332172,0.7845801750003442
72801,738449.0601079605,0.7438314850301584,0.7452205241021914,0.7311798497081898,0.7883672675295138
72802,738449.0728964912,0.7476461966942057,0.7484609769982797,0.7346470619719709,0.79097760424868
72803,738449.0740746696,0.7476461966942057,0.7484609769982797,0.7346470619719709,0.79097760424868
72804,738449.0974499983,0.7446299740146527,0.7449305006916839,0.7319937091522076,0.7877998271680611
72805,738449.1060875679,0.7456631377902141,0.7599035928023374,0.7330138380144504,0.8015411313340974
72806,738449.124140924,0.7401938072425138,0.742071803812279,0.7282961302878892,0.7846191285880716
72807,738449.1298913172,0.7340389175588273,0.7358861827516238,0.7227581215768402,0.77932973185175
72808,738449.1319051873,0.7401938072425138,0.742071803812279,0.7282961302878892,0.7846191285880716
72809,738449.1394431586,0.7340389175588273,0.7358861827516238,0.7227581215768402,0.77932973185175
72810,738449.1455087011,0.7340389175588273,0.743933256750928,0.7227581215768402,0.7872086138601503
72815,738449.2005973989,0.7464547487287844,0.747421593313278,0.7339289554573691,0.7891543484673552
72816,738449.2232674612,0.7443832941534678,0.7476400910176764,0.73210005011542,0.7859597719882637
72817,738449.2594297776,0.7453888452355034,0.7508716641941332,0.7330931301044415,0.7888714298433827
72818,738449.260078241,0.7486629541428701,0.7493003483492958,0.7360923422089015,0.7871941207344808
72819,738449.2633562105,0.7426232470034633,0.7432033640077726,0.7306477142969863,0.7819564232325784
72820,738449.2747093557,0.7480670501682807,0.7427392288672386,0.7356696650098152,0.7812704965455323
72821,738449.2778324353,0.7480670501682807,0.7580150259012292,0.7356696650098152,0.7947872871432058
72823,738449.2805488093,0.7473518809042574,0.7440998738075839,0.740559954690516,0.7822380141883132
72826,738449.2989480811,0.7598599174384874,0.768237889491656,0.7463173110180471,0.8034859959310635
72828,738449.3058391783,0.7648213151080588,0.7715432849912036,0.7508162924745461,0.8064508889049791
72831,738449.324618031,0.7574903754126485,0.7619201436899155,0.7443290695508991,0.797333582857469
72832,738449.3261340884,0.7467327519030351,0.7476028532105911,0.7349782783998347,0.784156513997468
72833,738449.3301796806,0.7467327519030351,0.7564496360766653,0.7349782783998347,0.7921627007298042
72834,738449.3316361516,0.7467327519030351,0.7553958074313988,0.7349782783998347,0.7914478447602513
72835,738449.3323317418,0.7437901857391248,0.7518748521430647,0.7323583942157933,0.7882656880036047
72838,738449.3615036315,0.7397216634837996,0.7463647253279815,0.7288200806063502,0.7825563691821326
72837,738449.3615094521,0.7453195854182056,0.740657255959034,0.7339030720279368,0.7776087410980337
72839,738449.3621165975,0.7397216634837996,0.7463647253279815,0.7288200806063502,0.7825563691821326
72840,738449.3740779742,0.7453195854182056,0.7463647253279815,0.7339030720279368,0.7825563691821326
72841,738449.374740881,0.7453195854182056,0.7481882142515602,0.7339030720279368,0.7849293999166529
72847,738449.4007164579,0.7456534102549114,0.7534442739945172,0.7342008417352783,0.7904398193980888
72848,738449.4011499138,0.7455699260141663,0.7533097452198323,0.7342158153738055,0.7890883159722948
72849,738449.4091270773,0.7511079731364444,0.7533097452198323,0.7392494196717998,0.7890883159722948
72850,738449.4177519585,0.7455699260141663,0.7536686598790772,0.7393744726362613,0.7891807176797239
72853,738449.4372297188,0.7455699260141663,0.7457132313561732,0.7342158153738055,0.7817300674258532
72855,738449.4761108574,0.7464735475639851,0.7591163897112957,0.7351112781782351,0.7941102962682969
72856,738449.49906543,0.7418959612013499,0.7425247600929457,0.7310192074448374,0.7785965744635948
72857,738449.5038773643,0.7473639910249921,0.7481196901689962,0.7359948852590524,0.7834594107593587
72860,738449.5666805633,0.7474839940191925,0.7482186119309041,0.7361890691921089,0.7833252023834342
72862,738449.5854120186,0.7474839940191925,0.7482186119309041,0.7361890691921089,0.7833252023834342
72863,738449.590394928,0.7488911887971003,0.7494390209159528,0.737534717797815,0.784214989621884
72867,738449.6039599437,0.7451435205660597,0.7534228930167938,0.734177927794834,0.7874106729953194
72868,738449.6244640814,0.746019765904223,0.7583270968741462,0.7350462161411625,0.7925081786555689
72871,738449.6592249838,0.749210611780631,0.756928577853628,0.737906318149494,0.7903916373212315
72872,738449.6649976753,0.7545418227313686,0.7543576608741347,0.7427684842087229,0.7882613759696013
72873,738449.6745803525,0.749210611780631,0.7497135243983108,0.7427684842087229,0.7882613759696013
72874,738449.6884626277,0.7493130645198235,0.7526110582789179,0.7429088886576526,0.7909102759864097
72876,738449.7052214188,0.7493130645198235,0.7497993274935904,0.7429088886576526,0.78810015506979
72879,738449.7275556191,0.7422290020022227,0.7382373417490925,0.736558164473304,0.777497536458152
72880,738449.7592821808,0.7393261361340366,0.7410456192052601,0.7339728975580746,0.7795964350772209
72881,738449.7651252054,0.7393261361340366,0.7436910608253402,0.7339728975580746,0.7822638474629455
72882,738449.7985595758,0.7393261361340366,0.7404537115883737,0.7339728975580746,0.7795964350772209
72883,738449.8226381738,0.745186139161379,0.7402746850623609,0.7346166527620474,0.7794327918288838
72884,738449.8427311985,0.745186139161379,0.7428308411257741,0.7346166527620474,0.7815301411106855
72885,738449.843819503,0.8815178929024056,0.756208045877488,0.8732462772853588,0.7982854184331312
72886,738449.8508112507,0.741478383737259,0.7343393240088326,0.7360012867484598,0.7737585548721703
72887,738449.8609751514,0.741478383737259,0.7395987961434443,0.7360012867484598,0.7783377744666172
72888,738449.8751304388,0.741478383737259,0.7368783924082228,0.7313527679400972,0.7758461934041985
72889,738449.8755036357,0.7435346346955105,0.7414155944762094,0.7379049310840772,0.7797672051508184
72891,738449.9188408373,0.7486827432136866,0.7380033678790212,0.7427517474612558,0.776641725089063
72892,738449.9282989396,0.7512939273906328,0.7455260947427955,0.7404260147743407,0.7830737507936923
72897,738450.0360715558,0.7512939273906328,0.7444461505611952,0.7450217800080291,0.7823917473035729
72899,738450.0638234011,0.7470861203563072,0.7444461505611952,0.7412072103676124,0.7823917473035729
72900,738450.0642202215,0.7512939273906328,0.7513925915423315,0.7450217800080291,0.7889667973602612
72903,738450.1155950438,0.7479899661820713,0.7484276191582068,0.7420688554090947,0.7860330368504401
72904,738450.1234261876,0.7479899661820713,0.7416022731915176,0.7420688554090947,0.7795597023454597
72906,738450.1362857012,0.7438508912703916,0.7416022731915176,0.7383110917332831,0.7795597023454597
72909,738450.1831673089,0.7479899661820713,0.7389231366725877,0.7372526672299654,0.7836230894959841
72913,738450.2436889054,0.7413679584222828,0.7394172902452861,0.7360923422089013,0.7773295914336693
72915,738450.2772180875,0.7480019782258512,0.7416983997424563,0.7421619372868666,0.7791998566553656
72919,738450.3247206274,0.7513158961125455,0.7446476156914213,0.745214554266781,0.7816863977946915
72920,738450.332195336,0.7513158961125455,0.7470661959344927,0.745214554266781,0.7836892906524844
72921,738450.3415574176,0.7491691629124064,0.7463814423176877,0.7433038228986251,0.783061271587552
72922,738450.3435802021,0.7532417884420883,0.7487835894883652,0.7470071159664472,0.7850524440675978
72924,738450.3583367227,0.7579800265926178,0.7505833440241618,0.751356728971143,0.7867023741442011
72926,738450.3638688555,0.7579800265926178,0.7529686466213559,0.7469185135330508,0.788680859173736
72927,738450.3652145719,0.7610365872805339,0.7506568256685727,0.7497575305412648,0.7865618042232244
72928,738450.3664714997,0.7641708710601784,0.7510838690328169,0.7570740085003681,0.7869533622699305
72929,738450.366792547,0.7641708710601784,0.7510838690328169,0.7570740085003681,0.7869533622699305
72931,738450.3826407851,0.760070822952804,0.7561112395448057,0.753347202551351,0.7913560707786028
72936,738450.4710350016,0.761726468005195,0.7540174770360855,0.7548982478252976,0.7892363918044278
72938,738450.5076006056,0.7654949655662185,0.7573767404928446,0.7583722035563185,0.7921175111121125
72943,738450.5762849876,0.7654949655662185,0.7573767404928446,0.7583722035563185,0.7921175111121125
72946,738450.6091046019,0.7654949655662185,0.7497909216715334,0.7586152145789508,0.7853580802967894
72947,738450.631746845,0.760680939152449,0.753195543934489,0.7540354923236866,0.7880855964293155
72949,738450.6465642408,0.7567047600056659,0.753195543934489,0.750411566167651,0.7880855964293155
72952,738450.7168408368,0.760689713644205,0.7532504823112078,0.7540868317260027,0.7879408956622498
72953,738450.7311392385,0.760689713644205,0.7532504823112078,0.7540868317260027,0.7879408956622498
72954,738450.7622593606,0.760689713644205,0.7532504823112078,0.7540868317260027,0.7879408956622498
72955,738450.767205955,0.760689713644205,0.7483700339877088,0.7498109623529731,0.7836512770081958
72957,738450.799982213,0.7627682922728727,0.7551285148092196,0.7517681499748805,0.7894736279038034
72961,738450.8598998075,0.7627682922728727,0.762597556576059,0.7520250768887476,0.7929414969332951
72962,738450.8665291975,0.7658664559398817,0.7579060764198995,0.7549086086252842,0.7884824973231418
72964,738450.8714409074,0.7680963570875493,0.7599203532865298,0.7570045298596579,0.7901584239479649
72966,738450.8888367461,0.7680963570875493,0.7550882736207438,0.7527705418737682,0.7859020367485932
72967,738450.9047584158,0.9413897729116729,0.770514796499034,0.9022738543696367,0.8031701323047875
72968,738450.9087321141,0.7704024942007769,0.7558698695150687,0.7591704600767342,0.788569873486409
72971,738450.9296800792,0.7664642146539862,0.7625128140983862,0.7555914771018524,0.795008399199721
72976,738451.0292245746,0.7737154426338803,0.7574072899266976,0.7551676541956925,0.7843721631332494
72977,738451.0578533541,0.770811990735166,0.7578735268417899,0.75269346935793,0.7862015889630808
72978,738451.0621376635,0.8849260603044314,0.7664295171864124,0.8783483903661273,0.796608258594056
72980,738451.0712977345,0.8954525400067046,0.767633524521013,0.8837387713147565,0.7975425695965275
72981,738451.0836563382,0.770811990735166,0.7555769084238451,0.75269346935793,0.7821493639921169
72984,738451.1094005668,0.770811990735166,0.7508613241016735,0.7570671491441198,0.7780454377362629
72985,738451.1256105686,0.7737400174497397,0.7559803561536743,0.7554202709817254,0.7825125800058591
72986,738451.1937872859,0.7776840087317758,0.7623254203620909,0.7596570145502425,0.7896263307331851
72989,738451.280149245,0.7784178732537534,0.7624035955577388,0.7598241925904163,0.7878811394690175
72991,738451.3234694763,0.7801697279699136,0.7646513281796842,0.7655908418528802,0.7914432343934087
72992,738451.3255548367,0.767987665621162,0.7593520538860312,0.76045585129333,0.7851336416898284
72993,738451.340855613,0.7764440772838151,0.7636642122739524,0.7623329295517044,0.7902729176658209
72995,738451.3502716622,0.7764440772838151,0.7615225233247709,0.7623329295517044,0.7884736967315674
72996,738451.3531167898,0.7681261490492701,0.7544019677423122,0.7549322869812312,0.7818786243644825
73000,738451.3805912858,0.7681261490492701,0.7516377146363068,0.7509414672678705,0.7778992070094249
73002,738451.3981658908,0.7718324512858349,0.7549451495746714,0.7543691448234232,0.7807541247698908
73004,738451.4211548044,0.7768771078301867,0.7594122806372434,0.7589971763867572,0.7846578953937404
73006,738451.4562972672,1.2479726491472753,1.5149807508252973,1.2479726491472753,0.9024300922664973
73008,738451.4673011544,0.7720569411056776,0.7553331611620835,0.7587127341184993,0.7808409910499053
73010,738451.4833124813,0.7720569411056776,0.7580540987148296,0.7587127341184993,0.7847763915467342
73011,738451.5004209845,0.7712880143090537,0.7547605424609407,0.7541885552457349,0.7801927418261958
73012,738451.5005605285,0.7758788536505524,0.7588419893875625,0.7584144983566146,0.7837586191459959
73014,738451.5086689286,0.7758788536505524,0.7615362274631242,0.7623181794979239,0.7876702538278918
73015,738451.5313604991,0.7805542957651438,0.7699158415809048,0.7666154944814032,0.7936385165819809
73017,738451.5826090493,0.7728351720494353,0.7590449733363686,0.7597248602958716,0.78514373584256
73018,738451.5839146116,0.7728351720494353,0.7590449733363686,0.7564555524954181,0.7929215892860624
73019,738451.5870415112,0.7746612832165027,0.7607137387122767,0.7614514139798632,0.7865324530768514
73020,738451.5983772654,0.7746612832165027,0.7607137387122767,0.7581863849459527,0.7865324530768514
73022,738451.6172743825,0.7746612832165027,0.766840221300263,0.7614514139798632,0.7923537620411821
73024,738451.6300378729,0.7751819466344073,0.7612448821150055,0.7587470887492058,0.7868881379954886
73025,738451.6353043248,0.7751819466344073,0.7673509568815613,0.7587470887492058,0.7926898664489297
73026,738451.6406315138,0.7751819466344073,0.7612448821150055,0.7619978668505488,0.7868881379954886
73027,738451.6537978493,0.7783571862852837,0.7701177304122218,0.7616884161522969,0.7949513637920794
73028,738451.6681512522,0.7768023762781746,0.7628123218441191,0.7636139839446828,0.7880644623459419
73029,738451.6713105149,0.7768023762781746,0.7628123218441191,0.7603867966508937,0.7880644623459419
73030,738451.6813253594,0.7774729290703342,0.7634741766170218,0.7642953975570099,0.7885442802628417
73031,738451.6939747151,0.7774729290703342,0.7585929814903961,0.7645410749814429,0.7826796692995058
73032,738451.6980903721,0.7726826559633012,0.7593582064212875,0.7600261391565309,0.7846698163151465
73033,738451.7042581964,0.7726826559633012,0.7621442378498243,0.7602434163555973,0.7860194880606988
73034,738451.7425500868,0.7726826559633012,0.7593582064212875,0.7600261391565309,0.7846698163151465
73036,738451.7479617315,0.7702231196147414,0.754717804892503,0.7541768999997268,0.7789215615139158
73037,738451.7540011826,0.7702231196147414,0.7572738464820874,0.7578637809018592,0.782644371598281
73038,738451.7571212461,0.7702231196147414,0.7572738464820874,0.7547385694342226,0.782644371598281
73039,738451.7781781316,0.7691111185349211,0.7538261423531735,0.7532594149620339,0.7779927936321438
73040,738451.799571771,0.7737165743345311,0.7579454108906225,0.7575151178714239,0.7816282739762193
73041,738451.8161913735,0.7737165743345311,0.7604777960445014,0.7611741139790665,0.7853294942746119
73042,738451.8238243696,0.777827124222653,0.7641545136127597,0.7649770696015786,0.7885691789223132
73043,738451.8348691807,0.7792913439260377,0.7694682190322426,0.7627378938685268,0.7918822163936278
73047,738451.9182437252,1.2165111537906212,1.661235723127193,1.1259486567862083,1.2634021291730966
73051,738451.9736347161,1.661235723127193,0.7751596664436168,1.1462317704191392,0.7952787249768218
73054,738451.9799433788,0.7792913439260377,0.7693146386300889,0.7632517839060934,0.7930500419979333
73058,738452.0341592426,0.7830488866032904,0.7726786885033851,0.7698606769883298,0.7960075482688943
73059,738452.0351417649,0.7830488866032904,0.7726786885033851,0.7698606769883298,0.7960075482688943
73060,738452.0356309887,0.7816119167872689,0.7714655157219319,0.768625630447728,0.7947919882462624
73062,738452.064563791,0.7816119167872689,0.7689868566583715,0.768625630447728,0.7947919882462624
73063,738452.0721073083,0.7856629234472712,0.7726212693035378,0.7723775823525839,0.7979918472315999
73065,738452.1107676988,0.7856629234472712,0.7786321056438237,0.7723775823525839,0.8037078231722358
73068,738452.1828373953,2.1714724095162596,1.711505347401978,1.0309661291471854,1.3028834457097558
73070,738452.1981940072,0.7856629234472712,0.7726212693035378,0.7687743295443517,0.7979918472315999
73077,738452.2674138627,0.786094245825089,0.7730684626609606,0.7728403150452249,0.7982828013882719
73079,738452.3666547016,0.7881523834187396,0.7814126185495673,0.7747820221945603,0.8057811972693483
73089,738452.4613219132,0.7881523834187396,0.7749492613887021,0.7747820221945603,0.7998845909088012
73092,738452.5910670732,0.7884859584791862,0.7753106558813024,0.7715997099436892,0.796479154628528
73093,738452.5922539184,0.7884859584791862,0.7753106558813024,0.7715997099436892,0.796479154628528
73094,738452.5962910997,0.7923121345792162,0.7787515434811985,0.775155751798302,0.7995111964345577
73095,738452.6366310336,0.7923121345792162,0.7787515434811985,0.7787063671703514,0.7995111964345577
73096,738452.6500231143,0.7923121345792162,0.7787515434811985,0.7755995307097117,0.8031302913847878
73098,738452.6604669127,0.7925406784783556,0.7808615581417977,0.7754522043670943,0.8012422577376314
73099,738452.6711227769,0.7925406784783556,0.7848451745620014,0.7789850724087937,0.8086887444190072
73102,738452.7228946419,0.7955250947675203,0.7835517257527301,0.7782464879085483,0.8035963469724184
73110,738452.7692097377,0.7955250947675203,0.788164059750346,0.7786727523036503,0.8114992777736553
73112,738452.7902626497,1.1550385157001377,1.7371779276130077,1.146652097434328,1.0340344807220283
73113,738452.8260908852,0.799887513993506,0.7915354142927038,0.7826971696878761,0.8145701042607881
73122,738453.0014750028,0.8005632062785271,0.7863049324875994,0.7829926943885321,0.8065972129427791
73123,738453.0051368267,0.8005632062785271,0.7863049324875994,0.7833947813361927,0.8065972129427791
73125,738453.0309875847,0.8005632062785271,0.7863049324875994,0.786498212841203,0.8065972129427791
73126,738453.0906989023,0.8013138250850752,0.7848220295926907,0.7876125486485721,0.8015913303445206
73130,738453.1973577545,0.804819141147292,0.7963540231232068,0.7905153827099911,0.8103974302674737
73141,738453.3401893516,0.804819141147292,0.7902010223858293,0.7874124251329985,0.8082839524012617
73151,738453.3941654968,0.8053026773173267,0.7906991925955943,0.7875596325409502,0.8050917291669858
73161,738453.5835266554,0.8053026773173267,0.7906991925955943,0.7875596325409502,0.8023026488854846
73165,738453.8050734444,0.8069955720379829,0.79226483648927,0.7861455168573211,0.80170951237909
73167,738453.853157536,0.8069955720379829,0.79226483648927,0.7921769002985402,0.8034590120345031
73170,738453.8646037614,0.8089202246545649,0.7940356644723058,0.7940397405013981,0.8086495865573002
73171,738453.866732149,0.8089202246545649,0.7940356644723058,0.7940397405013981,0.8086495865573002
73173,738453.9061525168,0.8106714725085655,0.7956540126471789,0.7957416838801554,0.810079305659727
73174,738453.9397718676,0.8106714725085655,0.7956540126471789,0.7925976433605914,0.8073967863172001
73176,738453.9679477003,0.8103152302283779,0.7954111390169448,0.7993655549262889,0.8133657127808559
73177,738453.9784841614,0.8103152302283779,0.7954111390169448,0.7990356054082708,0.8097318060947694
73178,738453.9817290772,0.8103152302283779,0.7932142622074717,0.803016238813255,0.8076753022451104
73179,738453.9976096805,0.8103152302283779,0.7954111390169448,0.7990356054082708,0.8097318060947694
73182,738454.0532960409,0.8114042811359687,0.7981795059395643,0.8001246865074155,0.8087156311168034
73184,738454.0655109542,0.8114042811359687,0.7964449681480449,0.8036384890029806,0.8107683769257463
73189,738454.2763123016,0.7983661794371617,0.7921310930828542,0.7917454463718362,0.8082185519681844
73192,738454.2931136368,0.8089006132890683,0.7943007400068309,0.8012964177072142,0.8086960185058113
73193,738454.302932562,0.8089006132890683,0.7943007400068309,0.8012964177072142,0.8086960185058113
73205,738454.4061976722,0.8123616300413387,0.7991507899082552,0.8011455854403515,0.8095285747446951
73226,738455.0200108618,2.5360261716978223,1.5292059221945489,1.3953236366369537,1.4932761555412672
73229,738455.0625965955,0.8123616300413387,0.7982053402114995,0.8046272259469632,0.8108718822327325
73232,738455.1235078038,0.8123616300413387,0.8002277953587696,0.8137831592068581,0.816764191646292
73233,738455.1246892313,0.8123616300413387,0.7940075574181701,0.8105286464772173,0.8109011700429236
73234,738455.1443736734,0.8141431412363246,0.7957141527841891,0.8122663337599981,0.8123953304676086
73240,738455.3123401742,0.8176649595876267,0.805287738584443,0.815692538577536,0.8212585375627554
73253,738455.460951916,0.8113745135711752,0.7933739975666102,0.8127960302712979,0.8100938737051936
73255,738455.4941286242,0.8113745135711752,0.7951269874981388,0.8093205403938245,0.8080710859416121
73259,738455.538487926,0.8152428183590115,0.7969776097947062,0.8165732479143588,0.8097669329215528
73264,738455.6580274493,0.8078943619918848,0.7947720834687255,0.8031446062845087,0.8077457755205408
73269,738455.7181911413,0.8152428183590115,0.7969776097947062,0.8165732479143588,0.8133380674972103
73271,738455.7849531284,0.8151079043669192,0.7969415933731505,0.812981059347158,0.8096779154737578
73274,738455.85403986,0.8151079043669192,0.7969415933731505,0.8164346320852376,0.8110466055023297
73282,738456.0393635576,0.8151079043669192,0.8002010497048951,0.8164346320852376,0.8118639258691525
73283,738456.0423300097,0.8188745495304423,0.805474041340141,0.8166637745584583,0.8165801669097615
73284,738456.1313576576,0.8183262834523253,0.8070786041684247,0.8232494147573081,0.8212268302351814
73289,738456.2261596705,0.8199705103160474,0.8064133275383311,0.8254075444842254,0.816965213667027
73290,738456.2464541661,0.8199705103160474,0.8103817371120156,0.8214085514428409,0.8205531485846389
73291,738456.3025352042,0.8229346971886032,0.8092202117340892,0.8283103431961795,0.8194899115926276
73301,738456.4221068987,0.8267551530615873,0.8150821364743142,0.8279584189543998,0.8253464530606751
73302,738456.4231222912,0.8267551530615873,0.8167816693505542,0.8245330321848614,0.82685897470035
73303,738456.4240915665,0.8298620673310544,0.819716751780894,0.8275736083860068,0.8295038663739676
73304,738456.4262953546,0.8320133283806607,0.8200835482511735,0.8298620673310544,0.8298396707081809
73306,738456.4326555986,0.8303831574489979,0.8202955098465251,0.83149164429194,0.8299509129032755
73307,738456.434693135,0.8303831574489979,0.8202955098465251,0.828103884985014,0.8299509129032755
73309,738456.4449041234,0.8264559170546957,0.815019600399935,0.8276424429450134,0.8251144463396977
73312,738456.4483255988,0.8264559170546957,0.8127996190615291,0.8282135530932093,0.8230776134175342
73313,738456.4595384704,0.8302748185224903,0.8186296056310745,0.8313750337254592,0.8283829303661387
73314,738456.5113264666,0.8302748185224903,0.82028739004831,0.8313750337254592,0.8298620673310544
73316,738456.5390614828,0.8283765117784248,0.8204222388178429,0.8259540047064199,0.8330719853369924
73321,738456.6018307717,0.8283765117784248,0.8169143797830195,0.8295115025037215,0.8267682688726932
73322,738456.604284999,0.8264291023531267,0.8210808442595773,0.8242883483096711,0.82742624634145
73323,738456.6097187595,0.8292018747556121,0.8155941373691531,0.8308855713698163,0.8219977235426348
73325,738456.6137878168,0.8292018747556121,0.8155941373691531,0.8308855713698163,0.8219977235426348
73327,738456.6516345461,1.217648080102575,1.4928872815424288,0.8845101464424681,1.0142758600712887
73329,738456.7393940086,0.8292018747556121,0.8157353291180268,0.8270046722670384,0.8254733319241827
73330,738456.7507704812,0.8302922312274024,0.8151708552288353,0.8313714923275417,0.8284289120220599
73342,738456.8642392411,0.8302922312274024,0.8151708552288353,0.8313714923275417,0.8284289120220599
73343,738456.88694764,0.833350157160845,0.8197060375490145,0.8310741225726184,0.8290396931966315
73344,738456.8919078183,0.833350157160845,0.8180782602169611,0.8343607685568684,0.831055239466657
73348,738456.9181189531,0.8326016325784675,0.8190723190631412,0.8303540561067064,0.8318651603846448
73349,738456.920535232,0.8326016325784675,0.8174515817517158,0.8336231057593743,0.8304233830195635
73350,738456.9219448862,0.8334428366388104,0.8183006681972884,0.8311856112980895,0.8311532795098798
73351,738456.9241389851,0.8362386968486046,0.8209655333215178,0.8371756747272869,0.8335592278351325
73352,738456.9246359074,0.8362386968486046,0.8209655333215178,0.8371756747272869,0.8335592278351325
73353,738456.9259811456,0.8261246144648523,0.8116287143911264,0.827263560379335,0.8248834457532852
73354,738456.9279742526,0.8261246144648523,0.8116287143911264,0.827263560379335,0.8248834457532852
73357,738456.9410889217,0.8261246144648523,0.817330158397502,0.8242524615375002,0.8302046051397198
73358,738456.9418656962,0.8261246144648523,0.8116287143911264,0.827263560379335,0.8248834457532852
73361,738456.9633303662,0.8243428410805962,0.8079391796481618,0.8260421359806509,0.8180543180313415
73364,738456.9870300528,0.8243428410805962,0.8119021051159738,0.8255122344800015,0.8233540885785724
73365,738456.9906193325,0.8243428410805962,0.8119021051159738,0.8255122344800015,0.8233540885785724
73366,738457.0031369729,0.8207139815494522,0.8085462469896906,0.8219498201645854,0.8202283030581924
73367,738457.0057774428,0.8207139815494522,0.8064590679026159,0.8224566240743341,0.8149772099925368
73370,738457.032972803,0.8199939317237069,0.8058479452147814,0.8217387029162554,0.8143835919277899
73371,738457.0711615348,0.820773273124481,0.8087085858498027,0.8219968550706598,0.8202833865958588
73373,738457.1114256517,0.820773273124481,0.8087085858498027,0.8219968550706598,0.8202833865958588
73374,738457.129472387,0.8173813298110358,0.8055692129853491,0.8186650167998687,0.8173510668862806
73376,738457.176165778,0.815158996832313,0.8050991289856202,0.8133943473773277,0.8135614603099487
73377,738457.1786691988,0.815158996832313,0.8035279761352854,0.8164794320540747,0.8154257717580273
73378,738457.1795339625,0.815158996832313,0.8035279761352854,0.8164794320540747,0.8154257717580273
73379,738457.1909088258,0.8171214072928541,0.8112998105197987,0.8183986734773192,0.8225274278470679
73380,738457.2087534661,0.8161486437127436,0.8034007454275165,0.8064567320987235,0.812004404883518
73381,738457.2104705095,0.8171214072928541,0.8054265647790908,0.8218828461195345,0.8171260450478064
73386,738457.2376340536,0.8187972397666404,0.8070553952434039,0.8169681447489173,0.8153213052000974
73387,738457.2378625799,0.8196315966860626,0.8094402559274745,0.8177921807717808,0.8174431071417586
73391,738457.3367134905,0.8141431412363246,0.8007824498695018,0.815912507201231,0.8094987079281674
73403,738457.5760247428,0.8141431412363246,0.8027688670853098,0.8154594650364436,0.8145389381436388
73410,738457.7040159586,0.8141431412363246,0.8027688670853098,0.8154594650364436,0.8145389381436388
73412,738457.7104651856,0.8147774404088357,0.8014342968625074,0.8165306761563599,0.8100634494725198
73417,738457.8379552207,0.8156781593130136,0.805843380900491,0.8139482630194583,0.8140477636424589
73418,738457.840646477,0.8156781593130136,0.8023359838523445,0.8174118726493281,0.8108583536111751
73422,738457.9214814091,0.8156781593130136,0.8043129662463849,0.8168770922288838,0.8142039146792776
73423,738457.9338062672,0.8107306528950508,0.7996923887736932,0.8090040563517287,0.8067293323742538
73425,738457.9495538593,0.8107306528950508,0.7996923887736932,0.8119953486009807,0.8099022040944301
73428,738457.9906936013,0.9565957751172948,1.329472903785465,1.4239163341090224,1.1698167862713849
73430,738457.9950653526,0.8105029211258199,0.799523723049465,0.81176538673505,0.8097068346078198
73433,738458.06448301,0.8105029211258199,0.799523723049465,0.81176538673505,0.8097068346078198
73434,738458.0739504109,0.8105029211258199,0.799523723049465,0.8090277806452099,0.8097068346078198
73435,738458.1321590226,0.8118647865783238,0.7989203969847021,0.8101336319172986,0.8059645888562907
73436,738458.157276711,0.8118647865783238,0.800855584694229,0.8131025655561083,0.8108976215696406
73437,738458.1628994351,0.8147449497369325,0.8036211134530815,0.8129719151880588,0.8134129663905085
73438,738458.1664461308,0.8147449497369325,0.8036211134530815,0.8131944367877163,0.8134129663905085
73439,738458.1756959747,0.8137077242246019,0.8041867294869233,0.8119599613723308,0.8107321681689893
73449,738458.3216445828,1.5760686843263172,0.7958187571175357,1.13541041020458,0.8081905977601533
73469,738458.6491420155,0.8137077242246019,0.8024459310002104,0.8119599613723308,0.8091301568275121
73470,738458.6868861769,0.8137077242246019,0.8024459310002104,0.8149090006967756,0.8122523657587813
73476,738458.787230525,0.8137077242246019,0.8024459310002104,0.8149090006967756,0.8122523657587813
73477,738458.7923675699,0.8115692291707968,0.8019689689578091,0.8098651265455022,0.8086401525008048
73478,738458.802259818,0.8115692291707968,0.7985801076982871,0.8069083430102931,0.8086401525008048
73479,738458.814632049,0.8114724481432051,0.8019171724445822,0.8097771804469261,0.8116521698052406
73480,738458.8557678908,0.8148898144925101,0.8036955312425399,0.8160594243879198,0.8132969125153481
73481,738458.9024058442,0.8148898144925101,0.8036955312425399,0.8160594243879198,0.8132969125153481
73482,738458.9292092248,0.8168657215244454,0.8070666685787772,0.8150941305336642,0.8163430110963381
73483,738458.9317377213,0.8173325177764549,0.8041880062563062,0.815560471241276,0.8106107107408737
73485,738458.9387397827,0.8173325177764549,0.8111726295348977,0.8157679866696442,0.8204632817571654
73486,738458.9418519114,0.8173325177764549,0.8060843875277153,0.8184583875679657,0.8154347017654935
73487,738458.9451466508,0.817601018437292,0.8063823271413165,0.8187184773050976,0.8156754078299344
73488,738458.9513833778,0.8165751832277922,0.806910914924802,0.8148304409395382,0.8130504444743925
73489,738458.972690314,0.8165751832277922,0.806910914924802,0.8177022066489298,0.816095770646942
73490,738458.9838551949,0.8193588662367949,0.8081266915029622,0.8204428135154334,0.8172207992803124
73491,738458.9961338764,0.8221381578859475,0.810787650647444,0.8231791624671285,0.8196493183736808
73492,738459.0028380348,0.8209661160772115,0.8078539219625707,0.8191701730395287,0.8138751661411052
73493,738459.0028389933,0.8209661160772115,0.8147744270520195,0.8220190672612538,0.8236359399762957
73494,738459.0258944305,0.8209661160772115,0.8097291351097694,0.8220190672612538,0.8186372097017907
73498,738459.0634865704,0.8225016796101655,0.8181268968111896,0.8206876056019798,0.820205710010232
73499,738459.0656320151,0.8225016796101655,0.8178741944782157,0.8206876056019798,0.8169572646788033
73500,738459.067611332,1.1964035314139168,1.240841376866434,1.3875223064001658,1.0994797010208903
73503,738459.0984812641,0.8249965533340383,0.8202902725582725,0.8259855011172956,0.8221676564188132
73507,738459.1417631983,0.8262600669348417,0.8196083831407234,0.8243985323555426,0.8185314791263575
73514,738459.1630799888,0.8262600669348417,0.8196083831407234,0.8243985323555426,0.8185314791263575
73520,738459.3078967108,0.8262600669348417,0.8196083831407234,0.8243985323555426,0.8185314791263575
73523,738459.3462826052,0.8213844995082344,0.8168548248963984,0.8224148299787792,0.8190358283831773
73524,738459.373888301,0.8239737972250497,0.8174726874601793,0.8221647228306067,0.8166070929438418
73532,738459.4269591093,0.8239737972250497,0.8193624453506541,0.8249648239177337,0.8213052474193604
73540,738459.5297324423,0.8239737972250497,0.8189943084608207,0.8249648239177337,0.8213052474193604
73551,738459.7657081005,0.8239737972250497,0.8204024783209342,0.8221647228306067,0.822571780903301
73552,738459.7730209368,0.8262399832866303,0.8211995808783462,0.8271961978882698,0.8232931890630354
73556,738459.8233082322,0.8281180340766295,0.823030652864478,0.8290448408425078,0.8249430412011113
73557,738459.8449110464,0.8292893097692463,0.8241801956190311,0.8274152070735573,0.8230027813770378
73558,738459.8480181849,0.8292893097692463,0.8241801956190311,0.8301964784399145,0.8259767364154587
73560,738459.923632109,0.8319817660981834,0.8267969611603517,0.8328486100673911,0.8241658404893473
73562,738459.9599217947,0.8314233464855176,0.8262783672574454,0.8322944001602977,0.823707113320959
73563,738459.9769536594,0.8314233464855176,0.8276553134217681,0.8295292405130542,0.8249590854158487
73565,738460.0801369334,1.0464927274777154,1.3081159093471444,1.1865969450908522,1.0882094079580338
73566,738460.113241785,0.8314233464855176,0.8262783672574454,0.8322944001602977,0.8241658404893472
73590,738460.532424133,0.8293589681692896,0.8243064542855808,0.8276586567947031,0.8195880606084254
73599,738460.7425413053,0.8286937470512307,0.8236838811726875,0.829594781099567,0.8179459286496829
73604,738460.8570923925,0.8286937470512307,0.8236838811726875,0.829594781099567,0.8179459286496829
73611,738460.9715766388,0.8277241570002698,0.8227671618685914,0.8286346422943277,0.8171354190454109
73613,738460.9795035927,0.829799886747559,0.8247897822655077,0.8306792025178511,0.8189882660061323
73614,738460.9930834136,0.829799886747559,0.8247897822655077,0.8281106590071577,0.8189882660061323
73619,738461.064294516,0.8305646747888275,0.825547081612508,0.8287207751635027,0.8139426382690083
73642,738461.1233095565,1.1135755946237225,0.8440833190596116,0.835181695967792,0.8229391326733049
73652,738461.2611361839,0.8326272424404007,0.828902134343974,0.8307575433699638,0.8170435496892651
73653,738461.2663679253,0.8341868398677706,0.8290819525812314,0.8349978297398692,0.8172053832195085
73655,738461.2802954412,0.8341868398677706,0.8272275845776226,0.8322994329741443,0.815536188590807
73658,738461.338475747,0.8364859880489492,0.8294633348062105,0.8345691232114711,0.8175896644571486
73665,738461.3765463906,0.8392787668711571,0.8287705874615465,0.8400157024137922,0.8199069864840152
73666,738461.380184557,0.8116701687118953,0.8289721666297415,0.8100136001586661,0.8252559372720796
73674,738461.4187505114,0.82490641932843,0.8226088144043501,0.8190923813344371,0.8207539565777782
73678,738461.4737589555,0.8325439572291495,0.8275522885253228,0.833367398293713,0.8267901294826581
73679,738461.4989026547,0.8425409423076784,0.8278796917462017,0.8432902561228192,0.8270893908615222
73680,738461.5106890751,0.8354883196905203,0.8234235666789635,0.8307373233587301,0.8153106758890327
73686,738461.6154926904,0.8354883196905203,0.8304146771551906,0.83360884908273,0.8216844750238899
73691,738461.781601016,0.8354883196905203,0.8304146771551906,0.8362699593619877,0.8245917171673331
73693,738461.8640888217,0.8354883196905203,0.8308729339937535,0.8362699593619877,0.8291469061195659
73695,738461.8852389671,0.8376930600700787,0.83302978206464,0.8384427090973842,0.8265760960290283
73696,738461.9488065847,0.8354251182050311,0.8308457124811515,0.833560683402834,0.8246097757656681
73697,738461.9684490947,0.8354251182050311,0.8308457124811515,0.833560683402834,0.821722448958981
73702,738462.0588065754,0.8354251182050311,0.8290179934145241,0.8307110209840234,0.8200638087768136
73707,738462.300532029,0.8319093253697467,0.8292165342894985,0.8332754324677228,0.8232404942592534
73708,738462.302335742,0.8651284500064776,0.8781291321558512,0.9870329134164814,0.8622876311175676
73760,738462.830266151,0.9672482893168193,0.8247837807827108,0.7232214519621178,0.8224850404506315
73763,738462.9557102812,0.8319093253697467,0.82790174779941,0.8306517352988261,0.8175153259191815
73764,738462.9909615197,1.0834789569311893,0.8334277478771942,1.0618446990299555,0.8339980484394929
73786,738463.3368011828,1.132047227709898,0.9378452267013743,0.8863152691903099,0.833239412953913
73800,738463.6293248803,0.8569900467938627,0.8557348870225364,0.8283713793659133,0.8179487253175599
73804,738463.7065072089,0.8532990798419154,0.8520752922140368,0.8257603487057219,0.8134837944431942
73808,738463.8596894854,1.195305913495188,0.8636276983055992,0.7755258605415212,0.8165936152440268
73810,738463.8755822158,1.1898478956253473,1.0258924769368152,1.1898478956253473,1.0258924769368152
73811,738463.9034210966,0.8148114107002847,1.05925483391037,1.0340344807220283,0.8863152691903096
73814,738463.9486481819,0.9076977706087314,0.8966850968408503,0.8289591686083497,0.8141284913477465
73816,738463.9692801876,1.0047944311386288,1.05925483391037,0.9624254446609459,0.8725294192482698
73817,738463.9807402942,1.0099871672168645,1.0666882011658816,1.23204108341348,0.9806649591363747
73824,738464.2069305085,0.8868637316093632,0.8774668638406562,0.8280132587292899,0.823918033681074
73825,738464.2243261774,0.8880727415297626,0.8774668638406562,0.8260620649093201,0.8163744350911193
73826,738464.2330669215,0.8868637316093632,0.8774668638406562,0.8280132587292899,0.8192132534297191
73827,738464.2348256251,0.8868637316093632,0.8774668638406562,0.8254224279450794,0.8204205440667218
73843,738464.4947774753,0.8924653084214141,0.8821259916021592,0.8205661618614043,0.8120235161508268
73849,738464.5662969337,0.8934658562753465,0.8830076970880681,0.820732988797919,0.8148373221488219
73855,738464.6626930283,0.8923454451951426,0.8818162069101557,0.8224472539001912,0.8165607993607477
73863,738464.8928568239,0.618457331824251,0.8850167252423752,0.6294122926134084,0.816906041576121
73865,738464.8967148383,0.9055608265167029,0.8847504045292378,0.8245524275651138,0.8118166507316864
73867,738464.9294864393,0.7545657021485072,0.8829957363469004,0.6769151071502695,0.816906041576121
73895,738465.6215793295,1.264935384184229,0.9359192758931445,2.1714724095162596,0.8383707648111139
73903,738465.6738352263,0.9107720922915876,0.8789065625846715,0.8268252365306488,0.8044517242915576
73913,738466.01451816,1.0340344807220279,0.8095401526705353,0.9603563481890086,0.7800434869136075
73914,738466.0282359719,1.1865969450908518,0.6759447189155671,1.6703633919355845,0.7111541487969679
73915,738466.057761347,0.631445934915875,0.8836035810483783,0.648770315672696,0.8148165579612496
73917,738466.0940801695,0.907758380541688,0.8853497841476189,0.8289917043741275,0.8055728234847607
73926,738466.3229882151,0.8974835563524859,0.8631517871942564,0.8289917043741275,0.8027321619486736
73933,738466.5725054706,0.9243728561701641,0.8847978658874671,0.8299392386768795,0.802026241705754
73934,738466.6733051677,0.9295543287940791,0.9021651990403531,0.8324456856722257,0.8119704815775806
73936,738466.7373931546,0.9100752782945242,0.9250401307606129,0.812948411620181,0.8213221462507487
73938,738466.9095259506,0.9610692083871542,0.9222306356410374,0.8341355393548886,0.8135317636409067
73950,738467.1391201261,0.8549103974473463,0.9158358211203772,0.7070775626531092,0.8195776743127197
73951,738467.1492595776,0.9591553645771539,0.9189145652293442,0.8368083715025092,0.8140965736257624
73987,738467.9014168187,1.1773043184124299,0.9078718817676018,0.980348717614564,0.8260962980194881
73988,738467.9233730346,0.689356320481352,0.911352423687211,0.7343143413823099,0.826199014376096
73992,738468.054359302,0.9409223710835517,0.8899845520269495,0.83895397101733,0.8133979989137641
74005,738468.498575862,0.7896263307331851,0.9055273053721807,0.698222639715839,0.8257578516332635
74006,738468.5036076605,0.9423932339152337,0.8903945444878384,0.8416793585093585,0.814183021437534
74017,738468.6957462894,1.2815247006981203,0.8775398704854552,1.1362355631189724,0.8205513859783661
74019,738468.7463540118,0.6095361149519325,0.9077761314616811,0.6805184189367193,0.8273820910371998
74029,738469.0106211096,1.2447931009965818,0.8558886801653406,1.1072663844558823,0.8111062187393252
74055,738469.4971035997,0.9304816776453879,0.8760446630666454,0.8413065928664073,0.8167280785544023
74057,738469.5820635392,0.9422975740427356,0.8844153436400628,0.8446034287135009,0.8179464695219125
74058,738469.6185983053,0.939805322704801,0.8844153436400628,0.843960922647398,0.8179464695219125
74059,738469.6426400092,0.939805322704801,0.8844153436400628,0.843960922647398,0.816373397956978
74063,738469.7914438022,0.9244631076770976,0.8720407919412712,0.840166316091905,0.8173299279290959
74073,738469.9434259321,0.9414775481818747,0.8631375686361701,0.845139323424171,0.8177092755500557
74072,738469.9434294653,0.9309201382828325,0.8621892088541838,0.8421057785448458,0.8115889926918656
74075,738469.9917857738,0.9309201382828325,0.8780025999294586,0.8421057785448458,0.8176297163677684
74077,738470.0212577375,0.9309201382828325,0.8780025999294586,0.8421057785448458,0.8176297163677684
74079,738470.0966159052,0.9418434547299436,1.7459074649376949,1.1898478956253473,1.1943098252339421
74082,738470.1404745596,0.9272829153729686,0.8649470813586777,0.8421057785448458,0.8163120126907524
74083,738470.1893574707,0.9158933453811337,0.8648054400064754,0.8415066716280515,0.8140809359229658
74085,738470.2406884137,0.9158933453811337,0.8648054400064754,0.8415066716280515,0.8140809359229658
74086,738470.2506683855,0.9130505561037288,0.8628956318028561,0.8409126118787061,0.8136410701990604
74088,738470.2999464613,0.9130505561037288,0.8628956318028561,0.8409126118787061,0.8136410701990604
74089,738470.3082767074,0.9117243073815446,0.8622540361936524,0.8407216855579395,0.8135588688877196
74107,738470.5922063446,0.9650988486738928,0.8735808544030925,0.9650988486738928,0.8837387713147563
74118,738470.738437344,0.9218514946059592,0.8733194441288684,0.65377663942425,0.8200830669916531
74125,738470.8500570754,0.9216341280663208,0.8612326019977725,0.8407216855579395,0.8114640446376418
74126,738470.9273517504,0.9312157835343055,0.8696648378326883,0.8434329158629941,0.8139495764006018
74130,738470.9863879884,0.9312157835343055,0.8541477036621135,0.8434329158629941,0.811865883842662
74133,738471.0885610894,0.9192498441037786,0.8592800960987671,0.8423499108348536,0.8180436196269073
74136,738471.1297207316,0.8954525400067049,1.0528351076442468,1.5208756175600258,1.1956285331749439
74176,738471.6760287106,0.8608413912849393,0.8056368732458943,0.8332898786684645,0.8099915549469734
74177,738471.6798082913,0.8977663708594352,0.7891077495177301,0.8456278195398318,0.8084979034173744
74178,738471.6806394741,0.8679460408133085,0.8120270777043394,0.8351816959677919,0.8102210647351246
74179,738471.6985272642,0.8679460408133085,0.8120270777043394,0.8351816959677919,0.8117653867350502
74180,738471.7197955577,0.8762831573835297,0.8194235507608524,0.8374029238826,0.8112167281019265
74182,738471.7358326417,0.8817622797937842,0.8244925104391938,0.8388960785519167,0.8126369139907472
74183,738471.747456175,0.8790952237982387,0.820479055549295,0.8388960785519167,0.8122880786195609
74191,738471.8943704228,0.5816443954061409,0.8324834996637822,0.6422099547552708,0.8241583745138041
74195,738472.0280856238,0.9093268046550498,0.8318243800937195,0.8370560311270595,0.8101022382758961
74196,738472.1044851843,0.9075908404642933,0.8282135530932097,0.8370560311270595,0.8097555751344405
74204,738472.3354240614,0.9492023836339681,0.8537899382108488,0.8385389337571847,0.8109727922279555
74207,738472.3938110479,0.9500191791633634,0.8462480161793683,0.8389682481079966,0.8092936572827175
74210,738472.4262088287,0.9222469692926196,0.8772504236859343,0.7414783837372593,0.8197209821767366
74219,738472.6745725191,0.9500191791633634,0.8458085209749127,0.8389682481079966,0.813285546635303
74230,738473.0390067513,0.9493549849108605,0.8622965296710663,0.8346919809854666,0.8100748213697019
74237,738473.3555149045,0.9402857524292324,0.8537100177822976,0.8346919809854666,0.8100748213697019
74243,738473.4870201531,1.0218693691841219,0.9096279942445117,2.5360261716978223,0.7882582791742877
74261,738473.7788428549,0.9402857524292324,0.8537100177822976,0.8346919809854666,0.8112273402627624
74268,738473.8251703384,0.9778184381127581,0.9338252033655627,0.7652286904516588,0.8159913075491926
74269,738473.8318877149,0.9778184381127581,0.9338252033655627,0.7750060710907557,0.8159913075491926
74273,738473.9325948432,1.0037622848303198,0.9005163620991085,0.8360507716139602,0.8113740094618698
74276,738474.0453252532,0.9650988486738931,0.8714461643453406,0.833448953859975,0.8103286769373129
74285,738474.3030378988,0.7119581670545111,0.8769407807661815,0.7568265590141547,0.8187859815628701
74305,738474.4908626754,0.9520789653865552,0.8142112817737562,0.832495533302258,0.807063475480883
74315,738474.5617586557,0.9520789653865552,0.8399159703363989,0.832495533302258,0.811325113836375
74319,738474.5678871644,0.8182799030975437,0.831657722567084,0.8073888862302505,0.8082435753211135
74320,738474.5795516536,0.9020953630037872,1.0507124562175447,0.9020953630037872,1.3017000819988473
74324,738474.8510996533,0.7719418448333661,0.8213607222756535,0.8049870191269669,0.8131781693201379
74336,738475.346431055,0.9398618183659191,0.8339936707957183,0.8348605957386617,0.8152330085663594
74384,738476.2845579223,0.903883460849186,0.8002355136796964,0.8361967571987383,0.8153441268937011
74386,738476.2927857949,0.903883460849186,0.8002355136796964,0.8361967571987383,0.8168630060436142
74387,738476.293756115,0.8915135992148864,0.8012209944751257,0.8347017371360627,0.8167732829277735
74397,738476.4019346379,1.1183548890212491,0.8816371942818754,0.8696120367909635,0.8197650992219294
74410,738476.8968981397,0.8982054684416052,0.7934734748536876,0.8347017371360627,0.8163821079838425
74441,738477.9368175763,0.9369618560011845,0.8076482334633592,0.8355553790532362,0.816274382007553
74478,738478.7194663276,0.8587743992437182,0.7546981518065987,0.8515578076534348,0.8094629727532244
74484,738478.8933964395,0.8103326187806512,0.861445271312691,0.8449157483683489,0.8581093977105692
74496,738479.0693596861,0.9510098143866829,0.8767447287248744,0.8791740443403527,0.8628626932061356
74497,738479.0709488505,0.9510098143866829,0.8767447287248744,0.8791740443403527,0.8630965313343757
74498,738479.0731496903,0.9632102012205195,0.8863152691903097,0.8853362103470589,0.8646764009064742
74499,738479.0770890875,0.9632102012205195,0.8863152691903097,0.8793511721824682,0.8632524938445555
74502,738479.1084934784,0.8515578076534348,0.8707658785027607,1.1667612946654526,1.1104120275935412
74503,738479.1127502478,0.8735808544030925,0.9068794285682753,1.2925431009025352,0.8599890730757461
74514,738479.4148709413,1.045751585319445,0.9390150960070308,0.898638680531143,0.8748438862784461
74515,738479.4247410032,1.0757471243180337,0.9598846603952027,0.9028991307759914,0.8786426635140198
74518,738479.4527081832,1.0948600384115592,0.9740393060726271,0.9057681376230738,0.88098172103057
74520,738479.4633805319,1.1292266922291159,1.0059187395543596,0.9106098124432057,0.8865749825921041
74522,738479.476946721,1.1158955437791889,0.9894251405454597,0.9133477873102962,0.8877889937185018
74536,738479.7351355437,1.1382718275690065,1.0156352906735933,0.8249168930005901,0.8950474393301158
74546,738480.005000149,1.123175384232548,0.9641249850526276,0.9279577526205712,0.8833263252958963
74547,738480.0288852331,1.408522644010546,1.0120793208517003,0.8973026485604376,0.8871508901229215
74599,738480.9603256751,2.695620922158115,0.9536872068821407,1.3012568746164852,0.9339666277489285
74607,738481.2085754406,1.043698354373636,0.9616989030570247,0.911904423943836,0.8786009278682583
74611,738481.3173400284,1.043698354373636,0.9616989030570247,0.9093076458074407,0.8773107667508098
74615,738481.3712407955,1.0939407604615916,0.9475515968798222,1.0070596681814532,0.9026906090367821
74617,738481.3768436146,1.8964824537259901,0.8863152691903097,0.9694073256769011,0.8471283782248082
74657,738482.64081825,0.9571228251311336,0.9028991307759913,0.9413488607094602,0.8915318821729113
74660,738482.6969685983,1.2735908560212663,0.8484626407014915,1.707899647934136,0.8914434192531275
74670,738482.9611234678,0.9870329134164814,0.8319817660981834,1.1550385157001375,0.857241309067765
74671,738482.9627109738,1.260485303676984,0.8612071879101312,1.0535445652639528,0.8654198208007544
74675,738483.1337192788,1.0549663528014215,0.7907045642298621,0.9162330841840753,0.8497201775117573
74676,738483.1398521119,0.9849977940073754,0.8190556012544489,0.9162330841840753,0.8507237647468204
74683,738483.320864769,0.7890026132523533,0.9252612131094577,0.9209637731675079,0.919934124228563
74684,738483.3210304066,0.8923859217190109,0.9246269614714393,0.8963900464051565,0.9193662701094729
74685,738483.3278995435,0.9342710497266825,0.8767447287248744,0.9247934659214176,0.8703050582876344
74691,738483.4909557728,0.9177136348483879,0.8693793086325331,0.9200852055431019,0.8673673196942584
74698,738483.6371419706,0.9298496463923522,0.8592157016071524,0.924640834552228,0.8710426049472
74700,738483.6598981677,0.9312357311765628,0.8592157016071524,0.9252612131094577,0.8710426049472
74703,738483.8257436752,1.284204113154777,1.1529941997431463,1.284204113154777,1.0490204876890141
74706,738483.952202618,0.9234168385982758,0.9364279676878928,0.9196126324454101,0.8974305240982118
74707,738483.9986310868,2.7486992525522265,0.9222055665106084,0.9425422812591441,0.8819441175871083
74711,738484.1269306687,0.9298496463923522,0.8739994365086999,0.9254599717477784,0.8698588307126534
74713,738484.1528949564,0.9074057660195621,0.8936976109719044,0.8720221217662131,0.8786488565114902
74716,738484.2474135432,1.3445649594527922,0.7185019002075858,0.8931506054565589,0.7389827571652191
74718,738484.2653748249,1.3445649594527922,0.5891591808765045,0.8238648708191768,0.7030919383240689
74733,738484.5021934311,0.8754867381067382,0.834799461781994,0.9112627307079492,0.8580666861947722
74734,738484.503671808,0.8680929107146659,0.8299850098595476,0.907806191269339,0.8560582560012676
74735,738484.5076799429,0.8847675708157046,0.8299850098595476,0.9128436226316877,0.8560582560012676
74737,738484.5219190257,0.8680929107146659,0.8299850098595476,0.907806191269339,0.8560582560012676
74739,738484.5531092698,0.8695551361800364,0.8319093253697464,0.9076315262864443,0.8562685529723688
74740,738484.5673664939,0.8417441503625096,0.8115968307992661,0.898003894524796,0.8488235022540173
74741,738484.5794941854,0.8417441503625096,0.8115968307992661,0.898003894524796,0.8488235022540173
74747,738484.7349564148,0.887321302413,0.8304631553126061,0.9028547913195772,0.8479948042741318
74753,738484.8871237506,0.8408890879675717,0.8194235507608522,0.8947204826652994,0.8488235022540173
74754,738484.8917702234,0.8563553164289468,0.8225982438115829,0.8987355255289714,0.8494315709302053
74763,738485.2766408812,1.4370038004151717,0.8613156318045977,0.8351816959677919,0.8619048041012288
74784,738486.0610262658,1.3321916622799137,0.865482104968156,0.9425422812591441,0.8542674217362201
74785,738486.0827241073,1.2302959827287587,0.8668552532999035,1.1836117955434533,0.8544929487397028
74795,738486.4939083885,0.6750691428547956,0.9038616120829098,0.9809526285289053,0.8105998944353587
74796,738486.5062368747,0.9312962442528628,0.9249908445731593,0.8665950283430593,0.828927949602448
74811,738487.0095986648,1.0592548339103702,0.94519990334041,0.8785200601385041,0.8596430845526227
74825,738487.540275796,1.4686286827646198,0.8868475906733067,1.2160245493291046,0.8651900030801173
74829,738487.5730832267,0.8637519528704287,0.8612071879101305,0.915419919698445,0.8527521383794565
74855,738487.922322449,0.9501428956862388,0.9265746000688782,0.9365938193881659,0.8592598567899272
74881,738488.2361266267,0.7543576608741347,0.9462838481836909,0.8936100450684191,0.9106174620552054
74896,738488.5149257929,1.3028834457097553,0.654057954673572,0.9967414338763159,0.7099044415726231
74899,738488.5629294988,0.83707553201307,0.9143041724278981,0.897353444068423,0.8464769138130206
74901,738488.6055162903,0.9650988486738924,0.9317402472298606,0.9355314354067176,0.866789965764351
74902,738488.8472868319,1.1171562235453423,0.8168548248963984,2.118509667820741,0.8251320112158045
74906,738488.9146188186,0.9063537013633078,0.9190028335316688,0.9590810850032838,0.8943678004064541
74908,738488.9627924773,0.8651284500064773,0.8621841671363475,0.9424111723036203,0.8734804543508681
74909,738488.9717240363,0.8651284500064773,0.8621841671363475,0.9424111723036203,0.8734804543508681
74914,738489.1518032715,0.9032747127771458,0.8621841671363475,0.9232752681508212,0.8464375139727485
74923,738489.2077642474,1.1176696225451335,0.5829456132929554,1.28205013107971,0.6252301511342496
74930,738489.3984473489,0.8808441872817275,0.9014659575525369,0.9154605436409183,0.851013681258768
74939,738489.7739710192,0.8685889638065037,0.7920264107658085,1.3762853299750937,0.7792365105919589
74959,738490.3049509806,0.8351816959677917,0.8425466139216522,0.8915135992148858,0.8285881562627828
74993,738490.90830767,0.7775093026400924,0.8287074192548631,0.8935559688175826,0.8310452715393153
75015,738491.4558637459,0.8515578076534348,0.720488541406316,1.2931845614985167,0.7623447300057078
75028,738491.719091947,0.7975357764500447,0.8691497055520206,0.7532478818918186,0.837628517342697
75038,738491.9536116698,0.8863152691903097,0.8475156028702695,0.8124556634244505,0.8346152150525975
75040,738491.9567076392,0.6449918048068096,0.8475156028702695,0.9608284997859552,0.8346152150525975
75043,738491.9671968078,0.7786156050058299,0.8635892366469682,0.9630606251286471,0.841580113647581
75051,738492.1484827761,1.333360251457352,0.6054802662782978,1.334010353969033,0.6739778574638243
75059,738492.2793162424,0.6255270315478936,0.7724605409346377,0.9175235533167292,0.7603809110764005
75072,738492.4625216179,0.7934226111694019,0.8529137914235833,0.8323569551697043,0.8549504682416953
75076,738492.5220652538,0.8155764918370926,0.8949669366769829,0.7278678467652264,0.8739353920875091
75077,738492.5232792555,0.8092443762172392,0.9096393552216336,0.8329972625868822,0.880465003387073
75089,738492.9094516952,0.915374786212943,0.9250148709334433,0.8261036340550986,0.8873560339498096
75093,738493.0967303665,0.7877581296352358,0.8369700936036971,0.8996971359653037,0.8242085058017913
75107,738493.406393603,0.9143041724278983,0.8871774435766813,0.9029885267295336,0.8836512001730898
75115,738493.7622938175,1.662371222596179,0.6131216215104731,0.9775116956021743,0.6567780444661653
75118,738493.8031100105,0.8794777357732193,0.9265582491371341,0.9047801706317741,0.9119325830478355
75124,738494.062722121,0.9615375983097827,0.8947775757805688,0.9953273076468719,0.8902083084400471
75139,738494.4679644577,0.8177092755500557,0.9281884315142613,0.8532308092401802,0.9193733991903517
75157,738495.12138681,0.7360923422089012,0.8023318795590466,0.873291301584265,0.8848895609824963
75158,738495.1267694291,0.9503161529611636,0.8835831012828177,0.845753616169916,0.9397223793578985
75168,738495.3027714607,0.8416559726807201,0.799314997367948,0.9189102387877366,0.9011610499492471
75197,738495.8534014893,1.1658912265859107,0.8685889638065035,1.5311664426076186,0.6752532861016189
75206,738496.0230890191,0.8744184199394327,0.8111156278876098,0.9539777960424325,0.8983108537835388
75213,738496.3481304798,0.7412656819633815,0.8101429375943403,0.8866566849334494,0.8581420175064247
75242,738496.7807770589,1.0188726848170129,0.7090522153522479,1.001255289690494,0.6921027600051822
75248,738496.8858332044,1.3081159093471433,0.875724496742927,1.3281176816613207,0.9460168003924716
75257,738497.2699045236,0.754949236611325,0.800081947087165,0.8594884973638272,0.8432902561228188
75272,738497.4618953373,0.7185019002075859,0.8945303437760079,0.7975357764500451,0.8461655760414063
75280,738497.6927017422,0.7395743305826428,0.7532478818918186,0.8276912771698745,0.8295001878319561
75284,738497.8374589678,0.7395743305826428,0.7619201436899151,0.8276912771698745,0.8295001878319561
75286,738497.9130433453,0.7004749708116962,0.7619201436899151,0.8370390310959628,0.8305233120062185
75289,738498.0845658825,0.7004749708116962,0.7877167144557163,0.8215511341641628,0.8213880717935765
75318,738498.6025083008,0.688071406556876,0.7265149325519081,0.7918848257799725,0.792263828754647
75323,738498.8152745925,0.651058747121277,0.7256157804076607,0.8007598907109851,0.8019154242476291
75342,738499.3644502916,0.6748634545114517,0.7149970128894998,0.7877346865459389,0.783117303792571
75343,738499.3650658629,0.6404342590278367,0.7149970128894998,0.7679964832547099,0.783117303792571
75344,738499.3675040144,0.8029560356732147,0.7144680078314366,0.8086679913338933,0.7906386721828427
75358,738499.7435905735,0.9608284997859554,0.8685889638065034,1.3204899787598874,0.7968706089967923
75367,738499.9567489072,1.4265147215800238,0.720940375005398,1.1070251499494652,0.8006482415914566
75378,738500.3514963987,0.9284205076316546,0.6713232181619825,1.1212422080118376,0.7655282895953134
75382,738500.3867342001,0.9284205076316546,0.6757424613695121,1.1212422080118376,0.7677501395123446
75392,738500.7137465208,0.5714401077674365,0.6681453567742335,0.7138198432477803,0.7869306526083076
75405,738501.0613788418,0.731443337942319,0.7259593109493883,0.6638896538648438,0.8270147107781943
75408,738501.1752507372,0.7928296829876809,0.7450056702679394,0.7299066922743728,0.8528780523164634
75410,738501.266487553,0.6839283179578769,0.7058323319651318,0.6835143177654086,0.823923630170922
75434,738501.7537818806,0.9747257698576723,0.6584209852990475,1.0507124562175445,0.7964139496220088
75438,738501.8938289715,0.5812736851477556,0.598276681394586,0.7116868415335297,0.7402746850623606
75445,738501.9617197325,0.5497398505104452,0.5817573141394753,0.7099710429837846,0.7417497555990638
75446,738502.0309437653,0.5752244793420553,0.5868844350043942,0.722019088783461,0.7417497555990638
75447,738502.037606105,0.5122260106693786,0.5868844350043942,0.7043541834665078,0.743479337378648
75508,738503.7697495483,0.9825667011385785,0.46448607690187355,0.7076081171539744,0.6962259891863218
75543,738504.7033672672,0.5542040952361682,0.5873021463460344,0.7293813275726401,0.7297909810041957
75544,738504.7037583455,0.5714401077674364,0.6027681913993778,0.7228202195338447,0.7347087099867039
75545,738504.7061231785,0.6116823688778193,0.6027681913993778,0.7368269653049182,0.7347087099867039
75546,738504.7079088456,0.6110203749721073,0.6294122926134084,0.736092342208901,0.7459774048931553
75547,738504.7085555773,0.6163567974609468,0.6294122926134084,0.7515853989906606,0.7459774048931553
75548,738504.7301061483,0.5752244793420553,0.6580219422776542,0.722448044991151,0.7583564386212065
75549,738504.7305988441,0.6821379296909712,0.678585127973831,0.7658092952354321,0.7666393765402708
75555,738504.9910796852,0.7352022668253357,0.678585127973831,0.7692147357788569,0.7586554891520217
75556,738505.0467554638,0.8720772728980959,0.8482314099672889,1.2447931009965818,0.6343152121274368
75565,738505.213123504,0.7883798803295021,0.7409223444543664,0.7933768394286657,0.8179537327325817
75593,738505.6250568985,0.7105022198826203,0.6990655644317936,0.7532263949029467,0.7684199363849002
75594,738505.6410742737,0.9771625842823166,0.8369700936036973,1.2773367114801524,0.6343152121274368
75609,738506.1639130734,0.9319624075177075,0.7168547156587374,1.1135755946237225,0.7957569699469519
75628,738506.7422978255,0.6828529589673767,0.733928955457369,0.7477382889911732,0.7554141842086921
75633,738506.9641239903,0.9441184389201126,0.7326155227787647,0.7578292972808423,0.7794404610714559
75644,738507.1823725431,0.7221048392690645,0.7124890829136122,0.77591073689911,0.7555293875918636
75645,738507.2100715926,0.7270554942576758,0.7181001498040828,0.7762751608898705,0.756795642570631
75649,738507.264329082,0.720996698472195,0.7170691373851249,0.7859621714258384,0.7563331948819232
75659,738507.3159241201,0.8217492562029363,0.683694256247419,0.7761418461336905,0.7512833222605568
75670,738507.5260047163,0.8705234603851372,0.6488925023100879,0.9111073046921365,0.7147332313695787
75675,738507.7569849712,0.7694193577026115,0.8543498004654131,0.658789762513684,0.7960591317982212
75679,738507.7714104827,0.8117653867350502,0.7238241365054197,0.6580219422776543,0.7494636835750943
75691,738507.8287053113,0.7333302696302564,0.7629497655057125,0.6924968959732943,0.7659149585519694
75692,738507.8316798635,0.8369700936036975,0.7325449092344005,0.6819147900345466,0.7528827697227908
75693,738507.8384630554,0.8369700936036975,0.9074810069620184,0.716657560896455,0.8239236301709222
75695,738507.8451370113,1.0291338433726345,1.0687336243704186,1.0291338433726345,1.0207776284050791
75708,738508.2020724219,0.6997695579508587,0.6459053909325984,0.7696845049237956,0.7436988470737702
75709,738508.2174730971,0.8500425802376811,0.7049417677270174,0.7908245497479546,0.796552877494002
75710,738508.274473335,0.7004749708116964,0.643832789883527,0.736396764186655,0.749659872214507
75712,738508.3065552197,0.6998110134933914,0.674751313691493,0.7475261863154206,0.754516326039218
75714,738508.3273434234,0.7619201436899155,0.70946589809166,0.7988978727770186,0.7916192182756971
75718,738508.3526437024,0.7832966607473478,0.9013659058369373,0.9034357721612964,0.7201311562171268
75722,738508.3988172186,0.7353591825055057,0.7213195547182036,0.794204895541183,0.7934101047049519
75723,738508.3991255973,0.8445849699244402,0.7213195547182036,0.796174955911679,0.7934101047049519
75724,738508.3996866003,0.8445849699244402,0.7213195547182036,0.7949140070550587,0.7934101047049519
75729,738508.5453137523,0.8281038849850141,0.973754443729264,1.057271210625894,0.6721919975622334
75731,738508.7142221082,0.8405699649740356,0.9000921904730603,0.9426546894024068,0.7233776071183096
75736,738508.7701349272,0.791785746405199,0.6764711556125417,0.7883233169861003,0.7693216536571885
75737,738508.7721526929,0.7951337506511147,0.7128571041341254,0.8362782146058237,0.7862227689627832
75742,738508.9344229018,0.8042490405615776,0.7642317946113046,0.9222469692926193,0.8454630623939626
75745,738509.0483165366,0.9167165844923522,0.9319624075177074,0.7536563677279858,0.8532308092401802
75746,738509.0865136988,0.8923859217190108,0.850515509235254,0.7165261846249803,0.815959571448101
75748,738509.1727043133,0.7701774063308899,0.7163620320053637,0.7357459458125677,0.7857993856730887
75761,738509.4323368609,0.9892812799618494,0.8550875809494073,0.7944411254327779,0.8019642421508906
75767,738509.6278793114,0.813285546635303,0.887609160094237,0.8288062631741446,0.7881439283600935
75768,738509.6296618044,0.813285546635303,0.8659245804819437,0.8288062631741446,0.7770124915840924
75773,738509.8495224826,0.8005428237847956,0.6653893063927252,0.7357725801141103,0.733093130104441
75777,738510.0262306855,0.9047801706317747,0.742107955703922,0.9441184389201126,0.7307440613286071
75787,738510.4496517642,0.7909336590953263,0.9934841089290073,0.8025006730820957,0.8254524180871122
75801,738510.976996314,0.7707089297307038,0.7082427950150878,0.7640939529443801,0.7492449472144823
75811,738511.0253042611,0.9500191791633632,0.7263461718242539,0.7634656206548037,0.7471391160121826
75832,738511.7146588679,0.8649470813586772,0.7267310607484133,0.7915199190562863,0.7602821089829652
75834,738511.769649119,0.7038808458723691,0.7164756681145016,0.7221975654121491,0.7543899356211021
75835,738511.7730549694,0.6844182379564139,0.6689076446884084,0.7187331103074086,0.7281436326311979
75836,738511.774403349,0.6844182379564139,0.6689076446884084,0.7054346020086135,0.7285577035055971
75838,738511.7773121088,0.6733247781445763,0.6641313759306964,0.7119581670545109,0.7242264845523931
75839,738511.7777319648,0.6733247781445763,0.6502085686729118,0.7119581670545109,0.7150327502320741
75840,738511.7788891445,0.702836653113826,0.6867251894871484,0.7284492108600866,0.7354792725179999
75841,738511.7793455075,0.6702075338013145,0.6715894050050284,0.7086023091242325,0.7259708244271126
75842,738511.7796725543,0.6702075338013145,0.6715894050050284,0.7086023091242325,0.7259708244271126
75843,738511.7852244917,0.6942047345000826,0.681424396291713,0.7224240898197224,0.7314930148873026
75844,738511.7856418453,0.6987411218740434,0.6865440560428764,0.7246475996868819,0.7333302696302563
75845,738511.7890861814,0.6987411218740434,0.6865440560428764,0.7246475996868819,0.7333302696302563
75846,738511.7897699605,0.6712049806175042,0.6723475288294174,0.7055596491342148,0.7242013246953649
75847,738511.7909033999,0.6987411218740434,0.6865440560428764,0.7125014392155599,0.7337235816547293
75848,738511.791889105,0.7119581670545109,0.6987140985874337,0.750508897298246,0.739224650048088
75849,738511.803373242,0.719672181611507,0.7272330413869209,0.7277732939142565,0.7552947511360899
75850,738511.807592291,0.7094658980916596,0.6980866002341601,0.7187661524695229,0.7384028596314768
75851,738511.8089779802,0.6688550172700104,0.6654354386980874,0.7187267834314377,0.7180219390184022
75852,738511.8099593248,0.6688550172700104,0.6654354386980874,0.6917432883500547,0.7183818497647771
75853,738511.8118925444,0.6511161647724911,0.6512556498120743,0.7047374959890493,0.7083186535423043
75854,738511.8122596934,0.6580219422776543,0.673772467491747,0.6855712480284687,0.7223865513286459
75855,738511.8139331804,0.6511161647724911,0.6512556498120743,0.6790366150849245,0.7086636699346773
75856,738511.8141725173,0.6593109176787855,0.6591315914214615,0.6841527775305573,0.7121298473455777
75857,738511.8208366185,0.6593109176787855,0.6591315914214615,0.6841527775305573,0.7124734564395925
75858,738511.8287758364,0.6593109176787855,0.6591315914214615,0.6841527775305573,0.7124734564395925
75859,738511.8292688348,0.6886276140114984,0.6652586329232844,0.7457582012480078,0.7238241365054195
75860,738511.8330696255,0.639882554135019,0.6359610910336636,0.6815669835267603,0.6953479810893783
75861,738511.8357746036,0.6248841466233839,0.6201875352244859,0.6758473205410835,0.6850070692480312
75862,738511.8444508358,0.643832789883527,0.6511912646761562,0.6777858522047215,0.7041541040221712
75863,738511.8627838021,0.6651356930049801,0.6665676817877536,0.6968007731863339,0.7139362865276885
75866,738511.8758680682,0.6651356930049801,0.6665676817877536,0.6968007731863339,0.7139362865276885
75868,738511.8926439623,0.6479244188667439,0.6520938166715493,0.6968697408680695,0.7037857910653639
75869,738511.8931440581,0.6482007192585846,0.652954666594548,0.6831314308993763,0.7034279382945944
75870,738511.893882271,0.643399232449262,0.6438534500507086,0.6683323028729391,0.696527777651509
75871,738511.8949732243,0.6482007192585846,0.652954666594548,0.6831314308993763,0.7034279382945944
75872,738511.8975060298,0.6610825094510386,0.6738222475041218,0.6826099507969258,0.7164019540980969
75873,738511.9013689732,0.6464234356570139,0.652503938568827,0.6804837992888106,0.7013799772339334
75874,738511.9034843914,0.6467157233381754,0.652503938568827,0.6710952258990643,0.701682165935887
75876,738511.904794571,0.6580219422776543,0.652503938568827,0.6797652760224807,0.701682165935887
75877,738511.9052660384,0.6516923737678652,0.6577954287002783,0.6748193947442312,0.7040610201503227
75878,738511.9069603952,0.6516923737678652,0.6577954287002783,0.6838338527205896,0.7040610201503227
75879,738511.919981167,0.6647364518927323,0.6577954287002783,0.683543872585219,0.7043615156774888
75880,738511.9204960701,0.6516923737678652,0.6577954287002783,0.6961413236356957,0.7040610201503227
75881,738511.9228438843,0.6477173481032836,0.654715299351636,0.6714072543662962,0.7015035684193492
75882,738511.924934346,0.6396089571476463,0.6463133667922868,0.6907943519191225,0.694728662601592
75883,738511.9254602457,0.6673940688918036,0.6593249560247387,0.692197855190673,0.7106140043728472
75884,738511.9263745624,0.6634155647553398,0.6593249560247387,0.6828159379340903,0.7106140043728472
75885,738511.9296665278,0.6210544174305948,0.6221225434152037,0.6500094985360692,0.6837238754554978
75886,738511.9298746239,0.6250982947202389,0.6213264120659663,0.6518691780536011,0.6812132655724902
75887,738511.931110054,0.6281708482492793,0.6213264120659663,0.6533083180493041,0.6812132655724902
75888,738511.9316555072,0.6220363673093451,0.6282741148690806,0.6636987399063743,0.687038927274276
75889,738511.9323401595,0.6242717152480586,0.6134456504254638,0.6596339509554532,0.6754580075684214
75890,738511.9345487951,0.6242717152480586,0.6257109559911598,0.6515485340899742,0.6846604327396534
75891,738511.9354332295,0.6359665371183314,0.6366087392308002,0.6602809680726239,0.6917666572662517
75892,738511.9357534965,0.6492315728197464,0.6723940001819768,0.6966766429085149,0.7207199121646354
75893,738511.9364956515,0.6378526873419407,0.6377665365424766,0.6657816349931925,0.6909230393915369
75894,738511.9372889237,0.6448530073450477,0.6449918048068097,0.6747959903328018,0.6968189058180918
75895,738511.9413377214,0.6526477023047885,0.6465620095750662,0.6710040723487367,0.6966414599316173
75896,738511.9425699196,0.6518491285602276,0.6520568708462422,0.6820280580746886,0.7008739502900397
75897,738511.9433858469,0.6518491285602276,0.6667904849615396,0.6716426677066706,0.7114093459583039
75898,738511.943906684,0.6518491285602276,0.6520568708462422,0.6716426677066706,0.7008739502900397
75900,738511.949509964,0.6518491285602276,0.6520568708462422,0.6716426677066706,0.7006079134897778
75901,738511.9501180317,0.6575979590674237,0.6667904849615396,0.6526143893357153,0.7114093459583039
75903,738511.9506415764,0.6518491285602276,0.6520568708462422,0.6716426677066706,0.7008739502900397
75904,738511.9510701778,0.6373015937436894,0.6342590681008724,0.6587668165614186,0.6863509523266648
75905,738511.9535684803,0.6600629532648675,0.6548981296502542,0.6779431363674224,0.7023190192493352
75906,738511.9551749872,0.6367954280106329,0.6390100723563097,0.6664866795175155,0.6898597758915994
75907,738511.9556674681,0.6367954280106329,0.6390100723563097,0.6687596021033754,0.6901117794627014
75908,738511.9580373244,0.674498561434527,0.6390100723563097,0.6870774566119919,0.6898597758915994
75909,738511.9593156996,0.6431190063027244,0.6451058617130532,0.66379017238528,0.6937359667359982
75910,738511.9621163018,0.6501032749358918,0.6465369597122331,0.6677051116456756,0.6936380367576335
75911,738511.9627089818,0.6517550666369143,0.6533329498148682,0.6776775241468482,0.6992078308500252
75912,738511.9663696318,0.6649249226758035,0.695740847104083,0.6976982079397117,0.735193102000269
75913,738511.9692604475,0.6647364518927319,0.6658881089472936,0.6802318159084682,0.7073706435152299
75914,738511.9709446036,0.6647364518927319,0.6658881089472936,0.6873862980222932,0.7073706435152299
75915,738511.9736115335,0.6640588408306598,0.6655854128785469,0.6794698543466781,0.7069195388375645
75916,738511.97665944,0.6652213070728142,0.6669678599219124,0.696678770016055,0.7072209213273052
75918,738511.9889738752,0.6652213070728142,0.6669678599219124,0.696678770016055,0.7072209213273052
75919,738511.9895324309,0.7023286240717095,0.6699167713137651,0.7175215820683326,0.7159511343408466
75920,738511.995149138,0.6726843877305799,0.6671678215046296,0.6839283179578766,0.7064721880275499
75921,738511.9957917852,0.6726843877305799,0.674167698497787,0.6928756890607077,0.7120823530246931
75922,738511.9960560454,0.676398494908394,0.6779125956368895,0.6956033851348181,0.7144238230443101
75923,738512.0039667422,0.6769715834159007,0.6787508386277927,0.70520192126846,0.7146429595939692
75925,738512.019082315,0.6864016724428571,0.6787508386277927,0.7016662547756617,0.7148880360547353
75926,738512.0279085392,0.6444510672105594,0.6401165833041127,0.6613621551826167,0.6850961903499011
75927,738512.0292911425,0.6444510672105594,0.6401165833041127,0.6613621551826167,0.6850961903499011
75928,738512.0302564051,0.6470924131924367,0.676237082548316,0.6866635223544717,0.7171083598025071
75930,738512.0320090858,0.6405523331906368,0.6442669320210075,0.6751987146672436,0.6877966907970048
75931,738512.037121831,0.6616980425138423,0.6687689175365054,0.6812115523844037,0.706638871434811
75932,738512.0395994144,0.6752985826178525,0.6586089377658593,0.6942540563284663,0.6978860387325271
75933,738512.0446359251,0.6640260882367843,0.6626784443017332,0.6763671031371541,0.7005868498998308
75934,738512.057923831,0.6651076056905505,0.6689020332824714,0.6785851279738306,0.7059403151873401
75935,738512.0670656601,0.6794412787787435,0.6626784443017332,0.7036197930503589,0.7079756617249747
75937,738512.0830341525,0.6640260882367843,0.6626784443017332,0.6763671031371541,0.7005868498998308
75938,738512.0848263563,0.6652213070728142,0.6689020332824714,0.6851938650986246,0.7057108903205259
75939,738512.0904531851,0.6722824797263961,0.6639999834106886,0.6953403163188636,0.701595372236539
75940,738512.1127761161,0.6663832855863848,0.6678517955454224,0.6754441118287938,0.7041493745689343
75941,738512.113352882,0.6722194138277349,0.6734739418083214,0.7012733845322264,0.7048215935422701
75942,738512.1137253289,0.6764711556125415,0.6644539459633263,0.68585704981901,0.6973386771335216
75943,738512.1188175863,0.6774624392723849,0.6706156636609587,0.6946065590227178,0.7023446637782216
75945,738512.1284531825,0.6774624392723849,0.6706156636609587,0.6969536349182113,0.7025652840589748
75946,738512.1400796085,0.6764711556125415,0.6706156636609587,0.6942100186464917,0.7023446637782216
75948,738512.1625528357,0.6692210277718,0.6608424392441251,0.6983793089693277,0.6949251458138098
75950,738512.1725398671,0.6758650272486352,0.6691462164997675,0.689356320481352,0.7011273846311422
75952,738512.1986820701,0.675591601753375,0.6691462164997675,0.6867608524072503,0.7011273846311422
75953,738512.1996378052,0.675591601753375,0.6691462164997675,0.6911632833135442,0.7011273846311422
75954,738512.2021380397,0.671182381123207,0.665340969127752,0.6889748283283462,0.6976885036695446
75955,738512.2035538391,0.6637058527425109,0.665340969127752,0.6787084398269971,0.6976885036695446
75958,738512.2058953209,0.6629004302927959,0.668423287455088,0.6725632310664592,0.6997296714051479
75959,738512.2063981647,0.6736231715760606,0.6572253055436619,0.6883630116622147,0.6842808064150779
75961,738512.2617404467,0.6741344165966522,0.6833304785191023,0.6962933873256978,0.7027821345419941
75962,738512.2873362154,0.683774487926847,0.6662320749180586,0.6891105168370372,0.6849270450576984
75964,738512.3122103711,0.6741579134156215,0.6770335926573247,0.6757935955210678,0.6930231094200827
75966,738512.317730307,0.6658369297156309,0.6527557116250319,0.6822164310926275,0.6803405939559422
75967,738512.3217409339,0.6849157755471095,0.667469780073754,0.6843521403928718,0.6856619137812057
75975,738512.4045664035,0.6849157755471095,0.667469780073754,0.6899647550095791,0.6856619137812057
75977,738512.4114885061,0.6651606614982797,0.6532609305094609,0.6670299221218559,0.6802128896749112
75978,738512.411891595,0.6834798403723308,0.6664144102540931,0.683211036030286,0.6847125270081367
75980,738512.4340097677,0.6621448867781408,0.6532609305094609,0.6861122907379104,0.6802128896749112
75981,738512.4346275796,0.6851271406010983,0.6686729093654489,0.6901898831421518,0.686216192046419
75982,738512.4348914396,0.6851271406010983,0.6555388406086818,0.6826429580573923,0.6817236436322944
75985,738512.4495514091,1.063973118248501,0.7679077283161624,1.984086465547851,0.7416793808594432
75988,738512.4543241903,0.6920282442041481,0.6849523671462746,0.6987599219149907,0.6982627328906719
75989,738512.4564403438,0.6958360637202282,0.6780553971947725,0.6985571748614935,0.6928600374850691
75991,738512.4647259644,0.6958360637202282,0.6780553971947725,0.6931420425090513,0.6930557330188878
75992,738512.4650458938,0.6744254316437912,0.680949536085238,0.6956169871964238,0.6883021122893189
75993,738512.4691439953,0.7034218575210431,0.7073735879484784,0.7112654884421669,0.7072812829682081
75994,738512.4800937452,0.6731214796004508,0.6767574650666293,0.6891307826699725,0.691957665086942
75995,738512.4811280303,0.6976982079397117,0.6801403268920291,0.6946956689814601,0.694146843903738
75996,738512.482304218,0.7047008443614238,0.6865988951994264,0.7056376004123186,0.6988231363681121
75997,738512.4832021439,0.7119581670545111,0.7149872158599595,0.7177280489105066,0.7128202178420117
75999,738512.4895827868,0.7055164316339068,0.6875374383692638,0.7010578256717493,0.6996069720870227
76000,738512.5041615044,0.7052263940463902,0.7056973993839876,0.7008245673700785,0.7129486486447373
76004,738512.5612885912,0.6964532376591446,0.6953292703291841,0.6988968167094491,0.6985652789610648
76009,738512.6275284565,1.0708631060628129,1.0099871672168645,0.9709835977511727,0.7801697279699137
76012,738512.7243279214,0.696177578352729,0.6795728792518131,0.6954893838308301,0.690574264510471
76013,738512.7246608377,0.6915245337952309,0.6760354253995866,0.6847910468357802,0.6877835037522977
76014,738512.7260434226,0.6761666103539654,0.6760354253995866,0.6790053045236598,0.6877835037522977
76015,738512.7270220255,0.6761666103539654,0.6760354253995866,0.6790053045236598,0.6877835037522977
76016,738512.7286717665,0.6804837992888109,0.6801550882271962,0.6844566927399827,0.6908306823484421
76017,738512.7290884673,0.6964150308726796,0.6801550882271962,0.6956977426205937,0.6908306823484421
76018,738512.7306068859,0.6987308270421979,0.682418942256169,0.6976068843170343,0.6924706062767766
76019,738512.7316240666,0.6998110134933915,0.6930231094200826,0.7014732724328057,0.700661764137246
76020,738512.7325232241,0.7119581670545111,0.6861249627290957,0.7083504613782254,0.6889977476228442
76021,738512.7388242589,0.6985099203979737,0.6825699111087378,0.6974463575963277,0.6924193255645152
76022,738512.7391754095,0.6795615094529299,0.6851010345524549,0.6948192219444966,0.6882017685403242
76023,738512.7404834918,0.6981452314409259,0.6824097751511387,0.6923149312988686,0.6922148668407407
76024,738512.7408422981,0.6981452314409259,0.6824097751511387,0.6923149312988686,0.6923943133389495
76025,738512.7422552783,0.6897253549141579,0.6754078063043882,0.6901753982422091,0.6808156227054768
76026,738512.7439913148,0.6897253549141579,0.6754078063043882,0.6901753982422091,0.686719150165815
76027,738512.7475050426,0.6892320001350073,0.6779090219014559,0.6833751406418815,0.6826812152654234
76028,738512.7482595698,0.6759742722873279,0.678920121454812,0.6726488462003613,0.6834158201549859
76029,738512.7489634126,0.6792927245619163,0.6678242874052887,0.6849877759916095,0.6748488829280921
76030,738512.7489646914,0.6995973397403374,0.680962156779077,0.7012148719427787,0.6911115243527242
76031,738512.7493386215,0.669276847640913,0.6749598553134559,0.6854356247868753,0.6803429036846302
76034,738512.7549072459,0.6891159172309662,0.6748506031517023,0.6896576125794643,0.686012427882002
76035,738512.7557468392,0.6891159172309662,0.6748506031517023,0.6969684706633457,0.6861831202004598
76036,738512.7584492487,0.6892374044350383,0.6751052042406318,0.6897544471463715,0.6861231015010641
76037,738512.7618442328,0.687103909460003,0.6737511354522506,0.6818484793671985,0.6793256719476111
76038,738512.7648254441,0.6706699736964952,0.6761307392423639,0.6862033393897534,0.6811229659479158
76039,738512.7669120698,0.687103909460003,0.6737511354522506,0.688077183717684,0.6849735684743793
76040,738512.777426352,0.6680371726167247,0.6735336257804774,0.6837878617041889,0.6790711044321555
76041,738512.7805652337,0.6907268101840982,0.6931970348101896,0.7012289804681137,0.6984341976768296
76042,738512.7877353147,0.6909726307286705,0.6854395232058899,0.6937809438477278,0.6941505262240847
76043,738512.7883990216,0.669419430233838,0.6695732357232245,0.6729165375757741,0.6814081969717014
76044,738512.7889817246,0.7050235095832009,0.6718949970291472,0.710136007662078,0.6828850102679622
76045,738512.7902858008,0.6688879762561991,0.6747975808724533,0.6901919039001173,0.6799329428091567
76046,738512.794470093,0.6786922448053974,0.666552401073386,0.680767073722943,0.6788225892340574
76047,738512.8098316697,0.6790181752794938,0.6743906473094367,0.6834135935806506,0.6852167735197897
76048,738512.8128689923,0.7007079964174223,0.666552401073386,0.6941468439037382,0.6788225892340574
76049,738512.8193167181,0.6685609346668002,0.6715894050050284,0.6724924313140789,0.6773400176472734
76050,738512.827316301,0.6752811953576555,0.6749719966261504,0.6840166123443935,0.6798843674349814
76051,738512.8277674437,0.6819951034912872,0.6695187285250542,0.6835634102252062,0.6810106023157183
76054,738512.8315526076,0.6819951034912872,0.6772749235087099,0.6859132611052976,0.6873507452442947
76056,738512.8327669977,0.6996850038718412,0.6834206514510791,0.693460742416559,0.692163145890478
76057,738512.834263199,0.6803744791721488,0.6687222559166491,0.67664681677993,0.6749931129930032
76059,738512.8553387009,0.6685447860713635,0.6687222559166491,0.6719901829960802,0.6802024571858898
76060,738512.855872797,0.6821379296909714,0.6704374506225157,0.6781472746198666,0.6814961953550689
76061,738512.8569620748,0.68262370877514,0.6704374506225157,0.6840618629301415,0.6814961953550689
76062,738512.895078528,0.6821379296909714,0.6726072538711912,0.683794825117677,0.6779797888766197
76064,738512.899462784,0.6798226692406526,0.6705838434777892,0.6762466725232509,0.6763366683052628
76065,738512.9074753072,0.6856250278129821,0.6734196928299647,0.6866095279447297,0.6837374045149452
76066,738512.9079853503,0.6856250278129821,0.6734196928299647,0.6881923209793054,0.6838901267406579
76067,738512.9249506039,0.6912194456718421,0.6786806629770653,0.6873162799034992,0.6880488277391694
76070,738512.9325996359,0.689356320481352,0.6774510024117577,0.6897908070062994,0.6817136214288145
76071,738512.9616213079,0.6897656162037693,0.6774510024117577,0.6901450576901409,0.686840421501493
76072,738512.968342942,0.6834756517671414,0.6940242262267566,0.6907056844558689,0.7035976710186421
76074,738512.9756548519,0.6821379296909713,0.6843064400410602,0.6783347583533756,0.691108469378586
76075,738512.9833272643,0.6885467417139048,0.6830397349408365,0.691043851253644,0.6900361590617083
76076,738512.9912600997,0.6948711710452028,0.6822643744622197,0.6945183997945136,0.6947545688797964
76078,738513.0275166194,0.6832436071132394,0.6828906336133892,0.6805947581652638,0.6951801399963122
76079,738513.0594384425,0.7016065943509724,0.6961787763991354,0.7027060670367304,0.7061302968823896
76080,738513.0700435226,0.6953304719073803,0.6961787763991354,0.6909230393915371,0.7061302968823896
76081,738513.0708468551,0.6976108792254339,0.698338784319063,0.6929070251471481,0.7078253444728149
76082,738513.0802118479,0.7038500144730757,0.6908688960611248,0.6982752629520944,0.7017152983385873
76083,738513.0818965253,0.6975874407259054,0.6967291153528105,0.6929947544792284,0.7064433865196194
76084,738513.0830600425,0.7038500144730757,0.7042613220052732,0.6982752629520944,0.7125939149433866
76085,738513.0836627235,0.7088455548406324,0.7090031663611472,0.7032888295947711,0.716401954098097
76086,738513.0838248103,0.7362037531885002,0.7090031663611472,0.7247533074123585,0.7162422924190022
76087,738513.0842524475,0.7021490990984669,0.7011401892075291,0.7023488094982064,0.7097716113149557
76088,738513.0844308027,0.7146300654874526,0.7086390147605508,0.707619118523955,0.7160548611661449
76089,738513.0848719651,0.7296915392331719,0.7150116677709872,0.7116046625028455,0.7134396263879944
76090,738513.086577784,0.7296915392331719,0.7228117950557618,0.7116046625028455,0.7195865711420276
76091,738513.0869704847,0.7240340014333715,0.7099215069934643,0.7126609018276678,0.7094165595780076
76093,738513.0939667971,0.7240340014333715,0.7175456123969465,0.7133650252332034,0.7154534886252567
76094,738513.099897764,0.7080556556679861,0.6952848942880852,0.6939597015864026,0.6975880930919822
76095,738513.1086061527,0.6960610189408282,0.6952848942880852,0.6942630574182671,0.6977355591300526
76098,738513.1225520852,0.6934013971435652,0.6952848942880852,0.6920021402738487,0.6926110717584123
76099,738513.1567769755,0.7036761443384637,0.6913351616935898,0.6941362033005316,0.6913054900962852
76100,738513.1575182326,0.7031661479772738,0.6913351616935898,0.6900811956869054,0.6913054900962852
76101,738513.1701372617,0.7057808685385445,0.7004749708116964,0.6981566139343054,0.6987806891492009
76102,738513.1703322744,0.6940779391147859,0.6933829345028553,0.6825552830187623,0.6929508367003602
76103,738513.1768139625,0.7105990977418899,0.7127733863297645,0.7048963637744394,0.7073920096153954
76104,738513.1808140641,0.6998960658771411,0.7004749708116964,0.6879004465204621,0.6987806891492009
76105,738513.2022598961,0.6985033886662673,0.6976618183184767,0.6863563731407324,0.6963905686495292
76109,738513.2766534536,0.7007551981636679,0.7041706951461809,0.7019100435950575,0.6967291153528102
76114,738513.3700601022,1.1643283697138112,1.0657533298239303,1.0362775056259803,0.9082203994174461
76123,738513.5075381153,0.7243313713593127,0.7041706951461809,0.7080607404587111,0.6928785790531545
76124,738513.5082667829,0.7092452072453758,0.698240458336222,0.6972050774036036,0.6881426649875467
76125,738513.5147811999,0.7231211021005997,0.7032436465856556,0.7018695222233134,0.6922102071320718
76127,738513.5608837116,0.7082160688718796,0.7216537492895114,0.7000012501371168,0.7118856809857823
76129,738513.6075787408,0.7041053394311856,0.7076081171539744,0.6914580165803806,0.6957689374160624
76130,738513.6113382212,0.7278342425248404,0.7076081171539744,0.7067528125312352,0.6957689374160624
76131,738513.6210278232,0.722639481617522,0.7095952729591043,0.7025946576414338,0.7023019790819407
76133,738513.6445287605,0.7227468715207682,0.7095952729591043,0.713210879371909,0.7024485515496612
76134,738513.6503265183,0.7238241365054197,0.7106937481354748,0.7135343969745803,0.703237898867628
76143,738513.7136174238,0.7289755638231031,0.7155675874198064,0.7180092726773983,0.7073787079449168
76146,738513.7625154437,0.7142061602145308,0.7172538720288198,0.7099652262666527,0.7037076006636631
76147,738513.766991729,0.726589371646858,0.7141028885317684,0.7109060519957742,0.7011907637514181
76150,738513.7954440158,0.7272874098858285,0.7211633556765875,0.7136884206719333,0.7119581670545111
76151,738513.8232262955,0.733985494834445,0.7218954083152643,0.7059692044124699,0.7026131727983012
76155,738513.837290501,0.7248788544152834,0.7159000519608153,0.7136181117095732,0.6979262444169902
76157,738513.8607834852,0.7332320075011353,0.726783049684798,0.7131845534240354,0.711518007445822
76158,738513.8676303778,0.7340351237917616,0.7275907045466332,0.7139902431107233,0.7122500728220611
76159,738513.8696482385,1.0022180351613503,1.0099871672168645,1.077448142126388,0.822873755185109
76160,738513.876143479,0.7340188426533832,0.7204583588190175,0.7072080220973455,0.7064570669430693
76162,738513.885887368,0.7346331925943733,0.721113184683302,0.7123580986167257,0.7070625097221513
76165,738513.9148682484,0.7346331925943733,0.721113184683302,0.7146243744436168,0.7072055384487057
76167,738513.9412480962,0.739297811632614,0.7326634845151169,0.7186557220659047,0.7164532186183992
76168,738513.973542678,0.739297811632614,0.7255387180530574,0.7128386099817288,0.7106636976598665
76169,738513.9893871509,1.1651803173014075,1.132942126704135,1.0575352643748015,0.9221621961545287
76170,738514.0195062524,0.7342593468613299,0.7332385574904826,0.7093298395555964,0.7170059814669305
76171,738514.0256030484,0.7278988885533008,0.7261550044208446,0.703772947790225,0.7112428468826488
76172,738514.0277752558,0.7380020382582174,0.7261208691816632,0.7155797611808526,0.7066225176416187
76173,738514.0301463595,0.7372282871814458,0.7245344644117058,0.7116449774946059,0.7100418206772335
76175,738514.0987707357,0.7383677435758532,0.7249706838155903,0.7160273937732223,0.7104758032325654
76176,738514.1114727476,0.7577594183447787,0.7319269777432095,0.7274042019287829,0.7161562014195137
76177,738514.1346086509,0.7431000397932906,0.7294624939465525,0.720088577658845,0.7141444675179773
76178,738514.135163945,0.742762738673079,0.7292453851721672,0.7165479323360034,0.7140610266598706
76180,738514.2083371609,0.7310069159029737,0.7307839839718178,0.7085194939282418,0.7136394615550826
76182,738514.252591117,0.7444102978280726,0.73087182914359,0.7215146525183302,0.7185177182270958
76185,738514.3605472413,0.7301339359519177,0.7323947129333631,0.7223388077881064,0.7150281552307557
76186,738514.3716312305,0.7557328571402292,0.7321038827989794,0.7247777914942279,0.7226054566677855
76188,738514.4035433608,0.7557328571402292,0.7252919893409906,0.7231152000347975,0.716925154365199
76190,738514.4416300153,0.7606445529792947,0.7298631936633909,0.7239029930406092,0.7206968523335581
76194,738514.4644196313,0.7429863139453733,0.739897777887105,0.730904776528035,0.7243125939387117
76196,738514.498421329,0.7429863139453733,0.7470312291104377,0.730904776528035,0.7302222745298719
76199,738514.5472717216,0.7623134943061725,0.7328783444909726,0.7232726214346089,0.718298761417592
76206,738514.6325594931,0.7487835894883651,0.7484348314122178,0.7434957961108526,0.7388271397259075
76210,738514.6895965823,0.7524234449028044,0.7353134085134421,0.7300254277736039,0.7241812278406469
76216,738514.7772124851,1.0360902152761475,1.2432093947612166,0.9428374098306688,0.9824134146017391
76217,738514.893577605,0.7633653639928172,0.7329005671401413,0.7299874073791249,0.7231745785007783
76220,738514.9706927593,0.7633653639928172,0.7435837034502515,0.7299874073791249,0.7230303905676707
76221,738514.9763514451,0.7574270136079295,0.7460524103762178,0.7291651551578497,0.7205744868588014
76223,738514.9879900952,0.7599203532865296,0.7533839946279756,0.7273101546759798,0.7312234211239356
76224,738515.0456962953,0.7662410518771927,0.7463707530023661,0.738793148000862,0.7254073668696194
76227,738515.1063496348,0.7629718592854213,0.741990101048327,0.7375255128048731,0.7171757615951685
76230,738515.1501117942,0.7714912760621147,0.7525159548762732,0.7349671874113334,0.7257452268116857
76231,738515.1717552025,0.7696220695153095,0.7497575305412648,0.7392246500480881,0.7283944546522575
76233,738515.2044970413,0.7549733881858133,0.7511623583924935,0.7364063412884402,0.724813160310912
76234,738515.2241803237,1.3743496262761135,0.7508513074086717,1.336290713548467,0.7338379670981127
76235,738515.224640775,1.534609476689936,0.754706374352487,1.4050703826281676,0.7372565540533904
76236,738515.2250086807,2.3224303845093686,0.754706374352487,1.2735908560212663,0.7372565540533904
76237,738515.2255140278,2.427733128651719,0.7527839767051496,1.4050703826281676,0.7357074774477339
76240,738515.3304764157,0.7647347729610269,0.7582596414762657,0.7438192783978345,0.7358039895138828
76246,738515.3968274528,0.7504008326622061,0.7513919856431086,0.7326000749026915,0.7252914892292941
76248,738515.4882604054,0.7631288028562324,0.7677422980725823,0.7422290020022227,0.73853992267416
76256,738515.6696146346,0.7529017201813906,0.7513745361647955,0.7256496702670978,0.7301888090749428
76257,738515.6698755269,0.753021136593236,0.7527372218479228,0.7297924181862387,0.7266615769487432
76258,738515.6749732005,0.7504908843641938,0.7527372218479228,0.7321855142920884,0.7266615769487432
76261,738515.740011086,0.7503896553380779,0.7527372218479228,0.7326984343123077,0.7266615769487432
76264,738515.8419680482,0.738910220167166,0.765795627635439,0.7283764895652022,0.7452727887124445
76265,738515.8458471575,0.7977434871495526,0.7649117529595079,0.7801697279699132,0.7446667101872922
76266,738515.8463318489,0.7935976282892614,0.7649117529595079,0.7764739361656549,0.7446667101872922
76267,738515.9134401501,0.7631288028562325,0.7636714829467594,0.7505855189314569,0.7407026719683519
76272,738515.9925953547,0.764657909208025,0.756490783996163,0.740430499561427,0.7348328686195705
76273,738516.0414612319,0.764657909208025,0.756490783996163,0.740430499561427,0.7348328686195705
76275,738516.0966032392,0.7681609425876603,0.7652978235910123,0.7451677640793493,0.7431431662810223
76276,738516.1209195962,0.7582596414762658,0.7601249767407974,0.7379339158785578,0.7299066922743728
76278,738516.1641546099,0.7701928922641816,0.7635516643402152,0.7479025733920583,0.7374264788589032
76279,738516.164997856,0.7629839065432348,0.7648259524263662,0.7422683811273727,0.7338687082099694
76298,738516.5545181197,0.7753412554806922,0.766631815367782,0.7527403829225671,0.7374968305550356
76301,738516.5746005989,0.7692898409194066,0.7706788239131366,0.7382027851314745,0.73636969425947
76302,738516.5782158512,0.7692898409194066,0.7706788239131366,0.7382027851314745,0.73636969425947
76303,738516.5783769684,0.7750764887368268,0.7740572251812442,0.7486290098869018,0.7392767913522861
76309,738516.6982929584,0.7753448743430281,0.7740572251812442,0.7434872217103338,0.7392767913522861
76312,738516.756640496,0.7719221158364025,0.7701110174500753,0.750177683883358,0.7320021828708263
76313,738516.7604898841,0.7643742750626655,0.7627512990773814,0.7385511991066535,0.726337874139052
76314,738516.7618404451,0.7608866813044425,0.7627512990773814,0.7375459210837214,0.726337874139052
76315,738516.7622938458,0.7666987369256014,0.7721003929596238,0.744530455395433,0.7385548758321259
76316,738516.7656132068,0.7683557207511018,0.7655070241561587,0.7473349703864123,0.7331047891181173
76317,738516.7659002513,0.769273750163589,0.7664020268880912,0.7451346948390818,0.7341312326155105
76318,738516.7666335894,0.7685756004186873,0.7676209124943617,0.7425693071238482,0.730603611458594
76319,738516.7692560409,0.7780923617346859,0.77661191420812,0.7456979428283856,0.745888373739062
76320,738516.7725688656,0.7664020268880914,0.7647014712490154,0.7407176980396574,0.7284585953107118
76321,738516.7747885032,0.7664020268880914,0.7647014712490154,0.7407176980396574,0.7284585953107118
76323,738516.7843694352,0.7744620390592967,0.7593208425600565,0.7520250768887475,0.7281071195616646
76324,738516.7849771448,0.7664305611606588,0.763717510531131,0.7460166871802587,0.7321560195232925
76325,738516.7961113135,0.7636052485084266,0.7610300500641094,0.7436696562334214,0.7301363671303434
76327,738516.8099919645,0.7636052485084266,0.7610300500641094,0.740617200945462,0.7301363671303434
76329,738516.826375004,0.7721648750363406,0.76922339991199,0.7455520500688796,0.7412465993097076
76330,738516.8296732474,0.7582766198711135,0.7595264266189449,0.7339226850791836,0.7248468481076881
76331,738516.8298616641,0.7577092716344119,0.7572545195614563,0.7257484695686699,0.7231897595233816
76332,738516.8302862009,0.7630009994153594,0.7580088493177904,0.7380382056512965,0.724138432700168
76333,738516.8306278078,0.7630770723245854,0.760569925568084,0.7435391908071237,0.730229659837326
76334,738516.8316437353,0.7674544725740464,0.7647782373830317,0.7474729997751416,0.7338132169455158
76335,738516.8351915551,0.7686215758236249,0.7667469303515715,0.7457497373989853,0.7355728698431928
76336,738516.8599485139,0.7697075193022729,0.7679077283161623,0.744528727523633,0.7322980517851441
76338,738516.8867641337,0.769493247970325,0.7730087103293144,0.7428166065594977,0.7408008220098111
76342,738517.0369219888,0.7798565097134926,0.7766680193935704,0.7503097911169448,0.7415914312115293
76344,738517.1399064728,0.675944718915567,1.0083122299577987,0.6580219422776542,0.8072388139465648
76345,738517.1546812813,0.7834108397730025,0.7820152729960047,0.7564641643369975,0.7443946270633001
76350,738517.2956519146,0.7817780292681393,0.788529978890877,0.7523747019367286,0.7497212433571341
76352,738517.339322601,0.7927712082535295,0.7841554785572047,0.7593440999274398,0.7420259701317279
76355,738517.3560887777,0.7858617236736702,0.784402508530498,0.7538976492913592,0.7466709925157299
76361,738517.386683136,0.7858617236736702,0.7908803693738414,0.7559121187084198,0.7519749953039788
76364,738517.416778629,0.7851811029321538,0.7854986447387616,0.7449933463469729,0.7432912893209688
76376,738517.6308481876,0.7853255337248343,0.7861561721174277,0.7552947511360901,0.7483885919908331
76379,738517.6909851949,0.7839928491821753,0.7841365554754157,0.757829297280842,0.7469531424388038
76380,738517.7323619839,0.7845915188475325,0.7852209353556056,0.7498318166318393,0.7434749041746832
76382,738517.7867629181,0.7865618042232243,0.7905349916431196,0.7531599235842537,0.7520746566010953
76385,738517.7977385195,0.7859278467484863,0.7908588380132057,0.7523988468076785,0.7525186612133005
76386,738517.8070938935,0.7829274859337517,0.7855686414693969,0.7484348314122178,0.7439494008672385
76390,738517.8901899143,1.335582181886988,0.7965072573157218,1.0797376621904047,0.7621785311909549
76391,738517.893106882,0.7933378528517899,0.7909117128973657,0.7558541251417455,0.7487835894883652
76393,738517.9060581408,0.7808891099228592,0.7855914491249419,0.7539407931899078,0.7486545111243781
76394,738517.9072223684,0.780609662968416,0.7855914491249419,0.759963715360897,0.7486545111243781
76396,738518.0082655858,0.7845963384425915,0.7834194523902255,0.7516097081635952,0.740777247645567
76398,738518.0221034045,0.7917432914053919,0.7885791877871958,0.7611218656081372,0.7491710917772155
76399,738518.0359759857,0.9533293505193329,1.0571062439835743,1.1317120049596139,0.810250899073231
76400,738518.0406230745,0.7821076366297434,0.7793354612599707,0.7496726374985349,0.7417844226933514
76402,738518.0860337957,0.7811854695556488,0.7793354612599707,0.746992900256697,0.7419105121753664
76404,738518.1132539163,0.7851141802718526,0.7867498736851268,0.7539289378428964,0.7496577531185218
76407,738518.1572609696,0.792474547924457,0.7893074186448438,0.7620639022075927,0.7501281346255396
76411,738518.1796793443,0.7866196234946209,0.7898643611785429,0.7523715683543248,0.7507602812429541
76412,738518.1840407891,0.7843807333523543,0.7898643611785429,0.7501046859876017,0.7507602812429541
76413,738518.2003490913,0.7890524743881755,0.793670004080649,0.7582407373496595,0.75400914304905
76414,738518.2110005682,0.7935390037872981,0.7972226181987639,0.7614406039483376,0.7586245316892605
76416,738518.2312258801,0.7854072011402828,0.790097327649817,0.762628050540877,0.751311129030942
76417,738518.2467742366,0.7854072011402828,0.790097327649817,0.7552600025737447,0.751311129030942
76418,738518.2539561939,0.7862532320868473,0.7850494613439271,0.7538342927181186,0.7430619873095505
76421,738518.3266026635,1.1616930585889453,0.799650659575713,1.04713422281536,0.7648534863138855
76422,738518.3312200205,0.793051868689352,0.790947816027777,0.7567458133422759,0.7479736896078968
76423,738518.3332539842,1.0076438095203055,0.8125482639524625,0.828620223608898,0.781407692951631
76424,738518.3459618153,0.7909117128973657,0.7908566376074408,0.7579446697483883,0.748289750352676
76434,738518.4489333403,0.7911362844654648,0.7903948235124875,0.7604073058594841,0.7522587992522759
76436,738518.4675078938,0.7897065447042063,0.796440797449329,0.7594220448581452,0.7571533760241879
76437,738518.468170696,0.7875579966006985,0.7883302365338548,0.7599272074432294,0.7506324378574721
76438,738518.4728546976,0.7890775435692522,0.7843445492567089,0.7586094626101817,0.7434377387764574
76439,738518.4863936536,0.7933106787471293,0.7934226111694023,0.7568083678718336,0.7509210518186884
76440,738518.4890119506,0.795838907182535,0.7949513637920795,0.7649174156007208,0.7563495454159976
76441,738518.4992919335,0.7984147784169888,0.8034700314172909,0.7672910450329603,0.7635553004159524
76447,738518.595812847,0.8628367190130829,1.1213465338744117,0.8031050163218026,0.9292534332205226
76449,738518.6644175958,0.7974212599605611,0.797445164809855,0.7640866129095776,0.7562252990841016
76453,738518.6914487819,0.7984147784169888,0.797445164809855,0.7674964960446613,0.7562252990841016
76460,738518.7771068496,0.7940201179471217,0.7945168225385835,0.7608305188866407,0.7541555898042771
76462,738518.7956646495,0.8017339875748519,0.8004659741329013,0.7691489875579413,0.7589819875729622
76468,738518.9496269376,0.8059340879377915,0.798229554611377,0.7821602555664147,0.7610466682549614
76469,738518.9669926831,0.847403867128296,1.0172663540076168,1.168505332475117,0.9765201368238797
76473,738519.096827487,0.7969101284675817,0.8032471011722818,0.780288921560522,0.7694620249991069
76474,738519.1347319374,0.8022733870277227,0.8071769447138422,0.7774093901119645,0.7728816559442485
76476,738519.2331747595,0.8010588420666882,0.8068542680176648,0.7779112304762427,0.7727659820342558
76477,738519.3032896857,0.8032149947177142,0.8089111323105327,0.7799350410499694,0.7746292988530336
76487,738519.4056206753,0.8032149947177142,0.8029593288655535,0.7747572521564452,0.771488999497638
76496,738519.5738047194,0.8105905590967969,0.8038712105133948,0.7812329192045412,0.7723969377612382
76500,738519.6582884185,0.8117653867350498,0.820480774031579,0.9592850001879059,0.7917730839112538
76501,738519.658707728,0.8763789993563373,0.820480774031579,0.7996923887736932,0.7917730839112538
76503,738519.7213622957,0.8034576126531325,0.8080649026016405,0.7869868338500163,0.7859427204072359
76506,738519.8248014539,0.7912593968101395,0.798986529058614,0.7870376277091987,0.7768043403643722
76507,738519.8376059062,0.7988621880455696,0.798986529058614,0.787611427127924,0.7768043403643722
76509,738519.8783891986,0.7914932435435088,0.7988625975958314,0.781034946323625,0.776798466154487
76511,738519.9003017226,0.7914932435435088,0.7988625975958314,0.781034946323625,0.776798466154487
76516,738520.0474902483,0.9715760221549253,0.8085058797979866,1.2925431009025354,0.7883852677379266
76532,738520.4647841046,2.7143405118953248,0.7936388949077308,2.7143405118953248,0.7853145228221005
76537,738520.6146626766,0.8020829215604495,0.7992908415807807,0.7869393844780319,0.7840857486269682
76538,738520.6156247995,0.8020829215604495,0.8025815270005103,0.7824794843968249,0.7870245965297809
76541,738520.6209780858,0.8029393141807415,0.8001090427911439,0.7935674485331391,0.7848489890606419
76544,738520.8112833627,1.5079669510529579,0.8048393150867603,0.9482412268629951,0.798309811814454
76545,738520.8203349878,1.1237452347572727,0.7985945043110092,0.9047801706317744,0.7848081461288521
76548,738520.8239645659,0.7842599381942218,0.7929027885370573,0.7841913412394462,0.7740315910607087
76551,738520.9394469645,0.7835752607818879,0.7872407526947163,0.7740130418740345,0.7680784291022619
76552,738520.9681967369,0.9206355608463505,0.7998628812880634,0.8739994365086999,0.7837045958882212
76553,738521.0086667677,0.7857857357393466,0.7939788874482968,0.7838828202456323,0.773907328483881
76557,738521.1948440942,0.7928815629564667,0.7946613752596235,0.7841913412394462,0.773907328483881
76558,738521.2683082403,0.7786156050058297,0.9613833574374197,0.9404014371920805,0.8122398258856843
76567,738521.4900972487,0.7887871954189097,0.797790103376231,0.789344924343045,0.7766453044460718
76570,738521.586660691,0.7892506759611903,0.7920869021972973,0.7756609931187194,0.771817576222706
76571,738521.6127560615,0.9120885726562638,0.8138130832060936,1.0832742178992674,0.7918836261235219
76572,738521.6358801443,0.7888634067421386,0.8015903660473243,0.7806509323135374,0.780045169858958
76573,738521.6489085859,0.7935338839496037,0.799339274209174,0.7859165846169861,0.7781080776132465
76574,738521.6546634242,0.7925234824728646,0.8050608914789102,0.7839940893815306,0.7830744607478451
76575,738521.6791271826,0.7937063060331174,0.8084528182151317,0.7912325397724408,0.7860376924895405
76583,738521.8328955137,1.2119846006602375,0.8200157802672294,0.9111073046921365,0.8058365830814384
76584,738521.8765659446,0.7950188277276637,0.8007427777144426,0.7846877365868343,0.7862107730706096
76586,738521.9439237289,0.7967944627369742,0.810058282054159,0.7829919768253972,0.7943344403516087
76587,738522.0775909226,0.7882227475837855,0.7953400820990407,0.7811720873634508,0.7753428815732453
76589,738522.0974579178,0.7882227475837855,0.7953400820990407,0.7811720873634508,0.7753428815732453
76590,738522.1034600021,0.7911597275285798,0.7944411254327778,0.7761765786658218,0.7744855433609636
76602,738522.3893407225,1.0172663540076168,1.0843094817558192,0.9526459603039071,1.0601783342014865
76611,738522.578304461,0.9921439580488544,0.8181678990245144,0.9603563481890088,0.7925455817002629
76617,738522.7916645209,0.7848695456082864,0.7945123693683381,0.7685344754882252,0.7665616440966488
76620,738522.8414110458,1.1489272008022533,0.8214067379131061,0.8439205178986954,0.8011581526270591
76625,738522.9852313437,1.3649255145530772,0.7836465501806992,0.8178803802321126,0.7744671221653553
76627,738523.1168254543,1.0830286331751917,1.5977388966340373,1.0830286331751917,0.9459879803833207
76645,738523.7177432484,0.7729243947402265,0.7819815589825111,0.773815044965916,0.7666637555861645
76655,738524.0692235501,1.3614247081606645,0.8166425315553716,0.775525860541521,0.7959501516477279
76659,738524.2208592952,0.7742952118316166,0.7762259199931745,0.7728314651273864,0.7631208688395331
76668,738524.4109401429,1.2063735608423651,1.26248395902108,1.1231753842325478,1.3404150676026292
76682,738524.85117142,0.7782179007741917,0.7764408107354623,0.7705283300986641,0.7553533965861357
76683,738524.8827737154,0.7762592876840798,0.7795332011317548,0.7744010469906973,0.7658188140307675
76690,738525.2152292527,0.8977663708594352,1.0154367382629987,0.665585412878547,0.8497065950281012
76691,738525.2829499674,0.77770716335572,0.7795332011317548,0.7721117609184124,0.7694872832069376
76692,738525.295319023,0.7788580284459587,0.7807100442524582,0.7769724917889277,0.7626337190995992
76693,738525.2976377691,0.7788580284459587,0.7807100442524582,0.7769724917889277,0.7626337190995992
76694,738525.2995279252,0.7879931842373562,0.7830769597967037,0.7748762325799349,0.7647101901841442
76695,738525.3024702423,0.7812362289805909,0.7807100442524582,0.7689503295543859,0.7626337190995992
76696,738525.3049609744,0.7798274517582127,0.7829357885402052,0.7776318370806699,0.7677870545158456
76697,738525.3149376644,0.7824399098182656,0.7845168586551057,0.7802355317593845,0.7660050302411667
76698,738525.3174444074,0.7837931083535403,0.7873585114383134,0.7812239223494016,0.7764420523906289
76699,738525.3187306301,0.7844532990858922,0.7873585114383134,0.7818181596128518,0.7764420523906289
76700,738525.3201846844,0.7785760399985123,0.7803308534816793,0.7765530471117748,0.7657500724920068
76701,738525.3216223256,0.7781489939943079,0.7803308534816793,0.7761675334362268,0.7657500724920068
76702,738525.3223628282,0.778220135792991,0.7803308534816793,0.7762317591320017,0.7657500724920068
76703,738525.3243530253,0.7785760399985123,0.7803308534816793,0.7765530471117748,0.7657500724920068
76704,738525.3321402185,0.7874460463409166,0.7826508331118673,0.7746334257192639,0.7717142022477442
76705,738525.3349813543,0.7791986606096595,0.7813393977269898,0.7771246192216182,0.7626797266552504
76706,738525.3398164562,0.7886175919221381,0.783649051933515,0.7793848276263593,0.7759351090167409
76707,738525.3403513118,0.7832253157559327,0.7813393977269898,0.7727407529783619,0.7635509160506645
76708,738525.3423379875,0.7827262644897492,0.7843394308005166,0.7803197647317968,0.7739635118375012
76710,738525.3449881276,0.7863215530774917,0.7843394308005166,0.7753370609325279,0.7661679037700563
76711,738525.3482630842,0.79171357561435,0.7866408447381508,0.7821618490800966,0.7779878474003831
76714,738525.3567815302,0.7843234585601879,0.7862951597123384,0.7812591714868748,0.7679012255281946
76716,738525.3648950601,0.7896263307331851,0.7875510972752793,0.7783432225924107,0.7681939600606468
76717,738525.3655580562,0.7847262950980458,0.7875510972752793,0.7821247175126715,0.7768413246072045
76718,738525.3684373823,0.7854345047917365,0.7869435685676137,0.7827997757166516,0.7717404994162421
76719,738525.3766356701,0.7841099791212768,0.7869435685676137,0.7818017923609323,0.7717404994162421
76724,738525.3961582184,0.784822735234003,0.7863427767285769,0.7822586205478449,0.7712880143090538
76725,738525.3989804686,0.7935353719744386,0.7886021720681615,0.7803373577022411,0.7663638233076673
76726,738525.4006353172,0.7870182094836646,0.7863427767285769,0.7745954528067276,0.7681710315163642
76727,738525.400837109,0.7908951464761951,0.7888067912098502,0.7796095295055981,0.7734687627682014
76729,738525.4188275207,0.8001291344492373,0.7924944709987557,0.796413949622009,0.775641766364349
76730,738525.4190528608,0.7921806076589102,0.795287467940653,0.7891738968856666,0.7791657245349787
76731,738525.4287138158,0.7943235662973441,0.7955342676762353,0.7908988953274368,0.7794441346276596
76732,738525.4320363185,0.7978253261800953,0.7955342676762353,0.7843491717084745,0.7762798681839593
76733,738525.4338690452,0.8031050163218026,0.7969389395240601,0.7952844811922604,0.7870563508121656
76736,738525.4511692504,0.7879652708736359,0.7893580697069466,0.7853929175812988,0.7711080539822477
76737,738525.4698348807,0.7879652708736359,0.7893580697069466,0.7851612567062611,0.7741954290659893
76738,738525.4840769318,0.7966258269069654,0.7915675958731699,0.7895641847918398,0.7825125800058591
76740,738525.5112609599,0.7901097895204791,0.7893580697069466,0.7775965279876036,0.7711080539822477
76741,738525.529723072,0.783938663853826,0.785838357256347,0.7815244031092458,0.7681832670729078
76742,738525.5323612888,0.7927989057365676,0.7880343421631585,0.7800269518105463,0.7721916023055705
76743,738525.5325472567,0.7851184734692469,0.7866466087304184,0.7828218979677555,0.768943990493027
76744,738525.5347486744,0.7860194880606988,0.7878440275288886,0.7829419253625014,0.7700369142830368
76745,738525.5352614669,0.7885391591221593,0.7878440275288886,0.7763660835756941,0.7700369142830368
76746,738525.5381831055,0.7948316044894277,0.7900216710189327,0.7819331669497364,0.7682727005321064
76747,738525.5429352104,0.7965259119602852,0.7916638216814728,0.7834861570882925,0.7697471465405245
76748,738525.5460861691,0.7949190052882413,0.7927856258799046,0.79079378075917,0.7774604078091962
76752,738525.5571791999,0.8011438319107604,0.7941549831162447,0.7937671952731602,0.7849072217577492
76755,738525.5754026662,0.7799066237702778,0.7818082482506784,0.7772459561404277,0.7680247442348541
76756,738525.5778218536,0.7850936915831572,0.7818082482506784,0.7893143487771468,0.7688287460290727
76757,738525.5788949304,0.7921601764153215,0.787433640824256,0.783197323170527,0.7664202057354762
76758,738525.5811789939,0.7833331678624088,0.7848056571633855,0.7810454063462476,0.7707338484703492
76759,738525.5814097569,0.792762681408792,0.7848056571633855,0.782034928499675,0.7677860814942005
76760,738525.5824910703,0.7916161492902615,0.7869315792997901,0.7827496152440283,0.7805745712102035
76761,738525.5864613814,0.7882393992389229,0.7875715171539821,0.7764033507661664,0.7702231196147414
76763,738525.592756249,0.7971043541469338,0.7889219361473392,0.7902821665560531,0.7805546439620045
76764,738525.5971454162,0.7832246612748915,0.781506779774489,0.7734454633001281,0.7650878759482274
76766,738525.6038773416,0.7819955154448575,0.781506779774489,0.7740284840099539,0.7650878759482274
76771,738525.6618887311,0.7786511806473303,0.7805436410913943,0.7761637715910952,0.7671963007052922
76775,738525.9076154499,0.7777118893309767,0.7805436410913943,0.7759368440394233,0.7714482057397538
76781,738526.056280124,0.7778834693526323,0.7794851501932966,0.7739645155087406,0.7643241828475403
76782,738526.0569375126,0.779913829740157,0.78157790181665,0.775525860541521,0.7598651723480132
76785,738526.0841714961,0.7766657809636791,0.778293179844064,0.7728805847306868,0.7633550215499717
76787,738526.1233767903,0.7763450558114521,0.7783423921683101,0.7719940107285657,0.7634554191323147
76789,738526.2009099781,0.7763450558114521,0.7783423921683101,0.7727659820342558,0.7606592084086745
76791,738526.2403569691,1.3116276299091498,0.7969336375983107,1.1529941997431457,0.7865082529021309
76792,738526.2491487989,0.7766605919258281,0.7731038559801797,0.7730525525237738,0.7562489271054985
76805,738526.5578888289,0.7759020250656318,0.7723339004103803,0.7696519607227271,0.7582019273037732
76811,738526.711802015,1.2604853036769834,2.1242664875702535,1.247972649147275,0.8883296220748329
76812,738526.7822258163,0.7832894602044252,0.7792986556203179,0.7714046268063873,0.7666430013384448
76816,738526.9456319496,0.81192184146893,0.8061706059957442,0.7679887805669486,0.7539118964347491
76824,738527.116957516,0.8243444857573787,0.8131696822041145,0.7727999348454173,0.757507578982302
76826,738527.134602311,0.8195109093483537,0.8130386475622504,0.7710117402822573,0.7603569099113149
76827,738527.158000991,1.5658549718675032,0.8265576290525547,1.3059204700587288,0.7754213563156027
76828,738527.1824769992,0.8246097757656681,0.820755676021183,0.7702271666259155,0.7620738185877955
76829,738527.1974706161,0.8263332844861873,0.8210059318427162,0.7714839948659393,0.7686100722392576
76830,738527.2029600483,0.8327525345123219,0.8242732003469881,0.7697383541195696,0.7646133560800912
76831,738527.2217037558,0.8248174038520808,0.820762888467684,0.775300744181422,0.765795627635439
76832,738527.33596688,0.8255105948346714,0.8213713330745668,0.779160428136326,0.7693199563158623
76837,738527.4609752445,0.8286417268033811,0.821231292599909,0.7831075819676274,0.7735082827574427
76839,738527.4652321872,0.8232386254900348,0.8192517998594144,0.7797142209035174,0.7699206688588944
76840,738527.4671916468,0.8233298936303332,0.8192517998594144,0.7797711301963357,0.7699206688588944
76846,738527.6040318186,0.8318089765309774,0.8276329558212899,0.7814010564547144,0.772944462051844
76849,738527.7673568117,0.8602102921299134,0.850425553829648,0.7753025591132051,0.772944462051844
76855,738527.8779810565,0.8746887670504079,0.8955106033279345,0.7857755839086328,0.7935228597058616
76891,738528.8835288999,0.8798270913600097,0.869268079493608,0.7983593076386184,0.787604030308382
76895,738529.0499686296,0.8660505398105072,0.857205277718403,0.7930567079891498,0.7825663979274549
76897,738529.1941771595,1.863924815035415,0.8787165443172789,2.079069328260249,0.7948036487025429
76923,738529.5975472024,0.8553496389599924,0.8528119428635282,0.8008491539469583,0.7905346842060814
76927,738529.6385149728,0.86216193844717,0.845935108362227,0.7972524771004842,0.781330455666085
76930,738529.6480764664,0.8575191708734103,0.8482035671506147,0.8032294094414681,0.781706198534295
76932,738529.6817998118,0.8650042614617072,0.8550506616634982,0.8031695116480718,0.7888083476557681
76933,738529.6977493743,0.8662198155929159,0.8796932889290504,0.8076243259705912,0.8019185123087202
76934,738529.7035277185,0.8708259478928337,0.8577766530537254,0.8071420227218707,0.7888083476557681
76935,738529.717995192,0.8729932540974455,0.8622656821374953,0.8084409566330077,0.7907700063622214
76941,738529.9429251129,0.883761506484197,0.8655844557781825,0.8051920263925155,0.7880583244615291
76948,738530.0350764003,0.8738947533806001,0.8631674163977247,0.8106229867389041,0.7955211011568516
76958,738530.260469847,0.7976211346468952,0.8896438686990478,0.8201973218191724,0.8180255033460554
76960,738530.2940699941,0.8889068343049014,0.8645985091488931,0.8110222840375628,0.7982267536683322
76963,738530.3193737331,0.8767066176738543,0.8587536654162662,0.8092043275014195,0.7994071841828593
76965,738530.3578613782,0.8768794605241869,0.8587536654162662,0.8089674274231882,0.7951155081992224
76989,738530.7227533051,0.8889783761024309,0.8660721728767762,0.8105029211258198,0.8019685086670464
77003,738531.043997465,0.8822766197768739,0.8622356485017539,0.810155687451718,0.7981274165128677
77004,738531.0443661712,0.8822766197768739,0.8622356485017539,0.810155687451718,0.8024193116171767
77009,738531.1729142604,1.1309752132897182,0.8774396595023536,0.8005428237847958,0.8147449497369323
77013,738531.2393116952,0.8654268273220578,0.8419764925249127,0.8090670140658183,0.7963002905866999
77032,738531.5158582448,0.8757917369703723,0.8462713649778832,0.8136517052577078,0.8016483969380962
77045,738531.6834677266,0.8630586848550056,0.8437290888666819,0.817770376146002,0.8049090726014311
77047,738531.8094120704,0.9187909431759089,0.8857987684506883,0.8149438416328748,0.8094678317953746
77065,738532.3568396543,0.9310744014124026,0.8868750472550613,0.8248525937208403,0.8129799278495111
77085,738532.8143516877,0.9127401134819074,0.8872682963614821,0.8221396718410116,0.8124403111887896
77094,738533.2947198633,0.9275730993552475,0.8873681502418543,0.8213074227627499,0.8168548248963982
77099,738533.3567450313,0.9245484768808722,0.8845752637538625,0.8272886616290531,0.8130832787273314
77105,738533.5549277446,0.9118060735961281,0.871202571521067,0.8217249620638024,0.8177724054737439
77118,738533.865521581,0.9002787767480345,0.8705980361977291,0.8283631473337075,0.8191445695710252
77147,738535.0382837256,0.91313908268922,0.853883197625181,0.8108031518715323,0.8085108539127613
77225,738535.2420167985,0.9113970049480005,0.853883197625181,0.8196661452544532,0.803305412037211
77283,738535.5447094801,0.8615795034395379,0.8794312670995114,0.7973931471010525,0.8163541306633351
77301,738535.8731755029,0.9131390826892202,0.8965921147889531,0.8248769790131305,0.8178636990087751
77312,738535.9707832595,0.924925324479336,0.8796473881142253,0.813658944916489,0.810666960183018
77362,738536.7754572568,1.6144776278931294,0.8569943345740312,0.9983781193178203,0.8296915944330817
77364,738536.9489853235,0.93909831251678,0.8704638089334371,0.8249783439014394,0.8158411266028708
77365,738536.9810288275,1.1164382568206987,0.6828529589673771,1.0443955476631306,0.8359472153958101
77366,738536.9829799447,0.9487015381381716,0.8924758165434006,2.0157127852049674,0.8323804157225716
77374,738537.1086933216,1.4911398520283328,0.9447602597487461,2.860622335889682,0.8210791907825946
77386,738537.3817656151,0.9487015381381716,0.9045070706708233,1.5850163573111384,0.8352964344890129
77405,738537.7991457555,0.9658142666491886,0.9137212561560286,0.820101677382758,0.8200562658428664
77443,738538.5896685668,1.6703633919355838,0.8965729060248552,1.4677944716412088,0.8175884640770854
77447,738538.6938532307,0.9658142666491886,0.9036392120307256,0.8130522496565746,0.809111626155524
77493,738539.7357076342,0.9437647040235518,0.932270189026135,0.8036465165575607,0.811275294698169
77497,738539.8517023398,0.8266220006943296,0.9222195793437232,0.9364244346640574,0.8186075660029999
77499,738539.9241458678,1.46597293469452,0.7770676614571107,1.5792526614663707,0.8863152691903096
77500,738539.9269568797,1.2820501310797097,1.0644472595667938,1.17665992633886,0.9668176355815933
77501,738539.9278296833,1.2820501310797097,1.1187914053713748,1.17665992633886,0.9692409038184159
77535,738540.7615409705,0.9544933668203336,1.0560352143544116,1.8791588159275325,0.8325034962728904
77540,738540.895371911,1.0592548339103705,1.0739489600743863,2.0389412295927323,0.8348249331758364
77552,738541.1470473295,0.9704904623536355,1.163835706087699,1.9349754144204296,0.8317922081308275
77567,738541.4701722595,1.4181044307044957,1.670363391935584,1.2705423672701515,0.9475515968798222
77568,738541.4750656277,1.3732631838837996,1.1135755946237227,1.8559593243728705,0.9346366181562091
77592,738541.9403724985,1.4272588607149117,1.5070155523456688,0.9420704596599822,1.0468749381159466
77618,738542.440434823,1.838283521283604,1.6218466129167073,1.018872684817013,2.20454051727539
77621,738542.4969023367,1.0340344807220279,1.2364255712548096,1.244396796284389,0.8173206673970521
77625,738542.6556279069,2.0471793759749244,1.140943130423797,0.9450020312822277,0.8792748882861535
77626,738542.6801878886,1.160328768443802,1.2172417911202256,0.855001374397165,0.8658591615238669
77627,738542.7860640723,1.7459074649376947,1.3012568746164845,1.6354185511001122,0.7423837297491482
77653,738543.5103985954,1.1916616881491662,1.0792236482600086,1.6847630763488208,0.9223756908385339
77676,738544.0641097607,1.4081220403006456,1.2758357282704225,0.9172860621034672,0.9067952712345179
77681,738544.2016827337,0.846028211499841,1.0848321779431769,0.7462104500055871,0.9240308125601103
77722,738545.1871790027,1.1961500560894647,1.1737688700087887,0.8915784239954779,0.8958483492921062
77750,738545.5799517252,0.8636537992394211,1.054432732997273,1.0499427035023667,0.9070119914769442
77762,738545.944951652,1.9562814500146464,1.169816786271385,1.170891985523473,1.5977388966340367
77787,738546.399332429,0.8561360754365178,1.0872462690206581,0.8619928446474622,0.8691238092275666
77791,738546.5367320097,0.789626330733185,1.0413266843942568,0.8619928446474622,0.8691238092275666
77792,738546.5371030481,0.9709835977511727,1.0413266843942568,0.8847719725349201,0.8691238092275666
77793,738546.5393515198,0.8546045261065778,1.008683957968843,0.8678408251641206,0.8670005658233157
77794,738546.5405102769,0.8546045261065778,1.008683957968843,0.8678408251641206,0.8670005658233157
77795,738546.5421489174,0.7780520034097343,1.008683957968843,0.85969556144671,0.8670005658233157
77796,738546.5447887292,0.8529515192862555,1.008683957968843,0.8762469200828579,0.8706997510818535
77797,738546.5452749695,0.7780520034097343,1.008683957968843,0.85969556144671,0.8670005658233157
77798,738546.5481766897,1.012931736217497,0.8543498004654134,0.9061785943885468,0.8688483215144184
77799,738546.550539822,0.8338454052542433,1.0606163439796639,0.8685889638065037,0.8732196741999882
77800,738546.5509920424,0.9426546894024068,1.0683751092330918,0.8801779737948019,0.8788200026432459
77801,738546.5542119583,0.8567265955602842,1.0683751092330918,0.8691782371876479,0.8751691832292803
77803,738546.5597625762,0.8539498239670681,1.0519243506307139,0.864778077363883,0.8712091416762067
77805,738546.5678159739,0.9346366181562089,1.0519243506307139,0.8757408473935508,0.8748565931304229
77806,738546.5691527494,0.9415598523647734,1.0499427035023674,0.8767039090806384,0.8757244967429273
77807,738546.5707113486,0.8639810647942674,1.0499427035023674,0.8658241472019932,0.87210341038567
77809,738546.5739360615,0.8515578076534348,1.0265953837384167,0.8638378556006999,0.8703942259046764
77810,738546.5777329602,0.9131027214785845,1.0265953837384167,0.8719313673814658,0.8703942259046764
77811,738546.5785490186,0.8515578076534348,1.0265953837384167,0.8609836085972284,0.8661327664092238
77813,738546.5798939777,0.8938264155393802,1.0592548339103702,0.8648413180947598,0.8711702088698214
77817,738546.6161801,0.8905918205494908,1.0592548339103702,0.866155139447725,0.8751526083692729
77819,738546.7714393688,1.0977427662641435,1.067937250581767,0.9742398646882517,0.9240308125601101
77827,738547.0539468194,1.333360251457352,1.1341023336951273,0.7842789740916511,1.0900717172699983
77834,738547.2359100786,0.7190305991775694,0.9348042659800937,0.8885391832029469,0.8877882877530325
77854,738547.9235157181,0.880639824563691,0.8958219511205687,0.8974412816463487,0.9024103954336821
77885,738549.1264545714,1.7218723952111294,1.4265147215800247,1.028592193981386,1.2876655797670542
77891,738549.2468647405,1.2233647377556385,0.8402311620860979,0.9068794285682755,0.9081329822751957
77899,738549.4144552422,0.815029858799668,0.9692012879881282,0.8572257388955621,0.8579748420491943
77909,738549.5863020422,0.815029858799668,0.9880536299763742,0.8760983784791823,0.862189208854184
77929,738550.0495069704,1.6948077342565926,0.8744184199394333,0.7909830770059225,0.8586179170281126
77930,738550.0602468916,1.418104430704495,0.8773625897035391,0.60133082109681,0.8121648775749786
77931,738550.1394294996,0.9882149887618904,0.9618106072814776,0.8850975243734693,0.8879626953412211
77946,738550.5547672019,0.856355316428947,0.969014056984943,0.9077784225354739,0.887650081342705
77950,738550.7562876336,1.3466495562891525,0.9064970210504307,0.5858947479301879,0.8153750154310061
77953,738550.8364172622,1.3732631838837994,0.9056004609043328,1.3726121425513647,0.875965515516113
77957,738550.8906703552,1.5760686843263172,1.2479726491472745,1.0194706147963657,0.8666630459266667
77960,738551.0200776513,1.5091314042970136,0.9213576279528969,0.8384063357205633,0.8821461573831286
78015,738552.790817169,1.3875223064001647,0.8717589965211259,0.8378045187007549,0.8776682909543069
78039,738554.367359637,1.210108463507512,1.0318011449105329,1.210108463507512,0.884510146442468
78079,738555.0679740824,1.2302959827287587,0.8075723837043937,0.9488331377411866,0.888257523249894
78084,738555.2651721468,0.7652766200938359,0.7353998752830225,0.8987148998872303,0.8744184199394333
78086,738555.3433418252,1.2176480801025749,0.8063823271413161,1.020154823262672,0.8646487920956879
78091,738555.6071677153,1.4416414337037398,0.8672547257668624,1.4416414337037398,0.8818162069101558
78092,738555.6445458564,1.8579443076074929,2.2463507684650934,1.028592193981386,1.3028834457097558
78093,738555.7055322212,2.0147682150150836,2.3994170270897865,1.1193156750083813,1.4380611983551388
78094,738555.7084641366,1.139133067287217,0.8017744281290804,1.2364255712548091,0.7706687048387558
