Index,Time[d.s],IEs_T(15)_S(17)_EvLim(20),IEs_T(15)_S(33)_EvLim(20),IEs_T(30)_S(17)_EvLim(20),IEs_T(30)_S(33)_EvLim(20)
78747,736352.5208303089,25873.18141932777,25873.18141932777,25873.18141932777,32533.79773571464
78847,736356.3225489159,24803.819228580047,22448.825291640896,24803.819228580047,22900.41259006255
78851,736356.7119766026,27446.723270329763,27446.723270329763,27446.723270329763,23890.42124399604
78855,736356.9591998712,27446.723270329763,27446.723270329763,27446.723270329763,23890.42124399604
78863,736357.4772848444,27446.723270329763,27446.723270329763,27446.723270329763,23890.42124399604
79235,736365.4647004525,22296.42447521868,25672.33312746523,21528.27711437522,25672.33312746523
79297,736366.1926795649,27689.480391839883,27689.480391839883,18878.0903120741,27498.337077864755
79343,736367.3530752623,24146.608337615788,24146.608337615788,24206.10609496883,21933.096321174544
79592,736369.8707583396,24146.608337615788,24146.608337615788,24206.10609496883,21933.096321174544
79715,736371.6285873421,28818.118278786453,28818.118278786453,23878.01107675382,26242.12672004279
79717,736371.7193502259,28818.118278786453,28818.118278786453,23878.01107675382,26242.12672004279
79746,736372.5010638057,26370.020262906088,27067.879906042876,20411.327329505366,23983.632559770143
79759,736372.824233219,24889.983745210924,25631.29765915651,18934.255955088673,22560.24299116503
79760,736372.8249402477,23704.310313989383,24469.011570949493,17835.227814241134,21441.867637756684
79761,736372.8315747085,22505.466999388645,24460.449721340217,16707.965115730087,20302.113176579947
79788,736373.7391788458,22505.466999388645,24460.449721340217,16707.965115730087,20302.113176579947
79826,736375.0299575755,25041.11763001702,28200.868350173478,24839.912319728144,23437.268825825184
79836,736375.9561327159,25041.11763001702,28200.868350173478,24839.912319728144,23437.268825825184
79845,736376.9179841441,25041.11763001702,28200.868350173478,24839.912319728144,23437.268825825184
79880,736378.337519875,27305.23816845329,25504.234689841367,22620.37723060283,21793.340011381242
79896,736378.8573860006,25710.529367116877,23983.356584324632,25710.529367116877,20364.294421220224
79966,736381.0981808496,22862.10392338051,23349.977119015788,22862.10392338051,19728.93304886954
79969,736381.3049713935,27395.563790850694,27395.563790850694,27395.563790850694,28699.6238590017
79993,736382.1916868547,27603.589552646852,25987.64980024624,27603.589552646852,21853.220829204685
79995,736382.2109098262,23004.370989427818,24702.55788572735,23004.370989427818,19176.73945261279
80093,736386.6214556714,27297.508189977638,24688.74419134593,26844.060955002184,21476.59390636424
80098,736386.9389379278,28105.079934177385,26549.795744523097,28105.079934177385,26549.795744523097
80129,736388.2270279784,28105.079934177385,26549.795744523097,28105.079934177385,26549.795744523097
81754,736392.808184974,23064.767410010587,23698.565279824612,26822.748154890636,24976.823622922664
82889,736396.5206712282,26742.92215667392,26742.92215667392,22463.346689851245,24300.965671074602
83382,736399.3214619871,29942.044918508822,29989.620860256935,29942.044918508822,27184.928390026434
83542,736400.1788471275,28794.56936909405,29507.7242089639,24306.76621136532,24523.483303260746
84051,736403.9798852889,29184.28940919742,29257.222547023764,22663.933127153665,23813.31096433097
84206,736405.2172648703,29184.28940919742,29257.222547023764,22663.933127153665,23813.31096433097
84259,736405.6927815959,29184.28940919742,29257.222547023764,22663.933127153665,23813.31096433097
84260,736405.6943377539,28482.125422602912,30823.413105672815,25471.336117838666,26537.850947708692
84302,736406.2053082178,28482.125422602912,30823.413105672815,25471.336117838666,26537.850947708692
84342,736406.8073902237,27118.243752540624,29668.47355733332,22632.788361409293,23231.418326278002
84506,736409.4114442819,31371.330498071435,28607.602534224057,26415.741325824416,25785.891144534733
84615,736411.0301297993,31371.330498071435,28607.602534224057,26415.741325824416,25785.891144534733
84616,736411.0358808687,31371.330498071435,28607.602534224057,26415.741325824416,25785.891144534733
84617,736411.0361628748,34368.76563427246,28828.927997725023,28200.05400509984,26287.940631614994
84660,736411.7344468365,28133.92835114653,30491.577266622793,22609.517045996996,24798.422316174758
84744,736413.0346659237,28133.92835114653,30491.577266622793,22609.517045996996,24798.422316174758
84796,736413.8770996481,28133.92835114653,30491.577266622793,22609.517045996996,24798.422316174758
84889,736415.6531676596,28322.28870042914,32754.96125095225,24222.23162393663,30470.691390827746
84918,736416.0591277172,28322.28870042914,32754.96125095225,24222.23162393663,30470.691390827746
84966,736416.9249881544,28170.076135557145,30951.37262555494,23103.69015232085,30456.456438937206
85013,736417.5895696637,28196.191869188726,30437.614277033128,23114.905247767543,28693.21849906201
85017,736417.6677688587,26424.715415957646,27381.058284517992,22994.804855061775,28171.22163718432
85085,736418.8662566455,35150.644021107386,35150.644021107386,35150.644021107386,35150.644021107386
85094,736418.980096847,31801.726443365522,27303.025078250237,28527.428347858055,26300.826220371284
85121,736419.5695053007,31801.726443365522,27303.025078250237,28527.428347858055,26300.826220371284
85129,736419.8824112739,31801.726443365522,27303.025078250237,28527.428347858055,26300.826220371284
85162,736420.4753203047,30417.946974755927,25982.88230923651,27628.46392297513,25224.825401677143
85169,736420.6046937226,35779.11025163763,31080.207538534145,35779.11025163763,26701.513145547484
85222,736421.5890243981,35779.11025163763,31080.207538534145,35779.11025163763,26701.513145547484
85298,736423.5219607478,32291.992840046583,30177.33702095244,27004.636325490115,28879.001754121015
85395,736425.4954203919,30073.835940440447,26755.026004176347,27987.472047232044,23847.083645239447
85514,736428.8661635749,30073.835940440447,26755.026004176347,27987.472047232044,23847.083645239447
85553,736429.8949614189,30755.704386118818,30755.704386118818,34412.247546402425,34412.247546402425
85582,736430.457789359,30996.864128626086,28882.20830953194,30049.111369013008,28882.20830953194
85609,736430.9630623359,27629.18240918197,28220.114940020176,24721.240050245073,27355.00754509113
85610,736430.9654603208,27614.595300621462,26415.348699030754,24042.387961655673,23462.44229806041
85617,736431.0194263319,27614.595300621462,26415.348699030754,24042.387961655673,23462.44229806041
85624,736431.1813445565,33944.64141662207,30898.622283844332,30351.86995405082,34477.90660325225
85758,736433.7673682701,32588.256718630564,26853.514746138066,26078.079763372516,22799.749238265398
85775,736433.9940583762,32588.256718630564,26853.514746138066,26078.079763372516,22799.749238265398
85796,736434.2966482104,32588.256718630564,26853.514746138066,26078.079763372516,22799.749238265398
85856,736435.3743735303,28460.908402270998,25634.435364533027,21615.788655973323,21330.965926736768
85875,736435.8750407825,33803.857648028046,27807.292950112034,31498.83450994936,21299.137733478747
85950,736437.418688408,33803.857648028046,27807.292950112034,31498.83450994936,21299.137733478747
85972,736437.9878239571,33803.857648028046,27807.292950112034,31498.83450994936,21299.137733478747
85999,736438.4781176616,33803.857648028046,27807.292950112034,31498.83450994936,21299.137733478747
86086,736440.1748110827,33216.47433376103,32435.345071016927,29172.496535252303,25904.879784525594
86140,736441.047356516,33216.47433376103,32435.345071016927,29172.496535252303,25904.879784525594
86205,736442.7546663126,33216.47433376103,32435.345071016927,29172.496535252303,25904.879784525594
86310,736445.4466078234,32714.92806678021,35355.589517919114,31089.427144969464,29041.02481303049
86411,736446.7019615702,32714.92806678021,35355.589517919114,31089.427144969464,29041.02481303049
86461,736447.4914611196,31140.460079688684,34342.03273000941,25006.181614755063,24503.92822316788
86503,736448.3912684021,36300.98462871768,34333.788516167944,33434.991757251926,28122.115604674567
86505,736448.3931699167,36283.30080948678,34307.866183581136,31717.427579373696,26728.69430105816
86577,736449.8439159422,31396.483331154297,31396.483331154297,27611.1631312487,26711.404819432446
86587,736450.1064885663,31396.483331154297,31396.483331154297,27611.1631312487,26711.404819432446
86690,736452.1868877016,31643.42308728106,34812.88356543556,26157.842203146298,24468.275107469373
86722,736452.748121311,31862.77746972334,33033.07768649858,30750.267048478287,25315.539885986575
86735,736453.0113888994,31862.77746972334,33033.07768649858,30750.267048478287,25315.539885986575
86737,736453.0416733748,31862.77746972334,33033.07768649858,30750.267048478287,25315.539885986575
86835,736454.6887224431,31862.77746972334,33033.07768649858,30750.267048478287,25315.539885986575
86858,736455.3413526501,31862.77746972334,33033.07768649858,30750.267048478287,25315.539885986575
86872,736455.5298389825,29702.309228013564,29702.309228013564,29702.309228013564,30070.79161694294
86903,736456.0070090202,29702.309228013564,29702.309228013564,29702.309228013564,30070.79161694294
86936,736456.8171144929,31770.978609996364,31787.443303278837,27425.144384918163,34521.361552863906
86981,736457.6590609616,31770.978609996364,31787.443303278837,27425.144384918163,34521.361552863906
87010,736458.4040822939,30725.581984030603,30795.478905358308,26156.904942555746,29635.921630704775
87025,736458.8119854907,30725.581984030603,30795.478905358308,26156.904942555746,29635.921630704775
87072,736459.9835299482,30725.581984030603,30795.478905358308,26156.904942555746,29635.921630704775
87102,736460.8914842231,30725.581984030603,30795.478905358308,26156.904942555746,29635.921630704775
87340,736467.058445922,30725.581984030603,30795.478905358308,26156.904942555746,29635.921630704775
87357,736467.5327648005,29082.98199565798,30651.34578495241,32727.91001289412,31742.912385140673
87376,736468.1047825807,29082.98199565798,30651.34578495241,32727.91001289412,31742.912385140673
87380,736468.1982527536,28481.307967561603,28481.307967561603,31280.026412250812,28813.38643720344
87445,736470.3820840215,28481.307967561603,28481.307967561603,31280.026412250812,28813.38643720344
87461,736470.8697845849,27404.59301659627,27805.750993155478,28825.023766326107,28805.23580404053
87550,736473.5567323213,27404.59301659627,27805.750993155478,28825.023766326107,28805.23580404053
87554,736473.5975869038,27404.59301659627,27805.750993155478,28825.023766326107,28805.23580404053
87568,736474.2223289666,27404.59301659627,27805.750993155478,28825.023766326107,28805.23580404053
87614,736475.300525995,31195.29495890248,31195.29495890248,31195.29495890248,31195.29495890248
87681,736476.7510027162,31195.29495890248,31195.29495890248,31195.29495890248,31195.29495890248
87799,736480.8957777733,30696.20599402989,30696.20599402989,27972.769321422722,28384.66779962824
87843,736482.8510954143,29960.802128775824,29884.91847560475,29960.802128775824,29074.323332293738
87846,736482.8682994661,29960.802128775824,29884.91847560475,29960.802128775824,29074.323332293738
87917,736484.3835923877,29960.802128775824,29884.91847560475,29960.802128775824,29074.323332293738
87968,736485.9350469727,29960.802128775824,29884.91847560475,29960.802128775824,29074.323332293738
87986,736486.1722589106,29960.802128775824,29884.91847560475,29960.802128775824,29074.323332293738
87999,736486.4052327774,31240.319492886338,30139.512050696067,28095.28953467399,28126.812987565754
88091,736487.9738153875,31240.319492886338,30139.512050696067,28095.28953467399,28126.812987565754
88147,736489.2820873555,31175.194130538137,31175.194130538137,27503.782929794354,30347.876768955128
88160,736489.6877414532,31175.194130538137,31175.194130538137,27503.782929794354,30347.876768955128
88282,736493.9619593289,31175.194130538137,31175.194130538137,27503.782929794354,30347.876768955128
88304,736494.9470456415,28030.5641952355,28030.5641952355,28030.5641952355,27933.448427750718
88326,736495.8790748728,28030.5641952355,28030.5641952355,28030.5641952355,27933.448427750718
88336,736496.1550135624,28030.5641952355,28030.5641952355,28030.5641952355,27933.448427750718
88351,736496.480736277,28030.5641952355,28030.5641952355,28030.5641952355,27933.448427750718
88382,736497.6618780275,33917.38925234041,31571.720268324978,33917.38925234041,29808.676234568156
88390,736498.2192494282,34172.233040514126,32037.74528349962,29610.12708587771,29507.48285441499
88399,736498.5724484586,34348.971547478504,31943.70362483411,34348.971547478504,30699.657192893104
88482,736501.3428934601,34348.971547478504,31943.70362483411,34348.971547478504,30699.657192893104
88536,736503.1056744078,34348.971547478504,31943.70362483411,34348.971547478504,30699.657192893104
88564,736503.882392948,34348.971547478504,31943.70362483411,34348.971547478504,30699.657192893104
88683,736509.0385553177,34348.971547478504,31943.70362483411,34348.971547478504,30699.657192893104
88719,736510.0396047777,34937.650037770356,34937.650037770356,27137.358538020562,30898.84739838021
88720,736510.0540690928,34937.650037770356,34937.650037770356,27137.358538020562,30898.84739838021
88729,736510.3829276747,32530.697408501972,35074.07142334861,29984.425645927764,31055.77356202252
88738,736510.7070188278,32607.668217926293,33141.18989564085,32607.668217926293,29147.870140151772
88749,736511.2657459968,30677.39021219321,32947.90213832627,26788.392078867775,29473.600159731468
88774,736512.1397826882,34723.328311031044,32335.077481855737,29839.131960660925,29008.32270146447
88791,736512.9639626238,34723.328311031044,32335.077481855737,29839.131960660925,29008.32270146447
88818,736514.428647577,30206.556661809842,30206.556661809842,30713.15934782597,29509.369295364228
88819,736514.4292483274,29154.663551660593,29154.663551660593,29407.305190642535,28203.515138180785
88831,736514.7895584878,29261.70605704364,29261.70605704364,29261.70605704364,30553.921180053934
88835,736515.0352045733,29261.70605704364,29261.70605704364,29261.70605704364,30553.921180053934
88861,736515.9391275949,28166.445674825816,27200.150526943486,23505.146791062696,25568.947506669665
88891,736517.054936807,27526.589229817786,26838.982222758492,31016.158670898596,24017.7911459663
88895,736517.130847869,27526.589229817786,26838.982222758492,31016.158670898596,24017.7911459663
88898,736517.3837417592,26267.671846992387,25432.85704899069,26890.027637689094,23076.637096657836
88908,736517.619385023,26365.734436213297,24932.81340558465,29366.888933159116,22238.186138955338
88967,736520.0908094575,25408.780174671676,25408.780174671676,32346.450930573134,32611.090783154737
89009,736521.4639314775,24718.72551950333,23140.789446106046,24718.72551950333,23358.8309958651
89021,736521.8137933289,25304.96641149288,32048.195238276832,25304.96641149288,32048.195238276832
89026,736521.9533529107,25304.96641149288,32048.195238276832,25304.96641149288,32048.195238276832
89039,736522.5078261271,33634.11576657086,34664.22442369619,33634.11576657086,30341.60646662485
89043,736522.7212418765,23713.981345931126,34304.37404272622,23713.981345931126,34304.37404272622
89050,736523.1675381766,26175.392792928884,21548.530116976563,25747.979825116818,20435.96641150489
89105,736524.9425618487,33334.1397566179,24538.58245466632,30028.243382678513,22861.540281344158
89111,736525.1752902973,29252.545537050268,23004.191318006302,32609.36991731096,23004.191318006302
89112,736525.1756720291,26947.612933822445,21158.664451519926,31305.98866179852,21158.664451519926
89123,736525.5204627361,25631.457047783857,18948.118716465684,28372.029107733273,18948.118716465684
89125,736525.560331676,24105.773743741553,15800.22272428247,27311.31692815031,15800.22272428247
89132,736525.7554356907,21789.32396346935,13921.866421402545,25009.345704177074,13921.866421402545
89138,736525.9882629773,21789.32396346935,13921.866421402545,25009.345704177074,13921.866421402545
89145,736526.1254452915,21789.32396346935,13921.866421402545,25009.345704177074,13921.866421402545
89170,736527.1424619737,21789.32396346935,13921.866421402545,25009.345704177074,13921.866421402545
89172,736527.1619856302,23281.97469226596,11872.305957309463,23675.77011961711,13441.96556048543
89258,736530.7100049923,23281.97469226596,11872.305957309463,23675.77011961711,13441.96556048543
89264,736530.9996887255,22258.627339220362,15911.376427132225,20698.89110582273,12153.428680115958
89267,736531.0617183,22258.627339220362,15911.376427132225,20698.89110582273,12153.428680115958
89270,736531.0781621075,19983.719812605617,13844.085449530883,18658.09171019699,10283.022557524268
89271,736531.0844113867,16853.892144367805,14161.253834240399,16819.34119655129,11149.261745367114
89272,736531.0882375385,14977.49220523358,14168.644478911687,14562.685548540741,10716.427713633497
89274,736531.1402654202,17539.51048568181,18222.400213956615,24564.425596368616,22757.959239310185
89283,736531.3896900871,17539.51048568181,18222.400213956615,24564.425596368616,22757.959239310185
89284,736531.427248794,17539.51048568181,18222.400213956615,24564.425596368616,22757.959239310185
89285,736531.4279774594,17539.51048568181,18222.400213956615,24564.425596368616,22757.959239310185
89287,736531.4495728661,17539.51048568181,18222.400213956615,24564.425596368616,22757.959239310185
89290,736531.5049262152,17539.51048568181,18222.400213956615,24564.425596368616,22757.959239310185
89297,736531.618806706,12875.369015877439,11568.293937266273,11499.368660032475,11291.112297992351
89300,736531.633205841,12362.125228816842,9865.23194777178,9707.283264796135,8876.990478636284
89301,736531.634466834,12362.125228816842,9865.23194777178,9707.283264796135,8876.990478636284
89304,736531.6390862837,11014.31305115471,8893.841566419536,7545.076331790477,9723.571188402284
89305,736531.6594342384,10918.40983452125,8477.661799071187,6937.465434289482,9396.666725225508
89306,736531.6601880488,10896.146923491844,7913.977061674957,5647.558871743146,8956.791400691884
89307,736531.6615943122,10109.432455180917,7915.782630755455,5493.936075743375,8923.355006717013
89310,736531.7738507763,6073.025569192297,12255.850031406835,6453.911257081742,12119.687366971555
89312,736531.7771046906,6073.025569192297,12255.850031406835,6453.911257081742,12119.687366971555
89314,736531.7862564953,4618.611846198868,11798.116949638763,6228.017873687491,11773.660971044068
89316,736531.8166269195,4618.611846198868,11798.116949638763,6228.017873687491,11773.660971044068
89317,736531.8202881927,4407.058242444947,11375.50298006401,6019.4293700243825,11448.343222474821
89320,736532.0520941163,10730.164482723096,8117.890453893172,16840.057550564186,10434.731603926197
89332,736532.4729395615,6539.781663525255,8189.768213167649,6607.210431268886,9074.959795390483
89335,736532.5860459295,8627.707391408752,9277.944539277794,6015.284587169384,9372.970640082685
89336,736532.5920842444,6227.965849408483,8278.676173157632,6614.137611040325,9091.990383371127
89337,736532.598546194,6227.965849408483,8278.676173157632,6614.137611040325,9091.990383371127
89338,736532.6044601053,5991.491384838479,8942.659464423188,6431.435430574899,9544.013127634566
89339,736532.6830609036,4835.91359388873,7743.348907641356,6235.873681429857,8683.647832002789
89341,736532.7815807697,4966.01854796522,8040.988996994318,6325.601235965368,8741.552519008754
89342,736532.9424849227,4966.01854796522,8040.988996994318,6325.601235965368,8741.552519008754
89345,736532.9983769623,3874.843643199094,6427.007510836368,5516.459379695741,7705.792846210136
89346,736533.0011258114,4697.465805339316,6281.474106476049,6005.118075202984,7568.115103132494
89347,736533.0065926781,4697.465805339316,6281.474106476049,6005.118075202984,7568.115103132494
89348,736533.0086325315,4529.933211738132,7150.434206809329,5843.650362588072,8154.93931748952
89349,736533.0125118606,4382.6591563772035,5936.530893153353,5696.721876268274,7251.569409652514
89351,736533.0299207296,4382.6591563772035,5936.530893153353,5696.721876268274,7251.569409652514
89353,736533.1137098613,4260.355882440185,6790.139719989064,5568.3233664896015,7838.072144750646
89357,736533.2663576276,4120.982943013321,6610.343914215516,5427.461231806969,7678.489848515084
89358,736533.2691174197,4120.982943013321,6610.343914215516,5427.461231806969,7678.489848515084
89359,736533.269632341,4001.2693971288754,6448.084462660885,5301.5569730621555,7531.479504041334
89364,736533.3798431634,3884.0355650514916,6290.06834926153,5177.870954478539,7387.104686600574
89365,736533.3806583483,3782.115430653058,6146.288433046713,5066.295584699563,7253.213397753592
89366,736533.4031910516,3782.115430653058,6146.288433046713,5066.295584699563,7253.213397753592
89367,736533.4459941807,3737.651368556646,5576.232176501092,4999.731432723682,7048.651787317841
89369,736533.4746987019,3659.4837923373393,6302.495894580185,4907.940152158198,7564.651272310329
89372,736533.5196498061,3619.5843220403463,4996.219807470216,4846.865416929111,6307.789967312931
89375,736533.5532155291,3619.5843220403463,4996.219807470216,4846.865416929111,6307.789967312931
89376,736533.5549945682,3619.5843220403463,4996.219807470216,4846.865416929111,6307.789967312931
89378,736533.6671741942,3619.5843220403463,4996.219807470216,4846.865416929111,6307.789967312931
89380,736533.7264737037,3619.5843220403463,4996.219807470216,4846.865416929111,6307.789967312931
89381,736533.7540036256,3582.170993386893,5759.269316936613,4788.7413641592,6862.977497084691
89382,736533.7699374128,2345.913773432095,5099.762187842267,3432.076626465966,6340.349206104264
89388,736533.92646471,4037.918547191197,6033.19466443333,5099.714057390541,7041.982932167588
89391,736533.9425645863,4037.918547191197,6033.19466443333,5099.714057390541,7041.982932167588
89396,736534.0326512572,3966.111101819669,5162.468646336477,5018.873383717804,6345.402117690105
89398,736534.074759683,3888.481403443332,5822.995453631088,4933.709749245487,6836.952401775103
89400,736534.1567671583,3800.123663807785,5708.517455844406,4840.143495254059,6726.703732048929
89401,736534.1657942403,23979.87027210632,20050.84788845623,23979.87027210632,25516.191263015466
89404,736534.2697452123,3727.146888962388,5926.218895540577,4759.345723309934,7089.071006063963
89418,736534.626982807,3663.522942475424,5516.325268932157,4686.530110503672,6535.807236863778
89419,736534.6359431725,3606.798514027398,5740.870351218499,4619.756911232195,6899.095522491822
89421,736534.6427831699,3576.166463180451,5370.012852018484,4574.946592316359,6382.566959469253
89428,736534.9419454143,3576.166463180451,5370.012852018484,4574.946592316359,6382.566959469253
89433,736535.0968168818,3576.166463180451,5370.012852018484,4574.946592316359,6382.566959469253
89434,736535.1026384982,3576.166463180451,5370.012852018484,4574.946592316359,6382.566959469253
89437,736535.1953372092,3512.5213802562807,5281.662274374224,4503.264256886181,6293.57038573985
89438,736535.1982296938,3452.8088840549217,4534.209797191321,4435.156753077088,5676.625483938087
89450,736535.3795719789,3396.7610295357545,4465.160698681545,4370.419495315199,5601.593954129263
89464,736535.7508388509,3033.319598978062,4430.334246249933,4105.436362994829,5674.982045151174
89465,736535.9661542462,3386.776439154119,5047.513689563949,4327.847964264718,6037.451681339284
89473,736536.2429413312,3386.776439154119,5047.513689563949,4327.847964264718,6037.451681339284
89481,736536.386557448,3156.5251118983924,3696.7201767365227,24489.161732068435,4702.826911821983
89496,736536.879125895,3332.874083783764,4550.878875574887,4266.084396363718,6022.609679454723
89535,736537.9893088602,3332.874083783764,4550.878875574887,4266.084396363718,6022.609679454723
89539,736538.065074721,3274.8972944330108,4478.653537691926,4201.134400090538,6423.778295483906
89541,736538.2624402998,3091.7946087744717,4164.902326657064,4147.8119762131555,6347.412248610154
89543,736538.2784995637,3076.3840348871154,4132.84979241331,4117.615965791944,6675.157756532167
89561,736538.8617705797,3054.187397102728,4095.380454746965,4082.205367474316,5766.684666628237
89564,736539.1632053533,3054.187397102728,4095.380454746965,4082.205367474316,5766.684666628237
89584,736539.9971800576,3054.187397102728,4095.380454746965,4082.205367474316,5766.684666628237
89607,736541.1524755289,3054.187397102728,4095.380454746965,4082.205367474316,5766.684666628237
89661,736542.9454125544,3054.187397102728,4095.380454746965,4082.205367474316,5766.684666628237
89667,736543.1489054929,3054.187397102728,4095.380454746965,4082.205367474316,5766.684666628237
89669,736543.1719097913,3054.187397102728,4095.380454746965,4082.205367474316,5766.684666628237
89700,736544.4867473473,8757.787878298768,5226.207292829902,18108.928819435798,6922.489505725009
89740,736546.3920555343,8757.787878298768,5226.207292829902,18108.928819435798,6922.489505725009
89741,736546.3940687936,3179.270124936713,5029.71844013236,3738.8273096205266,6226.671913351054
89742,736546.4012959917,3133.1911557047333,4949.163189003681,3690.250987602409,6148.653218045446
89754,736546.8764807603,3133.1911557047333,4949.163189003681,3690.250987602409,6148.653218045446
89762,736547.2235102421,9269.67179425748,4000.7073949967,14008.68840184691,7299.257028982467
89764,736547.3531436219,9269.67179425748,4000.7073949967,14008.68840184691,7299.257028982467
89766,736547.3874971789,9269.67179425748,4000.7073949967,14008.68840184691,7299.257028982467
89769,736547.440625756,2273.244188382157,5298.580084032402,3436.1344553979093,6440.6139054747455
89774,736547.675535104,2273.244188382157,5298.580084032402,3436.1344553979093,6440.6139054747455
89776,736547.7327140614,2273.244188382157,5298.580084032402,3436.1344553979093,6440.6139054747455
89846,736550.0932324639,10587.789238874757,8737.065019298638,19881.65263865919,15587.227343184592
89848,736550.0957442175,10587.789238874757,8737.065019298638,19881.65263865919,15587.227343184592
89866,736550.4930347695,11733.316350531491,10316.861092545672,17021.812833450986,16146.200876498026
89877,736550.9711162201,5470.945089858159,8400.848797153853,3033.533187882606,6322.295078288221
89891,736551.4562926443,3615.02665572262,8379.968321804898,2996.4786142299436,5751.580079042957
89892,736551.4609856658,3587.427114241811,8290.73429376557,2955.76158339319,6162.780100492696
89893,736551.4611946797,3581.180359354239,8311.08301956965,2925.8723670832114,6092.35233294765
89898,736551.6488433549,3581.180359354239,8311.08301956965,2925.8723670832114,6092.35233294765
89903,736551.9612821264,3581.180359354239,8311.08301956965,2925.8723670832114,6092.35233294765
89906,736552.0374282054,3581.180359354239,8311.08301956965,2925.8723670832114,6092.35233294765
89928,736553.0215513845,3581.180359354239,8311.08301956965,2925.8723670832114,6092.35233294765
89944,736553.4869733127,3494.4332842460326,8301.397064272684,2767.2807445861818,4953.334790465486
89991,736556.4515481262,6795.342936883098,8750.796225950362,2865.042981906,4880.612693770736
89994,736556.6005075778,7212.412251985032,9077.869504673283,2971.7574336504836,4940.894414837493
90001,736556.9021778416,7206.283115800269,9011.466832383045,2963.7625327967307,4903.427509762138
90002,736556.9768927252,7206.283115800269,9011.466832383045,2963.7625327967307,4903.427509762138
90038,736558.5567108204,7206.283115800269,9011.466832383045,2963.7625327967307,4903.427509762138
90046,736558.7681398918,11667.987252008195,8469.574213127917,13843.117434940597,10596.605430917236
90129,736561.7067146968,11667.987252008195,8469.574213127917,13843.117434940597,10596.605430917236
90130,736561.7100454981,11667.987252008195,8469.574213127917,13843.117434940597,10596.605430917236
90145,736562.4954129651,12471.955755896153,15818.057006915096,3157.2272931090984,6118.515502092482
90146,736562.5021582837,12591.089967771319,12591.089967771319,3159.3895271084302,4939.431391636102
90247,736565.6858197935,17635.44471459938,13974.623648191466,17635.44471459938,3018.9881406123104
90252,736566.0291191844,17635.44471459938,13974.623648191466,17635.44471459938,3018.9881406123104
90271,736567.004606243,14526.49881389185,14526.49881389185,12054.19219303311,8837.73798212757
90274,736567.0567893562,14526.49881389185,14526.49881389185,12054.19219303311,8837.73798212757
90298,736568.2207161903,13203.031463520398,13203.031463520398,4197.558203810015,7899.624928602347
90307,736568.6487473024,13727.47124516525,13727.47124516525,3656.835226043341,8472.505231439383
90308,736568.7014437177,12279.379483221133,12279.379483221133,3672.413769549278,8389.566894720414
90313,736568.7979365704,10842.069254034479,10842.069254034479,3635.1355019535317,8303.84810593249
90340,736569.87474297,10842.069254034479,10842.069254034479,3635.1355019535317,8303.84810593249
90345,736570.0908091071,10842.069254034479,10842.069254034479,3635.1355019535317,8303.84810593249
90361,736570.7018004595,10842.069254034479,10842.069254034479,3635.1355019535317,8303.84810593249
90371,736571.128358066,18999.013396337657,13616.92801050522,9308.777061381596,10578.388720741063
90433,736573.0358422975,18999.013396337657,13616.92801050522,9308.777061381596,10578.388720741063
90447,736573.2864838976,16577.931840958434,16577.931840958434,16577.931840958434,16577.931840958434
90460,736573.6989127132,21173.45215428704,16700.05259198466,21173.45215428704,13284.523106288103
90466,736573.7732888788,13319.700564982239,15478.74428927469,6447.817929009121,11220.211226510117
90472,736574.3568239529,15544.671483930944,17411.354272219814,15544.671483930944,12274.322547281798
90498,736575.9057967131,15544.671483930944,17411.354272219814,15544.671483930944,12274.322547281798
90515,736576.6961068588,15544.671483930944,17411.354272219814,15544.671483930944,12274.322547281798
90521,736577.1037042324,15544.671483930944,17411.354272219814,15544.671483930944,12274.322547281798
90580,736580.1041091786,15544.671483930944,17411.354272219814,15544.671483930944,12274.322547281798
90583,736580.2603650658,27006.618179767433,18518.757878175602,12413.329417961839,17290.97722699364
90669,736583.6599951778,27006.618179767433,18518.757878175602,12413.329417961839,17290.97722699364
90674,736584.0200608515,27006.618179767433,18518.757878175602,12413.329417961839,17290.97722699364
90768,736587.1075575147,27006.618179767433,18518.757878175602,12413.329417961839,17290.97722699364
90786,736587.8323290587,22506.928705536655,24703.06030585342,12436.934002566171,14606.647566792328
90816,736588.8837080221,27474.385763334973,28742.340179316343,27474.385763334973,19712.932163841248
90844,736589.9525260375,27474.385763334973,28742.340179316343,27474.385763334973,19712.932163841248
90878,736591.3617660737,28369.716657992692,30002.1990161139,10914.78146817853,17337.802628468457
90938,736593.8417799555,28369.716657992692,30002.1990161139,10914.78146817853,17337.802628468457
91086,736600.5283611461,28369.716657992692,30002.1990161139,10914.78146817853,17337.802628468457
91098,736601.367498431,28608.616437623303,28608.616437623303,27308.332175066174,25589.260376527778
91135,736602.4285229068,28232.978598885074,31100.922632092173,23451.742676591457,29658.284724772773
91136,736602.4302722516,28152.34236759291,29431.591470191168,23005.574183815865,27667.727924796814
91153,736603.051666217,31551.282914995125,31551.282914995125,24631.267829425284,23031.029508767755
91155,736603.191377241,29775.972301252816,29775.972301252816,24690.252782156196,26059.249748868937
91283,736608.6497220247,29863.17958148181,29863.17958148181,26715.97097931616,29863.17958148181
91286,736608.7415245904,26429.745109099244,26429.745109099244,26429.745109099244,26429.745109099244
91287,736608.742176761,26429.745109099244,26429.745109099244,26429.745109099244,26429.745109099244
91319,736610.6766023437,26429.745109099244,26429.745109099244,26429.745109099244,26429.745109099244
91320,736610.6816192965,26429.745109099244,26429.745109099244,26429.745109099244,26429.745109099244
91321,736610.7160353315,26429.745109099244,26429.745109099244,26429.745109099244,26429.745109099244
91322,736610.7178453509,26429.745109099244,26429.745109099244,26429.745109099244,26429.745109099244
91323,736610.7211747511,26429.745109099244,26429.745109099244,26429.745109099244,26429.745109099244
91325,736610.7482080461,26429.745109099244,26429.745109099244,26429.745109099244,26429.745109099244
91326,736610.764366411,26429.745109099244,26429.745109099244,26429.745109099244,26429.745109099244
91327,736610.7649157089,26429.745109099244,26429.745109099244,26429.745109099244,26429.745109099244
91334,736610.8755126395,29807.014761797673,26900.75792158181,28694.542488007315,26900.75792158181
91426,736615.0220728782,30394.91425068276,30394.91425068276,30394.91425068276,31519.679981675123
91447,736615.4999280784,32590.925859395127,30741.746407588937,32590.925859395127,30741.746407588937
91565,736620.3190132481,26124.510186196025,28410.68431199668,26124.510186196025,28410.68431199668
91568,736620.4385340188,26101.71076408658,28410.859893030953,26101.71076408658,28410.859893030953
91661,736624.3128316766,26101.71076408658,28410.859893030953,26101.71076408658,28410.859893030953
91664,736624.5486469888,28618.920250264775,27187.870719956467,26564.025764616323,27187.870719956467
91680,736625.3987497254,28027.11503285767,24205.82281712295,23033.953468312175,24205.82281712295
91712,736626.8176881145,28133.00039295307,26667.988265137043,23139.838828407574,24703.62659918735
91734,736627.9458284309,24037.112417613982,24037.112417613982,23712.094702012004,21335.237996726537
91752,736628.9088266515,24037.112417613982,24037.112417613982,23712.094702012004,21335.237996726537
91787,736629.8030299932,24037.112417613982,24037.112417613982,23712.094702012004,21335.237996726537
91850,736633.1363246363,27046.515688771768,23667.814948808456,22719.761109861294,20853.5530586575
91893,736634.8296150251,23710.074422734557,24216.06696430324,26483.13025638763,21654.587337965066
91902,736635.3731619627,24483.889773346626,23431.003758714618,26093.493594556003,18198.23876469434
91914,736635.6530322629,22810.753199589333,24212.758416274923,24947.392371836322,20125.690538755316
91915,736635.683083171,21118.118375287602,22484.37457969487,21837.32287993376,19070.00292717942
91969,736637.3853787923,23323.526465091803,23145.711651704063,26831.504957950787,19761.141561872686
92024,736640.1081713797,23323.526465091803,23145.711651704063,26831.504957950787,19761.141561872686
92045,736640.6097530443,23323.526465091803,23145.711651704063,26831.504957950787,19761.141561872686
92077,736641.4061373838,22083.688694890487,21453.984557701697,22083.688694890487,21453.984557701697
92161,736644.5985170908,22083.688694890487,21453.984557701697,22083.688694890487,21453.984557701697
92162,736644.6028176739,22181.38389013242,21425.92552901474,20638.64107829217,21425.92552901474
92171,736645.0719296568,22181.38389013242,21425.92552901474,20638.64107829217,21425.92552901474
92188,736646.1225921417,17955.376399980396,20142.501658213983,19892.805686302683,20142.501658213983
92206,736646.6395309594,21692.981022542695,21692.981022542695,21692.981022542695,29004.014821665
92215,736647.1674365103,24525.50693273938,23093.489623673904,24525.50693273938,23093.489623673904
92218,736647.3006301812,22772.098087084,19169.927213019666,22772.098087084,20320.0888537549
92223,736647.4202972717,22772.098087084,19169.927213019666,22772.098087084,20320.0888537549
92224,736647.4224569686,19507.70782097905,18567.325821025246,19213.41973702814,18567.325821025246
92230,736647.6121129603,19537.638058964418,16734.151455900406,19975.806097505774,16734.151455900406
92233,736647.6756192764,17736.63411051455,14054.544046540686,19204.260453166935,14054.544046540686
92237,736647.7853836801,21587.591844609633,16876.57684633718,21587.591844609633,18494.227497716016
92271,736648.8587979982,21587.591844609633,16876.57684633718,21587.591844609633,18494.227497716016
92281,736649.163193036,21587.591844609633,16876.57684633718,21587.591844609633,18494.227497716016
92296,736649.6827636502,21587.591844609633,16876.57684633718,21587.591844609633,18494.227497716016
92298,736649.7967743728,21587.591844609633,16876.57684633718,21587.591844609633,18494.227497716016
92299,736649.815712794,21587.591844609633,16876.57684633718,21587.591844609633,18494.227497716016
92300,736649.8351515669,21587.591844609633,16876.57684633718,21587.591844609633,18494.227497716016
92303,736649.9312829381,17144.917668524333,14270.01137636245,17719.073168543455,13571.352703683302
92304,736649.9331846839,17144.917668524333,14270.01137636245,17719.073168543455,13571.352703683302
92306,736649.9447707812,17144.917668524333,14270.01137636245,17719.073168543455,13571.352703683302
92310,736650.1453718771,20489.811921689834,16832.966870130083,20489.811921689834,13528.956770204135
92311,736650.1488295464,20439.565923505255,14736.699102232395,20439.565923505255,13722.831998782449
92333,736650.7667747336,10671.869082259855,15741.837332661147,15572.49347758702,15254.456899036404
92343,736651.1432199292,18705.48377237015,13998.09802667664,18705.48377237015,17806.861742512876
92361,736651.7305846169,18705.48377237015,13998.09802667664,18705.48377237015,17806.861742512876
92363,736651.852568373,18288.962767066987,11358.987580388397,18288.962767066987,16046.354757134488
92364,736651.8623872211,18969.323072902174,11450.207687754426,18969.323072902174,15052.45638953907
92365,736651.8720054963,18969.323072902174,11450.207687754426,18969.323072902174,15052.45638953907
92366,736651.8804691005,17336.73304919229,11031.724217420526,17336.73304919229,13692.193846856328
92367,736651.9191863874,17098.71737895738,10407.367847558315,17098.71737895738,10516.525773135536
92390,736653.1344441696,20826.98096234439,21859.12697285335,20826.98096234439,25613.187580144895
92401,736653.4011197438,13119.144616014773,15119.315555605115,17486.032463000978,15557.23690700756
92403,736653.4345697174,25987.05826402866,21984.72719389848,25987.05826402866,26269.84590970607
92408,736653.5804636354,10815.072713307802,18888.424389521195,12521.66404738781,17988.76213781151
92409,736653.5882194081,10374.79704356017,17988.014263832178,10347.691769457555,17297.70161901859
92410,736653.5896205985,10374.79704356017,17988.014263832178,10347.691769457555,17297.70161901859
92411,736653.5920100054,10374.79704356017,17988.014263832178,10347.691769457555,17297.70161901859
92412,736653.5952813454,10374.79704356017,17988.014263832178,10347.691769457555,17297.70161901859
92413,736653.598847433,10374.79704356017,17988.014263832178,10347.691769457555,17297.70161901859
92420,736653.6777975807,10374.79704356017,17988.014263832178,10347.691769457555,17297.70161901859
92422,736653.7284802445,10374.79704356017,17988.014263832178,10347.691769457555,17297.70161901859
92426,736653.9062645815,10374.79704356017,17988.014263832178,10347.691769457555,17297.70161901859
92429,736654.1189682126,10374.79704356017,17988.014263832178,10347.691769457555,17297.70161901859
92433,736654.208417735,16646.94644278509,14646.956738197943,11024.31465584691,13593.941423947477
92435,736654.2506712374,15722.612946488918,13961.754280495774,10560.115615492115,12944.29728554025
92438,736654.3014470815,15663.569524628845,13371.33409718263,10501.072193632042,12531.477042852883
92441,736654.3743636251,14024.443782192731,12822.501909007453,9532.327113258301,12138.700933729571
92442,736654.3752623084,16603.947525160853,13524.844306047351,16603.947525160853,12730.143492371859
92448,736654.4563351423,16603.947525160853,13524.844306047351,16603.947525160853,12730.143492371859
92450,736654.5175373246,12529.911546009002,12061.920482400748,8799.693403803023,11679.075945764329
92451,736654.6089269678,13195.905603848614,12808.144027788863,9675.465175008301,12207.746260441618
92452,736654.6098478021,14310.111031143531,12369.4347842615,14310.111031143531,11873.933087543935
92453,736654.6104022472,12754.012513216894,11960.009448850667,12754.012513216894,11557.882170038474
92454,736654.6147278058,20813.569200634385,18700.74428329663,20813.569200634385,22023.98542083768
92458,736654.8626915345,9755.639203943243,13953.16260215431,7686.526426748656,14588.3320465316
92466,736654.9936307685,7493.521266415812,13099.451759349755,8367.385658743538,12508.591806435741
92471,736655.1069413294,19210.309636637885,6104.46721904263,19210.309636637885,7366.220386909144
92488,736655.6805495307,19210.309636637885,6104.46721904263,19210.309636637885,7366.220386909144
92496,736656.0609481996,19210.309636637885,6104.46721904263,19210.309636637885,7366.220386909144
92509,736656.4987483463,11418.446367307006,11805.43808879783,11486.67568425897,12684.75804512372
92510,736656.4996637667,11015.005706429341,11458.99396372183,9349.538415198685,12395.715898749211
92513,736656.5240831461,10425.565250130843,12053.61086194172,6718.090455808213,12814.113383456079
92514,736656.5411469316,10011.67460496299,14262.75984203436,6304.199810640356,14525.510134156571
92518,736656.5775334246,7036.990834370571,11532.629865016374,5961.603301570978,12366.802710467931
92524,736656.6722383343,8483.624421085684,13538.873992296658,7978.65237116665,13984.204872519016
92526,736656.6921736173,6888.555373307577,12660.345108493811,6452.962023337128,13231.900556563147
92527,736656.6947463852,5673.653737315542,10644.035946109498,6196.171843982619,11618.853226655692
92528,736656.7035856612,6937.612351242099,10369.792315819635,5445.566447789252,11377.074278801972
92529,736656.7281941244,6937.612351242099,10369.792315819635,5445.566447789252,11377.074278801972
92530,736656.749142252,6937.612351242099,10369.792315819635,5445.566447789252,11377.074278801972
92531,736656.7843241763,5132.833457235724,10927.4857046438,5794.481888231102,11788.230075430678
92532,736656.8155350983,5373.459479225162,11527.081174985278,5144.4701148114045,12260.129553856641
92534,736656.8703892636,13389.187199879803,12609.791331046023,13337.649578202834,13224.682276774627
92535,736656.9509405926,12771.378311720595,12306.211420971447,13362.562047432202,12953.932115065123
92537,736657.0041214902,12771.378311720595,12306.211420971447,13362.562047432202,12953.932115065123
92539,736657.05940571,4810.405297501001,10999.06912627662,5507.255859445228,11910.88241469049
92541,736657.0598623918,3624.5060321980586,11503.93333034042,4774.205967496966,12320.540331813441
92545,736657.1611974831,4466.024109099315,10548.000348703508,5174.596271690685,11493.491441716571
92548,736657.2355147646,4466.024109099315,10548.000348703508,5174.596271690685,11493.491441716571
92551,736657.3135263778,4466.024109099315,10548.000348703508,5174.596271690685,11493.491441716571
92552,736657.3280480033,4490.5336239464905,10349.404114555748,5194.729087458008,11306.807777571941
92553,736657.3625864736,4338.812781927828,10147.272823086447,5044.884409114581,11116.67006189788
92556,736657.3675229222,4055.9238702918615,9292.743152829213,4762.069733085268,10386.435616405335
92561,736657.379121097,3157.2269207496156,9768.476029404379,4099.51286697486,10757.023792283067
92562,736657.3811849335,3108.912810121334,11342.075419904035,4027.036156585068,12083.743680244512
92563,736657.383252799,3995.795105436908,10070.913560923436,4689.2690295266075,10984.942751295182
92564,736657.3880449024,3788.0796864139916,8646.431433533066,4514.009144726022,9753.610742872996
92565,736657.4051180107,2822.516359550416,9712.158718650273,3699.3150876848795,10643.269554225979
92568,736657.4451868767,2822.516359550416,9712.158718650273,3699.3150876848795,10643.269554225979
92572,736657.5110212789,3575.687691146023,8346.88291736308,4290.149533567341,9457.046317042024
92573,736657.521359287,2670.245436800871,9381.337964505972,3517.860551920005,10324.898710589663
92595,736658.1650618791,4221.867785001617,9532.846975300083,4634.425236657728,9428.292414123718
92613,736658.7309524496,2584.055037680725,9793.6963656456,3067.9221769477363,10583.64508357603
92617,736658.842136782,2584.055037680725,9793.6963656456,3067.9221769477363,10583.64508357603
92618,736658.8614703115,3288.2646537369,9081.61112852332,3667.004772371725,9936.092891714145
92622,736658.966935078,2498.2992667537173,8405.70173281858,2964.8133172755615,9332.97373862376
92623,736658.9764900579,21594.20262180866,11464.955541504887,21594.20262180866,12035.277378241408
92626,736659.1806328432,9601.989159614028,9678.944896889285,9712.908582349166,10494.182646553441
92684,736661.0188421181,2975.157155487461,8851.324382361585,3557.790947007789,9724.90892590759
92685,736661.0194918804,2867.82125434918,9236.21226958249,3407.7441968126054,10039.850839434888
92686,736661.0210001416,2153.269781332535,8589.702066444745,2826.33442103887,9468.29834100876
92689,736661.0457730772,2784.4341538326885,8982.420540207731,3309.2909512428323,9792.01765506426
92690,736661.0553200478,2120.220201907532,9378.476539070516,2764.4828566800225,10132.82302745817
92691,736661.0581524951,2711.775334476453,8745.882319186874,3221.7099688857465,9559.220687994823
92692,736661.0818778758,2671.6887278029476,8126.827889424034,3209.3575054437433,9008.007839575856
92694,736661.0979614796,2013.6572025350256,8506.415492741466,2626.1022898653578,9323.60796653538
92695,736661.1068285073,2013.6572025350256,8506.415492741466,2626.1022898653578,9323.60796653538
92696,736661.1071579951,2013.6572025350256,8506.415492741466,2626.1022898653578,9323.60796653538
92697,736661.1134535519,2588.429539518315,8399.859731947327,3079.7299917146042,9217.516069064388
92704,736661.3242095201,1697.0888677556406,9473.268994796148,2443.4083255989312,10266.124111451953
92709,736661.4302636721,1697.0888677556406,9473.268994796148,2443.4083255989312,10266.124111451953
92716,736661.6505828011,3748.703645132852,7497.70522609081,4518.822521824193,8656.957988078371
92718,736661.7396636135,3748.703645132852,7497.70522609081,4518.822521824193,8656.957988078371
92722,736662.1291395065,20291.808612087654,20986.631709997135,20291.808612087654,24884.495064670347
92723,736662.1298008509,20291.808612087654,20986.631709997135,20291.808612087654,24884.495064670347
92724,736662.1315986471,20291.808612087654,20986.631709997135,20291.808612087654,24884.495064670347
92726,736662.3381018403,20291.808612087654,20986.631709997135,20291.808612087654,24884.495064670347
92728,736662.5263809053,17737.9803230434,17737.9803230434,17737.9803230434,21635.84367771661
92730,736662.799788578,17737.9803230434,17737.9803230434,17737.9803230434,21635.84367771661
92759,736663.9044059365,17737.9803230434,17737.9803230434,17737.9803230434,21635.84367771661
92791,736665.0432720908,11732.818420689311,6605.896677786761,11732.818420689311,6559.820156391909
92800,736665.2377072998,9312.460764689908,8607.24741774676,8014.9328235784,10002.70052290085
92810,736665.4085734315,20360.31775200053,5407.428465616632,20360.31775200053,5444.341534395794
92820,736665.7886053589,20360.31775200053,5407.428465616632,20360.31775200053,5444.341534395794
92822,736665.8114013899,20360.31775200053,5407.428465616632,20360.31775200053,5444.341534395794
92824,736665.9281391812,5885.0088758788925,8952.048510362361,5728.805914384431,10039.022907595503
92842,736666.9769983668,13635.748941502645,17206.676721631677,13635.748941502645,18870.80173869438
92848,736667.1929340076,10663.184684190725,5262.437374948008,10663.184684190725,7332.081440659457
92854,736667.4168388161,10663.184684190725,5262.437374948008,10663.184684190725,7332.081440659457
92859,736667.5642487953,9752.310726992888,6280.642682416586,10669.092500663211,7425.851955407646
92881,736668.3418516555,20389.36518523834,5394.657133687796,20389.36518523834,5855.147009492504
92889,736668.4009292887,11061.93131709289,9294.392007966853,8156.562855317956,10668.711979546448
92891,736668.4098800025,6965.461293963642,8891.858515371114,7818.035607675738,10539.983531796452
92906,736669.1749907831,6965.461293963642,8891.858515371114,7818.035607675738,10539.983531796452
92909,736669.3720042554,6965.461293963642,8891.858515371114,7818.035607675738,10539.983531796452
92911,736669.3846104707,11315.365479467604,9173.601861451541,5820.104251401099,10762.95892140607
92912,736669.3860146528,11807.376495446017,9024.008643108986,8064.549392931476,10633.522852741946
92913,736669.3933906598,11807.376495446017,9024.008643108986,8064.549392931476,10633.522852741946
92914,736669.4106631156,12680.150762826825,8871.606777633871,7282.133996211391,10501.517461181504
92916,736669.442652208,5410.626679396627,8727.685737052236,4942.292960359532,10375.222131595649
92922,736669.7227241506,11594.690822432116,8569.397809454093,6871.082719165747,10251.824307172908
92923,736669.7243117247,10237.917618275786,7813.371242698297,5699.324042848914,9732.0560425283
92945,736671.1887713127,7539.773879366107,7800.316441104202,5415.817424057164,9804.797602160697
92946,736671.2063333199,7535.386825098103,7686.876168403288,4377.808779928904,9704.109211410003
92948,736671.2196212906,7535.386825098103,7686.876168403288,4377.808779928904,9704.109211410003
92952,736671.2590278322,4668.5119915996065,7578.276569243625,5112.460706289521,9606.401947182532
92953,736671.2605574953,4612.85737506879,7453.731742574465,4936.246480961477,9497.558119832529
92956,736671.3026014729,15883.941504089113,9982.836352553488,20874.020033759345,18103.225270977702
92957,736671.303490292,4606.255341156715,7347.460635058993,3898.3603398965347,9400.885774243334
92964,736671.3858041229,4606.255341156715,7347.460635058993,3898.3603398965347,9400.885774243334
92967,736671.4097777467,4638.340436240088,7258.92081022463,4831.015859740386,9410.25847991321
92970,736671.5147286803,3479.6754151029004,7383.113977907624,3177.7573894152356,8957.924759844775
92980,736672.0980559239,3479.6754151029004,7383.113977907624,3177.7573894152356,8957.924759844775
93010,736672.5731707116,15863.580152935572,9351.577288036471,19690.855765373748,10589.79832643081
93017,736673.0654163036,15863.580152935572,9351.577288036471,19690.855765373748,10589.79832643081
93020,736673.1729679968,15863.580152935572,9351.577288036471,19690.855765373748,10589.79832643081
93022,736673.3010524359,15863.580152935572,9351.577288036471,19690.855765373748,10589.79832643081
93063,736675.0023696773,2398.04722916479,9325.260699975792,3568.487235198222,9682.110875482724
93070,736675.2934648121,2398.04722916479,9325.260699975792,3568.487235198222,9682.110875482724
93074,736675.3524691676,2351.063968347459,9047.428242964334,4309.36981373543,9575.08479394469
93082,736675.4792859817,10136.722427569066,8801.693321729002,6194.8223769527,7408.2781207316375
93083,736675.5432825444,11350.297206330388,11072.362583081698,20262.559920078438,8716.81631413327
93088,736675.5750807096,2291.8911899926256,8785.337440818272,4174.755980066487,9470.209862567506
93089,736675.7611827701,2211.3461659722225,8560.13555049063,4072.5220831691236,9376.067680334356
93090,736675.8323519767,2211.3461659722225,8560.13555049063,4072.5220831691236,9376.067680334356
93097,736676.2620367485,2211.3461659722225,8560.13555049063,4072.5220831691236,9376.067680334356
93112,736676.5996626377,2211.3461659722225,8560.13555049063,4072.5220831691236,9376.067680334356
93117,736676.640838644,2211.3461659722225,8560.13555049063,4072.5220831691236,9376.067680334356
93120,736676.6864253135,2211.3461659722225,8560.13555049063,4072.5220831691236,9376.067680334356
93129,736677.1533388586,2066.646114444732,9647.849274141608,3844.9981527214695,9043.794601304768
93133,736677.2530322876,2066.646114444732,9647.849274141608,3844.9981527214695,9043.794601304768
93147,736677.5390467908,1226.9349468782775,9336.732108859473,3669.104198518807,8654.216733106086
93150,736677.621181732,1226.9349468782775,9336.732108859473,3669.104198518807,8654.216733106086
93153,736677.713082032,1226.9349468782775,9336.732108859473,3669.104198518807,8654.216733106086
93162,736677.938918942,1226.9349468782775,9336.732108859473,3669.104198518807,8654.216733106086
93164,736677.97619792,1200.2943080240852,9016.635444449656,2811.3449885548407,8326.943486710363
93204,736678.8435793854,1200.2943080240852,9016.635444449656,2811.3449885548407,8326.943486710363
93206,736678.8717825643,1200.2943080240852,9016.635444449656,2811.3449885548407,8326.943486710363
93207,736678.9094647306,1160.4562041452084,8707.60182595387,1972.202027327677,8236.452016708741
93243,736679.6407908335,1160.4562041452084,8707.60182595387,1972.202027327677,8236.452016708741
93250,736679.7671394559,1160.4562041452084,8707.60182595387,1972.202027327677,8236.452016708741
93252,736679.9395849196,1160.4562041452084,8707.60182595387,1972.202027327677,8236.452016708741
93253,736679.9621223322,1160.4562041452084,8707.60182595387,1972.202027327677,8236.452016708741
93261,736680.047979642,1160.4562041452084,8707.60182595387,1972.202027327677,8236.452016708741
93264,736680.1300378882,1160.4562041452084,8707.60182595387,1972.202027327677,8236.452016708741
93265,736680.1302791379,1160.4562041452084,8707.60182595387,1972.202027327677,8236.452016708741
93266,736680.1308715509,1160.4562041452084,8707.60182595387,1972.202027327677,8236.452016708741
93267,736680.1350239025,1160.4562041452084,8707.60182595387,1972.202027327677,8236.452016708741
93279,736680.541722698,11759.06610736342,19255.74936626583,11987.513791250505,8432.106618765894
93289,736680.7647823596,1150.068321256744,6688.0404392492965,2748.4192497596105,7761.032960801125
93320,736681.6172339013,17181.352696534814,6014.889581528218,3943.4782457622277,5978.823274994582
93335,736682.4152437566,17181.352696534814,6014.889581528218,3943.4782457622277,5978.823274994582
93342,736682.5147795121,2508.2587613545843,6669.802382358084,3319.947700890552,8424.095125114038
93411,736685.914052255,4540.8041957597925,6178.179450542731,6216.336623249938,7597.8505357565155
93412,736685.9297979983,18266.73339075009,8171.632935227278,13156.963902398182,8424.82762431094
93417,736686.1357314774,2945.4270188809446,8508.073305753738,4328.70937604373,7995.880837915257
93418,736686.1390632248,2945.4270188809446,8508.073305753738,4328.70937604373,7995.880837915257
93419,736686.1477206387,2672.900248362453,8133.083287144048,3705.9624052641807,7895.392682829872
93420,736686.1479232465,2557.3275522596305,7795.186027977176,3831.497183847704,7798.803626977001
93421,736686.1497959842,2459.1532489902206,7491.039409461545,4674.5101638537435,7706.358861870988
93423,736686.1754697906,2459.1532489902206,7491.039409461545,4674.5101638537435,7706.358861870988
93425,736686.2269340231,2478.104268281378,7726.2962158221735,3151.9287684057704,7620.832217634957
93426,736686.2280160934,2478.104268281378,7726.2962158221735,3151.9287684057704,7620.832217634957
93428,736686.2747718265,2478.104268281378,7726.2962158221735,3151.9287684057704,7620.832217634957
93432,736686.3873593073,2478.104268281378,7726.2962158221735,3151.9287684057704,7620.832217634957
93434,736686.4773929503,2573.813288975974,8611.017174037388,3630.283773011993,7537.597006880326
93440,736686.6604800855,4907.432558128004,7348.205585241686,3223.4425235237018,7624.0666625971235
93442,736686.675566621,4907.432558128004,7348.205585241686,3223.4425235237018,7624.0666625971235
93443,736686.6821050779,4907.432558128004,7348.205585241686,3223.4425235237018,7624.0666625971235
93444,736686.6825925709,3578.7956724214173,7012.008491670473,2835.24555601561,7413.357899528423
93449,736686.714262537,3578.7956724214173,7012.008491670473,2835.24555601561,7413.357899528423
93450,736686.7159231311,3578.7956724214173,7012.008491670473,2835.24555601561,7413.357899528423
93451,736686.720579168,2328.800483774708,6734.183253108748,3030.149850580188,7584.420384195205
93453,736686.7386317933,2252.6412966583293,6476.4194917321565,2485.9067728713003,7495.225599422204
93454,736686.7454262614,2252.6412966583293,6476.4194917321565,2485.9067728713003,7495.225599422204
93455,736686.7542926993,2230.019347120085,6280.634527758118,2960.21474156614,6963.580981337743
93458,736686.908676214,2152.648924433868,6050.523948568725,2897.846928911196,7287.901520342685
93459,736686.9235051936,2097.144689704291,5851.505778456605,2746.9076373575554,7203.535073044145
93460,736686.9783003652,2115.1971731870126,5728.5020197467165,2827.0189267660244,7862.199909325632
93464,736687.0827439702,2150.7981344642994,5631.241990652876,2873.9694690213887,7064.88266365305
93466,736687.089371288,2150.7981344642994,5631.241990652876,2873.9694690213887,7064.88266365305
93467,736687.1793509454,2090.9975342033704,5457.612353998644,2484.189900792732,7053.9947829833645
93469,736687.2174145861,2035.41252126117,5295.365348357488,2813.1781291295497,6968.944880375214
93470,736687.2178375833,1980.8408376498812,5140.9150268022495,2527.043836057202,6885.028782969628
93471,736687.219447142,1914.2587729985405,4981.82271230096,2420.5371489529657,6797.399708351568
93472,736687.2217930965,1874.0210488740386,4852.286480087703,2477.962795995974,6720.307649375769
93474,736687.224099891,1814.8162846443765,4710.709623548491,2428.181378889006,6636.7872207305045
93475,736687.2491253476,1778.1599283847486,4594.455430999571,2431.2564906438583,6562.77519188613
93477,736687.2626716126,1756.4276477952458,4496.303743164337,2303.718127668268,6495.68030745985
93478,736687.2703801363,1715.6258548191051,4384.759498392503,2471.84289718493,6421.866890341134
93480,736687.2781574199,1672.535351184341,4274.830517582235,2343.0054214645993,6347.885834832339
93481,736687.2787221244,1663.7280663480306,4199.975199107746,2762.894967154868,6289.151567329338
93482,736687.2815254271,1651.191108176144,4124.9723344797585,2397.9899328533897,6229.973765546301
93483,736687.2825325935,1627.6728833231173,4042.8388278768653,2256.0367254457374,6167.071751732679
93487,736687.468178765,1595.7360338403719,3955.6792308677987,2128.1449696643763,6624.607739707142
93488,736687.4766345425,1564.3752278334175,3871.6239881397614,2098.852491367619,6547.036086051032
93489,736687.4772993091,1530.3550324981343,3787.4858797521943,2084.0537160131457,6469.261831575858
93490,736687.4836305173,1532.7887337431189,3739.598870975201,2320.6787235239635,6410.988441855517
93491,736687.4863868124,1531.6952604812886,3690.602577768879,2107.9422777423115,6352.354881636812
93495,736687.50584302,1531.6952604812886,3690.602577768879,2107.9422777423115,6352.354881636812
93497,736687.5246170282,1531.6952604812886,3690.602577768879,2107.9422777423115,6352.354881636812
93499,736687.5676224848,1531.6952604812886,3690.602577768879,2107.9422777423115,6352.354881636812
93500,736687.5818876192,1515.0354569355316,3172.100449005139,2047.5668820240905,6177.916324387306
93504,736687.7074856195,1515.0354569355316,3172.100449005139,2047.5668820240905,6177.916324387306
93505,736687.7202466542,1515.0354569355316,3172.100449005139,2047.5668820240905,6177.916324387306
93506,736687.809335628,1494.061107090979,3116.761922726959,2031.9598678163443,6111.169579024728
93507,736687.8106026176,1465.5929939122952,3055.6737139383035,2057.900445288931,6041.444382811161
93508,736687.8393552862,1436.8250983342991,2995.629391240511,2027.5192180460804,5972.51481907785
93509,736687.8562290345,1436.8250983342991,2995.629391240511,2027.5192180460804,5972.51481907785
93513,736688.0201213338,1413.445280241549,2942.0086800133467,1662.9915599529559,5907.481244489395
93520,736688.2224945178,1409.3542796673669,2908.106279466156,2275.8453530758557,5678.980380263917
93521,736688.2553667102,1403.989941023502,2874.1261076970786,2134.4498877855544,5627.413982164033
93522,736688.266525085,1415.4821432932629,2857.4462237175353,1955.2343775295944,5586.545198732766
93524,736688.28342823,1396.8662313680952,2812.816751485443,1954.6013675996815,5529.444193448897
93533,736688.3959944827,1396.8662313680952,2812.816751485443,1954.6013675996815,5529.444193448897
93535,736688.5026811718,1379.534466009511,2770.3706772286737,1872.5718859269211,5473.93692393147
93536,736688.5297404578,1366.2887151391694,2732.761627974788,1915.6343795880593,5421.657869530161
93561,736688.9243731309,1366.2887151391694,2732.761627974788,1915.6343795880593,5421.657869530161
93562,736688.9354338759,1366.2887151391694,2732.761627974788,1915.6343795880593,5421.657869530161
93567,736689.008647888,12590.147215823765,12590.147215823765,12785.046108034761,13315.302865833495
93572,736689.0692565632,1357.1861942544879,2700.0052847906986,1901.0512641282487,5268.147900212868
93577,736689.1209321095,1357.1861942544879,2700.0052847906986,1901.0512641282487,5268.147900212868
93578,736689.1337865122,1357.1861942544879,2700.0052847906986,1901.0512641282487,5268.147900212868
93579,736689.1553610646,1357.1861942544879,2700.0052847906986,1901.0512641282487,5268.147900212868
93583,736689.2272975299,1342.3531260864681,2662.531648446814,1408.4628663561646,5031.5019778793385
93589,736689.2747011683,1342.3531260864681,2662.531648446814,1408.4628663561646,5031.5019778793385
93594,736689.34444005,1330.0596050262186,2628.27894975538,1564.46666712513,4983.2615432394805
93596,736689.3687902805,1330.0596050262186,2628.27894975538,1564.46666712513,4983.2615432394805
93598,736689.4028456766,1330.0596050262186,2628.27894975538,1564.46666712513,4983.2615432394805
93599,736689.4217618578,1339.295462825067,2615.5699565487807,1863.7547168185047,5722.2678599957335
93602,736689.4626909519,1339.295462825067,2615.5699565487807,1863.7547168185047,5722.2678599957335
93603,736689.467897505,1339.295462825067,2615.5699565487807,1863.7547168185047,5722.2678599957335
93611,736689.5719390581,1339.295462825067,2615.5699565487807,1863.7547168185047,5722.2678599957335
93614,736689.6899085362,1339.295462825067,2615.5699565487807,1863.7547168185047,5722.2678599957335
93616,736689.7292447116,1339.295462825067,2615.5699565487807,1863.7547168185047,5722.2678599957335
93620,736689.8977238998,1345.6358281333237,2600.7799083432633,1920.6378308660446,4914.579750625423
93628,736690.0356782735,1373.244113649127,2627.483004170024,1561.8442815441874,4881.293566725472
93633,736690.1036117974,1373.244113649127,2627.483004170024,1561.8442815441874,4881.293566725472
93634,736690.1043446058,1366.8505888461868,2601.066062578132,1543.6588185843657,4840.328714712286
93638,736690.1564488144,1348.6884663784958,2563.8897936216067,1526.3302711231797,4792.606135583169
93639,736690.1634506638,1360.7419347584705,2556.5790703765338,1726.880323147659,4764.806108473414
93640,736690.165529682,1367.2265259237151,2544.466641265647,1866.021190941897,4734.239425511122
93642,736690.1735307387,1367.2265259237151,2544.466641265647,1866.021190941897,4734.239425511122
93643,736690.1944637911,1367.2265259237151,2544.466641265647,1866.021190941897,4734.239425511122
93647,736690.2605841106,1367.2265259237151,2544.466641265647,1866.021190941897,4734.239425511122
93672,736690.5969784386,1367.2265259237151,2544.466641265647,1866.021190941897,4734.239425511122
93679,736690.9473818298,1367.2265259237151,2544.466641265647,1866.021190941897,4734.239425511122
93680,736690.9497531715,1386.305787095135,2600.3129136805755,1540.7484778733317,4696.936344386934
93681,736690.954177141,1386.305787095135,2600.3129136805755,1540.7484778733317,4696.936344386934
93683,736690.9996631396,1386.305787095135,2600.3129136805755,1540.7484778733317,4696.936344386934
93684,736691.048782387,1374.7625040800854,2570.1614969068487,1554.5430998862334,4800.071647263622
93688,736691.2779963737,1359.976411216305,2537.4396070107728,1381.4176157350937,4949.469159416263
93690,736691.3324477016,1345.492312104937,2505.554068542257,1369.9908260044149,4780.370324992445
93691,736691.3362991388,1330.7403061265504,2473.9280663775935,1358.2839343080504,4733.125610998008
93692,736691.3369236329,1317.8317803337168,2444.5876183985047,1347.9368010079504,4687.866589644832
93693,736691.3407377052,1309.5534306267423,2420.219426102387,1341.1373306470023,4646.554123964007
93695,736691.3523940142,1297.0260797187973,2392.1833424278743,1623.4905853309706,4602.920159848617
93698,736691.3563982876,1297.0260797187973,2392.1833424278743,1623.4905853309706,4602.920159848617
93700,736691.3580436973,1296.5548947902614,2376.3006801352253,1330.2274809565736,4568.503604795021
93701,736691.360295701,1327.5522495129055,2391.4405279857833,1639.9783950461174,5287.268591696397
93705,736691.3726674726,1327.5522495129055,2391.4405279857833,1639.9783950461174,5287.268591696397
93707,736691.3838307487,1344.699891099744,2393.544559139107,1367.4602539081363,4536.931860532029
93709,736691.387698126,1344.699891099744,2393.544559139107,1367.4602539081363,4536.931860532029
93710,736691.3924825339,1344.699891099744,2393.544559139107,1367.4602539081363,4536.931860532029
93712,736691.4010852921,1344.699891099744,2393.544559139107,1367.4602539081363,4536.931860532029
93714,736691.4063759927,1329.8703434205463,2364.9422334507076,1355.4768715376902,4494.3322665086835
93717,736691.456484621,1323.9214388135874,2345.3510077661986,1350.4782132287212,4458.701257009712
93719,736691.47650536,1323.9214388135874,2345.3510077661986,1350.4782132287212,4458.701257009712
93721,736691.4969423289,1314.341231832338,2322.5830487456055,1342.5696961208976,4421.0177752959025
93723,736691.4992881307,1308.4362725435485,2303.7374154524564,1608.4433529369824,4386.556139469468
93726,736691.5110668542,1308.9899188289426,2291.516594616316,1337.6943622594747,4357.363420726813
93730,736691.5559940692,1297.1726186032736,2267.5614200193045,1327.916898084401,4319.6652719718195
93731,736691.5574167658,1297.1726186032736,2267.5614200193045,1327.916898084401,4319.6652719718195
93733,736691.5979174762,1285.0711469190128,2243.6326251094497,1317.8688664261178,4282.246333813886
93735,736691.6353443961,1285.0711469190128,2243.6326251094497,1317.8688664261178,4282.246333813886
93736,736691.6860896845,1273.69620847323,2220.704457018002,1261.5975410646015,3972.3895553962107
93737,736691.6886554272,1273.69620847323,2220.704457018002,1261.5975410646015,3972.3895553962107
93738,736691.6918754468,1273.69620847323,2220.704457018002,1261.5975410646015,3972.3895553962107
93739,736691.6992986664,1264.6359911748793,2200.316339549553,1254.32490110073,3940.3941280056406
93742,736691.7188305671,1254.916736367034,2179.5580264434066,1246.476935955666,3908.329148595768
93744,736691.7251858902,1242.5535124435448,2156.4815305886154,1236.4234903425186,3874.685141495265
93748,736691.7616789145,1243.1465844164718,2146.3085535957666,1236.9715596083995,3851.2041719016397
93750,736691.8069783741,1244.49601157967,2137.124715369364,1238.1433920252302,3828.729345723473
93751,736691.8118856049,1244.49601157967,2137.124715369364,1238.1433920252302,3828.729345723473
93759,736691.9156832864,1234.5258698483367,2117.123672254961,1229.977281077571,3798.089208390374
93762,736691.9568018556,1227.1022041450942,2099.839205744899,1223.8822170226856,3769.752937691074
93763,736691.9574705933,1227.1022041450942,2099.839205744899,1223.8822170226856,3769.752937691074
93765,736691.9840602475,1227.1022041450942,2099.839205744899,1223.8822170226856,3769.752937691074
93766,736691.9966826753,1227.1022041450942,2099.839205744899,1223.8822170226856,3769.752937691074
93767,736691.9989530151,1220.72314065074,2083.797458266151,1218.6273738142436,3742.580751221295
93768,736692.0055270393,1208.5980685978082,2062.352117618668,1208.581047646116,3711.373238601916
93771,736692.0423286312,1208.5980685978082,2062.352117618668,1208.581047646116,3711.373238601916
93772,736692.0544829067,1196.948426690814,2041.5765991709386,1198.8913176576038,3680.8595032594453
93774,736692.0849605656,1196.948426690814,2041.5765991709386,1198.8913176576038,3680.8595032594453
93775,736692.1016473064,1197.052926995734,2032.4980867248812,1198.9604115138634,3659.7098789079423
93776,736692.1044449096,1197.052926995734,2032.4980867248812,1198.9604115138634,3659.7098789079423
93778,736692.1248491105,1197.052926995734,2032.4980867248812,1198.9604115138634,3659.7098789079423
93779,736692.1333740242,1371.214894235466,1659.3453080436175,1344.344187057877,4157.167833599395
93782,736692.2262092624,1371.214894235466,1659.3453080436175,1344.344187057877,4157.167833599395
93791,736692.4035675391,1333.7845466696301,2157.3059601721443,1315.3287067056694,3725.9200766920644
93801,736692.6336974595,1334.2716320773743,2157.7825706248823,1310.1315736893941,3701.024467235456
93803,736692.7661617516,1334.2716320773743,2157.7825706248823,1310.1315736893941,3701.024467235456
93804,736692.8134279829,1334.2716320773743,2157.7825706248823,1310.1315736893941,3701.024467235456
93805,736692.8225298357,1324.6615994003294,2139.616252062801,1445.9121103175287,3674.1577247441655
93806,736692.8229359679,1324.6615994003294,2139.616252062801,1445.9121103175287,3674.1577247441655
93807,736692.9211567891,1324.6615994003294,2139.616252062801,1445.9121103175287,3674.1577247441655
93808,736693.0583583218,1324.6615994003294,2139.616252062801,1445.9121103175287,3674.1577247441655
93811,736693.1231547507,1324.6615994003294,2139.616252062801,1445.9121103175287,3674.1577247441655
93815,736693.2711916127,1326.9720716154893,2141.87756529466,1296.0266449174726,3648.7651005279217
93817,736693.299517566,1326.9720716154893,2141.87756529466,1296.0266449174726,3648.7651005279217
93819,736693.3842942923,20048.596696954275,1718.9366864120939,20048.596696954275,3555.785272515867
93824,736693.6022570612,1315.3797274148942,2716.2635827042077,1286.841183654689,4069.146411825099
93825,736693.6841611754,1305.5461076807492,2692.291993938239,1279.0514296438243,4039.72139630974
93826,736693.7224461193,1305.5461076807492,2692.291993938239,1279.0514296438243,4039.72139630974
93828,736693.8097798126,1305.5461076807492,2692.291993938239,1279.0514296438243,4039.72139630974
93829,736693.8114273052,1305.5461076807492,2692.291993938239,1279.0514296438243,4039.72139630974
93832,736693.9093324571,1305.5461076807492,2692.291993938239,1279.0514296438243,4039.72139630974
93833,736693.9101502047,1305.5461076807492,2692.291993938239,1279.0514296438243,4039.72139630974
93834,736693.9150020095,1305.5461076807492,2692.291993938239,1279.0514296438243,4039.72139630974
93836,736693.954025489,1305.5461076807492,2692.291993938239,1279.0514296438243,4039.72139630974
93837,736693.9788764121,1305.5461076807492,2692.291993938239,1279.0514296438243,4039.72139630974
93838,736694.0340576945,1305.5461076807492,2692.291993938239,1279.0514296438243,4039.72139630974
93840,736694.0748002512,1305.5461076807492,2692.291993938239,1279.0514296438243,4039.72139630974
93841,736694.1152809906,1305.5461076807492,2692.291993938239,1279.0514296438243,4039.72139630974
93842,736694.1399753009,1305.5461076807492,2692.291993938239,1279.0514296438243,4039.72139630974
93843,736694.1627104736,1298.708405725094,2685.6657673008,1270.5180448776484,4009.955185202262
93844,736694.169778349,1294.1819747222446,2667.1252743737955,1267.0836809082186,3985.220872408971
93845,736694.1795414466,1282.275390501323,2641.7113815974317,1257.6266148794523,3955.2671928551026
93847,736694.2031592444,1282.275390501323,2641.7113815974317,1257.6266148794523,3955.2671928551026
93850,736694.2159008995,1282.275390501323,2641.7113815974317,1257.6266148794523,3955.2671928551026
93851,736694.2184207799,1282.275390501323,2641.7113815974317,1257.6266148794523,3955.2671928551026
93854,736694.3973075392,1282.275390501323,2641.7113815974317,1257.6266148794523,3955.2671928551026
93864,736694.6954284963,1282.275390501323,2641.7113815974317,1257.6266148794523,3955.2671928551026
93865,736694.8146219115,1273.2254955047513,2619.338623539796,1250.4569422824304,3927.741366366566
93867,736694.8987514494,1268.4981555764703,2601.4238468961667,1246.7860192845205,3903.7583264909244
4,736695.0651185716,1268.4981555764703,2601.4238468961667,1246.7860192845205,3903.7583264909244
6,736695.1408295396,1262.3363184860775,2582.3753413739255,1241.9239553534715,3878.9851811255558
8,736695.1621067033,1254.3026229264378,2561.7597241035196,1235.5062734450178,3853.0759506815903
14,736695.4334089383,1254.3026229264378,2561.7597241035196,1235.5062734450178,3853.0759506815903
19,736695.6586526487,1256.6526825631968,2551.470290662516,1237.5888130612298,3404.0458174704786
20,736695.6754751247,1256.6526825631968,2551.470290662516,1237.5888130612298,3404.0458174704786
21,736695.6933269013,1256.6526825631968,2551.470290662516,1237.5888130612298,3404.0458174704786
28,736695.900850029,1256.6526825631968,2551.470290662516,1237.5888130612298,3404.0458174704786
29,736695.9295567916,1078.7661789014014,2378.715128452503,1240.1068590195416,3242.010626251248
35,736696.0796966067,1078.1243189075838,2365.7111411294504,1238.277742894642,3225.1264280185264
36,736696.0903085272,1078.1243189075838,2365.7111411294504,1238.277742894642,3225.1264280185264
43,736696.4205857127,1078.1243189075838,2365.7111411294504,1238.277742894642,3225.1264280185264
44,736696.5499224704,1073.4290310065605,2349.0016932424005,1233.1275982723023,3205.3473546131404
45,736696.5739767652,1080.7965226824806,2344.2413798971656,1237.9412535661909,3195.155569618283
49,736696.6555878585,949.4252158632478,2216.553380745762,1231.7336532356946,3174.8179432625416
50,736696.6568927286,949.4252158632478,2216.553380745762,1231.7336532356946,3174.8179432625416
51,736696.6582209292,941.875918356628,2197.481117754303,1223.3353354578235,3152.626259691995
52,736696.6635962662,933.7623726832572,2178.0715669215047,1214.4865350045015,3130.2117620079607
53,736696.6683416115,927.1340595488754,2160.312124197713,1206.8715067914238,3109.156117843442
55,736696.6904186853,927.1340595488754,2160.312124197713,1206.8715067914238,3109.156117843442
56,736696.7000029833,921.8447789254841,2144.0560848105497,1200.3754781305934,3089.348460536818
57,736696.7096994307,921.8447789254841,2144.0560848105497,1200.3754781305934,3089.348460536818
59,736696.7162113368,921.8447789254841,2144.0560848105497,1200.3754781305934,3089.348460536818
60,736696.7270373651,921.8447789254841,2144.0560848105497,1200.3754781305934,3089.348460536818
61,736696.7289626632,916.8518454177394,2128.2842896477887,1194.1424444067352,3069.978936008564
62,736696.7466609849,916.8518454177394,2128.2842896477887,1194.1424444067352,3069.978936008564
64,736696.7477956496,916.8518454177394,2128.2842896477887,1194.1424444067352,3069.978936008564
65,736696.748441005,916.8518454177394,2128.2842896477887,1194.1424444067352,3069.978936008564
66,736696.7503044208,916.8518454177394,2128.2842896477887,1194.1424444067352,3069.978936008564
69,736696.8015765945,916.8518454177394,2128.2842896477887,1194.1424444067352,3069.978936008564
80,736697.0482072401,916.8518454177394,2128.2842896477887,1194.1424444067352,3069.978936008564
83,736697.1784262529,911.1628716654191,2112.025709497477,1187.3523864236959,3050.2703246373153
85,736697.183411025,908.5718883553664,2098.9690254163547,1183.1450083477696,3033.180841535993
86,736697.1838582024,910.4240038880117,2090.4215454389223,1182.6477033082426,3019.7740442386203
87,736697.1879842123,910.2844137449492,2080.11317278619,1180.5300754730492,3005.016240582254
88,736697.188537048,910.2844137449492,2080.11317278619,1180.5300754730492,3005.016240582254
89,736697.217336168,910.2844137449492,2080.11317278619,1180.5300754730492,3005.016240582254
90,736697.2310712218,912.9519003035674,2072.7137258515,1180.7771397500883,2934.667848946485
91,736697.2345466252,912.9519003035674,2072.7137258515,1180.7771397500883,2934.667848946485
92,736697.2631628783,912.9519003035674,2072.7137258515,1180.7771397500883,2934.667848946485
93,736697.2671625753,912.9519003035674,2072.7137258515,1180.7771397500883,2934.667848946485
94,736697.2675507521,915.9947282853683,2065.8507037528484,1181.3720671302376,2923.1382577000304
95,736697.2698799974,911.0037476417176,2051.3228908946053,1175.2977427165085,2905.425262603605
99,736697.34544854,908.2175430799635,2039.1036819197873,1171.081457510794,2889.640177918658
103,736697.3857519818,908.2175430799635,2039.1036819197873,1171.081457510794,2889.640177918658
114,736697.5343603707,1012.427231680807,1163.4690999323695,1249.9227429448697,3141.846484292346
119,736697.6775968316,1012.427231680807,1163.4690999323695,1249.9227429448697,3141.846484292346
121,736697.7393439732,1012.427231680807,1163.4690999323695,1249.9227429448697,3141.846484292346
122,736697.7547741223,1012.427231680807,1163.4690999323695,1249.9227429448697,3141.846484292346
123,736697.7920137866,1113.7833473063743,2081.706558542269,1339.0966552610344,3026.694141943614
124,736697.7971484552,1108.6002040845497,2068.7170728485553,1333.2077926641687,3009.829443023385
125,736697.8000056774,1108.6002040845497,2068.7170728485553,1333.2077926641687,3009.829443023385
126,736697.8007816429,1108.6002040845497,2068.7170728485553,1333.2077926641687,3009.829443023385
127,736697.8018472189,1104.5519216868586,2056.9617008445966,1328.2744490787343,2994.021342846817
132,736697.9231698865,1104.5519216868586,2056.9617008445966,1328.2744490787343,2994.021342846817
133,736698.0953218101,4169.8297952862995,7365.301753773576,16423.989712263243,16361.57123320577
135,736698.1459244792,4169.8297952862995,7365.301753773576,16423.989712263243,16361.57123320577
137,736698.1917378429,1108.103342208466,2052.7464758765063,1329.6951342906145,2984.417740622833
138,736698.2063595364,4370.198000970086,7569.219446725631,16569.246180857062,20482.41374482603
145,736698.5009107128,1105.9399936006134,2043.0779025658976,1326.3696526314354,2539.7908374894514
150,736698.6097533739,1107.5377325386082,2037.1999976485013,1326.2070147426089,2531.596606002594
152,736698.7214087547,1107.5377325386082,2037.1999976485013,1326.2070147426089,2531.596606002594
158,736698.8769909572,1107.5377325386082,2037.1999976485013,1326.2070147426089,2531.596606002594
159,736698.8845593323,1103.1180567068245,2025.5645482921939,1321.0265479497364,2518.622272603876
161,736699.067225867,1103.1180567068245,2025.5645482921939,1321.0265479497364,2518.622272603876
166,736699.3172488107,1100.4328879493976,2015.7356999620083,1317.3114165006,2507.17684573737
167,736699.321053482,1096.3253231033843,2004.6282892440993,1312.415205172941,2494.6814098387617
168,736699.3299054798,1088.6000001583652,1990.094297089037,1304.4866893048152,2479.329976930679
172,736699.4693804912,1083.5527947569685,1978.2810406897281,1319.317440856996,2516.9581420135764
173,736699.4772789205,1078.5854609348207,1966.648356530714,1313.434550191512,2503.401335410219
175,736699.7965563278,1078.5854609348207,1966.648356530714,1313.434550191512,2503.401335410219
177,736699.8808823023,1078.5854609348207,1966.648356530714,1313.434550191512,2503.401335410219
179,736699.963734309,1078.5854609348207,1966.648356530714,1313.434550191512,2503.401335410219
181,736699.9904910485,1078.5854609348207,1966.648356530714,1313.434550191512,2503.401335410219
186,736700.1128344737,1078.5854609348207,1966.648356530714,1313.434550191512,2503.401335410219
188,736700.1513677194,1870.2169285185962,1392.282838619583,11479.01994942066,2306.064969055449
190,736700.1639952821,1857.381485125979,1387.5642037442246,11477.601075778759,2295.888532406554
191,736700.164252193,1852.7524135131273,1380.9400917195162,11486.519759643525,2284.1166164332085
192,736700.1685312352,1852.7524135131273,1380.9400917195162,11486.519759643525,2284.1166164332085
193,736700.1707876709,1852.7524135131273,1380.9400917195162,11486.519759643525,2284.1166164332085
196,736700.191118254,1852.7524135131273,1380.9400917195162,11486.519759643525,2284.1166164332085
212,736700.8139550469,1072.3560677118082,2282.6003552447487,1283.331760980278,2760.122954023211
220,736700.982246792,14580.360490038336,3145.1823704835733,14580.360490038336,11752.441177944424
223,736701.0635213538,14580.360490038336,3145.1823704835733,14580.360490038336,11752.441177944424
226,736701.1401509905,927.9692039004487,1640.6527653914104,1042.713892620375,2756.8238478541525
232,736701.2622168217,1117.956007819628,1723.4424509192954,1370.2896198976055,2638.7677546600944
234,736701.2736062407,1117.956007819628,1723.4424509192954,1370.2896198976055,2638.7677546600944
236,736701.3883042628,1117.956007819628,1723.4424509192954,1370.2896198976055,2638.7677546600944
241,736701.7083559277,1117.956007819628,1723.4424509192954,1370.2896198976055,2638.7677546600944
242,736701.7306777586,1117.956007819628,1723.4424509192954,1370.2896198976055,2638.7677546600944
245,736701.8005439806,1419.5065482530092,2245.420861405565,1531.5144112806404,2875.4048162339036
247,736701.9664963023,1419.5065482530092,2245.420861405565,1531.5144112806404,2875.4048162339036
254,736702.1790070629,1419.5065482530092,2245.420861405565,1531.5144112806404,2875.4048162339036
270,736702.8097757607,1419.5065482530092,2245.420861405565,1531.5144112806404,2875.4048162339036
273,736702.8442262692,1419.5065482530092,2245.420861405565,1531.5144112806404,2875.4048162339036
274,736702.8553099337,1578.3319710889568,2602.390404414485,1523.7487906705046,2714.846787063115
275,736702.8562180917,1578.3319710889568,2602.390404414485,1523.7487906705046,2714.846787063115
276,736702.8759951474,1578.3319710889568,2602.390404414485,1523.7487906705046,2714.846787063115
277,736702.8914072841,1565.082108362947,2579.620355586304,1515.2289045970078,2698.8270412530946
280,736702.9357958995,1565.082108362947,2579.620355586304,1515.2289045970078,2698.8270412530946
283,736702.9699315508,1565.082108362947,2579.620355586304,1515.2289045970078,2698.8270412530946
284,736702.9780307193,1565.082108362947,2579.620355586304,1515.2289045970078,2698.8270412530946
285,736702.986791513,1234.5553664363476,2556.7710319023604,1293.3684887832633,2682.6656881477807
289,736703.057471654,1542.9101905513985,2548.4595972312873,1498.6923551911452,2667.5633686207575
300,736703.2709141312,1542.9101905513985,2548.4595972312873,1498.6923551911452,2667.5633686207575
317,736703.4869677182,1552.9651305631533,2588.2788218429687,1491.2750284064884,2652.8920608507997
322,736703.6736098623,1552.9651305631533,2588.2788218429687,1491.2750284064884,2652.8920608507997
330,736704.0442534585,1552.9651305631533,2588.2788218429687,1491.2750284064884,2652.8920608507997
331,736704.1395784294,4428.629345184044,2893.996890447251,17533.834085678704,2669.0482701001624
332,736704.1826149058,1570.8736577001052,3143.3301012090383,1485.5593258976808,2965.710290634459
337,736704.3711172484,1570.8736577001052,3143.3301012090383,1485.5593258976808,2965.710290634459
347,736704.5601112023,1570.8736577001052,3143.3301012090383,1485.5593258976808,2965.710290634459
349,736704.6203426569,1565.3966073953184,3170.557155425301,1479.529812849241,2950.579863830337
351,736704.6358790786,1562.238999682937,3151.181460881612,1478.162768620916,2940.0211168260194
354,736704.6600398825,1562.238999682937,3151.181460881612,1478.162768620916,2940.0211168260194
355,736704.665594627,2417.3219922344833,3616.622789414274,12120.324166859795,4662.142125049072
358,736704.7449546199,1552.1007044181856,3639.540603564342,1472.4835299031083,3245.972886741449
360,736704.8206121922,1552.1007044181856,3639.540603564342,1472.4835299031083,3245.972886741449
361,736704.8208371856,1552.1007044181856,3639.540603564342,1472.4835299031083,3245.972886741449
367,736704.9450051066,1538.4547256047858,3626.713383479746,1466.187899550299,3229.0406865490354
369,736705.0512243186,1538.4547256047858,3626.713383479746,1466.187899550299,3229.0406865490354
378,736705.2002089528,2389.6323436816688,4600.419505438393,1804.699362341156,4469.183716685609
377,736705.2002165153,3612.657539813644,4950.369407032641,3612.657539813644,4719.958507893382
383,736705.2821626879,1429.716318420021,4029.609401290579,1401.6297025013798,3422.7639475790274
394,736705.3922064686,1765.763629450816,4000.6034934666977,1609.6156030121772,3428.9937253639546
405,736705.8085626701,1765.763629450816,4000.6034934666977,1609.6156030121772,3428.9937253639546
406,736705.8653171266,1765.763629450816,4000.6034934666977,1609.6156030121772,3428.9937253639546
417,736706.1882216155,1765.763629450816,4000.6034934666977,1609.6156030121772,3428.9937253639546
422,736706.3435756858,1765.763629450816,4000.6034934666977,1609.6156030121772,3428.9937253639546
423,736706.3599628136,1836.9615593132974,4262.794098088407,1605.411873040392,3436.183932153506
429,736706.4155927057,1836.9615593132974,4262.794098088407,1605.411873040392,3436.183932153506
430,736706.514354339,1836.9615593132974,4262.794098088407,1605.411873040392,3436.183932153506
444,736706.8862915352,2045.1761215715885,4893.140525373237,1600.6259835298054,3420.4974386580543
449,736706.9299879471,2047.1375377195084,4894.923630962256,1595.0667769028444,3404.211937512999
452,736707.0138131918,2047.1375377195084,4894.923630962256,1595.0667769028444,3404.211937512999
455,736707.0753314638,2047.1375377195084,4894.923630962256,1595.0667769028444,3404.211937512999
460,736707.2366692184,10181.19012606861,18798.900874604806,19305.284602811476,19163.467106567135
468,736707.3953504374,2287.351599568491,6129.43380501686,1734.647129416922,3904.0850726640974
477,736707.6363031969,2287.351599568491,6129.43380501686,1734.647129416922,3904.0850726640974
478,736707.6837708645,2287.351599568491,6129.43380501686,1734.647129416922,3904.0850726640974
480,736707.7112611225,2287.351599568491,6129.43380501686,1734.647129416922,3904.0850726640974
485,736707.8509526119,2287.351599568491,6129.43380501686,1734.647129416922,3904.0850726640974
498,736708.7559589501,10845.531944337565,7148.1345900819915,6306.107000450273,4587.683215087497
506,736708.9691149567,4356.730028973282,5245.476561826303,4356.730028973282,2982.5445539251937
509,736709.0445972898,4356.730028973282,5245.476561826303,4356.730028973282,2982.5445539251937
512,736709.1432374439,4356.730028973282,5245.476561826303,4356.730028973282,2982.5445539251937
517,736709.3219183384,2474.784780117848,5839.262243962654,1717.9584774719367,3887.7933831003156
518,736709.3395433064,2439.463807732126,5757.245670292705,1709.6243478220917,3866.940220441554
519,736709.3528566387,2405.54610949041,5677.858714190886,1701.474958486507,3846.409558112389
520,736709.3576675942,2371.792825778254,5599.95416084633,1693.060144016918,3825.778245782917
523,736709.3683062115,2371.792825778254,5599.95416084633,1693.060144016918,3825.778245782917
536,736709.4759435694,2371.792825778254,5599.95416084633,1693.060144016918,3825.778245782917
539,736709.5330778604,2371.792825778254,5599.95416084633,1693.060144016918,3825.778245782917
541,736709.6318067061,2352.195383263937,5535.843938695005,1689.7898192598802,3810.101148662337
542,736709.7433220166,2352.195383263937,5535.843938695005,1689.7898192598802,3810.101148662337
543,736709.8161167806,2352.195383263937,5535.843938695005,1689.7898192598802,3810.101148662337
544,736709.8300350822,2357.8821472049335,5540.871367686321,1686.4379259496543,3794.4937229815823
554,736710.2555043038,13266.767220279266,15381.343722904987,13266.767220279266,6747.976341037711
556,736710.2946539754,2404.736447721977,5677.145728454506,1680.008570965497,3776.1501405576228
560,736710.3702001269,2404.736447721977,5677.145728454506,1680.008570965497,3776.1501405576228
564,736710.3952102475,2385.512162007139,5612.059457518876,1677.3456562690137,3761.4706589545644
569,736710.4998612182,2374.370849653878,5555.448336517997,1677.5218689368483,3749.58870201528
575,736710.5683173301,2355.8830877052046,5493.629497551112,1674.7648612061691,3735.097557801606
583,736710.7665991749,2355.8830877052046,5493.629497551112,1674.7648612061691,3735.097557801606
584,736710.7966913166,2355.8830877052046,5493.629497551112,1674.7648612061691,3735.097557801606
585,736710.811802465,2360.5173124239973,5497.7340965877565,1566.3034198731862,3633.492874254042
586,736710.8432523063,2360.5173124239973,5497.7340965877565,1566.3034198731862,3633.492874254042
588,736710.8701322646,2360.5173124239973,5497.7340965877565,1566.3034198731862,3633.492874254042
589,736710.8712757448,2360.5173124239973,5497.7340965877565,1566.3034198731862,3633.492874254042
590,736710.9160293533,2344.341805693776,5439.195030275536,1564.93242577896,3620.395545763561
591,736710.9214312276,2344.341805693776,5439.195030275536,1564.93242577896,3620.395545763561
594,736711.0382186646,4359.6717037054395,5497.353876812797,4359.6717037054395,2994.0362835192095
596,736711.077759782,2343.889521673488,6062.033535381173,1561.4164872363833,3869.2999116725246
606,736711.2665432679,2343.889521673488,6062.033535381173,1561.4164872363833,3869.2999116725246
613,736711.3581721331,2343.889521673488,6062.033535381173,1561.4164872363833,3869.2999116725246
640,736711.8675269765,2343.889521673488,6062.033535381173,1561.4164872363833,3869.2999116725246
643,736712.0014212801,16417.53051183094,6817.180175230252,16417.53051183094,3214.4314241055986
663,736713.2996504772,2590.9403622596583,8646.97324502574,1486.2449660620762,3983.2053478083376
672,736713.6711235949,2590.9403622596583,8646.97324502574,1486.2449660620762,3983.2053478083376
674,736713.6776223844,2635.5789218872255,8801.604888702137,1483.911362600136,3967.014308746729
679,736714.1030519407,2635.5789218872255,8801.604888702137,1483.911362600136,3967.014308746729
680,736714.1056870844,2635.5789218872255,8801.604888702137,1483.911362600136,3967.014308746729
683,736714.1477884152,2635.5789218872255,8801.604888702137,1483.911362600136,3967.014308746729
689,736714.3160782394,2617.636696835704,8787.180746994052,1475.1639491803526,3945.03009883706
703,736714.6485272044,2617.636696835704,8787.180746994052,1475.1639491803526,3945.03009883706
706,736715.0164250984,2617.636696835704,8787.180746994052,1475.1639491803526,3945.03009883706
709,736715.1712312633,4021.423704632115,8069.277120165278,1504.252159491564,3421.5770654339376
711,736715.2521121314,3375.9733106457898,9300.95107603743,1593.4123488516375,4027.49418085619
722,736715.6999315992,10423.732675727828,9285.012797494783,5243.523083146823,3468.255733072804
724,736715.7667648405,2531.8623413975088,9813.997506596264,1402.4824867597642,4216.893612695685
725,736715.771344203,2531.8623413975088,9813.997506596264,1402.4824867597642,4216.893612695685
739,736716.8753653942,2445.6647803594665,9556.211027384388,1645.4668578781059,4115.800076987282
740,736716.9512209843,2391.440878227445,9353.61479125306,1637.1022467414577,4122.557280866805
751,736717.5123416658,11648.753037871033,8559.558479926085,5181.002261728552,4257.988072463354
756,736717.7404630361,2351.876297884192,9728.327524547885,1536.236229363369,4772.751312133205
794,736720.0334814112,2351.876297884192,9728.327524547885,1536.236229363369,4772.751312133205
801,736720.4361674155,12957.367926481393,16811.685950744337,12957.367926481393,2771.8447013493123
805,736720.6308328375,13636.015751389541,6716.85461886815,6089.717776786003,4834.999127163915
806,736720.671092548,13827.961565289768,15100.617076286217,6028.765598150777,10618.413926713036
807,736720.6732632617,13827.961565289768,15100.617076286217,6028.765598150777,10618.413926713036
811,736720.9212029392,13827.961565289768,15100.617076286217,6028.765598150777,10618.413926713036
812,736720.9232153485,13827.961565289768,15100.617076286217,6028.765598150777,10618.413926713036
827,736721.4922285563,6207.7719828114705,8160.701099666698,6351.12139183013,5214.352011619707
829,736721.5028145574,4925.085063176914,7916.697091784909,6186.135532333271,5248.271924888963
830,736721.5042457217,4925.085063176914,7916.697091784909,6186.135532333271,5248.271924888963
833,736721.514481939,4925.085063176914,7916.697091784909,6186.135532333271,5248.271924888963
838,736722.7662502392,4925.085063176914,7916.697091784909,6186.135532333271,5248.271924888963
906,736726.104598194,4925.085063176914,7916.697091784909,6186.135532333271,5248.271924888963
938,736727.1348843658,4925.085063176914,7916.697091784909,6186.135532333271,5248.271924888963
946,736727.3617935538,11725.457621618309,17074.61884384191,5029.305847380465,11476.808497665266
985,736728.5454205048,11725.457621618309,17074.61884384191,5029.305847380465,11476.808497665266
1000,736729.1850183114,11725.457621618309,17074.61884384191,5029.305847380465,11476.808497665266
1021,736729.5256180555,19523.20235918598,16489.430270965768,15522.238229716453,9477.714047729822
1030,736729.7761158914,19523.20235918598,16489.430270965768,15522.238229716453,9477.714047729822
1042,736730.3463141656,10709.576901475304,14006.38067023469,4131.4097468142,7645.08482543221
1049,736730.426178085,10709.576901475304,14006.38067023469,4131.4097468142,7645.08482543221
1052,736730.7291564929,12277.082871720453,17239.324314950434,4166.705162329628,11780.823529050724
1066,736731.1379428904,13443.121243203606,15851.485670000377,4178.839870680644,11511.361667112922
1069,736731.2500305716,13443.121243203606,15851.485670000377,4178.839870680644,11511.361667112922
1075,736731.3845104483,13443.121243203606,15851.485670000377,4178.839870680644,11511.361667112922
1087,736731.5982893001,12384.50721902356,12775.622117226774,3857.90949737566,10458.310032173293
1091,736731.9285630799,12384.50721902356,12775.622117226774,3857.90949737566,10458.310032173293
1098,736732.3771301714,12384.50721902356,12775.622117226774,3857.90949737566,10458.310032173293
1111,736732.7852317052,12384.50721902356,12775.622117226774,3857.90949737566,10458.310032173293
1112,736732.802304915,12384.50721902356,12775.622117226774,3857.90949737566,10458.310032173293
1164,736734.4667989287,18629.558035107293,15306.4175997333,3147.3581297792985,10900.524395706736
1176,736734.9352994396,18629.558035107293,15306.4175997333,3147.3581297792985,10900.524395706736
1180,736735.124702095,18629.558035107293,15306.4175997333,3147.3581297792985,10900.524395706736
1206,736735.6103203425,16878.733749862426,18380.131062642384,3657.788152402189,11814.799428685992
1214,736736.0045434892,16878.733749862426,18380.131062642384,3657.788152402189,11814.799428685992
1217,736736.0189698514,17945.120295646244,17945.120295646244,15252.111118980598,17897.32380103468
1221,736736.1211885372,17945.120295646244,17945.120295646244,15252.111118980598,17897.32380103468
1224,736736.2740032981,17945.120295646244,17945.120295646244,15252.111118980598,17897.32380103468
1229,736736.6233665241,17270.116954260462,17441.208136571968,4461.880426633362,12243.73877367286
1250,736737.4417635615,18573.3028063357,17059.132813539487,13228.489750356903,17841.582822653156
1263,736738.3141871082,18573.3028063357,17059.132813539487,13228.489750356903,17841.582822653156
1284,736739.0565095777,17175.92115813636,21809.143106652533,12469.120821598422,13322.018679906061
1303,736739.9160606596,17175.92115813636,21809.143106652533,12469.120821598422,13322.018679906061
1313,736740.37130553,16930.399366231864,22721.429068479756,18037.71910899291,15035.193218685883
1318,736740.5011265283,23319.699453348225,23319.699453348225,23319.699453348225,19344.680994835642
1331,736741.0734638503,16822.239936173974,20688.386556917074,17763.203788241164,20192.355546203835
1335,736741.3045425114,16419.888350441415,19404.010533606117,7381.661227132205,13457.818743927064
1346,736741.5417773589,15367.591151591443,18511.508363944144,7067.290731393559,12999.908839054184
1357,736742.6874214272,15367.591151591443,18511.508363944144,7067.290731393559,12999.908839054184
1384,736744.2989413928,18406.829533310392,19707.449300769917,16769.587053471972,19027.194020294995
1416,736745.4381681293,21948.807225290846,17991.096588538967,18456.29208353805,8941.870413535027
1422,736745.5748175798,21948.807225290846,17991.096588538967,18456.29208353805,8941.870413535027
1425,736745.7509438898,21948.807225290846,17991.096588538967,18456.29208353805,8941.870413535027
1430,736746.0620077248,21948.807225290846,17991.096588538967,18456.29208353805,8941.870413535027
1431,736746.0672211448,25037.240875665266,20283.91054380025,25037.240875665266,18411.1345631925
1434,736746.1426296578,25037.240875665266,20283.91054380025,25037.240875665266,18411.1345631925
1454,736746.820714994,17228.59233567998,18951.418441847785,9385.813044824768,19205.17262219139
1512,736748.8760335962,17228.59233567998,18951.418441847785,9385.813044824768,19205.17262219139
1517,736749.0544919606,16923.198917456524,17375.28450417347,13642.284210205025,16246.30908746249
1520,736749.096416601,20256.122639524085,17770.68147143691,17478.08810627568,20207.337396149524
1528,736749.3404934036,20970.78440198621,18302.669001027796,20970.78440198621,16866.57530356408
1529,736749.3444576167,20262.58284281428,16665.61670107312,20262.58284281428,15979.79021908762
1530,736749.3480963397,18474.6597163251,13526.152689487853,18104.486066242203,15108.525091820427
1537,736749.5778034584,17776.78847584725,12177.601424347224,17776.78847584725,13544.924679695132
1539,736749.6147821718,17852.858260940207,10423.752499363834,17852.858260940207,10428.39569906887
1540,736749.776622114,18721.110348434646,23528.450149461038,18533.800299865135,23336.370831103162
1586,736752.337293991,17620.36625477525,17659.721002041548,17620.36625477525,10445.104762523259
1593,736752.5502128828,22414.607020218635,20668.644127478954,18414.368974627916,21025.38282627869
1600,736752.8121224252,21404.30052522859,19938.96793749844,18864.99648481221,20119.134489745968
1601,736752.813405917,18248.745556847294,19976.011734836367,18033.41135944241,19268.590645404103
1605,736753.0479006169,19070.04119160913,19059.019236337364,16002.431814964524,17119.37568171668
1635,736754.3789322505,19772.935943807006,20681.71933361204,12304.475434964337,16470.017623941265
1663,736755.8856405263,17841.35710310733,19015.95862104506,12378.763571475969,16492.323585317034
1670,736756.1553249018,17827.908445422105,17161.257051649634,10917.020278395497,15957.506574765974
1675,736756.2172598612,17827.908445422105,17161.257051649634,10917.020278395497,15957.506574765974
1680,736756.3011942953,19413.251660883372,19264.690587710033,17720.49010429955,19553.828690319417
1704,736757.8925674387,24595.925799115343,18479.85710991177,10329.540731944498,16503.342209027185
1705,736757.9420193671,24595.925799115343,18479.85710991177,10329.540731944498,16503.342209027185
1719,736758.5330760543,20637.086506474803,26693.666133613046,20637.086506474803,20527.89876234043
1723,736758.7180191244,22744.895143106834,17600.272581194506,9245.061869119441,16015.367969231533
1725,736758.741266698,22744.895143106834,17600.272581194506,9245.061869119441,16015.367969231533
1729,736758.8903669409,19925.112572444814,26382.197895927937,19925.112572444814,18172.373006373364
1760,736759.7689335758,20440.630102281237,25953.459988547685,20440.630102281237,16082.987101133518
1804,736760.8841354011,26608.320854888017,27745.940508165684,17028.308480559306,22552.746302914282
1871,736763.4966825705,24469.641041296014,27271.30826663061,21799.97352493963,15298.501986878951
1877,736763.7426277266,24912.371257696268,29335.80874151109,23820.270713581664,16963.50445372538
1892,736764.4615040696,24609.314066906798,22219.28352140155,17384.051666852993,9963.886246594075
1900,736764.8265019119,24609.314066906798,22219.28352140155,17384.051666852993,9963.886246594075
1929,736765.9938140605,25521.676913348667,25692.498007115366,19192.416247691024,13290.294637390884
1966,736767.1859252846,32703.84473477269,19105.1275785684,32703.84473477269,29117.357099583918
2008,736769.1139677181,24031.336453414126,20683.436693766667,25135.66229475033,20079.032985913895
2072,736771.8676389836,24697.225267596747,19811.84210562419,25880.720081947842,25354.59295318079
2095,736772.6148999507,25135.806890841253,20331.76639455384,25306.627984607952,20686.38677803479
2096,736772.6196020863,25135.806890841253,20331.76639455384,25306.627984607952,20686.38677803479
2102,736773.0629928993,30378.220939386065,18334.682350810912,30378.220939386065,29305.19286310596
2103,736773.1230880957,19687.184565844847,23625.212178479436,22583.351628137694,20899.3429101933
2142,736774.9409691931,19687.184565844847,23625.212178479436,22583.351628137694,20899.3429101933
2149,736775.231653162,30515.058730936384,33286.57504762558,22061.804340381143,16762.41642098475
2194,736776.9171069425,28157.04490245839,27735.665936031193,27155.42687122492,18535.134558250556
2213,736777.9383165571,35336.8196777201,31901.840303190413,20561.582560516148,21894.608387465538
2214,736777.9569947177,35336.8196777201,31901.840303190413,20561.582560516148,21894.608387465538
2226,736778.9083191054,36660.42591414667,36833.3438677438,13332.047519535265,21912.788306993232
2264,736779.9622654979,36660.42591414667,36833.3438677438,13332.047519535265,21912.788306993232
2276,736780.4052408708,35439.84979278238,36108.86617058234,12111.471398170966,21522.280054986975
2279,736780.4851198059,35354.14079776505,34936.0108184185,13206.407358687573,20926.11804945768
2293,736781.1394401732,30679.380373632426,34178.16789350397,22194.321033574517,17836.066861801242
2308,736781.5629076044,35477.95710466665,33696.78630861191,21288.06257322564,18883.1372388452
2359,736784.1416613744,35477.95710466665,33696.78630861191,21288.06257322564,18883.1372388452
2386,736785.2635115742,35477.95710466665,33696.78630861191,21288.06257322564,18883.1372388452
2387,736785.2650416065,35477.95710466665,33696.78630861191,21288.06257322564,18883.1372388452
2389,736785.2723883479,35477.95710466665,33696.78630861191,21288.06257322564,18883.1372388452
2397,736785.660641164,35477.95710466665,33696.78630861191,21288.06257322564,18883.1372388452
2399,736785.784680458,35477.95710466665,33696.78630861191,21288.06257322564,18883.1372388452
2401,736785.8778224883,35477.95710466665,33696.78630861191,21288.06257322564,18883.1372388452
2491,736789.758888465,35477.95710466665,33696.78630861191,21288.06257322564,18883.1372388452
2494,736789.8308053411,33342.33812606647,33342.33812606647,23860.013778114877,24013.936973273318
2496,736789.9108525867,33342.33812606647,33342.33812606647,23860.013778114877,24013.936973273318
2516,736790.4572197654,33449.39911433738,33222.865586005384,33407.61144837402,31750.613382986838
2525,736790.880593327,33449.39911433738,33222.865586005384,33407.61144837402,31750.613382986838
2653,736795.7634432189,36888.37100105576,33724.004135979514,32355.95955685209,30952.1123495427
2772,736796.8591857594,36888.37100105576,33724.004135979514,32355.95955685209,30952.1123495427
2814,736797.418011555,36888.37100105576,33724.004135979514,32355.95955685209,30952.1123495427
2883,736799.1707974476,36888.37100105576,33724.004135979514,32355.95955685209,30952.1123495427
2904,736799.7362738324,36888.37100105576,33724.004135979514,32355.95955685209,30952.1123495427
2906,736799.744627032,36888.37100105576,33724.004135979514,32355.95955685209,30952.1123495427
2907,736799.7453510765,36888.37100105576,33724.004135979514,32355.95955685209,30952.1123495427
2908,736799.7459379926,36888.37100105576,33724.004135979514,32355.95955685209,30952.1123495427
2910,736799.7481007886,36888.37100105576,33724.004135979514,32355.95955685209,30952.1123495427
2912,736799.7530436021,36888.37100105576,33724.004135979514,32355.95955685209,30952.1123495427
2913,736799.7535368212,36888.37100105576,33724.004135979514,32355.95955685209,30952.1123495427
2947,736801.0700048455,33203.5340146548,33763.42692549191,32294.48961727959,35353.82736069137
2949,736801.1511413852,33203.5340146548,33763.42692549191,32294.48961727959,35353.82736069137
2989,736802.4299311154,32342.345501792122,32342.345501792122,32342.345501792122,37853.627629007686
3005,736803.1751668935,29881.96762221757,29881.96762221757,29881.96762221757,32891.360593481506
3006,736803.2659663088,29881.96762221757,29881.96762221757,29881.96762221757,32891.360593481506
3076,736806.2496210369,29881.96762221757,29881.96762221757,29881.96762221757,32891.360593481506
3612,736811.1238992646,29881.96762221757,29881.96762221757,29881.96762221757,32891.360593481506
3659,736811.5777758555,29881.96762221757,29881.96762221757,29881.96762221757,32891.360593481506
3769,736813.0912988893,29881.96762221757,29881.96762221757,29881.96762221757,32891.360593481506
3778,736813.2157514676,29881.96762221757,29881.96762221757,29881.96762221757,32891.360593481506
4025,736817.8818554026,30851.39088986959,30851.39088986959,27101.88250413268,27101.88250413268
4082,736819.3272730346,32678.487841326725,32678.487841326725,35573.67045714926,34320.94873717217
4092,736819.6126469916,32678.487841326725,32678.487841326725,35573.67045714926,34320.94873717217
4095,736819.6312271084,32678.487841326725,32678.487841326725,35573.67045714926,34320.94873717217
4101,736819.881221302,32893.09930584647,32893.09930584647,32893.09930584647,29181.280312789284
4133,736820.7617043257,31110.303354240623,31110.303354240623,31110.303354240623,28332.68032562431
4157,736821.8925490396,30976.654544457302,32266.27778865996,33424.443191338076,29019.04893813197
4186,736822.5470007921,30976.654544457302,32266.27778865996,33424.443191338076,29019.04893813197
4195,736822.8369438696,30976.654544457302,32266.27778865996,33424.443191338076,29019.04893813197
4200,736822.9436173924,30976.654544457302,32266.27778865996,33424.443191338076,29019.04893813197
4318,736825.3397470207,29169.202893784688,29169.202893784688,29169.202893784688,27584.390670983918
4348,736825.8515769177,31752.870917553242,32802.80526728051,29496.569466363515,27367.247336010663
4350,736825.8671120126,31752.870917553242,32802.80526728051,29496.569466363515,27367.247336010663
4354,736825.9538504663,31752.870917553242,32802.80526728051,29496.569466363515,27367.247336010663
4363,736826.1139435326,30264.49933954073,31594.936780213746,30264.49933954073,26159.378848943896
4369,736826.2454962061,30700.634606606945,31086.708196633426,30700.634606606945,31086.708196633426
4395,736826.8362321479,28506.379684954827,30034.630006134088,28506.379684954827,26351.40186814309
4544,736830.0313164161,29765.207344062554,33859.424267045164,26879.65256838321,28579.414287610984
4576,736830.8081785135,29885.219140148678,30857.387332598482,29885.219140148678,26865.620983243964
4860,736838.8269817987,29885.219140148678,30857.387332598482,29885.219140148678,26865.620983243964
4894,736839.9850027009,29885.219140148678,30857.387332598482,29885.219140148678,26865.620983243964
4898,736840.0964485278,31218.632192453577,33146.51374587232,31218.632192453577,31665.941461491962
4941,736841.7220836063,31218.632192453577,33146.51374587232,31218.632192453577,31665.941461491962
5011,736843.7144555199,31218.632192453577,33146.51374587232,31218.632192453577,31665.941461491962
5094,736845.8023805865,33561.9292128605,33561.9292128605,29153.586455466273,31236.833146255158
5115,736846.3914312493,33953.32455756026,31496.824568748554,29845.500598837873,31198.96099618758
5152,736847.2028023215,30662.580958334238,30819.875786712295,27901.420767050746,31138.004214923265
5200,736848.430508306,30662.580958334238,30819.875786712295,27901.420767050746,31138.004214923265
5237,736849.8240146696,30662.580958334238,30819.875786712295,27901.420767050746,31138.004214923265
5238,736849.8248445435,32204.321488412974,32204.321488412974,26640.556628193543,27901.77177277825
5239,736849.8636655475,32204.321488412974,32204.321488412974,26640.556628193543,27901.77177277825
5241,736849.897304794,32204.321488412974,32204.321488412974,26640.556628193543,27901.77177277825
5242,736849.9006765365,28990.09043726524,28990.09043726524,25338.545661232503,27200.545412123585
5243,736849.9018800388,28990.09043726524,28990.09043726524,25338.545661232503,27200.545412123585
5276,736850.5949023024,27293.63908490732,27293.63908490732,27293.63908490732,29590.37396191742
5281,736850.7381469153,28950.50954632685,28950.50954632685,28950.50954632685,28950.50954632685
5296,736851.8552522883,30129.24931299499,30129.24931299499,33875.03996964124,32400.57059707041
5295,736851.8552581115,29753.615572692484,30346.35716523548,33849.99169403941,29357.36412095714
5304,736852.0141781771,29753.615572692484,30346.35716523548,33849.99169403941,29357.36412095714
5309,736852.334773336,29670.139479557023,25909.429037317324,32452.697513852527,30951.319496157823
5310,736852.3617588381,29670.139479557023,25909.429037317324,32452.697513852527,30951.319496157823
5335,736853.1133746039,29670.139479557023,25909.429037317324,32452.697513852527,30951.319496157823
5353,736853.5624709704,29670.139479557023,25909.429037317324,32452.697513852527,30951.319496157823
5361,736853.716687638,29670.139479557023,25909.429037317324,32452.697513852527,30951.319496157823
5362,736853.7259084295,29670.139479557023,25909.429037317324,32452.697513852527,30951.319496157823
5365,736853.8683231621,29670.139479557023,25909.429037317324,32452.697513852527,30951.319496157823
5377,736854.4117472345,29670.139479557023,25909.429037317324,32452.697513852527,30951.319496157823
5383,736854.7679201605,29327.05364758414,25872.13452805656,34816.623459027964,24449.207810440435
5391,736855.2525330675,30945.706497841657,28936.486245443462,28712.43547254362,28291.732469329156
5427,736856.499051587,27241.119957619067,28033.39143767071,27241.119957619067,31231.94157342806
5478,736858.5766326222,27241.119957619067,28033.39143767071,27241.119957619067,31231.94157342806
5486,736859.0125266548,29349.12927021055,25825.641928596342,32910.356664056366,23803.165375505592
5538,736860.7974789707,29349.12927021055,25825.641928596342,32910.356664056366,23803.165375505592
5549,736861.2344277094,29349.12927021055,25825.641928596342,32910.356664056366,23803.165375505592
5646,736864.5068876889,30487.100401903357,26317.658859820684,30487.100401903357,26317.658859820684
5694,736865.5748503775,32202.95972799747,28641.008102451568,29258.15319874778,26859.170570750477
5823,736868.9608702582,32202.95972799747,28641.008102451568,29258.15319874778,26859.170570750477
5913,736871.5227477485,33707.20646640614,33707.20646640614,25926.63815619085,30197.961828137388
5943,736872.671296879,34798.05710414605,29344.85946256125,28442.000664688603,24961.706703438136
5993,736875.0151571633,32736.208287891,32736.208287891,26120.504491411004,31215.211612207226
6049,736878.1171477019,28959.835750358456,30570.890005908237,28959.835750358456,30305.151980470622
6080,736878.6587907488,36630.5421842956,29024.744686706836,24940.124357555072,26952.804618979837
6102,736879.6388932064,36630.5421842956,29024.744686706836,24940.124357555072,26952.804618979837
6116,736880.117940676,36630.5421842956,29024.744686706836,24940.124357555072,26952.804618979837
6231,736883.9565180864,36630.5421842956,29024.744686706836,24940.124357555072,26952.804618979837
6303,736886.905389403,35253.37904490348,35253.37904490348,31540.976107607847,28006.321383728035
6382,736891.66116843,36644.174185147625,36644.174185147625,36644.174185147625,35527.22039223088
6383,736891.6632616991,36657.919816010086,36657.919816010086,36657.919816010086,34340.520460358886
6386,736891.8730438292,34901.905108688254,34901.905108688254,34901.905108688254,32411.543782843946
6448,736893.6306074971,33565.10754659268,33565.10754659268,29252.445378807945,29937.03152150581
6458,736894.001773209,31869.76528296908,34179.419075723796,35265.12807705849,28384.390944633775
6459,736894.0080167146,31869.76528296908,34179.419075723796,35265.12807705849,28384.390944633775
6527,736895.7590074835,33627.878015664035,33627.878015664035,33457.17768538836,33457.17768538836
6530,736895.9126100499,36679.30479661271,30683.11996343956,31394.568997111044,31015.685707858996
6546,736896.5207283454,33375.00127602423,32858.28375980911,33375.00127602423,28826.35756589887
6547,736896.5220888157,29604.561631800054,31377.604669650875,29604.561631800054,25055.9179216747
6574,736897.5384653956,29604.561631800054,31377.604669650875,29604.561631800054,25055.9179216747
6577,736897.7356935954,34235.77755175364,35757.06248929872,33873.17036278377,34201.50036888607
6708,736904.6500548259,32233.683053343502,30157.73434865756,31818.645315600774,30320.539603373178
6719,736905.3502435408,32233.683053343502,30157.73434865756,31818.645315600774,30320.539603373178
6765,736907.3879280741,32323.137819644304,32262.228388531286,32323.137819644304,34999.65194441804
6773,736907.9444805181,32323.137819644304,32262.228388531286,32323.137819644304,34999.65194441804
6787,736908.8652175264,32323.137819644304,32262.228388531286,32323.137819644304,34999.65194441804
6799,736909.5300821769,34657.28178136759,28348.315126458954,34211.01835092246,28416.683760878594
6801,736909.9576731521,34657.28178136759,28348.315126458954,34211.01835092246,28416.683760878594
6802,736909.9645505417,34657.28178136759,28348.315126458954,34211.01835092246,28416.683760878594
6818,736910.702349969,27226.3996023507,30489.261722258623,30514.428149211446,30489.261722258623
6840,736913.0804206206,27226.3996023507,30489.261722258623,30514.428149211446,30489.261722258623
6850,736913.3751927494,28177.651040082546,26515.17672484259,28177.651040082546,31671.427523845807
6854,736913.508277298,26257.0315751156,26402.375911594972,26257.0315751156,26402.375911594972
6857,736913.5558628433,27644.61582684431,27644.61582684431,31152.500188050963,33446.913977777986
6945,736919.0117913424,27644.61582684431,27644.61582684431,31152.500188050963,33446.913977777986
7014,736921.8390458352,25239.78765568004,25239.78765568004,30844.380511010335,30351.618213797992
7019,736922.0236717669,25239.78765568004,25239.78765568004,30844.380511010335,30351.618213797992
7025,736922.2350012854,25239.78765568004,25239.78765568004,30844.380511010335,30351.618213797992
7041,736922.593787368,26886.869709250615,25483.495501067013,26886.869709250615,28603.965812092396
7069,736923.3568015319,25356.264669374767,23690.41541058064,25501.609005854138,27568.047471444366
7078,736923.5928814624,25322.57538911987,27712.177008774706,27715.887711314437,27712.177008774706
7091,736924.1228159587,25664.14576196983,27028.224902868747,25664.14576196983,29497.6656001703
7199,736925.9070853634,25664.14576196983,27028.224902868747,25664.14576196983,29497.6656001703
7409,736928.1421171317,25664.14576196983,27028.224902868747,25664.14576196983,29497.6656001703
7411,736928.1613015026,27139.511237451497,28144.844592730235,23392.278334829076,24630.363044924234
7412,736928.2056343456,27139.511237451497,28144.844592730235,23392.278334829076,24630.363044924234
7423,736928.7891528399,34610.407353332244,34610.407353332244,26285.63175299318,26186.30670325624
7480,736930.1713705354,26601.159245364113,26601.159245364113,26601.159245364113,22665.281982822886
7504,736930.8717007448,26601.159245364113,26601.159245364113,26601.159245364113,22665.281982822886
7547,736932.1115346509,26601.159245364113,26601.159245364113,26601.159245364113,22665.281982822886
7558,736932.66021259,38354.53205601792,30126.86473302417,30362.693259940886,23164.5939087914
7562,736932.7444309421,37062.27498439149,29399.479501754744,37062.27498439149,21280.14198544691
7575,736932.8603806335,29675.35925664205,32903.70854317243,24803.544465309267,27816.726001559862
7578,736932.9522906431,31109.517717254384,31744.068443479795,23107.225370889217,29692.715037177128
7605,736934.0608856382,31109.517717254384,31744.068443479795,23107.225370889217,29692.715037177128
7668,736936.1428895305,38697.737893003876,31540.891781623697,38697.737893003876,23256.172597993427
7690,736936.4364977571,32278.204646731934,29703.293155288527,23176.84981342272,22189.449874220532
7693,736936.5706995276,32278.204646731934,29703.293155288527,23176.84981342272,22189.449874220532
7762,736938.5437245552,37328.35364553667,34265.49599035905,24006.9613996992,29521.894906639416
7809,736941.0349220616,32275.953198002044,32275.953198002044,27801.99217848405,27988.97365484871
7858,736942.1477656581,32275.953198002044,32275.953198002044,27801.99217848405,27988.97365484871
7877,736942.5847229777,32275.953198002044,32275.953198002044,27801.99217848405,27988.97365484871
7885,736943.0208834152,38876.28779920356,37073.78493604664,38876.28779920356,37073.78493604664
7937,736944.6632398121,38925.638222869486,39486.7576871481,31413.771716107854,31571.349538305658
7942,736944.9064994955,38925.638222869486,39486.7576871481,31413.771716107854,31571.349538305658
7945,736945.12201516,36318.275046188595,37939.663143893304,34522.02340234837,32584.285066542037
8017,736948.3029130786,36318.275046188595,37939.663143893304,34522.02340234837,32584.285066542037
8052,736950.0047377901,38208.45046135279,38208.45046135279,32857.77041930375,30430.440672598987
8054,736950.0109775739,36570.26608066701,36110.72899302896,35958.4510355816,32122.089743980512
8081,736950.5148803302,38270.248098896955,39161.13152449229,37062.654448525864,26301.208658495714
8126,736952.2959784113,38048.68915367465,36572.47279785686,38048.68915367465,32139.469279513374
8145,736952.8462833177,35716.07710230601,35030.890441704934,34450.90245284128,32163.63047601307
8182,736954.3404016211,36457.402140120575,36737.296094985235,36898.29103734034,36732.12076403461
8196,736954.6959207894,34849.25795857121,36151.40244305609,36567.651986305944,35372.79520328442
8221,736955.9453817296,38790.79105354168,38790.79105354168,38044.099659820204,34500.56536798555
8244,736956.8104740977,33407.68884237559,30596.50637886648,32175.709166542947,31338.104430005445
8258,736957.2961945086,31566.00957394194,28131.756639815194,32799.074110163805,29255.62844274345
8341,736960.6342143664,28120.137986745274,25385.166842955816,28533.852660442702,27600.441840551837
8348,736960.9238714436,28120.137986745274,25385.166842955816,28533.852660442702,27600.441840551837
8350,736960.9791398305,28120.137986745274,25385.166842955816,28533.852660442702,27600.441840551837
8426,736962.5898665525,36172.118977347476,35064.4822608578,36172.118977347476,35064.4822608578
8548,736966.2657435605,36172.118977347476,35064.4822608578,36172.118977347476,35064.4822608578
8571,736967.0172678061,36172.118977347476,35064.4822608578,36172.118977347476,35064.4822608578
8589,736967.751925373,36172.118977347476,35064.4822608578,36172.118977347476,35064.4822608578
8740,736970.0065470936,36172.118977347476,35064.4822608578,36172.118977347476,35064.4822608578
8754,736970.1105939114,33516.40123940653,33516.40123940653,33124.52762411393,32722.500109616507
8788,736970.41421259,33516.40123940653,33516.40123940653,33124.52762411393,32722.500109616507
8789,736970.4226458335,31633.45163698389,31740.6058339142,26682.15915316029,23717.51079023479
8836,736971.2066139679,31679.485066893572,32499.61185481111,31030.047671315388,29862.451260028454
8875,736971.8932685002,31679.485066893572,32499.61185481111,31030.047671315388,29862.451260028454
8899,736972.412382014,31679.485066893572,32499.61185481111,31030.047671315388,29862.451260028454
8911,736972.6370488394,32679.36962698539,32820.17349613281,32679.36962698539,30588.77664132184
8912,736972.6375302022,31329.934726109637,31329.934726109637,31329.934726109637,29387.69223174234
8925,736973.1253394019,32703.86736146972,32703.86736146972,35931.73252470114,35931.73252470114
8933,736973.4635538998,32703.86736146972,32703.86736146972,35931.73252470114,35931.73252470114
8934,736973.4695479622,32703.86736146972,32703.86736146972,35931.73252470114,35931.73252470114
8955,736973.9910661146,29717.168577037985,29709.351198257657,22296.45710778992,24543.291938559607
8964,736974.2839578395,30380.1303233679,31321.03818342867,27838.644045236324,31283.988052040797
8987,736974.8862689319,30380.1303233679,31321.03818342867,27838.644045236324,31283.988052040797
9046,736976.1574088108,34366.29835983247,34366.29835983247,34366.29835983247,36949.62901379329
9168,736978.7663721207,30658.302663965187,31411.736950964354,30658.302663965187,31284.248022926542
9182,736979.658156459,30240.571559403415,28741.536553405618,23098.383136747376,25528.121337922956
9187,736979.86484603,28629.500681818972,32512.26742803763,28415.897888713927,32256.98917106428
9193,736980.1012685031,25682.97953737232,30098.937959766696,26226.358608558563,29310.468026617633
9242,736981.6835195122,25682.97953737232,30098.937959766696,26226.358608558563,29310.468026617633
9294,736982.8489845303,25682.97953737232,30098.937959766696,26226.358608558563,29310.468026617633
9303,736982.9957563272,32019.3304084171,29581.343893446083,32019.3304084171,28514.488210677242
9363,736984.8673198418,32019.3304084171,29581.343893446083,32019.3304084171,28514.488210677242
9392,736986.3837680295,32019.3304084171,29581.343893446083,32019.3304084171,28514.488210677242
9400,736986.4979899334,33133.08900702243,30238.239665579295,29014.569325858494,26809.869100406133
9405,736986.5879244673,26691.674367730902,29922.707472857623,24514.332966844842,26484.695209091984
9451,736987.8185696682,26562.379622371856,25964.34185496975,24803.432498721984,24884.971305820913
9482,736988.8842450465,26562.379622371856,25964.34185496975,24803.432498721984,24884.971305820913
9483,736988.8868029857,30091.16981236821,28544.789606567792,26612.854692867655,22727.53269719844
9484,736988.8916162625,30091.16981236821,28544.789606567792,26612.854692867655,22727.53269719844
9485,736988.8980814584,30091.16981236821,28544.789606567792,26612.854692867655,22727.53269719844
9521,736990.1341952087,31685.281826703005,30869.859877230996,31685.281826703005,22470.314781595396
9534,736990.4720965339,30842.814399932402,30027.392450460393,27644.600439836773,22071.268789490838
9542,736990.8059022693,28115.50076139864,27300.078811926636,28115.50076139864,20630.92563112284
9569,736992.2790432805,28115.50076139864,27300.078811926636,28115.50076139864,20630.92563112284
9582,736993.1594325472,30672.941313339426,32088.94297301763,29698.196185005338,29705.865390699804
9591,736993.8129410145,29188.317319702248,31785.784434059242,27216.52630498853,27971.023922993874
9602,736994.3482343022,32257.11772325124,28878.919031262525,29420.01780774038,21100.457732602325
9633,736995.515507049,31899.602145088145,31680.729993070403,22197.39065020477,22788.370923151237
9637,736995.6021467294,31899.602145088145,31680.729993070403,22197.39065020477,22788.370923151237
9642,736995.8744426988,27158.27832302871,29295.789030665605,29262.50074110865,22758.22864451533
9646,736996.0293799578,27158.27832302871,29295.789030665605,29262.50074110865,22758.22864451533
9668,736996.5215816841,27159.72629707755,30341.817957312243,21987.366011984075,22188.117538866336
9700,736997.2158498481,27159.72629707755,30341.817957312243,21987.366011984075,22188.117538866336
9794,736999.9104303173,27159.72629707755,30341.817957312243,21987.366011984075,22188.117538866336
9897,737002.9905232812,27159.72629707755,30341.817957312243,21987.366011984075,22188.117538866336
9899,737002.99896987,27159.72629707755,30341.817957312243,21987.366011984075,22188.117538866336
9907,737003.0986855294,27159.72629707755,30341.817957312243,21987.366011984075,22188.117538866336
10034,737007.2574225854,27159.72629707755,30341.817957312243,21987.366011984075,22188.117538866336
10051,737007.7492307681,27159.72629707755,30341.817957312243,21987.366011984075,22188.117538866336
10053,737007.8082436123,27159.72629707755,30341.817957312243,21987.366011984075,22188.117538866336
10081,737008.5826254747,27159.72629707755,30341.817957312243,21987.366011984075,22188.117538866336
10100,737009.3396402573,27159.72629707755,30341.817957312243,21987.366011984075,22188.117538866336
10110,737009.5695132432,27159.72629707755,30341.817957312243,21987.366011984075,22188.117538866336
10167,737012.0585946633,27472.574840010824,27472.574840010824,32304.364658540784,30108.933310920784
10177,737012.4424060729,28331.39216114553,28331.39216114553,29657.20057052355,27239.81309759497
10186,737013.0466165999,28732.725734740496,26828.8012594776,28732.725734740496,29997.878468284453
10187,737013.2112979315,25970.808374569486,25970.808374569486,28556.4136319345,23083.763794774884
10189,737013.336869225,24263.65633921556,24263.65633921556,27507.389671764482,20265.84754207303
10191,737013.3726677924,24264.809328445386,24264.809328445386,25152.93576476988,18996.43051335366
10193,737013.3928906093,22797.13383115108,22797.13383115108,25136.107625546705,16986.743627885055
10194,737013.4036319586,22797.13383115108,22797.13383115108,25136.107625546705,16986.743627885055
10195,737013.4087289849,20844.799157786754,20844.799157786754,20752.890639499983,14902.117612288594
10198,737013.5521895352,19966.412252529663,19966.412252529663,17895.66156926579,12356.651079108855
10199,737013.598983059,19163.63768849149,19163.63768849149,16582.528210092674,10588.101154615715
10200,737013.604165442,24025.149728400236,19058.608032264343,26348.65126155109,12819.481627106623
10202,737013.6755874564,24025.149728400236,19058.608032264343,26348.65126155109,12819.481627106623
10209,737013.8631689118,24025.149728400236,19058.608032264343,26348.65126155109,12819.481627106623
10229,737014.540670835,24025.149728400236,19058.608032264343,26348.65126155109,12819.481627106623
10231,737014.6704916754,26846.44366287314,24118.2783739482,30855.128354871995,20772.673677722334
10236,737014.8486763018,26846.44366287314,24118.2783739482,30855.128354871995,20772.673677722334
10237,737015.099724363,24101.112023280362,18340.558060649953,24101.112023280362,11988.74571814275
10240,737015.2866873223,24101.112023280362,18340.558060649953,24101.112023280362,11988.74571814275
10268,737016.1694962257,24101.112023280362,18340.558060649953,24101.112023280362,11988.74571814275
10273,737016.3254574301,24101.112023280362,18340.558060649953,24101.112023280362,11988.74571814275
10279,737016.7939281112,17697.788312337634,25523.564703681343,13071.870244105125,15508.964221667464
10281,737016.8036304523,29924.52456022877,21177.812063572957,29924.52456022877,19921.283043569758
10283,737016.8501242572,29924.52456022877,21177.812063572957,29924.52456022877,19921.283043569758
10286,737016.8744384139,25599.95452491571,21604.90906430142,29794.058542139897,18246.716702573704
10290,737017.0064843345,25599.95452491571,21604.90906430142,29794.058542139897,18246.716702573704
10350,737018.9101604215,25599.95452491571,21604.90906430142,29794.058542139897,18246.716702573704
10352,737018.9598718497,25599.95452491571,21604.90906430142,29794.058542139897,18246.716702573704
10359,737019.3608348075,25599.95452491571,21604.90906430142,29794.058542139897,18246.716702573704
10361,737019.374054987,17476.926973850204,20101.431141265955,11125.114631342998,11296.533804110479
10362,737019.3740752462,23259.081742317725,18271.70901888856,21606.393976167827,12466.213316771908
10411,737021.6351444984,23860.268774186872,18423.222759097265,11302.40351223121,12636.44203140562
10419,737021.8848963602,26702.225328498665,16197.974579845126,17681.814286111603,10000.476192201257
10429,737022.2452856216,15651.113468677773,13837.284749642902,8900.902686834728,10086.704853896073
10442,737022.5836810328,15651.113468677773,13837.284749642902,8900.902686834728,10086.704853896073
10444,737022.7982352487,15651.113468677773,13837.284749642902,8900.902686834728,10086.704853896073
10454,737023.0751646596,15651.113468677773,13837.284749642902,8900.902686834728,10086.704853896073
10455,737023.0768821572,19435.910304418154,29128.763867122325,19435.910304418154,24705.835256481165
10468,737023.3128345032,16445.88038257326,27199.00951240853,16445.88038257326,22939.665785622496
10489,737023.9966650619,23108.12871832882,12617.877495372511,19852.290387927584,8660.889151563179
10537,737025.5743528062,25912.781518011685,20133.106893026183,21332.000134082897,17744.633890915433
10538,737025.5745863956,23602.400682410764,18029.134505487767,21279.92995050175,15287.621559769448
10540,737025.5807741227,21155.745624078823,16865.975448604444,19812.501111601054,13194.006445045074
10545,737025.7485460052,21155.745624078823,16865.975448604444,19812.501111601054,13194.006445045074
10555,737026.1813304638,21155.745624078823,16865.975448604444,19812.501111601054,13194.006445045074
10571,737026.5009438122,20590.433645607038,15593.613555769862,20590.433645607038,15593.613555769862
10583,737027.676640852,18765.697730353808,15122.890626607536,18765.697730353808,12337.448069338743
10611,737028.7356660904,22846.13336089908,28395.5870361421,22846.13336089908,19288.062827279853
10619,737029.04546809,22846.13336089908,28395.5870361421,22846.13336089908,19288.062827279853
10630,737029.380725664,21022.50216727759,19879.901046722225,21022.50216727759,16578.39923982034
10659,737030.7245258312,18106.809994621555,22793.710966918614,18106.809994621555,15805.465848250935
10708,737032.1504009309,19495.389801389585,18003.071488723777,22519.70817750869,9270.290254844867
10729,737033.0826209727,15153.218802137653,16354.989392205705,12498.889501496393,12513.807266775348
10738,737033.5133427794,16137.312545287154,16504.032021598803,13482.98324464589,11338.9269092246
10863,737038.8691925076,20985.06228548949,19600.471865667216,16811.401584720046,13135.54428781934
10868,737038.9097580386,18206.88177149971,16728.0332354158,13925.045306508031,12591.592971216216
10915,737041.0470211221,15738.250018748595,15664.73233124842,13077.171989911212,12862.051897484525
10920,737041.1626397858,15738.250018748595,15664.73233124842,13077.171989911212,12862.051897484525
10956,737042.3755778236,18345.6193978539,17922.150404810596,25051.707498182885,9370.399209575067
10972,737042.661539347,14708.478737086627,14853.792557590135,8878.667517159287,13125.534646952266
10975,737042.6833246434,18040.47597302274,16563.97188854766,8869.176334185675,12693.25506977397
10987,737043.0822944856,20545.044212633944,19626.271873939102,20545.044212633944,17460.832205318362
11011,737043.6851373033,15171.961102339565,16495.078000930163,8843.381774700956,14757.029782578882
11039,737045.2427202716,15233.063076499544,17072.329463355167,13638.501279241325,15849.682843535114
11043,737045.3930157186,16828.06347056342,17794.322066490608,16828.06347056342,24960.828072395292
11080,737047.0702859609,17022.58938052355,17382.5721581937,14827.651813444945,15596.533154768045
11130,737049.4271337667,21078.729924979863,18108.89184005914,16580.406530173062,17849.012673686346
11257,737053.9328059879,21078.729924979863,18108.89184005914,16580.406530173062,17849.012673686346
11278,737055.8145552992,20357.422902118757,18091.619799747736,16489.744791802164,14119.405650185918
11386,737060.8420721802,20637.704295751664,22180.457566857574,13097.192100385051,17610.814786571387
11415,737062.4812681429,21754.648982943112,21754.648982943112,21754.648982943112,19010.62011951437
11467,737064.3996866569,23039.09115909168,23039.09115909168,15280.931623019456,17834.734033344535
11512,737066.110204479,20168.264450839626,21632.787265992072,17723.153190830802,16428.430140244927
11533,737066.9900138669,22685.99998555235,21590.423862948577,22685.99998555235,16778.047562818676
11547,737067.8848635445,26003.996207940094,19881.827765350277,26003.996207940094,21125.5307139268
11559,737068.4284108958,27429.451442681962,22502.261350344357,20893.086310913684,18335.99550418454
11574,737068.927926039,27429.451442681962,22502.261350344357,20893.086310913684,18335.99550418454
11583,737069.1422843132,29461.871489833164,23323.30670895023,29461.871489833164,23323.30670895023
11585,737069.1515613213,29461.871489833164,23323.30670895023,29461.871489833164,23323.30670895023
11586,737069.1524319651,29461.871489833164,23323.30670895023,29461.871489833164,23323.30670895023
11588,737069.1869287118,24893.703319925735,19015.2271223342,20152.91750346295,18869.88060865937
11645,737071.8064075351,25138.28354381757,25138.28354381757,25138.28354381757,18310.603357809025
11646,737071.8295619658,32423.657448702288,28901.401989123504,19498.17200901481,20573.492426158326
11649,737072.0176094834,30901.17633647845,26859.36638260618,17823.78788732496,19359.556509427737
11720,737076.2346535197,24764.234907327023,22927.64760518625,24764.234907327023,18141.388137340942
11726,737076.578366551,29786.929784116648,26877.723926813123,18565.319494567346,24722.08392825078
11758,737080.6248455418,28588.86701483033,25735.758527889782,28588.86701483033,20377.608091260732
11779,737081.643145655,28588.86701483033,25735.758527889782,28588.86701483033,20377.608091260732
11791,737082.1696838668,28588.86701483033,25735.758527889782,28588.86701483033,20377.608091260732
11852,737084.6968175701,31324.313541131687,31324.313541131687,21914.51350435926,20909.989040773664
11875,737085.6381048317,29749.96749685104,28656.416025202863,22717.539795738958,16910.825148141757
11899,737086.9063808689,29927.60657671181,29471.45719651411,29927.60657671181,21905.570499791065
11946,737088.4237795466,29878.4763637406,30225.534457128648,29384.00814994639,26382.919565217497
11950,737088.4729315335,37863.10472430177,36839.36905008806,21611.305765978308,23429.028997728023
12059,737092.842651891,37863.10472430177,36839.36905008806,21611.305765978308,23429.028997728023
12068,737093.3948870326,29271.627232458548,30815.575821765884,25845.787399016324,22366.075232338953
12072,737093.6120011826,29271.627232458548,30815.575821765884,25845.787399016324,22366.075232338953
12077,737094.007759267,29271.627232458548,30815.575821765884,25845.787399016324,22366.075232338953
12099,737095.0481334833,29271.627232458548,30815.575821765884,25845.787399016324,22366.075232338953
12205,737096.1501640591,35715.7521493376,35715.7521493376,35715.7521493376,28206.352055109426
12362,737099.6905012432,35715.7521493376,35715.7521493376,35715.7521493376,28206.352055109426
12365,737099.7447056898,36040.89984574155,35783.584599220136,36040.89984574155,30002.453687120596
12557,737102.8772803501,38562.54414344938,36633.24148932115,28693.92277579368,31100.08040276135
12612,737104.7412440984,38562.54414344938,36633.24148932115,28693.92277579368,31100.08040276135
12653,737105.9869556539,34885.634588985566,35547.57081862176,28296.87505597946,30152.126968022345
12654,737106.0096334385,34885.634588985566,35547.57081862176,28296.87505597946,30152.126968022345
12666,737106.4494607385,34885.634588985566,35547.57081862176,28296.87505597946,30152.126968022345
12678,737106.9150657436,34885.634588985566,35547.57081862176,28296.87505597946,30152.126968022345
12748,737109.8520221935,34177.05807386594,36154.517673417104,36468.75170836821,30963.206917048556
12769,737110.5481733726,32519.070591566942,33905.253438160864,32519.070591566942,30993.68951474364
12775,737110.6386772041,32519.070591566942,33905.253438160864,32519.070591566942,30993.68951474364
12777,737110.6653494668,39078.888705163,28879.76606708465,36252.34738444794,29212.140374167833
12787,737111.0010989362,32967.91890214467,29916.69862407457,32656.27787921492,29849.301837655938
12806,737111.3841362236,32967.91890214467,29916.69862407457,32656.27787921492,29849.301837655938
12841,737112.3086253428,32967.91890214467,29916.69862407457,32656.27787921492,29849.301837655938
12843,737112.3346285007,32967.91890214467,29916.69862407457,32656.27787921492,29849.301837655938
12876,737114.0189541681,32260.640777046647,30292.33770180105,32274.13280338248,25397.48309184513
12930,737116.0708827486,32373.863366996044,32476.72622516032,33995.39685696935,35544.47203400253
12931,737116.1391692058,28256.16608474202,30993.743298699104,28578.23459030532,25887.668514951252
12951,737117.1760580325,28256.16608474202,30993.743298699104,28578.23459030532,25887.668514951252
12977,737118.5173667378,28408.63762464778,30256.500436059585,28408.63762464778,28082.586538664145
12991,737119.3114870611,28408.63762464778,30256.500436059585,28408.63762464778,28082.586538664145
13002,737120.0736749992,29354.471718962315,29103.720510545467,29263.016461183684,27533.321704275717
13017,737121.0012234449,32103.73012088054,29733.49729060764,32103.73012088054,34698.64420570528
13019,737121.0302427025,32103.73012088054,29733.49729060764,32103.73012088054,34698.64420570528
13086,737123.5605611574,29335.491325718303,31074.89740975076,31119.228762145707,31469.28905412416
13091,737123.7223836624,29335.491325718303,31074.89740975076,31119.228762145707,31469.28905412416
13093,737123.9024709192,29335.491325718303,31074.89740975076,31119.228762145707,31469.28905412416
13117,737124.5761638337,29335.491325718303,31074.89740975076,31119.228762145707,31469.28905412416
13138,737126.0163896759,29010.996193695028,27583.735650380208,29964.576150047254,28523.98811412987
13151,737126.8417188735,29010.996193695028,27583.735650380208,29964.576150047254,28523.98811412987
13155,737127.1448373348,29010.996193695028,27583.735650380208,29964.576150047254,28523.98811412987
13170,737127.6460527994,29010.996193695028,27583.735650380208,29964.576150047254,28523.98811412987
13176,737127.9455216877,28004.581639104763,25769.088121401564,29300.137576922658,30297.42855258456
13191,737128.3591681457,28004.581639104763,25769.088121401564,29300.137576922658,30297.42855258456
13208,737129.0206504875,28004.581639104763,25769.088121401564,29300.137576922658,30297.42855258456
13273,737130.9547651415,28004.581639104763,25769.088121401564,29300.137576922658,30297.42855258456
13293,737131.6519219037,28004.581639104763,25769.088121401564,29300.137576922658,30297.42855258456
13298,737131.7899679844,28004.581639104763,25769.088121401564,29300.137576922658,30297.42855258456
13311,737132.3903927498,25348.93347223117,24431.57040579518,27701.080751656253,28215.148135135067
13359,737134.1288035524,25431.4654831031,30755.74650243616,28078.224053240952,27981.34785721399
13374,737135.0312758138,25431.4654831031,30755.74650243616,28078.224053240952,27981.34785721399
13375,737135.0424149503,25431.4654831031,30755.74650243616,28078.224053240952,27981.34785721399
13381,737135.8182821849,24208.56395536379,24208.56395536379,28062.267260722332,20692.39646441038
13382,737135.8239241614,21718.48701409977,21718.48701409977,27472.972149955516,18837.246830853663
13383,737135.9404857699,21510.359239263722,21510.359239263722,25248.61213270541,16886.565577042395
13724,737140.1378853859,22347.389463909196,21299.46787932311,29159.83366161128,21160.08645729666
13756,737140.4195284802,21436.382186175393,21341.046743219285,20450.77468547573,16253.673955444516
13889,737142.0877293217,21436.382186175393,21341.046743219285,20450.77468547573,16253.673955444516
13921,737142.78148374,21436.382186175393,21341.046743219285,20450.77468547573,16253.673955444516
13930,737142.9285171822,21436.382186175393,21341.046743219285,20450.77468547573,16253.673955444516
13931,737142.9326284009,21436.382186175393,21341.046743219285,20450.77468547573,16253.673955444516
13958,737143.1588953229,21436.382186175393,21341.046743219285,20450.77468547573,16253.673955444516
14073,737143.6956933147,23712.886657343613,21298.34698478472,23712.886657343613,17879.818058183686
14424,737145.1453761306,22573.121837350467,23095.02204933339,28333.928917117228,23095.02204933339
14490,737145.666399582,22424.68181985553,22424.68181985553,25019.366228609044,23704.768010704207
14518,737145.8818767689,22424.68181985553,22424.68181985553,25019.366228609044,23704.768010704207
14781,737147.3551557369,22424.68181985553,22424.68181985553,25019.366228609044,23704.768010704207
14849,737147.8648571887,22424.68181985553,22424.68181985553,25019.366228609044,23704.768010704207
14862,737147.9434278106,22424.68181985553,22424.68181985553,25019.366228609044,23704.768010704207
15098,737152.1446076875,22424.68181985553,22424.68181985553,25019.366228609044,23704.768010704207
15137,737152.7510403087,21589.6171171928,22548.183849446043,22111.517329175724,22548.183849446043
15145,737152.8600809233,21589.6171171928,22548.183849446043,22111.517329175724,22548.183849446043
15268,737154.0906463866,21662.030891039907,21686.6196182294,20757.61622500929,21686.6196182294
15355,737155.0484386616,21662.030891039907,21686.6196182294,20757.61622500929,21686.6196182294
15423,737155.9457251813,21662.030891039907,21686.6196182294,20757.61622500929,21686.6196182294
15467,737156.6080006982,21704.379840010617,22038.323705779603,21704.379840010617,22038.323705779603
15746,737158.7275947654,21704.379840010617,22038.323705779603,21704.379840010617,22038.323705779603
15762,737158.8382085591,21897.89188320283,21802.07993787998,21897.89188320283,22179.640409109415
15899,737160.3594766629,27508.86810011736,27508.86810011736,27508.86810011736,22578.418161251757
15905,737160.5097988232,25521.563248482213,22683.514217293738,25521.563248482213,25550.07422928509
16036,737162.5794326169,25521.563248482213,22683.514217293738,25521.563248482213,25550.07422928509
17094,737170.009686664,25521.563248482213,22683.514217293738,25521.563248482213,25550.07422928509
17249,737172.9367888352,25521.563248482213,22683.514217293738,25521.563248482213,25550.07422928509
17307,737173.7655115551,25521.563248482213,22683.514217293738,25521.563248482213,25550.07422928509
17388,737175.1575386111,23052.793550002836,23052.793550002836,23052.793550002836,23052.793550002836
17396,737175.2097801078,25267.553139365053,25267.553139365053,20927.57392695149,21646.59949605721
17397,737175.2110852409,24784.224715502165,24784.224715502165,18710.257478535503,21048.097333458165
17398,737175.2165064529,24653.150772729878,24653.150772729878,18320.884664262012,18852.345797345683
17399,737175.216880082,22875.98803812039,22875.98803812039,17873.430382983865,16306.98989364002
17400,737175.2304385175,22875.98803812039,22875.98803812039,17873.430382983865,16306.98989364002
17401,737175.2328769147,22289.67017003054,22289.67017003054,15808.135047825148,15782.680169689027
17404,737175.238793773,22289.67017003054,22289.67017003054,15808.135047825148,15782.680169689027
17420,737175.3761705796,23302.08314416046,23302.08314416046,20959.802496359884,16302.29369145781
17421,737175.3909392811,22274.882890237623,24286.028095685015,13087.472954507408,17144.15904318174
17459,737175.9300263404,22274.882890237623,24286.028095685015,13087.472954507408,17144.15904318174
17461,737175.940609483,22274.882890237623,24286.028095685015,13087.472954507408,17144.15904318174
17472,737176.0237675118,22274.882890237623,24286.028095685015,13087.472954507408,17144.15904318174
17565,737177.5176847088,22303.16919791982,23180.72227221256,12449.987680256514,15254.380397979685
17573,737177.688953699,22303.16919791982,23180.72227221256,12449.987680256514,15254.380397979685
17588,737177.8934535219,22303.16919791982,23180.72227221256,12449.987680256514,15254.380397979685
17656,737179.0015312603,22303.16919791982,23180.72227221256,12449.987680256514,15254.380397979685
17658,737179.0456053846,21465.121565862308,22564.162499506565,14093.101910521546,14822.145171004877
17728,737180.1910132861,21465.121565862308,22564.162499506565,14093.101910521546,14822.145171004877
17729,737180.1935250778,23702.848240907948,23702.848240907948,23702.848240907948,23702.848240907948
17859,737183.1442050732,23953.917726473093,22809.864361465494,23953.917726473093,18363.969042851346
17884,737183.9455011445,20860.833981348347,22706.48610614586,20860.833981348347,17512.616719182497
17902,737184.7164425226,21613.403684192872,21837.362348337138,21613.403684192872,21837.362348337138
17916,737185.055739237,21613.403684192872,21837.362348337138,21613.403684192872,21837.362348337138
17923,737185.1165619921,19950.727080632412,21570.757563006937,19950.727080632412,19715.981568546656
17939,737185.7523723571,24205.583299809594,21918.59856501444,24205.583299809594,21918.59856501444
17953,737186.3349227612,22385.012885318887,21661.041066708098,18247.447392503454,19202.381588324442
17967,737186.891989172,18214.775731412257,20081.987063456854,16494.27623856837,17623.327585073195
17998,737187.6823558592,22226.342324049016,22226.342324049016,22226.342324049016,22226.342324049016
18000,737187.7251871196,22226.342324049016,22226.342324049016,22226.342324049016,22226.342324049016
18016,737188.2043829915,23114.984394401614,24398.652253784687,23114.984394401614,24398.652253784687
18041,737188.7833001076,23761.793847121375,23802.479741062434,23761.793847121375,23802.479741062434
18045,737188.889556369,18681.574263652372,19520.14774890675,18681.574263652372,19520.14774890675
18064,737189.1767361187,18681.574263652372,19520.14774890675,18681.574263652372,19520.14774890675
18223,737194.139013977,18681.574263652372,19520.14774890675,18681.574263652372,19520.14774890675
18244,737194.8227019515,28120.456012249837,28120.456012249837,28120.456012249837,25066.214011399727
18264,737195.3002237993,20413.888806101808,21569.601249107578,18403.755237717563,20251.979474348056
18276,737195.732465798,22776.193805490337,20371.06122800151,22776.193805490337,20371.06122800151
18356,737199.3843391237,17790.128897540737,21842.988037523766,17336.676794966137,17634.689428422807
18400,737201.4751457477,35755.446453861434,35755.446453861434,35755.446453861434,35755.446453861434
18410,737201.6185687712,22602.07091031932,24275.426406295253,22602.07091031932,24275.426406295253
18415,737202.085085928,22602.07091031932,24275.426406295253,22602.07091031932,24275.426406295253
18459,737204.406205429,22602.07091031932,24275.426406295253,22602.07091031932,24275.426406295253
18561,737209.7370143707,39008.96794483661,31529.60382972722,19707.04369017997,24249.924700422875
18593,737210.9348829385,36731.18294563313,36731.18294563313,19773.804699616907,24165.63782853892
18605,737211.4086953445,36731.18294563313,36731.18294563313,19773.804699616907,24165.63782853892
18608,737211.4828582052,36731.18294563313,36731.18294563313,19773.804699616907,24165.63782853892
18621,737212.0968787005,36731.18294563313,36731.18294563313,19773.804699616907,24165.63782853892
18629,737212.3646358656,34798.79789592713,34798.79789592713,31503.130103809024,19648.408545422124
18646,737213.1095670288,33097.330456522235,33097.330456522235,16502.78923800953,16798.71518559135
18648,737213.1272911779,33097.330456522235,33097.330456522235,16502.78923800953,16798.71518559135
18660,737213.3931565451,33531.90529312098,35039.73859610712,19868.690456688782,25874.542795539048
18674,737213.8117560421,32337.461992974582,34251.142654410425,19762.78332874904,24925.592934349515
18675,737213.9239283315,32337.461992974582,34251.142654410425,19762.78332874904,24925.592934349515
18676,737213.9265554604,31811.166911963348,33753.60528818461,19918.617421787418,22023.041052539287
18679,737213.9687467549,31811.166911963348,33753.60528818461,19918.617421787418,22023.041052539287
18686,737214.1483255052,31341.822439814445,33002.31996939683,19251.309984299278,25224.546923688034
18708,737215.2440231324,30326.261836603346,31353.99394911138,18328.578593448787,22951.36013876783
18745,737216.7163221767,30326.261836603346,31353.99394911138,18328.578593448787,22951.36013876783
18752,737216.9999992034,30326.261836603346,31353.99394911138,18328.578593448787,22951.36013876783
18786,737218.7492526202,36535.819452292075,36593.123091934445,36535.819452292075,28866.87282115841
18802,737219.8606928729,34876.37537256218,31367.6175029265,32621.505743750444,26057.946328090104
18812,737220.6704952389,35754.082118554965,35754.082118554965,29403.815316588018,29403.815316588018
18843,737222.0881774208,36625.01660684538,36557.914383673975,36625.01660684538,30739.943337265297
18880,737224.1734979097,36230.85111787405,35047.92443192769,36230.85111787405,35047.92443192769
18897,737225.0253987748,36230.85111787405,35047.92443192769,36230.85111787405,35047.92443192769
18899,737225.273485286,35391.08023199725,36601.286973243616,29807.3604395944,31798.79684562879
18902,737225.6544008395,35225.251940140624,34819.037583489284,35225.251940140624,34819.037583489284
18925,737227.9170108408,35225.251940140624,34819.037583489284,35225.251940140624,34819.037583489284
18940,737229.1137493947,35694.34858408049,36466.033658275264,35694.34858408049,36756.58614989065
18952,737229.7179349802,35694.34858408049,36466.033658275264,35694.34858408049,36756.58614989065
19014,737232.8731136196,32955.1259532461,32574.523739160923,32955.1259532461,33994.69929634088
19015,737232.8759406888,30926.49932442454,29652.147016724644,30926.49932442454,32079.54767991159
19090,737236.5912402234,34331.15153683792,34109.72849410537,35697.19434287754,37592.01456540205
19092,737236.7239000692,32981.33603554746,31466.349313886978,32981.33603554746,35749.131633492085
19101,737237.3723385999,36564.94390832318,33952.1864828974,36564.94390832318,34498.264370219564
19116,737238.2761719415,35086.28189215128,32177.39533864844,35690.86411012793,35446.39345714342
19163,737241.0144258344,35086.28189215128,32177.39533864844,35690.86411012793,35446.39345714342
19182,737242.0235248478,35086.28189215128,32177.39533864844,35690.86411012793,35446.39345714342
19302,737247.3391978063,34843.2823739234,34262.96842369132,33261.389483997256,30082.017874034813
19342,737248.9966769518,31613.553878548002,33319.83044433399,34235.05957946563,29920.13866706372
19430,737253.9865604037,34035.174525232556,34035.174525232556,34393.788493017695,31551.926258966818
19531,737259.493059796,32760.62652616055,35120.813040912566,32760.62652616055,33739.274304700266
19571,737260.407289176,33693.275501314405,36016.87192403754,33311.77524298294,34371.057903401925
19574,737260.5713919401,33975.770238720455,33975.770238720455,33975.770238720455,35081.22400752706
19637,737263.1475255367,31942.253930168587,34180.02643559374,31942.253930168587,30714.786603645876
19723,737266.268576215,34210.57256131924,31259.411121350993,29736.177070213133,34313.25199631916
19750,737267.097229406,27869.875673968723,27869.875673968723,33557.45624325898,27869.875673968723
19768,737267.8923447023,30126.472915064856,30126.472915064856,30126.472915064856,30126.472915064856
19843,737272.1495565054,35244.65433486487,32069.180571226618,35244.65433486487,33908.29127730866
19873,737274.9594785781,30319.171585258922,31797.465800562106,30319.171585258922,35230.674911039416
19878,737275.302055375,26043.731053023963,26927.230895699515,28982.20224790131,26927.230895699515
19934,737279.7342866713,34047.52371304761,31236.209432029096,35787.22118397413,33290.654773885195
20013,737284.5516442715,34994.52481010793,34994.52481010793,34994.52481010793,31543.617726520413
20029,737285.9580250883,35257.53165358489,32857.978340951864,35257.53165358489,32857.978340951864
20072,737287.040691235,34102.38566310125,34264.700120460206,29543.703087103822,29956.67020095666
20152,737289.170501476,31081.44826920314,32630.737486928334,28448.636477614556,28322.707567424794
20170,737289.9456997153,34436.102539760235,33231.233067109926,34436.102539760235,31470.708564773056
20203,737291.38818864,33377.8535350986,33377.8535350986,33377.8535350986,27049.572826463333
20241,737293.3136975565,33334.13320793914,33875.54075074323,33334.13320793914,28236.424445050787
20302,737295.8577626543,33334.13320793914,33875.54075074323,33334.13320793914,28236.424445050787
20307,737296.0466736527,33554.436358960826,33890.46602615219,31534.1855698291,28455.61667306356
20313,737296.1620443759,36558.168882582315,33555.410864244586,36558.168882582315,28172.249932555027
20352,737297.1592750677,34331.31151427629,33614.80814939369,29465.314157069482,32391.770982057118
20392,737299.1694895659,37651.96865071588,37651.96865071588,34733.95120381494,33567.58891938339
20471,737303.168450628,34544.02564033288,34544.02564033288,29874.738397071793,31538.13655316982
20482,737303.811754334,39593.684272129445,36883.52760301654,39593.684272129445,34943.22366078857
20523,737305.6852811493,33571.17235241233,32594.65785352652,31682.713184883272,32175.812932003388
20529,737306.3796577603,42319.64880614277,38467.583452196,42319.64880614277,38226.67420038057
20542,737307.0430835335,36147.8326035594,35957.82299083972,36147.8326035594,35957.82299083972
20611,737310.1490675475,36147.8326035594,35957.82299083972,36147.8326035594,35957.82299083972
20614,737310.4101989954,38574.5764731952,37346.15723190359,38574.5764731952,35370.182014311365
20616,737310.5202601544,35094.39150408971,33211.83351042283,32613.497743235657,32778.51483356555
20660,737313.7767871273,40681.72332911532,37087.67710055691,32609.95058188555,31327.459868223865
20667,737314.1089504156,36745.93133392719,33945.90826901901,31620.986463584264,28631.36901088086
20685,737314.9329499695,36745.93133392719,33945.90826901901,31620.986463584264,28631.36901088086
20687,737314.9474127552,34178.69293166285,30024.06055696256,30247.479299556286,26792.822092299863
20717,737316.6278935964,35360.968409263434,31912.138984940822,32918.39734810969,35224.88070369991
20720,737316.7878896577,37092.32777170849,31156.584040071473,32278.95939864227,25267.8494056793
20721,737316.9188519332,32571.16625962117,27692.7107542586,28252.13391076997,26640.090356774555
20751,737318.876437516,34307.66811131942,34307.66811131942,34307.66811131942,31996.16608169055
20811,737321.3921157506,35047.85964221102,35467.88803248326,31681.85673894474,22172.472367623363
20855,737323.0944487244,35047.85964221102,35467.88803248326,31681.85673894474,22172.472367623363
20874,737325.1433505899,35047.85964221102,35467.88803248326,31681.85673894474,22172.472367623363
20901,737326.6706743406,33778.94591620556,33904.265368121385,30832.111987535136,21753.842109077617
20947,737328.6804327728,36324.103657343454,35083.93520153614,34047.06135645226,27688.717555076742
20987,737330.4631476817,38799.313821556214,38799.313821556214,38799.313821556214,38799.313821556214
21006,737332.0126992192,37703.38890964575,38038.65504196984,28744.57877438706,23898.199137736872
21053,737333.7192538367,36100.550638998575,35736.0233102544,26838.550240128174,29556.517278677504
21071,737334.6211330097,37611.167412153445,37611.167412153445,37611.167412153445,37119.19205704578
21073,737334.6387499433,37054.70815265846,37054.70815265846,35007.07081510429,35746.19463340146
21083,737335.066056406,37154.41806624024,32539.71840687637,33045.247635343905,28953.834113209472
21091,737335.3783560963,33513.750383432416,31533.534712905228,26914.21596158328,27947.65041923833
21093,737335.4247369465,34631.118421991625,35153.22828008392,33114.72070574707,34189.81525110458
21108,737335.9032789867,33428.542458773816,33428.542458773816,33428.542458773816,36066.34165168467
21109,737335.9040886428,31393.66319585092,31393.66319585092,31393.66319585092,32704.154439509784
21162,737338.0538770999,32844.13486891394,28131.541980508824,32361.75141488783,26356.293061342003
21211,737340.9762379605,33263.67950859002,29587.134551700517,33263.67950859002,34544.573754908204
21266,737343.5081197914,26705.225540651114,28503.990540672057,30946.712881932042,25584.89964688189
21328,737346.8820564371,26705.225540651114,28503.990540672057,30946.712881932042,25584.89964688189
21342,737347.4674131724,31245.685529673596,32491.815188367833,29247.340513461913,27562.241268795904
21343,737347.4945388511,28923.04532438353,32521.231801115955,24497.20873958454,25962.227317804645
21370,737349.6525827919,34773.590374477004,30946.943496620534,34773.590374477004,23598.961219582667
21395,737350.7594354211,30332.142952652717,30332.142952652717,21912.37304712009,26372.004746807845
21412,737352.125027738,30754.556014908674,30754.556014908674,34733.312591253845,29787.952081728403
21416,737352.3358575216,36903.60064033601,28263.410444327095,26666.349470372883,23972.829134919622
21460,737355.467938636,33547.11348474642,30617.996658988774,33210.87776770385,22140.134209738946
21522,737360.0930035556,33547.11348474642,30617.996658988774,33210.87776770385,22140.134209738946
21525,737360.1760560671,32052.553532210168,32052.553532210168,30140.819475354852,30140.819475354852
21540,737360.7139453515,28830.92230205812,29233.625430488646,29637.927251450707,27211.039053033976
21564,737362.8044758133,28830.92230205812,29233.625430488646,29637.927251450707,27211.039053033976
21647,737366.7719573564,28830.92230205812,29233.625430488646,29637.927251450707,27211.039053033976
21711,737369.2351380317,31099.044437870903,30877.684232302752,28900.81853958267,28326.439884088166
21751,737370.6172157719,31824.148806837216,32917.425267273524,31824.148806837216,30770.471213475495
21800,737372.4943822838,32488.15106333604,32180.934540461276,30314.564787217863,29418.9643450062
21805,737372.6472185432,32488.15106333604,32180.934540461276,30314.564787217863,29418.9643450062
21808,737372.8356692186,32488.15106333604,32180.934540461276,30314.564787217863,29418.9643450062
21809,737372.8767866476,32856.762276686735,32856.762276686735,29883.912947170506,28505.582237414073
21827,737373.4642743127,32401.677579425115,30368.896957564724,28356.718088680947,30150.43120019231
21851,737374.6823007411,28754.248297216982,28754.248297216982,28526.696856642204,27535.558723196413
21857,737375.2339348608,28754.248297216982,28754.248297216982,28526.696856642204,27535.558723196413
21882,737376.5410203296,32016.489450648107,30823.104445737365,27911.544510380732,25901.60641366172
21921,737378.4554173789,32304.24008666501,30794.88285056085,27683.916390421487,26648.374330076767
22021,737385.0419739912,29578.742314722247,30328.0301783232,26203.056137813128,26711.337806079533
22023,737385.0709998744,29578.742314722247,30328.0301783232,26203.056137813128,26711.337806079533
22096,737392.7053789386,32317.487515468856,32317.487515468856,28098.99034786586,29578.957101753473
22097,737392.7066222137,32317.487515468856,32317.487515468856,28098.99034786586,29578.957101753473
22099,737392.959479093,31952.420814290355,31952.420814290355,27849.6926079679,29113.094435971267
22111,737394.7310105476,34200.30997679318,34200.30997679318,31317.64792475393,31317.64792475393
22150,737397.744891839,34200.30997679318,34200.30997679318,31317.64792475393,31317.64792475393
22162,737398.7979004729,32703.617374290025,32703.617374290025,26161.994190612542,29610.49350294375
22206,737401.5148459013,32703.617374290025,32703.617374290025,26161.994190612542,29610.49350294375
22220,737403.4604440226,32699.054301244414,32919.58683294398,28003.151245407404,30872.3629340025
22266,737407.0899637317,32699.054301244414,32919.58683294398,28003.151245407404,30872.3629340025
22274,737407.9388725585,36579.6525099741,36579.6525099741,36579.6525099741,36579.6525099741
22305,737410.1306204934,38828.568902826475,34651.91744049028,38828.568902826475,33004.9902106354
22321,737410.9358083443,40143.30602896892,35382.72730524479,40143.30602896892,35382.72730524479
22367,737413.0549299506,39765.59196266193,36349.11140687641,39765.59196266193,36349.11140687641
22443,737415.66406398,39765.59196266193,36349.11140687641,39765.59196266193,36349.11140687641
22479,737418.8080105062,38203.44444317854,38203.44444317854,34173.19493550895,32996.52099137035
22487,737419.8558654889,38037.31399937191,38037.31399937191,38037.31399937191,32390.770371928444
22696,737421.9734140788,38037.31399937191,38037.31399937191,38037.31399937191,32390.770371928444
22733,737423.4657748555,36726.12329519736,37869.15321282016,33587.71113589426,33455.728438175385
22751,737424.6219008099,38071.964697817224,36599.51292814277,33365.935495267906,31037.91849433784
22776,737426.0348896802,37358.67611983605,37358.67611983605,37358.67611983605,37358.67611983605
22909,737434.691400935,38326.58097357011,36114.007618207965,36884.466473401415,33429.5737941947
22947,737438.3549186557,37943.08248571293,37943.08248571293,37869.834298733724,37078.33544774845
22971,737439.28193225,35648.35258858947,35648.35258858947,35091.67902771969,35648.35258858947
22993,737440.3147716776,39519.19596664093,36855.93025393601,38586.43452869795,36839.73808645381
23081,737447.3858364178,36303.623170093764,36303.623170093764,36303.623170093764,34122.44648713343
23085,737447.5567506497,35335.70194291938,35335.70194291938,35335.70194291938,31971.306472114393
23091,737447.852828923,35255.826460610675,35255.826460610675,35255.826460610675,30131.582186785705
23095,737448.4705453824,35297.337123454396,35297.337123454396,35297.337123454396,29191.42740372778
23427,737448.9099072171,37707.36941922083,37707.36941922083,34112.626921663075,34112.626921663075
23544,737448.966811297,37020.35787277041,37020.35787277041,34030.392638160985,32235.726774958188
23545,737448.9677642543,36775.97027233577,36775.97027233577,31632.442950877332,30238.16018391337
23851,737449.1250633427,37167.67381671383,37167.67381671383,29648.198282389792,29648.198282389792
23914,737449.1586532273,25589.622196614993,35179.24255438103,25589.622196614993,28790.74221955535
24083,737449.2606463307,24567.913972336555,24567.913972336555,24567.913972336555,24567.913972336555
24254,737449.3797015887,33623.16567303159,34065.73954473982,28653.520783078722,30828.129517643236
24975,737449.8904903819,22959.99660976458,31222.670911476464,28972.91215736943,29016.74267315663
24984,737449.8955982208,24036.259469775072,37093.42115212121,24036.259469775072,36083.7086636887
24990,737449.9002938827,35181.062560033155,30453.31011208676,29397.33948815581,28247.381873766928
25143,737450.0094729994,22783.292661335283,34807.99192663984,22783.292661335283,32812.25970676325
25588,737450.3856575895,34137.96743585835,32078.405989966268,34137.96743585835,32078.405989966268
25817,737450.6506796472,22565.901153381066,34614.23070126848,35791.88488407873,34087.99642744255
26228,737451.0842481636,33681.231554801,25279.36782412722,33681.231554801,29072.765996794664
26344,737451.1933302416,37435.06037895938,26520.965561718564,29915.58484463534,21839.905520610155
26765,737451.7775344796,37435.06037895938,26520.965561718564,29915.58484463534,21839.905520610155
27501,737452.8855649699,23719.791618821895,25865.33971878087,26711.12155872434,21184.27967767246
28406,737454.6505298378,21328.097077975293,20777.58873471232,21328.097077975293,39572.31014201308
28418,737454.7298357759,19658.32387316198,20511.546614503568,21848.11561321014,25078.965854146983
28704,737456.0489081074,18676.882505180187,16237.651091129926,18676.882505180187,21339.406927413165
28901,737456.8829902593,19900.796143324846,15514.254744442125,19900.796143324846,20081.67398408554
28907,737456.9016180586,15250.043919128322,20029.552151221404,20497.64411621426,19649.996297048
28909,737456.9031693124,13384.520816076181,17261.527834460285,18486.276652359422,16881.971980286886
28965,737457.0209720262,21117.515708900122,20976.292374369892,21117.515708900122,20976.292374369892
28985,737457.0539895268,10801.826724337247,15132.420022887505,17036.93414679129,14752.864168714104
28991,737457.0766096093,34463.1775469038,27912.35792767553,32191.38502750729,29127.876106456573
29059,737457.3177774164,34463.1775469038,27912.35792767553,32191.38502750729,29127.876106456573
29180,737457.7364134925,18470.20703667993,20734.21574142562,18470.20703667993,20734.21574142562
29270,737457.9889410018,10622.498873990242,15340.939871756176,10622.498873990242,13092.921061682766
29276,737458.0018306184,18093.9837743346,20602.716638887163,18093.9837743346,20602.716638887163
29280,737458.0158836239,18093.9837743346,20602.716638887163,18093.9837743346,20602.716638887163
29296,737458.0517308748,9456.87730873588,12310.457350604773,9456.87730873588,12519.168162397324
29458,737458.5331109698,8998.675652565702,11860.053015713975,8998.675652565702,12080.273042892157
29552,737458.9184239502,31260.881850928115,24348.69355800578,31006.790851752452,24455.971232524185
29673,737459.3803237731,15051.761994432449,14765.149023532951,20299.362191518387,14836.795880321404
29830,737459.8902311432,14652.873626619627,15968.227542030867,19660.88732435089,15988.885383807865
30462,737464.9128682882,17255.588548541407,17560.57739444761,9751.241308798493,15973.520546533788
30506,737465.3159027634,20205.780742108625,24808.30133410376,26753.8281937704,19964.991657675597
30530,737465.6086161407,17561.97862670188,15172.579383517634,15543.850899834253,15444.967458720403
30546,737465.7240047298,18415.08565621391,14580.794657966,18151.81570412741,14967.034537814758
30549,737465.7488625178,13834.05520621178,11356.690531097454,10282.882783274727,14515.874426720049
30591,737466.026009349,10141.156461288707,10598.313817049815,9394.753355156303,14179.407473001911
30653,737466.3682510727,21060.468518916547,20258.825323856392,19077.08959918223,17696.702978339417
30862,737467.6614949093,15607.30501564858,11290.237450700168,8451.206434275373,12786.648573798786
30887,737467.7806650713,7449.83236584764,10816.012829277928,8192.274063991073,12443.495337813052
30893,737467.8084402819,14182.905749248395,11083.930649861417,10569.642365702031,14293.120377070976
31001,737468.5279686258,13013.86024696329,11077.617626826164,10186.061322938063,13965.934824031745
31017,737468.6479049508,13013.86024696329,11077.617626826164,10186.061322938063,13965.934824031745
31020,737468.6547082763,12460.119293325177,10638.799794340981,9685.05760297977,13626.953485872837
31023,737468.6969773911,11587.574840512209,10210.154254437419,9396.124585670022,13288.874509311947
31025,737468.7121814463,11587.574840512209,10210.154254437419,9396.124585670022,13288.874509311947
31042,737468.7639521438,9000.165259600775,9829.719748083156,9042.22233669021,12975.81942194331
31073,737468.9109636019,9000.165259600775,9829.719748083156,9042.22233669021,12975.81942194331
31075,737468.9245939517,26241.388181627004,26241.388181627004,26704.344037136278,22655.55951568187
31086,737468.9524330491,7826.4922462245995,9545.536047975673,8105.577246482979,12719.552117529629
31127,737469.1418717426,24332.461965623297,24332.461965623297,23027.10408083009,21063.992373671583
31173,737469.4146000601,6670.994664857632,9189.942968896215,6857.165078218225,12314.938177665981
31272,737470.1696701078,22617.88786154828,22617.88786154828,21190.415861994217,20556.8229565715
31303,737470.4061990438,7803.347568831015,8840.07893242735,7944.239076076342,12083.33126491289
31306,737470.4191831748,7449.294371143919,8526.306765204188,7663.646162792107,11804.400292353106
31406,737470.9877150751,9010.184129549276,8843.58449791614,7906.221917609239,10428.5322008301
31420,737471.0452050966,6349.582252656358,9149.222870942122,7232.492805947394,12065.954383537248
31513,737471.5884668172,7158.891928073364,8385.30850070493,7901.658752747079,11825.466520521515
31524,737471.6262033494,6665.9720679999,8175.8765813407745,7406.320357092111,11614.094442244534
31525,737471.6284978642,5807.64735173749,7999.105003500964,6710.6538298831965,11424.346851309685
31608,737472.0614496951,21485.837306561258,33124.24608531141,21164.528417221354,20480.840372136212
31625,737472.145804805,6265.491516032942,7911.852105467233,7153.077615173737,11238.286684677803
31789,737473.0968038554,6566.112210904036,8105.65685008976,7476.499187260125,11054.670828421189
31954,737473.9551704418,31452.711144259934,7641.160783020955,18494.357823570626,14584.493274530312
31955,737473.9610005646,30916.391929723464,7422.060555012285,18030.052636825178,14304.948956101109
31988,737474.0927609983,29750.383082215063,7201.392291692138,18061.423019882786,13428.944041748317
31993,737474.1122145884,5173.84443528359,8586.173990008883,6784.785387984362,11702.725504713346
31994,737474.1159638237,28813.068412447305,8417.121702343211,17822.170507142615,14492.768736032971
32004,737474.1633352838,28911.476701977215,8241.708408872693,17594.302204042786,14262.499553407453
32014,737474.1989672189,26805.35361692927,8050.831796384785,16717.315625754763,14024.679107443771
32070,737474.5607715201,24549.45887500392,7783.742503636109,15400.126542314989,13763.493603441828
32274,737476.0861863054,14667.30691911585,22314.974402994554,15091.82978026903,14881.04043053324
32277,737476.0964224946,14667.30691911585,22314.974402994554,15091.82978026903,14881.04043053324
32289,737476.1467068082,12721.302237913309,18938.548617319833,18576.990828036935,13951.193040241627
32340,737476.6199767744,16430.607477706784,11843.523584857563,39289.76358152222,19475.558993831688
32341,737476.6217570965,15563.373039618624,10764.787620918889,37127.84783094638,17978.555367898603
32468,737477.6927014043,5263.188519972132,8451.837825430062,7343.675035900237,10237.900429825304
32610,737478.588733191,10950.642955955087,10735.18709757524,15334.498163887229,13853.241499745613
32710,737479.4277849449,23080.28030694105,4910.997282551755,21528.723597475375,10333.701669620106
32732,737479.6725156151,9901.389586286323,9923.539379082586,15357.608866466846,10816.176619258325
32809,737480.39167297,13723.972392688043,9490.589432034532,14331.129649207265,14499.825359850216
32813,737480.5005119776,26763.185159184206,20672.232638943427,26763.185159184206,13121.290967681563
32851,737480.922193474,5206.2691323785575,10759.208741226033,6191.599207214947,10698.06867003907
32879,737480.993046227,23192.50910804795,7519.811750535191,23192.50910804795,9743.845692443987
32937,737481.3963647417,4508.817583901465,9733.747603221269,5893.978802690216,10337.284482855943
33037,737482.0796102517,4508.817583901465,9733.747603221269,5893.978802690216,10337.284482855943
33258,737484.0184417295,4508.817583901465,9733.747603221269,5893.978802690216,10337.284482855943
33277,737484.1766640086,10718.175446274123,12170.323301597766,11937.500075604183,11731.647008681197
33360,737484.9804290476,19901.241259117538,21190.804677077012,5931.465280346877,9510.682761337779
33394,737485.2633848165,11475.940516555385,13723.312723758247,10673.737773389536,14887.164546407419
33417,737485.546886248,19839.58007108231,15190.095696530809,7607.629995086397,11563.517868750998
33442,737485.9658330246,19839.58007108231,15190.095696530809,7607.629995086397,11563.517868750998
33479,737486.2882290691,19839.58007108231,15190.095696530809,7607.629995086397,11563.517868750998
33507,737486.4993002301,9298.844785243153,16661.10958805096,17197.62130786879,15559.42181617813
33581,737487.0534555581,16877.495462496183,18773.305829712448,6322.6401696562625,12150.838369702144
33586,737487.0881885194,16877.495462496183,18773.305829712448,6322.6401696562625,12150.838369702144
33590,737487.093266664,10794.329031434178,18963.44981743174,16782.863535678385,14244.307593497822
33591,737487.0942868647,10794.329031434178,18963.44981743174,16782.863535678385,14244.307593497822
33592,737487.0969588881,14387.996269982972,19788.990365112008,6232.70353977228,13002.054216743563
33594,737487.097959065,11794.074921853138,18990.40730940857,6121.24408421295,12786.41639520142
33595,737487.1043850329,11794.074921853138,18990.40730940857,6121.24408421295,12786.41639520142
33599,737487.1184232278,11794.074921853138,18990.40730940857,6121.24408421295,12786.41639520142
33601,737487.1328000248,9099.115450642239,19058.823999944314,5961.207343937227,13056.608364456653
33669,737487.7255160252,10862.609124404671,19019.744335218576,14637.405078749141,14309.220505225447
33820,737489.684065026,13212.136250086502,19649.422739629706,9275.649685381353,12649.838825728932
33821,737489.6926730435,11158.6045043669,19554.48755049039,8165.19052450314,12403.439813526606
33899,737490.3874193561,11158.6045043669,19554.48755049039,8165.19052450314,12403.439813526606
33902,737490.4372101768,25440.62886480377,23738.82689191654,3349.509106487359,13469.84889675118
33935,737490.7849219411,9205.901664070747,21867.00967088229,7260.316703186896,13049.307159119837
34019,737491.7257392437,13800.473687514614,16201.936404837501,5375.911383336958,10121.445925461183
34066,737492.1664175154,23244.285949558085,22190.727129487128,6634.1692256503775,12897.759907565853
34097,737492.5830604176,21065.035813212093,21065.035813212093,8940.870235200913,8962.30171971302
34098,737492.5902013927,19050.485896493396,19050.485896493396,8106.99855449971,8935.229625722124
34248,737494.0356339423,19050.485896493396,19050.485896493396,8106.99855449971,8935.229625722124
34303,737494.6721071841,29227.332500486187,26014.29913309092,21616.402747234155,21450.07201761992
34323,737494.9006360555,29227.332500486187,26014.29913309092,21616.402747234155,21450.07201761992
34332,737495.0084158102,24918.857620489794,24918.857620489794,5140.14507194319,9695.836936660933
34334,737495.0217845854,29583.914179907653,31521.852044120842,29583.914179907653,9505.348326160944
34341,737495.0933396711,29583.914179907653,31521.852044120842,29583.914179907653,9505.348326160944
34412,737495.8111199242,25139.10730099897,31127.026986583824,7654.195520013289,20800.210845475183
34445,737496.119272797,25139.10730099897,31127.026986583824,7654.195520013289,20800.210845475183
34497,737496.8519957215,27870.739281186823,23446.429751022362,6766.0526881691885,14263.54500066241
34529,737497.3634406988,29456.37758457026,25382.370119150008,5933.286244141494,14974.322902655664
34626,737499.1454796487,29456.37758457026,25382.370119150008,5933.286244141494,14974.322902655664
34633,737499.2215029917,29456.37758457026,25382.370119150008,5933.286244141494,14974.322902655664
34693,737499.8911321763,30432.31807972472,26710.92227099575,7905.595179172667,10084.541694265128
34702,737500.0367475691,30432.31807972472,26710.92227099575,7905.595179172667,10084.541694265128
34704,737500.0589729836,25311.876572758425,25657.969259001966,6365.562658900359,12969.164070791174
34705,737500.0599318631,25311.876572758425,25657.969259001966,6365.562658900359,12969.164070791174
34716,737500.145644673,23422.73404171071,23422.73404171071,6122.997713714264,11335.722950462949
34718,737500.1520263071,23422.73404171071,23422.73404171071,6122.997713714264,11335.722950462949
34719,737500.1544041539,23422.73404171071,23422.73404171071,6122.997713714264,11335.722950462949
34729,737500.2597297364,19502.172755382362,19684.295439437592,5896.285218715123,12078.480541205014
34731,737500.2898682338,19502.172755382362,19684.295439437592,5896.285218715123,12078.480541205014
34742,737500.4066632513,19502.172755382362,19684.295439437592,5896.285218715123,12078.480541205014
34745,737500.4407243531,19502.172755382362,19684.295439437592,5896.285218715123,12078.480541205014
34748,737500.4545794161,22994.0774812544,23761.257933703633,17948.31056575534,14938.37174937365
34755,737500.5722186784,22994.0774812544,23761.257933703633,17948.31056575534,14938.37174937365
34766,737500.7726103921,19457.01425771585,19146.439234351765,5808.273379034177,16918.23527305172
34772,737500.8588239239,19457.01425771585,19146.439234351765,5808.273379034177,16918.23527305172
34781,737500.9704877532,19457.01425771585,19146.439234351765,5808.273379034177,16918.23527305172
34822,737501.358166601,25458.560586394422,23061.38314159653,16269.101635045063,14379.671200987592
34855,737501.7255012285,25458.560586394422,23061.38314159653,16269.101635045063,14379.671200987592
34858,737501.7575749605,25458.560586394422,23061.38314159653,16269.101635045063,14379.671200987592
34860,737501.7673405105,17340.327622450164,17340.327622450164,6381.666096113353,10843.48368062981
34949,737502.9119655762,17340.327622450164,17340.327622450164,6381.666096113353,10843.48368062981
34966,737503.108594033,12516.548270699051,12516.548270699051,6232.039980346951,9520.675798707938
34976,737503.2131932287,12516.548270699051,12516.548270699051,6232.039980346951,9520.675798707938
34995,737503.4778012893,20524.866765710944,21651.193721977204,7076.6357589714435,19109.576878186723
34996,737503.4811992527,11164.450007714775,11164.450007714775,5930.207476352375,9076.61456545782
35005,737503.5592359569,11164.450007714775,11164.450007714775,5930.207476352375,9076.61456545782
35009,737503.5864606799,10954.619271000425,26785.217177981336,5824.4297126481215,23514.369172529405
35098,737503.971073374,10954.619271000425,26785.217177981336,5824.4297126481215,23514.369172529405
35119,737504.0507927894,9913.455254362556,10676.931983484157,6869.251401313955,11089.2400116434
35158,737504.3194428701,9913.455254362556,10676.931983484157,6869.251401313955,11089.2400116434
35160,737504.3315437216,9913.455254362556,10676.931983484157,6869.251401313955,11089.2400116434
35186,737504.5554673611,9913.455254362556,10676.931983484157,6869.251401313955,11089.2400116434
35214,737504.7333555336,9913.455254362556,10676.931983484157,6869.251401313955,11089.2400116434
35219,737504.769854786,8453.151058499247,8453.151058499247,6521.15681518035,9368.269838327582
35273,737505.1724691835,8342.81325852358,8342.81325852358,6243.0084727854955,8983.08130090138
35279,737505.2168946275,8342.81325852358,8342.81325852358,6243.0084727854955,8983.08130090138
35310,737505.5265930254,21516.546191846086,22030.509324493138,23333.840888347408,23076.235038012084
35319,737505.6137580759,9427.84864326566,9427.84864326566,6000.956824822021,8641.108805731808
35325,737505.6461591978,9427.84864326566,9427.84864326566,6000.956824822021,8641.108805731808
35333,737505.7056988203,9427.84864326566,9427.84864326566,6000.956824822021,8641.108805731808
35361,737505.9968070543,9427.84864326566,9427.84864326566,6000.956824822021,8641.108805731808
35365,737506.0389210037,9427.84864326566,9427.84864326566,6000.956824822021,8641.108805731808
35366,737506.047940177,9427.84864326566,9427.84864326566,6000.956824822021,8641.108805731808
35371,737506.0723192743,7791.784286190999,12800.695394071945,4705.739208804583,10450.663540889671
35391,737506.1974276656,21273.17463143724,22563.004179869113,18162.79959618764,15152.860779805955
35396,737506.2366483457,21273.17463143724,22563.004179869113,18162.79959618764,15152.860779805955
35397,737506.237129997,19927.42345962351,21215.439688832394,12517.280059560353,15104.052119313725
35419,737506.4184833351,9374.06462241188,9374.06462241188,5579.122099804352,8039.330775647401
35420,737506.4186801927,7813.938253387681,7813.938253387681,5385.694725836772,7764.946926612841
35421,737506.4192608359,7813.938253387681,7813.938253387681,5385.694725836772,7764.946926612841
35473,737506.9620992091,8553.158846505663,10249.605594306839,5220.3402490309145,10537.649045022472
35501,737507.2583637894,8553.158846505663,10249.605594306839,5220.3402490309145,10537.649045022472
35504,737507.2976554825,18371.202648516057,19788.455818698534,16557.770124587954,18259.950384909127
35520,737507.5474545171,18371.202648516057,19788.455818698534,16557.770124587954,18259.950384909127
35638,737508.9407682719,18371.202648516057,19788.455818698534,16557.770124587954,18259.950384909127
35639,737508.9416149743,7319.793395040263,13134.803819268165,5482.452416401725,19366.906082965597
35642,737508.9681493738,7319.793395040263,13134.803819268165,5482.452416401725,19366.906082965597
35658,737509.0746474204,7319.793395040263,13134.803819268165,5482.452416401725,19366.906082965597
35814,737510.644081276,6055.7523461658975,6055.7523461658975,5632.784050790192,5632.784050790192
35914,737512.0319900376,6055.7523461658975,6055.7523461658975,5632.784050790192,5632.784050790192
35939,737512.3636889628,7339.522043191535,11526.595473990477,4916.339114701899,17284.26967721065
35941,737512.3744660707,7339.522043191535,11526.595473990477,4916.339114701899,17284.26967721065
36071,737513.7296248599,7339.522043191535,11526.595473990477,4916.339114701899,17284.26967721065
36107,737514.0681705354,5447.66806525454,8449.252860606632,6037.947290326622,9148.171241765687
36116,737514.2914929539,5447.66806525454,8449.252860606632,6037.947290326622,9148.171241765687
36153,737514.9493374705,5447.66806525454,8449.252860606632,6037.947290326622,9148.171241765687
36209,737515.6344143575,5447.66806525454,8449.252860606632,6037.947290326622,9148.171241765687
36217,737515.7729382253,5447.66806525454,8449.252860606632,6037.947290326622,9148.171241765687
36235,737515.8326888988,14441.353523068095,14540.88808204137,4186.050134631052,6054.352863669301
36333,737517.1269884323,20213.82213771305,24971.578446879616,23998.45336412823,19218.526194879323
36482,737519.1976863996,20124.13371426097,25731.07183330182,23311.799496604635,21772.85358352341
36540,737519.8346811425,24939.688561332925,12969.71627614668,24091.764097466872,17433.53895710666
36547,737519.8880490585,24939.688561332925,12969.71627614668,24091.764097466872,17433.53895710666
36574,737520.2894102617,24939.688561332925,12969.71627614668,24091.764097466872,17433.53895710666
36576,737520.3161319398,12643.20794553744,13843.49529117,6602.828910475181,7249.622809858797
36628,737521.029293806,24521.508595742696,21649.562259207374,26209.466590912893,21397.14952568378
36723,737522.17861259,25386.09150786299,23609.32078237245,28561.535664250663,26363.9428765108
36774,737522.9700050872,25386.09150786299,23609.32078237245,28561.535664250663,26363.9428765108
36815,737523.4989369208,22581.684333882047,24944.06372149196,33773.61764172474,19484.61995638692
36916,737524.4319905393,22581.684333882047,24944.06372149196,33773.61764172474,19484.61995638692
36925,737524.55249945,19500.975098623057,23595.459217199503,21910.175633032308,27161.72619188351
36981,737525.0892819603,19546.841167203165,21950.70058066814,19546.841167203165,27514.0717431118
36983,737525.0950205297,19555.82960367401,20227.80043669229,19555.82960367401,25604.34445583899
37001,737525.2569665366,17865.196101678597,20233.097115588618,17865.196101678597,21668.529510246724
37029,737525.7360724263,17865.196101678597,20233.097115588618,17865.196101678597,21668.529510246724
37050,737526.012019052,17865.196101678597,20233.097115588618,17865.196101678597,21668.529510246724
37113,737526.8163325747,17865.196101678597,20233.097115588618,17865.196101678597,21668.529510246724
37126,737526.9959350262,17865.196101678597,20233.097115588618,17865.196101678597,21668.529510246724
37127,737527.0365838566,24058.247062027265,19021.126816324973,24058.247062027265,8524.639629918918
37128,737527.0375872393,24058.247062027265,19021.126816324973,24058.247062027265,8524.639629918918
37149,737527.3940725029,17843.611397466924,22096.12552261328,4534.362460967385,9497.823065498125
37157,737527.7349117039,23071.386199768767,22677.46405147277,23071.386199768767,18409.588091871177
37166,737528.0435223331,21355.17020061205,20218.359109447465,21355.17020061205,17880.527382834036
37248,737529.4555923148,21355.17020061205,20218.359109447465,21355.17020061205,17880.527382834036
37291,737529.9881474257,17141.153957724084,20538.586356433443,4441.442830464103,8314.093299201451
37294,737529.9944074792,17141.153957724084,20538.586356433443,4441.442830464103,8314.093299201451
37314,737530.1301016887,17105.21178053078,18812.01947412866,4419.287125090181,8295.482506687355
37317,737530.1567680313,17105.21178053078,18812.01947412866,4419.287125090181,8295.482506687355
37339,737530.3640690893,16561.200096151297,17263.041268349334,16561.200096151297,8677.592391553548
37379,737530.7102547078,16710.681040000523,18381.530334043444,5057.668284342702,8831.722680459474
37383,737530.779793011,14996.866311137748,15910.294915307813,4480.037511726314,8346.512831461707
37409,737531.290387095,14996.866311137748,15910.294915307813,4480.037511726314,8346.512831461707
37410,737531.3200629028,17009.998072574985,19574.178269579734,5349.08799562528,12608.942793069931
37424,737531.5237442116,17009.998072574985,19574.178269579734,5349.08799562528,12608.942793069931
37436,737531.7362185522,23143.176003442426,21081.700729041124,19484.007031270947,20484.90215628814
37452,737531.9753027157,23143.176003442426,21081.700729041124,19484.007031270947,20484.90215628814
37479,737532.4008368982,23143.176003442426,21081.700729041124,19484.007031270947,20484.90215628814
37481,737532.4224132319,23143.176003442426,21081.700729041124,19484.007031270947,20484.90215628814
37484,737532.4486921651,23143.176003442426,21081.700729041124,19484.007031270947,20484.90215628814
37487,737532.4823846939,23143.176003442426,21081.700729041124,19484.007031270947,20484.90215628814
37502,737532.6929335599,23143.176003442426,21081.700729041124,19484.007031270947,20484.90215628814
37623,737534.7292174222,23143.176003442426,21081.700729041124,19484.007031270947,20484.90215628814
37682,737535.4682073042,25329.888300243158,21286.961241826302,12819.477257359817,14731.481781457447
37805,737537.0258783862,25329.888300243158,21286.961241826302,12819.477257359817,14731.481781457447
38053,737541.0815166532,25329.888300243158,21286.961241826302,12819.477257359817,14731.481781457447
38210,737543.7319532427,25329.888300243158,21286.961241826302,12819.477257359817,14731.481781457447
38214,737543.7762397273,25329.888300243158,21286.961241826302,12819.477257359817,14731.481781457447
38249,737544.297060389,25329.888300243158,21286.961241826302,12819.477257359817,14731.481781457447
38271,737544.444876499,18939.985776810252,17000.213024107066,21151.539281163437,16375.927428818954
38282,737544.6094997696,18939.985776810252,17000.213024107066,21151.539281163437,16375.927428818954
38351,737545.9666174907,19117.45204389179,20054.071558477655,20184.261558070488,20005.899757170846
38379,737546.4454273488,19117.45204389179,20054.071558477655,20184.261558070488,20005.899757170846
38413,737546.9785516238,17092.915816272693,17092.915816272693,17561.66667781729,18506.77941560491
38437,737547.367090316,17092.915816272693,17092.915816272693,17561.66667781729,18506.77941560491
38450,737547.6120339562,15825.036638675843,15825.036638675843,17557.870749449805,17976.681236842986
38457,737547.7023469394,14445.056894126801,14445.056894126801,12861.355006866173,17365.77576098163
38497,737548.4053302034,22523.40838446233,22523.40838446233,18967.805074624666,22563.223353498903
38501,737548.5329693552,23596.114156117026,23596.114156117026,24170.183743994243,20499.9484382297
38509,737548.6320490724,23596.114156117026,23596.114156117026,24170.183743994243,20499.9484382297
38530,737548.9219108475,21876.331485433264,19048.839899191957,23259.94107559223,19018.66679419022
38541,737548.9455053012,20538.97014983703,16549.774039968812,19497.024556240507,18201.243059794004
38545,737548.9619106386,20538.97014983703,16549.774039968812,19497.024556240507,18201.243059794004
38548,737548.9716321346,20538.97014983703,16549.774039968812,19497.024556240507,18201.243059794004
38555,737549.0091196676,20538.97014983703,16549.774039968812,19497.024556240507,18201.243059794004
38574,737549.1526812043,18883.47943760443,15199.979068261217,19282.660475655288,17437.323719752243
38575,737549.1530043449,18883.47943760443,15199.979068261217,19282.660475655288,17437.323719752243
38619,737549.9553345905,18883.47943760443,15199.979068261217,19282.660475655288,17437.323719752243
38726,737552.1546873568,20608.887787455755,15257.363920946611,20608.887787455755,16315.618261706286
38731,737552.2261261971,20674.177327767902,15290.18304101871,20674.177327767902,15580.488200319814
38761,737552.8764685313,20674.177327767902,15290.18304101871,20674.177327767902,15580.488200319814
38775,737553.0499899192,20674.177327767902,15290.18304101871,20674.177327767902,15580.488200319814
38872,737554.8464954247,20674.177327767902,15290.18304101871,20674.177327767902,15580.488200319814
38884,737555.3677553522,21944.611704397892,19788.60509432002,22430.607261758327,21932.988194739723
38972,737556.880001605,23371.624177728678,18644.05334266246,18412.03873609049,19857.166631779888
39025,737558.0412705445,23371.624177728678,18644.05334266246,18412.03873609049,19857.166631779888
39063,737558.7355887296,23371.624177728678,18644.05334266246,18412.03873609049,19857.166631779888
39068,737558.8777774618,23371.624177728678,18644.05334266246,18412.03873609049,19857.166631779888
39103,737559.9100992074,23371.624177728678,18644.05334266246,18412.03873609049,19857.166631779888
39195,737561.6407444333,23371.624177728678,18644.05334266246,18412.03873609049,19857.166631779888
39206,737561.7982188456,23371.624177728678,18644.05334266246,18412.03873609049,19857.166631779888
39212,737561.9394371819,22169.391187172143,19073.68925926586,18149.294735186926,18562.15530012989
39236,737562.3847316845,26470.510180230656,19337.106553689588,26470.510180230656,19337.106553689588
39298,737563.8388569194,26470.510180230656,19337.106553689588,26470.510180230656,19337.106553689588
39308,737563.9358491885,26470.510180230656,19337.106553689588,26470.510180230656,19337.106553689588
39331,737564.6360661832,22756.942229900716,22756.942229900716,22756.942229900716,17971.894654458873
39338,737564.7203275441,23012.34981736104,23012.34981736104,19206.374308246955,17957.93167642885
39430,737566.6271000964,23012.34981736104,23012.34981736104,19206.374308246955,17957.93167642885
39454,737567.1055596201,27287.648707654764,21771.78589427306,18000.180030405292,18640.446917598583
39477,737567.6517006962,27287.648707654764,21771.78589427306,18000.180030405292,18640.446917598583
39480,737567.9112347655,22825.07933538194,22059.970103948206,19647.729024424763,15547.602706418465
39492,737568.1672814746,22825.07933538194,22059.970103948206,19647.729024424763,15547.602706418465
39543,737569.694542731,27624.014931134334,27624.014931134334,21379.13925974115,18760.64987474923
39617,737570.9549299481,20901.986956842808,22435.112468743104,19303.740810519208,18882.94094114728
39660,737571.5183814501,20901.986956842808,22435.112468743104,19303.740810519208,18882.94094114728
39670,737571.6452268185,19866.41305259958,19969.041019288987,19866.41305259958,19165.042713272862
39778,737574.1738566828,27521.520371290797,18488.265898636462,21781.234594053403,19942.905644715098
39812,737574.929826024,28502.558582284943,27738.4429503049,19658.90360699451,19461.151540104955
39816,737574.9595507921,28502.558582284943,27738.4429503049,19658.90360699451,19461.151540104955
39826,737575.1034821114,28502.558582284943,27738.4429503049,19658.90360699451,19461.151540104955
39854,737575.5760839138,27817.15155873967,26064.201270882197,19423.830173413684,18147.956370808406
39859,737575.6899996311,19157.176462458792,19543.111710273293,19157.176462458792,21315.79733596516
39888,737576.2032684799,26439.911522534654,25492.527538100563,26439.911522534654,19521.21530080671
39903,737576.5462125345,26439.911522534654,25492.527538100563,26439.911522534654,19521.21530080671
39917,737576.9152799695,26439.911522534654,25492.527538100563,26439.911522534654,19521.21530080671
39946,737577.2286457655,26439.911522534654,25492.527538100563,26439.911522534654,19521.21530080671
39971,737577.9078861298,35534.49988805474,27401.591972143277,20076.063700570052,25186.615994928074
40098,737579.1905672594,35534.49988805474,27401.591972143277,20076.063700570052,25186.615994928074
40149,737580.2079367057,25431.333514281396,24867.412854688733,16398.07904162706,20140.165302758345
40220,737581.5015437687,25431.333514281396,24867.412854688733,16398.07904162706,20140.165302758345
40461,737582.4229892176,28478.706893465373,29951.387786254385,28478.706893465373,24428.92447578379
40510,737582.8467530617,26659.650529691633,30591.955026327338,22174.61802568466,22461.1331544561
40512,737582.8497796125,26659.650529691633,30591.955026327338,22174.61802568466,22461.1331544561
40513,737582.8559630676,23315.523924046705,30562.28327463913,21939.039085947723,21639.744578117145
40546,737583.0384876479,23315.523924046705,30562.28327463913,21939.039085947723,21639.744578117145
40555,737583.0970301332,23315.523924046705,30562.28327463913,21939.039085947723,21639.744578117145
40559,737583.1187776652,38686.62272158156,38686.62272158156,38686.62272158156,22805.017316229492
40625,737584.0113397291,35907.94392169918,35907.94392169918,35907.94392169918,35907.94392169918
40876,737587.9012333466,27510.57591790896,29048.683553143335,27510.57591790896,26213.89971869661
40893,737588.1746932236,34052.11931004087,28655.83226800719,34052.11931004087,25498.998352262268
40934,737588.9304422359,34052.11931004087,28655.83226800719,34052.11931004087,25498.998352262268
40959,737589.5948086736,27936.672176364595,29436.445262725043,27936.672176364595,25399.066900023183
41075,737591.1168278947,37359.795022851766,37359.795022851766,37359.795022851766,25202.625934867712
41082,737591.2294704632,37960.26267242712,37161.78320665018,25052.67790096496,19848.682189629217
41108,737591.6940617322,37960.26267242712,37161.78320665018,25052.67790096496,19848.682189629217
41112,737591.7851430529,37960.26267242712,37161.78320665018,25052.67790096496,19848.682189629217
41257,737594.5492551766,35784.538420740035,33062.75075286878,31610.416609761218,29830.06033667776
41269,737594.8592991688,36508.278105233425,37029.70136245759,24273.096006627893,28728.355304066503
41302,737595.8955833033,35321.80556708841,32532.082834714613,30537.13173619632,27172.85232458108
41324,737596.3423510983,34862.22053020581,33431.62025713671,30272.084561680418,26500.29541698374
41325,737596.3430767738,33585.393696971805,32581.556102559945,28047.830873524723,22741.872051695806
41326,737596.3455251749,31848.5652843122,30719.576847241653,28047.86774079985,22243.834102865087
41342,737596.7487162405,31579.464234369698,29469.347845940913,25412.51984797554,21420.36778022157
41343,737596.7503310731,30340.766585116846,27722.509845534627,24361.85535598741,19548.378937156605
41381,737597.9036624485,31784.483277287076,35597.83451326218,29925.950367537793,24885.845833202155
41451,737599.4483108744,29969.176484909724,41600.330814630324,33685.898566688054,32523.328656019363
41594,737602.8366809302,29548.203805547495,29158.49396619327,30984.009446906963,29264.610769157076
41603,737603.1826717951,29548.203805547495,29158.49396619327,30984.009446906963,29264.610769157076
41607,737603.3924686078,28590.307435982995,35475.24752236497,33473.96330097727,30951.008093241075
41654,737605.1168641035,31177.486038641477,38909.403530719865,31177.486038641477,26292.601218045595
41804,737608.8829310585,29181.521289852786,26377.663400182395,26547.649863424933,29256.50385859143
41808,737608.9602886151,29890.144715363767,36496.79962786352,30852.78901476181,31546.982764943943
41851,737609.5971353196,28606.09345513304,28606.09345513304,34431.80738921238,31396.42535514893
41855,737609.8235600718,39436.15413702285,30149.849051016623,31498.345239511815,23806.246420749132
41880,737610.3196024053,37568.8987140296,35880.61383369705,32397.751336646277,34327.65490542753
41893,737611.5629689621,37568.8987140296,35880.61383369705,32397.751336646277,34327.65490542753
41914,737612.1507985204,26698.16714665279,29109.932360464867,31126.60707689116,30596.784414481284
41915,737612.2183562545,26698.16714665279,29109.932360464867,31126.60707689116,30596.784414481284
41929,737612.4721930008,24966.623025433186,27852.396328500257,27430.198403140537,30209.771317170227
41932,737612.5776982652,23705.43281029353,24675.04352555634,27039.531122654433,26626.198545402196
41937,737612.6558333662,23705.43281029353,24675.04352555634,27039.531122654433,26626.198545402196
41939,737612.6877185708,20499.952504188237,22795.340657341567,23427.83084772502,22875.617841014857
41983,737613.6994629623,29252.44630552,27953.871511091565,27702.88546536891,27953.871511091565
42027,737614.969742037,18631.904413877044,18358.658098023156,19688.90492124127,17721.663313694175
42029,737614.9739388741,18631.904413877044,18358.658098023156,19688.90492124127,17721.663313694175
42084,737616.0367161286,18631.904413877044,18358.658098023156,19688.90492124127,17721.663313694175
42096,737616.1793532145,18631.904413877044,18358.658098023156,19688.90492124127,17721.663313694175
42200,737618.1555439035,29242.275626642102,29242.275626642102,33546.22796073591,26218.425376143685
42227,737619.1022599422,31397.777577457455,31267.147694601223,34262.13391621074,31115.728799964094
42231,737619.2352412743,31397.777577457455,31267.147694601223,34262.13391621074,31115.728799964094
42324,737621.9059612708,31397.777577457455,31267.147694601223,34262.13391621074,31115.728799964094
42329,737621.9625883894,31397.777577457455,31267.147694601223,34262.13391621074,31115.728799964094
42333,737622.0620563193,31397.777577457455,31267.147694601223,34262.13391621074,31115.728799964094
42383,737623.1584196761,21159.6165388143,28138.918972747804,27851.31088064509,26909.75173493885
42410,737623.7708756452,29715.21987830809,23838.43659018304,29715.21987830809,25873.062446593558
42460,737624.6711335266,29715.21987830809,23838.43659018304,29715.21987830809,25873.062446593558
42546,737626.3203261236,19503.242323814593,24441.13528106058,19503.242323814593,18261.364685364835
42651,737628.9323301878,29460.61634749733,29544.89914398189,27856.538567480784,27372.796122206502
42672,737629.4818042265,29356.08204023153,27499.519625711513,29356.08204023153,28100.558903703877
42817,737632.6585579677,30919.90237798959,29771.971408508107,18263.90641311745,15141.701147082347
42819,737632.6876001318,30919.90237798959,29771.971408508107,18263.90641311745,15141.701147082347
42820,737632.7160664019,32959.47597449282,30022.862541195616,32959.47597449282,30022.862541195616
42832,737633.0399874724,32959.47597449282,30022.862541195616,32959.47597449282,30022.862541195616
42930,737635.2823396912,31164.143630085342,30605.103589157647,21307.611128132077,27382.120416200145
42972,737636.1101176722,31164.143630085342,30605.103589157647,21307.611128132077,27382.120416200145
43338,737641.9605406347,28917.17504220934,28917.17504220934,23196.70773676775,26707.615804570636
43369,737642.0480073609,28581.189688749757,28382.885903151076,26392.994065269027,24501.655693358032
43626,737644.9299403665,30255.745877050722,29326.915570948848,25836.19864368184,24676.284222666363
43669,737645.3998022128,29038.090518643443,28189.54460764297,25294.736768073697,28002.52523850439
43804,737648.5484691749,30523.273304414113,31850.520325349895,27111.73593897305,26627.429956825752
43829,737649.0349510015,30523.273304414113,31850.520325349895,27111.73593897305,26627.429956825752
43906,737650.485465017,28942.463727567567,30289.22247866687,28591.26935022352,25960.592994186143
43919,737650.6741111676,30798.9768079748,32973.670903035534,26105.163754200385,24725.284388875174
43920,737650.674660335,30849.48284993738,33052.30444815948,22601.096335777023,23455.939591089933
43921,737650.6747579388,30858.724891693404,31099.83879434029,21940.985659867292,22968.93919871879
43927,737650.8205952151,30858.724891693404,31099.83879434029,21940.985659867292,22968.93919871879
43931,737650.9473082396,30858.724891693404,31099.83879434029,21940.985659867292,22968.93919871879
43964,737651.92312452,29257.768906692716,33477.50221627664,26960.975993301392,27516.241348151765
43966,737652.0339910404,33016.628561673635,37424.31656747232,33016.628561673635,29151.664472240034
43967,737652.036539185,30770.928883446784,35554.67188800732,30770.928883446784,26930.002954648407
43971,737652.083233162,30398.159484199063,28562.587505966687,30398.159484199063,21492.50723175649
44029,737653.965757272,30398.159484199063,28562.587505966687,30398.159484199063,21492.50723175649
44035,737654.0950736286,30398.159484199063,28562.587505966687,30398.159484199063,21492.50723175649
44050,737654.5057028453,31067.861123682902,30328.374435764665,31067.861123682902,23241.767678921453
44105,737656.3714095422,28620.965212636635,24520.024837765846,28620.965212636635,28118.779465986405
44110,737656.4860829536,26958.097428890585,25273.845570278863,26958.097428890585,24346.588875812795
44127,737656.8557306546,26958.097428890585,25273.845570278863,26958.097428890585,24346.588875812795
44190,737658.5505696425,26958.097428890585,25273.845570278863,26958.097428890585,24346.588875812795
44212,737659.2745094447,26518.281933652557,23525.54963893479,25622.711399355587,26700.076856629516
44281,737661.5210842036,26518.281933652557,23525.54963893479,25622.711399355587,26700.076856629516
44304,737661.861161766,26518.281933652557,23525.54963893479,25622.711399355587,26700.076856629516
44379,737663.8322142172,26518.281933652557,23525.54963893479,25622.711399355587,26700.076856629516
44414,737664.7105666181,25089.234026200156,24987.190264371166,21342.513939745477,23387.16835126875
44601,737669.0137865806,25089.234026200156,24987.190264371166,21342.513939745477,23387.16835126875
44638,737669.9663936589,22428.160108871383,22428.160108871383,30451.576620621796,24437.83750291764
44658,737670.7099567583,22428.160108871383,22428.160108871383,30451.576620621796,24437.83750291764
44662,737670.8024973166,23535.390216712814,23040.900649351377,30709.2899246743,20832.0659134912
44796,737674.8412183254,23535.390216712814,23040.900649351377,30709.2899246743,20832.0659134912
44800,737674.929058367,23535.390216712814,23040.900649351377,30709.2899246743,20832.0659134912
44824,737675.4662144069,24642.98683128539,23100.870230908622,24642.98683128539,34148.70586196365
44827,737675.5735150516,23620.97118117077,23226.08764847347,23620.97118117077,23226.08764847347
44838,737676.0139058155,23243.581370814856,22248.079548481415,23243.581370814856,29564.384663208315
44847,737676.1887968733,23349.00623985851,22383.20140135547,23349.00623985851,19741.51066096328
44896,737676.8133747941,23349.00623985851,22383.20140135547,23349.00623985851,19741.51066096328
44927,737677.3650727277,23349.00623985851,22383.20140135547,23349.00623985851,19741.51066096328
44928,737677.3690175853,23349.00623985851,22383.20140135547,23349.00623985851,19741.51066096328
44931,737677.4052362012,23349.00623985851,22383.20140135547,23349.00623985851,19741.51066096328
44942,737677.7960753458,23349.00623985851,22383.20140135547,23349.00623985851,19741.51066096328
44958,737678.0367498775,23349.00623985851,22383.20140135547,23349.00623985851,19741.51066096328
44960,737678.0769158144,23349.00623985851,22383.20140135547,23349.00623985851,19741.51066096328
45055,737680.0770080416,23349.00623985851,22383.20140135547,23349.00623985851,19741.51066096328
45076,737680.6663374403,23349.00623985851,22383.20140135547,23349.00623985851,19741.51066096328
45086,737680.891438029,23349.00623985851,22383.20140135547,23349.00623985851,19741.51066096328
45103,737681.2108407202,23349.00623985851,22383.20140135547,23349.00623985851,19741.51066096328
45106,737681.259293775,23349.00623985851,22383.20140135547,23349.00623985851,19741.51066096328
45146,737682.1951745116,21958.715608819508,22799.890134652018,21958.715608819508,22799.890134652018
45199,737683.5948988828,21958.715608819508,22799.890134652018,21958.715608819508,22799.890134652018
45216,737683.9919707908,21071.641915608234,20828.400192199046,21071.641915608234,20828.400192199046
45224,737684.1625192682,21071.641915608234,20828.400192199046,21071.641915608234,20828.400192199046
45271,737685.0253844768,21071.641915608234,20828.400192199046,21071.641915608234,20828.400192199046
45306,737685.8358888357,21949.053216042375,21949.053216042375,22510.12823960331,21949.053216042375
45454,737686.9182896225,17984.22178874418,22200.691444756452,18394.926063421844,22200.691444756452
45636,737688.8060289917,22173.724465198073,21612.778477363827,22579.340555736748,24604.14887703145
45689,737689.1632377442,20324.228755666834,23284.273744387894,22694.555119166344,24011.173485790758
45700,737689.3443426488,20903.910939018195,22318.862457897783,22306.79015622223,21087.15345025621
45761,737690.1272398726,20903.910939018195,22318.862457897783,22306.79015622223,21087.15345025621
45841,737691.2862977933,20903.910939018195,22318.862457897783,22306.79015622223,21087.15345025621
46189,737698.5396794651,19641.074333923654,19641.074333923654,21824.16981149671,21149.27800641967
46195,737698.6627589348,20466.664449327465,20089.25275742496,20466.664449327465,21187.65558422168
46198,737698.765816506,17535.5942609138,18227.009388861243,15458.538716638057,18227.009388861243
46239,737699.2973669061,17535.5942609138,18227.009388861243,15458.538716638057,18227.009388861243
46289,737700.2220908646,21073.31595008429,21073.31595008429,21073.31595008429,23410.717155665963
46399,737703.0330513832,21990.467383582592,20914.038284393446,22201.504456365277,22293.21137499672
46409,737703.2566899487,19315.595776189282,19788.637844623525,22177.19436004674,17832.038158027764
46463,737704.5993371478,17834.95030604169,17834.95030604169,17834.95030604169,17834.95030604169
46515,737705.7147775013,17834.95030604169,17834.95030604169,17834.95030604169,17834.95030604169
46518,737705.7681897391,21893.268066727313,21893.268066727313,18752.30693556697,20505.43501555718
46533,737706.0735082777,21893.268066727313,21893.268066727313,18752.30693556697,20505.43501555718
46539,737706.1518410118,18068.925064166928,18068.925064166928,18068.925064166928,18008.25132098406
46580,737706.9784673417,18068.925064166928,18068.925064166928,18068.925064166928,18008.25132098406
46608,737707.7074511496,18068.925064166928,18068.925064166928,18068.925064166928,18008.25132098406
46722,737710.4392159975,28279.19522146285,18491.84463767343,28279.19522146285,18491.84463767343
46747,737711.0453175692,28279.19522146285,18491.84463767343,28279.19522146285,18491.84463767343
46795,737711.9849315718,20120.79728110553,24074.65820619703,18266.39145111947,23343.396323045752
46831,737713.1246856166,20120.79728110553,24074.65820619703,18266.39145111947,23343.396323045752
46876,737714.1158217099,20120.79728110553,24074.65820619703,18266.39145111947,23343.396323045752
46905,737714.7872385288,20120.79728110553,24074.65820619703,18266.39145111947,23343.396323045752
46951,737715.5951473555,24331.090902337524,25458.046083198715,24331.090902337524,17851.211508173263
47015,737717.2397810515,28256.291362928372,28256.291362928372,28256.291362928372,20833.099924661277
47073,737718.5610029249,36666.41873686217,26831.17681417104,19487.73220757907,22985.94954154493
47086,737718.885109471,28950.62302012586,25638.915590427398,19923.34158601747,20873.33876678465
47143,737720.00290132,29028.607121909234,24784.97280608608,21601.44800929679,20887.179060048755
47203,737720.9868636904,27022.948593952908,28324.884020857324,18077.941241685487,22168.8613616405
47262,737721.9196061789,27022.948593952908,28324.884020857324,18077.941241685487,22168.8613616405
47302,737723.0661797185,27022.948593952908,28324.884020857324,18077.941241685487,22168.8613616405
47303,737723.0820113252,35034.49480828394,30384.740244178713,24737.64956855775,22703.914373850905
47384,737724.8777562857,35034.49480828394,30384.740244178713,24737.64956855775,22703.914373850905
47385,737724.8798057485,37734.51894897925,28052.194009644212,37734.51894897925,24398.542869658744
47406,737725.255991983,38659.31893468695,30749.825270175083,22100.3247113249,23700.19084742132
47445,737725.7900618213,37616.48366666267,34594.55814263863,37616.48366666267,23439.498321234743
47526,737727.7048838767,37616.48366666267,34594.55814263863,37616.48366666267,23439.498321234743
47569,737728.9964029314,33385.582651908735,33538.19191530511,26206.6758910626,23998.906287090183
47590,737730.0139061062,33385.582651908735,33538.19191530511,26206.6758910626,23998.906287090183
47592,737730.0382488184,32513.15489280442,32435.5486376927,26157.540222649117,23751.909748582842
47594,737730.0940385704,37224.27567982418,35913.496584165994,22042.93148848067,29234.514960183988
47610,737730.6302378875,34615.10026121572,37997.12640992774,23400.365896151034,29180.17434077284
47653,737731.9059309105,34615.10026121572,37997.12640992774,23400.365896151034,29180.17434077284
47664,737732.1531516504,35139.2112031608,35139.2112031608,23961.63500469867,23376.912289277894
47766,737734.5832981324,35139.2112031608,35139.2112031608,23961.63500469867,23376.912289277894
47775,737734.7402341238,35139.2112031608,35139.2112031608,23961.63500469867,23376.912289277894
47808,737735.2802338048,36960.58699962933,34021.032224911294,36960.58699962933,26354.23171266478
47855,737735.857838381,36960.58699962933,34021.032224911294,36960.58699962933,26354.23171266478
47877,737736.2608693014,36960.58699962933,34021.032224911294,36960.58699962933,26354.23171266478
47897,737736.7911704376,36960.58699962933,34021.032224911294,36960.58699962933,26354.23171266478
47928,737737.6502101087,36960.58699962933,34021.032224911294,36960.58699962933,26354.23171266478
47942,737737.9234662656,36960.58699962933,34021.032224911294,36960.58699962933,26354.23171266478
47944,737737.9346291386,36960.58699962933,34021.032224911294,36960.58699962933,26354.23171266478
48047,737740.0999303901,33179.94438335853,33179.94438335853,35701.43837436652,36382.97017734999
48054,737740.3310269282,37532.740097014634,32769.847061129374,35949.50308830138,26182.126627463087
48081,737741.0406794145,37532.740097014634,32769.847061129374,35949.50308830138,26182.126627463087
48122,737742.2164480678,35291.81362498569,31495.616048021762,35577.69312566275,36532.57820194052
48201,737744.2327024831,41214.73583207597,32966.936760826575,41214.73583207597,35909.3616010952
48327,737747.682868354,41214.73583207597,32966.936760826575,41214.73583207597,35909.3616010952
48390,737749.2907684424,38043.03533830268,36065.51441997804,38043.03533830268,39300.81672023673
48430,737750.4346592263,36220.252048110815,37556.95478094548,35275.45717750118,34610.26237762401
48461,737751.7939094105,36220.252048110815,37556.95478094548,35275.45717750118,34610.26237762401
48472,737752.0000628089,39657.738962930795,33971.37233137392,35566.03318567001,34728.66366419559
48501,737752.9582800069,39042.005670916966,29458.938398866234,30899.256852754446,33610.170414252076
48509,737753.2581065838,40730.077512812626,35445.475665917875,34258.54029073883,32399.064183392096
48666,737756.4337921265,40730.077512812626,35445.475665917875,34258.54029073883,32399.064183392096
48783,737758.0157997039,40730.077512812626,35445.475665917875,34258.54029073883,32399.064183392096
48789,737758.0996401436,40730.077512812626,35445.475665917875,34258.54029073883,32399.064183392096
48795,737758.2955774913,40730.077512812626,35445.475665917875,34258.54029073883,32399.064183392096
48825,737758.8727015399,38196.72529120046,35071.92114694977,38196.72529120046,28741.810199981162
48839,737759.1783994127,38196.72529120046,35071.92114694977,38196.72529120046,28741.810199981162
48845,737759.3334899254,42779.222907506504,37328.80532049623,36150.5467672957,29893.666788497063
48847,737759.3546901218,43658.624818960554,37287.764052224054,33447.97110187629,32319.29164985021
48890,737760.3757877848,36109.17225064676,38613.11245256665,36109.17225064676,32379.51326981005
48898,737760.4416328449,34619.99556415986,36656.14623573952,34619.99556415986,26881.55751298695
48925,737761.1148112747,35669.44080769646,34670.34725698915,35669.44080769646,21652.170537413225
49056,737764.5369835985,43039.606823671784,42421.01471024315,35105.60430615451,31947.181099194422
49080,737765.1372183827,43039.606823671784,42421.01471024315,35105.60430615451,31947.181099194422
49086,737765.4343565659,43039.606823671784,42421.01471024315,35105.60430615451,31947.181099194422
49089,737765.4961590897,46236.069168446564,43033.03876195499,34985.785261830606,37840.463695508406
49090,737765.5053547603,45522.83738616173,36018.30803047406,45522.83738616173,32508.580399740695
49092,737765.5204363465,44565.3511870374,41362.32078054581,34096.693818948355,37100.2813084534
49093,737765.5454020032,42564.486532098206,39361.45612560662,33291.56011191882,36680.95933452517
49095,737765.5745517259,40063.75972282478,33944.00139436414,32788.70184025616,31103.56938630844
49096,737765.5823555588,40063.75972282478,33944.00139436414,32788.70184025616,31103.56938630844
49114,737766.0174458709,36971.726196764146,31901.89108274612,29422.169812909713,29578.37581631038
49123,737766.1527990677,33832.048126711605,29438.366983445332,33832.048126711605,28159.247893310145
49160,737766.936454825,30367.066906178316,43436.4780762881,30367.066906178316,29433.293246495152
49167,737767.0506931262,30367.066906178316,43436.4780762881,30367.066906178316,29433.293246495152
49168,737767.051028075,30367.066906178316,43436.4780762881,30367.066906178316,29433.293246495152
49170,737767.1796083886,40389.2018085886,30850.82848748031,40389.2018085886,31324.25108494566
49201,737767.8794509955,43527.62658333368,26618.406619649755,34883.244470570215,28889.569586081547
49213,737768.0522400353,36942.17581773389,30920.273575338022,36942.17581773389,27496.631716776326
49286,737769.6820839479,42268.61670210091,44470.73520471177,35011.833617667704,32831.5829535414
49301,737769.897497552,42268.61670210091,44470.73520471177,35011.833617667704,32831.5829535414
49346,737770.7327614467,41413.77260897285,44177.36165100267,41413.77260897285,35611.71498708798
49352,737770.8922781972,40766.372481191705,43102.5813288394,40766.372481191705,34798.174636601216
49400,737772.3943086393,40766.372481191705,43102.5813288394,40766.372481191705,34798.174636601216
49404,737772.5031699005,42642.19848534367,33476.27470817941,37127.7567783183,30882.282867582933
49414,737772.8364594524,42642.19848534367,33476.27470817941,37127.7567783183,30882.282867582933
49431,737773.5251346309,28936.110400882346,45656.1140719387,28936.110400882346,38973.943641395366
49507,737776.0789165907,28936.110400882346,45656.1140719387,28936.110400882346,38973.943641395366
49522,737776.6039912004,28936.110400882346,45656.1140719387,28936.110400882346,38973.943641395366
49580,737777.7772249703,28936.110400882346,45656.1140719387,28936.110400882346,38973.943641395366
49582,737777.7970365284,28936.110400882346,45656.1140719387,28936.110400882346,38973.943641395366
49614,737778.2412210112,26129.17971795728,30939.271807059456,26129.17971795728,30939.271807059456
49679,737780.0172816933,26129.17971795728,30939.271807059456,26129.17971795728,30939.271807059456
49683,737780.1721532564,26166.092711090834,25957.537180655312,26166.092711090834,42658.6696704927
49725,737781.0207758519,26166.092711090834,25957.537180655312,26166.092711090834,42658.6696704927
49780,737782.1478078371,26166.092711090834,25957.537180655312,26166.092711090834,42658.6696704927
49799,737783.0303289838,29504.713038807644,27462.43869801575,38678.5163238831,26444.18168734707
49820,737783.81312191,29504.713038807644,27462.43869801575,38678.5163238831,26444.18168734707
49823,737783.8601230186,29504.713038807644,27462.43869801575,38678.5163238831,26444.18168734707
49873,737784.9764894567,29504.713038807644,27462.43869801575,38678.5163238831,26444.18168734707
49928,737785.8329124356,29548.724147711102,25183.404972651973,33147.44480840048,26427.24344262343
50335,737788.7926017034,29548.724147711102,25183.404972651973,33147.44480840048,26427.24344262343
50341,737788.8681616988,29954.19689307753,27017.44732890638,36379.11468149243,24214.279503514223
50541,737791.1573583476,29954.19689307753,27017.44732890638,36379.11468149243,24214.279503514223
50605,737792.2216662947,29623.885714828735,26684.797162113657,26185.542266178287,23179.74700161104
50633,737792.655202757,29623.885714828735,26684.797162113657,26185.542266178287,23179.74700161104
50648,737792.87918249,29623.885714828735,26684.797162113657,26185.542266178287,23179.74700161104
50662,737793.0650176817,32183.17572131383,30345.070407219606,25055.938098962644,25044.489731639045
50665,737793.0733256174,32183.17572131383,30345.070407219606,25055.938098962644,25044.489731639045
50680,737793.2700717405,31579.05116912306,29759.01816280026,22334.38915254206,21467.29214521972
50687,737793.348511671,31579.05116912306,29759.01816280026,22334.38915254206,21467.29214521972
50796,737794.803683312,31579.05116912306,29759.01816280026,22334.38915254206,21467.29214521972
50799,737794.9192684164,28127.496400119362,30345.81048472882,27639.69107546977,30003.06240907899
50861,737795.6398543301,29690.9043561739,33176.93597202024,29690.9043561739,21970.27647122457
50865,737795.6876251809,29690.9043561739,33176.93597202024,29690.9043561739,21970.27647122457
50869,737795.7159760024,29690.9043561739,33176.93597202024,29690.9043561739,21970.27647122457
50870,737795.7170451385,29690.9043561739,33176.93597202024,29690.9043561739,21970.27647122457
50874,737795.7546656344,29107.735746462702,32538.492344564973,29107.735746462702,18993.05134832941
50877,737795.7636072034,29107.735746462702,32538.492344564973,29107.735746462702,18993.05134832941
50879,737795.7695255828,29107.735746462702,32538.492344564973,29107.735746462702,18993.05134832941
50880,737795.7764818135,29107.735746462702,32538.492344564973,29107.735746462702,18993.05134832941
50887,737795.8552179011,29107.735746462702,32538.492344564973,29107.735746462702,18993.05134832941
50888,737795.8561576216,29107.735746462702,32538.492344564973,29107.735746462702,18993.05134832941
50896,737795.8987469522,29107.735746462702,32538.492344564973,29107.735746462702,18993.05134832941
50898,737795.9134038732,29061.87895612759,30258.416239745296,29061.87895612759,18165.450766404992
50905,737795.988167876,28446.454856522123,28032.219180210188,28446.454856522123,16511.48810892511
50906,737795.9897270107,28458.718517476995,27297.496782032824,28458.718517476995,15451.160087561084
50907,737795.9937870236,28458.718517476995,27297.496782032824,28458.718517476995,15451.160087561084
50911,737796.027587094,28458.718517476995,27297.496782032824,28458.718517476995,15451.160087561084
50933,737796.3471374974,28458.718517476995,27297.496782032824,28458.718517476995,15451.160087561084
50938,737796.4172805367,28458.718517476995,27297.496782032824,28458.718517476995,15451.160087561084
51016,737797.5355730753,28458.718517476995,27297.496782032824,28458.718517476995,15451.160087561084
51022,737797.5917607743,28458.718517476995,27297.496782032824,28458.718517476995,15451.160087561084
51089,737798.5926491377,32790.913842330054,32790.913842330054,20876.333103607227,21732.75986616455
51147,737799.6747320147,32790.913842330054,32790.913842330054,20876.333103607227,21732.75986616455
51154,737799.8250489559,28098.978299879727,32103.682459217136,23413.344276832566,19791.831221290086
51160,737800.0129800467,28098.978299879727,32103.682459217136,23413.344276832566,19791.831221290086
51167,737800.1455974776,28167.072119162094,25828.467381074744,28167.072119162094,24839.373744571873
51202,737800.8924690884,32595.536985655664,32190.501738801104,19080.81245888411,21892.6665836193
51213,737801.165957481,32595.536985655664,32190.501738801104,19080.81245888411,21892.6665836193
51263,737802.1784225823,32595.536985655664,32190.501738801104,19080.81245888411,21892.6665836193
51265,737802.2292426825,31992.969332921308,29661.80741730217,19989.715565993767,24446.86769723153
51296,737802.6927184693,31992.969332921308,29661.80741730217,19989.715565993767,24446.86769723153
51298,737802.7074230708,29706.638367898566,29426.472464116112,29706.638367898566,31435.700109957546
51299,737802.7366405334,29706.638367898566,29426.472464116112,29706.638367898566,31435.700109957546
51300,737802.7469111951,29706.638367898566,29426.472464116112,29706.638367898566,31435.700109957546
51301,737802.7695567932,29706.638367898566,29426.472464116112,29706.638367898566,31435.700109957546
51303,737802.7738724996,29706.638367898566,29426.472464116112,29706.638367898566,31435.700109957546
51307,737802.8811540839,29706.638367898566,29426.472464116112,29706.638367898566,31435.700109957546
51397,737805.7310978405,32012.17926101228,26406.587133217403,32012.17926101228,29834.10608076056
51413,737806.1397552766,28701.28309155474,26903.686728005727,28701.28309155474,26903.686728005727
51458,737807.3018545103,27698.747921664653,27499.91311517023,27698.747921664653,29229.60495928015
51474,737807.5136983256,23092.570667418815,20650.411787026685,30849.83531796817,20650.411787026685
51492,737808.0845175928,27801.331897133674,22155.25430719597,27801.331897133674,22694.87862794439
51526,737809.2158767619,25913.59370012559,28952.067060543348,25913.59370012559,29690.950374178687
51537,737809.6289041797,25913.59370012559,28952.067060543348,25913.59370012559,29690.950374178687
51539,737809.6488043186,25913.59370012559,28952.067060543348,25913.59370012559,29690.950374178687
51554,737810.1697009229,25913.59370012559,28952.067060543348,25913.59370012559,29690.950374178687
51650,737812.3073804805,18492.926138194616,20091.458923160582,27262.45797704689,21910.986641671225
51670,737812.6472817144,21497.250251781985,22422.6107389232,28764.188627127434,19803.796748074343
51689,737813.14360758,21497.250251781985,22422.6107389232,28764.188627127434,19803.796748074343
51698,737813.3922875372,21497.250251781985,22422.6107389232,28764.188627127434,19803.796748074343
51699,737813.4118791252,21497.250251781985,22422.6107389232,28764.188627127434,19803.796748074343
51837,737816.5979558257,21505.008330445784,22852.37872047682,25042.014598536534,21427.56743199972
51864,737817.222494294,21505.008330445784,22852.37872047682,25042.014598536534,21427.56743199972
51881,737818.0710864944,21269.98759986675,22372.050515962215,29860.245965686914,20947.239227485115
51893,737818.435462367,21269.98759986675,22372.050515962215,29860.245965686914,20947.239227485115
51909,737819.0544256889,21269.98759986675,22372.050515962215,29860.245965686914,20947.239227485115
51925,737819.5404766386,19653.7684514711,22682.142003493853,26489.12832675583,21338.907691652377
51940,737819.7188176848,19653.7684514711,22682.142003493853,26489.12832675583,21338.907691652377
51946,737819.8342836769,19653.7684514711,22682.142003493853,26489.12832675583,21338.907691652377
51949,737819.9545177668,23058.716162395962,20864.93400735895,19468.56115694962,14413.159406348606
51950,737819.9951263125,23058.716162395962,20864.93400735895,19468.56115694962,14413.159406348606
51954,737820.1347774273,22922.375978179403,19652.84568113758,19332.220972733066,14232.87975596843
51956,737820.2012688582,19351.37437154678,25065.574298983385,23110.40582264401,18980.531234389724
51960,737820.2962117614,18456.41301072663,22026.240592868493,20030.096550023547,18293.564499458465
51962,737820.3416403374,18456.41301072663,22026.240592868493,20030.096550023547,18293.564499458465
51965,737820.3859481318,15932.975883617311,20434.006213196375,19327.80277372633,19779.2966121311
51967,737820.3925265002,15930.906011875579,17657.030412995482,15357.510528681907,19000.630765231006
51968,737820.455890265,15948.714099166651,15672.221209166783,13082.31780459707,17647.444548703686
51969,737820.4580352018,15948.714099166651,15672.221209166783,13082.31780459707,17647.444548703686
51971,737820.4792686561,15948.714099166651,15672.221209166783,13082.31780459707,17647.444548703686
51972,737820.4848271225,15948.714099166651,15672.221209166783,13082.31780459707,17647.444548703686
51974,737820.4966775338,16885.10679168961,14882.901123747186,12788.414439705555,15934.686180080203
51975,737820.4983834218,15976.314308221496,14099.321666235077,11879.62195623744,16481.60880786915
51977,737820.4994295301,12279.697921134531,13326.907715661644,7752.36128451563,15007.08540993163
51979,737820.506354834,11385.941904544408,12717.677213205938,8906.436930692551,14586.940326798778
51980,737820.508910578,11385.941904544408,12717.677213205938,8906.436930692551,14586.940326798778
51982,737820.5180342722,11385.941904544408,12717.677213205938,8906.436930692551,14586.940326798778
51983,737820.5400960514,11385.941904544408,12717.677213205938,8906.436930692551,14586.940326798778
51984,737820.5483458866,11385.941904544408,12717.677213205938,8906.436930692551,14586.940326798778
51986,737820.5502663208,8613.270724943708,12130.856309292914,8501.103659280165,14169.513794570357
51987,737820.5508141384,6604.708138801397,11599.68872231306,8134.924829119071,13777.389668889378
51988,737820.5542300654,5853.308097809143,11154.029589232476,7563.843938754982,14607.844917514902
51991,737820.5636660141,5043.453337447628,10704.168941419746,7528.135372658588,13799.571609835666
51992,737820.6426569541,4215.7484020595175,10287.162752085416,6960.039787599919,13424.000570897493
51993,737820.6510815794,4215.7484020595175,10287.162752085416,6960.039787599919,13424.000570897493
51994,737820.6551199942,4215.7484020595175,10287.162752085416,6960.039787599919,13424.000570897493
51995,737820.6599046553,4028.6321444860905,9909.711232797168,6977.987938556098,13421.352604954754
51997,737820.7287509717,3860.4468175878574,9561.082678975908,6461.966093562009,13415.440998440707
51998,737820.7306621128,3860.4468175878574,9561.082678975908,6461.966093562009,13415.440998440707
52000,737820.7676512277,3135.0863226370907,8535.911705303504,6243.984259786603,12141.784270790033
52004,737820.9468430361,3135.0863226370907,8535.911705303504,6243.984259786603,12141.784270790033
52010,737821.4952480757,3752.051688107301,8314.511789732993,5349.862785914844,11620.9021310368
52012,737821.8237233122,3752.051688107301,8314.511789732993,5349.862785914844,11620.9021310368
52044,737822.8560349473,3752.051688107301,8314.511789732993,5349.862785914844,11620.9021310368
52057,737823.0268675784,3752.051688107301,8314.511789732993,5349.862785914844,11620.9021310368
52061,737823.0880814968,3752.051688107301,8314.511789732993,5349.862785914844,11620.9021310368
52062,737823.0929362415,3752.051688107301,8314.511789732993,5349.862785914844,11620.9021310368
52063,737823.0973873755,3752.051688107301,8314.511789732993,5349.862785914844,11620.9021310368
52102,737824.162745609,1789.2824187906456,5633.743253935924,5776.19929421972,12196.699674054335
52139,737825.1192173291,1789.2824187906456,5633.743253935924,5776.19929421972,12196.699674054335
52245,737827.8201768433,1789.2824187906456,5633.743253935924,5776.19929421972,12196.699674054335
52246,737827.8555774199,1789.2824187906456,5633.743253935924,5776.19929421972,12196.699674054335
52252,737828.0014360605,1773.2257633104157,3526.120231875961,4812.44812920507,9921.021758460482
52267,737828.4224612064,2003.0869758806878,3667.47676869799,5773.2003737430005,9843.697755594703
52270,737828.5169729828,1933.819524342179,3539.5225906310084,5597.957398427306,9593.618028841065
52290,737828.8823885939,1933.819524342179,3539.5225906310084,5597.957398427306,9593.618028841065
52310,737829.0481212458,1933.819524342179,3539.5225906310084,5597.957398427306,9593.618028841065
52341,737829.6181021363,1933.819524342179,3539.5225906310084,5597.957398427306,9593.618028841065
52344,737829.6941239662,1863.7267275227443,3415.1513688986124,5428.693092346963,8787.284341742738
52345,737829.6943967413,1799.7969275047924,3300.379960261376,5270.294875216933,8567.13735675077
52359,737830.0306907925,1799.7969275047924,3300.379960261376,5270.294875216933,8567.13735675077
52380,737830.5672707404,2074.615277865167,3504.5010784328765,4253.939496467496,8431.59083308402
52402,737831.150534284,2074.615277865167,3504.5010784328765,4253.939496467496,8431.59083308402
52412,737831.3759938126,2074.615277865167,3504.5010784328765,4253.939496467496,8431.59083308402
52414,737831.4492473272,2074.615277865167,3504.5010784328765,4253.939496467496,8431.59083308402
52416,737831.4861250024,3331.9159258103923,25054.16115538115,3331.9159258103923,21517.780267319828
52427,737832.0730277484,3268.4827175619284,25056.361914351244,3268.4827175619284,20514.817500545523
52429,737832.1199913383,3268.4827175619284,25056.361914351244,3268.4827175619284,20514.817500545523
52433,737832.2634615891,3268.4827175619284,25056.361914351244,3268.4827175619284,20514.817500545523
52526,737834.681973667,22722.890341034232,22722.890341034232,22722.890341034232,20010.338134807604
52589,737836.2842404993,22722.890341034232,22722.890341034232,22722.890341034232,20010.338134807604
52608,737836.8257764863,22722.890341034232,22722.890341034232,22722.890341034232,20010.338134807604
52609,737836.9138706113,22722.890341034232,22722.890341034232,22722.890341034232,20010.338134807604
52637,737837.5444657248,2068.7908848809534,4799.4388764225905,2970.0808680619534,7427.39390513929
52641,737837.691286344,2068.7908848809534,4799.4388764225905,2970.0808680619534,7427.39390513929
52643,737837.7182163002,2068.7908848809534,4799.4388764225905,2970.0808680619534,7427.39390513929
52662,737838.1281527496,2480.2598465282776,2480.2598465282776,3991.8836866468546,5405.802923846041
52694,737839.7127924019,6749.356597069608,9565.332556211602,21251.134955102258,25961.23477082879
52725,737840.5883564472,2837.011715588598,6353.012783861057,2990.272435433892,6803.570115580147
52734,737840.9403655893,2837.011715588598,6353.012783861057,2990.272435433892,6803.570115580147
52759,737841.6541563832,3313.7971062707256,10367.892932578347,4589.0726822395245,8717.85880129658
52771,737841.9526953417,3313.7971062707256,10367.892932578347,4589.0726822395245,8717.85880129658
52773,737842.0602400696,3313.7971062707256,10367.892932578347,4589.0726822395245,8717.85880129658
52800,737843.1296497538,3313.7971062707256,10367.892932578347,4589.0726822395245,8717.85880129658
52802,737843.1311534346,3313.7971062707256,10367.892932578347,4589.0726822395245,8717.85880129658
52867,737844.9347334674,3313.7971062707256,10367.892932578347,4589.0726822395245,8717.85880129658
52930,737847.0257068493,3313.7971062707256,10367.892932578347,4589.0726822395245,8717.85880129658
52940,737847.3822451147,3313.7971062707256,10367.892932578347,4589.0726822395245,8717.85880129658
53040,737849.8405680385,3313.7971062707256,10367.892932578347,4589.0726822395245,8717.85880129658
53041,737849.8408615531,14149.934913887813,14149.934913887813,21621.876842007718,7278.15171693626
53042,737849.8452929454,14151.175546770297,14151.175546770297,18855.830613636383,7079.391734214321
53043,737849.8540412139,14151.175546770297,14151.175546770297,18855.830613636383,7079.391734214321
53047,737849.981036704,14132.246960263985,14132.246960263985,16835.249292876702,7034.8581340590845
53048,737849.981575319,14132.246960263985,14132.246960263985,16835.249292876702,7034.8581340590845
53080,737850.9181060196,14131.353918599269,14131.353918599269,14131.353918599269,10938.596642042756
53121,737851.8292635761,14131.353918599269,14131.353918599269,14131.353918599269,10938.596642042756
53131,737852.1063056873,14131.353918599269,14131.353918599269,14131.353918599269,10938.596642042756
53134,737852.1727922574,14131.353918599269,14131.353918599269,14131.353918599269,10938.596642042756
53157,737852.7181628515,14131.353918599269,14131.353918599269,14131.353918599269,10938.596642042756
53197,737854.3498935332,15667.252630099581,15667.252630099581,15667.252630099581,15667.252630099581
53212,737854.7060114898,15667.252630099581,15667.252630099581,15667.252630099581,15667.252630099581
53244,737855.7005612074,14427.837104421933,14427.837104421933,3435.8831842810714,11307.571896720488
53246,737855.762944586,18575.017584739162,18575.017584739162,18575.017584739162,13509.170655889611
53290,737857.4202581117,15423.673646756053,19008.259604297647,15423.673646756053,13453.66645717765
53291,737857.423987833,15104.765603701951,19051.37966906304,15104.765603701951,12931.917108231428
53333,737858.4604594762,15185.533773922967,19139.469745173556,15185.533773922967,10701.58138132769
53350,737858.9412837899,20981.51813849842,15578.95375149642,3628.5168500519662,5891.509034265255
53351,737858.9427851171,19237.609038607672,15238.843706082964,3636.557554990646,5892.639887314989
53353,737858.9906763049,19237.609038607672,15238.843706082964,3636.557554990646,5892.639887314989
53450,737862.1966738221,19237.609038607672,15238.843706082964,3636.557554990646,5892.639887314989
53486,737863.0328713168,19237.609038607672,15238.843706082964,3636.557554990646,5892.639887314989
53496,737863.2249219721,19237.609038607672,15238.843706082964,3636.557554990646,5892.639887314989
53498,737863.2666364147,19237.609038607672,15238.843706082964,3636.557554990646,5892.639887314989
53510,737863.5759524126,15278.989942962291,18757.22103087716,15278.989942962291,16476.652070090786
53518,737863.7500224166,15278.989942962291,18757.22103087716,15278.989942962291,16476.652070090786
53520,737863.7904312814,15278.989942962291,18757.22103087716,15278.989942962291,16476.652070090786
53556,737864.6843786337,15278.989942962291,18757.22103087716,15278.989942962291,16476.652070090786
53562,737864.8655569683,15278.989942962291,18757.22103087716,15278.989942962291,16476.652070090786
53618,737866.1890754063,17820.577661707193,17467.996502984526,17820.577661707193,17467.996502984526
53621,737866.3387039349,19497.73076217416,20270.845113031264,10581.06341259409,14824.174125376237
53622,737866.34322757,17887.277697317873,15765.859500454375,17887.277697317873,15765.859500454375
53627,737866.4013494969,17770.30193236187,15876.26804219387,17770.30193236187,15876.26804219387
53629,737866.408662845,17809.109828486176,12510.328555974962,17809.109828486176,12510.328555974962
53631,737866.4191256983,14431.253307929728,11078.014063355344,14431.253307929728,11078.014063355344
53652,737867.571373599,19081.819298014827,22462.95518806054,11780.016617324198,17196.746821422083
53665,737867.9375642895,19827.671451469945,17757.00666781274,9465.12057048821,12852.745110519354
53676,737868.546614196,19181.374291153286,20134.438941050656,15536.839003617357,18424.532392744353
53688,737868.8013206827,19181.374291153286,20134.438941050656,15536.839003617357,18424.532392744353
53725,737870.0356335866,19181.374291153286,20134.438941050656,15536.839003617357,18424.532392744353
53728,737870.0876870444,19181.374291153286,20134.438941050656,15536.839003617357,18424.532392744353
53771,737871.0580895112,13546.723614388695,15202.31377867101,11519.820030320636,14911.85060172398
53775,737871.1345068153,13546.723614388695,15202.31377867101,11519.820030320636,14911.85060172398
53817,737872.2786497145,19236.836713604014,19236.836713604014,19236.836713604014,17118.904225495713
53819,737872.3088758539,15729.183848462506,17686.097913892372,15729.183848462506,18529.01042454855
53820,737872.3453471921,17352.479785301166,19351.125575254613,17352.479785301166,20194.03808591079
53841,737873.3045415854,15100.98825174121,17381.795753373124,15100.98825174121,18452.922153079224
53858,737874.1821134276,14161.819485594138,16958.613841817823,14161.819485594138,18480.209396789924
53864,737874.4363993293,24164.368087821687,14873.268931094388,24164.368087821687,19400.369317540008
53866,737874.6515233412,24164.368087821687,14873.268931094388,24164.368087821687,19400.369317540008
53887,737875.2669927389,24164.368087821687,14873.268931094388,24164.368087821687,19400.369317540008
53896,737875.5485778128,24164.368087821687,14873.268931094388,24164.368087821687,19400.369317540008
53904,737875.7597353245,24164.368087821687,14873.268931094388,24164.368087821687,19400.369317540008
53911,737876.0133016871,24164.368087821687,14873.268931094388,24164.368087821687,19400.369317540008
53912,737876.0753653271,24164.368087821687,14873.268931094388,24164.368087821687,19400.369317540008
53913,737876.088252573,20046.410570777516,22939.342204553734,16429.620312431878,18887.42361203158
53914,737876.1013383311,20046.410570777516,22939.342204553734,16429.620312431878,18887.42361203158
53938,737877.1959240624,20046.410570777516,22939.342204553734,16429.620312431878,18887.42361203158
53950,737877.3391542437,20046.410570777516,22939.342204553734,16429.620312431878,18887.42361203158
53959,737877.4756349949,20046.410570777516,22939.342204553734,16429.620312431878,18887.42361203158
53963,737877.6182088838,20046.410570777516,22939.342204553734,16429.620312431878,18887.42361203158
54015,737878.5559612772,20046.410570777516,22939.342204553734,16429.620312431878,18887.42361203158
54026,737878.9321033815,20046.410570777516,22939.342204553734,16429.620312431878,18887.42361203158
54038,737879.1897266548,15914.68673101172,19640.723652981582,14758.145359154505,14494.235582598378
54040,737879.2252025768,12896.932864510181,18053.16992183151,10122.10740463035,13850.336769928314
54041,737879.2338825657,16188.72704616019,16151.881350513137,11291.674939811572,13250.9605654514
54058,737879.4887138935,12256.926209270754,14742.431199345849,9495.026909858861,12682.462618698753
54065,737879.5957722141,18726.4883541312,22393.224291710558,15318.835146400674,17382.103665507046
54094,737880.5664305177,18257.222736899483,22811.045999477083,16590.2314320724,20065.327615225186
54100,737880.8776983478,18257.222736899483,22811.045999477083,16590.2314320724,20065.327615225186
54136,737882.058842561,16698.96212883357,16947.193879799033,8228.79226380645,14129.213111287723
54137,737882.0591990587,16639.214949596193,14658.838885443156,7773.372091591464,13547.07632243372
54138,737882.1734194797,14408.62580774785,14724.084957849363,6356.871339238353,13059.182232552688
54142,737882.2657950559,14432.888465757855,12491.064502657659,7887.026076573231,12579.172274921024
54147,737882.3652019494,12154.341616310247,11662.535035690977,6326.233886374105,12102.81687207402
54149,737882.3847739362,18148.040303192167,22555.576929934537,14627.422441549299,18380.068761984432
54168,737882.9843109853,18148.040303192167,22555.576929934537,14627.422441549299,18380.068761984432
54169,737883.0025940203,18148.040303192167,22555.576929934537,14627.422441549299,18380.068761984432
54170,737883.0455311871,18148.040303192167,22555.576929934537,14627.422441549299,18380.068761984432
54171,737883.0675768695,18148.040303192167,22555.576929934537,14627.422441549299,18380.068761984432
54172,737883.0701505007,18911.67124667231,17575.349491712142,15597.048321537186,17221.914679917776
54182,737883.3708192188,11353.361771099972,13166.268363721503,6174.167062314904,13407.455787815346
54183,737883.3729513785,9365.160040520292,13148.928476910964,4265.938694593629,12963.481593055547
54186,737883.3971272504,9365.160040520292,13148.928476910964,4265.938694593629,12963.481593055547
54191,737883.5430072151,16940.512957420655,22694.807006320727,16940.512957420655,22694.807006320727
54198,737883.7591196052,16940.512957420655,22694.807006320727,16940.512957420655,22694.807006320727
54203,737883.988183291,10540.60759778878,15715.619711480545,5191.239368943807,17608.737225477573
54204,737884.0077490616,10540.60759778878,15715.619711480545,5191.239368943807,17608.737225477573
54205,737884.0116878542,10540.60759778878,15715.619711480545,5191.239368943807,17608.737225477573
54208,737884.0873727121,10540.60759778878,15715.619711480545,5191.239368943807,17608.737225477573
54218,737884.2457196721,8324.629494491624,11663.153038847497,3780.432694621785,12785.685786761394
54237,737884.6594671924,8324.629494491624,11663.153038847497,3780.432694621785,12785.685786761394
54240,737884.720869733,8341.261133351103,10482.708294511316,3650.294216266267,11636.947722278366
54259,737885.3419357435,22229.027158052213,20159.419509346684,14068.274937404905,22546.452864977928
54274,737885.7462473914,8370.354984048354,9239.140796575586,3292.8149328782356,10805.752910591169
54284,737885.9094147674,5891.187736472714,7630.3340065446655,2986.148691395248,10558.441425524243
54303,737886.3325182439,7805.166632597851,8483.570991136403,3191.8108651082425,11560.920819498553
54355,737886.9867273552,6777.530895086556,7576.033026986767,3199.8816912087514,10148.386317086562
54363,737887.0854949744,4164.12297665907,7268.148644748869,2976.758662767042,9882.564984230807
54364,737887.08734342,2124.2720116170376,6968.172912130223,3043.81290324204,9619.31119974246
54429,737888.3070901269,2081.532448811484,6720.403687929169,3095.2039223313564,9854.980251145222
54442,737888.417390763,2019.27587628106,6472.642885335145,2990.1494265293663,9595.527798988862
54454,737888.8298969114,2059.526568369682,6329.928814010969,2964.94965046808,11050.113579631685
54455,737888.8400498731,2059.526568369682,6329.928814010969,2964.94965046808,11050.113579631685
54457,737888.867767931,2100.28810207469,6201.740853609965,3046.2569818346847,9438.55941930062
54462,737888.9575510388,2100.28810207469,6201.740853609965,3046.2569818346847,9438.55941930062
54463,737888.9805585138,2049.7418476740118,6004.905192233982,2958.921581047989,9207.441002467047
54465,737888.9817043004,1989.5376348638413,5809.895597062045,2872.6971148469806,8979.472463650012
54467,737889.000628683,2061.74841923275,5742.899818834232,2922.3880014098318,10174.392118104655
54480,737889.4802965333,2061.74841923275,5742.899818834232,2922.3880014098318,10174.392118104655
54484,737889.5654925304,22237.850308726473,24688.46362277573,17128.20787137507,21245.256644265402
54494,737889.7421541996,2113.763363435699,5667.008221963503,2917.855989839409,8713.828088996708
54510,737890.0752498226,2075.3928430215155,5517.730175830441,2769.5584412953285,8526.64664272456
54521,737890.3538381926,2139.41419674969,5468.1764859963205,2850.057640420407,9299.223611918143
54527,737890.7768785486,2181.485140391245,5405.551213875108,2818.0567581749024,8300.60620834516
54534,737891.1191760218,2181.485140391245,5405.551213875108,2818.0567581749024,8300.60620834516
54551,737891.7014779265,2154.438917139044,5286.065949336812,2861.9866086733764,8142.47998132761
54556,737891.9279831336,2153.8737257877983,5196.074144895737,2762.7565401524,8009.010488273646
54560,737892.0358132707,2153.8737257877983,5196.074144895737,2762.7565401524,8009.010488273646
54578,737892.3977238463,20600.75551196895,9902.491151797982,17123.789437681546,13563.123660315652
54611,737893.3991047442,2150.674809657408,5979.651143490105,2841.074680588099,8506.16955766164
54631,737893.6805444749,17593.863168461994,17754.162279915483,17593.863168461994,20371.808082392905
54637,737893.8961971576,17593.863168461994,17754.162279915483,17593.863168461994,20371.808082392905
54645,737894.1934053929,2174.8940944712713,6001.252127243009,2468.3274501175365,8204.79945643012
54693,737895.1079185526,16409.86653073011,8127.3850357257,16409.86653073011,10563.539925315958
54698,737895.2119682013,18878.15728633371,18851.979819088818,17508.220522968077,19240.978204623214
54715,737895.920805621,2294.534289641319,6059.38546500495,2347.52098282144,8648.504515565352
54758,737896.7550711872,2294.534289641319,6059.38546500495,2347.52098282144,8648.504515565352
54760,737896.7825785489,2294.534289641319,6059.38546500495,2347.52098282144,8648.504515565352
54793,737897.6765943726,2294.534289641319,6059.38546500495,2347.52098282144,8648.504515565352
54798,737897.8280698735,2294.534289641319,6059.38546500495,2347.52098282144,8648.504515565352
54812,737898.6809577491,2294.534289641319,6059.38546500495,2347.52098282144,8648.504515565352
54822,737898.9881218834,2294.534289641319,6059.38546500495,2347.52098282144,8648.504515565352
54848,737899.9985779527,2294.534289641319,6059.38546500495,2347.52098282144,8648.504515565352
54851,737900.0620602984,1991.3359073689849,4944.991000948771,2025.4456693738418,6255.964754133956
54853,737900.0838532234,1952.7360609924624,4791.332938539179,2001.1849791458192,6136.140909635701
54878,737900.906145252,1955.9433022869157,4794.283600530075,1974.984775148885,6018.941730400013
54879,737900.9118065827,1900.7725526841696,4743.526510895549,1998.875814275699,5950.312499507156
54895,737901.5076129484,1900.7725526841696,4743.526510895549,1998.875814275699,5950.312499507156
54905,737901.7919290396,1900.7725526841696,4743.526510895549,1998.875814275699,5950.312499507156
54914,737902.1455671685,2432.61378375909,5614.666806174303,1807.4386109003121,4797.583643277794
54919,737902.2314019781,2853.7549554290736,5860.836874985366,2477.0610497619564,6290.620281457266
54921,737902.2736848299,2837.748227160158,5720.868960757347,2477.6454755655514,6499.849463188412
54922,737902.2999669908,2878.634496011548,5643.159498756738,2507.88935777896,6159.339006068527
54971,737904.0528729699,2878.634496011548,5643.159498756738,2507.88935777896,6159.339006068527
54972,737904.0929286822,8195.865827002994,11220.232221793345,20056.758872799724,11707.754032111869
54973,737904.1599115718,10075.027110096784,10197.551051954426,18123.342556594092,8760.817787985217
54988,737904.5054525769,7615.735882741813,10671.431281033882,4402.027264888596,9768.903334927776
54998,737904.8388693556,10941.576680324264,11458.003715678995,4149.33364211359,9922.029745983193
55034,737905.9909869198,5214.956490385735,11582.650461262683,3394.690959349845,7543.332095121557
55035,737905.9973413263,5208.454384567667,11049.310377264312,3341.9496364125134,7420.600922643293
55042,737906.1785467737,5208.454384567667,11049.310377264312,3341.9496364125134,7420.600922643293
55057,737906.4663384226,16478.51686346131,18261.72325612799,17419.331301481237,18821.51904444597
55086,737907.5530718643,6817.355125281318,10514.474974422501,3284.127371828838,7295.980559256981
55118,737908.7399979439,16820.011709489172,15461.701899514603,5898.744777162335,10422.247082187507
55132,737909.1122304467,11370.819360777574,11270.181706458576,2880.0366401716838,7669.335818372479
55145,737909.8473723951,9832.81380229645,10440.301774137693,5251.777239354726,7762.65101384401
55146,737909.8501202377,9650.57758819644,9952.510536138321,4068.4547530591294,7631.573717553384
55148,737909.8538141762,8448.436585000823,9504.71387739206,5070.006714607816,7502.795662733629
55154,737910.0122164882,20744.372507679334,13871.224899695499,15902.850952266326,13508.875724699554
55156,737910.0679548597,6607.136934243528,11088.667452761087,3933.3232945901586,8212.177569098618
55169,737910.3455225931,16835.696085241914,13529.58502586909,17103.609534916523,12389.261021014438
55196,737911.2609122926,15838.405087887595,13540.659953386148,14047.722173663053,11981.129316967565
55214,737911.8332592405,15838.405087887595,13540.659953386148,14047.722173663053,11981.129316967565
55226,737912.214201089,4902.949377059595,11770.67096587597,3418.0847386876067,8668.18793478391
55264,737913.4958052939,6396.909113939978,11349.270718357866,4090.4110664916443,7975.624571786998
55276,737913.6852036872,4728.22320825275,10940.171652436497,3348.7728861862097,7838.5881648552095
55360,737916.017351519,4728.22320825275,10940.171652436497,3348.7728861862097,7838.5881648552095
55361,737916.0212684663,11264.316679140156,12540.089071332122,6561.455171102835,15596.917869068804
55374,737916.1689606372,11255.099814622472,11275.01127139573,6532.992164896199,15575.374128536925
55375,737916.1982424441,17572.710137168582,7346.3400354659625,17572.710137168582,5135.63803958009
55403,737917.1993081932,17572.710137168582,7346.3400354659625,17572.710137168582,5135.63803958009
55515,737918.1786397005,8335.025836179444,14101.224179753533,4811.899621184697,9677.216813503097
55516,737918.1812236385,8226.211756260345,13450.41061952956,4176.83839389524,9480.555592259418
55582,737919.5093256774,8471.480561607863,15666.163794212582,7440.300681192887,13229.657050346379
55589,737919.8627656844,8025.421818774722,11703.706451199452,5103.8779602791,11002.863125938746
55592,737920.0682462578,8025.421818774722,11703.706451199452,5103.8779602791,11002.863125938746
55593,737920.0699794163,16303.662680191937,14504.440322104578,16303.662680191937,17232.71596696251
55627,737921.1382091573,16303.662680191937,14504.440322104578,16303.662680191937,17232.71596696251
55648,737921.6490170235,16303.662680191937,14504.440322104578,16303.662680191937,17232.71596696251
55649,737921.6505713556,9441.50809800687,13593.777120262912,5155.713849736489,11346.578072207934
55654,737921.7593393892,9441.50809800687,13593.777120262912,5155.713849736489,11346.578072207934
55666,737922.1066535575,7673.581297712316,11655.77159194617,4208.684753408637,11085.123283184339
55677,737922.4412542906,15355.976498660708,14518.56028111587,15355.976498660708,17246.588413025547
55688,737922.8490534448,15266.722338060057,14545.976126064032,15266.722338060057,17128.55801651337
55689,737922.8711825854,15266.722338060057,14545.976126064032,15266.722338060057,17128.55801651337
55705,737923.2477617338,7641.317007888165,10782.035886478878,4083.661329378615,10577.617913933826
55706,737923.2511291802,7649.81689025135,10296.801419464722,3986.68343314691,10334.02121219695
55728,737923.8754128659,7649.81689025135,10296.801419464722,3986.68343314691,10334.02121219695
55732,737923.9586839915,7649.81689025135,10296.801419464722,3986.68343314691,10334.02121219695
55754,737924.683951325,19826.54474066831,15146.583533465557,19826.54474066831,18388.97666032429
55764,737925.0452822775,6673.654030575335,9736.019813036764,3489.5987649929366,10088.16079358723
55782,737925.3432630356,6673.654030575335,9736.019813036764,3489.5987649929366,10088.16079358723
55801,737925.8933588751,6673.654030575335,9736.019813036764,3489.5987649929366,10088.16079358723
55809,737926.0299552364,16318.698331040285,17092.168524812307,13596.002838374125,14975.480304493649
55877,737928.9440404498,16318.698331040285,17092.168524812307,13596.002838374125,14975.480304493649
55900,737929.8004454076,16318.698331040285,17092.168524812307,13596.002838374125,14975.480304493649
55931,737930.3965562449,16318.698331040285,17092.168524812307,13596.002838374125,14975.480304493649
55939,737930.5092702674,20146.541819385708,17726.478297876467,20146.541819385708,14629.129581255847
55958,737930.9776962382,26941.202772998906,16885.877266627733,26941.202772998906,16885.877266627733
55999,737931.8737771278,24873.28557582747,16897.276220913493,24873.28557582747,16897.276220913493
56007,737932.1182756076,18977.263937438285,21676.780460212198,18977.263937438285,14999.889129288467
56069,737934.639794976,18977.263937438285,21676.780460212198,18977.263937438285,14999.889129288467
56075,737934.8841465516,14294.073079786349,15962.47995894167,2032.1074070122108,10845.627858652322
56093,737935.4229441235,13096.750804846073,15963.901938698931,3434.1016358215593,10474.370335357171
56097,737935.5150504892,13120.349925554227,14834.883590089425,1941.2210580762578,10144.679980799778
56104,737936.1263474277,13120.349925554227,14834.883590089425,1941.2210580762578,10144.679980799778
56138,737937.8400914766,13120.349925554227,14834.883590089425,1941.2210580762578,10144.679980799778
56146,737938.1634507428,13120.349925554227,14834.883590089425,1941.2210580762578,10144.679980799778
56185,737940.348121089,23592.246782987,23339.18838690497,15491.304505743006,19200.253237452962
56206,737941.0454714983,25393.21582399741,25393.21582399741,5711.381904824227,8656.012035414242
56236,737941.719031307,30657.678537576645,24021.129568460285,30657.678537576645,20520.502017120023
56241,737942.0371593975,24839.378249099766,24839.378249099766,4251.29121695238,8616.054865538385
56248,737942.3114702044,24839.378249099766,24839.378249099766,4251.29121695238,8616.054865538385
56275,737943.016804561,34486.005058057104,24793.780173358366,23924.250352622385,20036.929600020976
56291,737943.5716995111,23843.830229710933,22554.6313340317,12524.698207178739,15079.452552445015
56409,737948.1741811697,27535.672125460405,29191.331929306354,24261.94498398808,25836.08605788902
56435,737949.7847473425,23492.671972031614,23492.671972031614,8676.71048521661,8676.71048521661
56440,737950.0667297589,23492.671972031614,23492.671972031614,8676.71048521661,8676.71048521661
56482,737951.6641042853,26139.457766880052,27418.52027585397,10928.706641952478,14026.687836293922
56544,737954.7209264861,25496.27461064024,27760.08769884016,15772.037627417643,23825.417861956375
56588,737956.311231203,33903.60181649638,33020.50552604153,21040.09069114356,26758.70188482491
56592,737956.3951734703,30667.077845167038,33786.04756094562,21191.87161523362,24282.04691266861
56611,737957.0497012449,30667.077845167038,33786.04756094562,21191.87161523362,24282.04691266861
56717,737961.6562586837,33367.63315413545,34795.77409285772,33367.63315413545,27661.96209555792
56771,737963.9180083921,30407.068497398508,30407.068497398508,24965.9528725447,28834.085427173377
56799,737965.1964665897,30407.068497398508,30407.068497398508,24965.9528725447,28834.085427173377
56808,737965.4740783987,29306.5102938802,29306.5102938802,20535.721313099293,25617.332430523973
56812,737965.6742775618,32194.027878374505,28964.691654164264,32194.027878374505,24783.21533457996
56836,737966.7536204219,32123.87959820306,32683.127286139712,32123.87959820306,25586.798929109944
56846,737967.041514462,32123.87959820306,32683.127286139712,32123.87959820306,25586.798929109944
56852,737967.3042708682,28256.334029082343,27532.993335445888,24074.857709498036,22759.138491995735
56895,737969.0292679177,28256.334029082343,27532.993335445888,24074.857709498036,22759.138491995735
56896,737969.0324193112,28256.334029082343,27532.993335445888,24074.857709498036,22759.138491995735
56897,737969.0340965907,28292.05712788481,30395.764695966376,25203.613295972005,28221.1247123693
56898,737969.0347943334,28292.05712788481,30395.764695966376,25203.613295972005,28221.1247123693
56909,737969.4551662294,28346.490550303126,31992.111099753878,25258.04671839032,29020.79515055576
56932,737969.9615491114,28346.490550303126,31992.111099753878,25258.04671839032,29020.79515055576
56978,737971.859766568,28568.152239250223,30239.73416829376,25499.77028367435,25725.732740980013
57082,737976.0647686946,28568.152239250223,30239.73416829376,25499.77028367435,25725.732740980013
57128,737978.3678747836,28568.152239250223,30239.73416829376,25499.77028367435,25725.732740980013
57177,737980.0157648744,28949.919590169233,32017.02380086237,26216.93862275969,26081.486521210314
57225,737982.9165588609,28949.919590169233,32017.02380086237,26216.93862275969,26081.486521210314
57252,737983.9013210464,33503.055753755376,28595.574091226812,30536.881770367625,30128.472667885642
57290,737985.6011523528,28353.350403186712,27910.330068911284,25943.227575414243,29146.98115060962
57298,737986.0996391304,26692.412329736948,27054.029794301932,26279.65862334264,28926.87195291381
57299,737986.1264961143,25466.735212949192,26010.009152559767,26224.53568814174,25208.032178793525
57327,737987.1188390746,25471.66527589164,25471.66527589164,32719.173991501168,22867.518169378483
57404,737989.8789980133,24765.54646224387,26296.816059406246,22612.587986853836,21445.274078107297
57406,737989.9196515734,25463.367230212527,27118.904355514813,30864.54088382021,29716.11657558041
57437,737991.2327114907,25463.367230212527,27118.904355514813,30864.54088382021,29716.11657558041
57445,737991.6204286707,22771.662360468043,25839.42086977902,18903.951376955218,20409.613711022568
57449,737991.9839403509,27097.812892154205,25777.69463139774,30520.179789957794,24161.229634836785
57453,737992.0558117491,27097.812892154205,25777.69463139774,30520.179789957794,24161.229634836785
57454,737992.0585427993,27097.812892154205,25777.69463139774,30520.179789957794,24161.229634836785
57455,737992.0593826834,27097.812892154205,25777.69463139774,30520.179789957794,24161.229634836785
57457,737992.2440845158,27097.812892154205,25777.69463139774,30520.179789957794,24161.229634836785
57472,737992.7682760023,25871.410695574945,25311.214087321572,28468.622915640535,23592.871243709018
57478,737993.1553345859,26331.839873237906,26331.839873237906,26331.839873237906,34563.999822879756
57480,737993.1729655428,25261.36021410565,24974.554950226273,25236.770534050404,23132.50352101949
57492,737994.1896057958,23756.82601947872,23418.187619079235,20720.671802347584,20141.968697120872
57494,737994.5338560814,21683.333595863318,21420.005637743336,19804.564998344005,19804.127070574796
57509,737995.0689529878,21683.333595863318,21420.005637743336,19804.564998344005,19804.127070574796
57512,737995.1557607341,24932.944322227293,21828.592297011433,23343.795190828532,22511.912542317157
57525,737995.96410044,24805.475019311263,27786.166816100656,26716.508988851925,25698.104278706334
57588,737998.4560794128,23403.555951921753,24331.92080685772,23403.555951921753,24331.92080685772
57591,737998.9732645671,23973.07852008266,20602.66772957728,22851.53940301458,20602.66772957728
57606,737999.856494843,19803.672761844566,21787.769385288717,22835.5139186137,21787.769385288717
57678,738003.6453697138,19349.94185251334,18042.046757487507,17397.564505693106,18042.046757487507
57679,738003.7204783078,19193.402357166713,16448.82173271358,17241.02501034648,16448.82173271358
57687,738003.9173179602,25695.445577479997,25426.906991342574,25695.445577479997,24044.185353544013
57698,738004.4663966576,25695.445577479997,25426.906991342574,25695.445577479997,24044.185353544013
57704,738004.547801519,25695.445577479997,25426.906991342574,25695.445577479997,24044.185353544013
57705,738004.5509704892,22973.19787715898,25101.55975936329,22973.19787715898,27811.20161156819
57727,738005.481762994,27986.22681717264,23232.925047413115,27986.22681717264,23232.925047413115
57728,738005.5043457695,27986.22681717264,23232.925047413115,27986.22681717264,23232.925047413115
57750,738006.4736800316,20225.65139841277,24279.920142831517,23740.19788815612,24130.2305715903
57781,738007.5260941056,19424.660479045604,21647.888962399593,20370.923224769715,21088.187009796024
57785,738007.6403903196,21570.935044606857,19283.99466059494,19842.367414490007,19046.64193096473
57786,738007.7318552291,20045.874277444935,20964.117782123598,16933.791934285062,17812.376189003942
57799,738008.2129654711,20045.874277444935,20964.117782123598,16933.791934285062,17812.376189003942
57820,738008.8667081884,19679.73596698417,22100.96691867042,15175.643709572078,17116.80328522836
57862,738010.0214530033,20885.710947285883,21910.8589350116,20285.923159718906,19683.409293623812
57879,738010.8528635202,22083.60155467028,26218.142676377192,21391.15250060323,19007.124640346276
57882,738010.9528819277,24017.781001607626,22540.906749042755,17123.513874792523,19972.495932512382
57925,738012.0498805922,24017.781001607626,22540.906749042755,17123.513874792523,19972.495932512382
57932,738012.2971139624,24067.37307756874,24688.863651426756,25477.671488476673,16609.32530795188
57949,738012.7762268025,22905.575195336132,19798.82814767157,14826.036851861258,20184.594897876992
57970,738013.624329775,22466.047695836103,18203.942202542246,15456.503505986986,16017.405779172876
57971,738013.6626408325,21040.627709149103,16992.644404376086,10936.67380300475,15478.456800895903
57972,738013.6946179427,19702.67429912095,16919.561251460207,8320.869329707122,14987.388899160343
57992,738014.8501169847,17793.27138659566,15638.327124502675,8066.882307444332,14134.825516965628
58011,738015.89665272,15965.963983523929,14256.480447237705,6337.934337920725,13896.432963485175
58015,738016.1087930893,15974.183972575454,11622.611674851069,5930.716102011728,13901.34342127622
58030,738016.7579654264,12251.88553158042,11956.677687178313,9774.945450447965,16100.721369344481
58076,738019.097416836,13069.681522868004,13989.942238742024,9386.537359253189,16462.65194623338
58082,738019.2788476455,26937.133257982816,23592.72837018591,20688.681162525994,24470.635728441604
58130,738022.0006738915,12935.449838626882,12248.078037539077,9967.43293821393,12428.636303156769
58131,738022.0075770182,12935.449838626882,12248.078037539077,9967.43293821393,12428.636303156769
58154,738022.8376580074,11998.460422401546,9586.987951070974,9981.986310507122,11841.158150384379
58155,738022.842107601,11861.210660643455,8511.212297282813,7780.023426701297,11427.955040236007
58156,738022.8426749848,10212.85792847381,6073.977702144168,3908.578607138084,11055.169123599053
58200,738025.2381078348,13659.439773789438,9924.315743461917,24168.481428890766,9764.357304537816
58210,738025.6144652048,9272.634617445161,10736.827183227777,8224.184066297696,16050.971170860992
58274,738028.1226320447,10916.752983634187,12555.957336543752,20464.771495911344,15031.890413157807
58283,738028.4570047086,10916.752983634187,12555.957336543752,20464.771495911344,15031.890413157807
58301,738029.0101803981,10916.752983634187,12555.957336543752,20464.771495911344,15031.890413157807
58307,738029.1189939484,10916.752983634187,12555.957336543752,20464.771495911344,15031.890413157807
58346,738030.39275643,10916.752983634187,12555.957336543752,20464.771495911344,15031.890413157807
58372,738031.6322623861,8975.9792292125,11102.120297871623,6240.544594974129,10672.996798111773
58385,738032.1015840374,9383.25893670398,10608.361607183326,7984.691065164416,11848.355502036962
58389,738032.140426981,9383.25893670398,10608.361607183326,7984.691065164416,11848.355502036962
58432,738034.1423670136,11933.405753683168,12697.73708962415,6295.311502449896,9507.5770308069
58477,738037.0096715352,10767.449921374628,11720.57567834518,5889.407540832976,8829.21209617764
58562,738040.4091379255,10767.449921374628,11720.57567834518,5889.407540832976,8829.21209617764
58571,738041.0190781032,10767.449921374628,11720.57567834518,5889.407540832976,8829.21209617764
58638,738044.1178562324,10767.449921374628,11720.57567834518,5889.407540832976,8829.21209617764
58651,738045.0710472466,12114.72030701969,12114.72030701969,7904.451321143136,6913.94829439569
58692,738047.0456498988,12114.72030701969,12114.72030701969,7904.451321143136,6913.94829439569
58694,738047.0561743771,13383.968118885741,13383.968118885741,13076.784828421547,8971.691061442063
58712,738047.8727432835,12509.024577078344,14247.315736068042,6630.823658741585,10507.406812574034
58721,738048.0691125304,16729.377548928427,16729.377548928427,16729.377548928427,13996.93699752719
58836,738053.9967665826,17621.48725046247,17621.48725046247,13172.279424442042,13474.773017691108
58840,738054.2278856965,18882.00142700845,18882.00142700845,18882.00142700845,18882.00142700845
58855,738054.443133849,20237.686590677735,17580.58356247328,12432.434824032187,17580.58356247328
58994,738061.694452174,20782.36034088219,14470.001176904882,20782.36034088219,14470.001176904882
59107,738065.3405567198,19443.40594765964,19443.40594765964,19443.40594765964,19443.40594765964
59185,738069.4011543716,26022.40222447487,26022.40222447487,15075.687074531093,15075.687074531093
59192,738069.721584967,26062.43835032932,20075.11401502238,15112.215997825358,17454.08820785892
59202,738070.0722080207,28486.913520018443,24117.649803124805,28486.913520018443,16261.9077300189
59203,738070.0819553315,28486.913520018443,24117.649803124805,28486.913520018443,16261.9077300189
59269,738072.7265250435,28486.913520018443,24117.649803124805,28486.913520018443,16261.9077300189
59376,738077.0874358434,26891.918639532556,26891.918639532556,15461.387476173972,17668.26045688416
59453,738080.6411796574,28287.068628413308,26672.76678441803,19007.288246940036,22159.213321862862
59457,738080.7658731136,26720.81762017838,26489.99898179428,26720.81762017838,26489.99898179428
59461,738081.1354991234,26720.81762017838,26489.99898179428,26720.81762017838,26489.99898179428
59634,738087.8658280248,32092.908955748495,32092.908955748495,32092.908955748495,23760.569032103278
59692,738090.9835380693,28396.740373652025,29432.842124557472,26158.424114875757,21590.265101959572
59761,738093.0033774951,37495.70782713842,32963.12169647138,37495.70782713842,32963.12169647138
59774,738093.547527751,37549.749477293895,32321.2136029087,37549.749477293895,32321.2136029087
59805,738095.0092286081,37549.749477293895,32321.2136029087,37549.749477293895,32321.2136029087
59806,738095.0147842501,38675.529871372535,32515.59601748533,27622.431175179576,29069.947073094754
59827,738096.0974359162,38675.529871372535,32515.59601748533,27622.431175179576,29069.947073094754
59911,738099.9238552253,37411.074656490586,38796.00413691034,37411.074656490586,38796.00413691034
59918,738100.1057859795,37411.074656490586,38796.00413691034,37411.074656490586,38796.00413691034
59935,738100.9296497857,37411.074656490586,38796.00413691034,37411.074656490586,38796.00413691034
59966,738102.2965459259,37411.074656490586,38796.00413691034,37411.074656490586,38796.00413691034
59972,738102.3745313383,40761.31493374122,40761.31493374122,40761.31493374122,28752.5442575262
60037,738104.0453863057,40761.31493374122,40761.31493374122,40761.31493374122,28752.5442575262
60038,738104.107054022,36750.047950284505,38551.91836866896,36750.047950284505,34215.29567496661
60079,738105.7176208086,36657.42361126211,36657.42361126211,36657.42361126211,30529.393904679815
60080,738105.7206083998,35771.18958688518,35771.18958688518,35771.18958688518,30110.139349344303
60094,738106.381919339,35155.07127138691,34329.7096619139,35155.07127138691,29107.58595818123
60159,738106.7115143612,35155.07127138691,34329.7096619139,35155.07127138691,29107.58595818123
60259,738108.6497745854,37515.73453026137,37515.73453026137,37515.73453026137,28867.19199417244
60287,738109.0049383069,37515.73453026137,37515.73453026137,37515.73453026137,28867.19199417244
60308,738109.6834821642,35101.98643519211,38639.41810907502,29060.21587264786,30724.889857991777
60309,738109.686480877,35101.98643519211,38639.41810907502,29060.21587264786,30724.889857991777
60313,738109.7709349114,37783.70609142335,33326.39842326601,37783.70609142335,29245.114309850658
60315,738109.8919716999,36538.050344928575,34039.532894049815,36316.61870438868,30205.89268977847
60378,738111.59287096,36251.11738583629,32220.1574702531,34441.714019521816,32220.1574702531
60450,738114.0060286473,36251.11738583629,32220.1574702531,34441.714019521816,32220.1574702531
60462,738114.3912765179,31997.249042402324,36747.98224891103,31997.249042402324,34938.57888259656
60504,738116.4067347059,37786.37333803281,31324.24709434762,33778.97890237862,26896.75938970419
60514,738116.9410024236,37786.37333803281,31324.24709434762,33778.97890237862,26896.75938970419
60532,738117.9144318488,37786.37333803281,31324.24709434762,33778.97890237862,26896.75938970419
60541,738118.1295110664,37786.37333803281,31324.24709434762,33778.97890237862,26896.75938970419
60567,738119.1110519913,31767.20180865311,31511.737060195577,33385.19591788581,33810.44885450639
60646,738122.0703299601,31158.841498460897,31158.841498460897,36312.757825812616,32194.79437430511
60833,738130.7669997038,29148.05947063838,26452.1491469759,32067.578004574334,28925.359539254092
60850,738131.4021736094,30676.76074280428,29250.81313327167,30145.913444098256,29670.004109511152
60878,738132.3437049035,25001.586917750006,25025.774836288678,29307.03025192821,29591.099818695766
60888,738132.5958609651,22180.41831821063,25045.899126071996,28137.81384557114,28421.883412338702
60897,738133.0964106577,25555.870169307487,25555.870169307487,35806.571975540544,23713.50022355608
60898,738133.123808355,22742.34830473038,22742.34830473038,35275.73261389362,23420.145685766547
60940,738133.7202109556,22156.051415574246,21606.72483750448,26518.909295318696,21510.174943759317
60945,738134.1963495996,22156.051415574246,21606.72483750448,26518.909295318696,21510.174943759317
60950,738134.3862784691,24005.73115733969,24665.59668587189,30273.446993727157,22537.06764751301
60971,738135.1658983617,19251.79965162226,19924.431515554876,18895.36810964821,21760.848917509575
60972,738135.168084717,24541.772935095807,21637.507467659274,28641.330755444073,21663.7168112647
61187,738144.9172307883,25217.13150246581,23051.99762803147,27171.85736247134,24737.10487948409
61194,738145.205566232,25214.06092460606,22192.705848227575,25585.125356335022,21549.205586603006
61249,738147.9811290419,21247.93013769565,24436.98502339304,21247.93013769565,22688.025611942256
61292,738150.811248841,24862.355882820124,24862.355882820124,20178.823316013553,19253.287095766387
61298,738150.9894062865,24360.6795126937,24360.6795126937,17417.370242033954,19350.911790924598
61300,738151.0640328442,24360.6795126937,24360.6795126937,17417.370242033954,19350.911790924598
61320,738151.8531493916,23859.24812765434,23859.24812765434,21762.896622351134,25701.170566555695
61375,738153.6226869953,23649.19645728184,23649.19645728184,20297.190601052753,20004.068672617388
61484,738160.5957819797,27425.654985097113,27425.654985097113,27425.654985097113,27425.654985097113
61556,738163.7517128048,24738.80205557712,24738.80205557712,23198.316304352375,24738.80205557712
61595,738165.912078272,24875.165497875492,24875.165497875492,23786.04163490531,24319.56762384079
61597,738165.9798395896,22973.030088375563,22739.095975810767,22973.030088375563,22739.095975810767
61659,738169.1712282114,28898.49835943838,28246.523121274084,23300.038489615654,24628.033129325027
61702,738171.9495042288,28508.064345130617,29329.04376718925,28508.064345130617,22912.71346965721
61705,738172.235132188,28791.049113520243,28807.518298793228,23402.215276213225,23796.40898497131
61707,738172.2607519688,29054.08924282735,28708.344577734377,23699.295191067824,26774.765934606832
61728,738173.0092832193,29054.08924282735,28708.344577734377,23699.295191067824,26774.765934606832
61729,738173.0121783403,29054.08924282735,28708.344577734377,23699.295191067824,26774.765934606832
61746,738173.820364313,27242.653197227195,31007.721645940175,21914.893838285498,23041.773387648183
61761,738175.4478193186,27221.31249559683,29848.464667121058,20484.877766459293,21959.82372509912
61822,738178.3636300889,28178.95510491314,30248.233249246026,23358.70351130741,23771.706342125093
61839,738179.7488550274,30018.87593033693,30024.728829240008,30018.87593033693,23625.50923838912
61853,738180.0658619525,26466.90732269541,28378.66272166264,18531.422891405604,24276.519800118313
61876,738181.3867075437,27345.79801568293,28816.333704205084,22686.460396009916,23625.099670187643
61903,738182.567400451,30397.192796013398,30397.192796013398,30397.192796013398,30397.192796013398
61904,738182.5691709525,28831.958858553364,28831.958858553364,28831.958858553364,28831.958858553364
61906,738182.6309425057,28810.16674301588,26010.39436057217,28810.16674301588,26010.39436057217
61918,738183.1884573074,28298.89825597735,29350.166800099112,28298.89825597735,29371.088504822837
61950,738184.4855736861,26685.00704216995,30581.971127064666,26685.00704216995,29573.77477274982
61985,738186.0073855858,26685.00704216995,30581.971127064666,26685.00704216995,29573.77477274982
61989,738186.0874774957,27167.059825724493,27167.059825724493,27167.059825724493,27167.059825724493
62014,738186.8954580321,26656.065278826543,26230.249286982504,26968.328981039187,27407.403799595442
62032,738187.6149373646,26656.065278826543,26230.249286982504,26968.328981039187,27407.403799595442
62033,738187.8752183381,26656.065278826543,26230.249286982504,26968.328981039187,27407.403799595442
62048,738188.6315677776,26656.065278826543,26230.249286982504,26968.328981039187,27407.403799595442
62131,738193.1092458803,26656.065278826543,26230.249286982504,26968.328981039187,27407.403799595442
62180,738195.108989137,27731.296395394515,29447.901882638267,28719.482829685196,29447.901882638267
62184,738195.4701023166,29343.04876102352,29343.04876102352,29343.04876102352,28774.308798482416
62192,738195.9476142806,23907.733205867127,27298.658691532484,25157.136980377243,27363.30076781514
62194,738196.0642128661,23907.733205867127,27298.658691532484,25157.136980377243,27363.30076781514
62238,738197.8757964774,26646.48936657104,27737.966163054254,26069.24202135151,28295.36205327718
62290,738199.604266899,26646.48936657104,27737.966163054254,26069.24202135151,28295.36205327718
62298,738199.9633839038,29565.330910752356,26426.955925587932,23650.433162736892,26118.367429711718
62326,738200.8864395507,25790.031315030716,26308.476433456966,24517.88419745033,25348.42439008839
62349,738201.3180961935,25790.031315030716,26308.476433456966,24517.88419745033,25348.42439008839
62413,738203.2620055642,25790.031315030716,26308.476433456966,24517.88419745033,25348.42439008839
62443,738204.0894031439,29084.550323154483,25257.734672338847,23027.682555501862,25079.42960351349
62468,738204.9439517894,29084.550323154483,25257.734672338847,23027.682555501862,25079.42960351349
62477,738205.1952468099,28446.15670023674,25398.84657607857,23413.76425019294,24587.13976070105
62496,738205.9148110584,33158.94735784319,32551.35159727281,33158.94735784319,32551.35159727281
62500,738206.0411367966,33158.94735784319,32551.35159727281,33158.94735784319,32551.35159727281
62504,738206.2168785331,33158.94735784319,32551.35159727281,33158.94735784319,32551.35159727281
62505,738206.2173257135,36938.34611757499,25686.876226035267,36938.34611757499,26253.012964432244
62510,738206.3590916373,27062.155031987502,29990.18781977439,26597.258149896403,24547.541885142957
62520,738207.0375893819,27413.702864065548,24959.49604755903,21630.16945097575,22613.941761815935
62533,738207.6797989293,27264.781415843314,26036.659547261734,23881.788813907733,22276.682804429565
62551,738208.3728398335,27264.781415843314,26036.659547261734,23881.788813907733,22276.682804429565
62576,738208.8813138066,27264.781415843314,26036.659547261734,23881.788813907733,22276.682804429565
62578,738208.9425621307,27264.781415843314,26036.659547261734,23881.788813907733,22276.682804429565
62626,738210.5399741719,36682.014891921375,29942.70197236606,26227.66510790808,23299.517589804476
62635,738211.3041905382,30361.844625916845,29778.786170679745,18963.06849416318,19719.105668535263
62639,738211.4832719995,30361.844625916845,29778.786170679745,18963.06849416318,19719.105668535263
62641,738211.5416160735,30361.844625916845,29778.786170679745,18963.06849416318,19719.105668535263
62648,738212.0211955224,30361.844625916845,29778.786170679745,18963.06849416318,19719.105668535263
62680,738213.1102814504,30361.844625916845,29778.786170679745,18963.06849416318,19719.105668535263
62704,738213.9719272493,32290.8716754805,32800.2049077524,27652.271270124467,28174.63174969675
62706,738214.0816350323,29267.635841528787,32744.181940185077,24629.035436172748,24860.78755089437
62707,738214.0853103359,29267.635841528787,32744.181940185077,24629.035436172748,24860.78755089437
62712,738214.2839300619,29573.78872749718,31111.346236233338,25151.34207758755,25057.54420075019
62743,738215.2294909063,29646.924169363974,29345.179187705005,26983.181224003365,21654.309559452493
62763,738215.7413470084,29646.924169363974,29345.179187705005,26983.181224003365,21654.309559452493
62764,738215.743100632,29646.924169363974,29345.179187705005,26983.181224003365,21654.309559452493
62864,738219.7843382553,35719.69723817084,34463.41661527907,27750.851465829368,23605.811778045754
62888,738220.7699196703,32793.4520308655,32873.09732556375,32793.4520308655,31810.65046215875
62899,738221.0661246327,32793.4520308655,32873.09732556375,32793.4520308655,31810.65046215875
62931,738221.9982013818,32793.4520308655,32873.09732556375,32793.4520308655,31810.65046215875
62935,738222.2170322121,36923.7789860918,32100.32031485246,35463.04137570716,22551.526538037688
62951,738222.6071596001,33918.27685012621,31694.958656184008,24205.292900488974,25541.26059273827
62955,738222.7032003547,37031.991236937705,38101.37118075438,37031.991236937705,27413.859192749336
62956,738222.7276543528,37031.991236937705,38101.37118075438,37031.991236937705,27413.859192749336
62958,738222.7566359526,35465.34842935548,30092.044603524326,24598.436972424497,25746.998142174732
62962,738222.9288242621,35465.34842935548,30092.044603524326,24598.436972424497,25746.998142174732
62984,738223.7007411008,33364.542650971634,32808.91517043488,26268.185069414096,29681.694611656105
62986,738223.7314983627,35570.81917836515,27671.370781367386,23798.990410590333,24168.046053683087
62988,738223.7735628219,35570.81917836515,27671.370781367386,23798.990410590333,24168.046053683087
63032,738226.1488313738,31895.098245953937,31897.755474961836,24687.826511186893,30235.83831865667
63062,738227.488957873,30605.4836207009,27064.21800088119,33918.30540809915,23769.73696661914
63064,738227.6798201115,29368.59634846865,29622.78897663524,21082.344979933634,24164.95347400657
63079,738228.3635255279,27719.01847303836,27795.576122786115,29137.339480352948,28950.209064284947
63142,738230.4269204454,38312.57784821364,34780.54476431469,35549.8566811755,25364.081532925455
63171,738231.3983206091,33278.78648699414,33278.78648699414,31245.92606561724,33168.5776851254
63182,738231.8349015617,33278.78648699414,33278.78648699414,31245.92606561724,33168.5776851254
63187,738232.0887472217,33278.78648699414,33278.78648699414,31245.92606561724,33168.5776851254
63209,738232.736401984,33278.78648699414,33278.78648699414,31245.92606561724,33168.5776851254
63211,738232.9215472455,33278.78648699414,33278.78648699414,31245.92606561724,33168.5776851254
63227,738233.3820407197,31705.57645474326,22769.936339830543,32876.760362787485,19716.004857476823
63252,738234.8647715517,31705.57645474326,22769.936339830543,32876.760362787485,19716.004857476823
63273,738235.4099855076,36245.365270486385,32800.648365093184,33173.15893677077,25350.185291947593
63330,738236.9612557945,34665.41538044913,27944.188625790906,35070.69583148921,24868.897655112774
63345,738237.3770044588,32123.239560908314,31258.068055404787,27723.7811294625,29354.197890129686
63392,738238.8849403852,32123.239560908314,31258.068055404787,27723.7811294625,29354.197890129686
63395,738239.0820862408,32123.239560908314,31258.068055404787,27723.7811294625,29354.197890129686
63396,738239.0822546156,32123.239560908314,31258.068055404787,27723.7811294625,29354.197890129686
63400,738239.118628509,32123.239560908314,31258.068055404787,27723.7811294625,29354.197890129686
63461,738240.9742120425,32123.239560908314,31258.068055404787,27723.7811294625,29354.197890129686
63490,738242.049270709,32123.239560908314,31258.068055404787,27723.7811294625,29354.197890129686
63494,738242.2171510856,33465.731320923325,38769.07060732058,24142.03392460771,27697.834927102893
63511,738242.6794283679,32237.51959632336,37686.401839064514,23419.092364205273,26514.228724377317
63607,738245.7868347099,32237.51959632336,37686.401839064514,23419.092364205273,26514.228724377317
63643,738246.4738564894,39946.087130841566,38462.17578361942,30422.42854862021,27249.72724869296
63644,738246.4883560293,38683.38371621744,34439.94518208884,29752.61967928977,25188.08939328866
63662,738247.0397151904,38683.38371621744,34439.94518208884,29752.61967928977,25188.08939328866
63681,738247.5252441651,38683.38371621744,34439.94518208884,29752.61967928977,25188.08939328866
63686,738247.7564948865,38683.38371621744,34439.94518208884,29752.61967928977,25188.08939328866
63693,738248.2911653529,38683.38371621744,34439.94518208884,29752.61967928977,25188.08939328866
63710,738249.2246244433,38683.38371621744,34439.94518208884,29752.61967928977,25188.08939328866
63738,738249.9299551047,38683.38371621744,34439.94518208884,29752.61967928977,25188.08939328866
63740,738249.9588695366,34261.4591328745,34261.4591328745,32470.55813515926,28118.46856534801
63768,738250.6510255445,41639.86818667045,31561.78961105242,31927.356409810152,28401.456781135694
63771,738250.754306176,41639.86818667045,31561.78961105242,31927.356409810152,28401.456781135694
63783,738251.1174256885,41639.86818667045,31561.78961105242,31927.356409810152,28401.456781135694
63794,738251.4531325073,33963.08380215181,29449.871218301618,24881.634759540222,24580.580465985244
63795,738251.4554896131,33963.08380215181,29449.871218301618,24881.634759540222,24580.580465985244
63803,738251.8872982711,36239.313204102094,28673.700551860267,27985.019853059657,24772.8780498179
63847,738253.3870892553,30597.807862072532,28662.780478632212,26975.621475020285,24159.009887585526
63867,738253.9681552271,30597.807862072532,28662.780478632212,26975.621475020285,24159.009887585526
64064,738255.7779665717,27365.799302446194,27365.799302446194,35315.80619659201,36726.49654769207
64071,738255.8898886585,27365.799302446194,27365.799302446194,35315.80619659201,36726.49654769207
64083,738255.9935810979,27365.799302446194,27365.799302446194,35315.80619659201,36726.49654769207
64096,738256.2809202969,27172.518816191612,27172.518816191612,27172.518816191612,41015.135339490735
64100,738256.325702117,28624.756987933695,29494.07188389007,29483.630230746825,28681.157015159948
64102,738256.3700969107,24005.40352423073,28907.658096071682,39351.57956009775,26176.359470499872
64110,738256.5000202203,27335.373634422205,27335.373634422205,27335.373634422205,35149.45464491017
64158,738257.9665692351,27917.11035628923,25238.138790109693,31999.520969025216,21714.203606520907
64237,738259.7578394104,25278.71295657061,25812.294429731646,34235.716791754785,23556.693291872263
64243,738259.8078558245,25278.71295657061,25812.294429731646,34235.716791754785,23556.693291872263
64360,738262.792916842,26755.882811499247,26639.21537109518,32714.893579136533,25084.315192156122
64372,738263.0953391588,24949.57985634297,24215.92341757203,31433.64652320078,23278.01223699985
64454,738265.5982874085,24525.940256178845,21692.64426888742,30064.69726109561,21692.64426888742
64468,738265.9382867919,22968.250458840997,21529.148695640262,25464.257845390093,21529.148695640262
64473,738266.1109376968,24513.851634638722,21816.43768190408,34339.274653390115,24666.801550746146
64492,738266.6096105389,19923.41148745058,15970.69694757271,28484.013906737604,15970.69694757271
64497,738266.7785722245,19923.41148745058,15970.69694757271,28484.013906737604,15970.69694757271
64538,738267.7980915187,19923.41148745058,15970.69694757271,28484.013906737604,15970.69694757271
64550,738267.9626370968,19923.41148745058,15970.69694757271,28484.013906737604,15970.69694757271
64551,738267.9771677476,19923.41148745058,15970.69694757271,28484.013906737604,15970.69694757271
64554,738267.9990596204,19102.815502868085,17315.429775832774,22876.588622693565,17315.429775832774
64576,738268.5049865243,19102.815502868085,17315.429775832774,22876.588622693565,17315.429775832774
64593,738268.9495155715,19102.815502868085,17315.429775832774,22876.588622693565,17315.429775832774
64617,738269.482398286,18385.61009974014,18583.61706796984,22171.499228410885,17747.272287324726
64626,738269.6235931899,18385.61009974014,18583.61706796984,22171.499228410885,17747.272287324726
64633,738269.7539914096,18418.937653561214,18796.97926815897,23097.734303111953,13984.53278434537
64662,738270.3479937286,18418.937653561214,18796.97926815897,23097.734303111953,13984.53278434537
64665,738270.3768872964,24661.18794330127,18567.567310474158,32086.983549365377,19699.029628432774
64672,738270.5054995116,19806.608750850624,18783.507560496237,27171.74613371424,13970.370108652525
64702,738271.0818223852,19806.608750850624,18783.507560496237,27171.74613371424,13970.370108652525
64731,738271.868932792,19806.608750850624,18783.507560496237,27171.74613371424,13970.370108652525
64802,738273.60673475,19806.608750850624,18783.507560496237,27171.74613371424,13970.370108652525
64811,738273.8527422015,23946.15691040746,23473.17951209121,23682.586415332942,22640.3609636668
64812,738273.8545274674,23946.15691040746,23473.17951209121,23682.586415332942,22640.3609636668
64813,738273.8550195878,23946.15691040746,23473.17951209121,23682.586415332942,22640.3609636668
64814,738273.8557148882,23946.15691040746,23473.17951209121,23682.586415332942,22640.3609636668
64815,738273.8602739539,23946.15691040746,23473.17951209121,23682.586415332942,22640.3609636668
64816,738273.8624389801,23946.15691040746,23473.17951209121,23682.586415332942,22640.3609636668
64817,738273.8663429039,23946.15691040746,23473.17951209121,23682.586415332942,22640.3609636668
64820,738273.8739266775,23932.56065242046,23459.583254104215,22752.203781804972,20676.073739386266
64821,738273.8763869475,22662.646847606964,22189.66944929072,19702.72205276475,19537.045532929274
64824,738273.8841692769,22662.646847606964,22189.66944929072,19702.72205276475,19537.045532929274
64831,738274.174584587,22662.646847606964,22189.66944929072,19702.72205276475,19537.045532929274
64858,738274.6460812453,22662.646847606964,22189.66944929072,19702.72205276475,19537.045532929274
64860,738274.6592490296,22662.646847606964,22189.66944929072,19702.72205276475,19537.045532929274
64862,738274.6975851479,22662.646847606964,22189.66944929072,19702.72205276475,19537.045532929274
64867,738274.7119106643,23331.326151925234,26010.059739723434,13257.922165464815,15303.17255705776
64868,738274.7156233888,23331.326151925234,26010.059739723434,13257.922165464815,15303.17255705776
64870,738274.7183200311,22323.688503382647,24027.519908996397,11326.067719002844,14586.161252624777
64871,738274.719099885,22323.688503382647,24027.519908996397,11326.067719002844,14586.161252624777
64872,738274.7201370907,21912.95128000328,21822.921484056456,10208.319026689513,13936.104821881858
64873,738274.7204488632,21912.95128000328,21822.921484056456,10208.319026689513,13936.104821881858
64874,738274.723839552,19901.947272443842,19968.08254948293,10018.656723320622,13321.833107640978
64878,738274.7422869736,17893.515025092398,17680.704980118393,8862.577936238229,11346.370661371606
64879,738274.7490615643,16352.775453724089,19077.94070424859,9408.767473756165,12672.186539949507
64880,738274.7499581105,15948.680047999522,16228.683025845425,8143.972675341815,12190.416140746638
64882,738274.7851994298,14982.837499401876,13655.692238690563,7802.178839481686,11771.865364492505
64895,738274.9155882318,12172.99700167725,10462.949006930554,7496.210942019225,11386.86490628056
64896,738274.9303722624,12172.99700167725,10462.949006930554,7496.210942019225,11386.86490628056
64899,738274.9759892332,12172.99700167725,10462.949006930554,7496.210942019225,11386.86490628056
64901,738274.984052088,12172.99700167725,10462.949006930554,7496.210942019225,11386.86490628056
64906,738275.1714381876,12172.99700167725,10462.949006930554,7496.210942019225,11386.86490628056
64924,738275.4926934203,12172.99700167725,10462.949006930554,7496.210942019225,11386.86490628056
64933,738275.65388852,9598.052139855123,10003.349983557087,7213.245378266589,11025.58289317987
64934,738275.6626094013,9598.052139855123,10003.349983557087,7213.245378266589,11025.58289317987
64940,738275.7645084929,9598.052139855123,10003.349983557087,7213.245378266589,11025.58289317987
64984,738277.088930341,9598.052139855123,10003.349983557087,7213.245378266589,11025.58289317987
64986,738277.1930390289,12809.570520131534,22240.233073417832,22502.751613304008,18219.19408483771
64987,738277.2201114378,13173.282704425914,22775.954934578935,25242.452911743836,16414.549107237108
64999,738277.4726092088,13173.282704425914,22775.954934578935,25242.452911743836,16414.549107237108
65008,738277.846570998,13173.282704425914,22775.954934578935,25242.452911743836,16414.549107237108
65009,738277.8769617694,17069.485499507493,8825.715186722393,17069.485499507493,9674.075306425038
65010,738277.8830717871,17069.485499507493,8825.715186722393,17069.485499507493,9674.075306425038
65017,738278.1108247708,17069.485499507493,8825.715186722393,17069.485499507493,9674.075306425038
65049,738279.036632773,17069.485499507493,8825.715186722393,17069.485499507493,9674.075306425038
65053,738279.1521470973,6735.212944111318,10680.484637565187,7232.018608649689,11483.145276424068
65118,738281.5724966432,24177.99428284787,10445.253690747428,24177.99428284787,9410.509678556691
65140,738282.1640172612,16146.930166111964,10187.565535093836,25051.335384770122,11205.98775283969
65165,738283.1713562085,16146.930166111964,10187.565535093836,25051.335384770122,11205.98775283969
65167,738283.5056418815,16146.930166111964,10187.565535093836,25051.335384770122,11205.98775283969
65230,738285.6310706307,22426.02139279737,12461.326943078113,23627.002327272057,11934.554179774479
65249,738286.1731870992,22426.02139279737,12461.326943078113,23627.002327272057,11934.554179774479
65280,738287.4310146555,22426.02139279737,12461.326943078113,23627.002327272057,11934.554179774479
65354,738289.5075965772,22426.02139279737,12461.326943078113,23627.002327272057,11934.554179774479
65357,738289.5377266796,22426.02139279737,12461.326943078113,23627.002327272057,11934.554179774479
65373,738289.8113696761,22426.02139279737,12461.326943078113,23627.002327272057,11934.554179774479
65379,738289.951314701,22426.02139279737,12461.326943078113,23627.002327272057,11934.554179774479
65406,738290.4129023236,22426.02139279737,12461.326943078113,23627.002327272057,11934.554179774479
65438,738291.9288074002,22426.02139279737,12461.326943078113,23627.002327272057,11934.554179774479
65453,738292.429595306,15661.640128384712,15565.534778460664,23373.400906170522,11092.546022269073
65481,738293.3345425891,15661.640128384712,15565.534778460664,23373.400906170522,11092.546022269073
65490,738293.5101389035,15661.640128384712,15565.534778460664,23373.400906170522,11092.546022269073
65508,738294.2742996565,19227.95202369591,16552.407586545567,21189.09733074379,12588.190241100196
65512,738294.3227109489,17216.921074997805,19544.35330582471,23903.77966233371,13751.606476690336
65569,738296.4139686705,17216.921074997805,19544.35330582471,23903.77966233371,13751.606476690336
65596,738296.8301605765,17216.921074997805,19544.35330582471,23903.77966233371,13751.606476690336
65618,738297.5411682919,17750.479299130304,20600.341619319624,7522.669797255339,14838.949603117546
65634,738298.1734182952,24218.60951334138,24218.60951334138,24218.60951334138,23411.268208262198
65656,738298.7753490256,18067.559642562013,20918.894081771054,7399.68131543164,14592.152056253457
65677,738299.4342895406,18067.559642562013,20918.894081771054,7399.68131543164,14592.152056253457
65692,738299.9779266939,18715.61078985753,21593.937286879252,9106.63336656512,15539.908409254811
65694,738300.0637136609,19449.856123283924,22105.024384904464,9974.574753959094,14501.811429204477
65711,738300.4446058697,19449.856123283924,22105.024384904464,9974.574753959094,14501.811429204477
65734,738300.9090092456,19449.856123283924,22105.024384904464,9974.574753959094,14501.811429204477
65737,738300.9155680486,19449.856123283924,22105.024384904464,9974.574753959094,14501.811429204477
65741,738301.1546652473,19449.856123283924,22105.024384904464,9974.574753959094,14501.811429204477
65775,738302.3584015957,19449.856123283924,22105.024384904464,9974.574753959094,14501.811429204477
65783,738302.4018801799,18485.32636881569,18474.481869069088,18485.32636881569,11901.179988145921
65785,738302.4442382199,16596.617796660797,18505.24108121764,12875.120240792148,9751.69056706601
65802,738302.9427003583,16596.617796660797,18505.24108121764,12875.120240792148,9751.69056706601
65803,738302.9440987402,16596.617796660797,18505.24108121764,12875.120240792148,9751.69056706601
65804,738302.948458151,16596.617796660797,18505.24108121764,12875.120240792148,9751.69056706601
65807,738302.9879590747,31771.986913112953,20359.49202068316,31771.986913112953,8981.404913984623
65813,738303.2206575715,31771.986913112953,20359.49202068316,31771.986913112953,8981.404913984623
65815,738303.3693498106,21287.727721443473,22256.963966071813,14954.48785638516,11814.111429361135
65854,738304.3843822593,21287.727721443473,22256.963966071813,14954.48785638516,11814.111429361135
65873,738304.9031628345,22756.45552721464,22756.45552721464,10184.746369741522,14747.28426070184
65878,738305.05259773,22756.45552721464,22756.45552721464,10184.746369741522,14747.28426070184
65886,738305.2519098646,19994.02042879423,26518.28489944979,10613.874798154726,17808.4080530949
65920,738305.8613398512,24559.50492916167,24559.50492916167,24559.50492916167,12878.310664756578
65973,738306.3490567633,18822.75699750253,20818.576777944345,14213.982573009154,16507.741208911688
66018,738307.1342770131,18822.75699750253,20818.576777944345,14213.982573009154,16507.741208911688
66023,738307.2545606613,18822.75699750253,20818.576777944345,14213.982573009154,16507.741208911688
66033,738307.4409235613,20142.358489280257,25181.78897895983,20142.358489280257,25924.732442365446
66043,738307.6709157194,24480.57357818087,24361.027091313284,16327.018534204568,24361.027091313284
66068,738308.2850598382,33613.891557993775,22955.000202028536,33613.891557993775,19075.75508529339
66094,738308.7653724591,28801.875210040937,27010.4657398544,17336.47430946276,23193.953501021064
66098,738308.8658080676,20643.07808578688,26637.515906999484,16735.36879221933,22821.003668166148
66106,738309.1295289325,20643.07808578688,26637.515906999484,16735.36879221933,22821.003668166148
66129,738309.882171019,20643.07808578688,26637.515906999484,16735.36879221933,22821.003668166148
66130,738309.9401469021,20643.07808578688,26637.515906999484,16735.36879221933,22821.003668166148
66136,738310.0539033843,20643.07808578688,26637.515906999484,16735.36879221933,22821.003668166148
66137,738310.1510207494,24987.280551085645,26903.980483480398,24987.280551085645,26903.980483480398
66148,738310.3894843301,24987.280551085645,26903.980483480398,24987.280551085645,26903.980483480398
66213,738313.1213733368,24987.280551085645,26903.980483480398,24987.280551085645,26903.980483480398
66215,738313.1885310822,29866.058365488443,29332.280817701023,25053.38703456461,19789.845527797326
66252,738313.9957133008,26840.38604672978,30622.549621481106,16755.50284110894,25083.08543681747
66253,738314.0119187539,26840.38604672978,30622.549621481106,16755.50284110894,25083.08543681747
66289,738315.2910986859,28705.19902104714,28074.336316020363,22462.027550962266,24888.838313704404
66297,738315.3578772028,32121.521080868482,31308.893932641135,32121.521080868482,22941.445586938516
66381,738317.5962611645,32660.435415958607,27780.769742756354,32660.435415958607,30867.22412656864
66386,738317.6893803661,30077.147193736502,30336.739298900295,25264.47586281267,30378.62995891864
66408,738318.0650751321,30077.147193736502,30336.739298900295,25264.47586281267,30378.62995891864
66429,738319.13292576,30077.147193736502,30336.739298900295,25264.47586281267,30378.62995891864
66430,738319.1481465222,30077.147193736502,30336.739298900295,25264.47586281267,30378.62995891864
66431,738319.155578075,29189.88420442976,26836.682365329947,20768.522942153493,22682.407986685124
66433,738319.2936048129,31626.469557578803,26896.189515375107,31626.469557578803,29998.27751913699
66434,738319.3382160426,30038.964066599816,23416.10308938458,30038.964066599816,29125.320044292228
66467,738320.771711977,31296.770877780014,32426.80784154741,20419.260142161274,22930.016750272884
66511,738322.0946395029,31296.770877780014,32426.80784154741,20419.260142161274,22930.016750272884
66555,738322.9413315785,31296.770877780014,32426.80784154741,20419.260142161274,22930.016750272884
66556,738322.9426480369,31296.770877780014,32426.80784154741,20419.260142161274,22930.016750272884
66557,738322.9528436693,23761.302007076913,26995.771943018506,23587.267535420557,22699.86459454831
66569,738323.3580301511,23761.302007076913,26995.771943018506,23587.267535420557,22699.86459454831
66588,738323.7178004072,23248.537168750277,28193.135528988303,22385.597348178497,27741.51067726205
66616,738324.4904057278,23248.537168750277,28193.135528988303,22385.597348178497,27741.51067726205
66639,738325.3315131636,23248.537168750277,28193.135528988303,22385.597348178497,27741.51067726205
66689,738326.8918898681,23248.537168750277,28193.135528988303,22385.597348178497,27741.51067726205
66723,738328.0699948755,23248.537168750277,28193.135528988303,22385.597348178497,27741.51067726205
66739,738328.6811886204,26608.528970837626,28299.996886472683,24238.439705650224,28503.564646939325
66788,738329.9427436657,29761.379453493577,28840.766402807643,22529.47863163454,24608.98749565698
66817,738330.660833187,25195.27102548318,26064.364586613294,13690.802481114588,23035.439706025325
66843,738332.0275055071,28728.08218198302,30266.643241054255,31185.248665923584,21571.80458594408
66902,738335.0103584543,28728.08218198302,30266.643241054255,31185.248665923584,21571.80458594408
66903,738335.0106575101,28728.08218198302,30266.643241054255,31185.248665923584,21571.80458594408
66925,738335.5495287435,28537.006822504423,28471.570083111554,21465.98747129707,20114.091930551145
67018,738338.0622405529,26034.570839088847,26034.570839088847,19709.607567369076,20907.48709335199
67028,738338.2929867038,25766.837061572332,25766.837061572332,18469.82145444029,20038.974474523395
67029,738338.3029747662,23752.785120943703,23752.785120943703,15798.772341022868,17683.588380761026
67067,738339.7984701415,26027.39814162324,25689.147412402395,27029.655454853128,15593.075485819749
67092,738340.4763609895,26027.39814162324,25689.147412402395,27029.655454853128,15593.075485819749
67103,738340.7866356611,25586.21617255823,24852.892000759883,27834.14513878502,20973.24173395975
67105,738340.8123969992,24479.60048775125,24479.60048775125,26438.51700657056,28901.07461780755
67107,738340.8522347915,23406.5524958761,24019.73182000603,13612.169638054433,17904.773532980977
67114,738341.1147462074,23391.15176316034,26198.469673806434,25477.28779461866,16985.111592545014
67116,738341.1191821373,20612.62363742992,24312.851798857922,24809.220509496303,16727.830992710762
67123,738341.3716825998,18907.94591099146,26328.99829816361,24624.432151156194,24756.45916974231
67137,738341.4523961885,26250.756581839203,22788.68878262788,20863.66468811385,15654.158406580884
67191,738342.8484719733,26250.756581839203,22788.68878262788,20863.66468811385,15654.158406580884
67193,738342.8694170989,26250.756581839203,22788.68878262788,20863.66468811385,15654.158406580884
67199,738342.9879330955,26250.756581839203,22788.68878262788,20863.66468811385,15654.158406580884
67220,738343.7997766363,26250.756581839203,22788.68878262788,20863.66468811385,15654.158406580884
67233,738344.4662307939,21254.657798124903,19008.813799823954,16238.740412765585,15385.551788732679
67234,738344.5061460669,19187.050630377395,18697.00391506022,29252.723086059315,15473.59021068512
67255,738345.2983837585,19187.050630377395,18697.00391506022,29252.723086059315,15473.59021068512
67272,738345.8798911249,21345.13513045071,22272.105034914734,21345.13513045071,29636.174696997714
67284,738346.2948891844,21345.13513045071,22272.105034914734,21345.13513045071,29636.174696997714
67287,738346.4265250966,21345.13513045071,22272.105034914734,21345.13513045071,29636.174696997714
67306,738347.3915189885,24344.713844899343,20129.31748810309,33376.22542529738,22374.023735181156
67308,738347.4270018409,21105.875770175997,17875.16824779169,32139.902031278354,19135.18566045781
67317,738347.6725621616,19566.504843482428,17622.590830059286,29426.01003218684,16957.72089519851
67323,738347.8748758981,16766.418407585537,15028.58167296138,24994.56714437552,16117.087935196108
67327,738348.0233855793,16766.418407585537,15028.58167296138,24994.56714437552,16117.087935196108
67328,738348.0274561625,16766.418407585537,15028.58167296138,24994.56714437552,16117.087935196108
67329,738348.0283023537,16766.418407585537,15028.58167296138,24994.56714437552,16117.087935196108
67330,738348.0287035878,16766.418407585537,15028.58167296138,24994.56714437552,16117.087935196108
67331,738348.0331910119,16766.418407585537,15028.58167296138,24994.56714437552,16117.087935196108
67332,738348.0373127004,20098.36415598729,16518.77941723014,20365.67059308113,14992.575460439888
67333,738348.0401774233,20098.36415598729,16518.77941723014,20365.67059308113,14992.575460439888
67335,738348.0492467993,17310.133171057503,16157.968642598627,18440.034294714547,14407.685052563314
67338,738348.0652829588,17310.133171057503,16157.968642598627,18440.034294714547,14407.685052563314
67339,738348.066158137,17310.133171057503,16157.968642598627,18440.034294714547,14407.685052563314
67341,738348.0709834796,17310.133171057503,16157.968642598627,18440.034294714547,14407.685052563314
67342,738348.0721766168,17310.133171057503,16157.968642598627,18440.034294714547,14407.685052563314
67346,738348.1065453113,17310.133171057503,16157.968642598627,18440.034294714547,14407.685052563314
67347,738348.1068515391,15088.637457300632,14460.01182564424,16580.07948754806,13893.630545779037
67350,738348.1271249655,15088.637457300632,14460.01182564424,16580.07948754806,13893.630545779037
67354,738348.1810513882,14918.440558005106,13034.90352391779,13427.452907213672,13455.34309093634
67359,738348.31571527,12368.564600968286,12432.337972537463,11913.816353235143,13009.923426842588
67360,738348.3162151047,10453.839309989684,11959.83889378394,9238.192844894196,12647.852181734688
67361,738348.3304132933,10453.839309989684,11959.83889378394,9238.192844894196,12647.852181734688
67363,738348.3552048248,10184.964560193142,11505.717962863162,7065.481896261259,12291.896389461092
67364,738348.367135601,15895.262760150183,15866.019984600582,32877.78682921049,15470.392851152283
67368,738348.3961890904,9567.437195583183,11023.539446486742,6732.988405758471,11908.790444194783
67369,738348.3966446846,9077.365179868435,10617.630374734772,6473.404278076611,11576.694546702425
67370,738348.3968492005,8712.744956323862,10204.842589112479,6192.701162444832,11234.913976625912
67372,738348.4492772603,6981.451260084152,9828.07430375242,5941.230119284229,10916.500835247236
67379,738348.6526381671,5475.665962208805,9483.590305028149,5715.63746173893,10619.658135331518
67392,738348.8998958931,5475.665962208805,9483.590305028149,5715.63746173893,10619.658135331518
67414,738349.217485444,5231.932757043311,9166.355003380677,5511.052037625329,10341.362127652834
67418,738349.3032619811,5035.903888200344,9204.293684310529,5343.920684013325,10515.934551711334
67426,738349.3726828409,4833.005026180221,8611.513184325253,4932.730997960912,9939.750294552541
67427,738349.3885496202,4833.005026180221,8611.513184325253,4932.730997960912,9939.750294552541
67430,738349.4603516451,4833.005026180221,8611.513184325253,4932.730997960912,9939.750294552541
67433,738349.5129455858,4641.7435597506355,8347.722155743784,4759.702547973944,9682.837889248412
67435,738349.6221197062,4468.199053760203,8101.751945126175,4601.071913455661,9440.570455741356
67436,738349.6227030379,4312.842798987733,7873.950149348062,4457.615512419689,9213.48641032359
67437,738349.6238977319,4148.648221821424,7643.651138857345,4305.4144186349995,8984.243844882094
67438,738349.6253718393,4055.8372351831963,7472.196865821114,4216.6589907668085,8805.183057996903
67439,738349.6274742839,4055.8372351831963,7472.196865821114,4216.6589907668085,8805.183057996903
67440,738349.6287047011,3959.395248455112,7302.28755307044,4124.362300961326,8627.808737730234
67441,738349.6311322796,3959.395248455112,7302.28755307044,4124.362300961326,8627.808737730234
67442,738349.6360540125,3834.2110410545656,7113.821760658787,4005.75889261376,8434.814423686259
67443,738349.6368931495,3834.2110410545656,7113.821760658787,4005.75889261376,8434.814423686259
67444,738349.6380755279,3709.253218992523,6928.8653032518005,3886.96245281314,8245.056740856873
67445,738349.6465136611,3709.253218992523,6928.8653032518005,3886.96245281314,8245.056740856873
67446,738349.6470441084,3659.7313781618977,7335.072180151848,3836.5834440022572,8655.909846657156
67447,738349.6537038648,3590.1022755695985,6672.563944300497,3767.8696340367164,7964.960279264215
67448,738349.659625215,3531.7423790812863,6550.409352767687,3709.4350800761217,7830.902096544876
67451,738349.661573332,3496.625985027059,6450.10877249316,3672.3634557831874,7716.4621566426395
67452,738349.6658680984,3418.8125622337375,6318.086619348222,3596.0685276641775,7574.762034818521
67454,738349.6793953535,3343.648001274424,6190.695749992546,3522.1408312548,7437.52456147612
67456,738349.6850854474,3295.87533207232,6088.148272010412,3473.488791493344,7322.593868913775
67457,738349.6946325128,3248.6481945712717,6120.330508937686,3425.385262604055,7350.989960320192
67458,738349.6971655336,3229.7542969743986,5914.461756080728,3403.632903691892,7121.987124715626
67460,738349.7028495793,3153.2430314421335,5794.770962739127,3328.415944901006,6993.233727511333
67461,738349.711364126,3085.556863981599,5684.226864837517,3261.363540825078,6872.958753657676
67462,738349.7135679651,3027.3358271494026,5583.347793881353,3203.1170914073955,6761.66079943217
67463,738349.7170792376,3027.3358271494026,5583.347793881353,3203.1170914073955,6761.66079943217
67465,738349.7184500147,2983.447247430874,5496.225815555301,3158.2694785344665,6663.037397674636
67466,738349.7190806357,2954.1388724328976,5630.631552718504,3127.1122289384125,6803.878441251058
67467,738349.7206774163,2947.5857123315923,5370.955509598386,3117.3650297495747,6510.953509878786
67470,738349.730979446,2925.82698904774,5307.5430824072,3093.473589168448,6434.882358735379
67471,738349.7334782479,2925.82698904774,5307.5430824072,3093.473589168448,6434.882358735379
67472,738349.7351763092,2942.992425402792,5278.907799049527,3106.2561673397827,6390.582688882916
67473,738349.7413311049,2950.3057013295534,5243.463546743059,3109.9380007230684,6340.638285350729
67475,738349.7610032521,2893.211896779343,5154.152068350537,3053.0682176008795,6242.417190001817
67479,738349.7659237626,2846.4711221479597,5074.87657002053,3005.9569901972814,6153.569627114448
67480,738349.7668110689,2815.376706726515,5010.228762658391,2973.6366002983364,6078.2940318612145
67481,738349.7689098233,2840.3757903218643,4995.313767508828,2994.394644905361,6048.552138252479
67483,738349.7696539962,2840.3757903218643,4995.313767508828,2994.394644905361,6048.552138252479
67484,738349.7701089467,2835.9282248931736,4956.122637264442,2987.435005221359,5997.150685780072
67485,738349.7710024653,2822.5321828391134,4910.258432695239,2972.086004322281,5940.0240867829225
67486,738349.7730972705,2783.9054073638945,4920.6619179597055,2932.8786513460705,5949.50961746523
67487,738349.7758560862,2745.9365658827837,4777.995822550447,2894.315458686336,5789.676395962322
67488,738349.7768177863,2745.9365658827837,4777.995822550447,2894.315458686336,5789.676395962322
67489,738349.778610056,2721.202055876688,4725.043109827137,2868.3446926338197,5726.949538209829
67491,738349.7889785243,2723.913908888641,4697.065025292938,2868.511001452445,5687.387593659277
67492,738349.7900585207,2686.9180947466252,4635.036605131995,2830.973096179175,5616.891337232571
67493,738349.7906358201,2651.6771523730763,4764.793152382036,2795.1237065943255,5763.340422238962
67494,738349.7909081535,2623.844776718498,4522.80893237132,2766.354621138849,5487.459085436734
67497,738349.7974463773,2585.106802004563,4461.37009540108,2727.212093805244,5418.177917792232
67498,738349.7984613287,2585.106802004563,4461.37009540108,2727.212093805244,5418.177917792232
67499,738349.8042086264,2570.831428430522,5399.19999707342,2713.5955836269277,6259.333523890001
67500,738349.8069691454,2570.831428430522,5399.19999707342,2713.5955836269277,6259.333523890001
67501,738349.8081474281,2675.650203582273,4489.734694209143,2809.4593642137825,5419.827090476822
67502,738349.808335993,2648.4934386983623,4440.703540673785,2781.5329101242864,5362.746500548357
67503,738349.8090166616,2611.892234743439,4383.840168200808,2744.594954581521,5298.622344012421
67504,738349.8150984697,2582.0373125770493,4333.543798619402,2714.123775938861,5240.75802432826
67505,738349.8168563073,2582.0373125770493,4333.543798619402,2714.123775938861,5240.75802432826
67506,738349.8177071271,2559.0395989656286,4289.920758992836,2690.237423981982,5189.263326312067
67507,738349.8212205948,2559.0395989656286,4289.920758992836,2690.237423981982,5189.263326312067
67508,738349.8217011106,2552.718936358279,4261.777812500182,2682.357930302488,5152.319357068048
67509,738349.8238013492,2552.718936358279,4261.777812500182,2682.357930302488,5152.319357068048
67510,738349.8249940777,2540.769407330479,4229.142864960595,2669.123601180705,5111.41379215548
67513,738349.8289404241,2531.2992056374806,4346.489070561959,2658.3028104502573,5241.69249313223
67516,738349.8365554492,2531.2992056374806,4346.489070561959,2658.3028104502573,5241.69249313223
67517,738349.8416449324,2507.658024113227,4157.133283624314,2633.9138947894694,5023.910206559059
67518,738349.8430115673,2494.976970845911,4125.340787969682,2620.0721479580184,4984.3473436744625
67519,738349.8444046214,2471.779022271688,4084.523568315826,2596.153402872244,4936.551678136723
67520,738349.8446958238,2472.653356499287,4065.8829721836064,2595.399565519287,4909.594401858127
67521,738349.848009996,2447.368144715934,4024.038856573855,2569.5208021704916,4861.165322514863
67524,738349.8557677476,2448.8519768182673,4006.8339666917573,2569.422082350806,4835.8956290432225
67525,738349.8569621679,2448.8519768182673,4006.8339666917573,2569.422082350806,4835.8956290432225
67527,738349.8631574807,2448.8519768182673,4006.8339666917573,2569.422082350806,4835.8956290432225
67528,738349.8658684648,2445.4085503771344,4074.896835455883,2564.617670400918,4908.632769471425
67529,738349.8695928369,2430.286180258225,3954.1596918872715,2548.594787968996,4768.790411487382
67530,738349.877545732,2434.8586755146944,3940.9997613064584,2551.5766074004027,4747.804192224493
67531,738349.8786967896,2434.8586755146944,3940.9997613064584,2551.5766074004027,4747.804192224493
67532,738349.8830824349,2434.8586755146944,3940.9997613064584,2551.5766074004027,4747.804192224493
67533,738349.8871962712,2410.4667832026503,3901.8774650922187,2526.6663549103873,4702.660099656226
67534,738349.88771134,2390.937494999311,3984.687360372313,2506.4592819176632,4797.348552973389
67536,738349.9008779336,2368.031775844395,3461.134840955961,2483.00932288538,4307.573615454867
67538,738349.9066061543,2368.031775844395,3461.134840955961,2483.00932288538,4307.573615454867
67539,738349.9111271407,2368.031775844395,3461.134840955961,2483.00932288538,4307.573615454867
67540,738349.9146328685,2368.031775844395,3461.134840955961,2483.00932288538,4307.573615454867
67542,738349.923749413,2353.11264326547,3800.877684653176,2467.2830621535327,4583.330225124756
67543,738349.9349330985,2353.11264326547,3800.877684653176,2467.2830621535327,4583.330225124756
67544,738349.9353694195,2334.995550720227,3768.7516856452903,2448.486206639513,4545.247695344909
67545,738349.9360228173,2334.995550720227,3768.7516856452903,2448.486206639513,4545.247695344909
67546,738349.9422820088,2334.995550720227,3768.7516856452903,2448.486206639513,4545.247695344909
67547,738349.9500397927,2334.995550720227,3768.7516856452903,2448.486206639513,4545.247695344909
67549,738349.9591352975,2334.995550720227,3768.7516856452903,2448.486206639513,4545.247695344909
67550,738349.9688495037,2334.995550720227,3768.7516856452903,2448.486206639513,4545.247695344909
67551,738349.9718986083,2317.261423034987,3813.412495977027,2430.0746826299633,4595.097599020617
67552,738349.9721992811,2304.8348435217,3710.9464877913742,2416.8088417716194,4475.500311032816
67553,738349.9728719237,2289.2017058433557,3681.969115291751,2400.4605987612445,4440.731864138646
67554,738349.9748910469,2289.2017058433557,3681.969115291751,2400.4605987612445,4440.731864138646
67556,738349.9785353958,2289.2017058433557,3681.969115291751,2400.4605987612445,4440.731864138646
67559,738350.0150518331,2270.5113381179412,3650.461794291645,2381.1703637560295,4403.693292431295
67560,738350.0158025927,2258.2372594165518,3625.1085540947192,2368.102341081157,4372.560128609773
67561,738350.018694257,2237.0346085013334,3591.812467953678,2346.4075930497797,4334.048089538553
67562,738350.0197724054,2219.625535105398,3562.248341834894,2328.396985292153,4299.155181675691
67563,738350.0201086027,2219.625535105398,3562.248341834894,2328.396985292153,4299.155181675691
67565,738350.0337190949,2206.3894626159963,3536.7673760106977,2314.4415041285997,4268.216075244994
67566,738350.0361933173,2206.3894626159963,3536.7673760106977,2314.4415041285997,4268.216075244994
67567,738350.0378393631,2206.3894626159963,3536.7673760106977,2314.4415041285997,4268.216075244994
67568,738350.0391157748,2206.3894626159963,3536.7673760106977,2314.4415041285997,4268.216075244994
67569,738350.0458850886,2206.3894626159963,3536.7673760106977,2314.4415041285997,4268.216075244994
67570,738350.0776207428,2206.3894626159963,3536.7673760106977,2314.4415041285997,4268.216075244994
67574,738350.0848235321,2206.3894626159963,3536.7673760106977,2314.4415041285997,4268.216075244994
67576,738350.088744208,2206.3894626159963,3536.7673760106977,2314.4415041285997,4268.216075244994
67579,738350.1483963392,2206.3894626159963,3536.7673760106977,2314.4415041285997,4268.216075244994
67580,738350.166557748,2064.7997911534185,3524.8988722623617,2177.276509899227,4250.234259674951
67581,738350.1865583813,2213.1796002486603,3517.197543470053,2318.8186367008225,4236.302404142654
67582,738350.1990239891,2213.1796002486603,3517.197543470053,2318.8186367008225,4236.302404142654
67584,738350.237660739,2193.413696626419,3486.413459903163,2298.584638880749,4200.66013549148
67585,738350.2441369953,2183.7116379259055,3465.1363222152913,2288.1219325187076,4174.098458619274
67586,738350.2445215668,2178.3225370779783,3480.3985727821855,2281.859138680196,4188.535722669039
67587,738350.2622607793,2162.7585190806963,3421.797928437212,2265.737821196538,4120.5132160789
67591,738350.3350552162,2033.4184390113726,3415.0160171816565,2140.201861129253,4107.959166050464
67597,738350.3914661031,2161.365549534632,3397.4055546494546,2262.404662269767,4085.2419176602134
67598,738350.4234651146,2161.365549534632,3397.4055546494546,2262.404662269767,4085.2419176602134
67601,738350.4346274713,2149.7832589800264,3375.428885179595,2250.1910170382916,4058.4723486542193
67604,738350.4681465391,2176.5028175450984,3470.2844071258596,2275.2071186811613,4160.3186933660245
67609,738350.5371631415,2164.183655099042,3366.9141525365453,2262.3108832089556,4038.813560662941
67610,738350.5383385418,2160.923419263768,3353.241097137065,2258.232624034755,4020.183689501028
67611,738350.5531460593,2062.5839581971895,3261.8637218097138,2244.538701530812,3993.0621176810605
67612,738350.5695174439,2061.936555027178,2937.6124418269515,2242.26070626395,3706.959163745251
67613,738350.5740038182,2077.721608538457,3255.091278847023,2255.8523871150314,3974.6913985626006
67614,738350.5759729637,2079.366029425764,3246.4725528601316,2255.847625304787,3960.7127616992266
67615,738350.5806007527,2079.636540030347,2931.437846295501,2254.5467762784197,3681.9110849051776
67616,738350.5815066341,2071.628749792031,3219.4783680586124,2245.2856608182196,3923.802407905167
67617,738350.5829267069,2055.1648512338966,3194.475491098784,2227.8843595053577,3894.5987063332136
67619,738350.6596002587,2055.1648512338966,3194.475491098784,2227.8843595053577,3894.5987063332136
67622,738350.741148569,2042.0781707322183,3172.7670006316766,2213.759982570363,3868.573965614417
67628,738350.7829398934,2039.2985914506935,3210.0017485950098,2209.608065727197,3909.262393968538
67630,738350.7953265304,2033.4652392858466,3146.182969117863,2202.5291536842383,3832.64477356286
67631,738350.7974174507,2033.4652392858466,3146.182969117863,2202.5291536842383,3832.64477356286
67632,738350.798607167,2019.4863147337794,3124.0667573022556,2187.599403786036,3806.438959272362
67635,738350.8050980865,2019.435374061565,3115.111196330116,2186.1492187274603,3792.752991619572
67639,738350.8512849247,2019.435374061565,3115.111196330116,2186.1492187274603,3792.752991619572
67641,738350.9161138987,2019.435374061565,3115.111196330116,2186.1492187274603,3792.752991619572
67645,738351.0661931796,2019.435374061565,3115.111196330116,2186.1492187274603,3792.752991619572
67646,738351.0699926927,2019.435374061565,3115.111196330116,2186.1492187274603,3792.752991619572
67647,738351.0705308563,2019.435374061565,3115.111196330116,2186.1492187274603,3792.752991619572
67653,738351.2587390536,2022.3283764500152,3173.9618508778644,2187.5687843041774,3858.916274142087
67656,738351.2988503646,2049.718355648675,3428.1314037645475,2279.5754628572545,4074.2503122039334
67658,738351.325858358,2066.101693071533,3132.955798655947,2227.231742533871,3794.4943282577233
67659,738351.3851826184,2066.101693071533,3132.955798655947,2227.231742533871,3794.4943282577233
67660,738351.3893257543,2053.3526939789576,3112.6688143067786,2213.594565593779,3770.358976211091
67667,738351.4920107471,2041.3159922610544,3093.166821840157,2200.6611033579297,3747.0248056956616
67670,738351.5095636408,2033.5464057514027,3077.7842035035674,2191.8735266494027,3727.655474545208
67671,738351.5117733729,2023.1646694791932,3120.7826570967845,2180.572103953499,3778.0521012268014
67672,738351.5122965113,2017.7369049981671,3047.1110694967074,2174.0842115306746,3689.176364969749
67673,738351.5132703709,2007.551075190192,3052.349438691375,2163.0022267823842,3694.1509313992174
67674,738351.515079073,1993.786888092301,3009.2271108464374,2148.4657750444885,3644.065861068456
67675,738351.5169542533,1982.7894338240756,2991.3595781440754,2136.6233660443595,3622.608426807605
67676,738351.5185066552,1983.2930790733633,2984.4176402587,2135.946340738971,3611.59197645044
67677,738351.5201298103,1983.2930790733633,2984.4176402587,2135.946340738971,3611.59197645044
67678,738351.5212347825,1983.2930790733633,2984.4176402587,2135.946340738971,3611.59197645044
67679,738351.529232428,1993.863752716168,2987.063569738528,2145.0513305002955,3609.753907023667
67681,738351.531247403,1984.5131886476863,2971.057967231826,2134.851622241439,3590.226572656701
67682,738351.5320632253,1975.9108627629137,2955.853294789456,2125.3905620599658,3571.5100104997546
67683,738351.5365108569,1962.1568830629378,2935.885667986432,2110.941995738687,3548.3050821451034
67684,738351.5398114098,1951.7745174703,2919.1864948747702,2099.776742187617,3528.257765774137
67685,738351.5527664179,1951.7745174703,2919.1864948747702,2099.776742187617,3528.257765774137
67686,738351.5877725444,1954.0296904157433,2914.5018554190306,2100.8940679120524,3519.7054834008854
67687,738351.6174987783,1958.6611245974402,2950.1327593583837,2104.3356451568925,3557.740355586229
67688,738351.625527405,1958.6611245974402,2950.1327593583837,2104.3356451568925,3557.740355586229
67689,738351.6338927,1946.639431461977,2894.1822752265384,2091.616896678446,3492.3119284096106
67690,738351.6507192177,1849.116899202863,2889.6082943798783,1996.8807224838786,3484.0135279099477
67691,738351.6634389233,1948.2502589159956,2882.7247992068505,2091.1404125814156,3473.559962362287
67693,738351.6843315414,1935.4071591160819,2864.223673951892,2077.6573284845385,3452.0632053776476
67697,738351.7399156248,1926.1485654826874,2849.1897575768176,2067.6680696092353,3433.9157269587013
67700,738351.7777771344,1920.2811872759905,2837.442499058439,2060.9865535315053,3418.9473456213914
67702,738351.7966216492,1915.787677442104,2827.0742343371435,2055.6524181707696,3405.3375076930015
67703,738351.8007396321,1915.787677442104,2827.0742343371435,2055.6524181707696,3405.3375076930015
67704,738351.8058889317,1915.787677442104,2827.0742343371435,2055.6524181707696,3405.3375076930015
67705,738351.8067067317,1915.787677442104,2827.0742343371435,2055.6524181707696,3405.3375076930015
67707,738351.8248636576,1905.3667080319203,2811.170358956009,2044.563551732777,3386.4783402505504
67708,738351.8514704388,1895.6637868999246,2796.0188833380394,2034.1823524982622,3368.375621538438
67710,738351.8823499278,1895.6637868999246,2796.0188833380394,2034.1823524982622,3368.375621538438
67712,738351.9062939463,1895.0802671744802,2789.581200614983,2032.6848429292168,3358.6423578207628
67714,738351.941316759,22009.84370655585,22023.058268721263,22009.84370655585,22023.058268721263
67715,738351.9525883895,1813.1222693708858,2794.909308131633,1952.9270598317592,3360.2042671397585
67717,738352.0019887504,1813.1222693708858,2794.909308131633,1952.9270598317592,3360.2042671397585
67718,738352.0048980567,1813.1222693708858,2794.909308131633,1952.9270598317592,3360.2042671397585
67720,738352.0065100419,1813.1222693708858,2794.909308131633,1952.9270598317592,3360.2042671397585
67721,738352.0081384472,1813.1222693708858,2794.909308131633,1952.9270598317592,3360.2042671397585
67722,738352.01476766,1916.562083954118,2798.412330935794,2051.7750277974105,3360.066449705418
67723,738352.0174770546,1831.839890149359,2799.9600528554406,1969.2971305172807,3358.101974249561
67724,738352.0211578339,1917.8724444021834,2788.422160316676,2051.2836409939805,3343.6532483350475
67725,738352.0228095228,1916.1939551555645,2781.3188495387817,2048.7824423992747,3333.4862532385278
67727,738352.0297900413,1910.649308476949,2770.612141722089,2042.525473781761,3319.904723440011
67728,738352.0332093249,1910.649308476949,2770.612141722089,2042.525473781761,3319.904723440011
67730,738352.0391675059,1901.1686455460615,2756.2307442299634,2032.4425447381732,3302.836961880382
67731,738352.0532767969,1901.1686455460615,2756.2307442299634,2032.4425447381732,3302.836961880382
67734,738352.0854453905,1901.1686455460615,2756.2307442299634,2032.4425447381732,3302.836961880382
67735,738352.1177215027,1892.8330526537668,2742.9983975765163,2023.4831841540126,3286.9023545657665
67736,738352.1820269949,1892.8330526537668,2742.9983975765163,2023.4831841540126,3286.9023545657665
67753,738352.5341109025,1892.8330526537668,2742.9983975765163,2023.4831841540126,3286.9023545657665
67754,738352.5387725246,1882.1564050565821,2727.601057608065,2012.2499318662485,3268.924407631574
67755,738352.5406438572,1807.938113990121,3150.2693525527116,1939.9105848774193,3667.9592244203177
67756,738352.550922825,1810.6549292239936,2732.71230745861,1941.7290370180667,3267.4951577803604
67757,738352.5818619517,1914.1357165255733,2516.095660016142,2041.0106232960786,3069.453897737075
67758,738352.5879678089,1919.8500988220617,2743.106027516136,2045.8007312965394,3271.285861993689
67759,738352.5904670676,1915.9027463028863,2734.418093508693,2041.1775430571324,3259.911926282651
67762,738352.6713252692,1916.0682668294714,2729.7036169435014,2040.575155785787,3252.3832068785023
67763,738352.6723278442,1908.2921098727734,2717.4811517355583,2032.232924519213,3237.677092048517
67764,738352.6725241677,1905.6709416280196,2710.223397044306,2028.9282855415227,3227.7674070890484
67765,738352.6730890847,1905.6709416280196,2710.223397044306,2028.9282855415227,3227.7674070890484
67766,738352.6734198033,1905.6709416280196,2710.223397044306,2028.9282855415227,3227.7674070890484
67768,738352.6773731333,1900.94346707012,2701.0121057673823,2023.5759759795403,3216.0108069856856
67770,738352.6892769656,1900.94346707012,2701.0121057673823,2023.5759759795403,3216.0108069856856
67771,738352.6897358515,1892.7810474211221,2688.577771691028,2014.8779442453433,3201.185644067522
67773,738352.6917162812,1899.0840743850808,2689.989348134862,2069.822871990806,3199.694504358671
67772,738352.6917269331,1593.000708677054,2523.9883708506945,1716.868134246975,3048.8976079200434
67774,738352.694878013,1593.000708677054,2523.9883708506945,1716.868134246975,3048.8976079200434
67776,738352.7212487935,1593.000708677054,2523.9883708506945,1716.868134246975,3048.8976079200434
67781,738352.7832463755,1593.000708677054,2523.9883708506945,1716.868134246975,3048.8976079200434
67785,738352.8760564632,1593.000708677054,2523.9883708506945,1716.868134246975,3048.8976079200434
67791,738352.9537289827,1593.000708677054,2523.9883708506945,1716.868134246975,3048.8976079200434
67792,738352.9640471131,1593.000708677054,2523.9883708506945,1716.868134246975,3048.8976079200434
67793,738352.9686944442,1915.889490944513,2774.5769136587555,2006.1731342797734,3254.4199712035947
67795,738352.9906464143,1915.889490944513,2774.5769136587555,2006.1731342797734,3254.4199712035947
67797,738353.0185565492,1915.889490944513,2774.5769136587555,2006.1731342797734,3254.4199712035947
67798,738353.0266542287,1990.7655079765727,2764.022103942369,2078.6795879330803,3241.5766219309094
67799,738353.0931901025,1990.7655079765727,2764.022103942369,2078.6795879330803,3241.5766219309094
67803,738353.1524396725,1990.7655079765727,2764.022103942369,2078.6795879330803,3241.5766219309094
67806,738353.2453395105,1990.7655079765727,2764.022103942369,2078.6795879330803,3241.5766219309094
67815,738353.487371786,1990.7655079765727,2764.022103942369,2078.6795879330803,3241.5766219309094
67824,738353.65421755,1891.8629842430787,2678.554829529562,2077.4340529502774,3234.051326570035
67826,738353.6591640345,1882.7406527251633,2665.354136907971,2067.5554377352537,3218.4773172992805
67829,738353.7309597386,1886.4905361657966,2450.595952581032,2053.9398633650894,2972.870690301753
67830,738353.7637224067,1890.353332800006,2663.779650830473,2056.729307640849,3162.720100580387
67831,738353.791398396,1883.907043191403,2653.277990428827,2049.5164778791154,3149.987648960802
67839,738353.9306373204,1883.907043191403,2653.277990428827,2049.5164778791154,3149.987648960802
67840,738354.0060563287,1883.907043191403,2653.277990428827,2049.5164778791154,3149.987648960802
67843,738354.081941974,1883.907043191403,2653.277990428827,2049.5164778791154,3149.987648960802
67845,738354.1276718578,1883.907043191403,2653.277990428827,2049.5164778791154,3149.987648960802
67867,738354.6742000169,1883.907043191403,2653.277990428827,2049.5164778791154,3149.987648960802
67868,738354.7014317096,1883.43315523131,2648.5271201024957,2048.115089948072,3142.783823041308
67870,738354.7584825853,1883.43315523131,2648.5271201024957,2048.115089948072,3142.783823041308
67874,738354.798787282,1775.9837764443473,2545.879948188694,2052.206257045287,3140.81290731319
67876,738354.9054215444,1771.6778622207098,2537.4882069764158,2046.493674308958,3129.6729793907853
67886,738355.0964673809,1767.420371203428,2529.187895977822,2040.8436086213712,3118.6490790583653
67887,738355.0977183151,1767.420371203428,2529.187895977822,2040.8436086213712,3118.6490790583653
67889,738355.1070601316,1763.1659974599017,2520.9349918231633,2035.2120293503078,3107.6988709995776
67890,738355.1140726226,1763.1659974599017,2520.9349918231633,2035.2120293503078,3107.6988709995776
67891,738355.1158331234,1763.1659974599017,2520.9349918231633,2035.2120293503078,3107.6988709995776
67895,738355.1955132822,1760.8919798904565,2514.619570680998,2031.510376827969,3098.6234233527407
67904,738355.3357032783,1760.8919798904565,2514.619570680998,2031.510376827969,3098.6234233527407
67933,738355.6721570207,1754.412098481343,2504.325077644071,2023.757203614004,3085.783057697475
67935,738355.7495579073,1754.412098481343,2504.325077644071,2023.757203614004,3085.783057697475
67942,738355.7857114024,1747.9214730923266,2494.061544276403,2016.0075544392034,3072.998461547619
67956,738356.0869598843,1747.9214730923266,2494.061544276403,2016.0075544392034,3072.998461547619
67959,738356.1535548924,15151.69325214393,2572.0318117414777,23055.81027110863,3353.023828682314
67963,738356.2907835911,15151.69325214393,2572.0318117414777,23055.81027110863,3353.023828682314
67967,738356.3459027738,15151.69325214393,2572.0318117414777,23055.81027110863,3353.023828682314
67975,738356.5262363402,1630.316521502407,2267.6862933386838,1947.1071596945953,3256.7352479165183
67986,738356.8184069631,1630.316521502407,2267.6862933386838,1947.1071596945953,3256.7352479165183
67990,738356.9393367438,1630.316521502407,2267.6862933386838,1947.1071596945953,3256.7352479165183
67991,738356.9696721621,1629.9236298273383,2263.823388429812,2018.2454289666289,3248.12631109976
67993,738357.0437457245,1629.9236298273383,2263.823388429812,2018.2454289666289,3248.12631109976
68000,738357.3401995281,1628.4910587723755,2258.992424264671,2014.7867222627435,3238.6657033772562
68025,738357.9044489531,1628.4910587723755,2258.992424264671,2014.7867222627435,3238.6657033772562
68026,738357.914017266,1628.4910587723755,2258.992424264671,2014.7867222627435,3238.6657033772562
68044,738358.3582796133,22659.104405195572,19096.28244708043,21931.730720235566,16067.42026599227
68064,738358.6567008658,1623.0793614971567,2250.348126006528,2007.5407892373182,3225.70656540304
68065,738358.6765480962,1623.0793614971567,2250.348126006528,2007.5407892373182,3225.70656540304
68068,738358.7488319067,1623.0793614971567,2250.348126006528,2007.5407892373182,3225.70656540304
68073,738358.7988292341,1623.0793614971567,2250.348126006528,2007.5407892373182,3225.70656540304
68083,738359.0141702683,1622.625323999196,2246.5363221670536,2005.0610648895893,3180.2204477590435
68086,738359.0431409928,1623.9772953173738,2244.5084922762644,2004.3323403800641,3173.6560061831947
68096,738359.3491997182,1622.3788084151722,2239.66032305733,2000.7992895313093,3164.498775700277
68106,738359.5169596726,1622.3788084151722,2239.66032305733,2000.7992895313093,3164.498775700277
68122,738359.8857461013,1557.5257845339115,1904.0004349989745,1993.1270819774884,3151.483473081719
68125,738359.9788884755,1557.5257845339115,1904.0004349989745,1993.1270819774884,3151.483473081719
68129,738360.1053693243,1557.5257845339115,1904.0004349989745,1993.1270819774884,3151.483473081719
68135,738360.3133978609,1552.043652058186,1896.8211536504487,1985.6331677040437,3118.4566194181134
68136,738360.3347452711,15148.627884659101,2363.1287459025543,21136.811464456583,3387.4455284649057
68137,738360.3398453962,15148.627884659101,2363.1287459025543,21136.811464456583,3387.4455284649057
68138,738360.3409468953,14599.158446166934,2752.2187998788218,19244.205206116338,3741.868244554265
68139,738360.3461248127,14599.158446166934,2752.2187998788218,19244.205206116338,3741.868244554265
68140,738360.3776556745,12321.287314313875,2342.366134930208,15999.898447688149,3358.0062364072696
68141,738360.3836789302,12321.287314313875,2342.366134930208,15999.898447688149,3358.0062364072696
68142,738360.3845065322,11932.982581413182,2332.285007574295,14455.373265232138,3343.6310049452886
68143,738360.3864029591,11932.982581413182,2332.285007574295,14455.373265232138,3343.6310049452886
68145,738360.4089583544,11932.982581413182,2332.285007574295,14455.373265232138,3343.6310049452886
68148,738360.4379045286,11932.982581413182,2332.285007574295,14455.373265232138,3343.6310049452886
68154,738360.6117139632,11932.982581413182,2332.285007574295,14455.373265232138,3343.6310049452886
68156,738360.629268196,10424.569901333545,2320.565476896518,11650.74126938445,3327.7617539846133
68159,738360.6441241798,10424.569901333545,2320.565476896518,11650.74126938445,3327.7617539846133
68162,738360.7089148128,10424.569901333545,2320.565476896518,11650.74126938445,3327.7617539846133
68163,738360.7158574748,10424.569901333545,2320.565476896518,11650.74126938445,3327.7617539846133
68166,738360.8431553831,6937.366185076324,2312.0060347332314,10020.35519972805,3306.531435039921
68168,738360.8624892007,5004.194924380237,2304.8549701365732,8021.4478063849565,3295.0115597454414
68170,738360.8775717507,5004.194924380237,2304.8549701365732,8021.4478063849565,3295.0115597454414
68173,738360.9965150963,5004.194924380237,2304.8549701365732,8021.4478063849565,3295.0115597454414
68177,738361.0226122597,5004.194924380237,2304.8549701365732,8021.4478063849565,3295.0115597454414
68178,738361.0860843203,5017.58779566468,2296.5882719431916,7684.527636194396,3282.48191317269
68186,738361.2562366021,5017.58779566468,2296.5882719431916,7684.527636194396,3282.48191317269
68190,738361.3220030451,5017.58779566468,2296.5882719431916,7684.527636194396,3282.48191317269
68193,738361.341113175,5017.58779566468,2296.5882719431916,7684.527636194396,3282.48191317269
68194,738361.3436437948,5017.58779566468,2296.5882719431916,7684.527636194396,3282.48191317269
68196,738361.3737426363,5017.58779566468,2296.5882719431916,7684.527636194396,3282.48191317269
68206,738361.4571210687,5017.58779566468,2296.5882719431916,7684.527636194396,3282.48191317269
68223,738361.8851603848,5017.58779566468,2296.5882719431916,7684.527636194396,3282.48191317269
68225,738361.9016170736,5015.832108774469,2287.3190451344453,7069.403917774224,3269.047624842399
68229,738361.9521685935,5015.832108774469,2287.3190451344453,7069.403917774224,3269.047624842399
68234,738362.1077441116,5015.832108774469,2287.3190451344453,7069.403917774224,3269.047624842399
68241,738362.2573392676,5057.56454534199,2280.5384368168525,6561.240126559159,3257.999901454205
68242,738362.2576385508,3416.130091368509,2656.185216818891,5415.214244351845,3603.305440661411
68244,738362.2594324008,3467.8251930431984,2269.831309574945,4554.912595937081,3238.7179507269834
68245,738362.2598275158,3481.0767885679725,2265.000700077756,3089.4979219009806,3229.6307088597678
68246,738362.2605289962,3413.665334038674,2257.680753914661,2546.7512453680206,3218.2326666277195
68248,738362.2620127373,3413.665334038674,2257.680753914661,2546.7512453680206,3218.2326666277195
68249,738362.264291566,3413.665334038674,2257.680753914661,2546.7512453680206,3218.2326666277195
68250,738362.2662879445,3384.6216826055806,2248.730177273327,2441.0018390537452,3205.3323446483437
68251,738362.2667333574,3274.2540187138375,2239.7747700903856,2344.42421361168,3192.4638624369245
68252,738362.2675634744,3216.616595126488,2233.145122494642,2277.589811418748,3181.8290161200907
68253,738362.2681664849,1368.5675348316547,2225.005921085748,2202.404620959394,3169.8039084248103
68254,738362.2707450874,1346.885761284858,2218.8036429261806,2149.5932644150744,3159.6454000405865
68255,738362.2714580003,1309.7321763863995,2210.8986517084345,2086.2759529751606,3147.9124365943276
68257,738362.2746761543,1309.7321763863995,2210.8986517084345,2086.2759529751606,3147.9124365943276
68258,738362.2757075481,1309.7321763863995,2210.8986517084345,2086.2759529751606,3147.9124365943276
68259,738362.2759741993,1309.7321763863995,2210.8986517084345,2086.2759529751606,3147.9124365943276
68260,738362.2768023825,1309.7321763863995,2210.8986517084345,2086.2759529751606,3147.9124365943276
68261,738362.2788160142,1309.7321763863995,2210.8986517084345,2086.2759529751606,3147.9124365943276
68262,738362.2798533281,1311.7845563823894,2206.8223940160046,2058.1455138721994,3139.835734340741
68264,738362.2834432139,1311.7845563823894,2206.8223940160046,2058.1455138721994,3139.835734340741
68265,738362.2845723252,1309.1160418743852,2202.289627801229,2028.2293364213142,3131.3629674723893
68266,738362.2850517714,1308.3843381657875,2197.9937104666383,2543.172439705818,3123.14953972862
68268,738362.2874264244,1308.3843381657875,2197.9937104666383,2543.172439705818,3123.14953972862
68269,738362.2884390708,1308.3843381657875,2197.9937104666383,2543.172439705818,3123.14953972862
68270,738362.2890546037,1308.3843381657875,2197.9937104666383,2543.172439705818,3123.14953972862
68271,738362.2897346629,1308.3843381657875,2197.9937104666383,2543.172439705818,3123.14953972862
68272,738362.290147569,1308.3843381657875,2197.9937104666383,2543.172439705818,3123.14953972862
68273,738362.2912064648,1308.3843381657875,2197.9937104666383,2543.172439705818,3123.14953972862
68274,738362.2944015068,1308.3843381657875,2197.9937104666383,2543.172439705818,3123.14953972862
68275,738362.2951266733,1333.495743413747,2196.7644886774274,1999.65230019339,3117.874072749225
68276,738362.2963693151,1333.495743413747,2196.7644886774274,1999.65230019339,3117.874072749225
68279,738362.3060955969,1305.0236623458054,2189.2712977754177,1952.7712780418524,3106.7030442664727
68281,738362.3124701452,1305.0236623458054,2189.2712977754177,1952.7712780418524,3106.7030442664727
68282,738362.3162502407,1285.05094930507,2182.650316903187,1914.4806048871458,3096.3905216496423
68284,738362.3225530587,1285.05094930507,2182.650316903187,1914.4806048871458,3096.3905216496423
68286,738362.3292727293,1285.05094930507,2182.650316903187,1914.4806048871458,3096.3905216496423
68287,738362.34443745,1285.05094930507,2182.650316903187,1914.4806048871458,3096.3905216496423
68291,738362.3635530631,1285.05094930507,2182.650316903187,1914.4806048871458,3096.3905216496423
68292,738362.3666387713,1285.05094930507,2182.650316903187,1914.4806048871458,3096.3905216496423
68293,738362.3722767862,1285.05094930507,2182.650316903187,1914.4806048871458,3096.3905216496423
68294,738362.3745337614,1281.5579460106194,2178.041967552064,1891.7545502675614,3088.0170845242515
68296,738362.3820299067,1281.5579460106194,2178.041967552064,1891.7545502675614,3088.0170845242515
68297,738362.3835309054,1281.5579460106194,2178.041967552064,1891.7545502675614,3088.0170845242515
68298,738362.3871586189,1281.5579460106194,2178.041967552064,1891.7545502675614,3088.0170845242515
68302,738362.4169811207,1281.5579460106194,2178.041967552064,1891.7545502675614,3088.0170845242515
68307,738362.4382721761,1918.4778639097642,2136.1126816737556,2358.593155402063,2746.021127229893
68309,738362.4453739666,1918.4778639097642,2136.1126816737556,2358.593155402063,2746.021127229893
68310,738362.4483016285,1918.4778639097642,2136.1126816737556,2358.593155402063,2746.021127229893
68313,738362.4601332259,1918.4778639097642,2136.1126816737556,2358.593155402063,2746.021127229893
68314,738362.4623134925,1918.4778639097642,2136.1126816737556,2358.593155402063,2746.021127229893
68320,738362.4910755517,1918.4778639097642,2136.1126816737556,2358.593155402063,2746.021127229893
68321,738362.5003673581,1918.4778639097642,2136.1126816737556,2358.593155402063,2746.021127229893
68323,738362.5238978424,1918.4778639097642,2136.1126816737556,2358.593155402063,2746.021127229893
68325,738362.5255176636,1460.8717839867895,2210.5699339638454,2014.0787247020091,3095.697505664503
68326,738362.5263508344,1460.8717839867895,2210.5699339638454,2014.0787247020091,3095.697505664503
68327,738362.5282182591,1455.6295955730452,2558.6748955538033,1993.6297309436864,3415.165723264544
68331,738362.5558183731,1455.6295955730452,2558.6748955538033,1993.6297309436864,3415.165723264544
68332,738362.5745390183,1445.7095121198163,2201.466314699179,1969.8674307805206,3079.5128326339054
68333,738362.5756016687,1445.7095121198163,2201.466314699179,1969.8674307805206,3079.5128326339054
68334,738362.5765763377,1445.7095121198163,2201.466314699179,1969.8674307805206,3079.5128326339054
68338,738362.6127307527,1445.7095121198163,2201.466314699179,1969.8674307805206,3079.5128326339054
68343,738362.6478701284,1445.7095121198163,2201.466314699179,1969.8674307805206,3079.5128326339054
68345,738362.6645846944,1445.7095121198163,2201.466314699179,1969.8674307805206,3079.5128326339054
68347,738362.677204234,1445.7095121198163,2201.466314699179,1969.8674307805206,3079.5128326339054
68348,738362.6852715297,1413.38803079683,2202.5398877877606,1926.873733420541,3067.923080684667
68349,738362.6934988766,1413.38803079683,2202.5398877877606,1926.873733420541,3067.923080684667
68350,738362.7274525453,1413.38803079683,2202.5398877877606,1926.873733420541,3067.923080684667
68351,738362.7279880197,1413.38803079683,2202.5398877877606,1926.873733420541,3067.923080684667
68352,738362.7295602662,1413.38803079683,2202.5398877877606,1926.873733420541,3067.923080684667
68353,738362.7402626269,1413.38803079683,2202.5398877877606,1926.873733420541,3067.923080684667
68357,738362.7545495561,1413.38803079683,2202.5398877877606,1926.873733420541,3067.923080684667
68358,738362.7643820813,1389.0864373237387,2544.320395190097,1891.617420770309,3380.5228476749653
68359,738362.7726108294,1389.0864373237387,2544.320395190097,1891.617420770309,3380.5228476749653
68360,738362.7730319587,1389.0864373237387,2544.320395190097,1891.617420770309,3380.5228476749653
68362,738362.7919744203,1389.0864373237387,2544.320395190097,1891.617420770309,3380.5228476749653
68364,738362.8206244569,1389.0864373237387,2544.320395190097,1891.617420770309,3380.5228476749653
68365,738362.8221032318,1389.0864373237387,2544.320395190097,1891.617420770309,3380.5228476749653
68366,738362.8280830848,1362.6728515300954,2187.2974560226808,1855.0275108671271,3046.2886067522777
68367,738362.8651636804,1362.6728515300954,2187.2974560226808,1855.0275108671271,3046.2886067522777
68368,738362.8725523879,1333.0371464167283,2178.7385872961027,1816.046509781671,3034.6339409077723
68369,738362.8785264853,1333.0371464167283,2178.7385872961027,1816.046509781671,3034.6339409077723
68372,738362.8992311024,1333.0371464167283,2178.7385872961027,1816.046509781671,3034.6339409077723
68373,738362.9089293783,1333.0371464167283,2178.7385872961027,1816.046509781671,3034.6339409077723
68374,738362.9181589035,1333.0371464167283,2178.7385872961027,1816.046509781671,3034.6339409077723
68375,738362.9295795668,1333.0371464167283,2178.7385872961027,1816.046509781671,3034.6339409077723
68376,738362.9487670982,1333.0371464167283,2178.7385872961027,1816.046509781671,3034.6339409077723
68377,738362.957545404,1333.0371464167283,2178.7385872961027,1816.046509781671,3034.6339409077723
68378,738362.9812416508,1309.3300308572004,2034.902375271453,1782.8715673653908,3023.75309672974
68379,738362.9838563348,1309.3300308572004,2034.902375271453,1782.8715673653908,3023.75309672974
68381,738363.0022980184,1309.3300308572004,2034.902375271453,1782.8715673653908,3023.75309672974
68384,738363.0171781274,1309.3300308572004,2034.902375271453,1782.8715673653908,3023.75309672974
68385,738363.027131857,1309.3300308572004,2034.902375271453,1782.8715673653908,3023.75309672974
68386,738363.0280071353,1309.3300308572004,2034.902375271453,1782.8715673653908,3023.75309672974
68388,738363.0417783051,1309.3300308572004,2034.902375271453,1782.8715673653908,3023.75309672974
68389,738363.0547344658,1306.7277591037434,2043.2331159069058,1769.2423325287348,3016.134149702413
68390,738363.0621678272,1313.1617196496616,2041.0359172846777,1764.3216322465444,3010.031714851753
68391,738363.0693776001,1312.98958622592,2037.7261896514137,1753.9115129386687,3002.9327343011196
68393,738363.0931975407,1312.98958622592,2037.7261896514137,1753.9115129386687,3002.9327343011196
68394,738363.1336447183,1312.98958622592,2037.7261896514137,1753.9115129386687,3002.9327343011196
68396,738363.1519930734,1312.98958622592,2037.7261896514137,1753.9115129386687,3002.9327343011196
68398,738363.2049384159,5720.953007555324,6570.272231522266,14352.161836883564,8779.453553843594
68399,738363.2099453157,1289.4072392246967,2285.6383287993635,1722.6271095217153,3218.1149292745904
68400,738363.2223845373,1290.6361381741215,2623.939230089004,2054.4147752936788,3521.0429976677433
68401,738363.2258077576,1290.6361381741215,2623.939230089004,2054.4147752936788,3521.0429976677433
68402,738363.232028927,1274.8498446460433,2614.9965024729054,2024.3608324014513,3509.168640601617
68403,738363.2334488713,1278.8164697949496,2270.284163805439,1685.84266231755,3192.596084682515
68404,738363.2386664164,1278.8164697949496,2270.284163805439,1685.84266231755,3192.596084682515
68406,738363.2407166711,1278.8164697949496,2270.284163805439,1685.84266231755,3192.596084682515
68407,738363.242409949,1278.8164697949496,2270.284163805439,1685.84266231755,3192.596084682515
68408,738363.2447512139,1278.8164697949496,2270.284163805439,1685.84266231755,3192.596084682515
68410,738363.247712744,1278.8164697949496,2270.284163805439,1685.84266231755,3192.596084682515
68412,738363.2579613724,1558.3531525403455,1809.640257592009,1964.2241768448887,2680.3531850465547
68413,738363.2593050828,1553.7737052549676,1804.8395150866534,1957.8265033580606,2672.390409572434
68414,738363.2634509692,1553.7737052549676,1804.8395150866534,1957.8265033580606,2672.390409572434
68415,738363.2659602911,1265.3864252168062,2440.6030579394223,1665.2022909187942,3338.0225850854054
68416,738363.2664219928,1265.3864252168062,2440.6030579394223,1665.2022909187942,3338.0225850854054
68417,738363.2732504572,1547.3899685579408,1983.8017133440944,1949.754890590215,2829.8370379751364
68420,738363.3071252708,1545.2284629282253,1980.152734067673,1945.662990834983,2823.070898460398
68424,738363.3312296919,1545.2284629282253,1980.152734067673,1945.662990834983,2823.070898460398
68429,738363.3875358471,957.2960719815428,2315.873158189364,1633.1087594373844,3476.806209119907
68431,738363.3895341812,957.2960719815428,2315.873158189364,1633.1087594373844,3476.806209119907
68432,738363.3920912297,2034.0092689510368,2366.1642656326353,2329.89253262244,3517.700810096635
68433,738363.3941565449,1507.6036466686774,2416.9530788787947,2104.5093485793773,3559.1201843610875
68436,738363.3977259628,1523.756134119348,2775.3785571515564,2249.887989198832,3849.999949956996
68437,738363.3977268182,1510.173003652875,2767.006523021035,2084.733183549827,3838.313163985532
68438,738363.4001732555,1501.1719007949923,2426.6155200052312,2066.103814044535,3533.822774569051
68440,738363.4083697945,1501.1719007949923,2426.6155200052312,2066.103814044535,3533.822774569051
68442,738363.4198574099,1501.1719007949923,2426.6155200052312,2066.103814044535,3533.822774569051
68443,738363.4217071558,1501.1719007949923,2426.6155200052312,2066.103814044535,3533.822774569051
68444,738363.4246905317,1501.1719007949923,2426.6155200052312,2066.103814044535,3533.822774569051
68448,738363.4543471396,1483.0950580405936,2426.8436710188707,2039.552905228037,3522.3263938132204
68451,738363.5921746258,1483.0950580405936,2426.8436710188707,2039.552905228037,3522.3263938132204
68452,738363.6100237478,1483.0950580405936,2426.8436710188707,2039.552905228037,3522.3263938132204
68454,738363.6280357662,1483.0950580405936,2426.8436710188707,2039.552905228037,3522.3263938132204
68457,738363.6518767097,1470.9515739687222,2419.994932824455,2018.7122206854976,3511.9748724662827
68458,738363.653598863,1457.5656965426558,2420.692751135274,1997.0361491286305,3501.355278635862
68461,738363.656501679,1457.5656965426558,2420.692751135274,1997.0361491286305,3501.355278635862
68463,738363.6586386185,1435.950669528631,2411.470506488737,1968.1093370719639,3489.00527463259
68464,738363.6627643377,1435.950669528631,2411.470506488737,1968.1093370719639,3489.00527463259
68465,738363.6640219757,1435.950669528631,2411.470506488737,1968.1093370719639,3489.00527463259
68467,738363.6657293193,1435.950669528631,2411.470506488737,1968.1093370719639,3489.00527463259
68468,738363.6682434195,1435.8543787889246,2407.2428520592375,1959.1517594348443,3481.1188738824453
68469,738363.6714268787,1435.8543787889246,2407.2428520592375,1959.1517594348443,3481.1188738824453
68471,738363.6795002035,1444.0973554893812,2405.054947432436,1958.1404367230355,3475.0743784631018
68472,738363.6815644584,1444.0973554893812,2405.054947432436,1958.1404367230355,3475.0743784631018
68473,738363.68601671,1444.0973554893812,2405.054947432436,1958.1404367230355,3475.0743784631018
68474,738363.6866666236,1444.0973554893812,2405.054947432436,1958.1404367230355,3475.0743784631018
68475,738363.7035350644,1444.0973554893812,2405.054947432436,1958.1404367230355,3475.0743784631018
68476,738363.704149294,1450.2466583121695,2402.4461981544696,1955.5028105886042,3468.684771002742
68477,738363.7078566578,1450.2466583121695,2402.4461981544696,1955.5028105886042,3468.684771002742
68478,738363.7102106516,1435.7165619853579,2394.8081337851195,1934.1059575849297,3457.8469539586295
68479,738363.7206898791,1423.8606920361817,2387.780218959691,1915.3889931692897,3447.5766644530645
68480,738363.7212768726,1423.8606920361817,2387.780218959691,1915.3889931692897,3447.5766644530645
68481,738363.7221366353,1428.6419101400081,2706.8761470761788,2040.8961674638435,3724.0756831824183
68482,738363.7229007425,1412.908265797345,2697.5121866500763,2043.12642830666,3711.9294664736694
68483,738363.7241349136,1403.9905014395167,2370.5262005590057,1874.9929227156695,3420.3262923103634
68485,738363.7367454704,1389.8629144971758,2362.790476906977,1854.977622735616,3409.5219288596636
68486,738363.7386108511,1389.8629144971758,2362.790476906977,1854.977622735616,3409.5219288596636
68487,738363.739915434,1389.8629144971758,2362.790476906977,1854.977622735616,3409.5219288596636
68489,738363.7568517078,1389.8629144971758,2362.790476906977,1854.977622735616,3409.5219288596636
68490,738363.7692019579,1389.8629144971758,2362.790476906977,1854.977622735616,3409.5219288596636
68491,738363.7858877861,1389.8629144971758,2362.790476906977,1854.977622735616,3409.5219288596636
68492,738363.7861062231,1401.3534057754505,2361.804849850544,1858.8946768453427,3404.7653822946527
68493,738363.7900075602,1401.3534057754505,2361.804849850544,1858.8946768453427,3404.7653822946527
68494,738363.7903423114,1396.1538755772383,2356.4394742019535,1847.5302377888615,3396.1255983854167
68496,738363.7937552341,1396.1538755772383,2356.4394742019535,1847.5302377888615,3396.1255983854167
68497,738363.8205480356,1380.7888746785889,2348.3144714943996,1826.8898656547422,3385.0444888923316
68498,738363.8254009371,2103.6843707958074,2390.193403685699,2195.60425931917,3418.6771974537937
68499,738363.8274301934,1716.434385167732,2744.859945476162,2127.324012658981,3728.4626581553125
68502,738363.8372735855,1716.434385167732,2744.859945476162,2127.324012658981,3728.4626581553125
68503,738363.8404098621,1716.434385167732,2744.859945476162,2127.324012658981,3728.4626581553125
68504,738363.8446246507,1721.144659763172,2431.981025886224,2126.1634629237656,3448.5782428130406
68505,738363.8464662114,1728.76941166533,2740.047851662513,2127.8796473236384,3717.052532916528
68506,738363.8505097876,1728.76941166533,2740.047851662513,2127.8796473236384,3717.052532916528
68507,738363.8532844654,1728.76941166533,2740.047851662513,2127.8796473236384,3717.052532916528
68508,738363.8536821521,1728.76941166533,2740.047851662513,2127.8796473236384,3717.052532916528
68509,738363.8585746544,1728.76941166533,2740.047851662513,2127.8796473236384,3717.052532916528
68510,738363.8591268366,1728.76941166533,2740.047851662513,2127.8796473236384,3717.052532916528
68512,738363.8829477902,1728.76941166533,2740.047851662513,2127.8796473236384,3717.052532916528
68513,738363.8907885117,1728.76941166533,2740.047851662513,2127.8796473236384,3717.052532916528
68514,738363.8971499847,1728.76941166533,2740.047851662513,2127.8796473236384,3717.052532916528
68515,738363.8992648954,1721.1316990952255,2426.2447640327146,2115.4929653744844,3436.1024761216186
68516,738363.9098085396,1721.1316990952255,2426.2447640327146,2115.4929653744844,3436.1024761216186
68519,738363.9468861315,1721.1316990952255,2426.2447640327146,2115.4929653744844,3436.1024761216186
68520,738363.9489618225,1721.1316990952255,2426.2447640327146,2115.4929653744844,3436.1024761216186
68522,738363.9700299232,1721.1316990952255,2426.2447640327146,2115.4929653744844,3436.1024761216186
68524,738363.9925806621,1721.1316990952255,2426.2447640327146,2115.4929653744844,3436.1024761216186
68526,738364.0217283902,1721.1316990952255,2426.2447640327146,2115.4929653744844,3436.1024761216186
68527,738364.0300235188,1721.1316990952255,2426.2447640327146,2115.4929653744844,3436.1024761216186
68528,738364.0455920149,1721.1316990952255,2426.2447640327146,2115.4929653744844,3436.1024761216186
68529,738364.048068149,1721.1316990952255,2426.2447640327146,2115.4929653744844,3436.1024761216186
68530,738364.0495290552,1721.1316990952255,2426.2447640327146,2115.4929653744844,3436.1024761216186
68531,738364.0512461918,1721.1316990952255,2426.2447640327146,2115.4929653744844,3436.1024761216186
68533,738364.0700340702,1721.1316990952255,2426.2447640327146,2115.4929653744844,3436.1024761216186
68534,738364.0749243515,5199.234342072112,7477.627554221903,5199.234342072112,20747.10405634756
68535,738364.0888058537,5199.234342072112,7477.627554221903,5199.234342072112,20747.10405634756
68537,738364.1006783015,1717.2652626686374,2728.644429231488,2256.6658500485014,3699.8307946718533
68538,738364.1018329234,1717.2652626686374,2728.644429231488,2256.6658500485014,3699.8307946718533
68539,738364.103848009,1717.2652626686374,2728.644429231488,2256.6658500485014,3699.8307946718533
68540,738364.1067242927,1717.2652626686374,2728.644429231488,2256.6658500485014,3699.8307946718533
68541,738364.1281671094,1721.7793072900743,2420.7929611061104,2105.987232883015,3423.9782246670347
68542,738364.1325828371,1721.7793072900743,2420.7929611061104,2105.987232883015,3423.9782246670347
68543,738364.1337241727,1721.7793072900743,2420.7929611061104,2105.987232883015,3423.9782246670347
68544,738364.1426473708,1721.7793072900743,2420.7929611061104,2105.987232883015,3423.9782246670347
68546,738364.1509605135,1721.7793072900743,2420.7929611061104,2105.987232883015,3423.9782246670347
68547,738364.1515414687,1721.7793072900743,2420.7929611061104,2105.987232883015,3423.9782246670347
68548,738364.1517199874,1721.7793072900743,2420.7929611061104,2105.987232883015,3423.9782246670347
68549,738364.1534549873,1721.7793072900743,2420.7929611061104,2105.987232883015,3423.9782246670347
68550,738364.1809809791,1721.7793072900743,2420.7929611061104,2105.987232883015,3423.9782246670347
68551,738364.2164340855,1713.2081261760757,2415.481084387976,2093.095140123157,3415.6337020962746
68552,738364.2247888736,1713.2081261760757,2415.481084387976,2093.095140123157,3415.6337020962746
68553,738364.2256803536,1713.2081261760757,2415.481084387976,2093.095140123157,3415.6337020962746
68554,738364.2344727671,1713.2081261760757,2415.481084387976,2093.095140123157,3415.6337020962746
68555,738364.2641514956,1713.2081261760757,2415.481084387976,2093.095140123157,3415.6337020962746
68556,738364.2659470451,1713.2081261760757,2415.481084387976,2093.095140123157,3415.6337020962746
68558,738364.307108844,1713.2081261760757,2415.481084387976,2093.095140123157,3415.6337020962746
68559,738364.3099861229,1713.2081261760757,2415.481084387976,2093.095140123157,3415.6337020962746
68560,738364.3568134137,1713.2081261760757,2415.481084387976,2093.095140123157,3415.6337020962746
68569,738364.3992268429,1698.4611147724454,2428.8011554975396,2074.5212292579154,3405.639213017298
68573,738364.4320716425,1698.4611147724454,2428.8011554975396,2074.5212292579154,3405.639213017298
68575,738364.4413404661,1698.4611147724454,2428.8011554975396,2074.5212292579154,3405.639213017298
68577,738364.44707242,1698.4611147724454,2428.8011554975396,2074.5212292579154,3405.639213017298
68580,738364.4606865982,1698.4611147724454,2428.8011554975396,2074.5212292579154,3405.639213017298
68582,738364.4763480414,1698.4611147724454,2428.8011554975396,2074.5212292579154,3405.639213017298
68586,738364.5233960953,1698.4611147724454,2428.8011554975396,2074.5212292579154,3405.639213017298
68589,738364.5564729932,1698.4611147724454,2428.8011554975396,2074.5212292579154,3405.639213017298
68590,738364.5618804314,1698.4611147724454,2428.8011554975396,2074.5212292579154,3405.639213017298
68592,738364.6208797545,1700.1064678743537,2740.5119112192097,2168.369558883007,3667.2006514479012
68594,738364.6433809025,1700.1064678743537,2740.5119112192097,2168.369558883007,3667.2006514479012
68596,738364.7168294635,1700.1064678743537,2740.5119112192097,2168.369558883007,3667.2006514479012
68598,738364.7376112506,1700.1064678743537,2740.5119112192097,2168.369558883007,3667.2006514479012
68599,738364.7435956794,1689.5716274357026,2882.682725252025,2057.001585917669,3657.417986316388
68601,738364.7467873469,1689.5716274357026,2882.682725252025,2057.001585917669,3657.417986316388
68603,738364.7726749083,1689.5716274357026,2882.682725252025,2057.001585917669,3657.417986316388
68604,738364.7777880877,1689.5716274357026,2882.682725252025,2057.001585917669,3657.417986316388
68605,738364.7813795457,1672.9179231616679,2565.1963008123844,2036.9242498712033,3380.5902579455546
68607,738364.798198083,1672.9179231616679,2565.1963008123844,2036.9242498712033,3380.5902579455546
68608,738364.7995280322,1672.9179231616679,2565.1963008123844,2036.9242498712033,3380.5902579455546
68612,738364.8813194995,1672.9179231616679,2565.1963008123844,2036.9242498712033,3380.5902579455546
68613,738364.8825809498,1672.9179231616679,2565.1963008123844,2036.9242498712033,3380.5902579455546
68614,738364.8944615659,1672.9179231616679,2565.1963008123844,2036.9242498712033,3380.5902579455546
68615,738364.9151303234,1672.9179231616679,2565.1963008123844,2036.9242498712033,3380.5902579455546
68616,738364.9292727546,1672.9179231616679,2565.1963008123844,2036.9242498712033,3380.5902579455546
68617,738364.9379078058,1672.9179231616679,2565.1963008123844,2036.9242498712033,3380.5902579455546
68618,738364.9465546936,1672.9179231616679,2565.1963008123844,2036.9242498712033,3380.5902579455546
68619,738364.9530077137,1672.9179231616679,2565.1963008123844,2036.9242498712033,3380.5902579455546
68620,738364.9579764341,1672.9179231616679,2565.1963008123844,2036.9242498712033,3380.5902579455546
68621,738364.9619706395,1672.9179231616679,2565.1963008123844,2036.9242498712033,3380.5902579455546
68623,738364.9668358582,1672.9179231616679,2565.1963008123844,2036.9242498712033,3380.5902579455546
68624,738365.0008734077,1672.9179231616679,2565.1963008123844,2036.9242498712033,3380.5902579455546
68625,738365.0028810046,1672.9179231616679,2565.1963008123844,2036.9242498712033,3380.5902579455546
68628,738365.0231532645,1672.9179231616679,2565.1963008123844,2036.9242498712033,3380.5902579455546
68629,738365.0244060438,1672.9179231616679,2565.1963008123844,2036.9242498712033,3380.5902579455546
68630,738365.0250828578,1672.9179231616679,2565.1963008123844,2036.9242498712033,3380.5902579455546
68631,738365.02645712,1672.9179231616679,2565.1963008123844,2036.9242498712033,3380.5902579455546
68632,738365.0401921143,1672.9179231616679,2565.1963008123844,2036.9242498712033,3380.5902579455546
68633,738365.0420728237,1672.9179231616679,2565.1963008123844,2036.9242498712033,3380.5902579455546
68634,738365.0440190902,1672.9179231616679,2565.1963008123844,2036.9242498712033,3380.5902579455546
68638,738365.0672210505,1672.9179231616679,2565.1963008123844,2036.9242498712033,3380.5902579455546
68640,738365.0871798913,1672.9179231616679,2565.1963008123844,2036.9242498712033,3380.5902579455546
68641,738365.0924842899,1659.3558190558979,2789.646789415749,2019.8360052156634,3370.8391051064677
68644,738365.1153023357,1659.3558190558979,2789.646789415749,2019.8360052156634,3370.8391051064677
68647,738365.1345519772,1659.3558190558979,2789.646789415749,2019.8360052156634,3370.8391051064677
68649,738365.1955776641,1639.7822579791386,2788.739622913886,1997.1728867180104,3359.379775833072
68656,738365.2664973646,1639.7822579791386,2788.739622913886,1997.1728867180104,3359.379775833072
68658,738365.2762133951,1621.929237743112,2801.802412025755,1976.2021277894403,3348.349489571845
68660,738365.2885617097,1621.929237743112,2801.802412025755,1976.2021277894403,3348.349489571845
68661,738365.307762474,1621.929237743112,2801.802412025755,1976.2021277894403,3348.349489571845
68662,738365.3281261973,1621.929237743112,2801.802412025755,1976.2021277894403,3348.349489571845
68664,738365.3480571662,1621.929237743112,2801.802412025755,1976.2021277894403,3348.349489571845
68667,738365.3869749889,1621.929237743112,2801.802412025755,1976.2021277894403,3348.349489571845
68669,738365.3949327682,1621.929237743112,2801.802412025755,1976.2021277894403,3348.349489571845
68673,738365.4336534698,1612.1938265089589,2808.2994765140706,1962.954120763614,3339.5830868877156
68674,738365.4377804284,4664.853950903205,3649.9925127026245,12365.281072950665,3801.5056071196905
68676,738365.4644213947,4664.853950903205,3649.9925127026245,12365.281072950665,3801.5056071196905
68679,738365.5503678609,2484.8520696134365,3041.910746751043,2185.827211569085,3440.687631684589
68682,738365.56673665,1885.3860137194654,3106.7838272164195,2212.916178484662,3474.8464615878033
68683,738365.5761167213,1876.6073732624834,3102.377244550997,2200.9860162223436,3466.8201904994467
68684,738365.5768248424,2596.525522749428,3154.860282172837,2258.0956489688588,3496.8462370756515
68685,738365.5938892999,2596.525522749428,3154.860282172837,2258.0956489688588,3496.8462370756515
68687,738365.6029912086,2121.409105922463,3254.243351956773,2425.431597260371,3528.6540645845807
68688,738365.6411214963,2121.409105922463,3254.243351956773,2425.431597260371,3528.6540645845807
68689,738365.6675029377,2106.293111992684,3240.006116628132,2407.859232129634,3519.3430019162724
68690,738365.7117268892,2106.293111992684,3240.006116628132,2407.859232129634,3519.3430019162724
68691,738365.7260769134,2106.293111992684,3240.006116628132,2407.859232129634,3519.3430019162724
68692,738365.7294889047,2085.4176813478725,3222.8128618463875,2384.8860465176645,3508.254991010131
68693,738365.7315326927,2085.4176813478725,3222.8128618463875,2384.8860465176645,3508.254991010131
68694,738365.7450566641,2085.4176813478725,3222.8128618463875,2384.8860465176645,3508.254991010131
68695,738365.7468470422,2085.4176813478725,3222.8128618463875,2384.8860465176645,3508.254991010131
68696,738365.7859102401,2085.4176813478725,3222.8128618463875,2384.8860465176645,3508.254991010131
68697,738365.7956370482,2085.4176813478725,3222.8128618463875,2384.8860465176645,3508.254991010131
68699,738365.8279094308,2085.4176813478725,3222.8128618463875,2384.8860465176645,3508.254991010131
68700,738365.9022430151,2085.4176813478725,3222.8128618463875,2384.8860465176645,3508.254991010131
68701,738365.9078509379,2085.4176813478725,3222.8128618463875,2384.8860465176645,3508.254991010131
68703,738365.9319609238,2085.4176813478725,3222.8128618463875,2384.8860465176645,3508.254991010131
68704,738365.9461621646,2085.4176813478725,3222.8128618463875,2384.8860465176645,3508.254991010131
68705,738365.952398691,2085.4176813478725,3222.8128618463875,2384.8860465176645,3508.254991010131
68708,738366.0189933004,2085.4176813478725,3222.8128618463875,2384.8860465176645,3508.254991010131
68709,738366.0221503278,2085.4176813478725,3222.8128618463875,2384.8860465176645,3508.254991010131
68710,738366.0232678296,2085.4176813478725,3222.8128618463875,2384.8860465176645,3508.254991010131
68711,738366.0262975531,2085.4176813478725,3222.8128618463875,2384.8860465176645,3508.254991010131
68712,738366.0969767604,2085.4176813478725,3222.8128618463875,2384.8860465176645,3508.254991010131
68713,738366.0998487801,2085.4176813478725,3222.8128618463875,2384.8860465176645,3508.254991010131
68714,738366.123648967,2085.4176813478725,3222.8128618463875,2384.8860465176645,3508.254991010131
68717,738366.1723823444,2085.4176813478725,3222.8128618463875,2384.8860465176645,3508.254991010131
68721,738366.2451564851,2085.4176813478725,3222.8128618463875,2384.8860465176645,3508.254991010131
68727,738366.3007390667,2085.4176813478725,3222.8128618463875,2384.8860465176645,3508.254991010131
68735,738366.4236660259,2085.4176813478725,3222.8128618463875,2384.8860465176645,3508.254991010131
68736,738366.4308494619,2085.4176813478725,3222.8128618463875,2384.8860465176645,3508.254991010131
68737,738366.4310410711,2085.4176813478725,3222.8128618463875,2384.8860465176645,3508.254991010131
68739,738366.4379281014,2085.4176813478725,3222.8128618463875,2384.8860465176645,3508.254991010131
68740,738366.4538331915,2066.075321353796,3270.0455620576695,2363.40940688991,3497.566985236046
68743,738366.4662889695,2066.075321353796,3270.0455620576695,2363.40940688991,3497.566985236046
68744,738366.4703264065,2066.075321353796,3270.0455620576695,2363.40940688991,3497.566985236046
68745,738366.4782854577,2066.075321353796,3270.0455620576695,2363.40940688991,3497.566985236046
68750,738366.5207291072,2049.2638347455327,3353.173611979729,2344.3762884848256,3487.5961537706107
68755,738366.6503587668,2033.004717632307,3446.99036667238,2325.9128737615674,3477.7499420476515
68758,738366.7091446611,2033.004717632307,3446.99036667238,2325.9128737615674,3477.7499420476515
68759,738366.723410805,2023.2171726182044,3982.702482653071,2313.6358345529875,3721.6730110429958
68760,738366.7257996696,2023.2171726182044,3982.702482653071,2313.6358345529875,3721.6730110429958
68762,738366.7599683176,2023.2171726182044,3982.702482653071,2313.6358345529875,3721.6730110429958
68766,738366.7859646052,2006.6206045459498,3996.4677575015826,2428.8620458810924,3710.8473192250003
68765,738366.7859693231,1084.6738811336056,3090.09224605696,1510.8570836820704,2976.2634803929477
68767,738366.7880237413,1084.6738811336056,3090.09224605696,1510.8570836820704,2976.2634803929477
68768,738366.7891125447,1084.6738811336056,3090.09224605696,1510.8570836820704,2976.2634803929477
68769,738366.8019351272,2490.2440291245352,4113.587130000106,2847.9535967958623,3759.313944367292
68770,738366.8045997231,2490.2440291245352,4113.587130000106,2847.9535967958623,3759.313944367292
68771,738366.8075437613,2490.2440291245352,4113.587130000106,2847.9535967958623,3759.313944367292
68772,738366.8192373067,2490.2440291245352,4113.587130000106,2847.9535967958623,3759.313944367292
68773,738366.8247525061,2490.2440291245352,4113.587130000106,2847.9535967958623,3759.313944367292
68774,738366.8273182324,2490.2440291245352,4113.587130000106,2847.9535967958623,3759.313944367292
68775,738366.8282031213,2490.2440291245352,4113.587130000106,2847.9535967958623,3759.313944367292
68776,738366.8462801886,2490.2440291245352,4113.587130000106,2847.9535967958623,3759.313944367292
68778,738366.8735970291,2490.2440291245352,4113.587130000106,2847.9535967958623,3759.313944367292
68779,738366.880271717,2490.2440291245352,4113.587130000106,2847.9535967958623,3759.313944367292
68780,738366.8933166055,2490.2440291245352,4113.587130000106,2847.9535967958623,3759.313944367292
68781,738366.8937363398,2180.1536956112077,3627.9750951497085,2451.490423597911,3501.0163603376736
68782,738366.9092237714,2161.479615351269,4108.7862053376175,2431.0885149235355,3738.2547821764924
68783,738366.9140372295,2161.479615351269,4108.7862053376175,2431.0885149235355,3738.2547821764924
68784,738366.9283850028,2161.479615351269,4108.7862053376175,2431.0885149235355,3738.2547821764924
68785,738366.9327864468,2161.479615351269,4108.7862053376175,2431.0885149235355,3738.2547821764924
68786,738366.957491715,2161.479615351269,4108.7862053376175,2431.0885149235355,3738.2547821764924
68787,738366.9633815504,2149.6236595757136,3590.3230563762377,2417.2101637566875,3482.4452164131917
68789,738366.9729703544,2149.6236595757136,3590.3230563762377,2417.2101637566875,3482.4452164131917
68791,738366.9786220707,2149.6236595757136,3590.3230563762377,2417.2101637566875,3482.4452164131917
68792,738366.9824639078,2149.6236595757136,3590.3230563762377,2417.2101637566875,3482.4452164131917
68793,738366.9905525632,2149.6236595757136,3590.3230563762377,2417.2101637566875,3482.4452164131917
68796,738367.0514183166,2149.6236595757136,3590.3230563762377,2417.2101637566875,3482.4452164131917
68797,738367.0553815998,2137.980482283543,4186.78805632431,2403.572980581468,3720.3281905138765
68799,738367.0640496816,2137.980482283543,4186.78805632431,2403.572980581468,3720.3281905138765
68802,738367.075336099,2137.980482283543,4186.78805632431,2403.572980581468,3720.3281905138765
68803,738367.1207866793,2137.980482283543,4186.78805632431,2403.572980581468,3720.3281905138765
68804,738367.1294495619,2137.980482283543,4186.78805632431,2403.572980581468,3720.3281905138765
68805,738367.1315421952,2137.980482283543,4186.78805632431,2403.572980581468,3720.3281905138765
68806,738367.1367367532,2137.980482283543,4186.78805632431,2403.572980581468,3720.3281905138765
68807,738367.1463311369,2137.980482283543,4186.78805632431,2403.572980581468,3720.3281905138765
68808,738367.1807437756,2137.980482283543,4186.78805632431,2403.572980581468,3720.3281905138765
68809,738367.1856694783,2137.980482283543,4186.78805632431,2403.572980581468,3720.3281905138765
68812,738367.2315735712,2137.980482283543,4186.78805632431,2403.572980581468,3720.3281905138765
68813,738367.2374797198,2137.980482283543,4186.78805632431,2403.572980581468,3720.3281905138765
68817,738367.3296787778,2137.980482283543,4186.78805632431,2403.572980581468,3720.3281905138765
68818,738367.3343027644,2137.980482283543,4186.78805632431,2403.572980581468,3720.3281905138765
68819,738367.3479454364,2137.980482283543,4186.78805632431,2403.572980581468,3720.3281905138765
68821,738367.3577278843,2137.980482283543,4186.78805632431,2403.572980581468,3720.3281905138765
68822,738367.364430419,2133.11358523203,3676.891702590559,2396.4300645390076,3468.3306866985768
68829,738367.4564570913,2133.11358523203,3676.891702590559,2396.4300645390076,3468.3306866985768
68834,738367.5077131917,2128.0116685758967,4178.731375415922,2389.1056535274884,3706.795781405007
68835,738367.5124463835,2128.0116685758967,4178.731375415922,2389.1056535274884,3706.795781405007
68836,738367.5161360445,2128.0116685758967,4178.731375415922,2389.1056535274884,3706.795781405007
68837,738367.5202465638,2128.0116685758967,4178.731375415922,2389.1056535274884,3706.795781405007
68838,738367.5283266985,2110.605974918877,4152.585075051888,2370.088242123557,3695.9197473420973
68847,738367.648788059,6324.183026186819,10453.137792682266,18426.177840510787,19618.600154826945
68848,738367.6555698122,6324.183026186819,10453.137792682266,18426.177840510787,19618.600154826945
68854,738367.7622617352,6324.183026186819,10453.137792682266,18426.177840510787,19618.600154826945
68856,738367.8211459366,2093.8719335854057,4200.893949267331,2472.968625942474,3685.2263258916014
68857,738367.831191922,2093.8719335854057,4200.893949267331,2472.968625942474,3685.2263258916014
68860,738367.8889093713,2093.8719335854057,4200.893949267331,2472.968625942474,3685.2263258916014
68862,738367.8958809362,2093.8719335854057,4200.893949267331,2472.968625942474,3685.2263258916014
68863,738367.9550191568,2087.6812442662927,3626.3324085540025,2343.4876852787324,3435.818583138227
68864,738367.9688145895,2087.6812442662927,3626.3324085540025,2343.4876852787324,3435.818583138227
68866,738368.009388816,8120.404292406933,2414.360460807159,2689.1928619155156,2468.6004555347004
68868,738368.0266443945,2072.82648078252,3623.3408967866817,2326.997492753576,3426.4508194582527
68869,738368.0316665741,2072.82648078252,3623.3408967866817,2326.997492753576,3426.4508194582527
68870,738368.0586024661,2065.9221281895952,4173.752145588445,2454.2392563204576,3660.4980062920135
68871,738368.0702207164,2065.9221281895952,4173.752145588445,2454.2392563204576,3660.4980062920135
68872,738368.0809235306,2058.6448388876715,3602.2103612664155,2326.3812332162297,3422.7176744266644
68873,738368.0818045489,2050.850820315937,3584.7423791737306,2316.4937604848346,3415.667926465333
68874,738368.084018307,2050.850820315937,3584.7423791737306,2316.4937604848346,3415.667926465333
68875,738368.0892285196,2044.9767983064953,3568.945031493322,2308.49564328126,3409.283927966323
68876,738368.1008030054,2030.7852053956578,3546.648376484043,2292.5062027762365,3399.9814787803653
68877,738368.1019641969,2030.7852053956578,3546.648376484043,2292.5062027762365,3399.9814787803653
68878,738368.1022146291,2030.7852053956578,3546.648376484043,2292.5062027762365,3399.9814787803653
68879,738368.1141914754,2030.7852053956578,3546.648376484043,2292.5062027762365,3399.9814787803653
68881,738368.1294730905,2030.7852053956578,3546.648376484043,2292.5062027762365,3399.9814787803653
68885,738368.1515850928,2030.7852053956578,3546.648376484043,2292.5062027762365,3399.9814787803653
68886,738368.1554528243,2030.7852053956578,3546.648376484043,2292.5062027762365,3399.9814787803653
68888,738368.170176645,2030.7852053956578,3546.648376484043,2292.5062027762365,3399.9814787803653
68889,738368.194861748,2024.1030302589947,4065.788393423753,2415.5457130306127,3631.088636591392
68893,738368.2450359983,2024.1030302589947,4065.788393423753,2415.5457130306127,3631.088636591392
68896,738368.2551232146,2024.1030302589947,4065.788393423753,2415.5457130306127,3631.088636591392
68899,738368.2859067898,2024.1030302589947,4065.788393423753,2415.5457130306127,3631.088636591392
68900,738368.2939705449,2017.1878836289482,3514.249626825781,2283.2295873093713,3393.0932684644017
68901,738368.2972783896,2017.1878836289482,3514.249626825781,2283.2295873093713,3393.0932684644017
68904,738368.3404866627,2017.1878836289482,3514.249626825781,2283.2295873093713,3393.0932684644017
68916,738368.4803917669,1780.7540317485032,3779.270353304159,1874.8565119224804,3173.1801598333373
68922,738368.6280225145,1780.7540317485032,3779.270353304159,1874.8565119224804,3173.1801598333373
68927,738368.6810902028,1802.534811799848,3604.8787629838193,1874.1315716652255,3081.116208377789
68928,738368.7263197358,1802.534811799848,3604.8787629838193,1874.1315716652255,3081.116208377789
68929,738368.7403113317,2006.69199632072,3798.4207683601517,2281.100608095521,3449.843482278029
68935,738368.8244559747,2006.69199632072,3798.4207683601517,2281.100608095521,3449.843482278029
68941,738368.9674553762,2006.69199632072,3798.4207683601517,2281.100608095521,3449.843482278029
68942,738368.9996173594,2006.69199632072,3798.4207683601517,2281.100608095521,3449.843482278029
68943,738369.0149316125,1996.6290435868298,3813.067317638227,2268.864298897468,3441.7172602456717
68944,738369.0164621818,1996.6290435868298,3813.067317638227,2268.864298897468,3441.7172602456717
68945,738369.0187885582,1996.6290435868298,3813.067317638227,2268.864298897468,3441.7172602456717
68946,738369.0204626689,1996.6290435868298,3813.067317638227,2268.864298897468,3441.7172602456717
68949,738369.0323849192,1996.6290435868298,3813.067317638227,2268.864298897468,3441.7172602456717
68951,738369.0484472023,1996.6290435868298,3813.067317638227,2268.864298897468,3441.7172602456717
68952,738369.056885514,1996.6290435868298,3813.067317638227,2268.864298897468,3441.7172602456717
68953,738369.0596651906,1981.3592879365456,3787.6224245213166,2251.5462742301497,3431.6973852547308
68954,738369.0642243584,1981.3592879365456,3787.6224245213166,2251.5462742301497,3431.6973852547308
68955,738369.0668641183,1981.3592879365456,3787.6224245213166,2251.5462742301497,3431.6973852547308
68956,738369.0718634457,1981.3592879365456,3787.6224245213166,2251.5462742301497,3431.6973852547308
68957,738369.0791526939,1981.3592879365456,3787.6224245213166,2251.5462742301497,3431.6973852547308
68958,738369.0849357521,1981.3592879365456,3787.6224245213166,2251.5462742301497,3431.6973852547308
68959,738369.0981372696,1981.3592879365456,3787.6224245213166,2251.5462742301497,3431.6973852547308
68960,738369.1082767309,1981.3592879365456,3787.6224245213166,2251.5462742301497,3431.6973852547308
68961,738369.1196300237,1973.3053430893826,3768.2662647769303,2241.3572109241695,3424.266796296855
68962,738369.1594985004,1973.3053430893826,3768.2662647769303,2241.3572109241695,3424.266796296855
68964,738369.1703955431,1973.3053430893826,3768.2662647769303,2241.3572109241695,3424.266796296855
68965,738369.2007140826,1973.3053430893826,3768.2662647769303,2241.3572109241695,3424.266796296855
68966,738369.2086566298,1973.3053430893826,3768.2662647769303,2241.3572109241695,3424.266796296855
68967,738369.2252805379,1973.3053430893826,3768.2662647769303,2241.3572109241695,3424.266796296855
68968,738369.2284847068,1973.3053430893826,3768.2662647769303,2241.3572109241695,3424.266796296855
68969,738369.2345911314,1973.3053430893826,3768.2662647769303,2241.3572109241695,3424.266796296855
68975,738369.3446849635,1973.3053430893826,3768.2662647769303,2241.3572109241695,3424.266796296855
68980,738369.3819638016,1961.5930907054315,3746.049434686065,2227.6063971813273,3415.4958760661625
68986,738369.4292891433,1961.5930907054315,3746.049434686065,2227.6063971813273,3415.4958760661625
68992,738369.5076332144,1961.5930907054315,3746.049434686065,2227.6063971813273,3415.4958760661625
68993,738369.5277575377,5460.253153575426,8104.52600099077,5460.253153575426,19805.094098689693
68997,738369.5701539505,5460.253153575426,8104.52600099077,5460.253153575426,19805.094098689693
68999,738369.6405031466,1948.5838969869762,3722.9067235994207,2212.6137743799054,3406.230453727098
69002,738369.7662864035,1933.8726028145368,3704.927396725387,2195.979469641498,3396.313524934996
69003,738369.7667069167,1933.8726028145368,3704.927396725387,2195.979469641498,3396.313524934996
69004,738369.7690859636,1933.8726028145368,3704.927396725387,2195.979469641498,3396.313524934996
69005,738369.7713935038,1933.8726028145368,3704.927396725387,2195.979469641498,3396.313524934996
69006,738369.7888231024,1933.8726028145368,3704.927396725387,2195.979469641498,3396.313524934996
69007,738369.8033376299,1923.3153580195521,3702.296004035406,2183.4629372267004,3290.6357852647498
69008,738369.8232130862,1913.0208880861676,3681.365617981001,2171.2365427825066,3282.589019132486
69009,738369.8324388692,1913.0208880861676,3681.365617981001,2171.2365427825066,3282.589019132486
69011,738369.8690427585,1913.0208880861676,3681.365617981001,2171.2365427825066,3282.589019132486
69014,738369.8865127056,1913.0208880861676,3681.365617981001,2171.2365427825066,3282.589019132486
69019,738369.9938369053,1913.0208880861676,3681.365617981001,2171.2365427825066,3282.589019132486
69020,738370.0078775616,6008.891854749432,13311.484146065433,17413.57729458067,19366.07350139699
69021,738370.0084542844,6008.891854749432,13311.484146065433,17413.57729458067,19366.07350139699
69024,738370.0506554804,6008.891854749432,13311.484146065433,17413.57729458067,19366.07350139699
69025,738370.0887975798,6008.891854749432,13311.484146065433,17413.57729458067,19366.07350139699
69030,738370.123564295,6008.891854749432,13311.484146065433,17413.57729458067,19366.07350139699
69035,738370.166980844,6008.891854749432,13311.484146065433,17413.57729458067,19366.07350139699
69037,738370.1862718179,6008.891854749432,13311.484146065433,17413.57729458067,19366.07350139699
69039,738370.2633585135,6008.891854749432,13311.484146065433,17413.57729458067,19366.07350139699
69051,738370.4374400419,6008.891854749432,13311.484146065433,17413.57729458067,19366.07350139699
69052,738370.4506460382,1914.5132403116536,4271.7224848929345,2293.874325651404,3509.8483475621624
69053,738370.4696367831,1914.5132403116536,4271.7224848929345,2293.874325651404,3509.8483475621624
69056,738370.5168424076,1914.5132403116536,4271.7224848929345,2293.874325651404,3509.8483475621624
69061,738370.6278789,1914.5132403116536,4271.7224848929345,2293.874325651404,3509.8483475621624
69062,738370.6506649371,1914.5132403116536,4271.7224848929345,2293.874325651404,3509.8483475621624
69063,738370.6588130349,1914.5132403116536,4271.7224848929345,2293.874325651404,3509.8483475621624
69064,738370.6710961969,1914.5132403116536,4271.7224848929345,2293.874325651404,3509.8483475621624
69069,738370.8148085345,1914.5132403116536,4271.7224848929345,2293.874325651404,3509.8483475621624
69070,738370.83267562,1914.5132403116536,4271.7224848929345,2293.874325651404,3509.8483475621624
69071,738370.8385878382,1914.5132403116536,4271.7224848929345,2293.874325651404,3509.8483475621624
69078,738370.9307945401,1921.8395084407164,3634.2243405005506,2017.861525272672,3126.8715866617717
69077,738370.9308086768,3080.009559987248,3660.277701636743,2263.429298683411,3139.736816127148
69080,738371.0428289456,3080.009559987248,3660.277701636743,2263.429298683411,3139.736816127148
69081,738371.0462257259,3080.009559987248,3660.277701636743,2263.429298683411,3139.736816127148
69082,738371.0587916604,3080.009559987248,3660.277701636743,2263.429298683411,3139.736816127148
69089,738371.262818254,3080.009559987248,3660.277701636743,2263.429298683411,3139.736816127148
69092,738371.302768215,3080.009559987248,3660.277701636743,2263.429298683411,3139.736816127148
69103,738371.4383559775,3080.009559987248,3660.277701636743,2263.429298683411,3139.736816127148
69104,738371.449747322,2010.5855579443778,3559.275867064103,2092.4741256817656,3057.113425956344
69105,738371.4515863771,2010.5855579443778,3559.275867064103,2092.4741256817656,3057.113425956344
69110,738371.5340750144,2001.500735862976,3554.38236904067,2082.891499509937,3035.9213998684168
69112,738371.5523912867,1991.0235442107473,4058.3531343832146,2071.9458087852863,3260.338205196682
69116,738371.6754368534,1991.0235442107473,4058.3531343832146,2071.9458087852863,3260.338205196682
69130,738372.0549647184,1991.0235442107473,4058.3531343832146,2071.9458087852863,3260.338205196682
69132,738372.1704962928,1991.0235442107473,4058.3531343832146,2071.9458087852863,3260.338205196682
69140,738372.3177712333,1991.0235442107473,4058.3531343832146,2071.9458087852863,3260.338205196682
69141,738372.3537668369,7567.524238139174,3841.9571885870782,1809.4117930344353,2941.505578258633
69150,738372.4040833549,5504.622401577669,3819.9441521574217,1803.7502762126671,2934.653710578411
69153,738372.454410275,1988.6966839779334,3798.7347118077396,2069.0322674439417,3133.456368733925
69162,738372.7086040283,1988.6966839779334,3798.7347118077396,2069.0322674439417,3133.456368733925
69164,738372.7224927042,1988.6966839779334,3798.7347118077396,2069.0322674439417,3133.456368733925
69165,738372.7921128115,1988.6966839779334,3798.7347118077396,2069.0322674439417,3133.456368733925
69168,738372.911611074,1988.6966839779334,3798.7347118077396,2069.0322674439417,3133.456368733925
69171,738372.9793961815,1988.6966839779334,3798.7347118077396,2069.0322674439417,3133.456368733925
69173,738373.018035662,1988.6966839779334,3798.7347118077396,2069.0322674439417,3133.456368733925
69174,738373.0212203095,1988.6966839779334,3798.7347118077396,2069.0322674439417,3133.456368733925
69179,738373.1008899213,1988.6966839779334,3798.7347118077396,2069.0322674439417,3133.456368733925
69191,738373.334520284,1988.0240703009388,4032.1914722193924,2277.704154803119,3358.2897251602976
69195,738373.4003644439,3984.608599565601,3855.0334950988945,1901.9347408569897,2846.156653113001
69201,738373.4630723033,3984.608599565601,3855.0334950988945,1901.9347408569897,2846.156653113001
69203,738373.5140056052,3984.608599565601,3855.0334950988945,1901.9347408569897,2846.156653113001
69218,738373.9910781361,4536.429477833674,3927.3410584581598,1900.8277306467091,2982.840511780982
69219,738373.999344694,4536.429477833674,3927.3410584581598,1900.8277306467091,2982.840511780982
69220,738374.0125014376,4360.472966236869,7937.610931329262,20126.626757584345,21172.24239065763
69222,738374.0727557115,4360.472966236869,7937.610931329262,20126.626757584345,21172.24239065763
69223,738374.0739846156,4360.472966236869,7937.610931329262,20126.626757584345,21172.24239065763
69232,738374.3902060532,4360.472966236869,7937.610931329262,20126.626757584345,21172.24239065763
69234,738374.4171751934,4360.472966236869,7937.610931329262,20126.626757584345,21172.24239065763
69235,738374.4216274208,4360.472966236869,7937.610931329262,20126.626757584345,21172.24239065763
69236,738374.428650237,4360.472966236869,7937.610931329262,20126.626757584345,21172.24239065763
69238,738374.6925067297,1995.7549673686124,4166.303702730852,2074.7664013367926,3092.4825735202526
69242,738374.8004970662,1995.7549673686124,4166.303702730852,2074.7664013367926,3092.4825735202526
69252,738375.0904247236,1995.7549673686124,4166.303702730852,2074.7664013367926,3092.4825735202526
69264,738375.3452721935,2019.5187193248184,4104.8193029944705,2072.7727082447595,3088.630088975436
69274,738375.4291257644,2019.5187193248184,4104.8193029944705,2072.7727082447595,3088.630088975436
69289,738375.7798151487,10205.74493675618,11581.046858989874,10205.74493675618,23581.43798417145
69294,738375.8387063318,2048.088978243267,4160.927389684992,2062.500257514377,3081.467317183215
69300,738375.9609044435,2048.088978243267,4160.927389684992,2062.500257514377,3081.467317183215
69303,738376.0946179753,2048.088978243267,4160.927389684992,2062.500257514377,3081.467317183215
69304,738376.1237762929,2048.088978243267,4160.927389684992,2062.500257514377,3081.467317183215
69305,738376.1930558695,2048.088978243267,4160.927389684992,2062.500257514377,3081.467317183215
69306,738376.2102787897,2048.088978243267,4160.927389684992,2062.500257514377,3081.467317183215
69326,738376.6424507964,3492.4887743096797,4846.654229470965,2449.0812688007177,3563.0181369584307
69328,738376.6477086773,2280.5138361195536,4388.45181362596,2247.5034690054085,3150.2842893363177
69332,738376.731881513,2264.076358996302,4358.268377855031,2232.5067593153444,3141.508829253619
69333,738376.738915303,2264.076358996302,4358.268377855031,2232.5067593153444,3141.508829253619
69336,738376.8284215992,2258.780220206603,4338.4676793983135,2227.823163913891,3136.9072368413736
69337,738376.8561087217,2255.1911049811574,4320.434464339632,2224.714971052094,3132.951122148992
69343,738376.9100403338,2255.1911049811574,4320.434464339632,2224.714971052094,3132.951122148992
69344,738376.9302035696,2255.1911049811574,4320.434464339632,2224.714971052094,3132.951122148992
69345,738376.9514547891,2259.4118833319862,4324.2960275116675,2219.413138381654,3128.096731781467
69356,738377.1668941077,5038.625773062877,6889.21311128212,20461.051325553144,6849.528630381066
69385,738377.9085208102,6303.419048015711,12921.602446118755,9096.430874762505,16421.364470686964
69387,738377.9821457141,6303.419048015711,12921.602446118755,9096.430874762505,16421.364470686964
69391,738378.0256124147,2554.229220822703,5434.972557092245,2218.0231531253953,3199.3511398281576
69400,738378.1481734259,2554.229220822703,5434.972557092245,2218.0231531253953,3199.3511398281576
69431,738378.8629702089,2554.229220822703,5434.972557092245,2218.0231531253953,3199.3511398281576
69433,738378.9609663603,2554.229220822703,5434.972557092245,2218.0231531253953,3199.3511398281576
69446,738379.4587514127,2554.229220822703,5434.972557092245,2218.0231531253953,3199.3511398281576
69454,738379.6708468236,2554.229220822703,5434.972557092245,2218.0231531253953,3199.3511398281576
69458,738379.7002797861,2554.229220822703,5434.972557092245,2218.0231531253953,3199.3511398281576
69460,738379.7968220653,2554.229220822703,5434.972557092245,2218.0231531253953,3199.3511398281576
69461,738379.8177356767,2554.229220822703,5434.972557092245,2218.0231531253953,3199.3511398281576
69464,738379.9096181196,2554.229220822703,5434.972557092245,2218.0231531253953,3199.3511398281576
69474,738380.1602355046,2760.7227307966277,5627.306124670958,2124.7281362902513,3854.161923953578
69475,738380.1610967745,2726.918168883046,5556.413749920724,2114.447233162535,3841.6055380016137
69476,738380.1621164571,2726.918168883046,5556.413749920724,2114.447233162535,3841.6055380016137
69477,738380.1627817767,2689.7743249051105,5483.603077362306,2102.366175575896,3532.0669492098627
69479,738380.1736621537,2689.7743249051105,5483.603077362306,2102.366175575896,3532.0669492098627
69480,738380.1797136647,2653.843381178476,5412.861283598948,2090.476090512178,3522.848570941146
69481,738380.1841743425,2653.843381178476,5412.861283598948,2090.476090512178,3522.848570941146
69482,738380.1848984389,2653.843381178476,5412.861283598948,2090.476090512178,3522.848570941146
69484,738380.1979866725,3099.8436528926604,5424.244743340672,2279.9048335288694,3821.6111311301197
69487,738380.2651526466,3099.8436528926604,5424.244743340672,2279.9048335288694,3821.6111311301197
69491,738380.3283273691,3099.8436528926604,5424.244743340672,2279.9048335288694,3821.6111311301197
69492,738380.3456327613,2684.3262738385347,5439.957188185666,2082.1696938315126,3558.903587221293
69494,738380.359669444,2684.3262738385347,5439.957188185666,2082.1696938315126,3558.903587221293
69501,738380.5138929245,2684.3262738385347,5439.957188185666,2082.1696938315126,3558.903587221293
69503,738380.5179174995,2684.3262738385347,5439.957188185666,2082.1696938315126,3558.903587221293
69504,738380.5310296827,2500.645519671467,4916.8605259363285,2075.2856469917833,3564.5924676871464
69509,738380.7534156388,2500.645519671467,4916.8605259363285,2075.2856469917833,3564.5924676871464
69511,738380.7737477291,2071.2370877033572,4756.731310296926,2068.0981757340296,3634.1991326382117
69512,738380.7794436945,11600.225871936556,5314.650593109999,1891.00699681488,4099.366681811501
69514,738380.8240437213,11600.225871936556,5314.650593109999,1891.00699681488,4099.366681811501
69518,738380.9261059298,2037.8702187814547,5488.854603890225,2054.9068579191103,3885.9393957010725
69523,738380.9882379099,2010.7113219596226,5414.141101031127,2043.929721596127,3871.327618448007
69527,738381.1515705078,2010.7113219596226,5414.141101031127,2043.929721596127,3871.327618448007
69528,738381.2066924148,2010.7113219596226,5414.141101031127,2043.929721596127,3871.327618448007
69532,738381.2578367958,2010.7113219596226,5414.141101031127,2043.929721596127,3871.327618448007
69533,738381.2697403298,1988.9017343818232,5345.535092026528,2034.8992365505485,4166.575779497178
69536,738381.4292552037,1988.9017343818232,5345.535092026528,2034.8992365505485,4166.575779497178
69544,738381.7119621114,1988.9017343818232,5345.535092026528,2034.8992365505485,4166.575779497178
69546,738381.8019976603,1988.9017343818232,5345.535092026528,2034.8992365505485,4166.575779497178
69554,738382.0366045462,1988.9017343818232,5345.535092026528,2034.8992365505485,4166.575779497178
69555,738382.0931820159,1988.9017343818232,5345.535092026528,2034.8992365505485,4166.575779497178
69574,738382.5156893133,1988.9017343818232,5345.535092026528,2034.8992365505485,4166.575779497178
69581,738382.8138705373,1988.9017343818232,5345.535092026528,2034.8992365505485,4166.575779497178
69585,738382.9586061725,1945.4303719498491,6240.902086337636,2034.2723952147376,4353.035074378996
69594,738383.0882477354,1945.4303719498491,6240.902086337636,2034.2723952147376,4353.035074378996
69595,738383.1409254378,1945.4303719498491,6240.902086337636,2034.2723952147376,4353.035074378996
69597,738383.1662633109,1945.4303719498491,6240.902086337636,2034.2723952147376,4353.035074378996
69624,738383.8704980105,2105.0805420398233,6428.273728757889,2023.5647098692723,4438.442763775538
69625,738383.892149471,2105.0805420398233,6428.273728757889,2023.5647098692723,4438.442763775538
69626,738383.8926700684,2065.883415980688,6298.231926468459,2014.1674885437158,4417.566817083419
69628,738383.9327857998,2040.195211031801,6183.886780632737,2007.8719255081123,4399.399012787407
69629,738383.9346839673,2040.195211031801,6183.886780632737,2007.8719255081123,4399.399012787407
69630,738383.9482740281,2040.195211031801,6183.886780632737,2007.8719255081123,4399.399012787407
69632,738383.9735221025,2040.195211031801,6183.886780632737,2007.8719255081123,4399.399012787407
69635,738384.0082909422,2040.195211031801,6183.886780632737,2007.8719255081123,4399.399012787407
69636,738384.0266083083,2040.195211031801,6183.886780632737,2007.8719255081123,4399.399012787407
69637,738384.0269448103,2040.195211031801,6183.886780632737,2007.8719255081123,4399.399012787407
69642,738384.068173094,2040.195211031801,6183.886780632737,2007.8719255081123,4399.399012787407
69644,738384.0786743358,2125.8750489875865,6350.22467507444,2011.447769563934,4389.593154955476
69645,738384.0809969781,2125.8750489875865,6350.22467507444,2011.447769563934,4389.593154955476
69646,738384.105417622,2125.8750489875865,6350.22467507444,2011.447769563934,4389.593154955476
69647,738384.1063299434,2125.8750489875865,6350.22467507444,2011.447769563934,4389.593154955476
69656,738384.3657385388,2125.8750489875865,6350.22467507444,2011.447769563934,4389.593154955476
69676,738384.6336298737,2125.8750489875865,6350.22467507444,2011.447769563934,4389.593154955476
69679,738384.7263210053,2125.8750489875865,6350.22467507444,2011.447769563934,4389.593154955476
69682,738384.8099912413,2125.8750489875865,6350.22467507444,2011.447769563934,4389.593154955476
69683,738384.8458761574,2125.8750489875865,6350.22467507444,2011.447769563934,4389.593154955476
69684,738384.8969445103,2125.8750489875865,6350.22467507444,2011.447769563934,4389.593154955476
69685,738384.8998687188,2125.8750489875865,6350.22467507444,2011.447769563934,4389.593154955476
69686,738384.9494615755,2125.8750489875865,6350.22467507444,2011.447769563934,4389.593154955476
69692,738385.1505858246,2125.8750489875865,6350.22467507444,2011.447769563934,4389.593154955476
69703,738385.4137834134,2125.8750489875865,6350.22467507444,2011.447769563934,4389.593154955476
69705,738385.5457263336,2311.267994893645,7156.995571777543,2003.6939036824147,4471.387118549184
69706,738385.5610130517,2311.267994893645,7156.995571777543,2003.6939036824147,4471.387118549184
69708,738385.7357420943,2311.267994893645,7156.995571777543,2003.6939036824147,4471.387118549184
69711,738385.9089349022,2259.1719510485623,6991.570745087124,1994.4300340651896,4376.17934703902
69714,738386.0714975003,2259.1719510485623,6991.570745087124,1994.4300340651896,4376.17934703902
69717,738386.1436356832,2259.1719510485623,6991.570745087124,1994.4300340651896,4376.17934703902
69721,738386.2354171744,2259.1719510485623,6991.570745087124,1994.4300340651896,4376.17934703902
69740,738386.492448114,14818.09153540562,15658.066127670298,8197.800584768836,16298.188851854715
69743,738386.6896795528,14818.09153540562,15658.066127670298,8197.800584768836,16298.188851854715
69749,738386.9933799618,14818.09153540562,15658.066127670298,8197.800584768836,16298.188851854715
69761,738387.2942993501,14818.09153540562,15658.066127670298,8197.800584768836,16298.188851854715
69763,738387.3233893816,17171.55743256511,12625.370388900641,7072.908324158959,6891.295906677644
69765,738387.3323669201,17171.55743256511,12625.370388900641,7072.908324158959,6891.295906677644
69766,738387.3422203418,15257.51570115632,16072.268148343725,8956.12675416256,19017.813884764175
69774,738387.4653124681,15257.51570115632,16072.268148343725,8956.12675416256,19017.813884764175
69796,738387.9514130158,15257.51570115632,16072.268148343725,8956.12675416256,19017.813884764175
69811,738388.2274710445,15257.51570115632,16072.268148343725,8956.12675416256,19017.813884764175
69824,738388.7063763735,15257.51570115632,16072.268148343725,8956.12675416256,19017.813884764175
69834,738388.8765928837,2027.6686643666303,6958.262904791103,2001.410559241679,4509.350289254674
69876,738389.8016792666,7633.220911493661,14942.231478814603,12345.027056074194,11925.963504534873
69884,738390.0242775225,7633.220911493661,14942.231478814603,12345.027056074194,11925.963504534873
69892,738390.1663566872,7633.220911493661,14942.231478814603,12345.027056074194,11925.963504534873
69929,738390.8419980794,7633.220911493661,14942.231478814603,12345.027056074194,11925.963504534873
69957,738391.437545149,7633.220911493661,14942.231478814603,12345.027056074194,11925.963504534873
69961,738391.5640547334,7633.220911493661,14942.231478814603,12345.027056074194,11925.963504534873
69983,738392.2912540192,955.3948350759583,5100.199999374644,2194.9394684327667,5026.354158076432
69984,738392.3040791242,955.3948350759583,5100.199999374644,2194.9394684327667,5026.354158076432
69987,738392.3607012072,955.3948350759583,5100.199999374644,2194.9394684327667,5026.354158076432
69998,738392.551802781,18497.632227187663,13220.820988470196,9478.136292250992,8230.96676518681
69999,738392.5650502046,18497.632227187663,13220.820988470196,9478.136292250992,8230.96676518681
70020,738393.5673692492,18497.632227187663,13220.820988470196,9478.136292250992,8230.96676518681
70026,738393.8537893371,18497.632227187663,13220.820988470196,9478.136292250992,8230.96676518681
70037,738394.3677331877,18497.632227187663,13220.820988470196,9478.136292250992,8230.96676518681
70070,738394.9837677486,18497.632227187663,13220.820988470196,9478.136292250992,8230.96676518681
70071,738394.9908178573,18497.632227187663,13220.820988470196,9478.136292250992,8230.96676518681
70082,738395.3113245795,930.5021715170224,8997.260263289785,2351.027273343908,6229.666011183242
70083,738395.3158678609,930.5021715170224,8997.260263289785,2351.027273343908,6229.666011183242
70084,738395.3176675679,930.4497121516368,8914.67803828708,2326.462673306244,6165.4483546903575
70088,738395.3854688656,930.4497121516368,8914.67803828708,2326.462673306244,6165.4483546903575
70095,738395.582792636,930.4497121516368,8914.67803828708,2326.462673306244,6165.4483546903575
70097,738395.6091493078,930.4497121516368,8914.67803828708,2326.462673306244,6165.4483546903575
70107,738395.7847708699,930.4497121516368,8914.67803828708,2326.462673306244,6165.4483546903575
70109,738395.8039838035,930.4497121516368,8914.67803828708,2326.462673306244,6165.4483546903575
70110,738395.8159402226,930.4497121516368,8914.67803828708,2326.462673306244,6165.4483546903575
70117,738395.914138821,930.4497121516368,8914.67803828708,2326.462673306244,6165.4483546903575
70129,738396.330160978,8431.173361828645,13841.204487701982,6470.327145740516,10602.123850944581
70148,738396.7699513326,8431.173361828645,13841.204487701982,6470.327145740516,10602.123850944581
70182,738397.7820990871,8431.173361828645,13841.204487701982,6470.327145740516,10602.123850944581
70183,738397.7845654711,8431.173361828645,13841.204487701982,6470.327145740516,10602.123850944581
70187,738397.8921723649,8431.173361828645,13841.204487701982,6470.327145740516,10602.123850944581
70189,738397.945120717,3967.7696492331584,10721.445802812546,1719.9968098526574,6951.2355608205735
70201,738398.1399488725,3967.7696492331584,10721.445802812546,1719.9968098526574,6951.2355608205735
70207,738398.2918073385,3949.232238625344,9262.161016400785,1816.212264964263,7621.004261908756
70208,738398.3138267046,3949.232238625344,9262.161016400785,1816.212264964263,7621.004261908756
70238,738398.8366053844,3949.232238625344,9262.161016400785,1816.212264964263,7621.004261908756
70272,738399.48183409,3949.232238625344,9262.161016400785,1816.212264964263,7621.004261908756
70287,738399.7491584008,3985.2116675587995,7815.699034950219,2005.7370663029135,7878.993974520206
70293,738399.8203927191,3985.2116675587995,7815.699034950219,2005.7370663029135,7878.993974520206
70322,738399.9528103368,3985.2116675587995,7815.699034950219,2005.7370663029135,7878.993974520206
70328,738399.9891063276,3985.2116675587995,7815.699034950219,2005.7370663029135,7878.993974520206
70331,738400.0167628481,9955.69028454915,20823.981911870593,16875.789089552636,14918.114103178375
70334,738400.031948994,9955.69028454915,20823.981911870593,16875.789089552636,14918.114103178375
70336,738400.0359029043,9955.69028454915,20823.981911870593,16875.789089552636,14918.114103178375
70337,738400.0399192456,9955.69028454915,20823.981911870593,16875.789089552636,14918.114103178375
70348,738400.0753704823,9955.69028454915,20823.981911870593,16875.789089552636,14918.114103178375
70352,738400.0883641866,9955.69028454915,20823.981911870593,16875.789089552636,14918.114103178375
70362,738400.1274276467,22830.69144366968,5833.465190046976,14032.219705312973,6705.464308033946
70387,738400.3592069912,25821.077692596053,11088.656844455656,25821.077692596053,17786.503010760294
70388,738400.3602050162,25729.689448511686,11075.978536677861,18159.12336206714,17784.578220493215
70392,738400.3773937995,25729.689448511686,11075.978536677861,18159.12336206714,17784.578220493215
70399,738400.414796797,25729.689448511686,11075.978536677861,18159.12336206714,17784.578220493215
70400,738400.4238283659,25729.689448511686,11075.978536677861,18159.12336206714,17784.578220493215
70407,738400.5599779264,3974.627892729946,12526.941956288263,2019.648320329111,9655.928031383059
70416,738400.7435912056,3974.627892729946,12526.941956288263,2019.648320329111,9655.928031383059
70421,738400.9371988097,3974.627892729946,12526.941956288263,2019.648320329111,9655.928031383059
70422,738400.9735228696,3974.627892729946,12526.941956288263,2019.648320329111,9655.928031383059
70434,738401.3271236484,25981.303992506684,11420.823493329097,25981.303992506684,17710.75759574025
70460,738401.8865818023,25981.303992506684,11420.823493329097,25981.303992506684,17710.75759574025
70466,738401.9968752927,25981.303992506684,11420.823493329097,25981.303992506684,17710.75759574025
70482,738402.7475404997,25981.303992506684,11420.823493329097,25981.303992506684,17710.75759574025
70486,738402.9856660618,25981.303992506684,11420.823493329097,25981.303992506684,17710.75759574025
70488,738403.0498535963,25981.303992506684,11420.823493329097,25981.303992506684,17710.75759574025
70504,738403.1971186954,8295.60121620369,18058.98212106325,1803.7406324776712,9819.80906775005
70507,738403.3371616949,8295.60121620369,18058.98212106325,1803.7406324776712,9819.80906775005
70524,738403.7801093686,8295.60121620369,18058.98212106325,1803.7406324776712,9819.80906775005
70549,738404.7169041893,8295.60121620369,18058.98212106325,1803.7406324776712,9819.80906775005
70553,738404.8291363317,31157.988057593026,23700.441738821173,8773.568206844147,17131.948583567733
70562,738405.1051996435,18434.08499528875,25339.55121999828,18771.600953421865,15624.799421651443
70564,738405.1136534123,20627.401438053417,26475.502272347523,5587.460203846601,11341.149601236211
70569,738405.2626185026,19321.42311247707,25181.480803376322,5658.584144532571,11198.883294929454
70570,738405.3181615671,15935.304033077788,23218.316887290046,2556.565317011095,9962.574078206815
70581,738405.4943987398,15935.304033077788,23218.316887290046,2556.565317011095,9962.574078206815
70583,738405.5849887822,15935.304033077788,23218.316887290046,2556.565317011095,9962.574078206815
70594,738405.9795225326,19066.972240955245,24256.663077950154,17777.16258998265,14458.61658672214
70598,738406.0830343404,15861.342779396611,22198.461370790024,2246.4566763924768,10649.129764371353
70602,738406.1238522149,15872.065585752729,19249.990971167124,2213.5979256171927,10443.782836340722
70615,738406.4076162858,15872.065585752729,19249.990971167124,2213.5979256171927,10443.782836340722
70616,738406.4134737849,15872.065585752729,19249.990971167124,2213.5979256171927,10443.782836340722
70629,738406.8732693862,15872.065585752729,19249.990971167124,2213.5979256171927,10443.782836340722
70630,738406.8850683189,15872.065585752729,19249.990971167124,2213.5979256171927,10443.782836340722
70637,738407.0649071725,15872.065585752729,19249.990971167124,2213.5979256171927,10443.782836340722
70640,738407.1364135674,16654.70423392944,18506.31950273399,4408.604844461943,11788.551007689139
70647,738407.3198172707,16437.337743539854,16959.926004468005,4287.744453058632,11218.335367322436
70649,738407.3250586444,13441.651879219511,16157.107162240023,4174.581908859218,10965.662525285115
70650,738407.3399519494,10390.491491205503,15427.486714080676,4067.4996823822494,10724.324631450656
70672,738407.5992836138,22092.867033117058,13227.982337824864,15203.116321459514,12439.257054918036
70673,738407.6053749416,22092.867033117058,13227.982337824864,15203.116321459514,12439.257054918036
70674,738407.6722847619,8770.465708648971,15376.787746575048,3968.4615072106108,11230.6222116916
70678,738407.7782530385,8770.465708648971,15376.787746575048,3968.4615072106108,11230.6222116916
70685,738407.8913509577,8770.465708648971,15376.787746575048,3968.4615072106108,11230.6222116916
70687,738407.9264644139,8770.465708648971,15376.787746575048,3968.4615072106108,11230.6222116916
70697,738408.198365036,8770.465708648971,15376.787746575048,3968.4615072106108,11230.6222116916
70731,738408.7730535843,8770.465708648971,15376.787746575048,3968.4615072106108,11230.6222116916
70744,738409.0437121188,6523.308903072143,13460.282167268148,2170.770932900319,10499.774377973186
70745,738409.0444898349,4896.909395169997,12902.933329845373,2115.85354174825,10278.160243742304
70746,738409.0937212956,4896.909395169997,12902.933329845373,2115.85354174825,10278.160243742304
70748,738409.1046000915,3297.451989806437,12410.55737148623,2076.8197168538536,10076.397204724062
70751,738409.1505593791,3297.451989806437,12410.55737148623,2076.8197168538536,10076.397204724062
70755,738409.2373319042,3297.451989806437,12410.55737148623,2076.8197168538536,10076.397204724062
70837,738409.9901656187,3297.451989806437,12410.55737148623,2076.8197168538536,10076.397204724062
70839,738410.1917982401,3297.451989806437,12410.55737148623,2076.8197168538536,10076.397204724062
70862,738410.8027460417,21172.229958073658,12869.533372552274,12262.201181843542,12919.40677623582
70866,738411.0362538105,21928.959040763937,14838.002235537146,11443.19200517923,16981.242587096756
70874,738411.1372589873,18984.67382759396,12825.19521682244,13471.228910915655,13478.873724020192
70890,738411.3889892411,18984.67382759396,12825.19521682244,13471.228910915655,13478.873724020192
70903,738411.7042211712,18984.67382759396,12825.19521682244,13471.228910915655,13478.873724020192
70909,738411.8906601233,9048.140262379211,14499.945126692892,7977.437239652721,13882.106358436346
70934,738412.4583074582,9048.140262379211,14499.945126692892,7977.437239652721,13882.106358436346
70937,738412.5731480292,9048.140262379211,14499.945126692892,7977.437239652721,13882.106358436346
70944,738412.7023033146,4553.610784812415,12562.199683906067,3209.1848819403526,11738.850150850356
70949,738412.8869142922,4553.610784812415,12562.199683906067,3209.1848819403526,11738.850150850356
70951,738412.9535184605,4553.610784812415,12562.199683906067,3209.1848819403526,11738.850150850356
70952,738412.9728897343,4553.610784812415,12562.199683906067,3209.1848819403526,11738.850150850356
70955,738413.0357558758,23045.00721809255,13683.522862632195,8266.884043413133,17181.547698843788
70956,738413.0362007119,4495.472247017828,12521.2873795321,3212.5876148862862,11741.339955444942
70957,738413.0395689897,4495.472247017828,12521.2873795321,3212.5876148862862,11741.339955444942
70966,738413.1535324531,4495.472247017828,12521.2873795321,3212.5876148862862,11741.339955444942
70988,738413.3784779344,4495.472247017828,12521.2873795321,3212.5876148862862,11741.339955444942
70991,738413.3978927005,20143.262482324368,15503.134757010821,11981.893998048388,17382.949319941577
70992,738413.4145899173,20143.262482324368,15503.134757010821,11981.893998048388,17382.949319941577
71017,738413.9824597191,20143.262482324368,15503.134757010821,11981.893998048388,17382.949319941577
71029,738414.4041475762,4531.453628997253,12993.158923013938,3475.576162747562,12918.809250979968
71030,738414.4046118569,4531.453628997253,12993.158923013938,3475.576162747562,12918.809250979968
71049,738415.0045635375,4531.453628997253,12993.158923013938,3475.576162747562,12918.809250979968
71052,738415.0342106177,4531.453628997253,12993.158923013938,3475.576162747562,12918.809250979968
71053,738415.0859146285,4531.453628997253,12993.158923013938,3475.576162747562,12918.809250979968
71066,738415.3502546154,22407.27177054133,16984.604629067675,6747.550960653262,16835.60232892492
71081,738415.6760050621,22407.27177054133,16984.604629067675,6747.550960653262,16835.60232892492
71087,738415.8983433511,22407.27177054133,16984.604629067675,6747.550960653262,16835.60232892492
71090,738415.9411895816,22407.27177054133,16984.604629067675,6747.550960653262,16835.60232892492
71092,738415.9831707155,22407.27177054133,16984.604629067675,6747.550960653262,16835.60232892492
71095,738416.039049061,22407.27177054133,16984.604629067675,6747.550960653262,16835.60232892492
71108,738416.3602000144,7153.67028594303,12180.964573978745,3614.488522102231,13638.961879368862
71122,738416.867873583,7153.67028594303,12180.964573978745,3614.488522102231,13638.961879368862
71125,738416.9010019404,7153.67028594303,12180.964573978745,3614.488522102231,13638.961879368862
71127,738416.9269937504,9867.847476125777,24839.276615376133,9882.914155307259,15648.978732035535
71132,738417.1627539971,9867.847476125777,24839.276615376133,9882.914155307259,15648.978732035535
71151,738417.6864878441,9867.847476125777,24839.276615376133,9882.914155307259,15648.978732035535
71152,738417.7056283937,20993.893198741764,9833.794641486276,18636.624426782673,9579.043642540633
71153,738417.7065362204,20993.893198741764,9833.794641486276,18636.624426782673,9579.043642540633
71187,738418.4713462858,23927.83073194191,17329.875784624848,23310.893355145432,19603.62786454545
71213,738419.2069185021,23927.83073194191,17329.875784624848,23310.893355145432,19603.62786454545
71255,738420.0147163194,23927.83073194191,17329.875784624848,23310.893355145432,19603.62786454545
71276,738420.8013599624,23927.83073194191,17329.875784624848,23310.893355145432,19603.62786454545
71317,738421.9439433675,6565.312726357425,7567.809006841114,5429.419067260827,11352.213280308522
71342,738422.7108886015,9427.75624504792,17497.125499835798,19602.123751746447,17441.464587767365
71349,738422.9547249817,9427.75624504792,17497.125499835798,19602.123751746447,17441.464587767365
71351,738423.1299048845,9427.75624504792,17497.125499835798,19602.123751746447,17441.464587767365
71359,738423.4353402986,9427.75624504792,17497.125499835798,19602.123751746447,17441.464587767365
71370,738423.60811851,9427.75624504792,17497.125499835798,19602.123751746447,17441.464587767365
71375,738423.7873689821,22220.24297885932,7975.8786639113005,17564.341294928126,9008.102968646848
71377,738423.7908128125,22220.24297885932,7975.8786639113005,17564.341294928126,9008.102968646848
71378,738423.8022188657,22220.24297885932,7975.8786639113005,17564.341294928126,9008.102968646848
71379,738423.8149910186,21066.738678882444,7528.922932323843,11738.004215473073,8753.410022298758
71381,738423.8484708419,21066.738678882444,7528.922932323843,11738.004215473073,8753.410022298758
71382,738423.9191049049,20638.110531014707,7585.632287623578,10377.44463283557,8529.342330602844
71383,738423.919700075,20694.129545700805,7640.76602606975,10417.571584300142,8318.454588247265
71385,738423.924782928,20694.129545700805,7640.76602606975,10417.571584300142,8318.454588247265
71387,738423.9271519467,20694.129545700805,7640.76602606975,10417.571584300142,8318.454588247265
71388,738423.9307419095,20694.129545700805,7640.76602606975,10417.571584300142,8318.454588247265
71389,738423.9442241071,20694.129545700805,7640.76602606975,10417.571584300142,8318.454588247265
71392,738424.0136344742,20694.129545700805,7640.76602606975,10417.571584300142,8318.454588247265
71393,738424.0149039598,20696.644101024576,7668.968848137324,9480.168001350641,8105.200597518683
71394,738424.0170416707,8797.98552680395,15404.29123286797,4518.560230957886,14388.104675849883
71399,738424.1495104564,19863.909501491362,7538.501993093646,8495.80564062264,8804.025968396536
71405,738424.3026293177,19236.602602761235,7083.6364073233835,8569.445408448155,8594.604717527129
71424,738424.6396020246,19236.602602761235,7083.6364073233835,8569.445408448155,8594.604717527129
71430,738424.8778534262,19236.602602761235,7083.6364073233835,8569.445408448155,8594.604717527129
71440,738425.056594525,19236.602602761235,7083.6364073233835,8569.445408448155,8594.604717527129
71442,738425.0981116467,19236.602602761235,7083.6364073233835,8569.445408448155,8594.604717527129
71464,738425.6756148724,19236.602602761235,7083.6364073233835,8569.445408448155,8594.604717527129
71469,738425.8177101419,19236.602602761235,7083.6364073233835,8569.445408448155,8594.604717527129
71475,738425.9319440334,19236.602602761235,7083.6364073233835,8569.445408448155,8594.604717527129
71478,738425.9626089856,9387.988544044832,24562.149490931533,15618.387032831351,21731.383206984538
71480,738426.0193984126,9387.988544044832,24562.149490931533,15618.387032831351,21731.383206984538
71484,738426.1116551656,9387.988544044832,24562.149490931533,15618.387032831351,21731.383206984538
71492,738426.2897534661,18630.51438426678,8340.630282661561,6755.349885663178,8338.60305261949
71500,738426.3727684536,18086.4550529351,7473.266481161641,6713.71666123491,7891.351196220261
71504,738426.3993305942,18086.4550529351,7473.266481161641,6713.71666123491,7891.351196220261
71525,738426.7562715821,18086.4550529351,7473.266481161641,6713.71666123491,7891.351196220261
71528,738426.8394240277,18086.4550529351,7473.266481161641,6713.71666123491,7891.351196220261
71538,738427.1890407461,18086.4550529351,7473.266481161641,6713.71666123491,7891.351196220261
71563,738427.8858660657,18086.4550529351,7473.266481161641,6713.71666123491,7891.351196220261
71573,738428.1427376001,18086.4550529351,7473.266481161641,6713.71666123491,7891.351196220261
71608,738428.6904795283,18086.4550529351,7473.266481161641,6713.71666123491,7891.351196220261
71651,738429.8701524915,18086.4550529351,7473.266481161641,6713.71666123491,7891.351196220261
71653,738429.8722478368,18086.4550529351,7473.266481161641,6713.71666123491,7891.351196220261
71656,738430.0048418833,18086.4550529351,7473.266481161641,6713.71666123491,7891.351196220261
71664,738430.2110620409,18086.4550529351,7473.266481161641,6713.71666123491,7891.351196220261
71676,738430.575317502,19817.167757968986,22488.511826301306,11227.677831495881,18673.401459317512
71683,738430.8810886149,19036.444217822536,21632.26483122042,6384.218439681667,15096.871923124712
71684,738430.8876166196,19036.444217822536,21632.26483122042,6384.218439681667,15096.871923124712
71687,738430.973992697,19036.444217822536,21632.26483122042,6384.218439681667,15096.871923124712
71690,738431.0541412696,19036.444217822536,21632.26483122042,6384.218439681667,15096.871923124712
71707,738431.3985542945,19036.444217822536,21632.26483122042,6384.218439681667,15096.871923124712
71712,738431.6172788062,24372.854872534193,22088.57841880199,14727.669936845912,18966.632031517132
71714,738431.6295189838,25507.918747997897,20789.60769386134,6143.240737323636,15169.864615025666
71755,738432.9959628902,25507.918747997897,20789.60769386134,6143.240737323636,15169.864615025666
71757,738433.0407013717,25507.918747997897,20789.60769386134,6143.240737323636,15169.864615025666
71773,738433.1745358832,25507.918747997897,20789.60769386134,6143.240737323636,15169.864615025666
71853,738434.0008316974,25507.918747997897,20789.60769386134,6143.240737323636,15169.864615025666
71876,738434.6717387468,16568.425279016083,16186.771695627933,5838.954487988949,10259.182557269442
71877,738434.7141538525,23310.200835981464,18834.257010927264,19451.681110773014,7058.455560450318
71879,738434.7712262751,23310.200835981464,18834.257010927264,19451.681110773014,7058.455560450318
71888,738434.9827240405,23310.200835981464,18834.257010927264,19451.681110773014,7058.455560450318
71899,738435.2358545515,23310.200835981464,18834.257010927264,19451.681110773014,7058.455560450318
71935,738435.9012621691,23310.200835981464,18834.257010927264,19451.681110773014,7058.455560450318
71939,738436.0278373866,23310.200835981464,18834.257010927264,19451.681110773014,7058.455560450318
71978,738437.0368896644,17447.305495808294,26826.233758154835,17447.305495808294,21777.85222581343
71979,738437.0603450494,16397.664267615728,19299.72517525994,16397.664267615728,6086.609885382381
72043,738438.4438276008,16397.664267615728,19299.72517525994,16397.664267615728,6086.609885382381
72079,738439.4205711212,22199.00690791231,15556.39137428775,6998.895011789452,19545.46538488201
72087,738439.5566700416,23664.82155397376,21083.656867163034,10953.279225575392,25534.72085175086
72094,738439.6499391968,23664.82155397376,21083.656867163034,10953.279225575392,25534.72085175086
72105,738439.6982388928,17504.93809879983,16635.105323086635,10309.60059623237,17926.39190276231
72119,738439.8510978129,15677.426951196167,14502.969156143949,9831.874344460428,17372.51229737779
72120,738439.8516282333,15677.426951196167,14502.969156143949,9831.874344460428,17372.51229737779
72121,738439.8611655144,15677.426951196167,14502.969156143949,9831.874344460428,17372.51229737779
72134,738440.0031906709,13792.720814700706,14489.162118861574,9845.40023718007,16856.402895360126
72138,738440.0554857131,13792.720814700706,14489.162118861574,9845.40023718007,16856.402895360126
72140,738440.0773888676,13792.720814700706,14489.162118861574,9845.40023718007,16856.402895360126
72141,738440.0785356219,12088.497388993525,14439.074614196854,8141.176811472888,16366.021807732126
72146,738440.1451516692,9965.049833836221,14397.972340840142,8129.27122113148,15908.91627477921
72197,738440.9239588605,9965.049833836221,14397.972340840142,8129.27122113148,15908.91627477921
72200,738440.9449998992,9965.049833836221,14397.972340840142,8129.27122113148,15908.91627477921
72207,738441.055256197,9965.049833836221,14397.972340840142,8129.27122113148,15908.91627477921
72240,738441.6073899193,19998.230355567204,15347.061052789979,9786.408230705996,23390.65205472955
72244,738441.6999676533,19998.230355567204,15347.061052789979,9786.408230705996,23390.65205472955
72251,738441.985235591,19998.230355567204,15347.061052789979,9786.408230705996,23390.65205472955
72252,738441.9923455309,19998.230355567204,15347.061052789979,9786.408230705996,23390.65205472955
72316,738443.2678130983,19998.230355567204,15347.061052789979,9786.408230705996,23390.65205472955
72346,738444.0063572159,16685.993381774842,14351.351802117862,21501.129005319115,18371.738405229156
72350,738444.055844174,16685.993381774842,14351.351802117862,21501.129005319115,18371.738405229156
72352,738444.1180660457,16685.993381774842,14351.351802117862,21501.129005319115,18371.738405229156
72387,738444.4654052306,16103.51079434971,13967.815617866296,23141.11813548283,21418.52808474722
72390,738444.515507746,16103.51079434971,13967.815617866296,23141.11813548283,21418.52808474722
72397,738444.6930014362,14276.860625555466,13945.815930674033,22557.890932248352,20652.910585117937
72441,738445.8096699921,14276.860625555466,13945.815930674033,22557.890932248352,20652.910585117937
72499,738446.8109317485,14276.860625555466,13945.815930674033,22557.890932248352,20652.910585117937
72512,738447.1622212852,14276.860625555466,13945.815930674033,22557.890932248352,20652.910585117937
72536,738447.9942404937,15200.709968870227,15181.701103445195,15200.709968870227,19268.914987168424
72538,738448.0714528272,13307.123888985227,12619.016022007061,7897.112172143825,15533.924085373334
72543,738448.1624342374,13307.123888985227,12619.016022007061,7897.112172143825,15533.924085373334
72547,738448.2597613467,15981.928220244112,16139.754104491425,17270.308546425298,12545.335433855971
72552,738448.3104033791,14554.051893694408,16429.511598425765,15842.432219875593,13027.582557822649
72561,738448.4678652756,13945.569679375742,14406.191002091078,13120.662746089036,11820.64460473719
72562,738448.4800262103,13922.524780949718,13584.816379040338,10958.281832577813,11473.038693168632
72563,738448.4807660307,13883.323192054819,12705.94228123878,8150.347367318626,11137.596343653053
72564,738448.4826258947,13875.495289596223,11986.93793226774,6239.137003445253,10824.507650466345
72565,738448.4835382918,12803.902888317236,11443.481277660456,4459.813240560762,10547.173284456509
72567,738448.4856386937,11724.242666764569,10935.418388937207,4275.530609256335,10275.700710290279
72568,738448.4866719798,10263.63658984056,11637.939548337537,2887.9548361785282,10711.246201789041
72569,738448.4876122212,10279.254701933596,12388.319776540686,2794.8780018013313,11220.54138563449
72571,738448.4884474763,7885.6993302953,8743.913847153743,3869.917118661136,8990.474163247325
72572,738448.4888845002,6410.750731530635,8063.5460635191075,2651.4813196816303,8559.14217762121
72573,738448.489754773,6423.108711849239,6002.1460040829015,2590.9026946967015,7258.377237621028
72574,738448.4903438509,5364.387132357765,9698.106843345999,2542.932457219468,9574.531527931205
72575,738448.4909734918,5345.070367523588,8489.229910579705,3465.3801301361887,8790.22969532559
72576,738448.4915445292,3913.666993663,9125.661129316592,2458.0962744565163,9202.85482165795
72577,738448.4921740567,3848.4008535757052,7133.652359999373,3323.5950059243523,7907.5280344825815
72578,738448.4958475785,3715.778839376117,7797.206120127252,3252.6738580463384,8304.235415798117
72579,738448.4961142747,3552.55900104934,7562.548498701831,3157.0444508356118,8133.680667260152
72580,738448.4972004058,3409.206597031929,7345.4653960946935,3070.84950276782,7972.537447372782
72581,738448.4974186011,3291.4333529476307,7353.856976943418,2999.018365807979,7978.306659206279
72582,738448.49776019,3251.9530845959544,7012.705341906439,2979.750381887374,7714.52252738988
72583,738448.4979508715,2196.795770388704,5957.96493185651,2234.9334542116676,6976.20424035493
72584,738448.4985141587,3233.3836388781688,6796.372636412293,2981.4614879083388,7533.600518269683
72585,738448.4986834993,2207.112711995016,5761.908233446469,2240.265818492729,6797.539308467078
72586,738448.4996717552,3117.275141755984,6530.295305271538,2909.166919027246,7314.12882052516
72587,738448.5014101897,2143.108741930992,4388.299209161212,2191.3600981035684,5767.131640001036
72588,738448.5032653527,2122.1254948547694,5433.682836910932,2174.519956529645,6502.340961440109
72589,738448.503864185,2957.0788542153027,6168.2680337404,2803.270327671761,7006.117488067815
72591,738448.5060656478,2069.229223828501,5236.947144388869,2131.9693876232036,6319.881043282477
72592,738448.5064604634,2015.5662788755671,6500.87120949412,2089.5895209020473,7225.758857974745
72593,738448.5066899138,2760.940570487745,5805.9953851779055,2662.1958716011627,6692.520528929574
72595,738448.5085312305,1930.9896001236639,6969.053658664275,2020.8701217743728,7545.596150967574
72596,738448.5091721385,2643.261234281543,5586.281220650169,2574.3922475652907,6497.365431827849
72597,738448.5103528064,1929.7044111223654,3842.680493268609,2015.956472918978,5175.603590103117
72598,738448.5120971805,2658.5594270291167,5478.02186048018,2589.3728579369636,6386.007977598399
72599,738448.5124408491,2658.5594270291167,5478.02186048018,2589.3728579369636,6386.007977598399
72600,738448.5128402659,1959.5125314950967,5920.033769810735,2035.9607323058644,6712.048121435469
72601,738448.5132100523,2624.339837728033,5340.61581265772,2564.7646492597833,6252.315846186552
72602,738448.5140033206,1948.41881941307,4583.184841219055,2024.0278346078123,5667.028277347582
72604,738448.5181189305,1948.41881941307,4583.184841219055,2024.0278346078123,5667.028277347582
72605,738448.5218951304,2572.572943102669,5197.092010315746,2525.244280080383,6113.6369992574
72606,738448.5267318974,2550.8280544629606,4924.0624091063055,2508.495194259908,5930.433670715004
72607,738448.5280234858,1969.6513044719509,3626.511675472471,2036.9744348332397,4871.20391127945
72608,738448.5287133598,2564.8219580540285,5050.264304443816,2521.484128478165,5959.101978191865
72609,738448.5319669676,2523.91795462843,4973.649804374214,2488.658301192421,5885.826086834707
72610,738448.5329931186,2501.1385786954165,4912.9538988811555,2470.4938974131996,5825.106377231174
72611,738448.5338092687,2501.1385786954165,4912.9538988811555,2470.4938974131996,5825.106377231174
72612,738448.5355416886,2468.1194776044804,4845.212675617585,2443.6961013600494,5758.770098164949
72613,738448.5381823272,1914.7291025518487,4198.51984827352,1985.717859937182,5243.163654741977
72614,738448.5385312706,1914.7291025518487,4198.51984827352,1985.717859937182,5243.163654741977
72615,738448.5403313683,2426.210410081647,4139.277836353526,2409.585990965836,5181.841461119736
72616,738448.5429950596,1904.3366790535736,3283.14746895825,1974.6912151091085,4530.191679484207
72617,738448.543462039,2483.7417621758545,4707.180707453443,2458.3743643066496,5600.433640670969
72618,738448.5486480476,2468.7835569409403,4660.052210223317,2446.1931344720265,5550.946593127354
72619,738448.5493269357,1955.208985765675,4053.621099550465,2014.138336499184,5059.660630050612
72620,738448.550437605,2434.7832251541927,4565.316519998531,2418.1187128822835,5451.75715707002
72621,738448.5540205594,2392.6796137864776,4498.3264374397795,2382.6469291804633,5386.211106234558
72622,738448.5617344164,2372.6204640593155,4450.5467557029915,2365.7314239589373,5336.368901091229
72623,738448.5697374567,2365.658979599435,3886.0936837337717,2359.894996626986,4873.925420441748
72624,738448.5709826837,2339.62438621285,4363.366453185437,2337.7170687018256,5243.730483832343
72625,738448.5802600964,2311.302056036606,4310.928680262237,2313.4680330866313,5190.2020430393895
72626,738448.5807621491,2296.544567587481,3762.4699760558537,2300.7585574183686,4737.404740729468
72627,738448.5921065224,2296.544567587481,3762.4699760558537,2300.7585574183686,4737.404740729468
72629,738448.5955558252,1867.2279629198817,3125.521251685171,1931.9090801687414,4199.06861521955
72630,738448.5965443362,2316.425588588851,4234.22466239892,2317.8006991091156,5096.787240677401
72631,738448.6028892316,1883.6190124095783,3709.103674425033,1944.2826950091958,4660.169790002484
72633,738448.608549462,2290.5688125299616,4161.641917774605,2295.3548235775374,5017.211265424599
72636,738448.6148298242,2290.5688125299616,4161.641917774605,2295.3548235775374,5017.211265424599
72637,738448.6213301857,2260.9426859457303,4111.948444270657,2269.5638977142894,4966.320321865318
72638,738448.6224389559,2236.1746365658355,3595.712341909613,2247.9005143347895,4534.253149237052
72640,738448.6305571877,2236.1746365658355,3595.712341909613,2247.9005143347895,4534.253149237052
72641,738448.6307625275,1812.9469904383416,3554.7836216027927,1879.6374975745034,4489.833998793402
72642,738448.6332276564,1812.9469904383416,3554.7836216027927,1879.6374975745034,4489.833998793402
72643,738448.6360437843,1812.9469904383416,3554.7836216027927,1879.6374975745034,4489.833998793402
72644,738448.6368833993,2189.7515884681206,3981.1334067590337,2207.05694377428,4829.180125720962
72645,738448.6384117664,1791.6938812299286,3492.9068991314257,1859.3862880852266,4418.042014034553
72646,738448.6462733014,1791.6938812299286,3492.9068991314257,1859.3862880852266,4418.042014034553
72647,738448.6488586062,1791.6938812299286,3492.9068991314257,1859.3862880852266,4418.042014034553
72649,738448.6549666176,1791.6938812299286,3492.9068991314257,1859.3862880852266,4418.042014034553
72653,738448.6616429444,1791.6938812299286,3492.9068991314257,1859.3862880852266,4418.042014034553
72654,738448.6626910566,2308.9189480750238,4018.5597754257487,2311.0585757959702,4843.333412244125
72655,738448.6639712147,2308.9189480750238,4018.5597754257487,2311.0585757959702,4843.333412244125
72656,738448.6659113955,2036.3143144909793,3118.474886732671,2072.1352504040415,4082.4369084004916
72657,738448.6697556276,2435.91574287507,4109.757882932174,2422.728773298168,4904.0515310007195
72658,738448.6709543499,2089.0168471468446,3670.284571040104,2117.6249252480425,4531.165084546842
72659,738448.6715947385,2449.945945752429,4083.066963579705,2435.418645709412,4865.596022481419
72660,738448.6755933047,2440.9352994134306,3703.3879530667145,2427.6246710382393,4559.252802630028
72661,738448.680730372,2419.9802526193725,3602.1221738944946,2409.231246040914,4447.706554231271
72663,738448.7054881437,2393.956151688747,3978.948233349941,2386.2865771089782,4753.9214631818595
72664,738448.7096289598,2393.956151688747,3978.948233349941,2386.2865771089782,4753.9214631818595
72666,738448.718076195,2373.238584973152,3943.1517905477945,2367.98300187356,4715.858100495907
72667,738448.7204968552,2345.551829950815,3901.5599926646996,2343.4309483325887,4672.862252219399
72668,738448.7208974888,2328.2074061186036,3869.3762264351017,2328.015811532689,4637.981796586898
72669,738448.7217494202,2321.249150524726,3846.669282574731,2321.8159706184274,4611.31187668721
72671,738448.7238272447,2308.3078161925578,3819.014485961753,2310.260082772582,4580.44771635939
72672,738448.7240204064,2333.0415595045074,4732.427070037681,2636.0052417153856,5969.954890836792
72673,738448.7242726661,2358.123180006181,3831.6487837182067,2354.7906237304546,4577.6551589163655
72674,738448.7247145814,2357.2898719895256,3435.13623612738,2354.0788327600735,4234.725388027001
72675,738448.7251652909,2361.798124120569,3804.8392830093057,2358.1554201273952,4541.200788829033
72676,738448.7261491388,2361.798124120569,3804.8392830093057,2358.1554201273952,4541.200788829033
72677,738448.7264511449,2361.798124120569,3804.8392830093057,2358.1554201273952,4541.200788829033
72678,738448.7273942566,2349.4377431247094,3779.2761043575447,2347.09347294737,4512.541874861102
72679,738448.7300708893,2337.6237515304324,3754.4632682263095,2336.4964933341043,4484.589271525215
72680,738448.7304029736,2337.6237515304324,3754.4632682263095,2336.4964933341043,4484.589271525215
72681,738448.7313322974,2321.8372297059773,3726.3679565342613,2322.299896274058,4453.832784592492
72682,738448.7322829218,2299.7142543718805,3692.8608831790552,2302.362733680287,4418.403841769507
72683,738448.7329060785,2010.1283523362094,2882.924553390339,2041.448703133296,3712.3055029793436
72684,738448.7333974349,1999.5192772065825,2864.974736759467,2031.5726711458178,3689.6087905846925
72685,738448.7339451637,1999.5192772065825,2864.974736759467,2031.5726711458178,3689.6087905846925
72686,738448.7343809196,1999.5192772065825,2864.974736759467,2031.5726711458178,3689.6087905846925
72687,738448.7353294393,1995.381080749439,4221.342604365228,2027.5250433355889,4857.386408805643
72688,738448.7357815778,2268.331774969566,3612.1635052691627,2273.8681673902533,4323.725379845454
72689,738448.7369307621,2258.3104819279984,3620.491692324766,2264.740049235431,4331.02114701813
72690,738448.7379981988,2258.3104819279984,3620.491692324766,2264.740049235431,4331.02114701813
72691,738448.7394812956,2258.3104819279984,3620.491692324766,2264.740049235431,4331.02114701813
72692,738448.7399033743,2258.3104819279984,3620.491692324766,2264.740049235431,4331.02114701813
72693,738448.7423691673,1972.4347184669375,4139.867968126994,2005.8336974216402,4770.37941877912
72695,738448.7434563676,2235.6204118638066,3545.7670944869315,2244.0318455233414,4248.145586305195
72696,738448.7437691962,2221.535761818873,3183.286147680713,2231.1621960911584,3929.5131411287607
72697,738448.7444280431,2212.6200051247733,3501.439760800899,2222.969449694047,4197.946451203719
72698,738448.7470355079,2212.6200051247733,3501.439760800899,2222.969449694047,4197.946451203719
72700,738448.7502601846,2202.837832870603,4032.0263028710397,2213.975315980169,4655.47196583747
72701,738448.7523181293,1939.2553980822577,3693.8496238940816,1974.139046488071,4356.925366428123
72702,738448.7537132298,1928.8845088299277,2724.6269405652397,1964.382668343933,3501.283466301881
72703,738448.7540259401,1928.8845088299277,2724.6269405652397,1964.382668343933,3501.283466301881
72704,738448.7558165736,1928.8845088299277,2724.6269405652397,1964.382668343933,3501.283466301881
72705,738448.756941485,1928.8845088299277,2724.6269405652397,1964.382668343933,3501.283466301881
72707,738448.7594753989,1928.8845088299277,2724.6269405652397,1964.382668343933,3501.283466301881
72709,738448.7613861626,1928.8845088299277,2724.6269405652397,1964.382668343933,3501.283466301881
72710,738448.764198622,1917.2423347297,2707.127937371742,1953.456632132982,3479.7986376988156
72712,738448.765313314,1906.746493049286,2690.7674753073497,1943.5638090438033,3459.3823004854908
72715,738448.7699267427,1906.746493049286,2690.7674753073497,1943.5638090438033,3459.3823004854908
72716,738448.7713663949,2157.6016064566998,3385.500711289168,2172.158700329983,4063.5228986636457
72718,738448.7808159476,2157.6016064566998,3385.500711289168,2172.158700329983,4063.5228986636457
72720,738448.7840055395,2157.6016064566998,3385.500711289168,2172.158700329983,4063.5228986636457
72722,738448.7868981101,2145.3273285115183,3888.0871870187316,2160.809086364105,4499.729960134311
72723,738448.7875024264,2145.3273285115183,3888.0871870187316,2160.809086364105,4499.729960134311
72724,738448.7876609334,2145.3273285115183,3888.0871870187316,2160.809086364105,4499.729960134311
72725,738448.7964761383,2142.6318156488437,3037.715133620376,2158.210805457144,3749.863347142654
72726,738448.7981533868,1895.3739485222118,3856.1343966397944,1931.906994866667,4462.306627913116
72727,738448.7991970575,2139.645509555764,3020.0596310688607,2155.2137083750154,3723.619223192829
72729,738448.8037590015,2139.645509555764,3020.0596310688607,2155.2137083750154,3723.619223192829
72733,738448.8146639599,2139.645509555764,3020.0596310688607,2155.2137083750154,3723.619223192829
72734,738448.8174916956,2128.90660227398,3309.0692277773296,2145.2336512915667,3970.714490449656
72735,738448.8203478672,2128.90660227398,3309.0692277773296,2145.2336512915667,3970.714490449656
72736,738448.8212106037,1889.2061348621735,2629.8238143682024,1925.343139864207,3365.8390128152505
72737,738448.8230670821,1889.2061348621735,2629.8238143682024,1925.343139864207,3365.8390128152505
72738,738448.8252361133,1889.2061348621735,2629.8238143682024,1925.343139864207,3365.8390128152505
72739,738448.825470241,1889.2061348621735,2629.8238143682024,1925.343139864207,3365.8390128152505
72741,738448.8309929564,2127.4239012192666,3288.683175598384,2143.606014566219,3943.0082962371816
72742,738448.8319221346,2109.845412279375,3263.36151949017,2127.314644788037,3915.7259238502843
72743,738448.835613293,2109.845412279375,3263.36151949017,2127.314644788037,3915.7259238502843
72744,738448.844301093,2099.030331654212,2947.4771025389086,2117.2250167528177,3633.6862658580876
72745,738448.8472824239,2096.8164067151574,3233.2954024833125,2115.0423978795716,3879.647574071474
72746,738448.8480834321,1880.9027164080321,2593.08141327993,1916.2647147396788,3307.0618231642234
72747,738448.8489984267,1880.9027164080321,2593.08141327993,1916.2647147396788,3307.0618231642234
72748,738448.8495859742,2117.3844684260835,2964.362339656078,2133.718798657388,3639.122933373877
72749,738448.8504812849,2102.31405070948,2924.1978427252507,2119.6900076612083,3593.77056329393
72751,738448.856750584,2102.31405070948,2924.1978427252507,2119.6900076612083,3593.77056329393
72752,738448.8576084424,1863.817100394583,2904.614685173879,1899.6811930296371,3571.5955067267096
72753,738448.8581188763,2082.775693729466,3214.930980790323,2101.377846527735,3849.810116589728
72754,738448.8624996619,2067.83319627962,3155.4395705453844,2087.4264310604663,3783.479069495302
72755,738448.8646457923,2067.83319627962,3155.4395705453844,2087.4264310604663,3783.479069495302
72756,738448.8697917082,2067.83319627962,3155.4395705453844,2087.4264310604663,3783.479069495302
72759,738448.8841704574,2067.83319627962,3155.4395705453844,2087.4264310604663,3783.479069495302
72760,738448.8863877532,2067.83319627962,3155.4395705453844,2087.4264310604663,3783.479069495302
72762,738448.9015725155,1848.2175005486524,2733.32286752828,1884.4482880363896,3418.023532285827
72763,738448.9087224469,1848.2175005486524,2733.32286752828,1884.4482880363896,3418.023532285827
72765,738448.9160432259,2070.6593770933,3141.9227829332717,2089.749266518187,3762.9401006584026
72767,738448.9188317305,2070.6593770933,3141.9227829332717,2089.749266518187,3762.9401006584026
72768,738448.9205623722,2070.6593770933,3141.9227829332717,2089.749266518187,3762.9401006584026
72769,738448.9250285366,1843.15451273234,3122.856595321708,1879.2223771095373,3741.655207725304
72770,738448.9253779487,2051.2460168013226,3108.4292777619644,2071.4826255208422,3724.5805951063016
72771,738448.9256806278,1833.8813915585429,3279.7773016673873,1870.1006933106191,3875.1026603455434
72772,738448.9320580963,1833.8813915585429,3279.7773016673873,1870.1006933106191,3875.1026603455434
72774,738448.9375840131,2039.1961160636629,3082.1216963494335,2060.0126218117152,3692.8334752944156
72775,738448.9377668803,2029.2963379387736,2797.3048724548994,2050.6752989062566,3435.7585498311664
72776,738448.944028661,2029.2963379387736,2797.3048724548994,2050.6752989062566,3435.7585498311664
72780,738448.9557262906,1810.0437035609953,2780.723656321553,1847.1962353470233,3416.662911534103
72781,738448.959429661,1798.4828520917038,2763.180460266457,1836.1957837556379,3396.730027566276
72782,738448.9699063215,1798.4828520917038,2763.180460266457,1836.1957837556379,3396.730027566276
72783,738448.9752738158,1798.4828520917038,2763.180460266457,1836.1957837556379,3396.730027566276
72784,738448.9836861881,1798.4828520917038,2763.180460266457,1836.1957837556379,3396.730027566276
72785,738448.984588191,1994.0006676988123,3011.230077431229,2017.4135710571202,3613.2110156673057
72786,738448.9873894227,1786.6261999398773,2426.372606820163,1824.6429390558567,3083.8779884686833
72787,738448.9915044766,1982.745541248128,2727.31980697485,2006.6148713966456,3352.298689353125
72788,738449.0054575243,1987.0274258444406,2983.880242639876,2010.436837537016,3577.1922660136056
72789,738449.0065399515,1987.0274258444406,2983.880242639876,2010.436837537016,3577.1922660136056
72791,738449.0136830949,1987.0274258444406,2983.880242639876,2010.436837537016,3577.1922660136056
72796,738449.0326042544,1987.0274258444406,2983.880242639876,2010.436837537016,3577.1922660136056
72799,738449.0558857605,1987.0274258444406,2983.880242639876,2010.436837537016,3577.1922660136056
72801,738449.0601079605,1987.0274258444406,2983.880242639876,2010.436837537016,3577.1922660136056
72802,738449.0728964912,1987.1487777001312,2977.21120206558,2010.3895391855178,3567.47830929882
72803,738449.0740746696,1987.1487777001312,2977.21120206558,2010.3895391855178,3567.47830929882
72804,738449.0974499983,1987.1487777001312,2977.21120206558,2010.3895391855178,3567.47830929882
72805,738449.1060875679,1987.1487777001312,2977.21120206558,2010.3895391855178,3567.47830929882
72806,738449.124140924,1975.7038635941542,2959.9273124920373,1999.5650902467132,3548.16369111405
72807,738449.1298913172,1775.3429093801983,2696.132788586055,1812.8341329180612,3308.6447368926674
72808,738449.1319051873,1775.3429093801983,2696.132788586055,1812.8341329180612,3308.6447368926674
72809,738449.1394431586,1775.3429093801983,2696.132788586055,1812.8341329180612,3308.6447368926674
72810,738449.1455087011,1775.3429093801983,2696.132788586055,1812.8341329180612,3308.6447368926674
72815,738449.2005973989,1775.3429093801983,2696.132788586055,1812.8341329180612,3308.6447368926674
72816,738449.2232674612,1767.089452390897,3102.6570448244456,1804.885022863592,3670.7878553117303
72817,738449.2594297776,1767.089452390897,3102.6570448244456,1804.885022863592,3670.7878553117303
72818,738449.260078241,1953.4589079628656,2919.7487420610837,1978.3259071244597,3500.9849364698325
72819,738449.2633562105,1758.6092146070803,2662.32426603073,1796.4661933257269,3266.8217082735464
72820,738449.2747093557,1942.653562523484,2650.677339180684,1967.9042423171218,3252.601167414566
72821,738449.2778324353,1942.653562523484,2650.677339180684,1967.9042423171218,3252.601167414566
72823,738449.2805488093,1942.653562523484,2650.677339180684,1967.9042423171218,3252.601167414566
72826,738449.2989480811,1942.653562523484,2650.677339180684,1967.9042423171218,3252.601167414566
72828,738449.3058391783,1942.653562523484,2650.677339180684,1967.9042423171218,3252.601167414566
72831,738449.324618031,1746.6566241298553,2884.3024546193615,1784.8018393441268,3458.366966947635
72832,738449.3261340884,1925.311105504214,2868.662013735673,1951.3599879641215,3440.729714892929
72833,738449.3301796806,1917.640651838199,2871.175533147588,1944.0163449703655,3443.0214531802635
72834,738449.3316361516,1917.640651838199,2871.175533147588,1944.0163449703655,3443.0214531802635
72835,738449.3323317418,1917.640651838199,2871.175533147588,1944.0163449703655,3443.0214531802635
72838,738449.3615036315,1728.4499821156796,2845.7489477179347,1767.0315249073637,3413.162931363281
72837,738449.3615094521,1908.7638231306305,2596.3976539957453,1935.368923274335,3185.5573900005843
72839,738449.3621165975,1719.830228303105,2823.7256663238913,1758.4693153784988,3386.5162088980883
72840,738449.3740779742,1893.6992154980255,2809.7437252851764,1920.9171198935449,3370.5167739908397
72841,738449.374740881,1893.6992154980255,2809.7437252851764,1920.9171198935449,3370.5167739908397
72847,738449.4007164579,1893.6992154980255,2809.7437252851764,1920.9171198935449,3370.5167739908397
72848,738449.4011499138,1717.7822434120699,2457.3184202556636,1756.0641083161402,3058.607159202953
72849,738449.4091270773,1889.8595120185264,2445.941136569738,1916.9777966997844,3044.7406877502153
72850,738449.4177519585,1711.5758040267258,2215.4450015340904,1749.7676109434994,2827.1579408469893
72853,738449.4372297188,1711.5758040267258,2215.4450015340904,1749.7676109434994,2827.1579408469893
72855,738449.4761108574,1711.5758040267258,2215.4450015340904,1749.7676109434994,2827.1579408469893
72856,738449.49906543,1717.0562684780286,2557.044337020303,1754.6740232254824,3129.661046837516
72857,738449.5038773643,1717.0562684780286,2557.044337020303,1754.6740232254824,3129.661046837516
72860,738449.5666805633,1888.3316466404256,2776.9750698124117,1915.0470276615447,3324.901810676759
72862,738449.5854120186,1888.3316466404256,2776.9750698124117,1915.0470276615447,3324.901810676759
72863,738449.590394928,1888.3316466404256,2776.9750698124117,1915.0470276615447,3324.901810676759
72867,738449.6039599437,1709.1908793263674,3144.354915983694,1746.8294778666366,3655.9819251211293
72868,738449.6244640814,1709.1908793263674,3144.354915983694,1746.8294778666366,3655.9819251211293
72871,738449.6592249838,1705.681609066527,3132.5745533233808,1743.3047779344213,3642.3713899513477
72872,738449.6649976753,1886.8670492352974,2759.7377361093104,1913.1902136755061,3300.094967590889
72873,738449.6745803525,1886.8670492352974,2759.7377361093104,1913.1902136755061,3300.094967590889
72874,738449.6884626277,1755.143214960822,2422.7718952463447,1923.6188185184637,3114.326438582674
72876,738449.7052214188,1755.143214960822,2422.7718952463447,1923.6188185184637,3114.326438582674
72879,738449.7275556191,1630.1360834854722,2391.5373728472355,1914.1382962172256,3084.5234901453323
72880,738449.7592821808,1623.38537172665,2487.329850974641,1906.1935040370747,3271.330693933473
72881,738449.7651252054,1620.4990760272995,2385.0668418543128,1901.8559066773837,3074.9016775825803
72882,738449.7985595758,1620.4990760272995,2385.0668418543128,1901.8559066773837,3074.9016775825803
72883,738449.8226381738,1620.4990760272995,2385.0668418543128,1901.8559066773837,3074.9016775825803
72884,738449.8427311985,1620.4990760272995,2385.0668418543128,1901.8559066773837,3074.9016775825803
72885,738449.843819503,1620.4990760272995,2385.0668418543128,1901.8559066773837,3074.9016775825803
72886,738449.8508112507,1614.8939851730906,2363.755375211551,1895.006073146433,3048.149704316666
72887,738449.8609751514,1610.9860596263015,2460.6547190798733,1889.7500725625812,3234.6104547018504
72888,738449.8751304388,1610.9860596263015,2460.6547190798733,1889.7500725625812,3234.6104547018504
72889,738449.8755036357,1610.9860596263015,2460.6547190798733,1889.7500725625812,3234.6104547018504
72891,738449.9188408373,1610.9860596263015,2460.6547190798733,1889.7500725625812,3234.6104547018504
72892,738449.9282989396,1610.8957368748177,2717.6590965321607,1732.7375253103626,3359.5821295858777
72897,738450.0360715558,1616.4414398370366,2455.998912501958,1891.6454951253088,3222.2647907447763
72899,738450.0638234011,1616.4414398370366,2455.998912501958,1891.6454951253088,3222.2647907447763
72900,738450.0642202215,1616.4414398370366,2455.998912501958,1891.6454951253088,3222.2647907447763
72903,738450.1155950438,1619.1592547947103,2473.6030606548566,1892.6143451126395,3242.3268092115886
72904,738450.1234261876,1619.1592547947103,2473.6030606548566,1892.6143451126395,3242.3268092115886
72906,738450.1362857012,1619.1592547947103,2473.6030606548566,1892.6143451126395,3242.3268092115886
72909,738450.1831673089,1619.1592547947103,2473.6030606548566,1892.6143451126395,3242.3268092115886
72913,738450.2436889054,1619.1592547947103,2473.6030606548566,1892.6143451126395,3242.3268092115886
72915,738450.2772180875,1617.2065611805974,2447.175787935808,1889.2490934931673,3206.278253542041
72919,738450.3247206274,1612.3211241667614,2437.9048739750624,1883.164682950418,3193.9068399510197
72920,738450.332195336,1612.3211241667614,2437.9048739750624,1883.164682950418,3193.9068399510197
72921,738450.3415574176,1735.1421803160001,2442.923821803028,1903.625926474667,3194.611305322311
72922,738450.3435802021,1735.1421803160001,2442.923821803028,1903.625926474667,3194.611305322311
72924,738450.3583367227,1625.120106254425,2440.6929269980283,1892.1010266901965,3188.7387662732585
72926,738450.3638688555,1625.120106254425,2440.6929269980283,1892.1010266901965,3188.7387662732585
72927,738450.3652145719,1637.9821932965156,2700.0494721858586,1753.430406511575,3320.682669617804
72928,738450.3664714997,1633.653944654024,2339.869704163629,1897.1383381575608,2991.584404419828
72929,738450.366792547,1625.1337500922348,2327.9184940554774,1887.7370394495313,2977.3678199257283
72931,738450.3826407851,1625.1337500922348,2327.9184940554774,1887.7370394495313,2977.3678199257283
72936,738450.4710350016,1619.0419057019017,2417.153354440605,1880.615297468582,3152.239140597712
72938,738450.5076006056,1611.7652890179224,2405.974190663066,1872.3967673167165,3138.348335019482
72943,738450.5762849876,1604.8066503536345,2395.136287802357,1864.4858285753999,3124.796918318553
72946,738450.6091046019,1604.8066503536345,2395.136287802357,1864.4858285753999,3124.796918318553
72947,738450.631746845,1606.1033896119288,2392.107254107479,1864.3106959121897,3118.4271602014915
72949,738450.6465642408,1606.1033896119288,2392.107254107479,1864.3106959121897,3118.4271602014915
72952,738450.7168408368,1606.3540193951317,2388.1399117403575,1863.1718849310384,3111.2300380017573
72953,738450.7311392385,1606.3540193951317,2388.1399117403575,1863.1718849310384,3111.2300380017573
72954,738450.7622593606,1606.3540193951317,2388.1399117403575,1863.1718849310384,3111.2300380017573
72955,738450.767205955,1606.3540193951317,2388.1399117403575,1863.1718849310384,3111.2300380017573
72957,738450.799982213,1604.5509620675373,2382.2839168503074,1717.042568036843,3102.3323932915587
72961,738450.8598998075,1604.5509620675373,2382.2839168503074,1717.042568036843,3102.3323932915587
72962,738450.8665291975,1604.5509620675373,2382.2839168503074,1717.042568036843,3102.3323932915587
72964,738450.8714409074,1601.0717096796764,2374.8921714544235,1855.5198488235499,3092.0552653485324
72966,738450.8888367461,1601.0717096796764,2374.8921714544235,1855.5198488235499,3092.0552653485324
72967,738450.9047584158,1601.0717096796764,2374.8921714544235,1855.5198488235499,3092.0552653485324
72968,738450.9087321141,1593.7200204925664,2363.8933671056475,1847.2978566579134,3078.4951884395396
72971,738450.9296800792,1593.7200204925664,2363.8933671056475,1847.2978566579134,3078.4951884395396
72976,738451.0292245746,1592.3000813680555,2263.52310949747,1703.7303515770802,2890.024017998899
72977,738451.0578533541,1589.8464221291324,2352.2190546212328,1700.8369005747152,3060.9321662401358
72978,738451.0621376635,1589.8464221291324,2352.2190546212328,1700.8369005747152,3060.9321662401358
72980,738451.0712977345,1589.8464221291324,2352.2190546212328,1700.8369005747152,3060.9321662401358
72981,738451.0836563382,1583.2813552477858,2576.928087986738,1694.0709282905148,3169.1081042985393
72984,738451.1094005668,1583.2813552477858,2576.928087986738,1694.0709282905148,3169.1081042985393
72985,738451.1256105686,1583.2813552477858,2576.928087986738,1694.0709282905148,3169.1081042985393
72986,738451.1937872859,1583.2813552477858,2576.928087986738,1694.0709282905148,3169.1081042985393
72989,738451.280149245,1576.36498167173,2565.2819895477833,1686.9756399530868,3155.593776746554
72991,738451.3234694763,1578.573005674798,2329.852764749059,1826.6093877431372,3030.3304404857463
72992,738451.3255548367,1578.573005674798,2329.852764749059,1826.6093877431372,3030.3304404857463
72993,738451.340855613,1575.0694631500166,2644.6002280849284,1822.0601910469293,3313.528080325432
72995,738451.3502716622,1572.406781788938,2316.4036421048027,1818.3114563951235,3011.4031857549426
72996,738451.3531167898,1569.6872039097082,2310.077591984945,1814.520171279434,3002.3447789299103
73000,738451.3805912858,1574.9096509498263,2219.8908612971545,1682.8215923795963,2826.530099805067
73002,738451.3981658908,1569.8077489103005,2211.804224634754,1677.4607352450955,2816.271396405412
73004,738451.4211548044,1562.3931724325337,2201.550394602253,1669.916344612705,2804.0352988096934
73006,738451.4562972672,4098.276172911991,13935.65279881646,4098.276172911991,13935.65279881646
73008,738451.4673011544,1556.7361676232645,2192.994946140859,1797.5104185691405,2793.383326126447
73010,738451.4833124813,1556.7361676232645,2192.994946140859,1797.5104185691405,2793.383326126447
73011,738451.5004209845,1551.5874145594798,2184.951285909353,1658.6367788196671,2783.2225601595537
73012,738451.5005605285,1548.3610296811814,2178.7638171760454,1655.0596138894132,2774.793799127228
73014,738451.5086689286,1556.8919795165639,2272.687317600571,1794.1507329111914,2945.989479121751
73015,738451.5313604991,1562.407820100176,2194.6147120721484,1798.20063706776,2786.7284261718155
73017,738451.5826090493,1558.3460553953096,2267.1482267603105,1793.2395856296762,2934.8591392691783
73018,738451.5839146116,1558.3460553953096,2267.1482267603105,1793.2395856296762,2934.8591392691783
73019,738451.5870415112,1550.8958469103961,2256.68431693871,1785.0932478222012,2922.2182319118374
73020,738451.5983772654,1550.8958469103961,2256.68431693871,1785.0932478222012,2922.2182319118374
73022,738451.6172743825,1550.8958469103961,2256.68431693871,1785.0932478222012,2922.2182319118374
73024,738451.6300378729,1550.8958469103961,2256.68431693871,1785.0932478222012,2922.2182319118374
73025,738451.6353043248,1550.8958469103961,2256.68431693871,1785.0932478222012,2922.2182319118374
73026,738451.6406315138,1550.8958469103961,2256.68431693871,1785.0932478222012,2922.2182319118374
73027,738451.6537978493,1550.8958469103961,2256.68431693871,1785.0932478222012,2922.2182319118374
73028,738451.6681512522,1545.9859823352601,2248.6558879630866,1779.348721218445,2911.8488709787475
73029,738451.6713105149,1545.9859823352601,2248.6558879630866,1779.348721218445,2911.8488709787475
73030,738451.6813253594,1539.5586966682436,2239.219222470876,1772.1809838411014,2900.197361126854
73031,738451.6939747151,1539.5586966682436,2239.219222470876,1772.1809838411014,2900.197361126854
73032,738451.6980903721,1535.2369250054032,2231.8068297771765,1767.0065658234557,2890.4386199118244
73033,738451.7042581964,1535.2369250054032,2231.8068297771765,1767.0065658234557,2890.4386199118244
73034,738451.7425500868,1535.2369250054032,2231.8068297771765,1767.0065658234557,2890.4386199118244
73036,738451.7479617315,1534.509449786872,2141.667182774552,1637.9003863779883,2719.54980915212
73037,738451.7540011826,1534.509449786872,2141.667182774552,1637.9003863779883,2719.54980915212
73038,738451.7571212461,1534.509449786872,2141.667182774552,1637.9003863779883,2719.54980915212
73039,738451.7781781316,1529.7922572111345,2134.3085477118793,1632.9414012282698,2710.213943389394
73040,738451.799571771,1524.4366717769126,2126.3662935632983,1627.379097549933,2700.354788914067
73041,738451.8161913735,1524.4366717769126,2126.3662935632983,1627.379097549933,2700.354788914067
73042,738451.8238243696,1524.4366717769126,2126.3662935632983,1627.379097549933,2700.354788914067
73043,738451.8348691807,1519.7813367586605,2127.0763804786425,1622.4831404825072,2701.012391144364
73047,738451.9182437252,1519.7813367586605,2127.0763804786425,1622.4831404825072,2701.012391144364
73051,738451.9736347161,17264.482380659887,2169.579970235054,23318.007761507717,3148.6801650364155
73054,738451.9799433788,17264.482380659887,2169.579970235054,23318.007761507717,3148.6801650364155
73058,738452.0341592426,17264.482380659887,2169.579970235054,23318.007761507717,3148.6801650364155
73059,738452.0351417649,17264.482380659887,2169.579970235054,23318.007761507717,3148.6801650364155
73060,738452.0356309887,1532.652345150202,2475.281270912558,1726.8545836945289,3075.0800532775597
73062,738452.064563791,1532.652345150202,2475.281270912558,1726.8545836945289,3075.0800532775597
73063,738452.0721073083,1532.652345150202,2475.281270912558,1726.8545836945289,3075.0800532775597
73065,738452.1107676988,1532.652345150202,2475.281270912558,1726.8545836945289,3075.0800532775597
73068,738452.1828373953,1532.652345150202,2475.281270912558,1726.8545836945289,3075.0800532775597
73070,738452.1981940072,1532.652345150202,2475.281270912558,1726.8545836945289,3075.0800532775597
73077,738452.2674138627,1536.9074927113381,2308.3771597827877,1729.999091339919,3072.2344664804086
73079,738452.3666547016,1532.2858461012545,2309.1027469556525,1724.7249058036077,3072.904239255361
73089,738452.4613219132,1532.2858461012545,2309.1027469556525,1724.7249058036077,3072.904239255361
73092,738452.5910670732,1529.5863964785447,2294.314190284788,1597.2536942258919,2894.0520377281873
73093,738452.5922539184,1523.6615052703482,2285.1679343198593,1591.2903629005016,2883.0233601698706
73094,738452.5962910997,1518.690481960994,2276.96147375616,1586.2378912977993,2872.882951942597
73095,738452.6366310336,1513.1398162038056,2268.2308788848395,1703.0601826181523,2862.2720992335703
73096,738452.6500231143,1513.1398162038056,2268.2308788848395,1703.0601826181523,2862.2720992335703
73098,738452.6604669127,1508.7341406191874,2545.2587398829073,1576.1214985809677,3114.726809908036
73099,738452.6711227769,1508.7341406191874,2545.2587398829073,1576.1214985809677,3114.726809908036
73102,738452.7228946419,1508.7341406191874,2545.2587398829073,1576.1214985809677,3114.726809908036
73110,738452.7692097377,1508.7341406191874,2545.2587398829073,1576.1214985809677,3114.726809908036
73112,738452.7902626497,1508.7341406191874,2545.2587398829073,1576.1214985809677,3114.726809908036
73113,738452.8260908852,1508.7341406191874,2545.2587398829073,1576.1214985809677,3114.726809908036
73122,738453.0014750028,1508.7341406191874,2545.2587398829073,1576.1214985809677,3114.726809908036
73123,738453.0051368267,1508.7341406191874,2545.2587398829073,1576.1214985809677,3114.726809908036
73125,738453.0309875847,1508.7341406191874,2545.2587398829073,1576.1214985809677,3114.726809908036
73126,738453.0906989023,1508.7341406191874,2545.2587398829073,1576.1214985809677,3114.726809908036
73130,738453.1973577545,1509.9760725255362,2171.2508638571703,1698.3560837953835,2774.754959631299
73141,738453.3401893516,1509.9760725255362,2171.2508638571703,1698.3560837953835,2774.754959631299
73151,738453.3941654968,1507.8961051995511,2253.1084353895103,1574.7192026179061,2840.8216801298367
73161,738453.5835266554,1505.1046491732736,2247.1289892746677,1571.7548197598262,2832.8337106233075
73165,738453.8050734444,1504.9748176303826,2243.7216089500403,1695.9211689877413,2990.828175007748
73167,738453.853157536,1506.9479398149037,2242.3534183012357,1699.452292116209,2839.7422193992693
73170,738453.8646037614,1505.1080779695517,2237.3687895259154,1696.8373395409317,2986.373518079691
73171,738453.866732149,1505.1080779695517,2237.3687895259154,1696.8373395409317,2986.373518079691
73173,738453.9061525168,1505.1080779695517,2237.3687895259154,1696.8373395409317,2986.373518079691
73174,738453.9397718676,1505.1080779695517,2237.3687895259154,1696.8373395409317,2986.373518079691
73176,738453.9679477003,1511.7983256354833,2240.569241610119,1720.1799195389287,3003.5219278110176
73177,738453.9784841614,1511.7983256354833,2240.569241610119,1720.1799195389287,3003.5219278110176
73178,738453.9817290772,1511.7983256354833,2240.569241610119,1720.1799195389287,3003.5219278110176
73179,738453.9976096805,1511.7983256354833,2240.569241610119,1720.1799195389287,3003.5219278110176
73182,738454.0532960409,1511.7983256354833,2240.569241610119,1720.1799195389287,3003.5219278110176
73184,738454.0655109542,1511.7983256354833,2240.569241610119,1720.1799195389287,3003.5219278110176
73189,738454.2763123016,1534.2049605768368,2185.2820272285744,1746.5223243622477,3100.581462610737
73192,738454.2931136368,1554.959922992831,2275.5526666491864,1755.166951654079,2888.4949407125478
73193,738454.302932562,1550.6015603858025,2268.2761612939416,1755.4865673171782,2888.7934247615576
73205,738454.4061976722,1555.0798500955345,2540.700289546687,1639.5119465965427,2991.8524438960253
73226,738455.0200108618,3745.4946904810663,16026.921044134942,15879.254622581451,19545.72461308459
73229,738455.0625965955,3745.4946904810663,16026.921044134942,15879.254622581451,19545.72461308459
73232,738455.1235078038,3745.4946904810663,16026.921044134942,15879.254622581451,19545.72461308459
73233,738455.1246892313,3745.4946904810663,16026.921044134942,15879.254622581451,19545.72461308459
73234,738455.1443736734,3745.4946904810663,16026.921044134942,15879.254622581451,19545.72461308459
73240,738455.3123401742,3745.4946904810663,16026.921044134942,15879.254622581451,19545.72461308459
73253,738455.460951916,1509.1267343224945,2138.340184105303,1758.2622228287648,2882.097669604808
73255,738455.4941286242,1508.9759045261312,2411.9627869740016,1638.5947509490168,2979.959376131801
73259,738455.538487926,1507.5329490877004,2131.3096250731537,1754.5366895468464,2716.4890608779438
73264,738455.6580274493,1507.5329490877004,2131.3096250731537,1754.5366895468464,2716.4890608779438
73269,738455.7181911413,1507.5329490877004,2131.3096250731537,1754.5366895468464,2716.4890608779438
73271,738455.7849531284,1504.3168316145645,2125.4627886016638,1632.8895849887565,2708.619960631119
73274,738455.85403986,1504.3168316145645,2125.4627886016638,1632.8895849887565,2708.619960631119
73282,738456.0393635576,1504.3168316145645,2125.4627886016638,1632.8895849887565,2708.619960631119
73283,738456.0423300097,1504.3168316145645,2125.4627886016638,1632.8895849887565,2708.619960631119
73284,738456.1313576576,1504.3168316145645,2125.4627886016638,1632.8895849887565,2708.619960631119
73289,738456.2261596705,1504.8283925841847,1930.74696377704,1632.8356957538197,2523.3680232572633
73290,738456.2464541661,1504.8283925841847,1930.74696377704,1632.8356957538197,2523.3680232572633
73291,738456.3025352042,1500.1366367310643,1924.327912679596,1630.5513466805849,2521.2316482130645
73301,738456.4221068987,1505.456791532346,2118.614980696581,1727.952933204911,2778.1291347922192
73302,738456.4231222912,1505.456791532346,2118.614980696581,1727.952933204911,2778.1291347922192
73303,738456.4240915665,1505.456791532346,2118.614980696581,1727.952933204911,2778.1291347922192
73304,738456.4262953546,1511.148908337653,2426.9400592497327,1742.811110141902,3063.9118957136293
73306,738456.4326555986,1518.5026698949498,2394.577869771731,1738.9298802921605,3030.8170321966963
73307,738456.434693135,1516.614207192485,2389.0560271379136,1620.6429353109784,3023.0772000170386
73309,738456.4449041234,1514.1894753000063,2116.8590250714037,1732.8034872353116,2766.0022536208908
73312,738456.4483255988,1516.833691665131,1930.0265034698907,1619.9789603548859,2586.942507014918
73313,738456.4595384704,1520.2654249194886,2117.786146159052,1736.965756717277,2761.7669095419014
73314,738456.5113264666,1520.2654249194886,2117.786146159052,1736.965756717277,2761.7669095419014
73316,738456.5390614828,1551.9177027077194,2314.558392216081,1717.7899455655465,3044.9433835068135
73321,738456.6018307717,1551.9177027077194,2314.558392216081,1717.7899455655465,3044.9433835068135
73322,738456.604284999,1595.6668547190563,1961.7292962496538,1696.857721182129,2603.537956598326
73323,738456.6097187595,1596.0212865716421,2005.3337636591195,1696.78757082568,2496.323333476138
73325,738456.6137878168,1591.2877699475341,1998.993751518176,1691.6752191351577,2488.4182263941675
73327,738456.6516345461,12763.888152183752,14242.660484306625,11286.977353833609,13683.318097244897
73329,738456.7393940086,1589.0881612210821,2437.6426579796707,1689.0789648230252,2899.5770415807096
73330,738456.7507704812,1586.296136230107,2173.0780537769033,1796.855918336426,2794.322265380842
73342,738456.8642392411,1586.296136230107,2173.0780537769033,1796.855918336426,2794.322265380842
73343,738456.88694764,1586.296136230107,2173.0780537769033,1796.855918336426,2794.322265380842
73344,738456.8919078183,1586.296136230107,2173.0780537769033,1796.855918336426,2794.322265380842
73348,738456.9181189531,1583.1192341866447,2424.9236728142823,1682.3393666691823,3027.006919880936
73349,738456.920535232,1587.2016781911923,2169.2176605034224,1796.038548955658,2785.940564763446
73350,738456.9219448862,1592.019337469781,2171.6107769617424,1690.3604436452804,2785.85223768133
73351,738456.9241389851,1591.8916889492398,2169.1575025560214,1798.9876573999838,2781.2116816671473
73352,738456.9246359074,1591.8916889492398,2169.1575025560214,1798.9876573999838,2781.2116816671473
73353,738456.9259811456,1587.0235545691626,2162.058195071598,1793.3464645246834,2772.204583364442
73354,738456.9279742526,1583.1656865566904,2155.9708323640957,1788.7095992885386,2764.166709575435
73357,738456.9410889217,1583.1656865566904,2155.9708323640957,1788.7095992885386,2764.166709575435
73358,738456.9418656962,1583.1656865566904,2155.9708323640957,1788.7095992885386,2764.166709575435
73361,738456.9633303662,1583.1656865566904,2155.9708323640957,1788.7095992885386,2764.166709575435
73364,738456.9870300528,1583.1656865566904,2155.9708323640957,1788.7095992885386,2764.166709575435
73365,738456.9906193325,1583.1656865566904,2155.9708323640957,1788.7095992885386,2764.166709575435
73366,738457.0031369729,1578.8656847331492,2149.4660482448676,1783.6420918583788,2755.7494755857083
73367,738457.0057774428,1578.8656847331492,2149.4660482448676,1783.6420918583788,2755.7494755857083
73370,738457.032972803,1579.0592870261553,1970.843743363513,1675.5446743570722,2443.4137439526335
73371,738457.0711615348,1583.1151592918202,2149.1556856962225,1786.2223915635855,2750.948736024231
73373,738457.1114256517,1583.0554512105814,2146.8771474421233,1785.3637539231815,2746.5679200793297
73374,738457.129472387,1578.2841494032875,2139.977968724664,1779.8552191853355,2737.8377336427734
73376,738457.176165778,1576.0138181253794,2382.065071696437,1671.009595215033,2824.7823200811217
73377,738457.1786691988,1577.65601420124,2135.0053563992265,1777.6657698433737,2728.7584167570626
73378,738457.1795339625,1576.5490439041537,2131.7635542063504,1775.796439682912,2723.527103515045
73379,738457.1909088258,1581.5965613201856,2141.9956405946577,1780.016196681852,2732.45124106002
73380,738457.2087534661,1581.5965613201856,2141.9956405946577,1780.016196681852,2732.45124106002
73381,738457.2104705095,1581.5965613201856,2141.9956405946577,1780.016196681852,2732.45124106002
73386,738457.2376340536,1581.5965613201856,2141.9956405946577,1780.016196681852,2732.45124106002
73387,738457.2378625799,1581.7238346055528,2375.3599923877355,1675.208402655365,2812.0011614854025
73391,738457.3367134905,1577.9524603738541,1956.2955701446965,1671.1064829637187,2414.193630225706
73403,738457.5760247428,1578.2196966086349,2124.9644705913383,1774.4060178025518,2708.5802934863295
73410,738457.7040159586,1578.2196966086349,2124.9644705913383,1774.4060178025518,2708.5802934863295
73412,738457.7104651856,1578.2196966086349,2124.9644705913383,1774.4060178025518,2708.5802934863295
73417,738457.8379552207,1577.0864300333917,2361.82552573827,1669.535964132803,2794.4507773656846
73418,738457.840646477,1577.0864300333917,2361.82552573827,1669.535964132803,2794.4507773656846
73422,738457.9214814091,1577.0864300333917,2361.82552573827,1669.535964132803,2794.4507773656846
73423,738457.9338062672,1575.2564145963697,2117.9195417114647,1667.3683460219202,2562.783803290045
73425,738457.9495538593,1575.2564145963697,2117.9195417114647,1667.3683460219202,2562.783803290045
73428,738457.9906936013,7179.690605233843,13147.048461731541,17849.096911230987,13156.704680608907
73430,738457.9950653526,7179.690605233843,13147.048461731541,17849.096911230987,13156.704680608907
73433,738458.06448301,7179.690605233843,13147.048461731541,17849.096911230987,13156.704680608907
73434,738458.0739504109,7179.690605233843,13147.048461731541,17849.096911230987,13156.704680608907
73435,738458.1321590226,7179.690605233843,13147.048461731541,17849.096911230987,13156.704680608907
73436,738458.157276711,7179.690605233843,13147.048461731541,17849.096911230987,13156.704680608907
73437,738458.1628994351,7179.690605233843,13147.048461731541,17849.096911230987,13156.704680608907
73438,738458.1664461308,7179.690605233843,13147.048461731541,17849.096911230987,13156.704680608907
73439,738458.1756959747,7179.690605233843,13147.048461731541,17849.096911230987,13156.704680608907
73449,738458.3216445828,12361.90482479066,2497.3599583575856,11531.195753523478,2957.2401451363794
73469,738458.6491420155,12361.90482479066,2497.3599583575856,11531.195753523478,2957.2401451363794
73470,738458.6868861769,12361.90482479066,2497.3599583575856,11531.195753523478,2957.2401451363794
73476,738458.787230525,12361.90482479066,2497.3599583575856,11531.195753523478,2957.2401451363794
73477,738458.7923675699,12361.90482479066,2497.3599583575856,11531.195753523478,2957.2401451363794
73478,738458.802259818,12361.90482479066,2497.3599583575856,11531.195753523478,2957.2401451363794
73479,738458.814632049,12361.90482479066,2497.3599583575856,11531.195753523478,2957.2401451363794
73480,738458.8557678908,12361.90482479066,2497.3599583575856,11531.195753523478,2957.2401451363794
73481,738458.9024058442,12361.90482479066,2497.3599583575856,11531.195753523478,2957.2401451363794
73482,738458.9292092248,12361.90482479066,2497.3599583575856,11531.195753523478,2957.2401451363794
73483,738458.9317377213,12361.90482479066,2497.3599583575856,11531.195753523478,2957.2401451363794
73485,738458.9387397827,12361.90482479066,2497.3599583575856,11531.195753523478,2957.2401451363794
73486,738458.9418519114,12361.90482479066,2497.3599583575856,11531.195753523478,2957.2401451363794
73487,738458.9451466508,12361.90482479066,2497.3599583575856,11531.195753523478,2957.2401451363794
73488,738458.9513833778,1573.9323090466858,2576.893183943563,1665.7053627437278,2994.238921493827
73489,738458.972690314,1573.9323090466858,2576.893183943563,1665.7053627437278,2994.238921493827
73490,738458.9838551949,1573.9323090466858,2576.893183943563,1665.7053627437278,2994.238921493827
73491,738458.9961338764,1573.9323090466858,2576.893183943563,1665.7053627437278,2994.238921493827
73492,738459.0028380348,1574.1902596391476,2171.0655175419233,1665.6150531290878,2608.558727892269
73493,738459.0028389933,1581.8396512446063,2137.384797672324,1774.3113976449745,2840.824439490799
73494,738459.0258944305,1581.8396512446063,2137.384797672324,1774.3113976449745,2840.824439490799
73498,738459.0634865704,1581.8396512446063,2137.384797672324,1774.3113976449745,2840.824439490799
73499,738459.0656320151,1581.8396512446063,2137.384797672324,1774.3113976449745,2840.824439490799
73500,738459.067611332,1581.8396512446063,2137.384797672324,1774.3113976449745,2840.824439490799
73503,738459.0984812641,1581.8396512446063,2137.384797672324,1774.3113976449745,2840.824439490799
73507,738459.1417631983,1581.8396512446063,2137.384797672324,1774.3113976449745,2840.824439490799
73514,738459.1630799888,1581.8396512446063,2137.384797672324,1774.3113976449745,2840.824439490799
73520,738459.3078967108,1581.8396512446063,2137.384797672324,1774.3113976449745,2840.824439490799
73523,738459.3462826052,1580.9453144985641,2338.7151055581057,1772.7088939729538,2896.746471313565
73524,738459.373888301,1580.7340539406728,2170.8811024515076,1671.0866012773558,2603.7781801008523
73532,738459.4269591093,1585.2119957905052,2337.3315185096835,1775.507696735915,2891.5464768582283
73540,738459.5297324423,1585.2119957905052,2337.3315185096835,1775.507696735915,2891.5464768582283
73551,738459.7657081005,1585.2119957905052,2337.3315185096835,1775.507696735915,2891.5464768582283
73552,738459.7730209368,1585.2119957905052,2337.3315185096835,1775.507696735915,2891.5464768582283
73556,738459.8233082322,1585.2119957905052,2337.3315185096835,1775.507696735915,2891.5464768582283
73557,738459.8449110464,1585.2119957905052,2337.3315185096835,1775.507696735915,2891.5464768582283
73558,738459.8480181849,1585.2119957905052,2337.3315185096835,1775.507696735915,2891.5464768582283
73560,738459.923632109,1585.2119957905052,2337.3315185096835,1775.507696735915,2891.5464768582283
73562,738459.9599217947,1587.4293653170657,2134.7127046306573,1776.9983215778811,2889.0739787750704
73563,738459.9769536594,1587.4293653170657,2134.7127046306573,1776.9983215778811,2889.0739787750704
73565,738460.0801369334,7101.345964445823,17653.15037229718,18969.62659434714,15020.060174291295
73566,738460.113241785,7101.345964445823,17653.15037229718,18969.62659434714,15020.060174291295
73590,738460.532424133,1595.912302738672,2141.0900091420485,1793.2379497884529,2892.465901103631
73599,738460.7425413053,1603.476084743674,2146.5736847279354,1791.4799198660226,2856.4193132197443
73604,738460.8570923925,1603.476084743674,2146.5736847279354,1791.4799198660226,2856.4193132197443
73611,738460.9715766388,1599.16383432717,2140.3265407029107,1786.5287384864787,2801.5109497227327
73613,738460.9795035927,1593.4933558190041,2132.7500575734675,1780.2387928196406,2792.04640741371
73614,738460.9930834136,1593.4933558190041,2132.7500575734675,1780.2387928196406,2792.04640741371
73619,738461.064294516,1593.4933558190041,2132.7500575734675,1780.2387928196406,2792.04640741371
73642,738461.1233095565,1593.4933558190041,2132.7500575734675,1780.2387928196406,2792.04640741371
73652,738461.2611361839,1593.2072075731714,2360.1306096948892,1681.1691580421389,2874.8855943074345
73653,738461.2663679253,1592.607032166508,2127.9797829009303,1778.013725834857,2653.903535812842
73655,738461.2802954412,1592.607032166508,2127.9797829009303,1778.013725834857,2653.903535812842
73658,738461.338475747,1592.607032166508,2127.9797829009303,1778.013725834857,2653.903535812842
73665,738461.3765463906,1592.607032166508,2127.9797829009303,1778.013725834857,2653.903535812842
73666,738461.380184557,1592.607032166508,2127.9797829009303,1778.013725834857,2653.903535812842
73674,738461.4187505114,1637.0119934222741,2451.474214429233,1857.0410175512684,2935.884833363194
73678,738461.4737589555,1682.2364375652555,2212.807633756075,1865.3502939449556,2867.361850921953
73679,738461.4989026547,1600.4344896780588,1799.0370440460706,1792.7623928810324,2353.845000452553
73680,738461.5106890751,1600.4344896780588,1799.0370440460706,1792.7623928810324,2353.845000452553
73686,738461.6154926904,1600.4344896780588,1799.0370440460706,1792.7623928810324,2353.845000452553
73691,738461.781601016,1600.4344896780588,1799.0370440460706,1792.7623928810324,2353.845000452553
73693,738461.8640888217,1600.4344896780588,1799.0370440460706,1792.7623928810324,2353.845000452553
73695,738461.8852389671,1600.4344896780588,1799.0370440460706,1792.7623928810324,2353.845000452553
73696,738461.9488065847,1705.1434178925836,2231.6937481283726,1790.7350748866095,2785.841575231994
73697,738461.9684490947,1705.1434178925836,2231.6937481283726,1790.7350748866095,2785.841575231994
73702,738462.0588065754,1705.1434178925836,2231.6937481283726,1790.7350748866095,2785.841575231994
73707,738462.300532029,1700.975938206504,2450.1162472707542,1881.9424184476836,2990.926952269449
73708,738462.302335742,8447.624386351437,8636.089872778148,14045.632451427706,8847.241770696928
73760,738462.830266151,8447.624386351437,8636.089872778148,14045.632451427706,8847.241770696928
73763,738462.9557102812,8447.624386351437,8636.089872778148,14045.632451427706,8847.241770696928
73764,738462.9909615197,2154.986735829286,1869.1850068599765,14470.081765213046,2131.4872594691738
73786,738463.3368011828,8497.508897881471,15114.952369809047,15080.927287741968,15793.366237520479
73800,738463.6293248803,1772.7132396523234,2475.9698750204193,1877.5983015305235,2886.822284507618
73804,738463.7065072089,1772.7132396523234,2475.9698750204193,1877.5983015305235,2886.822284507618
73808,738463.8596894854,1772.7132396523234,2475.9698750204193,1877.5983015305235,2886.822284507618
73810,738463.8755822158,1772.7132396523234,2475.9698750204193,1877.5983015305235,2886.822284507618
73811,738463.9034210966,6979.056897565845,12617.144834638013,14562.006862170796,14503.45830609569
73814,738463.9486481819,6979.056897565845,12617.144834638013,14562.006862170796,14503.45830609569
73816,738463.9692801876,6979.056897565845,12617.144834638013,14562.006862170796,14503.45830609569
73817,738463.9807402942,6966.055114782003,12648.260954442621,13858.126015729871,13902.519304098265
73824,738464.2069305085,1793.9076026769612,2829.35600417136,1875.825603051489,2890.023133391118
73825,738464.2243261774,1799.0486267268072,2834.3928182742493,1780.2351181044664,2751.746758042011
73826,738464.2330669215,1799.0486267268072,2834.3928182742493,1780.2351181044664,2751.746758042011
73827,738464.2348256251,1799.0486267268072,2834.3928182742493,1780.2351181044664,2751.746758042011
73843,738464.4947774753,1843.399853117673,2969.1196080430323,1776.0166079765293,2744.4765673182665
73849,738464.5662969337,1843.399853117673,2969.1196080430323,1776.0166079765293,2744.4765673182665
73855,738464.6626930283,1843.399853117673,2969.1196080430323,1776.0166079765293,2744.4765673182665
73863,738464.8928568239,7853.794947129017,4731.023994526326,12313.678777969813,3299.8527815886077
73865,738464.8967148383,1879.0794946714,3375.9540273448633,1726.638200765974,3054.1849338754014
73867,738464.9294864393,1879.0794946714,3375.9540273448633,1726.638200765974,3054.1849338754014
73895,738465.6215793295,1879.0794946714,3375.9540273448633,1726.638200765974,3054.1849338754014
73903,738465.6738352263,1917.1932456769166,3583.4266723918972,1725.907567965049,2782.2810807482956
73913,738466.01451816,8860.575787642005,18496.300686128536,14443.376600170357,16000.389615121774
73914,738466.0282359719,8860.575787642005,18496.300686128536,14443.376600170357,16000.389615121774
73915,738466.057761347,8860.575787642005,18496.300686128536,14443.376600170357,16000.389615121774
73917,738466.0940801695,8860.575787642005,18496.300686128536,14443.376600170357,16000.389615121774
73926,738466.3229882151,8860.575787642005,18496.300686128536,14443.376600170357,16000.389615121774
73933,738466.5725054706,8860.575787642005,18496.300686128536,14443.376600170357,16000.389615121774
73934,738466.6733051677,8860.575787642005,18496.300686128536,14443.376600170357,16000.389615121774
73936,738466.7373931546,8860.575787642005,18496.300686128536,14443.376600170357,16000.389615121774
73938,738466.9095259506,8860.575787642005,18496.300686128536,14443.376600170357,16000.389615121774
73950,738467.1391201261,8860.575787642005,18496.300686128536,14443.376600170357,16000.389615121774
73951,738467.1492595776,8860.575787642005,18496.300686128536,14443.376600170357,16000.389615121774
73987,738467.9014168187,8860.575787642005,18496.300686128536,14443.376600170357,16000.389615121774
73988,738467.9233730346,12937.501268795488,7049.161474311648,14316.842366249122,3526.357516127133
73992,738468.054359302,12937.501268795488,7049.161474311648,14316.842366249122,3526.357516127133
74005,738468.498575862,12937.501268795488,7049.161474311648,14316.842366249122,3526.357516127133
74006,738468.5036076605,12937.501268795488,7049.161474311648,14316.842366249122,3526.357516127133
74017,738468.6957462894,8885.591758991117,9027.450993207989,13273.649809940644,3998.661311650809
74019,738468.7463540118,8885.591758991117,9027.450993207989,13273.649809940644,3998.661311650809
74029,738469.0106211096,8885.591758991117,9027.450993207989,13273.649809940644,3998.661311650809
74055,738469.4971035997,2314.0454027219876,5244.930161932401,1686.43399344546,3078.4743981330867
74057,738469.5820635392,2289.821785337399,5179.985288427703,1683.2190105070028,2863.339284629889
74058,738469.6185983053,2286.117799378979,5135.257822850737,1684.489301088715,2860.651903155995
74059,738469.6426400092,2286.117799378979,5135.257822850737,1684.489301088715,2860.651903155995
74063,738469.7914438022,2275.73075361246,5085.473526455498,1684.1989324994418,2865.266847869959
74073,738469.9434259321,2784.8182288879434,4669.699843815877,1807.226465011328,2716.9190133527804
74072,738469.9434294653,2305.261753030636,5841.8546319106945,1695.1651579381428,2932.4410672604076
74075,738469.9917857738,2311.290171938143,5004.721790589864,1698.6790534850966,2875.7893278659412
74077,738470.0212577375,2289.4963624240054,4948.468480127979,1695.5631642443573,2877.764008488697
74079,738470.0966159052,2289.4963624240054,4948.468480127979,1695.5631642443573,2877.764008488697
74082,738470.1404745596,2289.4963624240054,4948.468480127979,1695.5631642443573,2877.764008488697
74083,738470.1893574707,2277.7041046870986,4902.465553588185,1694.7355550568036,2829.3715264760226
74085,738470.2406884137,2277.7041046870986,4902.465553588185,1694.7355550568036,2829.3715264760226
74086,738470.2506683855,2282.3772454101727,4872.747432590266,1697.8522827913514,2828.6659484769157
74088,738470.2999464613,2282.3772454101727,4872.747432590266,1697.8522827913514,2828.6659484769157
74089,738470.3082767074,2285.540152058003,4842.497714617337,1700.607070453211,2827.6352409024876
74107,738470.5922063446,5585.746850191798,14083.169595885283,5585.746850191798,19241.345673402277
74118,738470.738437344,5585.746850191798,14083.169595885283,5585.746850191798,19241.345673402277
74125,738470.8500570754,2313.268767883055,4970.656058556424,1695.3698951798783,2818.8975561251937
74126,738470.9273517504,2291.5068672495927,4915.360239666303,1692.2584989641982,2812.239362186174
74130,738470.9863879884,2291.5068672495927,4915.360239666303,1692.2584989641982,2812.239362186174
74133,738471.0885610894,2291.5068672495927,4915.360239666303,1692.2584989641982,2812.239362186174
74136,738471.1297207316,2291.5068672495927,4915.360239666303,1692.2584989641982,2812.239362186174
74176,738471.6760287106,2104.4608061005706,5234.899659372682,1690.7837667324193,2813.381465054535
74177,738471.6798082913,2104.4608061005706,5234.899659372682,1690.7837667324193,2813.381465054535
74178,738471.6806394741,2104.4608061005706,5234.899659372682,1690.7837667324193,2813.381465054535
74179,738471.6985272642,2104.4608061005706,5234.899659372682,1690.7837667324193,2813.381465054535
74180,738471.7197955577,2104.4608061005706,5234.899659372682,1690.7837667324193,2813.381465054535
74182,738471.7358326417,2104.4608061005706,5234.899659372682,1690.7837667324193,2813.381465054535
74183,738471.747456175,2104.4608061005706,5234.899659372682,1690.7837667324193,2813.381465054535
74191,738471.8943704228,2104.4608061005706,5234.899659372682,1690.7837667324193,2813.381465054535
74195,738472.0280856238,2231.9418203680266,5798.203990690845,1690.0493176942737,2809.035405476005
74196,738472.1044851843,2231.9418203680266,5798.203990690845,1690.0493176942737,2809.035405476005
74204,738472.3354240614,2231.9418203680266,5798.203990690845,1690.0493176942737,2809.035405476005
74207,738472.3938110479,2356.5022660528793,6592.414591790191,1686.8172644380645,2802.2875534827767
74210,738472.4262088287,2356.5022660528793,6592.414591790191,1686.8172644380645,2802.2875534827767
74219,738472.6745725191,2356.5022660528793,6592.414591790191,1686.8172644380645,2802.2875534827767
74230,738473.0390067513,2416.855290904464,6141.037939085502,1685.577737107319,2797.4971755312336
74237,738473.3555149045,2407.80603082055,5493.213824197268,1686.7667070424895,2795.0880039028134
74243,738473.4870201531,7253.856647649916,7267.629460260144,3880.8124094160985,2666.3414880801133
74261,738473.7788428549,7253.856647649916,7267.629460260144,3880.8124094160985,2666.3414880801133
74268,738473.8251703384,3201.8595572412105,12026.18081405414,1653.9786916349597,4268.920744665236
74269,738473.8318877149,3100.9678486625826,11816.058333104536,1642.8085124287404,4257.842491881625
74273,738473.9325948432,3100.9678486625826,11816.058333104536,1642.8085124287404,4257.842491881625
74276,738474.0453252532,3100.9678486625826,11816.058333104536,1642.8085124287404,4257.842491881625
74285,738474.3030378988,3100.9678486625826,11816.058333104536,1642.8085124287404,4257.842491881625
74305,738474.4908626754,3168.819355984166,6547.7076056533415,1783.8111288639607,2726.871764831784
74315,738474.5617586557,3168.819355984166,6547.7076056533415,1783.8111288639607,2726.871764831784
74319,738474.5678871644,3168.819355984166,6547.7076056533415,1783.8111288639607,2726.871764831784
74320,738474.5795516536,11629.408855209436,12664.410628732507,11629.408855209436,9356.158365599831
74324,738474.8510996533,11629.408855209436,12664.410628732507,11629.408855209436,9356.158365599831
74336,738475.346431055,11629.408855209436,12664.410628732507,11629.408855209436,9356.158365599831
74384,738476.2845579223,11629.408855209436,12664.410628732507,11629.408855209436,9356.158365599831
74386,738476.2927857949,11629.408855209436,12664.410628732507,11629.408855209436,9356.158365599831
74387,738476.293756115,2194.257945158038,6850.280618584577,1691.8230706421853,2706.574756401607
74397,738476.4019346379,2194.257945158038,6850.280618584577,1691.8230706421853,2706.574756401607
74410,738476.8968981397,1524.2888499726002,7460.34230364361,1688.5946338999051,2810.81621472025
74441,738477.9368175763,1524.2888499726002,7460.34230364361,1688.5946338999051,2810.81621472025
74478,738478.7194663276,1524.2888499726002,7460.34230364361,1688.5946338999051,2810.81621472025
74484,738478.8933964395,1524.2888499726002,7460.34230364361,1688.5946338999051,2810.81621472025
74496,738479.0693596861,3117.403333764075,10358.165286072302,1987.3268797999947,5998.606657432775
74497,738479.0709488505,3117.403333764075,10358.165286072302,1987.3268797999947,5998.606657432775
74498,738479.0731496903,3117.403333764075,10358.165286072302,1987.3268797999947,5998.606657432775
74499,738479.0770890875,3117.403333764075,10358.165286072302,1987.3268797999947,5998.606657432775
74502,738479.1084934784,3117.403333764075,10358.165286072302,1987.3268797999947,5998.606657432775
74503,738479.1127502478,3117.403333764075,10358.165286072302,1987.3268797999947,5998.606657432775
74514,738479.4148709413,3117.403333764075,10358.165286072302,1987.3268797999947,5998.606657432775
74515,738479.4247410032,3117.403333764075,10358.165286072302,1987.3268797999947,5998.606657432775
74518,738479.4527081832,3168.4361925185785,10619.336472092902,2066.999735391575,6438.195990785789
74520,738479.4633805319,3168.4361925185785,10619.336472092902,2066.999735391575,6438.195990785789
74522,738479.476946721,3168.4361925185785,10619.336472092902,2066.999735391575,6438.195990785789
74536,738479.7351355437,20531.84738289695,9792.060652104383,10434.632807836155,6340.051728630706
74546,738480.005000149,20531.84738289695,9792.060652104383,10434.632807836155,6340.051728630706
74547,738480.0288852331,20531.84738289695,9792.060652104383,10434.632807836155,6340.051728630706
74599,738480.9603256751,20531.84738289695,9792.060652104383,10434.632807836155,6340.051728630706
74607,738481.2085754406,2831.5383641132958,6510.622023347647,2132.384410213296,4455.748064518944
74611,738481.3173400284,2831.5383641132958,6510.622023347647,2132.384410213296,4455.748064518944
74615,738481.3712407955,2831.5383641132958,6510.622023347647,2132.384410213296,4455.748064518944
74617,738481.3768436146,12049.821363940335,25894.99931323925,10230.74681679704,16362.675438938999
74657,738482.64081825,12049.821363940335,25894.99931323925,10230.74681679704,16362.675438938999
74660,738482.6969685983,12049.821363940335,25894.99931323925,10230.74681679704,16362.675438938999
74670,738482.9611234678,21111.344215705834,11227.599623362676,9628.039877572604,9728.595795268142
74671,738482.9627109738,21111.344215705834,11227.599623362676,9628.039877572604,9728.595795268142
74675,738483.1337192788,20825.662113941708,10829.164646840192,9574.93677008892,9718.844263268149
74676,738483.1398521119,20825.662113941708,10829.164646840192,9574.93677008892,9718.844263268149
74683,738483.320864769,2128.724633727892,5559.836579860923,2165.5175782256915,4244.403694307088
74684,738483.3210304066,7840.6317618332705,5442.868831953356,2433.27956670467,4225.377829687107
74685,738483.3278995435,7840.6317618332705,5442.868831953356,2433.27956670467,4225.377829687107
74691,738483.4909557728,4704.969935130515,8976.38296185793,3023.0388797981013,5924.508395299464
74698,738483.6371419706,4558.9164652359495,8726.1781485147,3012.962462520894,6449.389329775554
74700,738483.6598981677,4450.734246890178,8515.479056421216,2981.589619200619,5873.777120774215
74703,738483.8257436752,21217.2668112917,18165.11053650258,21217.2668112917,8783.40260015513
74706,738483.952202618,21217.2668112917,18165.11053650258,21217.2668112917,8783.40260015513
74707,738483.9986310868,21217.2668112917,18165.11053650258,21217.2668112917,8783.40260015513
74711,738484.1269306687,21217.2668112917,18165.11053650258,21217.2668112917,8783.40260015513
74713,738484.1528949564,21217.2668112917,18165.11053650258,21217.2668112917,8783.40260015513
74716,738484.2474135432,20496.145497415866,15899.727626053853,5755.181384941558,13944.236354796654
74718,738484.2653748249,20496.145497415866,15899.727626053853,5755.181384941558,13944.236354796654
74733,738484.5021934311,4437.846992831961,7817.167456391483,2959.636097351832,6050.511440959439
74734,738484.503671808,4315.264368646538,7610.580911313031,2950.755680943539,5997.974199975651
74735,738484.5076799429,4214.230968581593,7429.23687395901,2931.2915130854635,5951.157260609866
74737,738484.5219190257,4214.230968581593,7429.23687395901,2931.2915130854635,5951.157260609866
74739,738484.5531092698,4214.230968581593,7429.23687395901,2931.2915130854635,5951.157260609866
74740,738484.5673664939,4115.413478246056,7254.210304054953,2910.899371584674,5904.0072278447615
74741,738484.5794941854,4017.247421562565,7083.777600027383,2889.132720354293,6400.66283905502
74747,738484.7349564148,4017.247421562565,7083.777600027383,2889.132720354293,6400.66283905502
74753,738484.8871237506,4017.247421562565,7083.777600027383,2889.132720354293,6400.66283905502
74754,738484.8917702234,4126.332107214225,7361.178501356235,2858.4705451411487,5815.616988786427
74763,738485.2766408812,9761.063381731898,11617.875169450344,11500.47773504704,9391.452945875157
74784,738486.0610262658,9761.063381731898,11617.875169450344,11500.47773504704,9391.452945875157
74785,738486.0827241073,9761.063381731898,11617.875169450344,11500.47773504704,9391.452945875157
74795,738486.4939083885,11858.059493194089,13533.252249155585,9536.198405376717,11768.002501071947
74796,738486.5062368747,4871.054133053693,9684.67595028554,2922.3955055140295,6505.337748579075
74811,738487.0095986648,4871.054133053693,9684.67595028554,2922.3955055140295,6505.337748579075
74825,738487.540275796,16221.75310950921,10651.975998554468,10299.080086970946,8911.612641200252
74829,738487.5730832267,16221.75310950921,10651.975998554468,10299.080086970946,8911.612641200252
74855,738487.922322449,16221.75310950921,10651.975998554468,10299.080086970946,8911.612641200252
74881,738488.2361266267,16221.75310950921,10651.975998554468,10299.080086970946,8911.612641200252
74896,738488.5149257929,16221.75310950921,10651.975998554468,10299.080086970946,8911.612641200252
74899,738488.5629294988,16221.75310950921,10651.975998554468,10299.080086970946,8911.612641200252
74901,738488.6055162903,16221.75310950921,10651.975998554468,10299.080086970946,8911.612641200252
74902,738488.8472868319,16221.75310950921,10651.975998554468,10299.080086970946,8911.612641200252
74906,738488.9146188186,16221.75310950921,10651.975998554468,10299.080086970946,8911.612641200252
74908,738488.9627924773,4978.545593648295,11800.520856141171,3439.049299730316,8349.594047692899
74909,738488.9717240363,4124.599262225158,11345.28185573572,3390.347631121842,8240.963250409503
74914,738489.1518032715,4124.599262225158,11345.28185573572,3390.347631121842,8240.963250409503
74923,738489.2077642474,4124.599262225158,11345.28185573572,3390.347631121842,8240.963250409503
74930,738489.3984473489,4124.599262225158,11345.28185573572,3390.347631121842,8240.963250409503
74939,738489.7739710192,4124.599262225158,11345.28185573572,3390.347631121842,8240.963250409503
74959,738490.3049509806,6515.828092721356,11264.850129304303,3408.589549329557,8628.805487795073
74993,738490.90830767,6515.828092721356,11264.850129304303,3408.589549329557,8628.805487795073
75015,738491.4558637459,6515.828092721356,11264.850129304303,3408.589549329557,8628.805487795073
75028,738491.719091947,6515.828092721356,11264.850129304303,3408.589549329557,8628.805487795073
75038,738491.9536116698,14023.924894036321,17144.43251150206,13410.980380916913,14164.997742295316
75040,738491.9567076392,14023.924894036321,17144.43251150206,13410.980380916913,14164.997742295316
75043,738491.9671968078,13968.60297283777,16475.428513142626,12706.525705917655,13950.221723705017
75051,738492.1484827761,13968.60297283777,16475.428513142626,12706.525705917655,13950.221723705017
75059,738492.2793162424,17885.410868765157,17121.18858741437,12987.195003672387,16437.72744332952
75072,738492.4625216179,13799.748418725207,13222.38599987984,4864.592183873765,13388.665693678313
75076,738492.5220652538,13799.748418725207,13222.38599987984,4864.592183873765,13388.665693678313
75077,738492.5232792555,13799.748418725207,13222.38599987984,4864.592183873765,13388.665693678313
75089,738492.9094516952,13799.748418725207,13222.38599987984,4864.592183873765,13388.665693678313
75093,738493.0967303665,13799.748418725207,13222.38599987984,4864.592183873765,13388.665693678313
75107,738493.406393603,13799.748418725207,13222.38599987984,4864.592183873765,13388.665693678313
75115,738493.7622938175,13799.748418725207,13222.38599987984,4864.592183873765,13388.665693678313
75118,738493.8031100105,13799.748418725207,13222.38599987984,4864.592183873765,13388.665693678313
75124,738494.062722121,13799.748418725207,13222.38599987984,4864.592183873765,13388.665693678313
75139,738494.4679644577,13799.748418725207,13222.38599987984,4864.592183873765,13388.665693678313
75157,738495.12138681,5571.667204497479,11701.312864353125,2766.4587093758023,9133.190360353936
75158,738495.1267694291,5571.667204497479,11701.312864353125,2766.4587093758023,9133.190360353936
75168,738495.3027714607,9331.310108644268,13248.722203911471,6738.392032469724,12110.383947117143
75197,738495.8534014893,9331.310108644268,13248.722203911471,6738.392032469724,12110.383947117143
75206,738496.0230890191,9331.310108644268,13248.722203911471,6738.392032469724,12110.383947117143
75213,738496.3481304798,9331.310108644268,13248.722203911471,6738.392032469724,12110.383947117143
75242,738496.7807770589,9331.310108644268,13248.722203911471,6738.392032469724,12110.383947117143
75248,738496.8858332044,13684.80406835006,8520.098979716751,9359.793141361108,10906.264623576852
75257,738497.2699045236,13684.80406835006,8520.098979716751,9359.793141361108,10906.264623576852
75272,738497.4618953373,13684.80406835006,8520.098979716751,9359.793141361108,10906.264623576852
75280,738497.6927017422,6746.664643677907,11948.366041403584,4156.617730868338,9559.195089674493
75284,738497.8374589678,6746.664643677907,11948.366041403584,4156.617730868338,9559.195089674493
75286,738497.9130433453,6746.664643677907,11948.366041403584,4156.617730868338,9559.195089674493
75289,738498.0845658825,6746.664643677907,11948.366041403584,4156.617730868338,9559.195089674493
75318,738498.6025083008,5379.629347288359,11310.367511640963,4770.644807571863,9741.395398314302
75323,738498.8152745925,5379.629347288359,11310.367511640963,4770.644807571863,9741.395398314302
75342,738499.3644502916,9401.955135640606,11966.789465284277,3555.2079415969797,8730.917768443613
75343,738499.3650658629,7649.250223447311,11448.321151608823,2128.40875775435,8585.017211228982
75344,738499.3675040144,7649.250223447311,11448.321151608823,2128.40875775435,8585.017211228982
75358,738499.7435905735,7649.250223447311,11448.321151608823,2128.40875775435,8585.017211228982
75367,738499.9567489072,7649.250223447311,11448.321151608823,2128.40875775435,8585.017211228982
75378,738500.3514963987,14509.247771886034,12451.062180838864,14509.247771886034,9657.432896410355
75382,738500.3867342001,14397.3292405185,12418.457969863002,14397.3292405185,9441.543229275254
75392,738500.7137465208,10421.162108081873,14187.534367842021,6688.799481887806,11172.740209051435
75405,738501.0613788418,14526.799505313034,15162.730054356842,15940.98229192855,16315.360245971406
75408,738501.1752507372,12258.66499652772,15204.748247389927,15891.276979157226,16351.648685409074
75410,738501.266487553,12258.66499652772,15204.748247389927,15891.276979157226,16351.648685409074
75434,738501.7537818806,12258.66499652772,15204.748247389927,15891.276979157226,16351.648685409074
75438,738501.8938289715,11355.65582879319,13901.081845051036,5579.983365232797,11131.629286210757
75445,738501.9617197325,12003.433071915533,12414.099151254968,6432.482478322312,11518.803464392215
75446,738502.0309437653,8548.197112395574,11368.361181287775,4782.331770767199,11518.251827214475
75447,738502.037606105,8548.197112395574,11368.361181287775,4782.331770767199,11518.251827214475
75508,738503.7697495483,13725.308869994653,12791.859055782925,19427.81784262097,6974.901820687299
75543,738504.7033672672,13725.308869994653,12791.859055782925,19427.81784262097,6974.901820687299
75544,738504.7037583455,13725.308869994653,12791.859055782925,19427.81784262097,6974.901820687299
75545,738504.7061231785,13725.308869994653,12791.859055782925,19427.81784262097,6974.901820687299
75546,738504.7079088456,13725.308869994653,12791.859055782925,19427.81784262097,6974.901820687299
75547,738504.7085555773,13725.308869994653,12791.859055782925,19427.81784262097,6974.901820687299
75548,738504.7301061483,13725.308869994653,12791.859055782925,19427.81784262097,6974.901820687299
75549,738504.7305988441,13725.308869994653,12791.859055782925,19427.81784262097,6974.901820687299
75555,738504.9910796852,13725.308869994653,12791.859055782925,19427.81784262097,6974.901820687299
75556,738505.0467554638,13725.308869994653,12791.859055782925,19427.81784262097,6974.901820687299
75565,738505.213123504,13725.308869994653,12791.859055782925,19427.81784262097,6974.901820687299
75593,738505.6250568985,13725.308869994653,12791.859055782925,19427.81784262097,6974.901820687299
75594,738505.6410742737,13725.308869994653,12791.859055782925,19427.81784262097,6974.901820687299
75609,738506.1639130734,13725.308869994653,12791.859055782925,19427.81784262097,6974.901820687299
75628,738506.7422978255,13725.308869994653,12791.859055782925,19427.81784262097,6974.901820687299
75633,738506.9641239903,13725.308869994653,12791.859055782925,19427.81784262097,6974.901820687299
75644,738507.1823725431,13725.308869994653,12791.859055782925,19427.81784262097,6974.901820687299
75645,738507.2100715926,10737.606444745134,14118.804757674883,3940.030162945274,12517.058488140952
75649,738507.264329082,9958.871872429256,12767.93053153228,4623.213242701487,12255.92198176872
75659,738507.3159241201,9958.871872429256,12767.93053153228,4623.213242701487,12255.92198176872
75670,738507.5260047163,9958.871872429256,12767.93053153228,4623.213242701487,12255.92198176872
75675,738507.7569849712,11769.781318323188,14579.08529731324,14166.934577123315,15355.527899305696
75679,738507.7714104827,11882.418330628985,15235.319721385698,13161.6689020398,15648.274937345108
75691,738507.8287053113,11882.418330628985,15235.319721385698,13161.6689020398,15648.274937345108
75692,738507.8316798635,11888.154202387168,13609.795890433958,13155.68162637707,15019.83884017171
75693,738507.8384630554,11888.154202387168,13609.795890433958,13155.68162637707,15019.83884017171
75695,738507.8451370113,14754.713921124103,14162.099998150818,14754.713921124103,14739.16373841641
75708,738508.2020724219,14754.713921124103,14162.099998150818,14754.713921124103,14739.16373841641
75709,738508.2174730971,13067.5520412693,11642.138611530108,10084.43687422869,12547.531545076075
75710,738508.274473335,13067.5520412693,11642.138611530108,10084.43687422869,12547.531545076075
75712,738508.3065552197,13067.5520412693,11642.138611530108,10084.43687422869,12547.531545076075
75714,738508.3273434234,13067.5520412693,11642.138611530108,10084.43687422869,12547.531545076075
75718,738508.3526437024,13067.5520412693,11642.138611530108,10084.43687422869,12547.531545076075
75722,738508.3988172186,13067.5520412693,11642.138611530108,10084.43687422869,12547.531545076075
75723,738508.3991255973,13067.5520412693,11642.138611530108,10084.43687422869,12547.531545076075
75724,738508.3996866003,13067.5520412693,11642.138611530108,10084.43687422869,12547.531545076075
75729,738508.5453137523,13067.5520412693,11642.138611530108,10084.43687422869,12547.531545076075
75731,738508.7142221082,10949.080439343486,13313.054841072686,17643.821751822707,13396.748219591662
75736,738508.7701349272,10949.080439343486,13313.054841072686,17643.821751822707,13396.748219591662
75737,738508.7721526929,9945.637834409761,13856.383490667567,4475.952145258362,12644.714955486601
75742,738508.9344229018,9945.637834409761,13856.383490667567,4475.952145258362,12644.714955486601
75745,738509.0483165366,9945.637834409761,13856.383490667567,4475.952145258362,12644.714955486601
75746,738509.0865136988,11839.011346640724,12368.769007073905,9369.472611689938,14875.253966870223
75748,738509.1727043133,11839.011346640724,12368.769007073905,9369.472611689938,14875.253966870223
75761,738509.4323368609,11023.431097857616,13947.880392396595,9476.549681398723,15184.614720365378
75767,738509.6278793114,10012.150450957886,11880.15271599166,15833.820347277166,13134.953684293812
75768,738509.6296618044,10012.150450957886,11880.15271599166,15833.820347277166,13134.953684293812
75773,738509.8495224826,10012.150450957886,11880.15271599166,15833.820347277166,13134.953684293812
75777,738510.0262306855,9830.767888365497,10422.547024130517,7706.550080951686,7131.586544361569
75787,738510.4496517642,9109.152648196976,11915.22816180876,15016.911629869719,12135.854721101341
75801,738510.976996314,9109.152648196976,11915.22816180876,15016.911629869719,12135.854721101341
75811,738511.0253042611,9232.703994177604,11649.29384693507,1755.7685076571431,8469.348693681655
75832,738511.7146588679,9232.703994177604,11649.29384693507,1755.7685076571431,8469.348693681655
75834,738511.769649119,9186.97728250866,12671.579552566945,3174.1798380055307,11785.546255894267
75835,738511.7730549694,8715.406914946328,11873.242555188022,4848.184116779945,11554.222768966283
75836,738511.774403349,8715.406914946328,11873.242555188022,4848.184116779945,11554.222768966283
75838,738511.7773121088,8676.177580240877,11333.559862054228,5718.122815190926,11321.453122822857
75839,738511.7777319648,7774.8104426235195,13322.91317659867,5570.961194953215,12253.154961087554
75840,738511.7788891445,5598.951127240959,10409.352414366289,4520.819181990124,10889.36056174473
75841,738511.7793455075,5378.608074781721,12323.706103785595,5439.784428779443,11807.411015853027
75842,738511.7796725543,5378.608074781721,12323.706103785595,5439.784428779443,11807.411015853027
75843,738511.7852244917,5169.247781788106,9632.495213167933,4330.0551163232285,10489.266906162746
75844,738511.7856418453,4953.506041627823,9264.11258457169,4224.457126645894,10287.940158004729
75845,738511.7890861814,4748.992252592955,8917.403981081467,4119.8579626243145,10091.111701844358
75846,738511.7897699605,4748.992252592955,8917.403981081467,4119.8579626243145,10091.111701844358
75847,738511.7909033999,4748.992252592955,8917.403981081467,4119.8579626243145,10091.111701844358
75848,738511.791889105,4748.992252592955,8917.403981081467,4119.8579626243145,10091.111701844358
75849,738511.803373242,4748.992252592955,8917.403981081467,4119.8579626243145,10091.111701844358
75850,738511.807592291,4748.992252592955,8917.403981081467,4119.8579626243145,10091.111701844358
75851,738511.8089779802,4566.343227874601,8600.663672869281,4023.59021125837,9904.079085642592
75852,738511.8099593248,4431.161142037676,8335.882508907931,3185.7674211520766,9739.601953497477
75853,738511.8118925444,4314.414089322045,8096.567173132874,3890.3060266453454,9585.08595012588
75854,738511.8122596934,4314.414089322045,8096.567173132874,3890.3060266453454,9585.08595012588
75855,738511.8139331804,4314.414089322045,8096.567173132874,3890.3060266453454,9585.08595012588
75856,738511.8141725173,4193.622602581464,7861.7830656059905,3090.090515699722,9429.957913711343
75857,738511.8208366185,4065.3352693081956,7627.582878680957,3030.840200348061,9272.30825937596
75858,738511.8287758364,4065.3352693081956,7627.582878680957,3030.840200348061,9272.30825937596
75859,738511.8292688348,4065.3352693081956,7627.582878680957,3030.840200348061,9272.30825937596
75860,738511.8330696255,4077.1413697307567,9217.626951502933,4429.984521542775,10120.273839405876
75861,738511.8357746036,4077.1413697307567,9217.626951502933,4429.984521542775,10120.273839405876
75862,738511.8444508358,4077.1413697307567,9217.626951502933,4429.984521542775,10120.273839405876
75863,738511.8627838021,4077.1413697307567,9217.626951502933,4429.984521542775,10120.273839405876
75866,738511.8758680682,4077.1413697307567,9217.626951502933,4429.984521542775,10120.273839405876
75868,738511.8926439623,3890.838810815751,6608.985069762612,3645.6210021013007,9002.5006777396
75869,738511.8931440581,3771.963410124835,6414.9461703576035,3570.8401409555627,8853.402384716848
75870,738511.893882271,3771.963410124835,6414.9461703576035,3570.8401409555627,8853.402384716848
75871,738511.8949732243,3771.963410124835,6414.9461703576035,3570.8401409555627,8853.402384716848
75872,738511.8975060298,3003.363834494221,6288.650476650454,2368.226216517999,8741.193888043477
75873,738511.9013689732,3664.3796698043066,6162.482486042091,3505.2564557005862,8628.596788327317
75874,738511.9034843914,3664.3796698043066,6162.482486042091,3505.2564557005862,8628.596788327317
75876,738511.904794571,3664.3796698043066,6162.482486042091,3505.2564557005862,8628.596788327317
75877,738511.9052660384,3664.3796698043066,6162.482486042091,3505.2564557005862,8628.596788327317
75878,738511.9069603952,3664.3796698043066,6162.482486042091,3505.2564557005862,8628.596788327317
75879,738511.919981167,3664.3796698043066,6162.482486042091,3505.2564557005862,8628.596788327317
75880,738511.9204960701,3664.3796698043066,6162.482486042091,3505.2564557005862,8628.596788327317
75881,738511.9228438843,3569.39692891,6003.384819190863,2808.8624261860227,8496.441460763937
75882,738511.924934346,3569.39692891,6003.384819190863,2808.8624261860227,8496.441460763937
75883,738511.9254602457,3569.39692891,6003.384819190863,2808.8624261860227,8496.441460763937
75884,738511.9263745624,3569.39692891,6003.384819190863,2808.8624261860227,8496.441460763937
75885,738511.9296665278,3472.6328295910243,5846.067755232889,2755.2663246872435,8364.476571747779
75886,738511.9298746239,3474.798642561408,7276.3169165701465,3968.1826095111805,9145.136566503521
75887,738511.931110054,3363.1404594509027,7119.241455108853,3871.614294247251,9021.623867891627
75888,738511.9316555072,3363.1404594509027,7119.241455108853,3871.614294247251,9021.623867891627
75889,738511.9323401595,3279.1007344166846,5484.204645394125,3244.030352413585,8030.692468064518
75890,738511.9345487951,3222.1997488314737,5376.296295423376,2625.126246762576,7926.651719236592
75891,738511.9354332295,3145.918784861694,5252.359745295207,2579.678745712163,7812.597446748412
75892,738511.9357534965,3145.918784861694,5252.359745295207,2579.678745712163,7812.597446748412
75893,738511.9364956515,3135.8318094925103,6536.174537188338,3682.0113031271662,8546.417095896857
75894,738511.9372889237,3135.8318094925103,6536.174537188338,3682.0113031271662,8546.417095896857
75895,738511.9413377214,3135.8318094925103,6536.174537188338,3682.0113031271662,8546.417095896857
75896,738511.9425699196,3060.8961515423443,5075.454460743396,2536.1346292637063,7628.250190702895
75897,738511.9433858469,3005.993918034352,4978.224364075736,2503.923497359057,7530.6706121112875
75898,738511.943906684,3005.993918034352,4978.224364075736,2503.923497359057,7530.6706121112875
75900,738511.949509964,3005.993918034352,4978.224364075736,2503.923497359057,7530.6706121112875
75901,738511.9501180317,3005.993918034352,4978.224364075736,2503.923497359057,7530.6706121112875
75903,738511.9506415764,3005.993918034352,4978.224364075736,2503.923497359057,7530.6706121112875
75904,738511.9510701778,3006.7658475024923,6201.049759557311,3560.17444132251,8248.03912021489
75905,738511.9535684803,3006.7658475024923,6201.049759557311,3560.17444132251,8248.03912021489
75906,738511.9551749872,2939.9746114796853,4831.089689883336,2993.777304777864,7366.010034260414
75907,738511.9556674681,2939.9746114796853,4831.089689883336,2993.777304777864,7366.010034260414
75908,738511.9580373244,2939.9746114796853,4831.089689883336,2993.777304777864,7366.010034260414
75909,738511.9593156996,2939.9746114796853,4831.089689883336,2993.777304777864,7366.010034260414
75910,738511.9621163018,2939.9746114796853,4831.089689883336,2993.777304777864,7366.010034260414
75911,738511.9627089818,2939.9746114796853,4831.089689883336,2993.777304777864,7366.010034260414
75912,738511.9663696318,2939.9746114796853,4831.089689883336,2993.777304777864,7366.010034260414
75913,738511.9692604475,2878.4924799716878,4732.771083054763,2431.2759158781123,7267.980122474622
75914,738511.9709446036,2878.4924799716878,4732.771083054763,2431.2759158781123,7267.980122474622
75915,738511.9736115335,2878.4924799716878,4732.771083054763,2431.2759158781123,7267.980122474622
75916,738511.97665944,2833.242392498168,4651.525517456019,2911.1318260887083,7181.096899091178
75918,738511.9889738752,2833.242392498168,4651.525517456019,2911.1318260887083,7181.096899091178
75919,738511.9895324309,2833.242392498168,4651.525517456019,2911.1318260887083,7181.096899091178
75920,738511.995149138,2833.242392498168,4651.525517456019,2911.1318260887083,7181.096899091178
75921,738511.9957917852,2833.242392498168,4651.525517456019,2911.1318260887083,7181.096899091178
75922,738511.9960560454,2778.385230835269,4562.496979760477,2868.099553177443,7089.241658743648
75923,738512.0039667422,2730.4969667937953,4481.504103545626,2830.0333147340934,7002.7821604846795
75925,738512.019082315,2730.4969667937953,4481.504103545626,2830.0333147340934,7002.7821604846795
75926,738512.0279085392,2708.225980076706,4409.430326607793,3284.0374402950692,6922.408898206393
75927,738512.0292911425,2655.8312670069718,4327.9031567961365,3235.6200597843863,6835.903599831503
75928,738512.0302564051,2655.8312670069718,4327.9031567961365,3235.6200597843863,6835.903599831503
75930,738512.0320090858,2655.8312670069718,4327.9031567961365,3235.6200597843863,6835.903599831503
75931,738512.037121831,2655.8312670069718,4327.9031567961365,3235.6200597843863,6835.903599831503
75932,738512.0395994144,2655.8312670069718,4327.9031567961365,3235.6200597843863,6835.903599831503
75933,738512.0446359251,2655.8312670069718,4327.9031567961365,3235.6200597843863,6835.903599831503
75934,738512.057923831,2655.8312670069718,4327.9031567961365,3235.6200597843863,6835.903599831503
75935,738512.0670656601,2655.8312670069718,4327.9031567961365,3235.6200597843863,6835.903599831503
75937,738512.0830341525,2655.8312670069718,4327.9031567961365,3235.6200597843863,6835.903599831503
75938,738512.0848263563,2655.8312670069718,4327.9031567961365,3235.6200597843863,6835.903599831503
75939,738512.0904531851,2655.8312670069718,4327.9031567961365,3235.6200597843863,6835.903599831503
75940,738512.1127761161,2655.8312670069718,4327.9031567961365,3235.6200597843863,6835.903599831503
75941,738512.113352882,2655.8312670069718,4327.9031567961365,3235.6200597843863,6835.903599831503
75942,738512.1137253289,2607.096983430173,5365.824607482276,3189.870250005369,7478.739141827389
75943,738512.1188175863,2559.2153843576466,4189.104968707023,2690.679355015313,6679.731979696044
75945,738512.1284531825,2559.2153843576466,4189.104968707023,2690.679355015313,6679.731979696044
75946,738512.1400796085,2559.2153843576466,4189.104968707023,2690.679355015313,6679.731979696044
75948,738512.1625528357,2559.2153843576466,4189.104968707023,2690.679355015313,6679.731979696044
75950,738512.1725398671,2559.2153843576466,4189.104968707023,2690.679355015313,6679.731979696044
75952,738512.1986820701,2559.2153843576466,4189.104968707023,2690.679355015313,6679.731979696044
75953,738512.1996378052,2559.2153843576466,4189.104968707023,2690.679355015313,6679.731979696044
75954,738512.2021380397,2518.810523635869,4121.037967576213,2657.1528847307673,6602.873698301967
75955,738512.2035538391,2518.810523635869,4121.037967576213,2657.1528847307673,6602.873698301967
75958,738512.2058953209,2518.810523635869,4121.037967576213,2657.1528847307673,6602.873698301967
75959,738512.2063981647,2518.810523635869,4121.037967576213,2657.1528847307673,6602.873698301967
75961,738512.2617404467,2518.810523635869,4121.037967576213,2657.1528847307673,6602.873698301967
75962,738512.2873362154,2480.843795461791,4056.294151900518,2625.3455645783506,6528.509442588227
75964,738512.3122103711,2480.843795461791,4056.294151900518,2625.3455645783506,6528.509442588227
75966,738512.317730307,2480.843795461791,4056.294151900518,2625.3455645783506,6528.509442588227
75967,738512.3217409339,2447.7335684411696,3997.1627196661466,2150.5568672384943,6458.249462108689
75975,738512.4045664035,2406.5419939015737,3931.1059586495035,2562.5093669788293,6383.444336903695
75977,738512.4114885061,2394.6015368136295,4895.913030409233,2976.0499752575042,7003.542665878813
75978,738512.411891595,2366.8443562872585,3842.724179161955,2097.3933958210596,6265.099908107731
75980,738512.4340097677,2366.8443562872585,3842.724179161955,2097.3933958210596,6265.099908107731
75981,738512.4346275796,2366.8443562872585,3842.724179161955,2097.3933958210596,6265.099908107731
75982,738512.4348914396,2366.8443562872585,3842.724179161955,2097.3933958210596,6265.099908107731
75985,738512.4495514091,3630.229207090402,13505.68919845183,21238.45901952354,19016.362841034865
75988,738512.4543241903,3630.229207090402,13505.68919845183,21238.45901952354,19016.362841034865
75989,738512.4564403438,2335.4392302393994,3788.5276084241127,2499.388461126,6199.388963622594
75991,738512.4647259644,2313.920229318826,3744.6268554980857,2061.533798165833,6141.224819919918
75992,738512.4650458938,2313.920229318826,3744.6268554980857,2061.533798165833,6141.224819919918
75993,738512.4691439953,2313.920229318826,3744.6268554980857,2061.533798165833,6141.224819919918
75994,738512.4800937452,2313.920229318826,3744.6268554980857,2061.533798165833,6141.224819919918
75995,738512.4811280303,2285.5011532351928,3694.7410845080153,2041.6706891390927,6079.121627611182
75996,738512.482304218,2254.9928612513204,3643.4908948732955,2428.1068080630666,6016.312365310522
75997,738512.4832021439,2254.9928612513204,3643.4908948732955,2428.1068080630666,6016.312365310522
75999,738512.4895827868,2226.4718338747152,3594.7962920592845,1999.4884389996262,5955.587742960936
76000,738512.5041615044,1842.6439700658225,3561.7768868807034,1684.5527558743813,5906.414715026887
76004,738512.5612885912,1842.6439700658225,3561.7768868807034,1684.5527558743813,5906.414715026887
76009,738512.6275284565,10181.464001929284,9247.27171056517,10181.464001929284,10735.226662218858
76012,738512.7243279214,2209.6929407522066,3558.0955083108124,2384.423697291826,5864.153337180598
76013,738512.7246608377,2192.5730126639805,3516.2433791618446,2749.476877807783,5809.9217307490235
76014,738512.7260434226,2172.283136479947,3482.685913798369,2350.015041878325,5761.909819689991
76015,738512.7270220255,2172.283136479947,3482.685913798369,2350.015041878325,5761.909819689991
76016,738512.7286717665,2146.1825839574803,3438.611051671995,1946.8290860814002,5706.606064486509
76017,738512.7290884673,2146.1825839574803,3438.611051671995,1946.8290860814002,5706.606064486509
76018,738512.7306068859,2129.20118662717,3403.9047857071228,2310.8607083414026,5658.318922687321
76019,738512.7316240666,2109.4877559919382,3367.0347337134253,1921.3004865303906,5608.73247944968
76020,738512.7325232241,2109.4877559919382,3367.0347337134253,1921.3004865303906,5608.73247944968
76021,738512.7388242589,2091.618744499518,3332.42861325201,2276.0138987495434,5561.053034055484
76022,738512.7391754095,2091.618744499518,3332.42861325201,2276.0138987495434,5561.053034055484
76023,738512.7404834918,2064.635190051388,3289.406643130148,1888.5072657396265,5507.46639831468
76024,738512.7408422981,2064.635190051388,3289.406643130148,1888.5072657396265,5507.46639831468
76025,738512.7422552783,2045.363218099598,3254.318304389356,2233.930261269833,5459.920465366209
76026,738512.7439913148,2022.1147720280867,3215.774355763282,2212.7196829091436,5410.066657050108
76027,738512.7475050426,2022.1147720280867,3215.774355763282,2212.7196829091436,5410.066657050108
76028,738512.7482595698,2022.1147720280867,3215.774355763282,2212.7196829091436,5410.066657050108
76029,738512.7489634126,1667.2276372532838,4316.377651965253,2698.678822493502,6168.224991918932
76030,738512.7489646914,1792.0110793444321,3226.834361494499,1811.5480387918308,5376.48661747355
76031,738512.7493386215,1792.0110793444321,3226.834361494499,1811.5480387918308,5376.48661747355
76034,738512.7549072459,2077.1482252652763,3224.085712067814,2252.1364696469973,5354.158357467067
76035,738512.7557468392,2077.1482252652763,3224.085712067814,2252.1364696469973,5354.158357467067
76036,738512.7584492487,2056.6640009646417,3189.7768747896635,2233.277344755176,5308.5996693581765
76037,738512.7618442328,2040.338219280729,3157.205988441279,2548.2762027471185,5264.55277501755
76038,738512.7648254441,2040.338219280729,3157.205988441279,2548.2762027471185,5264.55277501755
76039,738512.7669120698,2040.338219280729,3157.205988441279,2548.2762027471185,5264.55277501755
76040,738512.777426352,2028.287956998712,3886.7047923441887,2605.191876927639,5776.677385479267
76041,738512.7805652337,2028.287956998712,3886.7047923441887,2605.191876927639,5776.677385479267
76042,738512.7877353147,2028.287956998712,3886.7047923441887,2605.191876927639,5776.677385479267
76043,738512.7883990216,2010.9395022714352,3104.1982842399675,2189.6327630487704,5186.240656636991
76044,738512.7889817246,2010.9395022714352,3104.1982842399675,2189.6327630487704,5186.240656636991
76045,738512.7902858008,2010.9395022714352,3104.1982842399675,2189.6327630487704,5186.240656636991
76046,738512.794470093,1989.4867444661104,3070.241320882763,2169.859095693526,5141.786356687422
76047,738512.8098316697,1989.4867444661104,3070.241320882763,2169.859095693526,5141.786356687422
76048,738512.8128689923,1989.4867444661104,3070.241320882763,2169.859095693526,5141.786356687422
76049,738512.8193167181,1989.4867444661104,3070.241320882763,2169.859095693526,5141.786356687422
76050,738512.827316301,1989.4867444661104,3070.241320882763,2169.859095693526,5141.786356687422
76051,738512.8277674437,1971.1504185693777,3039.621678225758,2152.6642734646753,5100.052297208403
76054,738512.8315526076,1971.1504185693777,3039.621678225758,2152.6642734646753,5100.052297208403
76056,738512.8327669977,1971.1504185693777,3039.621678225758,2152.6642734646753,5100.052297208403
76057,738512.834263199,1957.6576849257174,3012.4754861474566,2454.2544600591395,5061.158464131266
76059,738512.8553387009,1945.014805466418,2989.52432612157,2127.0746217464357,5025.672201848494
76060,738512.855872797,1935.2691017651205,2966.8770182941134,2425.860115756026,4990.636454330728
76061,738512.8569620748,1935.2691017651205,2966.8770182941134,2425.860115756026,4990.636454330728
76062,738512.895078528,1935.2691017651205,2966.8770182941134,2425.860115756026,4990.636454330728
76064,738512.899462784,1914.1223698129565,3630.810345116675,2403.440601563045,5466.760219646603
76065,738512.9074753072,1898.7078245457672,2909.42940519954,2082.640066267039,4911.851804325729
76066,738512.9079853503,1898.7078245457672,2909.42940519954,2082.640066267039,4911.851804325729
76067,738512.9249506039,1898.7078245457672,2909.42940519954,2082.640066267039,4911.851804325729
76070,738512.9325996359,1882.3188646687024,2882.2938116862147,2066.9967360691335,4873.955521199978
76071,738512.9616213079,1866.1172273082184,2855.5750909312032,2051.4983848064544,4876.944938331264
76072,738512.968342942,1866.1172273082184,2855.5750909312032,2051.4983848064544,4876.944938331264
76074,738512.9756548519,1866.1172273082184,2855.5750909312032,2051.4983848064544,4876.944938331264
76075,738512.9833272643,1866.1172273082184,2855.5750909312032,2051.4983848064544,4876.944938331264
76076,738512.9912600997,1866.1172273082184,2855.5750909312032,2051.4983848064544,4876.944938331264
76078,738513.0275166194,1866.1172273082184,2855.5750909312032,2051.4983848064544,4876.944938331264
76079,738513.0594384425,1866.1172273082184,2855.5750909312032,2051.4983848064544,4876.944938331264
76080,738513.0700435226,1866.1172273082184,2855.5750909312032,2051.4983848064544,4876.944938331264
76081,738513.0708468551,1602.4895230436093,2848.751552803434,1522.5757667578328,4854.625956034772
76082,738513.0802118479,1867.762847364548,2836.133402824143,1752.1549569456636,4828.026118524067
76083,738513.0818965253,1600.0725296842638,2820.173790186809,1521.9913193140173,4799.033920869136
76084,738513.0830600425,1600.0725296842638,2820.173790186809,1521.9913193140173,4799.033920869136
76085,738513.0836627235,1600.0725296842638,2820.173790186809,1521.9913193140173,4799.033920869136
76086,738513.0838248103,1600.0725296842638,2820.173790186809,1521.9913193140173,4799.033920869136
76087,738513.0842524475,1851.751103929236,2800.2808508049916,1740.467910137576,4767.160295366375
76088,738513.0844308027,1851.751103929236,2800.2808508049916,1740.467910137576,4767.160295366375
76089,738513.0848719651,1851.751103929236,2800.2808508049916,1740.467910137576,4767.160295366375
76090,738513.086577784,1851.751103929236,2800.2808508049916,1740.467910137576,4767.160295366375
76091,738513.0869704847,1846.9421679389302,2785.7924109497876,1737.3264035440543,4739.743562760553
76093,738513.0939667971,1846.9421679389302,2785.7924109497876,1737.3264035440543,4739.743562760553
76094,738513.099897764,1830.3937915322767,2760.001651990098,1724.0018236283436,4703.602873003614
76095,738513.1086061527,1580.6833395554634,2752.075130647667,1860.0383589581395,4681.776258332301
76098,738513.1225520852,1580.6833395554634,2752.075130647667,1860.0383589581395,4681.776258332301
76099,738513.1567769755,1837.8546850694574,2748.7211704473784,2014.1933111276433,4347.541768403412
76100,738513.1575182326,1837.8546850694574,2748.7211704473784,2014.1933111276433,4347.541768403412
76101,738513.1701372617,1837.8546850694574,2748.7211704473784,2014.1933111276433,4347.541768403412
76102,738513.1703322744,1837.8546850694574,2748.7211704473784,2014.1933111276433,4347.541768403412
76103,738513.1768139625,1837.8546850694574,2748.7211704473784,2014.1933111276433,4347.541768403412
76104,738513.1808140641,1837.8546850694574,2748.7211704473784,2014.1933111276433,4347.541768403412
76105,738513.2022598961,1837.8546850694574,2748.7211704473784,2014.1933111276433,4347.541768403412
76109,738513.2766534536,1840.7409268975114,3358.4981663482786,2350.6373040080834,4812.10564545837
76114,738513.3700601022,3135.599125617713,13304.055424544584,13754.107200330893,14070.88619117415
76123,738513.5075381153,3135.599125617713,13304.055424544584,13754.107200330893,14070.88619117415
76124,738513.5082667829,3135.599125617713,13304.055424544584,13754.107200330893,14070.88619117415
76125,738513.5147811999,1580.523727365205,3352.189892096267,2082.120737988433,4752.829153136132
76127,738513.5608837116,1580.523727365205,3352.189892096267,2082.120737988433,4752.829153136132
76129,738513.6075787408,1580.523727365205,3352.189892096267,2082.120737988433,4752.829153136132
76130,738513.6113382212,1580.523727365205,3352.189892096267,2082.120737988433,4752.829153136132
76131,738513.6210278232,1580.523727365205,3352.189892096267,2082.120737988433,4752.829153136132
76133,738513.6445287605,1580.523727365205,3352.189892096267,2082.120737988433,4752.829153136132
76134,738513.6503265183,1821.1941337339092,2714.5271694247253,2034.9806037759652,4262.696399796063
76143,738513.7136174238,1807.02941136078,2691.96435393563,2034.9854181379467,4262.700864728547
76146,738513.7625154437,1807.02941136078,2691.96435393563,2034.9854181379467,4262.700864728547
76147,738513.766991729,1799.25420952455,2675.829685379184,2026.183464740769,4236.71092840324
76150,738513.7954440158,1795.0664297739884,2663.3733349966838,1746.063059560767,4213.942690044618
76151,738513.8232262955,1795.0664297739884,2663.3733349966838,1746.063059560767,4213.942690044618
76155,738513.837290501,1795.0664297739884,2663.3733349966838,1746.063059560767,4213.942690044618
76157,738513.8607834852,1795.0664297739884,2663.3733349966838,1746.063059560767,4213.942690044618
76158,738513.8676303778,1780.354426013,2640.747341634745,1733.404555108377,4182.848795151598
76159,738513.8696482385,1780.354426013,2640.747341634745,1733.404555108377,4182.848795151598
76160,738513.876143479,1780.354426013,2640.747341634745,1733.404555108377,4182.848795151598
76162,738513.885887368,1780.354426013,2640.747341634745,1733.404555108377,4182.848795151598
76165,738513.9148682484,1780.354426013,2640.747341634745,1733.404555108377,4182.848795151598
76167,738513.9412480962,1780.354426013,2640.747341634745,1733.404555108377,4182.848795151598
76168,738513.973542678,1780.354426013,2640.747341634745,1733.404555108377,4182.848795151598
76169,738513.9893871509,1780.354426013,2640.747341634745,1733.404555108377,4182.848795151598
76170,738514.0195062524,1780.354426013,2640.747341634745,1733.404555108377,4182.848795151598
76171,738514.0256030484,1780.354426013,2640.747341634745,1733.404555108377,4182.848795151598
76172,738514.0277752558,1775.2767918181,3210.532632829363,1999.3060141119797,4635.969791601094
76173,738514.0301463595,1775.2767918181,3210.532632829363,1999.3060141119797,4635.969791601094
76175,738514.0987707357,1775.2767918181,3210.532632829363,1999.3060141119797,4635.969791601094
76176,738514.1114727476,1775.2767918181,3210.532632829363,1999.3060141119797,4635.969791601094
76177,738514.1346086509,1775.2767918181,3210.532632829363,1999.3060141119797,4635.969791601094
76178,738514.135163945,1775.2767918181,3210.532632829363,1999.3060141119797,4635.969791601094
76180,738514.2083371609,1775.2767918181,3210.532632829363,1999.3060141119797,4635.969791601094
76182,738514.252591117,1775.2767918181,3210.532632829363,1999.3060141119797,4635.969791601094
76185,738514.3605472413,1775.2767918181,3210.532632829363,1999.3060141119797,4635.969791601094
76186,738514.3716312305,1654.070335696328,2516.8459700032936,1724.8769043208015,4137.006322874016
76188,738514.4035433608,1654.070335696328,2516.8459700032936,1724.8769043208015,4137.006322874016
76190,738514.4416300153,1654.070335696328,2516.8459700032936,1724.8769043208015,4137.006322874016
76194,738514.4644196313,1654.070335696328,2516.8459700032936,1724.8769043208015,4137.006322874016
76196,738514.498421329,1654.070335696328,2516.8459700032936,1724.8769043208015,4137.006322874016
76199,738514.5472717216,1654.070335696328,2516.8459700032936,1724.8769043208015,4137.006322874016
76206,738514.6325594931,1654.070335696328,2516.8459700032936,1724.8769043208015,4137.006322874016
76210,738514.6895965823,1654.070335696328,2516.8459700032936,1724.8769043208015,4137.006322874016
76216,738514.7772124851,1654.070335696328,2516.8459700032936,1724.8769043208015,4137.006322874016
76217,738514.893577605,1640.853162766243,2495.8125233494065,1752.012686724747,4108.5407807343545
76220,738514.9706927593,1640.853162766243,2495.8125233494065,1752.012686724747,4108.5407807343545
76221,738514.9763514451,1640.853162766243,2495.8125233494065,1752.012686724747,4108.5407807343545
76223,738514.9879900952,1640.853162766243,2495.8125233494065,1752.012686724747,4108.5407807343545
76224,738515.0456962953,1640.853162766243,2495.8125233494065,1752.012686724747,4108.5407807343545
76227,738515.1063496348,1640.853162766243,2495.8125233494065,1752.012686724747,4108.5407807343545
76230,738515.1501117942,1640.853162766243,2495.8125233494065,1752.012686724747,4108.5407807343545
76231,738515.1717552025,1632.8854487977312,2480.0760692638005,2020.5827729726038,4082.042658345312
76233,738515.2044970413,1632.8854487977312,2480.0760692638005,2020.5827729726038,4082.042658345312
76234,738515.2241803237,21578.831047181025,1587.7354894169996,21578.831047181025,2040.2769245233374
76235,738515.224640775,19735.44127865345,1575.5889218922032,19735.44127865345,2025.300649649324
76236,738515.2250086807,19606.718061225758,1567.9663307637145,19606.718061225758,2014.512924482935
76237,738515.2255140278,19655.099891693102,2039.0849511329002,19655.099891693102,2438.929216592702
76240,738515.3304764157,1429.4429416627524,2750.1805411976447,1565.868120448921,4138.971916174853
76246,738515.3968274528,1429.4429416627524,2750.1805411976447,1565.868120448921,4138.971916174853
76248,738515.4882604054,1429.4429416627524,2750.1805411976447,1565.868120448921,4138.971916174853
76256,738515.6696146346,1444.0104405727175,2575.3973562846318,2031.0707277164818,4130.0075000975
76257,738515.6698755269,1444.0104405727175,2575.3973562846318,2031.0707277164818,4130.0075000975
76258,738515.6749732005,1444.0104405727175,2575.3973562846318,2031.0707277164818,4130.0075000975
76261,738515.740011086,1444.0104405727175,2575.3973562846318,2031.0707277164818,4130.0075000975
76264,738515.8419680482,1444.0104405727175,2575.3973562846318,2031.0707277164818,4130.0075000975
76265,738515.8458471575,1632.8445359660968,3185.9811023580946,2119.459207976677,4581.750124116018
76266,738515.8463318489,1632.8445359660968,3185.9811023580946,2119.459207976677,4581.750124116018
76267,738515.9134401501,1632.8445359660968,3185.9811023580946,2119.459207976677,4581.750124116018
76272,738515.9925953547,1591.1939903802124,2704.7535767597647,2271.025667397441,4316.346282044115
76273,738516.0414612319,1591.1939903802124,2704.7535767597647,2271.025667397441,4316.346282044115
76275,738516.0966032392,1591.1939903802124,2704.7535767597647,2271.025667397441,4316.346282044115
76276,738516.1209195962,1591.1939903802124,2704.7535767597647,2271.025667397441,4316.346282044115
76278,738516.1641546099,1591.1939903802124,2704.7535767597647,2271.025667397441,4316.346282044115
76279,738516.164997856,1591.1939903802124,2704.7535767597647,2271.025667397441,4316.346282044115
76298,738516.5545181197,1591.1939903802124,2704.7535767597647,2271.025667397441,4316.346282044115
76301,738516.5746005989,1591.1939903802124,2704.7535767597647,2271.025667397441,4316.346282044115
76302,738516.5782158512,1591.1939903802124,2704.7535767597647,2271.025667397441,4316.346282044115
76303,738516.5783769684,1591.1939903802124,2704.7535767597647,2271.025667397441,4316.346282044115
76309,738516.6982929584,1591.1939903802124,2704.7535767597647,2271.025667397441,4316.346282044115
76312,738516.756640496,1580.2731943146164,3231.4783085729478,2260.0697342070184,4422.1973864861475
76313,738516.7604898841,1568.5456324296533,3208.43426598473,2507.217944186786,4393.146048003842
76314,738516.7618404451,1582.910894860979,3205.73246952665,2412.667273086479,4381.945884066422
76315,738516.7622938458,1332.4837787933009,2688.068074134623,2124.0772701293035,3929.9553298808455
76316,738516.7656132068,1332.4837787933009,2688.068074134623,2124.0772701293035,3929.9553298808455
76317,738516.7659002513,1629.8660984930514,2694.2745782575626,2026.1950101950279,3926.181109367961
76318,738516.7666335894,1629.8660984930514,2694.2745782575626,2026.1950101950279,3926.181109367961
76319,738516.7692560409,1629.8660984930514,2694.2745782575626,2026.1950101950279,3926.181109367961
76320,738516.7725688656,1634.1654809784566,3215.0165035117766,2535.9758145102855,4364.321386508727
76321,738516.7747885032,1634.1654809784566,3215.0165035117766,2535.9758145102855,4364.321386508727
76323,738516.7843694352,1634.1654809784566,3215.0165035117766,2535.9758145102855,4364.321386508727
76324,738516.7849771448,1632.0060232138933,2678.5673654129546,2274.5043632162497,3894.4389297798316
76325,738516.7961113135,1622.7602423008875,2661.1307856840726,2261.0731573501234,3870.3396710003994
76327,738516.8099919645,1622.7602423008875,2661.1307856840726,2261.0731573501234,3870.3396710003994
76329,738516.826375004,1622.7602423008875,2661.1307856840726,2261.0731573501234,3870.3396710003994
76330,738516.8296732474,1344.9003093062536,3155.7152141701927,2262.118726024499,4287.593006237259
76331,738516.8298616641,1606.1806671425027,3137.8419672609384,2482.848064594797,4263.847187735028
76332,738516.8302862009,1606.1806671425027,3137.8419672609384,2482.848064594797,4263.847187735028
76333,738516.8306278078,1606.1806671425027,3137.8419672609384,2482.848064594797,4263.847187735028
76334,738516.8316437353,1606.1806671425027,3137.8419672609384,2482.848064594797,4263.847187735028
76335,738516.8351915551,1606.3359654509861,2620.379363922476,1986.2374197363026,3808.7736926004927
76336,738516.8599485139,1606.3359654509861,2620.379363922476,1986.2374197363026,3808.7736926004927
76338,738516.8867641337,1606.3359654509861,2620.379363922476,1986.2374197363026,3808.7736926004927
76342,738517.0369219888,1606.3359654509861,2620.379363922476,1986.2374197363026,3808.7736926004927
76344,738517.1399064728,1606.3359654509861,2620.379363922476,1986.2374197363026,3808.7736926004927
76345,738517.1546812813,1597.9122003844307,2416.4766707757835,2218.042899636869,3785.311292021263
76350,738517.2956519146,1597.9122003844307,2416.4766707757835,2218.042899636869,3785.311292021263
76352,738517.339322601,1366.6589309600442,2921.2902527955725,2258.03940071432,4201.000284576561
76355,738517.3560887777,1597.9281362442898,2403.2891827974013,2441.7380933581862,3754.9438076336914
76361,738517.386683136,1597.9281362442898,2403.2891827974013,2441.7380933581862,3754.9438076336914
76364,738517.416778629,1597.9281362442898,2403.2891827974013,2441.7380933581862,3754.9438076336914
76376,738517.6308481876,1597.9281362442898,2403.2891827974013,2441.7380933581862,3754.9438076336914
76379,738517.6909851949,1332.382835255944,2389.859221443582,1973.1351817145662,3606.5099949774717
76380,738517.7323619839,1332.382835255944,2389.859221443582,1973.1351817145662,3606.5099949774717
76382,738517.7867629181,1332.382835255944,2389.859221443582,1973.1351817145662,3606.5099949774717
76385,738517.7977385195,1590.335426786111,2383.274522257024,1776.2157631369082,3592.3974234530556
76386,738517.8070938935,1590.335426786111,2383.274522257024,1776.2157631369082,3592.3974234530556
76390,738517.8901899143,1590.335426786111,2383.274522257024,1776.2157631369082,3592.3974234530556
76391,738517.893106882,1590.335426786111,2383.274522257024,1776.2157631369082,3592.3974234530556
76393,738517.9060581408,1345.9645512320396,2389.8106753446837,2063.798974531065,3589.8013175690608
76394,738517.9072223684,1345.9645512320396,2389.8106753446837,2063.798974531065,3589.8013175690608
76396,738518.0082655858,1345.9645512320396,2389.8106753446837,2063.798974531065,3589.8013175690608
76398,738518.0221034045,1345.9645512320396,2389.8106753446837,2063.798974531065,3589.8013175690608
76399,738518.0359759857,1345.9645512320396,2389.8106753446837,2063.798974531065,3589.8013175690608
76400,738518.0406230745,1609.3223678501006,2388.981777091906,2427.3529950063994,3580.9163541773605
76402,738518.0860337957,1609.3223678501006,2388.981777091906,2427.3529950063994,3580.9163541773605
76404,738518.1132539163,1609.3223678501006,2388.981777091906,2427.3529950063994,3580.9163541773605
76407,738518.1572609696,1609.3223678501006,2388.981777091906,2427.3529950063994,3580.9163541773605
76411,738518.1796793443,1609.3223678501006,2388.981777091906,2427.3529950063994,3580.9163541773605
76412,738518.1840407891,1609.3223678501006,2388.981777091906,2427.3529950063994,3580.9163541773605
76413,738518.2003490913,1609.3223678501006,2388.981777091906,2427.3529950063994,3580.9163541773605
76414,738518.2110005682,1609.3223678501006,2388.981777091906,2427.3529950063994,3580.9163541773605
76416,738518.2312258801,1369.4352603755754,2392.1110843881133,1597.7098810478158,3575.5903140700993
76417,738518.2467742366,1369.4352603755754,2392.1110843881133,1597.7098810478158,3575.5903140700993
76418,738518.2539561939,1369.4352603755754,2392.1110843881133,1597.7098810478158,3575.5903140700993
76421,738518.3266026635,1369.4352603755754,2392.1110843881133,1597.7098810478158,3575.5903140700993
76422,738518.3312200205,1369.4352603755754,2392.1110843881133,1597.7098810478158,3575.5903140700993
76423,738518.3332539842,13686.795083203491,4428.082666522744,10007.560443822787,5509.966978014763
76424,738518.3459618153,1628.894531044694,3313.6333908121373,2438.7871349040875,4357.646650221922
76434,738518.4489333403,1633.902875246183,2832.480229741078,1982.6027634353368,3937.035939881658
76436,738518.4675078938,1633.902875246183,2832.480229741078,1982.6027634353368,3937.035939881658
76437,738518.468170696,1387.7416147646234,2820.873099968587,1990.525046095813,3919.612887448225
76438,738518.4728546976,1387.7416147646234,2820.873099968587,1990.525046095813,3919.612887448225
76439,738518.4863936536,1387.7416147646234,2820.873099968587,1990.525046095813,3919.612887448225
76440,738518.4890119506,1387.7416147646234,2820.873099968587,1990.525046095813,3919.612887448225
76441,738518.4992919335,1387.7416147646234,2820.873099968587,1990.525046095813,3919.612887448225
76447,738518.595812847,1387.7416147646234,2820.873099968587,1990.525046095813,3919.612887448225
76449,738518.6644175958,1387.7416147646234,2820.873099968587,1990.525046095813,3919.612887448225
76453,738518.6914487819,1387.7416147646234,2820.873099968587,1990.525046095813,3919.612887448225
76460,738518.7771068496,1379.510799605999,2617.329596943642,1751.1591818721058,3896.286390829465
76462,738518.7956646495,1379.510799605999,2617.329596943642,1751.1591818721058,3896.286390829465
76468,738518.9496269376,1413.3098864617666,3080.937092617264,2230.38331075601,4283.57089617248
76469,738518.9669926831,1413.3098864617666,3080.937092617264,2230.38331075601,4283.57089617248
76473,738519.096827487,1413.3098864617666,3080.937092617264,2230.38331075601,4283.57089617248
76474,738519.1347319374,1413.3098864617666,3080.937092617264,2230.38331075601,4283.57089617248
76476,738519.2331747595,1389.7346390219243,2611.909043339619,2085.866246647627,3919.989080826597
76477,738519.3032896857,1384.991001867978,2598.457867162981,2076.556838338121,3899.616093829779
76487,738519.4056206753,1384.991001867978,2598.457867162981,2076.556838338121,3899.616093829779
76496,738519.5738047194,1384.991001867978,2598.457867162981,2076.556838338121,3899.616093829779
76500,738519.6582884185,17052.582682777243,4607.738920226661,13682.127059884328,5663.11138624817
76501,738519.658707728,17052.582682777243,4607.738920226661,13682.127059884328,5663.11138624817
76503,738519.7213622957,17052.582682777243,4607.738920226661,13682.127059884328,5663.11138624817
76506,738519.8248014539,1386.7672919977276,2846.483847864805,1617.3242669036324,4102.342176416433
76507,738519.8376059062,1386.7672919977276,2846.483847864805,1617.3242669036324,4102.342176416433
76509,738519.8783891986,1386.7672919977276,2846.483847864805,1617.3242669036324,4102.342176416433
76511,738519.9003017226,1386.7672919977276,2846.483847864805,1617.3242669036324,4102.342176416433
76516,738520.0474902483,16619.207534165067,4840.735513073164,13949.999038747925,5854.570084683795
76532,738520.4647841046,16619.207534165067,4840.735513073164,13949.999038747925,5854.570084683795
76537,738520.6146626766,2248.3082847419814,3682.0616157880236,2958.883768831993,4687.516732963675
76538,738520.6156247995,2248.3082847419814,3682.0616157880236,2958.883768831993,4687.516732963675
76541,738520.6209780858,2237.3718824980488,3662.2038676254692,2944.279383699262,4663.851967212714
76544,738520.8112833627,2237.3718824980488,3662.2038676254692,2944.279383699262,4663.851967212714
76545,738520.8203349878,2237.3718824980488,3662.2038676254692,2944.279383699262,4663.851967212714
76548,738520.8239645659,2237.3718824980488,3662.2038676254692,2944.279383699262,4663.851967212714
76551,738520.9394469645,2237.3718824980488,3662.2038676254692,2944.279383699262,4663.851967212714
76552,738520.9681967369,2931.0887990935416,4699.321639773015,4010.941851571094,5581.544056506906
76553,738521.0086667677,1528.6696486863723,3221.59736101658,1745.7044771832734,4253.894347648593
76557,738521.1948440942,1528.6696486863723,3221.59736101658,1745.7044771832734,4253.894347648593
76558,738521.2683082403,1528.6696486863723,3221.59736101658,1745.7044771832734,4253.894347648593
76567,738521.4900972487,1528.6696486863723,3221.59736101658,1745.7044771832734,4253.894347648593
76570,738521.586660691,1528.6696486863723,3221.59736101658,1745.7044771832734,4253.894347648593
76571,738521.6127560615,1528.6696486863723,3221.59736101658,1745.7044771832734,4253.894347648593
76572,738521.6358801443,1528.6696486863723,3221.59736101658,1745.7044771832734,4253.894347648593
76573,738521.6489085859,1780.4482428330602,3231.810459716128,2332.6818554554584,4256.617262096437
76574,738521.6546634242,1780.4482428330602,3231.810459716128,2332.6818554554584,4256.617262096437
76575,738521.6791271826,1572.6932759543959,2841.635297713193,1782.4550688200268,3907.640719683874
76583,738521.8328955137,7315.167777260373,4181.22567691868,14653.247613123489,5398.953651910469
76584,738521.8765659446,7315.167777260373,4181.22567691868,14653.247613123489,5398.953651910469
76586,738521.9439237289,7315.167777260373,4181.22567691868,14653.247613123489,5398.953651910469
76587,738522.0775909226,1932.9722515803287,3872.0951042163674,2570.940914671698,4754.226326627143
76589,738522.0974579178,1920.3910875053455,3847.428503578893,2555.217939138989,4726.43696859425
76590,738522.1034600021,1920.3910875053455,3847.428503578893,2555.217939138989,4726.43696859425
76602,738522.3893407225,1920.3910875053455,3847.428503578893,2555.217939138989,4726.43696859425
76611,738522.578304461,1920.3910875053455,3847.428503578893,2555.217939138989,4726.43696859425
76617,738522.7916645209,1923.8321001602228,3723.726856318013,2436.181610803674,4616.836446773321
76620,738522.8414110458,17508.738028792985,5340.8487722063965,10035.89033561841,6086.56354609086
76625,738522.9852313437,12757.581083104069,1988.700125337712,14576.287266722391,2294.1455654222855
76627,738523.1168254543,14493.031386983912,12371.810349257115,14493.031386983912,17776.100044166174
76645,738523.7177432484,14493.031386983912,12371.810349257115,14493.031386983912,17776.100044166174
76655,738524.0692235501,14493.031386983912,12371.810349257115,14493.031386983912,17776.100044166174
76659,738524.2208592952,1695.8125252824495,3739.5602128804967,2116.244689899314,4801.21479026012
76668,738524.4109401429,3804.618193773527,7533.387197673177,13802.358201677247,17273.647047456936
76682,738524.85117142,3804.618193773527,7533.387197673177,13802.358201677247,17273.647047456936
76683,738524.8827737154,3804.618193773527,7533.387197673177,13802.358201677247,17273.647047456936
76690,738525.2152292527,3804.618193773527,7533.387197673177,13802.358201677247,17273.647047456936
76691,738525.2829499674,3804.618193773527,7533.387197673177,13802.358201677247,17273.647047456936
76692,738525.295319023,3804.618193773527,7533.387197673177,13802.358201677247,17273.647047456936
76693,738525.2976377691,3804.618193773527,7533.387197673177,13802.358201677247,17273.647047456936
76694,738525.2995279252,3804.618193773527,7533.387197673177,13802.358201677247,17273.647047456936
76695,738525.3024702423,3804.618193773527,7533.387197673177,13802.358201677247,17273.647047456936
76696,738525.3049609744,3804.618193773527,7533.387197673177,13802.358201677247,17273.647047456936
76697,738525.3149376644,3804.618193773527,7533.387197673177,13802.358201677247,17273.647047456936
76698,738525.3174444074,1472.8045276922437,3739.7898705334983,1915.8798142603234,4625.425084305099
76699,738525.3187306301,1472.8045276922437,3739.7898705334983,1915.8798142603234,4625.425084305099
76700,738525.3201846844,1690.1844427518877,3720.631198942136,2107.407957056999,4602.893293456396
76701,738525.3216223256,1798.049928999404,3698.7579036784714,2200.049002810519,4577.963614509905
76702,738525.3223628282,1669.7029008956397,3674.7483554172672,2083.3698863525515,4551.150236543993
76703,738525.3243530253,1669.7029008956397,3674.7483554172672,2083.3698863525515,4551.150236543993
76704,738525.3321402185,1669.7029008956397,3674.7483554172672,2083.3698863525515,4551.150236543993
76705,738525.3349813543,1775.2012520299415,3652.403113684907,2174.097013853558,4525.866931073901
76706,738525.3398164562,1775.2012520299415,3652.403113684907,2174.097013853558,4525.866931073901
76707,738525.3403513118,1775.2012520299415,3652.403113684907,2174.097013853558,4525.866931073901
76708,738525.3423379875,1775.2012520299415,3652.403113684907,2174.097013853558,4525.866931073901
76710,738525.3449881276,1775.2012520299415,3652.403113684907,2174.097013853558,4525.866931073901
76711,738525.3482630842,1775.2012520299415,3652.403113684907,2174.097013853558,4525.866931073901
76714,738525.3567815302,1775.2012520299415,3652.403113684907,2174.097013853558,4525.866931073901
76716,738525.3648950601,1775.2012520299415,3652.403113684907,2174.097013853558,4525.866931073901
76717,738525.3655580562,1775.2012520299415,3652.403113684907,2174.097013853558,4525.866931073901
76718,738525.3684373823,1653.8517495872466,3633.82708486279,2063.6378513736686,4504.0104826787665
76719,738525.3766356701,1653.8517495872466,3633.82708486279,2063.6378513736686,4504.0104826787665
76724,738525.3961582184,1646.715951872477,3614.344004288195,2054.528264271768,4481.375524747166
76725,738525.3989804686,1646.715951872477,3614.344004288195,2054.528264271768,4481.375524747166
76726,738525.4006353172,1646.715951872477,3614.344004288195,2054.528264271768,4481.375524747166
76727,738525.400837109,1646.715951872477,3614.344004288195,2054.528264271768,4481.375524747166
76729,738525.4188275207,1646.715951872477,3614.344004288195,2054.528264271768,4481.375524747166
76730,738525.4190528608,1646.715951872477,3614.344004288195,2054.528264271768,4481.375524747166
76731,738525.4287138158,1644.9991098513265,3600.0546281368315,2050.3824569081917,4463.457589724373
76732,738525.4320363185,1644.9991098513265,3600.0546281368315,2050.3824569081917,4463.457589724373
76733,738525.4338690452,1644.9991098513265,3600.0546281368315,2050.3824569081917,4463.457589724373
76736,738525.4511692504,1636.7677400934567,3579.871268308776,2041.6894470540433,4791.593443817772
76737,738525.4698348807,1636.7677400934567,3579.871268308776,2041.6894470540433,4791.593443817772
76738,738525.4840769318,1636.7677400934567,3579.871268308776,2041.6894470540433,4791.593443817772
76740,738525.5112609599,1636.7677400934567,3579.871268308776,2041.6894470540433,4791.593443817772
76741,738525.529723072,1740.6739912349217,3560.291542696737,2130.184056425073,4767.1035061229195
76742,738525.5323612888,1740.6739912349217,3560.291542696737,2130.184056425073,4767.1035061229195
76743,738525.5325472567,1730.4093227472406,3539.159969990163,2120.2247831526656,4741.276230832778
76744,738525.5347486744,1720.7279038071927,3518.7116550888422,2108.913999927527,4716.115788289543
76745,738525.5352614669,1720.7279038071927,3518.7116550888422,2108.913999927527,4716.115788289543
76746,738525.5381831055,1720.7279038071927,3518.7116550888422,2108.913999927527,4716.115788289543
76747,738525.5429352104,1720.7279038071927,3518.7116550888422,2108.913999927527,4716.115788289543
76748,738525.5460861691,1720.7279038071927,3518.7116550888422,2108.913999927527,4716.115788289543
76752,738525.5571791999,1720.7279038071927,3518.7116550888422,2108.913999927527,4716.115788289543
76755,738525.5754026662,1608.2500818320757,3504.7366108474816,2004.3547151281139,4352.904496084636
76756,738525.5778218536,1608.2500818320757,3504.7366108474816,2004.3547151281139,4352.904496084636
76757,738525.5788949304,1608.2500818320757,3504.7366108474816,2004.3547151281139,4352.904496084636
76758,738525.5811789939,1608.2500818320757,3504.7366108474816,2004.3547151281139,4352.904496084636
76759,738525.5814097569,1608.2500818320757,3504.7366108474816,2004.3547151281139,4352.904496084636
76760,738525.5824910703,1608.2500818320757,3504.7366108474816,2004.3547151281139,4352.904496084636
76761,738525.5864613814,1608.2500818320757,3504.7366108474816,2004.3547151281139,4352.904496084636
76763,738525.592756249,1608.2500818320757,3504.7366108474816,2004.3547151281139,4352.904496084636
76764,738525.5971454162,1713.06023711606,3489.185039107945,2095.4706192571416,4676.1795120921915
76766,738525.6038773416,1713.06023711606,3489.185039107945,2095.4706192571416,4676.1795120921915
76771,738525.6618887311,1597.1649948774455,3470.9908010439017,1989.4089127236216,4312.886859444109
76775,738525.9076154499,1597.1649948774455,3470.9908010439017,1989.4089127236216,4312.886859444109
76781,738526.056280124,1504.554745422272,3384.668901860376,1979.1950637216403,4290.559210104947
76782,738526.0569375126,1504.554745422272,3384.668901860376,1979.1950637216403,4290.559210104947
76785,738526.0841714961,1504.554745422272,3384.668901860376,1979.1950637216403,4290.559210104947
76787,738526.1233767903,1605.333470033038,3366.2743337847182,2065.3252079409767,4268.989017261981
76789,738526.2009099781,1599.349606408741,3349.9178956024416,2058.532781869403,4584.382152421035
76791,738526.2403569691,1599.349606408741,3349.9178956024416,2058.532781869403,4584.382152421035
76792,738526.2491487989,1599.349606408741,3349.9178956024416,2058.532781869403,4584.382152421035
76805,738526.5578888289,1489.4864063876694,3336.421225007994,1957.0385834481085,4232.20654559469
76811,738526.711802015,3812.067829843354,14265.743015049204,14928.167482345916,17780.94607350488
76812,738526.7822258163,3812.067829843354,14265.743015049204,14928.167482345916,17780.94607350488
76816,738526.9456319496,3812.067829843354,14265.743015049204,14928.167482345916,17780.94607350488
76824,738527.116957516,3812.067829843354,14265.743015049204,14928.167482345916,17780.94607350488
76826,738527.134602311,1682.7686639238377,4065.5886658093154,1948.334901714718,4082.556758153284
76827,738527.158000991,1682.7686639238377,4065.5886658093154,1948.334901714718,4082.556758153284
76828,738527.1824769992,1682.7686639238377,4065.5886658093154,1948.334901714718,4082.556758153284
76829,738527.1974706161,1682.7686639238377,4065.5886658093154,1948.334901714718,4082.556758153284
76830,738527.2029600483,1823.5398009755384,4066.4634031967885,2033.7242178170725,4063.3131460017485
76831,738527.2217037558,1677.1443423912913,4041.8319031437413,1934.1412605243,4046.287839247181
76832,738527.33596688,1677.1443423912913,4041.8319031437413,1934.1412605243,4046.287839247181
76837,738527.4609752445,1677.1443423912913,4041.8319031437413,1934.1412605243,4046.287839247181
76839,738527.4652321872,1871.8556210226213,4202.742008576949,2019.2465577880205,4027.945991693015
76840,738527.4671916468,1871.8556210226213,4202.742008576949,2019.2465577880205,4027.945991693015
76846,738527.6040318186,1871.8556210226213,4202.742008576949,2019.2465577880205,4027.945991693015
76849,738527.7673568117,1871.8556210226213,4202.742008576949,2019.2465577880205,4027.945991693015
76855,738527.8779810565,1871.8556210226213,4202.742008576949,2019.2465577880205,4027.945991693015
76891,738528.8835288999,1871.8556210226213,4202.742008576949,2019.2465577880205,4027.945991693015
76895,738529.0499686296,2350.2593863920442,5981.221745196379,1994.6604500584638,4015.8124932967535
76897,738529.1941771595,6165.376009559624,3433.193752264119,18281.56443884603,2309.8946311073464
76923,738529.5975472024,6165.376009559624,3433.193752264119,18281.56443884603,2309.8946311073464
76927,738529.6385149728,6165.376009559624,3433.193752264119,18281.56443884603,2309.8946311073464
76930,738529.6480764664,6165.376009559624,3433.193752264119,18281.56443884603,2309.8946311073464
76932,738529.6817998118,6165.376009559624,3433.193752264119,18281.56443884603,2309.8946311073464
76933,738529.6977493743,6165.376009559624,3433.193752264119,18281.56443884603,2309.8946311073464
76934,738529.7035277185,6165.376009559624,3433.193752264119,18281.56443884603,2309.8946311073464
76935,738529.717995192,6165.376009559624,3433.193752264119,18281.56443884603,2309.8946311073464
76941,738529.9429251129,2165.5182093024414,6490.4362542949175,1693.5121279314978,4149.253011141616
76948,738530.0350764003,2161.314447377382,6431.4315577302195,1835.6547156945737,4137.096112814234
76958,738530.260469847,2161.314447377382,6431.4315577302195,1835.6547156945737,4137.096112814234
76960,738530.2940699941,2161.314447377382,6431.4315577302195,1835.6547156945737,4137.096112814234
76963,738530.3193737331,2161.314447377382,6431.4315577302195,1835.6547156945737,4137.096112814234
76965,738530.3578613782,2161.314447377382,6431.4315577302195,1835.6547156945737,4137.096112814234
76989,738530.7227533051,2161.314447377382,6431.4315577302195,1835.6547156945737,4137.096112814234
77003,738531.043997465,1681.4271836710175,6037.662200977332,1617.1646492563627,3960.245957921536
77004,738531.0443661712,1678.0543244849393,5973.313959483962,1616.2978212194723,3946.779423310868
77009,738531.1729142604,1678.0543244849393,5973.313959483962,1616.2978212194723,3946.779423310868
77013,738531.2393116952,1678.0543244849393,5973.313959483962,1616.2978212194723,3946.779423310868
77032,738531.5158582448,1678.0543244849393,5973.313959483962,1616.2978212194723,3946.779423310868
77045,738531.6834677266,1678.0543244849393,5973.313959483962,1616.2978212194723,3946.779423310868
77047,738531.8094120704,1678.0543244849393,5973.313959483962,1616.2978212194723,3946.779423310868
77065,738532.3568396543,1678.0543244849393,5973.313959483962,1616.2978212194723,3946.779423310868
77085,738532.8143516877,1640.9951121201204,7092.0648939745715,1614.3277074585149,3828.751857001917
77094,738533.2947198633,1550.6502847705797,6660.198475487046,1428.6982067435792,3811.6798572865305
77099,738533.3567450313,1550.6502847705797,6660.198475487046,1428.6982067435792,3811.6798572865305
77105,738533.5549277446,1547.5659171603077,6397.717190311098,1423.0074182671142,3793.5695021971137
77118,738533.865521581,1547.5659171603077,6397.717190311098,1423.0074182671142,3793.5695021971137
77147,738535.0382837256,1362.3084659674134,5711.051328073714,1434.7670271226996,3356.6582679453522
77225,738535.2420167985,1362.3084659674134,5711.051328073714,1434.7670271226996,3356.6582679453522
77283,738535.5447094801,1362.3084659674134,5711.051328073714,1434.7670271226996,3356.6582679453522
77301,738535.8731755029,2230.4841474185496,7802.179771478092,2113.3311633155445,4919.626032521588
77312,738535.9707832595,2230.4841474185496,7802.179771478092,2113.3311633155445,4919.626032521588
77362,738536.7754572568,2230.4841474185496,7802.179771478092,2113.3311633155445,4919.626032521588
77364,738536.9489853235,1412.6698201428744,4844.707953735675,2031.0314710283765,4194.251138909362
77365,738536.9810288275,11787.238728301547,13411.496809689204,12489.566003013912,18242.76683357113
77366,738536.9829799447,9717.259989959399,8790.590286660878,17380.0543068905,5978.31601034171
77374,738537.1086933216,10438.203060987496,6824.872498836929,11963.28738824497,3933.0195578824964
77386,738537.3817656151,9720.766711418586,9761.465725173724,16094.263625635958,5999.728687487897
77405,738537.7991457555,9720.766711418586,9761.465725173724,16094.263625635958,5999.728687487897
77443,738538.5896685668,11219.921189602694,3616.9080909252216,3864.4345032662977,3897.0410456978716
77447,738538.6938532307,11219.921189602694,3616.9080909252216,3864.4345032662977,3897.0410456978716
77493,738539.7357076342,11219.921189602694,3616.9080909252216,3864.4345032662977,3897.0410456978716
77497,738539.8517023398,11219.921189602694,3616.9080909252216,3864.4345032662977,3897.0410456978716
77499,738539.9241458678,11219.921189602694,3616.9080909252216,3864.4345032662977,3897.0410456978716
77500,738539.9269568797,11144.3566461741,10110.280121897682,24661.62447246398,23540.5481770271
77501,738539.9278296833,11144.3566461741,10110.280121897682,24661.62447246398,23540.5481770271
77535,738540.7615409705,11144.3566461741,10110.280121897682,24661.62447246398,23540.5481770271
77540,738540.895371911,11144.3566461741,10110.280121897682,24661.62447246398,23540.5481770271
77552,738541.1470473295,11144.3566461741,10110.280121897682,24661.62447246398,23540.5481770271
77567,738541.4701722595,8402.591573072996,10092.491807577904,15287.857781663783,22023.62058549998
77568,738541.4750656277,7378.505158498899,7511.547577965615,10602.158067366701,17235.592181729677
77592,738541.9403724985,7378.505158498899,7511.547577965615,10602.158067366701,17235.592181729677
77618,738542.440434823,14437.622452628453,8351.550676275867,3647.3408245975966,15702.844025950526
77621,738542.4969023367,8115.6321033131635,11271.167944352128,14789.403020552887,21061.352398548275
77625,738542.6556279069,7405.9863868564335,12778.947975462352,4609.327782497071,6129.773890265033
77626,738542.6801878886,9086.87161508768,10907.438960235977,1839.4085772077538,5259.056572696538
77627,738542.7860640723,9086.87161508768,10907.438960235977,1839.4085772077538,5259.056572696538
77653,738543.5103985954,7716.679708608708,13269.187362275212,10116.60816546322,8895.691536728633
77676,738544.0641097607,7716.679708608708,13269.187362275212,10116.60816546322,8895.691536728633
77681,738544.2016827337,13986.887234537513,13456.23763256512,6150.602931300103,7008.95500096556
77722,738545.1871790027,13986.887234537513,13456.23763256512,6150.602931300103,7008.95500096556
77750,738545.5799517252,9264.498029928485,10482.506080452536,12649.001821669071,5877.053949696116
77762,738545.944951652,22687.682124986546,11809.986166980265,14610.781963404148,14954.982228609626
77787,738546.399332429,8446.9493063123,14419.380894685266,3395.1676193186067,7983.53520513014
77791,738546.5367320097,8446.9493063123,14419.380894685266,3395.1676193186067,7983.53520513014
77792,738546.5371030481,8446.9493063123,14419.380894685266,3395.1676193186067,7983.53520513014
77793,738546.5393515198,7376.27515317057,14550.838480977001,2037.7700980040781,7942.651442137655
77794,738546.5405102769,7376.27515317057,14550.838480977001,2037.7700980040781,7942.651442137655
77795,738546.5421489174,7376.27515317057,14550.838480977001,2037.7700980040781,7942.651442137655
77796,738546.5447887292,7376.27515317057,14550.838480977001,2037.7700980040781,7942.651442137655
77797,738546.5452749695,7376.27515317057,14550.838480977001,2037.7700980040781,7942.651442137655
77798,738546.5481766897,7376.27515317057,14550.838480977001,2037.7700980040781,7942.651442137655
77799,738546.550539822,7376.27515317057,14550.838480977001,2037.7700980040781,7942.651442137655
77800,738546.5509920424,7376.27515317057,14550.838480977001,2037.7700980040781,7942.651442137655
77801,738546.5542119583,7376.27515317057,14550.838480977001,2037.7700980040781,7942.651442137655
77803,738546.5597625762,5812.920404570523,14600.05168255455,2306.9255144977756,7865.588045358986
77805,738546.5678159739,5812.920404570523,14600.05168255455,2306.9255144977756,7865.588045358986
77806,738546.5691527494,5865.47805940681,14623.3827237834,2508.7712494986226,7799.439587502732
77807,738546.5707113486,5865.47805940681,14623.3827237834,2508.7712494986226,7799.439587502732
77809,738546.5739360615,5865.47805940681,14623.3827237834,2508.7712494986226,7799.439587502732
77810,738546.5777329602,5865.47805940681,14623.3827237834,2508.7712494986226,7799.439587502732
77811,738546.5785490186,5865.47805940681,14623.3827237834,2508.7712494986226,7799.439587502732
77813,738546.5798939777,5865.47805940681,14623.3827237834,2508.7712494986226,7799.439587502732
77817,738546.6161801,5865.47805940681,14623.3827237834,2508.7712494986226,7799.439587502732
77819,738546.7714393688,9163.298781185653,16628.095666563266,9554.390991964076,9798.671126275876
77827,738547.0539468194,9163.298781185653,16628.095666563266,9554.390991964076,9798.671126275876
77834,738547.2359100786,4981.542638172602,15549.295533991073,2136.7612054734645,7655.579527829136
77854,738547.9235157181,4981.542638172602,15549.295533991073,2136.7612054734645,7655.579527829136
77885,738549.1264545714,13871.895311414457,13042.635225238431,4064.876648182591,14704.83714894671
77891,738549.2468647405,9765.571049030697,13435.568020293515,16412.24720758357,7306.885834033987
77899,738549.4144552422,9765.571049030697,13435.568020293515,16412.24720758357,7306.885834033987
77909,738549.5863020422,9765.571049030697,13435.568020293515,16412.24720758357,7306.885834033987
77929,738550.0495069704,9765.571049030697,13435.568020293515,16412.24720758357,7306.885834033987
77930,738550.0602468916,9765.571049030697,13435.568020293515,16412.24720758357,7306.885834033987
77931,738550.1394294996,9765.571049030697,13435.568020293515,16412.24720758357,7306.885834033987
77946,738550.5547672019,9765.571049030697,13435.568020293515,16412.24720758357,7306.885834033987
77950,738550.7562876336,9765.571049030697,13435.568020293515,16412.24720758357,7306.885834033987
77953,738550.8364172622,9765.571049030697,13435.568020293515,16412.24720758357,7306.885834033987
77957,738550.8906703552,9765.571049030697,13435.568020293515,16412.24720758357,7306.885834033987
77960,738551.0200776513,9765.571049030697,13435.568020293515,16412.24720758357,7306.885834033987
78015,738552.790817169,9765.571049030697,13435.568020293515,16412.24720758357,7306.885834033987
78039,738554.367359637,13374.4669017206,13827.839903858925,13374.4669017206,9449.51147113499
78079,738555.0679740824,13374.4669017206,13827.839903858925,13374.4669017206,9449.51147113499
78084,738555.2651721468,17116.894411047353,20045.214905550085,3759.117910896655,8267.66921950042
78086,738555.3433418252,17116.894411047353,20045.214905550085,3759.117910896655,8267.66921950042
78091,738555.6071677153,17116.894411047353,20045.214905550085,3759.117910896655,8267.66921950042
78092,738555.6445458564,14257.406191929014,15302.24738987679,4545.900886908297,9375.235120544075
78093,738555.7055322212,14366.59956172945,15411.440759677225,4648.288292854212,9468.507848444633
78094,738555.7084641366,12567.879573577282,25083.648594134927,8189.5511408533475,24743.32516611879
