Index,Time[d.s],IEt_T(15)_S(17)_EvLim(20),IEt_T(15)_S(33)_EvLim(20),IEt_T(30)_S(17)_EvLim(20),IEt_T(30)_S(33)_EvLim(20)
78747,736352.5208303089,9.117370693944395,9.117370693944395,9.117370693944395,18.901491210912354
78847,736356.3225489159,9.117370693944395,9.818312374991365,9.117370693944395,9.818312374991365
78851,736356.7119766026,9.117370693944395,9.117370693944395,9.117370693944395,19.61635592544917
78855,736356.9591998712,9.117370693944395,9.117370693944395,9.117370693944395,19.61635592544917
78863,736357.4772848444,9.117370693944395,9.117370693944395,9.117370693944395,19.61635592544917
79235,736365.4647004525,14.489280416164547,9.142151536652818,14.489280416164547,9.142151536652818
79297,736366.1926795649,9.117370693944395,9.117370693944395,14.489280416164547,9.117370693944395
79343,736367.3530752623,11.030526346410625,11.030526346410625,11.030526346410625,11.030526346410625
79592,736369.8707583396,11.030526346410625,11.030526346410625,11.030526346410625,11.030526346410625
79715,736371.6285873421,9.117370693944395,9.117370693944395,15.306038426235318,9.142151536652818
79717,736371.7193502259,9.117370693944395,9.117370693944395,15.306038426235318,9.142151536652818
79746,736372.5010638057,9.117370693944395,9.117370693944395,14.489280416164547,9.142151536652818
79759,736372.824233219,9.117370693944395,9.117370693944395,14.489280416164547,9.142151536652818
79760,736372.8249402477,9.117370693944395,9.117370693944395,14.489280416164547,9.142151536652818
79761,736372.8315747085,9.117370693944395,9.117370693944395,14.489280416164547,9.142151536652818
79788,736373.7391788458,9.117370693944395,9.117370693944395,14.489280416164547,9.142151536652818
79826,736375.0299575755,9.117370693944395,9.117370693944395,22.50912726658862,15.306038426235318
79836,736375.9561327159,9.117370693944395,9.117370693944395,22.50912726658862,15.306038426235318
79845,736376.9179841441,9.117370693944395,9.117370693944395,22.50912726658862,15.306038426235318
79880,736378.337519875,9.117370693944395,9.117370693944395,15.306038426235318,11.030526346410625
79896,736378.8573860006,9.117370693944395,9.117370693944395,9.117370693944395,9.117370693944395
79966,736381.0981808496,9.117370693944395,9.117370693944395,9.117370693944395,9.142151536652818
79969,736381.3049713935,9.117370693944395,9.117370693944395,9.117370693944395,15.840270941029303
79993,736382.1916868547,9.117370693944395,9.117370693944395,9.117370693944395,9.870130649069324
79995,736382.2109098262,9.117370693944395,9.117370693944395,9.117370693944395,9.870130649069324
80093,736386.6214556714,8.752723849960603,9.117370693944395,20.428776106447913,9.117370693944395
80098,736386.9389379278,8.752723849960603,9.117370693944395,8.752723849960603,9.117370693944395
80129,736388.2270279784,8.752723849960603,9.117370693944395,8.752723849960603,9.117370693944395
81754,736392.808184974,14.470665098982863,10.597275147796609,14.470665098982863,10.597275147796609
82889,736396.5206712282,9.899215556797571,9.899215556797571,9.899215556797571,9.899215556797571
83382,736399.3214619871,5.869247046182863,8.752723849960603,5.869247046182863,11.503213580464944
83542,736400.1788471275,8.752723849960603,5.869247046182863,14.470665098982863,10.597275147796609
84051,736403.9798852889,5.869247046182863,5.869247046182863,17.967937301262282,10.597275147796609
84206,736405.2172648703,5.869247046182863,5.869247046182863,17.967937301262282,10.597275147796609
84259,736405.6927815959,5.869247046182863,5.869247046182863,17.967937301262282,10.597275147796609
84260,736405.6943377539,9.173666525748558,6.372875766828656,15.422490378608927,9.899215556797571
84302,736406.2053082178,9.173666525748558,6.372875766828656,15.422490378608927,9.899215556797571
84342,736406.8073902237,7.370662153465673,5.869247046182863,14.470665098982863,10.597275147796609
84506,736409.4114442819,5.869247046182863,5.869247046182863,27.200534455711022,13.557391456095502
84615,736411.0301297993,5.869247046182863,5.869247046182863,27.200534455711022,13.557391456095502
84616,736411.0358808687,5.869247046182863,5.869247046182863,27.200534455711022,13.557391456095502
84617,736411.0361628748,5.869247046182863,9.173666525748558,24.0972249469487,9.581733300350606
84660,736411.7344468365,5.869247046182863,5.869247046182863,10.597275147796609,10.597275147796609
84744,736413.0346659237,5.869247046182863,5.869247046182863,10.597275147796609,10.597275147796609
84796,736413.8770996481,5.869247046182863,5.869247046182863,10.597275147796609,10.597275147796609
84889,736415.6531676596,5.869247046182863,5.869247046182863,7.370662153465673,5.869247046182863
84918,736416.0591277172,5.869247046182863,5.869247046182863,7.370662153465673,5.869247046182863
84966,736416.9249881544,5.869247046182863,5.869247046182863,7.370662153465673,5.869247046182863
85013,736417.5895696637,5.869247046182863,5.869247046182863,7.370662153465673,5.869247046182863
85017,736417.6677688587,5.869247046182863,5.869247046182863,7.370662153465673,5.869247046182863
85085,736418.8662566455,7.830093770753592,7.830093770753592,7.830093770753592,7.830093770753592
85094,736418.980096847,5.869247046182863,5.869247046182863,22.459425618872046,5.869247046182863
85121,736419.5695053007,5.869247046182863,5.869247046182863,22.459425618872046,5.869247046182863
85129,736419.8824112739,5.869247046182863,5.869247046182863,22.459425618872046,5.869247046182863
85162,736420.4753203047,13.66793008102104,5.869247046182863,13.99920524971094,6.513277013087645
85169,736420.6046937226,5.869247046182863,7.830093770753592,5.869247046182863,9.173666525748558
85222,736421.5890243981,5.869247046182863,7.830093770753592,5.869247046182863,9.173666525748558
85298,736423.5219607478,5.869247046182863,5.869247046182863,13.285759093123488,5.869247046182863
85395,736425.4954203919,5.869247046182863,5.869247046182863,10.782179440022446,5.869247046182863
85514,736428.8661635749,5.869247046182863,5.869247046182863,10.782179440022446,5.869247046182863
85553,736429.8949614189,9.290267696371302,9.290267696371302,9.290267696371302,9.290267696371302
85582,736430.457789359,6.935828611254692,6.935828611254692,13.285759093123488,6.935828611254692
85609,736430.9630623359,11.98296548880171,4.962368967127986,11.98296548880171,5.869247046182863
85610,736430.9654603208,11.98296548880171,4.962368967127986,11.98296548880171,4.962368967127986
85617,736431.0194263319,11.98296548880171,4.962368967127986,11.98296548880171,4.962368967127986
85624,736431.1813445565,4.399541027029045,6.373000671155751,20.14518168172799,7.830093770753592
85758,736433.7673682701,4.399541027029045,5.467641943949275,13.297691462095827,5.869247046182863
85775,736433.9940583762,4.399541027029045,5.467641943949275,13.297691462095827,5.869247046182863
85796,736434.2966482104,4.399541027029045,5.467641943949275,13.297691462095827,5.869247046182863
85856,736435.3743735303,8.271947878180072,5.467641943949275,8.271947878180072,5.869247046182863
85875,736435.8750407825,5.417251423466951,6.935828611254692,11.477692511980422,6.935828611254692
85950,736437.418688408,5.417251423466951,6.935828611254692,11.477692511980422,6.935828611254692
85972,736437.9878239571,5.417251423466951,6.935828611254692,11.477692511980422,6.935828611254692
85999,736438.4781176616,5.417251423466951,6.935828611254692,11.477692511980422,6.935828611254692
86086,736440.1748110827,9.717021723627113,4.962368967127986,9.717021723627113,4.962368967127986
86140,736441.047356516,9.717021723627113,4.962368967127986,9.717021723627113,4.962368967127986
86205,736442.7546663126,9.717021723627113,4.962368967127986,9.717021723627113,4.962368967127986
86310,736445.4466078234,5.271796740707941,14.265263266861439,15.551646404433995,14.265263266861439
86411,736446.7019615702,5.271796740707941,14.265263266861439,15.551646404433995,14.265263266861439
86461,736447.4914611196,7.316650036955252,5.271796740707941,7.316650036955252,6.935828611254692
86503,736448.3912684021,5.271796740707941,5.271796740707941,17.209923845599405,14.265263266861439
86505,736448.3931699167,5.271796740707941,5.271796740707941,17.209923845599405,14.265263266861439
86577,736449.8439159422,7.316650036955252,7.316650036955252,9.211748746805824,7.316650036955252
86587,736450.1064885663,7.316650036955252,7.316650036955252,9.211748746805824,7.316650036955252
86690,736452.1868877016,7.316650036955252,5.271796740707941,9.717021723627113,6.935828611254692
86722,736452.748121311,5.271796740707941,7.316650036955252,17.373747780686244,7.316650036955252
86735,736453.0113888994,5.271796740707941,7.316650036955252,17.373747780686244,7.316650036955252
86737,736453.0416733748,5.271796740707941,7.316650036955252,17.373747780686244,7.316650036955252
86835,736454.6887224431,5.271796740707941,7.316650036955252,17.373747780686244,7.316650036955252
86858,736455.3413526501,5.271796740707941,7.316650036955252,17.373747780686244,7.316650036955252
86872,736455.5298389825,5.271796740707941,5.271796740707941,5.271796740707941,17.373747780686244
86903,736456.0070090202,5.271796740707941,5.271796740707941,5.271796740707941,17.373747780686244
86936,736456.8171144929,5.271796740707941,5.271796740707941,7.316650036955252,5.271796740707941
86981,736457.6590609616,5.271796740707941,5.271796740707941,7.316650036955252,5.271796740707941
87010,736458.4040822939,5.65596098289825,5.271796740707941,9.209350761841051,7.316650036955252
87025,736458.8119854907,5.65596098289825,5.271796740707941,9.209350761841051,7.316650036955252
87072,736459.9835299482,5.65596098289825,5.271796740707941,9.209350761841051,7.316650036955252
87102,736460.8914842231,5.65596098289825,5.271796740707941,9.209350761841051,7.316650036955252
87340,736467.058445922,5.65596098289825,5.271796740707941,9.209350761841051,7.316650036955252
87357,736467.5327648005,9.128682506619953,10.715650307596661,22.08615697710775,10.715650307596661
87376,736468.1047825807,9.128682506619953,10.715650307596661,22.08615697710775,10.715650307596661
87380,736468.1982527536,9.128682506619953,9.128682506619953,16.011365051963367,9.128682506619953
87445,736470.3820840215,9.128682506619953,9.128682506619953,16.011365051963367,9.128682506619953
87461,736470.8697845849,12.465702290995978,9.794170459732413,12.465702290995978,9.794170459732413
87550,736473.5567323213,12.465702290995978,9.794170459732413,12.465702290995978,9.794170459732413
87554,736473.5975869038,12.465702290995978,9.794170459732413,12.465702290995978,9.794170459732413
87568,736474.2223289666,12.465702290995978,9.794170459732413,12.465702290995978,9.794170459732413
87614,736475.300525995,9.128682506619953,9.128682506619953,9.128682506619953,9.128682506619953
87681,736476.7510027162,9.128682506619953,9.128682506619953,9.128682506619953,9.128682506619953
87799,736480.8957777733,9.128682506619953,9.128682506619953,22.491695479489863,12.465702290995978
87843,736482.8510954143,9.128682506619953,9.128682506619953,9.128682506619953,19.770687012467533
87846,736482.8682994661,9.128682506619953,9.128682506619953,9.128682506619953,19.770687012467533
87917,736484.3835923877,9.128682506619953,9.128682506619953,9.128682506619953,19.770687012467533
87968,736485.9350469727,9.128682506619953,9.128682506619953,9.128682506619953,19.770687012467533
87986,736486.1722589106,9.128682506619953,9.128682506619953,9.128682506619953,19.770687012467533
87999,736486.4052327774,9.128682506619953,11.104706782381982,18.206980023765936,11.104706782381982
88091,736487.9738153875,9.128682506619953,11.104706782381982,18.206980023765936,11.104706782381982
88147,736489.2820873555,9.128682506619953,9.128682506619953,21.749322555027902,18.412302770651877
88160,736489.6877414532,9.128682506619953,9.128682506619953,21.749322555027902,18.412302770651877
88282,736493.9619593289,9.128682506619953,9.128682506619953,21.749322555027902,18.412302770651877
88304,736494.9470456415,14.051267868140712,14.051267868140712,14.051267868140712,14.051267868140712
88326,736495.8790748728,14.051267868140712,14.051267868140712,14.051267868140712,14.051267868140712
88336,736496.1550135624,14.051267868140712,14.051267868140712,14.051267868140712,14.051267868140712
88351,736496.480736277,14.051267868140712,14.051267868140712,14.051267868140712,14.051267868140712
88382,736497.6618780275,9.128682506619953,9.128682506619953,9.128682506619953,21.08383460191544
88390,736498.2192494282,9.128682506619953,9.128682506619953,27.34946484339889,10.025993188493885
88399,736498.5724484586,9.128682506619953,9.128682506619953,9.128682506619953,12.095950227230787
88482,736501.3428934601,9.128682506619953,9.128682506619953,9.128682506619953,12.095950227230787
88536,736503.1056744078,9.128682506619953,9.128682506619953,9.128682506619953,12.095950227230787
88564,736503.882392948,9.128682506619953,9.128682506619953,9.128682506619953,12.095950227230787
88683,736509.0385553177,9.128682506619953,9.128682506619953,9.128682506619953,12.095950227230787
88719,736510.0396047777,11.467156319064088,11.467156319064088,14.051267868140712,11.467156319064088
88720,736510.0540690928,11.467156319064088,11.467156319064088,14.051267868140712,11.467156319064088
88729,736510.3829276747,12.163678246433847,11.820355349453166,12.163678246433847,11.820355349453166
88738,736510.7070188278,12.163678246433847,11.820355349453166,12.163678246433847,11.820355349453166
88749,736511.2657459968,12.163678246433847,11.820355349453166,12.163678246433847,11.820355349453166
88774,736512.1397826882,11.467156319064088,11.467156319064088,15.09255913621746,11.467156319064088
88791,736512.9639626238,11.467156319064088,11.467156319064088,15.09255913621746,11.467156319064088
88818,736514.428647577,11.467156319064088,11.467156319064088,12.163678246433847,11.820355349453166
88819,736514.4292483274,11.467156319064088,11.467156319064088,12.163678246433847,11.820355349453166
88831,736514.7895584878,11.467156319064088,11.467156319064088,11.467156319064088,28.384325710474513
88835,736515.0352045733,11.467156319064088,11.467156319064088,11.467156319064088,28.384325710474513
88861,736515.9391275949,11.467156319064088,11.467156319064088,12.163678246433847,11.820355349453166
88891,736517.054936807,11.467156319064088,11.467156319064088,16.2093981486978,12.163678246433847
88895,736517.130847869,11.467156319064088,11.467156319064088,16.2093981486978,12.163678246433847
88898,736517.3837417592,11.467156319064088,11.467156319064088,16.2093981486978,12.163678246433847
88908,736517.619385023,11.467156319064088,11.467156319064088,19.164492330979556,12.163678246433847
88967,736520.0908094575,11.467156319064088,11.467156319064088,22.428931429982185,19.95750699553173
89009,736521.4639314775,11.467156319064088,11.467156319064088,11.467156319064088,12.163678246433847
89021,736521.8137933289,11.467156319064088,11.467156319064088,11.467156319064088,11.467156319064088
89026,736521.9533529107,11.467156319064088,11.467156319064088,11.467156319064088,11.467156319064088
89039,736522.5078261271,12.46822134940885,11.467156319064088,12.46822134940885,11.467156319064088
89043,736522.7212418765,11.467156319064088,11.467156319064088,11.467156319064088,11.467156319064088
89050,736523.1675381766,11.467156319064088,11.467156319064088,12.163678246433847,11.820355349453166
89105,736524.9425618487,11.467156319064088,11.467156319064088,11.467156319064088,11.467156319064088
89111,736525.1752902973,12.802779160439968,11.467156319064088,12.802779160439968,11.467156319064088
89112,736525.1756720291,12.802779160439968,11.467156319064088,12.802779160439968,11.467156319064088
89123,736525.5204627361,12.802779160439968,11.467156319064088,12.802779160439968,11.467156319064088
89125,736525.560331676,12.802779160439968,11.467156319064088,12.802779160439968,11.467156319064088
89132,736525.7554356907,12.802779160439968,11.467156319064088,12.802779160439968,11.467156319064088
89138,736525.9882629773,12.802779160439968,11.467156319064088,12.802779160439968,11.467156319064088
89145,736526.1254452915,12.802779160439968,11.467156319064088,12.802779160439968,11.467156319064088
89170,736527.1424619737,12.802779160439968,11.467156319064088,12.802779160439968,11.467156319064088
89172,736527.1619856302,11.467156319064088,3.8445464544929564,12.163678246433847,11.820355349453166
89258,736530.7100049923,11.467156319064088,3.8445464544929564,12.163678246433847,11.820355349453166
89264,736530.9996887255,11.467156319064088,3.8445464544929564,11.467156319064088,3.8445464544929564
89267,736531.0617183,11.467156319064088,3.8445464544929564,11.467156319064088,3.8445464544929564
89270,736531.0781621075,11.467156319064088,3.8445464544929564,11.467156319064088,3.8445464544929564
89271,736531.0844113867,11.467156319064088,3.8445464544929564,11.467156319064088,3.8445464544929564
89272,736531.0882375385,11.467156319064088,3.8445464544929564,11.467156319064088,3.8445464544929564
89274,736531.1402654202,5.38482972944621,5.38482972944621,12.46822134940885,11.467156319064088
89283,736531.3896900871,5.38482972944621,5.38482972944621,12.46822134940885,11.467156319064088
89284,736531.427248794,5.38482972944621,5.38482972944621,12.46822134940885,11.467156319064088
89285,736531.4279774594,5.38482972944621,5.38482972944621,12.46822134940885,11.467156319064088
89287,736531.4495728661,5.38482972944621,5.38482972944621,12.46822134940885,11.467156319064088
89290,736531.5049262152,5.38482972944621,5.38482972944621,12.46822134940885,11.467156319064088
89297,736531.618806706,11.467156319064088,3.8377030952833593,11.467156319064088,3.8377030952833593
89300,736531.633205841,5.54815315362066,3.8445464544929564,11.467156319064088,3.8445464544929564
89301,736531.634466834,5.54815315362066,3.8445464544929564,11.467156319064088,3.8445464544929564
89304,736531.6390862837,5.54815315362066,3.8445464544929564,11.467156319064088,3.8445464544929564
89305,736531.6594342384,5.54815315362066,3.8445464544929564,5.54815315362066,3.8445464544929564
89306,736531.6601880488,5.54815315362066,3.8377030952833593,5.54815315362066,3.8377030952833593
89307,736531.6615943122,5.54815315362066,3.8445464544929564,5.54815315362066,3.8445464544929564
89310,736531.7738507763,3.8377030952833593,4.1944083059206605,7.228410581708886,4.1944083059206605
89312,736531.7771046906,3.8377030952833593,4.1944083059206605,7.228410581708886,4.1944083059206605
89314,736531.7862564953,3.8377030952833593,4.1944083059206605,7.228410581708886,4.1944083059206605
89316,736531.8166269195,3.8377030952833593,4.1944083059206605,7.228410581708886,4.1944083059206605
89317,736531.8202881927,3.8377030952833593,4.1944083059206605,7.228410581708886,4.1944083059206605
89320,736532.0520941163,13.380303702433594,3.994447453529574,13.380303702433594,3.994447453529574
89332,736532.4729395615,5.54815315362066,3.8377030952833593,5.54815315362066,3.8377030952833593
89335,736532.5860459295,5.54815315362066,3.8377030952833593,5.54815315362066,3.8377030952833593
89336,736532.5920842444,5.54815315362066,3.8445464544929564,5.54815315362066,3.8445464544929564
89337,736532.598546194,5.54815315362066,3.8445464544929564,5.54815315362066,3.8445464544929564
89338,736532.6044601053,5.54815315362066,3.8377030952833593,5.54815315362066,3.8377030952833593
89339,736532.6830609036,3.994447453529574,3.8377030952833593,5.54815315362066,3.8445464544929564
89341,736532.7815807697,3.994447453529574,3.8377030952833593,5.54815315362066,3.8377030952833593
89342,736532.9424849227,3.994447453529574,3.8377030952833593,5.54815315362066,3.8377030952833593
89345,736532.9983769623,3.994447453529574,3.8377030952833593,5.54815315362066,3.8445464544929564
89346,736533.0011258114,3.994447453529574,3.8377030952833593,5.54815315362066,3.8445464544929564
89347,736533.0065926781,3.994447453529574,3.8377030952833593,5.54815315362066,3.8445464544929564
89348,736533.0086325315,3.994447453529574,3.8377030952833593,5.54815315362066,3.8445464544929564
89349,736533.0125118606,3.994447453529574,3.8377030952833593,5.54815315362066,3.8445464544929564
89351,736533.0299207296,3.994447453529574,3.8377030952833593,5.54815315362066,3.8445464544929564
89353,736533.1137098613,3.994447453529574,3.8377030952833593,5.54815315362066,3.8445464544929564
89357,736533.2663576276,3.994447453529574,3.8377030952833593,5.54815315362066,3.8445464544929564
89358,736533.2691174197,3.994447453529574,3.8377030952833593,5.54815315362066,3.8445464544929564
89359,736533.269632341,3.994447453529574,3.8377030952833593,5.54815315362066,3.8445464544929564
89364,736533.3798431634,3.994447453529574,3.8377030952833593,5.54815315362066,3.8445464544929564
89365,736533.3806583483,3.994447453529574,3.8377030952833593,5.54815315362066,3.8445464544929564
89366,736533.4031910516,3.994447453529574,3.8377030952833593,5.54815315362066,3.8445464544929564
89367,736533.4459941807,3.994447453529574,3.8377030952833593,5.54815315362066,3.8377030952833593
89369,736533.4746987019,3.994447453529574,3.8377030952833593,5.54815315362066,3.8377030952833593
89372,736533.5196498061,3.994447453529574,3.8377030952833593,5.54815315362066,3.8445464544929564
89375,736533.5532155291,3.994447453529574,3.8377030952833593,5.54815315362066,3.8445464544929564
89376,736533.5549945682,3.994447453529574,3.8377030952833593,5.54815315362066,3.8445464544929564
89378,736533.6671741942,3.994447453529574,3.8377030952833593,5.54815315362066,3.8445464544929564
89380,736533.7264737037,3.994447453529574,3.8377030952833593,5.54815315362066,3.8445464544929564
89381,736533.7540036256,3.994447453529574,3.8377030952833593,5.54815315362066,3.8445464544929564
89382,736533.7699374128,3.8377030952833593,3.8377030952833593,9.77824387094006,3.8445464544929564
89388,736533.92646471,3.994447453529574,3.8377030952833593,5.54815315362066,3.8445464544929564
89391,736533.9425645863,3.994447453529574,3.8377030952833593,5.54815315362066,3.8445464544929564
89396,736534.0326512572,3.994447453529574,3.8377030952833593,5.54815315362066,3.8445464544929564
89398,736534.074759683,3.994447453529574,3.8377030952833593,5.54815315362066,3.8445464544929564
89400,736534.1567671583,3.994447453529574,3.8377030952833593,5.54815315362066,3.8445464544929564
89401,736534.1657942403,14.074984782841057,11.467156319064088,14.074984782841057,11.467156319064088
89404,736534.2697452123,3.994447453529574,3.8377030952833593,5.54815315362066,3.8377030952833593
89418,736534.626982807,3.994447453529574,3.8377030952833593,5.54815315362066,3.8445464544929564
89419,736534.6359431725,3.994447453529574,3.8377030952833593,5.54815315362066,3.8377030952833593
89421,736534.6427831699,3.994447453529574,3.8377030952833593,5.54815315362066,3.8445464544929564
89428,736534.9419454143,3.994447453529574,3.8377030952833593,5.54815315362066,3.8445464544929564
89433,736535.0968168818,3.994447453529574,3.8377030952833593,5.54815315362066,3.8445464544929564
89434,736535.1026384982,3.994447453529574,3.8377030952833593,5.54815315362066,3.8445464544929564
89437,736535.1953372092,3.994447453529574,3.8377030952833593,5.54815315362066,3.8445464544929564
89438,736535.1982296938,3.994447453529574,3.8377030952833593,5.54815315362066,3.8445464544929564
89450,736535.3795719789,3.994447453529574,3.8377030952833593,5.54815315362066,3.8445464544929564
89464,736535.7508388509,3.994447453529574,3.8377030952833593,5.54815315362066,3.8377030952833593
89465,736535.9661542462,3.994447453529574,3.8377030952833593,5.54815315362066,3.8445464544929564
89473,736536.2429413312,3.994447453529574,3.8377030952833593,5.54815315362066,3.8445464544929564
89481,736536.386557448,2.616620035143569,5.698054152657278,16.386195653583854,5.698054152657278
89496,736536.879125895,3.994447453529574,3.8377030952833593,5.54815315362066,3.8445464544929564
89535,736537.9893088602,3.994447453529574,3.8377030952833593,5.54815315362066,3.8445464544929564
89539,736538.065074721,3.994447453529574,3.8377030952833593,5.54815315362066,3.8445464544929564
89541,736538.2624402998,3.8377030952833593,3.8377030952833593,5.54815315362066,3.8445464544929564
89543,736538.2784995637,3.8377030952833593,3.8377030952833593,5.54815315362066,3.8377030952833593
89561,736538.8617705797,3.8377030952833593,3.8377030952833593,5.54815315362066,3.8445464544929564
89564,736539.1632053533,3.8377030952833593,3.8377030952833593,5.54815315362066,3.8445464544929564
89584,736539.9971800576,3.8377030952833593,3.8377030952833593,5.54815315362066,3.8445464544929564
89607,736541.1524755289,3.8377030952833593,3.8377030952833593,5.54815315362066,3.8445464544929564
89661,736542.9454125544,3.8377030952833593,3.8377030952833593,5.54815315362066,3.8445464544929564
89667,736543.1489054929,3.8377030952833593,3.8377030952833593,5.54815315362066,3.8445464544929564
89669,736543.1719097913,3.8377030952833593,3.8377030952833593,5.54815315362066,3.8445464544929564
89700,736544.4867473473,5.6249767675763,5.6249767675763,18.731311656534672,5.6249767675763
89740,736546.3920555343,5.6249767675763,5.6249767675763,18.731311656534672,5.6249767675763
89741,736546.3940687936,7.532298213918693,5.6249767675763,7.532298213918693,5.6249767675763
89742,736546.4012959917,7.532298213918693,5.6249767675763,7.532298213918693,5.6249767675763
89754,736546.8764807603,7.532298213918693,5.6249767675763,7.532298213918693,5.6249767675763
89762,736547.2235102421,5.6249767675763,5.6249767675763,15.403222049353644,5.6249767675763
89764,736547.3531436219,5.6249767675763,5.6249767675763,15.403222049353644,5.6249767675763
89766,736547.3874971789,5.6249767675763,5.6249767675763,15.403222049353644,5.6249767675763
89769,736547.440625756,7.532298213918693,5.6249767675763,7.532298213918693,5.6249767675763
89774,736547.675535104,7.532298213918693,5.6249767675763,7.532298213918693,5.6249767675763
89776,736547.7327140614,7.532298213918693,5.6249767675763,7.532298213918693,5.6249767675763
89846,736550.0932324639,5.6249767675763,5.6249767675763,18.952967043733224,15.403222049353644
89848,736550.0957442175,5.6249767675763,5.6249767675763,18.952967043733224,15.403222049353644
89866,736550.4930347695,5.6249767675763,5.6249767675763,19.352769349352457,12.666459154570475
89877,736550.9711162201,7.532298213918693,5.6249767675763,7.532298213918693,5.6249767675763
89891,736551.4562926443,7.532298213918693,5.6249767675763,7.532298213918693,5.6249767675763
89892,736551.4609856658,7.532298213918693,5.6249767675763,7.532298213918693,5.6249767675763
89893,736551.4611946797,7.532298213918693,5.6249767675763,7.532298213918693,5.6249767675763
89898,736551.6488433549,7.532298213918693,5.6249767675763,7.532298213918693,5.6249767675763
89903,736551.9612821264,7.532298213918693,5.6249767675763,7.532298213918693,5.6249767675763
89906,736552.0374282054,7.532298213918693,5.6249767675763,7.532298213918693,5.6249767675763
89928,736553.0215513845,7.532298213918693,5.6249767675763,7.532298213918693,5.6249767675763
89944,736553.4869733127,7.532298213918693,5.6249767675763,7.532298213918693,5.6249767675763
89991,736556.4515481262,5.6249767675763,5.6249767675763,7.532298213918693,5.6249767675763
89994,736556.6005075778,5.6249767675763,5.6249767675763,7.532298213918693,5.6249767675763
90001,736556.9021778416,5.6249767675763,5.6249767675763,7.532298213918693,5.6249767675763
90002,736556.9768927252,5.6249767675763,5.6249767675763,7.532298213918693,5.6249767675763
90038,736558.5567108204,5.6249767675763,5.6249767675763,7.532298213918693,5.6249767675763
90046,736558.7681398918,8.275105122243986,8.275105122243986,19.352769349352457,12.666459154570475
90129,736561.7067146968,8.275105122243986,8.275105122243986,19.352769349352457,12.666459154570475
90130,736561.7100454981,8.275105122243986,8.275105122243986,19.352769349352457,12.666459154570475
90145,736562.4954129651,5.6249767675763,5.6249767675763,7.532298213918693,5.6249767675763
90146,736562.5021582837,5.6249767675763,5.6249767675763,7.532298213918693,5.6249767675763
90247,736565.6858197935,5.6249767675763,8.783641951857135,5.6249767675763,8.783641951857135
90252,736566.0291191844,5.6249767675763,8.783641951857135,5.6249767675763,8.783641951857135
90271,736567.004606243,8.236466351198032,8.236466351198032,8.275105122243986,8.275105122243986
90274,736567.0567893562,8.236466351198032,8.236466351198032,8.275105122243986,8.275105122243986
90298,736568.2207161903,5.718557906569913,5.718557906569913,7.532298213918693,5.718557906569913
90307,736568.6487473024,5.718557906569913,5.718557906569913,7.532298213918693,5.718557906569913
90308,736568.7014437177,5.718557906569913,5.718557906569913,7.532298213918693,5.718557906569913
90313,736568.7979365704,5.718557906569913,5.718557906569913,7.532298213918693,5.718557906569913
90340,736569.87474297,5.718557906569913,5.718557906569913,7.532298213918693,5.718557906569913
90345,736570.0908091071,5.718557906569913,5.718557906569913,7.532298213918693,5.718557906569913
90361,736570.7018004595,5.718557906569913,5.718557906569913,7.532298213918693,5.718557906569913
90371,736571.128358066,3.72727307328023,6.043864838895388,26.641610718681477,9.228037884109654
90433,736573.0358422975,3.72727307328023,6.043864838895388,26.641610718681477,9.228037884109654
90447,736573.2864838976,7.600664104102179,7.600664104102179,7.600664104102179,7.600664104102179
90460,736573.6989127132,3.72727307328023,4.900976142846048,3.72727307328023,5.593235123436898
90466,736573.7732888788,5.718557906569913,5.718557906569913,5.718557906569913,5.718557906569913
90472,736574.3568239529,7.600664104102179,4.488547327229753,7.600664104102179,8.783641951857135
90498,736575.9057967131,7.600664104102179,4.488547327229753,7.600664104102179,8.783641951857135
90515,736576.6961068588,7.600664104102179,4.488547327229753,7.600664104102179,8.783641951857135
90521,736577.1037042324,7.600664104102179,4.488547327229753,7.600664104102179,8.783641951857135
90580,736580.1041091786,7.600664104102179,4.488547327229753,7.600664104102179,8.783641951857135
90583,736580.2603650658,5.903541112900712,6.4870761869242415,21.492225173977204,6.4870761869242415
90669,736583.6599951778,5.903541112900712,6.4870761869242415,21.492225173977204,6.4870761869242415
90674,736584.0200608515,5.903541112900712,6.4870761869242415,21.492225173977204,6.4870761869242415
90768,736587.1075575147,5.903541112900712,6.4870761869242415,21.492225173977204,6.4870761869242415
90786,736587.8323290587,14.059040179825388,7.571963992901146,14.059040179825388,7.571963992901146
90816,736588.8837080221,8.623342956299894,7.571963992901146,8.623342956299894,7.571963992901146
90844,736589.9525260375,8.623342956299894,7.571963992901146,8.623342956299894,7.571963992901146
90878,736591.3617660737,7.571963992901146,7.571963992901146,14.059040179825388,7.571963992901146
90938,736593.8417799555,7.571963992901146,7.571963992901146,14.059040179825388,7.571963992901146
91086,736600.5283611461,7.571963992901146,7.571963992901146,14.059040179825388,7.571963992901146
91098,736601.367498431,12.48379040893633,12.48379040893633,12.48379040893633,12.48379040893633
91135,736602.4285229068,11.066756833111867,10.005732357269153,14.059040179825388,10.005732357269153
91136,736602.4302722516,11.066756833111867,10.005732357269153,14.059040179825388,10.005732357269153
91153,736603.051666217,10.005732357269153,10.005732357269153,28.69484226417262,28.69484226417262
91155,736603.191377241,10.005732357269153,10.005732357269153,28.69484226417262,15.219337158370763
91283,736608.6497220247,10.005732357269153,10.005732357269153,11.066756833111867,10.005732357269153
91286,736608.7415245904,10.005732357269153,10.005732357269153,10.005732357269153,10.005732357269153
91287,736608.742176761,10.005732357269153,10.005732357269153,10.005732357269153,10.005732357269153
91319,736610.6766023437,10.005732357269153,10.005732357269153,10.005732357269153,10.005732357269153
91320,736610.6816192965,10.005732357269153,10.005732357269153,10.005732357269153,10.005732357269153
91321,736610.7160353315,10.005732357269153,10.005732357269153,10.005732357269153,10.005732357269153
91322,736610.7178453509,10.005732357269153,10.005732357269153,10.005732357269153,10.005732357269153
91323,736610.7211747511,10.005732357269153,10.005732357269153,10.005732357269153,10.005732357269153
91325,736610.7482080461,10.005732357269153,10.005732357269153,10.005732357269153,10.005732357269153
91326,736610.764366411,10.005732357269153,10.005732357269153,10.005732357269153,10.005732357269153
91327,736610.7649157089,10.005732357269153,10.005732357269153,10.005732357269153,10.005732357269153
91334,736610.8755126395,10.005732357269153,10.005732357269153,12.48379040893633,10.005732357269153
91426,736615.0220728782,10.005732357269153,10.005732357269153,10.005732357269153,23.6603068044642
91447,736615.4999280784,10.005732357269153,13.069655826780945,10.005732357269153,13.069655826780945
91565,736620.3190132481,11.577488657669164,10.005732357269153,11.577488657669164,10.005732357269153
91568,736620.4385340188,11.577488657669164,10.005732357269153,11.577488657669164,10.005732357269153
91661,736624.3128316766,11.577488657669164,10.005732357269153,11.577488657669164,10.005732357269153
91664,736624.5486469888,10.005732357269153,10.005732357269153,11.577488657669164,10.005732357269153
91680,736625.3987497254,10.005732357269153,10.005732357269153,11.669291223399341,10.005732357269153
91712,736626.8176881145,10.005732357269153,10.005732357269153,11.669291223399341,10.005732357269153
91734,736627.9458284309,10.005732357269153,10.005732357269153,11.669291223399341,10.005732357269153
91752,736628.9088266515,10.005732357269153,10.005732357269153,11.669291223399341,10.005732357269153
91787,736629.8030299932,10.005732357269153,10.005732357269153,11.669291223399341,10.005732357269153
91850,736633.1363246363,10.005732357269153,10.005732357269153,11.577488657669164,10.005732357269153
91893,736634.8296150251,10.005732357269153,10.005732357269153,16.7490277007455,10.005732357269153
91902,736635.3731619627,10.005732357269153,10.005732357269153,16.7490277007455,11.577488657669164
91914,736635.6530322629,10.005732357269153,10.005732357269153,12.697790617472492,10.005732357269153
91915,736635.683083171,10.005732357269153,5.458344783633947,12.697790617472492,10.005732357269153
91969,736637.3853787923,10.005732357269153,5.458344783633947,15.942175474949181,5.458344783633947
92024,736640.1081713797,10.005732357269153,5.458344783633947,15.942175474949181,5.458344783633947
92045,736640.6097530443,10.005732357269153,5.458344783633947,15.942175474949181,5.458344783633947
92077,736641.4061373838,6.883786594145931,5.458344783633947,6.883786594145931,5.458344783633947
92161,736644.5985170908,6.883786594145931,5.458344783633947,6.883786594145931,5.458344783633947
92162,736644.6028176739,5.458344783633947,5.458344783633947,6.883786594145931,5.458344783633947
92171,736645.0719296568,5.458344783633947,5.458344783633947,6.883786594145931,5.458344783633947
92188,736646.1225921417,5.458344783633947,5.190496205352247,5.458344783633947,5.190496205352247
92206,736646.6395309594,5.190496205352247,5.190496205352247,5.190496205352247,22.090883970609866
92215,736647.1674365103,5.190496205352247,8.737213349435478,5.190496205352247,8.737213349435478
92218,736647.3006301812,11.617547010187991,5.190496205352247,11.617547010187991,6.3791540956590325
92223,736647.4202972717,11.617547010187991,5.190496205352247,11.617547010187991,6.3791540956590325
92224,736647.4224569686,5.190496205352247,5.190496205352247,9.439550361363217,5.190496205352247
92230,736647.6121129603,5.458344783633947,5.190496205352247,6.883786594145931,5.190496205352247
92233,736647.6756192764,5.190496205352247,5.190496205352247,5.458344783633947,5.190496205352247
92237,736647.7853836801,10.400004887836985,5.190496205352247,10.400004887836985,6.883786594145931
92271,736648.8587979982,10.400004887836985,5.190496205352247,10.400004887836985,6.883786594145931
92281,736649.163193036,10.400004887836985,5.190496205352247,10.400004887836985,6.883786594145931
92296,736649.6827636502,10.400004887836985,5.190496205352247,10.400004887836985,6.883786594145931
92298,736649.7967743728,10.400004887836985,5.190496205352247,10.400004887836985,6.883786594145931
92299,736649.815712794,10.400004887836985,5.190496205352247,10.400004887836985,6.883786594145931
92300,736649.8351515669,10.400004887836985,5.190496205352247,10.400004887836985,6.883786594145931
92303,736649.9312829381,5.190496205352247,5.190496205352247,6.883786594145931,5.190496205352247
92304,736649.9331846839,5.190496205352247,5.190496205352247,6.883786594145931,5.190496205352247
92306,736649.9447707812,5.190496205352247,5.190496205352247,6.883786594145931,5.190496205352247
92310,736650.1453718771,11.617547010187991,5.190496205352247,11.617547010187991,5.190496205352247
92311,736650.1488295464,11.617547010187991,5.190496205352247,11.617547010187991,6.3791540956590325
92333,736650.7667747336,5.190496205352247,5.190496205352247,6.883786594145931,5.190496205352247
92343,736651.1432199292,5.190496205352247,5.190496205352247,5.190496205352247,10.439508970710449
92361,736651.7305846169,5.190496205352247,5.190496205352247,5.190496205352247,10.439508970710449
92363,736651.852568373,5.190496205352247,5.190496205352247,5.190496205352247,10.439508970710449
92364,736651.8623872211,4.0207585914758965,5.190496205352247,4.0207585914758965,10.439508970710449
92365,736651.8720054963,4.0207585914758965,5.190496205352247,4.0207585914758965,10.439508970710449
92366,736651.8804691005,5.190496205352247,5.190496205352247,5.190496205352247,10.439508970710449
92367,736651.9191863874,5.190496205352247,5.190496205352247,5.190496205352247,10.439508970710449
92390,736653.1344441696,3.196680290158838,6.49491321016103,3.196680290158838,10.956447788397782
92401,736653.4011197438,5.190496205352247,4.0207585914758965,8.737213349435478,5.190496205352247
92403,736653.4345697174,2.145899257971905,6.795038757962175,2.145899257971905,11.266368996701203
92408,736653.5804636354,5.190496205352247,4.0207585914758965,6.883786594145931,5.190496205352247
92409,736653.5882194081,5.190496205352247,4.0207585914758965,6.883786594145931,5.190496205352247
92410,736653.5896205985,5.190496205352247,4.0207585914758965,6.883786594145931,5.190496205352247
92411,736653.5920100054,5.190496205352247,4.0207585914758965,6.883786594145931,5.190496205352247
92412,736653.5952813454,5.190496205352247,4.0207585914758965,6.883786594145931,5.190496205352247
92413,736653.598847433,5.190496205352247,4.0207585914758965,6.883786594145931,5.190496205352247
92420,736653.6777975807,5.190496205352247,4.0207585914758965,6.883786594145931,5.190496205352247
92422,736653.7284802445,5.190496205352247,4.0207585914758965,6.883786594145931,5.190496205352247
92426,736653.9062645815,5.190496205352247,4.0207585914758965,6.883786594145931,5.190496205352247
92429,736654.1189682126,5.190496205352247,4.0207585914758965,6.883786594145931,5.190496205352247
92433,736654.208417735,4.0207585914758965,3.196680290158838,11.617547010187991,5.190496205352247
92435,736654.2506712374,4.0207585914758965,3.196680290158838,11.617547010187991,5.190496205352247
92438,736654.3014470815,4.0207585914758965,3.196680290158838,11.617547010187991,5.190496205352247
92441,736654.3743636251,4.0207585914758965,3.196680290158838,11.617547010187991,5.190496205352247
92442,736654.3752623084,4.0207585914758965,3.196680290158838,4.0207585914758965,5.190496205352247
92448,736654.4563351423,4.0207585914758965,3.196680290158838,4.0207585914758965,5.190496205352247
92450,736654.5175373246,3.196680290158838,3.196680290158838,11.617547010187991,5.190496205352247
92451,736654.6089269678,4.0207585914758965,3.196680290158838,11.617547010187991,5.190496205352247
92452,736654.6098478021,4.0207585914758965,3.196680290158838,4.0207585914758965,5.190496205352247
92453,736654.6104022472,4.0207585914758965,3.196680290158838,4.0207585914758965,5.190496205352247
92454,736654.6147278058,2.145899257971905,6.49491321016103,2.145899257971905,10.98649869649671
92458,736654.8626915345,5.190496205352247,3.196680290158838,6.883786594145931,5.190496205352247
92466,736654.9936307685,4.0207585914758965,3.196680290158838,10.439508970710449,5.190496205352247
92471,736655.1069413294,3.196680290158838,2.844741695909761,3.196680290158838,11.48435333929956
92488,736655.6805495307,3.196680290158838,2.844741695909761,3.196680290158838,11.48435333929956
92496,736656.0609481996,3.196680290158838,2.844741695909761,3.196680290158838,11.48435333929956
92509,736656.4987483463,5.7319736127974465,2.255663661751896,5.7319736127974465,5.190496205352247
92510,736656.4996637667,5.7319736127974465,2.255663661751896,5.7319736127974465,5.190496205352247
92513,736656.5240831461,5.7319736127974465,2.145899257971905,5.7319736127974465,5.190496205352247
92514,736656.5411469316,5.7319736127974465,2.255663661751896,5.7319736127974465,5.190496205352247
92518,736656.5775334246,4.0207585914758965,2.145899257971905,5.190496205352247,5.190496205352247
92524,736656.6722383343,4.0207585914758965,2.6343450102722272,6.883786594145931,5.190496205352247
92526,736656.6921736173,4.0207585914758965,2.255663661751896,5.723054212750867,5.190496205352247
92527,736656.6947463852,4.0207585914758965,2.255663661751896,5.723054212750867,5.190496205352247
92528,736656.7035856612,5.7319736127974465,2.255663661751896,5.7319736127974465,5.190496205352247
92529,736656.7281941244,5.7319736127974465,2.255663661751896,5.7319736127974465,5.190496205352247
92530,736656.749142252,5.7319736127974465,2.255663661751896,5.7319736127974465,5.190496205352247
92531,736656.7843241763,2.813688901835121,2.145899257971905,5.723054212750867,5.190496205352247
92532,736656.8155350983,5.7319736127974465,2.255663661751896,5.7319736127974465,5.190496205352247
92534,736656.8703892636,5.6157360636861995,2.6343450102722272,8.737213349435478,5.190496205352247
92535,736656.9509405926,5.6157360636861995,2.6343450102722272,8.737213349435478,5.190496205352247
92537,736657.0041214902,5.6157360636861995,2.6343450102722272,8.737213349435478,5.190496205352247
92539,736657.05940571,2.813688901835121,2.145899257971905,5.723054212750867,5.190496205352247
92541,736657.0598623918,5.7319736127974465,2.255663661751896,5.7319736127974465,5.190496205352247
92545,736657.1611974831,2.813688901835121,2.145899257971905,5.723054212750867,5.190496205352247
92548,736657.2355147646,2.813688901835121,2.145899257971905,5.723054212750867,5.190496205352247
92551,736657.3135263778,2.813688901835121,2.145899257971905,5.723054212750867,5.190496205352247
92552,736657.3280480033,2.9105289382860065,2.145899257971905,5.723054212750867,5.190496205352247
92553,736657.3625864736,2.9105289382860065,2.145899257971905,5.723054212750867,5.190496205352247
92556,736657.3675229222,2.813688901835121,2.255663661751896,5.723054212750867,5.190496205352247
92561,736657.379121097,5.7319736127974465,2.145899257971905,5.7319736127974465,5.190496205352247
92562,736657.3811849335,5.7319736127974465,2.255663661751896,5.7319736127974465,5.190496205352247
92563,736657.383252799,2.9105289382860065,2.255663661751896,5.723054212750867,5.190496205352247
92564,736657.3880449024,5.7319736127974465,2.255663661751896,5.7319736127974465,5.190496205352247
92565,736657.4051180107,5.7319736127974465,2.255663661751896,5.7319736127974465,5.190496205352247
92568,736657.4451868767,5.7319736127974465,2.255663661751896,5.7319736127974465,5.190496205352247
92572,736657.5110212789,5.7319736127974465,2.255663661751896,5.7319736127974465,5.190496205352247
92573,736657.521359287,5.7319736127974465,2.255663661751896,5.7319736127974465,5.190496205352247
92595,736658.1650618791,3.171431110589765,2.255663661751896,11.617547010187991,4.0207585914758965
92613,736658.7309524496,5.7319736127974465,2.255663661751896,5.7319736127974465,4.0207585914758965
92617,736658.842136782,5.7319736127974465,2.255663661751896,5.7319736127974465,4.0207585914758965
92618,736658.8614703115,5.7319736127974465,2.145899257971905,5.7319736127974465,4.0207585914758965
92622,736658.966935078,5.7319736127974465,2.255663661751896,5.7319736127974465,4.0207585914758965
92623,736658.9764900579,11.809053547563963,3.2522901974152774,11.809053547563963,9.78205771802459
92626,736659.1806328432,4.0207585914758965,2.6343450102722272,5.190496205352247,4.0207585914758965
92684,736661.0188421181,5.7319736127974465,2.255663661751896,5.7319736127974465,4.0207585914758965
92685,736661.0194918804,2.813688901835121,2.145899257971905,5.723054212750867,4.0207585914758965
92686,736661.0210001416,5.7319736127974465,2.255663661751896,5.7319736127974465,4.0207585914758965
92689,736661.0457730772,2.813688901835121,2.145899257971905,5.723054212750867,4.0207585914758965
92690,736661.0553200478,5.7319736127974465,2.255663661751896,5.7319736127974465,4.0207585914758965
92691,736661.0581524951,2.813688901835121,2.145899257971905,5.723054212750867,4.0207585914758965
92692,736661.0818778758,5.7319736127974465,2.255663661751896,5.7319736127974465,4.0207585914758965
92694,736661.0979614796,5.7319736127974465,2.145899257971905,5.7319736127974465,4.0207585914758965
92695,736661.1068285073,5.7319736127974465,2.145899257971905,5.7319736127974465,4.0207585914758965
92696,736661.1071579951,5.7319736127974465,2.145899257971905,5.7319736127974465,4.0207585914758965
92697,736661.1134535519,2.813688901835121,2.145899257971905,5.723054212750867,4.0207585914758965
92704,736661.3242095201,5.7319736127974465,2.255663661751896,5.7319736127974465,4.0207585914758965
92709,736661.4302636721,5.7319736127974465,2.255663661751896,5.7319736127974465,4.0207585914758965
92716,736661.6505828011,2.813688901835121,2.6343450102722272,6.032975421054289,4.0207585914758965
92718,736661.7396636135,2.813688901835121,2.6343450102722272,6.032975421054289,4.0207585914758965
92722,736662.1291395065,7.5144117006566375,6.709481714293361,7.5144117006566375,13.503206323133782
92723,736662.1298008509,7.5144117006566375,6.709481714293361,7.5144117006566375,13.503206323133782
92724,736662.1315986471,7.5144117006566375,6.709481714293361,7.5144117006566375,13.503206323133782
92726,736662.3381018403,7.5144117006566375,6.709481714293361,7.5144117006566375,13.503206323133782
92728,736662.5263809053,7.5144117006566375,7.5144117006566375,7.5144117006566375,13.503206323133782
92730,736662.799788578,7.5144117006566375,7.5144117006566375,7.5144117006566375,13.503206323133782
92759,736663.9044059365,7.5144117006566375,7.5144117006566375,7.5144117006566375,13.503206323133782
92791,736665.0432720908,2.5168911855435,2.5168911855435,2.5168911855435,11.617547010187991
92800,736665.2377072998,7.072645420674235,3.913497779634781,7.072645420674235,4.0207585914758965
92810,736665.4085734315,8.062363393022679,3.7579906304599717,8.062363393022679,4.0207585914758965
92820,736665.7886053589,8.062363393022679,3.7579906304599717,8.062363393022679,4.0207585914758965
92822,736665.8114013899,8.062363393022679,3.7579906304599717,8.062363393022679,4.0207585914758965
92824,736665.9281391812,4.277556380140595,3.58712449867744,4.277556380140595,4.0207585914758965
92842,736666.9769983668,7.5144117006566375,4.783062588539906,7.5144117006566375,6.49491321016103
92848,736667.1929340076,3.7579906304599717,3.7579906304599717,3.7579906304599717,3.7579906304599717
92854,736667.4168388161,3.7579906304599717,3.7579906304599717,3.7579906304599717,3.7579906304599717
92859,736667.5642487953,7.072645420674235,3.913497779634781,7.072645420674235,3.913497779634781
92881,736668.3418516555,8.21601308370009,3.7579906304599717,8.21601308370009,3.7579906304599717
92889,736668.4009292887,7.072645420674235,3.58712449867744,7.072645420674235,3.58712449867744
92891,736668.4098800025,7.072645420674235,3.58712449867744,7.072645420674235,3.58712449867744
92906,736669.1749907831,7.072645420674235,3.58712449867744,7.072645420674235,3.58712449867744
92909,736669.3720042554,7.072645420674235,3.58712449867744,7.072645420674235,3.58712449867744
92911,736669.3846104707,4.277556380140595,3.58712449867744,4.277556380140595,3.58712449867744
92912,736669.3860146528,3.7579906304599717,3.58712449867744,3.7579906304599717,3.58712449867744
92913,736669.3933906598,3.7579906304599717,3.58712449867744,3.7579906304599717,3.58712449867744
92914,736669.4106631156,3.7579906304599717,3.58712449867744,3.7579906304599717,3.58712449867744
92916,736669.442652208,4.277556380140595,3.58712449867744,4.277556380140595,3.58712449867744
92922,736669.7227241506,4.277556380140595,3.58712449867744,4.277556380140595,3.58712449867744
92923,736669.7243117247,3.7579906304599717,3.58712449867744,3.7579906304599717,3.58712449867744
92945,736671.1887713127,4.277556380140595,3.58712449867744,4.277556380140595,3.58712449867744
92946,736671.2063333199,4.277556380140595,3.58712449867744,4.277556380140595,3.58712449867744
92948,736671.2196212906,4.277556380140595,3.58712449867744,4.277556380140595,3.58712449867744
92952,736671.2590278322,4.277556380140595,3.58712449867744,4.277556380140595,3.58712449867744
92953,736671.2605574953,4.277556380140595,3.58712449867744,4.277556380140595,3.58712449867744
92956,736671.3026014729,4.109667465323582,3.7579906304599717,13.758364290231839,8.21601308370009
92957,736671.303490292,4.277556380140595,3.58712449867744,4.277556380140595,3.58712449867744
92964,736671.3858041229,4.277556380140595,3.58712449867744,4.277556380140595,3.58712449867744
92967,736671.4097777467,4.277556380140595,3.58712449867744,4.277556380140595,3.58712449867744
92970,736671.5147286803,4.277556380140595,3.58712449867744,4.277556380140595,3.58712449867744
92980,736672.0980559239,4.277556380140595,3.58712449867744,4.277556380140595,3.58712449867744
93010,736672.5731707116,1.464459588052705,6.05707445659209,24.787787031498738,6.05707445659209
93017,736673.0654163036,1.464459588052705,6.05707445659209,24.787787031498738,6.05707445659209
93020,736673.1729679968,1.464459588052705,6.05707445659209,24.787787031498738,6.05707445659209
93022,736673.3010524359,1.464459588052705,6.05707445659209,24.787787031498738,6.05707445659209
93063,736675.0023696773,4.277556380140595,3.58712449867744,4.277556380140595,3.58712449867744
93070,736675.2934648121,4.277556380140595,3.58712449867744,4.277556380140595,3.58712449867744
93074,736675.3524691676,4.277556380140595,3.58712449867744,4.277556380140595,3.58712449867744
93082,736675.4792859817,7.0694059792440385,7.0694059792440385,7.072645420674235,7.0694059792440385
93083,736675.5432825444,10.500010453513823,7.0694059792440385,13.124085703399032,7.0694059792440385
93088,736675.5750807096,4.277556380140595,3.58712449867744,4.277556380140595,3.58712449867744
93089,736675.7611827701,4.277556380140595,3.58712449867744,4.277556380140595,3.58712449867744
93090,736675.8323519767,4.277556380140595,3.58712449867744,4.277556380140595,3.58712449867744
93097,736676.2620367485,4.277556380140595,3.58712449867744,4.277556380140595,3.58712449867744
93112,736676.5996626377,4.277556380140595,3.58712449867744,4.277556380140595,3.58712449867744
93117,736676.640838644,4.277556380140595,3.58712449867744,4.277556380140595,3.58712449867744
93120,736676.6864253135,4.277556380140595,3.58712449867744,4.277556380140595,3.58712449867744
93129,736677.1533388586,3.4876409970456734,2.4291989656630903,4.277556380140595,3.58712449867744
93133,736677.2530322876,3.4876409970456734,2.4291989656630903,4.277556380140595,3.58712449867744
93147,736677.5390467908,3.4876409970456734,2.4291989656630903,4.277556380140595,3.58712449867744
93150,736677.621181732,3.4876409970456734,2.4291989656630903,4.277556380140595,3.58712449867744
93153,736677.713082032,3.4876409970456734,2.4291989656630903,4.277556380140595,3.58712449867744
93162,736677.938918942,3.4876409970456734,2.4291989656630903,4.277556380140595,3.58712449867744
93164,736677.97619792,3.4876409970456734,2.4291989656630903,4.277556380140595,3.58712449867744
93204,736678.8435793854,3.4876409970456734,2.4291989656630903,4.277556380140595,3.58712449867744
93206,736678.8717825643,3.4876409970456734,2.4291989656630903,4.277556380140595,3.58712449867744
93207,736678.9094647306,3.4876409970456734,2.4291989656630903,4.277556380140595,3.58712449867744
93243,736679.6407908335,3.4876409970456734,2.4291989656630903,4.277556380140595,3.58712449867744
93250,736679.7671394559,3.4876409970456734,2.4291989656630903,4.277556380140595,3.58712449867744
93252,736679.9395849196,3.4876409970456734,2.4291989656630903,4.277556380140595,3.58712449867744
93253,736679.9621223322,3.4876409970456734,2.4291989656630903,4.277556380140595,3.58712449867744
93261,736680.047979642,3.4876409970456734,2.4291989656630903,4.277556380140595,3.58712449867744
93264,736680.1300378882,3.4876409970456734,2.4291989656630903,4.277556380140595,3.58712449867744
93265,736680.1302791379,3.4876409970456734,2.4291989656630903,4.277556380140595,3.58712449867744
93266,736680.1308715509,3.4876409970456734,2.4291989656630903,4.277556380140595,3.58712449867744
93267,736680.1350239025,3.4876409970456734,2.4291989656630903,4.277556380140595,3.58712449867744
93279,736680.541722698,4.998440153663978,7.0694059792440385,10.500010453513823,7.0694059792440385
93289,736680.7647823596,3.4876409970456734,2.4291989656630903,4.277556380140595,3.58712449867744
93320,736681.6172339013,11.892922176630236,3.4876409970456734,11.892922176630236,3.7579906304599717
93335,736682.4152437566,11.892922176630236,3.4876409970456734,11.892922176630236,3.7579906304599717
93342,736682.5147795121,3.4876409970456734,2.4291989656630903,4.277556380140595,3.58712449867744
93411,736685.914052255,5.149269895395264,3.399272742914036,12.008138469536789,3.7579906304599717
93412,736685.9297979983,14.627196525339969,3.4876409970456734,14.627196525339969,3.7579906304599717
93417,736686.1357314774,3.620951965334825,3.399272742914036,4.277556380140595,3.58712449867744
93418,736686.1390632248,3.620951965334825,3.399272742914036,4.277556380140595,3.58712449867744
93419,736686.1477206387,3.620951965334825,3.399272742914036,4.277556380140595,3.58712449867744
93420,736686.1479232465,3.620951965334825,3.399272742914036,4.277556380140595,3.58712449867744
93421,736686.1497959842,3.620951965334825,3.399272742914036,3.7579906304599717,3.58712449867744
93423,736686.1754697906,3.620951965334825,3.399272742914036,3.7579906304599717,3.58712449867744
93425,736686.2269340231,3.620951965334825,3.399272742914036,4.277556380140595,3.58712449867744
93426,736686.2280160934,3.620951965334825,3.399272742914036,4.277556380140595,3.58712449867744
93428,736686.2747718265,3.620951965334825,3.399272742914036,4.277556380140595,3.58712449867744
93432,736686.3873593073,3.620951965334825,3.399272742914036,4.277556380140595,3.58712449867744
93434,736686.4773929503,3.620951965334825,3.399272742914036,4.277556380140595,3.58712449867744
93440,736686.6604800855,3.620951965334825,3.399272742914036,4.277556380140595,3.58712449867744
93442,736686.675566621,3.620951965334825,3.399272742914036,4.277556380140595,3.58712449867744
93443,736686.6821050779,3.620951965334825,3.399272742914036,4.277556380140595,3.58712449867744
93444,736686.6825925709,3.620951965334825,3.399272742914036,4.277556380140595,3.58712449867744
93449,736686.714262537,3.620951965334825,3.399272742914036,4.277556380140595,3.58712449867744
93450,736686.7159231311,3.620951965334825,3.399272742914036,4.277556380140595,3.58712449867744
93451,736686.720579168,3.620951965334825,3.399272742914036,4.277556380140595,3.58712449867744
93453,736686.7386317933,3.620951965334825,3.399272742914036,4.277556380140595,3.58712449867744
93454,736686.7454262614,3.620951965334825,3.399272742914036,4.277556380140595,3.58712449867744
93455,736686.7542926993,3.620951965334825,3.399272742914036,3.7579906304599717,3.58712449867744
93458,736686.908676214,3.620951965334825,3.399272742914036,3.7579906304599717,3.58712449867744
93459,736686.9235051936,3.620951965334825,3.399272742914036,4.277556380140595,3.58712449867744
93460,736686.9783003652,3.620951965334825,3.399272742914036,3.7579906304599717,3.58712449867744
93464,736687.0827439702,3.620951965334825,3.399272742914036,4.277556380140595,3.58712449867744
93466,736687.089371288,3.620951965334825,3.399272742914036,4.277556380140595,3.58712449867744
93467,736687.1793509454,3.620951965334825,3.399272742914036,4.277556380140595,3.58712449867744
93469,736687.2174145861,3.620951965334825,3.399272742914036,4.277556380140595,3.58712449867744
93470,736687.2178375833,3.620951965334825,3.399272742914036,4.277556380140595,3.58712449867744
93471,736687.219447142,3.620951965334825,3.399272742914036,4.277556380140595,3.58712449867744
93472,736687.2217930965,3.620951965334825,3.399272742914036,4.277556380140595,3.58712449867744
93474,736687.224099891,3.620951965334825,3.399272742914036,4.277556380140595,3.58712449867744
93475,736687.2491253476,3.620951965334825,3.399272742914036,4.277556380140595,3.58712449867744
93477,736687.2626716126,3.620951965334825,3.399272742914036,4.277556380140595,3.58712449867744
93478,736687.2703801363,3.620951965334825,3.399272742914036,4.277556380140595,3.58712449867744
93480,736687.2781574199,3.620951965334825,3.399272742914036,4.277556380140595,3.58712449867744
93481,736687.2787221244,3.620951965334825,3.399272742914036,3.7579906304599717,3.58712449867744
93482,736687.2815254271,3.620951965334825,3.399272742914036,4.277556380140595,3.58712449867744
93483,736687.2825325935,3.620951965334825,3.399272742914036,4.277556380140595,3.58712449867744
93487,736687.468178765,3.620951965334825,3.399272742914036,4.277556380140595,3.58712449867744
93488,736687.4766345425,3.620951965334825,3.399272742914036,4.277556380140595,3.58712449867744
93489,736687.4772993091,3.620951965334825,3.399272742914036,4.277556380140595,3.58712449867744
93490,736687.4836305173,3.620951965334825,3.399272742914036,4.277556380140595,3.58712449867744
93491,736687.4863868124,3.620951965334825,3.399272742914036,4.277556380140595,3.58712449867744
93495,736687.50584302,3.620951965334825,3.399272742914036,4.277556380140595,3.58712449867744
93497,736687.5246170282,3.620951965334825,3.399272742914036,4.277556380140595,3.58712449867744
93499,736687.5676224848,3.620951965334825,3.399272742914036,4.277556380140595,3.58712449867744
93500,736687.5818876192,3.620951965334825,3.399272742914036,4.277556380140595,3.58712449867744
93504,736687.7074856195,3.620951965334825,3.399272742914036,4.277556380140595,3.58712449867744
93505,736687.7202466542,3.620951965334825,3.399272742914036,4.277556380140595,3.58712449867744
93506,736687.809335628,3.620951965334825,3.399272742914036,4.277556380140595,3.58712449867744
93507,736687.8106026176,3.620951965334825,3.399272742914036,4.277556380140595,3.58712449867744
93508,736687.8393552862,3.620951965334825,3.399272742914036,4.277556380140595,3.58712449867744
93509,736687.8562290345,3.620951965334825,3.399272742914036,4.277556380140595,3.58712449867744
93513,736688.0201213338,3.620951965334825,3.399272742914036,4.277556380140595,3.58712449867744
93520,736688.2224945178,3.620951965334825,3.399272742914036,3.7579906304599717,3.58712449867744
93521,736688.2553667102,3.620951965334825,3.399272742914036,4.277556380140595,3.58712449867744
93522,736688.266525085,3.620951965334825,3.399272742914036,4.277556380140595,3.58712449867744
93524,736688.28342823,3.620951965334825,3.399272742914036,4.277556380140595,3.58712449867744
93533,736688.3959944827,3.620951965334825,3.399272742914036,4.277556380140595,3.58712449867744
93535,736688.5026811718,3.620951965334825,3.399272742914036,4.277556380140595,3.58712449867744
93536,736688.5297404578,3.620951965334825,3.399272742914036,4.277556380140595,3.58712449867744
93561,736688.9243731309,3.620951965334825,3.399272742914036,4.277556380140595,3.58712449867744
93562,736688.9354338759,3.620951965334825,3.399272742914036,4.277556380140595,3.58712449867744
93567,736689.008647888,8.466925189946778,8.466925189946778,10.500010453513823,10.436013890895993
93572,736689.0692565632,3.620951965334825,3.399272742914036,4.277556380140595,3.58712449867744
93577,736689.1209321095,3.620951965334825,3.399272742914036,4.277556380140595,3.58712449867744
93578,736689.1337865122,3.620951965334825,3.399272742914036,4.277556380140595,3.58712449867744
93579,736689.1553610646,3.620951965334825,3.399272742914036,4.277556380140595,3.58712449867744
93583,736689.2272975299,3.620951965334825,3.399272742914036,4.277556380140595,3.58712449867744
93589,736689.2747011683,3.620951965334825,3.399272742914036,4.277556380140595,3.58712449867744
93594,736689.34444005,3.620951965334825,3.399272742914036,4.277556380140595,3.58712449867744
93596,736689.3687902805,3.620951965334825,3.399272742914036,4.277556380140595,3.58712449867744
93598,736689.4028456766,3.620951965334825,3.399272742914036,4.277556380140595,3.58712449867744
93599,736689.4217618578,3.620951965334825,3.399272742914036,3.7579906304599717,3.58712449867744
93602,736689.4626909519,3.620951965334825,3.399272742914036,3.7579906304599717,3.58712449867744
93603,736689.467897505,3.620951965334825,3.399272742914036,3.7579906304599717,3.58712449867744
93611,736689.5719390581,3.620951965334825,3.399272742914036,3.7579906304599717,3.58712449867744
93614,736689.6899085362,3.620951965334825,3.399272742914036,3.7579906304599717,3.58712449867744
93616,736689.7292447116,3.620951965334825,3.399272742914036,3.7579906304599717,3.58712449867744
93620,736689.8977238998,3.620951965334825,3.399272742914036,3.7579906304599717,3.58712449867744
93628,736690.0356782735,3.620951965334825,3.399272742914036,4.277556380140595,3.58712449867744
93633,736690.1036117974,3.620951965334825,3.399272742914036,4.277556380140595,3.58712449867744
93634,736690.1043446058,3.620951965334825,3.399272742914036,4.277556380140595,3.58712449867744
93638,736690.1564488144,3.620951965334825,3.399272742914036,4.277556380140595,3.58712449867744
93639,736690.1634506638,3.620951965334825,3.399272742914036,3.7579906304599717,3.58712449867744
93640,736690.165529682,3.620951965334825,3.399272742914036,3.7579906304599717,3.58712449867744
93642,736690.1735307387,3.620951965334825,3.399272742914036,3.7579906304599717,3.58712449867744
93643,736690.1944637911,3.620951965334825,3.399272742914036,3.7579906304599717,3.58712449867744
93647,736690.2605841106,3.620951965334825,3.399272742914036,3.7579906304599717,3.58712449867744
93672,736690.5969784386,3.620951965334825,3.399272742914036,3.7579906304599717,3.58712449867744
93679,736690.9473818298,3.620951965334825,3.399272742914036,3.7579906304599717,3.58712449867744
93680,736690.9497531715,3.620951965334825,3.399272742914036,4.277556380140595,3.58712449867744
93681,736690.954177141,3.620951965334825,3.399272742914036,4.277556380140595,3.58712449867744
93683,736690.9996631396,3.620951965334825,3.399272742914036,4.277556380140595,3.58712449867744
93684,736691.048782387,3.620951965334825,3.399272742914036,4.277556380140595,3.58712449867744
93688,736691.2779963737,3.620951965334825,3.399272742914036,4.277556380140595,3.58712449867744
93690,736691.3324477016,3.620951965334825,3.399272742914036,4.277556380140595,3.58712449867744
93691,736691.3362991388,3.620951965334825,3.399272742914036,4.277556380140595,3.58712449867744
93692,736691.3369236329,3.620951965334825,3.399272742914036,4.277556380140595,3.58712449867744
93693,736691.3407377052,3.620951965334825,3.399272742914036,4.277556380140595,3.58712449867744
93695,736691.3523940142,3.620951965334825,3.399272742914036,3.7579906304599717,3.58712449867744
93698,736691.3563982876,3.620951965334825,3.399272742914036,3.7579906304599717,3.58712449867744
93700,736691.3580436973,3.620951965334825,3.399272742914036,4.277556380140595,3.58712449867744
93701,736691.360295701,3.620951965334825,3.399272742914036,3.7579906304599717,3.58712449867744
93705,736691.3726674726,3.620951965334825,3.399272742914036,3.7579906304599717,3.58712449867744
93707,736691.3838307487,3.620951965334825,3.399272742914036,4.277556380140595,3.58712449867744
93709,736691.387698126,3.620951965334825,3.399272742914036,4.277556380140595,3.58712449867744
93710,736691.3924825339,3.620951965334825,3.399272742914036,4.277556380140595,3.58712449867744
93712,736691.4010852921,3.620951965334825,3.399272742914036,4.277556380140595,3.58712449867744
93714,736691.4063759927,3.620951965334825,3.399272742914036,4.277556380140595,3.58712449867744
93717,736691.456484621,3.620951965334825,3.399272742914036,4.277556380140595,3.58712449867744
93719,736691.47650536,3.620951965334825,3.399272742914036,4.277556380140595,3.58712449867744
93721,736691.4969423289,3.620951965334825,3.399272742914036,4.277556380140595,3.58712449867744
93723,736691.4992881307,3.620951965334825,3.399272742914036,3.7579906304599717,3.58712449867744
93726,736691.5110668542,3.620951965334825,3.399272742914036,4.277556380140595,3.58712449867744
93730,736691.5559940692,3.620951965334825,3.399272742914036,4.277556380140595,3.58712449867744
93731,736691.5574167658,3.620951965334825,3.399272742914036,4.277556380140595,3.58712449867744
93733,736691.5979174762,3.620951965334825,3.399272742914036,4.277556380140595,3.58712449867744
93735,736691.6353443961,3.620951965334825,3.399272742914036,4.277556380140595,3.58712449867744
93736,736691.6860896845,3.620951965334825,3.399272742914036,3.620951965334825,3.399272742914036
93737,736691.6886554272,3.620951965334825,3.399272742914036,3.620951965334825,3.399272742914036
93738,736691.6918754468,3.620951965334825,3.399272742914036,3.620951965334825,3.399272742914036
93739,736691.6992986664,3.620951965334825,3.399272742914036,3.620951965334825,3.399272742914036
93742,736691.7188305671,3.620951965334825,3.399272742914036,3.620951965334825,3.399272742914036
93744,736691.7251858902,3.620951965334825,3.399272742914036,3.620951965334825,3.399272742914036
93748,736691.7616789145,3.620951965334825,3.399272742914036,3.620951965334825,3.399272742914036
93750,736691.8069783741,3.620951965334825,3.399272742914036,3.620951965334825,3.399272742914036
93751,736691.8118856049,3.620951965334825,3.399272742914036,3.620951965334825,3.399272742914036
93759,736691.9156832864,3.620951965334825,3.399272742914036,3.620951965334825,3.399272742914036
93762,736691.9568018556,3.620951965334825,3.399272742914036,3.620951965334825,3.399272742914036
93763,736691.9574705933,3.620951965334825,3.399272742914036,3.620951965334825,3.399272742914036
93765,736691.9840602475,3.620951965334825,3.399272742914036,3.620951965334825,3.399272742914036
93766,736691.9966826753,3.620951965334825,3.399272742914036,3.620951965334825,3.399272742914036
93767,736691.9989530151,3.620951965334825,3.399272742914036,3.620951965334825,3.399272742914036
93768,736692.0055270393,3.620951965334825,3.399272742914036,3.620951965334825,3.399272742914036
93771,736692.0423286312,3.620951965334825,3.399272742914036,3.620951965334825,3.399272742914036
93772,736692.0544829067,3.620951965334825,3.399272742914036,3.620951965334825,3.399272742914036
93774,736692.0849605656,3.620951965334825,3.399272742914036,3.620951965334825,3.399272742914036
93775,736692.1016473064,3.620951965334825,3.399272742914036,3.620951965334825,3.399272742914036
93776,736692.1044449096,3.620951965334825,3.399272742914036,3.620951965334825,3.399272742914036
93778,736692.1248491105,3.620951965334825,3.399272742914036,3.620951965334825,3.399272742914036
93779,736692.1333740242,3.399272742914036,3.399272742914036,3.4876409970456734,3.399272742914036
93782,736692.2262092624,3.399272742914036,3.399272742914036,3.4876409970456734,3.399272742914036
93791,736692.4035675391,3.620951965334825,3.399272742914036,3.620951965334825,3.399272742914036
93801,736692.6336974595,3.620951965334825,3.399272742914036,3.620951965334825,3.399272742914036
93803,736692.7661617516,3.620951965334825,3.399272742914036,3.620951965334825,3.399272742914036
93804,736692.8134279829,3.620951965334825,3.399272742914036,3.620951965334825,3.399272742914036
93805,736692.8225298357,3.620951965334825,3.399272742914036,3.620951965334825,3.399272742914036
93806,736692.8229359679,3.620951965334825,3.399272742914036,3.620951965334825,3.399272742914036
93807,736692.9211567891,3.620951965334825,3.399272742914036,3.620951965334825,3.399272742914036
93808,736693.0583583218,3.620951965334825,3.399272742914036,3.620951965334825,3.399272742914036
93811,736693.1231547507,3.620951965334825,3.399272742914036,3.620951965334825,3.399272742914036
93815,736693.2711916127,3.620951965334825,3.399272742914036,3.620951965334825,3.399272742914036
93817,736693.299517566,3.620951965334825,3.399272742914036,3.620951965334825,3.399272742914036
93819,736693.3842942923,11.767060391022824,3.620951965334825,11.767060391022824,9.239121225080453
93824,736693.6022570612,3.620951965334825,3.399272742914036,3.620951965334825,3.399272742914036
93825,736693.6841611754,3.620951965334825,3.399272742914036,3.620951965334825,3.399272742914036
93826,736693.7224461193,3.620951965334825,3.399272742914036,3.620951965334825,3.399272742914036
93828,736693.8097798126,3.620951965334825,3.399272742914036,3.620951965334825,3.399272742914036
93829,736693.8114273052,3.620951965334825,3.399272742914036,3.620951965334825,3.399272742914036
93832,736693.9093324571,3.620951965334825,3.399272742914036,3.620951965334825,3.399272742914036
93833,736693.9101502047,3.620951965334825,3.399272742914036,3.620951965334825,3.399272742914036
93834,736693.9150020095,3.620951965334825,3.399272742914036,3.620951965334825,3.399272742914036
93836,736693.954025489,3.620951965334825,3.399272742914036,3.620951965334825,3.399272742914036
93837,736693.9788764121,3.620951965334825,3.399272742914036,3.620951965334825,3.399272742914036
93838,736694.0340576945,3.620951965334825,3.399272742914036,3.620951965334825,3.399272742914036
93840,736694.0748002512,3.620951965334825,3.399272742914036,3.620951965334825,3.399272742914036
93841,736694.1152809906,3.620951965334825,3.399272742914036,3.620951965334825,3.399272742914036
93842,736694.1399753009,3.620951965334825,3.399272742914036,3.620951965334825,3.399272742914036
93843,736694.1627104736,3.620951965334825,3.399272742914036,3.620951965334825,3.399272742914036
93844,736694.169778349,3.620951965334825,3.399272742914036,3.620951965334825,3.399272742914036
93845,736694.1795414466,3.620951965334825,3.399272742914036,3.620951965334825,3.399272742914036
93847,736694.2031592444,3.620951965334825,3.399272742914036,3.620951965334825,3.399272742914036
93850,736694.2159008995,3.620951965334825,3.399272742914036,3.620951965334825,3.399272742914036
93851,736694.2184207799,3.620951965334825,3.399272742914036,3.620951965334825,3.399272742914036
93854,736694.3973075392,3.620951965334825,3.399272742914036,3.620951965334825,3.399272742914036
93864,736694.6954284963,3.620951965334825,3.399272742914036,3.620951965334825,3.399272742914036
93865,736694.8146219115,3.620951965334825,3.399272742914036,3.620951965334825,3.399272742914036
93867,736694.8987514494,3.620951965334825,3.399272742914036,3.620951965334825,3.399272742914036
4,736695.0651185716,3.620951965334825,3.399272742914036,3.620951965334825,3.399272742914036
6,736695.1408295396,3.620951965334825,3.399272742914036,3.620951965334825,3.399272742914036
8,736695.1621067033,3.620951965334825,3.399272742914036,3.620951965334825,3.399272742914036
14,736695.4334089383,3.620951965334825,3.399272742914036,3.620951965334825,3.399272742914036
19,736695.6586526487,3.620951965334825,3.399272742914036,3.620951965334825,3.399272742914036
20,736695.6754751247,3.620951965334825,3.399272742914036,3.620951965334825,3.399272742914036
21,736695.6933269013,3.620951965334825,3.399272742914036,3.620951965334825,3.399272742914036
28,736695.900850029,3.620951965334825,3.399272742914036,3.620951965334825,3.399272742914036
29,736695.9295567916,3.620951965334825,3.399272742914036,3.620951965334825,3.399272742914036
35,736696.0796966067,3.620951965334825,3.399272742914036,3.620951965334825,3.399272742914036
36,736696.0903085272,3.620951965334825,3.399272742914036,3.620951965334825,3.399272742914036
43,736696.4205857127,3.620951965334825,3.399272742914036,3.620951965334825,3.399272742914036
44,736696.5499224704,3.620951965334825,3.399272742914036,3.620951965334825,3.399272742914036
45,736696.5739767652,3.620951965334825,3.399272742914036,3.620951965334825,3.399272742914036
49,736696.6555878585,3.620951965334825,3.399272742914036,3.620951965334825,3.399272742914036
50,736696.6568927286,3.620951965334825,3.399272742914036,3.620951965334825,3.399272742914036
51,736696.6582209292,3.620951965334825,3.399272742914036,3.620951965334825,3.399272742914036
52,736696.6635962662,3.620951965334825,3.399272742914036,3.620951965334825,3.399272742914036
53,736696.6683416115,3.620951965334825,3.399272742914036,3.620951965334825,3.399272742914036
55,736696.6904186853,3.620951965334825,3.399272742914036,3.620951965334825,3.399272742914036
56,736696.7000029833,3.620951965334825,3.399272742914036,3.620951965334825,3.399272742914036
57,736696.7096994307,3.620951965334825,3.399272742914036,3.620951965334825,3.399272742914036
59,736696.7162113368,3.620951965334825,3.399272742914036,3.620951965334825,3.399272742914036
60,736696.7270373651,3.620951965334825,3.399272742914036,3.620951965334825,3.399272742914036
61,736696.7289626632,3.620951965334825,3.399272742914036,3.620951965334825,3.399272742914036
62,736696.7466609849,3.620951965334825,3.399272742914036,3.620951965334825,3.399272742914036
64,736696.7477956496,3.620951965334825,3.399272742914036,3.620951965334825,3.399272742914036
65,736696.748441005,3.620951965334825,3.399272742914036,3.620951965334825,3.399272742914036
66,736696.7503044208,3.620951965334825,3.399272742914036,3.620951965334825,3.399272742914036
69,736696.8015765945,3.620951965334825,3.399272742914036,3.620951965334825,3.399272742914036
80,736697.0482072401,3.620951965334825,3.399272742914036,3.620951965334825,3.399272742914036
83,736697.1784262529,3.620951965334825,3.399272742914036,3.620951965334825,3.399272742914036
85,736697.183411025,3.620951965334825,3.399272742914036,3.620951965334825,3.399272742914036
86,736697.1838582024,3.620951965334825,3.399272742914036,3.620951965334825,3.399272742914036
87,736697.1879842123,3.620951965334825,3.399272742914036,3.620951965334825,3.399272742914036
88,736697.188537048,3.620951965334825,3.399272742914036,3.620951965334825,3.399272742914036
89,736697.217336168,3.620951965334825,3.399272742914036,3.620951965334825,3.399272742914036
90,736697.2310712218,3.620951965334825,3.399272742914036,3.620951965334825,3.399272742914036
91,736697.2345466252,3.620951965334825,3.399272742914036,3.620951965334825,3.399272742914036
92,736697.2631628783,3.620951965334825,3.399272742914036,3.620951965334825,3.399272742914036
93,736697.2671625753,3.620951965334825,3.399272742914036,3.620951965334825,3.399272742914036
94,736697.2675507521,3.620951965334825,3.399272742914036,3.620951965334825,3.399272742914036
95,736697.2698799974,3.620951965334825,3.399272742914036,3.620951965334825,3.399272742914036
99,736697.34544854,3.620951965334825,3.399272742914036,3.620951965334825,3.399272742914036
103,736697.3857519818,3.620951965334825,3.399272742914036,3.620951965334825,3.399272742914036
114,736697.5343603707,0.7842234895797446,0.7842234895797446,3.620951965334825,3.399272742914036
119,736697.6775968316,0.7842234895797446,0.7842234895797446,3.620951965334825,3.399272742914036
121,736697.7393439732,0.7842234895797446,0.7842234895797446,3.620951965334825,3.399272742914036
122,736697.7547741223,0.7842234895797446,0.7842234895797446,3.620951965334825,3.399272742914036
123,736697.7920137866,0.7842234895797446,0.7842234895797446,3.620951965334825,3.399272742914036
124,736697.7971484552,0.7842234895797446,0.7842234895797446,3.620951965334825,3.399272742914036
125,736697.8000056774,0.7842234895797446,0.7842234895797446,3.620951965334825,3.399272742914036
126,736697.8007816429,0.7842234895797446,0.7842234895797446,3.620951965334825,3.399272742914036
127,736697.8018472189,0.7842234895797446,0.7842234895797446,3.620951965334825,3.399272742914036
132,736697.9231698865,0.7842234895797446,0.7842234895797446,3.620951965334825,3.399272742914036
133,736698.0953218101,0.44946358969900757,4.711027517798357,17.553599112085067,8.466925189946778
135,736698.1459244792,0.44946358969900757,4.711027517798357,17.553599112085067,8.466925189946778
137,736698.1917378429,0.7842234895797446,0.7842234895797446,3.620951965334825,3.399272742914036
138,736698.2063595364,0.44946358969900757,4.711027517798357,17.553599112085067,7.391413986682892
145,736698.5009107128,0.7842234895797446,0.7842234895797446,3.620951965334825,3.399272742914036
150,736698.6097533739,0.7842234895797446,0.7842234895797446,3.620951965334825,3.399272742914036
152,736698.7214087547,0.7842234895797446,0.7842234895797446,3.620951965334825,3.399272742914036
158,736698.8769909572,0.7842234895797446,0.7842234895797446,3.620951965334825,3.399272742914036
159,736698.8845593323,0.7842234895797446,0.7842234895797446,3.620951965334825,3.399272742914036
161,736699.067225867,0.7842234895797446,0.7842234895797446,3.620951965334825,3.399272742914036
166,736699.3172488107,0.7842234895797446,0.7842234895797446,3.620951965334825,3.399272742914036
167,736699.321053482,0.7842234895797446,0.7842234895797446,3.620951965334825,3.399272742914036
168,736699.3299054798,0.7842234895797446,0.7842234895797446,3.620951965334825,3.399272742914036
172,736699.4693804912,0.7842234895797446,0.7842234895797446,3.620951965334825,3.399272742914036
173,736699.4772789205,0.7842234895797446,0.7842234895797446,3.620951965334825,3.399272742914036
175,736699.7965563278,0.7842234895797446,0.7842234895797446,3.620951965334825,3.399272742914036
177,736699.8808823023,0.7842234895797446,0.7842234895797446,3.620951965334825,3.399272742914036
179,736699.963734309,0.7842234895797446,0.7842234895797446,3.620951965334825,3.399272742914036
181,736699.9904910485,0.7842234895797446,0.7842234895797446,3.620951965334825,3.399272742914036
186,736700.1128344737,0.7842234895797446,0.7842234895797446,3.620951965334825,3.399272742914036
188,736700.1513677194,2.6170073486864567,0.7842234895797446,22.05507438897621,3.399272742914036
190,736700.1639952821,2.6170073486864567,0.7842234895797446,22.05507438897621,3.399272742914036
191,736700.164252193,2.6170073486864567,0.7842234895797446,22.05507438897621,3.399272742914036
192,736700.1685312352,2.6170073486864567,0.7842234895797446,22.05507438897621,3.399272742914036
193,736700.1707876709,2.6170073486864567,0.7842234895797446,22.05507438897621,3.399272742914036
196,736700.191118254,2.6170073486864567,0.7842234895797446,22.05507438897621,3.399272742914036
212,736700.8139550469,1.3366761264624074,0.7842234895797446,3.620951965334825,3.399272742914036
220,736700.982246792,0.6740887989290059,2.6170073486864567,0.6740887989290059,22.05507438897621
223,736701.0635213538,0.6740887989290059,2.6170073486864567,0.6740887989290059,22.05507438897621
226,736701.1401509905,1.3366761264624074,1.3366761264624074,3.620951965334825,3.4876409970456734
232,736701.2622168217,1.3366761264624074,0.7842234895797446,3.4876409970456734,3.399272742914036
234,736701.2736062407,1.3366761264624074,0.7842234895797446,3.4876409970456734,3.399272742914036
236,736701.3883042628,1.3366761264624074,0.7842234895797446,3.4876409970456734,3.399272742914036
241,736701.7083559277,1.3366761264624074,0.7842234895797446,3.4876409970456734,3.399272742914036
242,736701.7306777586,1.3366761264624074,0.7842234895797446,3.4876409970456734,3.399272742914036
245,736701.8005439806,1.3366761264624074,0.7842234895797446,3.620951965334825,3.399272742914036
247,736701.9664963023,1.3366761264624074,0.7842234895797446,3.620951965334825,3.399272742914036
254,736702.1790070629,1.3366761264624074,0.7842234895797446,3.620951965334825,3.399272742914036
270,736702.8097757607,1.3366761264624074,0.7842234895797446,3.620951965334825,3.399272742914036
273,736702.8442262692,1.3366761264624074,0.7842234895797446,3.620951965334825,3.399272742914036
274,736702.8553099337,1.3366761264624074,1.0547659531002864,3.620951965334825,3.399272742914036
275,736702.8562180917,1.3366761264624074,1.0547659531002864,3.620951965334825,3.399272742914036
276,736702.8759951474,1.3366761264624074,1.0547659531002864,3.620951965334825,3.399272742914036
277,736702.8914072841,1.3366761264624074,1.0547659531002864,3.620951965334825,3.399272742914036
280,736702.9357958995,1.3366761264624074,1.0547659531002864,3.620951965334825,3.399272742914036
283,736702.9699315508,1.3366761264624074,1.0547659531002864,3.620951965334825,3.399272742914036
284,736702.9780307193,1.3366761264624074,1.0547659531002864,3.620951965334825,3.399272742914036
285,736702.986791513,1.3366761264624074,1.0547659531002864,3.620951965334825,3.399272742914036
289,736703.057471654,1.3366761264624074,1.0547659531002864,3.620951965334825,3.399272742914036
300,736703.2709141312,1.3366761264624074,1.0547659531002864,3.620951965334825,3.399272742914036
317,736703.4869677182,1.3366761264624074,1.0547659531002864,3.620951965334825,3.399272742914036
322,736703.6736098623,1.3366761264624074,1.0547659531002864,3.620951965334825,3.399272742914036
330,736704.0442534585,1.3366761264624074,1.0547659531002864,3.620951965334825,3.399272742914036
331,736704.1395784294,7.75585669814609,1.3366761264624074,11.767060391022824,3.4150184862082824
332,736704.1826149058,1.3366761264624074,1.0547659531002864,3.620951965334825,3.399272742914036
337,736704.3711172484,1.3366761264624074,1.0547659531002864,3.620951965334825,3.399272742914036
347,736704.5601112023,1.3366761264624074,1.0547659531002864,3.620951965334825,3.399272742914036
349,736704.6203426569,1.3366761264624074,1.0547659531002864,3.620951965334825,3.399272742914036
351,736704.6358790786,1.3366761264624074,1.0547659531002864,3.620951965334825,3.399272742914036
354,736704.6600398825,1.3366761264624074,1.0547659531002864,3.620951965334825,3.399272742914036
355,736704.665594627,4.501342434086837,1.0547659531002864,22.05507438897621,3.620951965334825
358,736704.7449546199,1.3366761264624074,1.0547659531002864,3.620951965334825,3.399272742914036
360,736704.8206121922,1.3366761264624074,1.0547659531002864,3.620951965334825,3.399272742914036
361,736704.8208371856,1.3366761264624074,1.0547659531002864,3.620951965334825,3.399272742914036
367,736704.9450051066,1.3366761264624074,1.0547659531002864,3.620951965334825,3.399272742914036
369,736705.0512243186,1.3366761264624074,1.0547659531002864,3.620951965334825,3.399272742914036
378,736705.2002089528,1.0547659531002864,1.0547659531002864,3.620951965334825,3.399272742914036
377,736705.2002165153,4.501342434086837,1.0547659531002864,4.501342434086837,3.620951965334825
383,736705.2821626879,1.3366761264624074,1.0547659531002864,3.620951965334825,3.399272742914036
394,736705.3922064686,1.3366761264624074,1.0547659531002864,3.620951965334825,3.399272742914036
405,736705.8085626701,1.3366761264624074,1.0547659531002864,3.620951965334825,3.399272742914036
406,736705.8653171266,1.3366761264624074,1.0547659531002864,3.620951965334825,3.399272742914036
417,736706.1882216155,1.3366761264624074,1.0547659531002864,3.620951965334825,3.399272742914036
422,736706.3435756858,1.3366761264624074,1.0547659531002864,3.620951965334825,3.399272742914036
423,736706.3599628136,1.3366761264624074,1.0547659531002864,3.620951965334825,3.399272742914036
429,736706.4155927057,1.3366761264624074,1.0547659531002864,3.620951965334825,3.399272742914036
430,736706.514354339,1.3366761264624074,1.0547659531002864,3.620951965334825,3.399272742914036
444,736706.8862915352,1.3366761264624074,1.0547659531002864,3.620951965334825,3.399272742914036
449,736706.9299879471,1.3366761264624074,1.0547659531002864,3.620951965334825,3.399272742914036
452,736707.0138131918,1.3366761264624074,1.0547659531002864,3.620951965334825,3.399272742914036
455,736707.0753314638,1.3366761264624074,1.0547659531002864,3.620951965334825,3.399272742914036
460,736707.2366692184,0.9677563449367881,3.0970907890005037,21.30687122012023,15.210352992173284
468,736707.3953504374,1.3366761264624074,1.0547659531002864,3.620951965334825,3.399272742914036
477,736707.6363031969,1.3366761264624074,1.0547659531002864,3.620951965334825,3.399272742914036
478,736707.6837708645,1.3366761264624074,1.0547659531002864,3.620951965334825,3.399272742914036
480,736707.7112611225,1.3366761264624074,1.0547659531002864,3.620951965334825,3.399272742914036
485,736707.8509526119,1.3366761264624074,1.0547659531002864,3.620951965334825,3.399272742914036
498,736708.7559589501,9.188990900991485,1.360608512768522,9.188990900991485,3.620951965334825
506,736708.9691149567,4.501342434086837,1.360608512768522,4.501342434086837,3.399272742914036
509,736709.0445972898,4.501342434086837,1.360608512768522,4.501342434086837,3.399272742914036
512,736709.1432374439,4.501342434086837,1.360608512768522,4.501342434086837,3.399272742914036
517,736709.3219183384,1.92656790104229,1.360608512768522,3.620951965334825,3.399272742914036
518,736709.3395433064,1.92656790104229,1.360608512768522,3.620951965334825,3.399272742914036
519,736709.3528566387,1.92656790104229,1.360608512768522,3.620951965334825,3.399272742914036
520,736709.3576675942,1.92656790104229,1.360608512768522,3.620951965334825,3.399272742914036
523,736709.3683062115,1.92656790104229,1.360608512768522,3.620951965334825,3.399272742914036
536,736709.4759435694,1.92656790104229,1.360608512768522,3.620951965334825,3.399272742914036
539,736709.5330778604,1.92656790104229,1.360608512768522,3.620951965334825,3.399272742914036
541,736709.6318067061,1.92656790104229,1.360608512768522,3.620951965334825,3.399272742914036
542,736709.7433220166,1.92656790104229,1.360608512768522,3.620951965334825,3.399272742914036
543,736709.8161167806,1.92656790104229,1.360608512768522,3.620951965334825,3.399272742914036
544,736709.8300350822,1.92656790104229,1.360608512768522,3.620951965334825,3.399272742914036
554,736710.2555043038,1.360608512768522,5.589909676811658,1.360608512768522,15.65694673906546
556,736710.2946539754,1.92656790104229,1.360608512768522,3.620951965334825,3.399272742914036
560,736710.3702001269,1.92656790104229,1.360608512768522,3.620951965334825,3.399272742914036
564,736710.3952102475,1.92656790104229,1.360608512768522,3.620951965334825,3.399272742914036
569,736710.4998612182,1.92656790104229,1.360608512768522,3.620951965334825,3.399272742914036
575,736710.5683173301,1.92656790104229,1.360608512768522,3.620951965334825,3.399272742914036
583,736710.7665991749,1.92656790104229,1.360608512768522,3.620951965334825,3.399272742914036
584,736710.7966913166,1.92656790104229,1.360608512768522,3.620951965334825,3.399272742914036
585,736710.811802465,1.92656790104229,1.360608512768522,3.620951965334825,3.399272742914036
586,736710.8432523063,1.92656790104229,1.360608512768522,3.620951965334825,3.399272742914036
588,736710.8701322646,1.92656790104229,1.360608512768522,3.620951965334825,3.399272742914036
589,736710.8712757448,1.92656790104229,1.360608512768522,3.620951965334825,3.399272742914036
590,736710.9160293533,1.92656790104229,1.360608512768522,3.620951965334825,3.399272742914036
591,736710.9214312276,1.92656790104229,1.360608512768522,3.620951965334825,3.399272742914036
594,736711.0382186646,4.501342434086837,1.5737645193003118,4.501342434086837,3.399272742914036
596,736711.077759782,1.92656790104229,1.360608512768522,3.620951965334825,3.399272742914036
606,736711.2665432679,1.92656790104229,1.360608512768522,3.620951965334825,3.399272742914036
613,736711.3581721331,1.92656790104229,1.360608512768522,3.620951965334825,3.399272742914036
640,736711.8675269765,1.92656790104229,1.360608512768522,3.620951965334825,3.399272742914036
643,736712.0014212801,1.360608512768522,2.03912700957153,1.360608512768522,3.399272742914036
663,736713.2996504772,2.22189069527667,1.360608512768522,2.22189069527667,1.360608512768522
672,736713.6711235949,2.22189069527667,1.360608512768522,2.22189069527667,1.360608512768522
674,736713.6776223844,2.22189069527667,1.360608512768522,2.22189069527667,1.360608512768522
679,736714.1030519407,2.22189069527667,1.360608512768522,2.22189069527667,1.360608512768522
680,736714.1056870844,2.22189069527667,1.360608512768522,2.22189069527667,1.360608512768522
683,736714.1477884152,2.22189069527667,1.360608512768522,2.22189069527667,1.360608512768522
689,736714.3160782394,2.22189069527667,1.360608512768522,2.22189069527667,1.360608512768522
703,736714.6485272044,2.22189069527667,1.360608512768522,2.22189069527667,1.360608512768522
706,736715.0164250984,2.22189069527667,1.360608512768522,2.22189069527667,1.360608512768522
709,736715.1712312633,2.22189069527667,2.22189069527667,2.22189069527667,2.22189069527667
711,736715.2521121314,2.22189069527667,1.360608512768522,2.22189069527667,1.360608512768522
722,736715.6999315992,3.7689060039119795,1.5737645193003118,5.400986346532591,1.5737645193003118
724,736715.7667648405,2.22189069527667,1.360608512768522,2.22189069527667,1.360608512768522
725,736715.771344203,2.22189069527667,1.360608512768522,2.22189069527667,1.360608512768522
739,736716.8753653942,2.22189069527667,1.360608512768522,2.22189069527667,1.360608512768522
740,736716.9512209843,2.22189069527667,1.360608512768522,2.22189069527667,1.360608512768522
751,736717.5123416658,4.6617129346122965,1.360608512768522,5.400986346532591,1.360608512768522
756,736717.7404630361,2.22189069527667,1.360608512768522,2.22189069527667,1.360608512768522
794,736720.0334814112,2.22189069527667,1.360608512768522,2.22189069527667,1.360608512768522
801,736720.4361674155,2.6957043793518096,3.2506908513605595,2.6957043793518096,5.012491287547164
805,736720.6308328375,11.87487388739828,2.8903698014328256,11.87487388739828,2.8903698014328256
806,736720.671092548,11.91513359779492,11.87487388739828,11.91513359779492,11.87487388739828
807,736720.6732632617,11.91513359779492,11.87487388739828,11.91513359779492,11.87487388739828
811,736720.9212029392,11.91513359779492,11.87487388739828,11.91513359779492,11.87487388739828
812,736720.9232153485,11.91513359779492,11.87487388739828,11.91513359779492,11.87487388739828
827,736721.4922285563,3.755467443377711,2.8903698014328256,3.755467443377711,2.8903698014328256
829,736721.5028145574,3.755467443377711,2.8903698014328256,3.755467443377711,2.8903698014328256
830,736721.5042457217,3.755467443377711,2.8903698014328256,3.755467443377711,2.8903698014328256
833,736721.514481939,3.755467443377711,2.8903698014328256,3.755467443377711,2.8903698014328256
838,736722.7662502392,3.755467443377711,2.8903698014328256,3.755467443377711,2.8903698014328256
906,736726.104598194,3.755467443377711,2.8903698014328256,3.755467443377711,2.8903698014328256
938,736727.1348843658,3.755467443377711,2.8903698014328256,3.755467443377711,2.8903698014328256
946,736727.3617935538,9.621330517693423,5.858978996402584,9.621330517693423,5.858978996402584
985,736728.5454205048,9.621330517693423,5.858978996402584,9.621330517693423,5.858978996402584
1000,736729.1850183114,9.621330517693423,5.858978996402584,9.621330517693423,5.858978996402584
1021,736729.5256180555,6.690701005863957,5.858978996402584,11.91513359779492,5.858978996402584
1030,736729.7761158914,6.690701005863957,5.858978996402584,11.91513359779492,5.858978996402584
1042,736730.3463141656,8.843499608221464,5.858978996402584,8.843499608221464,5.858978996402584
1049,736730.426178085,8.843499608221464,5.858978996402584,8.843499608221464,5.858978996402584
1052,736730.7291564929,9.621330517693423,5.858978996402584,9.621330517693423,5.858978996402584
1066,736731.1379428904,5.858978996402584,5.858978996402584,5.858978996402584,5.858978996402584
1069,736731.2500305716,5.858978996402584,5.858978996402584,5.858978996402584,5.858978996402584
1075,736731.3845104483,5.858978996402584,5.858978996402584,5.858978996402584,5.858978996402584
1087,736731.5982893001,5.858978996402584,5.858978996402584,5.858978996402584,5.858978996402584
1091,736731.9285630799,5.858978996402584,5.858978996402584,5.858978996402584,5.858978996402584
1098,736732.3771301714,5.858978996402584,5.858978996402584,5.858978996402584,5.858978996402584
1111,736732.7852317052,5.858978996402584,5.858978996402584,5.858978996402584,5.858978996402584
1112,736732.802304915,5.858978996402584,5.858978996402584,5.858978996402584,5.858978996402584
1164,736734.4667989287,5.858978996402584,5.858978996402584,12.605851129512303,5.858978996402584
1176,736734.9352994396,5.858978996402584,5.858978996402584,12.605851129512303,5.858978996402584
1180,736735.124702095,5.858978996402584,5.858978996402584,12.605851129512303,5.858978996402584
1206,736735.6103203425,5.858978996402584,5.858978996402584,9.621330517693423,5.858978996402584
1214,736736.0045434892,5.858978996402584,5.858978996402584,9.621330517693423,5.858978996402584
1217,736736.0189698514,6.493351795943454,6.493351795943454,20.556503098807298,6.690701005863957
1221,736736.1211885372,6.493351795943454,6.493351795943454,20.556503098807298,6.690701005863957
1224,736736.2740032981,6.493351795943454,6.493351795943454,20.556503098807298,6.690701005863957
1229,736736.6233665241,5.858978996402584,5.858978996402584,9.621330517693423,5.858978996402584
1250,736737.4417635615,5.858978996402584,6.493351795943454,24.9807511868421,6.690701005863957
1263,736738.3141871082,5.858978996402584,6.493351795943454,24.9807511868421,6.690701005863957
1284,736739.0565095777,6.493351795943454,5.858978996402584,9.849451888003387,5.858978996402584
1303,736739.9160606596,6.493351795943454,5.858978996402584,9.849451888003387,5.858978996402584
1313,736740.37130553,9.530891522183083,5.858978996402584,9.530891522183083,5.858978996402584
1318,736740.5011265283,5.858978996402584,5.858978996402584,5.858978996402584,18.868490972556174
1331,736741.0734638503,10.84568747447338,6.493351795943454,10.84568747447338,6.690701005863957
1335,736741.3045425114,5.858978996402584,5.858978996402584,5.858978996402584,5.858978996402584
1346,736741.5417773589,5.858978996402584,5.858978996402584,5.858978996402584,5.858978996402584
1357,736742.6874214272,5.858978996402584,5.858978996402584,5.858978996402584,5.858978996402584
1384,736744.2989413928,9.530891522183083,5.858978996402584,9.530891522183083,5.858978996402584
1416,736745.4381681293,5.858978996402584,5.858978996402584,15.09185396367684,8.843499608221464
1422,736745.5748175798,5.858978996402584,5.858978996402584,15.09185396367684,8.843499608221464
1425,736745.7509438898,5.858978996402584,5.858978996402584,15.09185396367684,8.843499608221464
1430,736746.0620077248,5.858978996402584,5.858978996402584,15.09185396367684,8.843499608221464
1431,736746.0672211448,2.868509628577158,5.858978996402584,2.868509628577158,8.854525507544167
1434,736746.1426296578,2.868509628577158,5.858978996402584,2.868509628577158,8.854525507544167
1454,736746.820714994,5.858978996402584,5.858978996402584,9.621330517693423,5.858978996402584
1512,736748.8760335962,5.858978996402584,5.858978996402584,9.621330517693423,5.858978996402584
1517,736749.0544919606,7.5127146017039195,5.858978996402584,8.843499608221464,5.858978996402584
1520,736749.096416601,8.022952750674449,5.858978996402584,11.547845794819295,6.690701005863957
1528,736749.3404934036,3.9023252743063495,5.858978996402584,3.9023252743063495,8.843499608221464
1529,736749.3444576167,3.9023252743063495,5.858978996402584,3.9023252743063495,8.843499608221464
1530,736749.3480963397,3.9023252743063495,5.858978996402584,15.09185396367684,8.843499608221464
1537,736749.5778034584,3.9023252743063495,5.858978996402584,3.9023252743063495,8.843499608221464
1539,736749.6147821718,3.9023252743063495,5.858978996402584,3.9023252743063495,8.843499608221464
1540,736749.776622114,5.858978996402584,2.868509628577158,5.858978996402584,5.858978996402584
1586,736752.337293991,3.9023252743063495,3.896390770445578,3.9023252743063495,5.858978996402584
1593,736752.5502128828,13.493703305139206,2.868509628577158,13.493703305139206,2.868509628577158
1600,736752.8121224252,7.764205416315235,2.868509628577158,7.764205416315235,2.868509628577158
1601,736752.813405917,7.764205416315235,2.868509628577158,7.764205416315235,2.868509628577158
1605,736753.0479006169,3.2712785028852522,2.7571640339447185,5.858978996402584,2.868509628577158
1635,736754.3789322505,3.896390770445578,2.7571640339447185,5.858978996402584,3.7479390058433637
1663,736755.8856405263,5.278937635128386,2.7571640339447185,5.858978996402584,2.868509628577158
1670,736756.1553249018,5.278937635128386,2.7571640339447185,5.858978996402584,2.868509628577158
1675,736756.2172598612,5.278937635128386,2.7571640339447185,5.858978996402584,2.868509628577158
1680,736756.3011942953,5.477680721203797,2.7735907688038424,9.530891522183083,2.868509628577158
1704,736757.8925674387,3.2712785028852522,2.5606718769995496,5.858978996402584,2.868509628577158
1705,736757.9420193671,3.2712785028852522,2.5606718769995496,5.858978996402584,2.868509628577158
1719,736758.5330760543,2.5606718769995496,5.729497888823971,2.5606718769995496,9.37895143253263
1723,736758.7180191244,3.2712785028852522,2.5606718769995496,5.278937635128386,2.868509628577158
1725,736758.741266698,3.2712785028852522,2.5606718769995496,5.278937635128386,2.868509628577158
1729,736758.8903669409,2.5606718769995496,5.729497888823971,2.5606718769995496,9.37895143253263
1760,736759.7689335758,2.5606718769995496,7.4316395848290995,2.5606718769995496,13.730173061136156
1804,736760.8841354011,8.070729484083131,3.072234609280713,13.493703305139206,4.42068055132404
1871,736763.4966825705,2.6125471694394946,4.582941105822101,14.816914256312884,4.582941105822101
1877,736763.7426277266,2.6125471694394946,11.787718800129369,17.42946142575238,11.787718800129369
1892,736764.4615040696,12.12421007861849,5.7434849452693015,12.12421007861849,5.7434849452693015
1900,736764.8265019119,12.12421007861849,5.7434849452693015,12.12421007861849,5.7434849452693015
1929,736765.9938140605,2.6125471694394946,8.070729484083131,23.442371839657426,8.070729484083131
1966,736767.1859252846,2.6125471694394946,7.416991708800197,2.6125471694394946,9.064925532322377
2008,736769.1139677181,8.229832316981629,3.1201536576263607,8.229832316981629,3.1201536576263607
2072,736771.8676389836,8.229832316981629,3.1201536576263607,8.229832316981629,5.719670137274079
2095,736772.6148999507,8.229832316981629,3.1201536576263607,8.229832316981629,3.1201536576263607
2096,736772.6196020863,8.229832316981629,3.1201536576263607,8.229832316981629,3.1201536576263607
2102,736773.0629928993,5.877067614695989,7.416991708800197,5.877067614695989,11.712361060315743
2103,736773.1230880957,14.405068971333094,5.9371628110529855,14.405068971333094,5.9371628110529855
2142,736774.9409691931,14.405068971333094,5.9371628110529855,14.405068971333094,5.9371628110529855
2149,736775.231653162,8.045727877411991,5.877067614695989,8.045727877411991,7.416991708800197
2194,736776.9171069425,12.455602872883901,8.661584026063792,12.455602872883901,8.661584026063792
2213,736777.9383165571,4.815228461404331,3.500932232593186,14.405068971333094,3.5773686685133725
2214,736777.9569947177,4.815228461404331,3.500932232593186,14.405068971333094,3.5773686685133725
2226,736778.9083191054,2.753671265556477,3.500932232593186,14.405068971333094,7.416991708800197
2264,736779.9622654979,2.753671265556477,3.500932232593186,14.405068971333094,7.416991708800197
2276,736780.4052408708,4.815228461404331,3.500932232593186,14.405068971333094,5.7434849452693015
2279,736780.4851198059,3.7940188468201086,2.753671265556477,14.405068971333094,8.661584026063792
2293,736781.1394401732,8.045727877411991,5.877067614695989,8.045727877411991,7.416991708800197
2308,736781.5629076044,2.753671265556477,8.948007653700188,25.261713309097104,8.948007653700188
2359,736784.1416613744,2.753671265556477,8.948007653700188,25.261713309097104,8.948007653700188
2386,736785.2635115742,2.753671265556477,8.948007653700188,25.261713309097104,8.948007653700188
2387,736785.2650416065,2.753671265556477,8.948007653700188,25.261713309097104,8.948007653700188
2389,736785.2723883479,2.753671265556477,8.948007653700188,25.261713309097104,8.948007653700188
2397,736785.660641164,2.753671265556477,8.948007653700188,25.261713309097104,8.948007653700188
2399,736785.784680458,2.753671265556477,8.948007653700188,25.261713309097104,8.948007653700188
2401,736785.8778224883,2.753671265556477,8.948007653700188,25.261713309097104,8.948007653700188
2491,736789.758888465,2.753671265556477,8.948007653700188,25.261713309097104,8.948007653700188
2494,736789.8308053411,8.267897736746818,8.267897736746818,23.836991280666552,8.948007653700188
2496,736789.9108525867,8.267897736746818,8.267897736746818,23.836991280666552,8.948007653700188
2516,736790.4572197654,9.972099959501065,9.317779592238367,9.972099959501065,9.317779592238367
2525,736790.880593327,9.972099959501065,9.317779592238367,9.972099959501065,9.317779592238367
2653,736795.7634432189,8.267897736746818,8.267897736746818,23.148543268209323,8.267897736746818
2772,736796.8591857594,8.267897736746818,8.267897736746818,23.148543268209323,8.267897736746818
2814,736797.418011555,8.267897736746818,8.267897736746818,23.148543268209323,8.267897736746818
2883,736799.1707974476,8.267897736746818,8.267897736746818,23.148543268209323,8.267897736746818
2904,736799.7362738324,8.267897736746818,8.267897736746818,23.148543268209323,8.267897736746818
2906,736799.744627032,8.267897736746818,8.267897736746818,23.148543268209323,8.267897736746818
2907,736799.7453510765,8.267897736746818,8.267897736746818,23.148543268209323,8.267897736746818
2908,736799.7459379926,8.267897736746818,8.267897736746818,23.148543268209323,8.267897736746818
2910,736799.7481007886,8.267897736746818,8.267897736746818,23.148543268209323,8.267897736746818
2912,736799.7530436021,8.267897736746818,8.267897736746818,23.148543268209323,8.267897736746818
2913,736799.7535368212,8.267897736746818,8.267897736746818,23.148543268209323,8.267897736746818
2947,736801.0700048455,8.267897736746818,8.267897736746818,23.148543268209323,9.425564470351674
2949,736801.1511413852,8.267897736746818,8.267897736746818,23.148543268209323,9.425564470351674
2989,736802.4299311154,8.267897736746818,8.267897736746818,8.267897736746818,21.944811309454963
3005,736803.1751668935,8.267897736746818,8.267897736746818,8.267897736746818,14.624003045726568
3006,736803.2659663088,8.267897736746818,8.267897736746818,8.267897736746818,14.624003045726568
3076,736806.2496210369,8.267897736746818,8.267897736746818,8.267897736746818,14.624003045726568
3612,736811.1238992646,8.267897736746818,8.267897736746818,8.267897736746818,14.624003045726568
3659,736811.5777758555,8.267897736746818,8.267897736746818,8.267897736746818,14.624003045726568
3769,736813.0912988893,8.267897736746818,8.267897736746818,8.267897736746818,14.624003045726568
3778,736813.2157514676,8.267897736746818,8.267897736746818,8.267897736746818,14.624003045726568
4025,736817.8818554026,14.706688509089872,14.706688509089872,14.706688509089872,14.706688509089872
4082,736819.3272730346,14.706688509089872,14.706688509089872,28.87005326920189,16.897341919247992
4092,736819.6126469916,14.706688509089872,14.706688509089872,28.87005326920189,16.897341919247992
4095,736819.6312271084,14.706688509089872,14.706688509089872,28.87005326920189,16.897341919247992
4101,736819.881221302,14.706688509089872,14.706688509089872,14.706688509089872,16.897341919247992
4133,736820.7617043257,14.706688509089872,14.706688509089872,14.706688509089872,16.897341919247992
4157,736821.8925490396,14.706688509089872,14.706688509089872,26.129105820669793,18.811216456466354
4186,736822.5470007921,14.706688509089872,14.706688509089872,26.129105820669793,18.811216456466354
4195,736822.8369438696,14.706688509089872,14.706688509089872,26.129105820669793,18.811216456466354
4200,736822.9436173924,14.706688509089872,14.706688509089872,26.129105820669793,18.811216456466354
4318,736825.3397470207,14.706688509089872,14.706688509089872,14.706688509089872,16.897341919247992
4348,736825.8515769177,14.706688509089872,14.706688509089872,24.781572072184645,14.706688509089872
4350,736825.8671120126,14.706688509089872,14.706688509089872,24.781572072184645,14.706688509089872
4354,736825.9538504663,14.706688509089872,14.706688509089872,24.781572072184645,14.706688509089872
4363,736826.1139435326,14.706688509089872,14.706688509089872,14.706688509089872,14.706688509089872
4369,736826.2454962061,14.706688509089872,14.706688509089872,14.706688509089872,14.706688509089872
4395,736826.8362321479,14.706688509089872,14.706688509089872,14.706688509089872,16.15210614108946
4544,736830.0313164161,14.706688509089872,14.706688509089872,20.822544194059446,14.706688509089872
4576,736830.8081785135,14.706688509089872,14.706688509089872,14.706688509089872,14.706688509089872
4860,736838.8269817987,14.706688509089872,14.706688509089872,14.706688509089872,14.706688509089872
4894,736839.9850027009,14.706688509089872,14.706688509089872,14.706688509089872,14.706688509089872
4898,736840.0964485278,14.706688509089872,14.706688509089872,14.706688509089872,14.706688509089872
4941,736841.7220836063,14.706688509089872,14.706688509089872,14.706688509089872,14.706688509089872
5011,736843.7144555199,14.706688509089872,14.706688509089872,14.706688509089872,14.706688509089872
5094,736845.8023805865,14.706688509089872,14.706688509089872,14.706688509089872,14.706688509089872
5115,736846.3914312493,14.706688509089872,14.706688509089872,14.706688509089872,14.706688509089872
5152,736847.2028023215,14.706688509089872,14.706688509089872,14.706688509089872,14.706688509089872
5200,736848.430508306,14.706688509089872,14.706688509089872,14.706688509089872,14.706688509089872
5237,736849.8240146696,14.706688509089872,14.706688509089872,14.706688509089872,14.706688509089872
5238,736849.8248445435,14.706688509089872,14.706688509089872,22.988612395594828,19.79352812736761
5239,736849.8636655475,14.706688509089872,14.706688509089872,22.988612395594828,19.79352812736761
5241,736849.897304794,14.706688509089872,14.706688509089872,22.988612395594828,19.79352812736761
5242,736849.9006765365,14.706688509089872,14.706688509089872,22.988612395594828,19.79352812736761
5243,736849.9018800388,14.706688509089872,14.706688509089872,22.988612395594828,19.79352812736761
5276,736850.5949023024,14.706688509089872,14.706688509089872,14.706688509089872,25.255155281629413
5281,736850.7381469153,9.28827001422178,9.28827001422178,9.28827001422178,9.28827001422178
5296,736851.8552522883,9.28827001422178,9.28827001422178,25.609756082179956,21.823935872176662
5295,736851.8552581115,9.28827001422178,14.706688509089872,25.609756082179956,15.771064170403406
5304,736852.0141781771,9.28827001422178,14.706688509089872,25.609756082179956,15.771064170403406
5309,736852.334773336,9.28827001422178,14.706688509089872,25.609756082179956,17.171485905419104
5310,736852.3617588381,9.28827001422178,14.706688509089872,25.609756082179956,17.171485905419104
5335,736853.1133746039,9.28827001422178,14.706688509089872,25.609756082179956,17.171485905419104
5353,736853.5624709704,9.28827001422178,14.706688509089872,25.609756082179956,17.171485905419104
5361,736853.716687638,9.28827001422178,14.706688509089872,25.609756082179956,17.171485905419104
5362,736853.7259084295,9.28827001422178,14.706688509089872,25.609756082179956,17.171485905419104
5365,736853.8683231621,9.28827001422178,14.706688509089872,25.609756082179956,17.171485905419104
5377,736854.4117472345,9.28827001422178,14.706688509089872,25.609756082179956,17.171485905419104
5383,736854.7679201605,9.28827001422178,9.28827001422178,24.736603744444437,9.28827001422178
5391,736855.2525330675,14.706688509089872,14.706688509089872,14.706688509089872,14.706688509089872
5427,736856.499051587,9.28827001422178,9.28827001422178,9.28827001422178,22.988612395594828
5478,736858.5766326222,9.28827001422178,9.28827001422178,9.28827001422178,22.988612395594828
5486,736859.0125266548,9.28827001422178,9.28827001422178,21.823941695387475,10.065132111660205
5538,736860.7974789707,9.28827001422178,9.28827001422178,21.823941695387475,10.065132111660205
5549,736861.2344277094,9.28827001422178,9.28827001422178,21.823941695387475,10.065132111660205
5646,736864.5068876889,9.28827001422178,9.28827001422178,9.28827001422178,9.28827001422178
5694,736865.5748503775,9.28827001422178,9.28827001422178,18.372048055985942,9.28827001422178
5823,736868.9608702582,9.28827001422178,9.28827001422178,18.372048055985942,9.28827001422178
5913,736871.5227477485,9.28827001422178,9.28827001422178,21.62207121204119,15.023696161573753
5943,736872.671296879,9.28827001422178,9.28827001422178,20.336523542995565,9.28827001422178
5993,736875.0151571633,9.28827001422178,9.28827001422178,21.62207121204119,12.510221093776636
6049,736878.1171477019,13.610260013025254,10.508269474375993,13.610260013025254,10.508269474375993
6080,736878.6587907488,5.947897371021099,13.610260013025254,22.15973916184157,13.610260013025254
6102,736879.6388932064,5.947897371021099,13.610260013025254,22.15973916184157,13.610260013025254
6116,736880.117940676,5.947897371021099,13.610260013025254,22.15973916184157,13.610260013025254
6231,736883.9565180864,5.947897371021099,13.610260013025254,22.15973916184157,13.610260013025254
6303,736886.905389403,11.89023223973345,11.89023223973345,11.89023223973345,12.510221093776636
6382,736891.66116843,8.246598654193804,8.246598654193804,8.246598654193804,11.89023223973345
6383,736891.6632616991,8.246598654193804,8.246598654193804,8.246598654193804,11.89023223973345
6386,736891.8730438292,8.246598654193804,8.246598654193804,8.246598654193804,11.89023223973345
6448,736893.6306074971,8.246598654193804,8.246598654193804,26.086318052490242,18.989871551049873
6458,736894.001773209,8.246598654193804,8.246598654193804,18.98661604570225,8.78824170108419
6459,736894.0080167146,8.246598654193804,8.246598654193804,18.98661604570225,8.78824170108419
6527,736895.7590074835,8.246598654193804,8.246598654193804,23.08771060453728,23.08771060453728
6530,736895.9126100499,8.246598654193804,8.246598654193804,11.89023223973345,8.78824170108419
6546,736896.5207283454,8.246598654193804,8.246598654193804,8.246598654193804,11.89023223973345
6547,736896.5220888157,8.246598654193804,8.246598654193804,8.246598654193804,11.89023223973345
6574,736897.5384653956,8.246598654193804,8.246598654193804,8.246598654193804,11.89023223973345
6577,736897.7356935954,8.246598654193804,8.246598654193804,23.08771060453728,13.54402072809171
6708,736904.6500548259,8.246598654193804,8.246598654193804,16.64601126674097,11.89023223973345
6719,736905.3502435408,8.246598654193804,8.246598654193804,16.64601126674097,11.89023223973345
6765,736907.3879280741,11.475318024167791,8.737444775993936,11.475318024167791,8.737444775993936
6773,736907.9444805181,11.475318024167791,8.737444775993936,11.475318024167791,8.737444775993936
6787,736908.8652175264,11.475318024167791,8.737444775993936,11.475318024167791,8.737444775993936
6799,736909.5300821769,8.737444775993936,8.246598654193804,8.737444775993936,8.246598654193804
6801,736909.9576731521,8.737444775993936,8.246598654193804,8.737444775993936,8.246598654193804
6802,736909.9645505417,8.737444775993936,8.246598654193804,8.737444775993936,8.246598654193804
6818,736910.702349969,8.246598654193804,8.246598654193804,17.071742471889593,8.246598654193804
6840,736913.0804206206,8.246598654193804,8.246598654193804,17.071742471889593,8.246598654193804
6850,736913.3751927494,8.246598654193804,8.246598654193804,8.246598654193804,11.475318024167791
6854,736913.508277298,8.246598654193804,8.246598654193804,8.246598654193804,8.246598654193804
6857,736913.5558628433,8.246598654193804,8.246598654193804,15.820169247919694,15.820169247919694
6945,736919.0117913424,8.246598654193804,8.246598654193804,15.820169247919694,15.820169247919694
7014,736921.8390458352,11.136695866240188,11.136695866240188,17.071742471889593,11.136695866240188
7019,736922.0236717669,11.136695866240188,11.136695866240188,17.071742471889593,11.136695866240188
7025,736922.2350012854,11.136695866240188,11.136695866240188,17.071742471889593,11.136695866240188
7041,736922.593787368,9.037924524745904,9.037924524745904,9.037924524745904,9.037924524745904
7069,736923.3568015319,9.981608782429248,9.848524233908392,9.981608782429248,11.475318024167791
7078,736923.5928814624,12.890531493467279,8.283182991901413,12.890531493467279,8.283182991901413
7091,736924.1228159587,10.614538660738617,9.085510070086457,10.614538660738617,11.475318024167791
7199,736925.9070853634,10.614538660738617,9.085510070086457,10.614538660738617,11.475318024167791
7409,736928.1421171317,10.614538660738617,9.085510070086457,10.614538660738617,11.475318024167791
7411,736928.1613015026,8.283182991901413,8.283182991901413,11.136695866240188,11.136695866240188
7412,736928.2056343456,8.283182991901413,8.283182991901413,11.136695866240188,11.136695866240188
7423,736928.7891528399,8.283182991901413,8.283182991901413,16.73488788458053,9.085510070086457
7480,736930.1713705354,8.283182991901413,8.283182991901413,8.283182991901413,11.136695866240188
7504,736930.8717007448,8.283182991901413,8.283182991901413,8.283182991901413,11.136695866240188
7547,736932.1115346509,8.283182991901413,8.283182991901413,8.283182991901413,11.136695866240188
7558,736932.66021259,8.283182991901413,8.283182991901413,28.010157764074393,11.136695866240188
7562,736932.7444309421,8.283182991901413,8.283182991901413,8.283182991901413,11.136695866240188
7575,736932.8603806335,8.283182991901413,8.283182991901413,15.20585929392837,9.037924524745904
7578,736932.9522906431,8.283182991901413,8.283182991901413,13.063705191132613,9.037924524745904
7605,736934.0608856382,8.283182991901413,8.283182991901413,13.063705191132613,9.037924524745904
7668,736936.1428895305,8.283182991901413,12.786087998654693,8.283182991901413,12.786087998654693
7690,736936.4364977571,8.283182991901413,8.283182991901413,9.848524233908392,9.848524233908392
7693,736936.5706995276,8.283182991901413,8.283182991901413,9.848524233908392,9.848524233908392
7762,736938.5437245552,8.283182991901413,8.283182991901413,19.577097893692553,9.218594618607312
7809,736941.0349220616,8.290491119492799,8.290491119492799,8.290491119492799,8.290491119492799
7858,736942.1477656581,8.290491119492799,8.290491119492799,8.290491119492799,8.290491119492799
7877,736942.5847229777,8.290491119492799,8.290491119492799,8.290491119492799,8.290491119492799
7885,736943.0208834152,8.283182991901413,8.290491119492799,8.283182991901413,8.290491119492799
7937,736944.6632398121,8.283182991901413,8.283182991901413,13.079696225235239,8.283182991901413
7942,736944.9064994955,8.283182991901413,8.283182991901413,13.079696225235239,8.283182991901413
7945,736945.12201516,8.283182991901413,8.283182991901413,8.283182991901413,8.283182991901413
8017,736948.3029130786,8.283182991901413,8.283182991901413,8.283182991901413,8.283182991901413
8052,736950.0047377901,4.882722630049102,4.882722630049102,26.411856327671558,12.169724516919814
8054,736950.0109775739,8.283182991901413,8.283182991901413,8.283182991901413,8.283182991901413
8081,736950.5148803302,9.479958268580958,8.283182991901413,10.863551526213996,8.290491119492799
8126,736952.2959784113,4.882722630049102,4.882722630049102,4.882722630049102,19.833367254701443
8145,736952.8462833177,8.283182991901413,6.11951525695622,8.283182991901413,8.283182991901413
8182,736954.3404016211,4.882722630049102,4.882722630049102,12.169724516919814,8.283182991901413
8196,736954.6959207894,4.882722630049102,4.882722630049102,17.052447146968916,5.591433912049979
8221,736955.9453817296,11.282141917501576,11.282141917501576,11.282141917501576,11.282141917501576
8244,736956.8104740977,4.888962413882837,4.888962413882837,8.283182991901413,8.283182991901413
8258,736957.2961945086,4.888962413882837,4.888962413882837,9.754571715253405,6.11951525695622
8341,736960.6342143664,4.882722630049102,4.882722630049102,6.578290604869835,6.11951525695622
8348,736960.9238714436,4.882722630049102,4.882722630049102,6.578290604869835,6.11951525695622
8350,736960.9791398305,4.882722630049102,4.882722630049102,6.578290604869835,6.11951525695622
8426,736962.5898665525,10.293888141168281,10.293888141168281,10.293888141168281,10.293888141168281
8548,736966.2657435605,10.293888141168281,10.293888141168281,10.293888141168281,10.293888141168281
8571,736967.0172678061,10.293888141168281,10.293888141168281,10.293888141168281,10.293888141168281
8589,736967.751925373,10.293888141168281,10.293888141168281,10.293888141168281,10.293888141168281
8740,736970.0065470936,10.293888141168281,10.293888141168281,10.293888141168281,10.293888141168281
8754,736970.1105939114,7.520727358874865,7.520727358874865,15.414673121995293,7.520727358874865
8788,736970.41421259,7.520727358874865,7.520727358874865,15.414673121995293,7.520727358874865
8789,736970.4226458335,9.788431467022747,9.476379544939846,9.788431467022747,9.476379544939846
8836,736971.2066139679,7.520727358874865,9.476379544939846,15.414673121995293,9.476379544939846
8875,736971.8932685002,7.520727358874865,9.476379544939846,15.414673121995293,9.476379544939846
8899,736972.412382014,7.520727358874865,9.476379544939846,15.414673121995293,9.476379544939846
8911,736972.6370488394,7.520727358874865,7.520727358874865,7.520727358874865,13.126451324904338
8912,736972.6375302022,7.520727358874865,7.520727358874865,7.520727358874865,15.340854330803268
8925,736973.1253394019,7.520727358874865,7.520727358874865,22.61045907170046,22.61045907170046
8933,736973.4635538998,7.520727358874865,7.520727358874865,22.61045907170046,22.61045907170046
8934,736973.4695479622,7.520727358874865,7.520727358874865,22.61045907170046,22.61045907170046
8955,736973.9910661146,9.788431467022747,9.476379544939846,9.788431467022747,9.476379544939846
8964,736974.2839578395,7.520727358874865,7.520727358874865,15.414673121995293,7.520727358874865
8987,736974.8862689319,7.520727358874865,7.520727358874865,15.414673121995293,7.520727358874865
9046,736976.1574088108,7.520727358874865,7.520727358874865,7.520727358874865,26.146431236877106
9168,736978.7663721207,7.520727358874865,7.520727358874865,7.520727358874865,7.893945763120428
9182,736979.658156459,7.520727358874865,7.520727358874865,9.788431467022747,9.788431467022747
9187,736979.86484603,7.520727358874865,7.520727358874865,15.414673121995293,9.476379544939846
9193,736980.1012685031,7.520727358874865,7.520727358874865,15.414673121995293,9.476379544939846
9242,736981.6835195122,7.520727358874865,7.520727358874865,15.414673121995293,9.476379544939846
9294,736982.8489845303,7.520727358874865,7.520727358874865,15.414673121995293,9.476379544939846
9303,736982.9957563272,7.520727358874865,7.520727358874865,7.520727358874865,9.788431467022747
9363,736984.8673198418,7.520727358874865,7.520727358874865,7.520727358874865,9.788431467022747
9392,736986.3837680295,7.520727358874865,7.520727358874865,7.520727358874865,9.788431467022747
9400,736986.4979899334,12.214032093877904,7.520727358874865,12.214032093877904,9.476379544939846
9405,736986.5879244673,7.520727358874865,7.520727358874865,7.520727358874865,9.476379544939846
9451,736987.8185696682,7.520727358874865,7.520727358874865,7.520727358874865,7.520727358874865
9482,736988.8842450465,7.520727358874865,7.520727358874865,7.520727358874865,7.520727358874865
9483,736988.8868029857,12.214032093877904,7.520727358874865,12.214032093877904,9.476379544939846
9484,736988.8916162625,12.214032093877904,7.520727358874865,12.214032093877904,9.476379544939846
9485,736988.8980814584,12.214032093877904,7.520727358874865,12.214032093877904,9.476379544939846
9521,736990.1341952087,7.520727358874865,7.520727358874865,7.520727358874865,9.476379544939846
9534,736990.4720965339,7.520727358874865,7.520727358874865,12.506923818727955,9.476379544939846
9542,736990.8059022693,7.520727358874865,7.520727358874865,7.520727358874865,7.520727358874865
9569,736992.2790432805,7.520727358874865,7.520727358874865,7.520727358874865,7.520727358874865
9582,736993.1594325472,10.16367621999234,7.520727358874865,10.16367621999234,7.520727358874865
9591,736993.8129410145,10.16367621999234,7.520727358874865,10.16367621999234,7.520727358874865
9602,736994.3482343022,14.690077843260951,7.520727358874865,14.690077843260951,7.520727358874865
9633,736995.515507049,7.696937380824238,7.520727358874865,7.696937380824238,7.520727358874865
9637,736995.6021467294,7.696937380824238,7.520727358874865,7.696937380824238,7.520727358874865
9642,736995.8744426988,3.5022336061811075,3.5022336061811075,16.216286239796318,3.5022336061811075
9646,736996.0293799578,3.5022336061811075,3.5022336061811075,16.216286239796318,3.5022336061811075
9668,736996.5215816841,5.715679414803162,3.5423320329282433,12.506923818727955,6.396721430239268
9700,736997.2158498481,5.715679414803162,3.5423320329282433,12.506923818727955,6.396721430239268
9794,736999.9104303173,5.715679414803162,3.5423320329282433,12.506923818727955,6.396721430239268
9897,737002.9905232812,5.715679414803162,3.5423320329282433,12.506923818727955,6.396721430239268
9899,737002.99896987,5.715679414803162,3.5423320329282433,12.506923818727955,6.396721430239268
9907,737003.0986855294,5.715679414803162,3.5423320329282433,12.506923818727955,6.396721430239268
10034,737007.2574225854,5.715679414803162,3.5423320329282433,12.506923818727955,6.396721430239268
10051,737007.7492307681,5.715679414803162,3.5423320329282433,12.506923818727955,6.396721430239268
10053,737007.8082436123,5.715679414803162,3.5423320329282433,12.506923818727955,6.396721430239268
10081,737008.5826254747,5.715679414803162,3.5423320329282433,12.506923818727955,6.396721430239268
10100,737009.3396402573,5.715679414803162,3.5423320329282433,12.506923818727955,6.396721430239268
10110,737009.5695132432,5.715679414803162,3.5423320329282433,12.506923818727955,6.396721430239268
10167,737012.0585946633,15.537012979155406,15.537012979155406,24.240024995058775,16.543087614234537
10177,737012.4424060729,15.537012979155406,15.537012979155406,15.920824388740584,15.920824388740584
10186,737013.0466165999,15.537012979155406,15.537012979155406,15.537012979155406,16.543087614234537
10187,737013.2112979315,15.537012979155406,15.537012979155406,15.920824388740584,15.920824388740584
10189,737013.336869225,15.537012979155406,15.537012979155406,15.920824388740584,15.920824388740584
10191,737013.3726677924,15.537012979155406,15.537012979155406,15.920824388740584,15.920824388740584
10193,737013.3928906093,15.537012979155406,15.537012979155406,15.920824388740584,15.920824388740584
10194,737013.4036319586,15.537012979155406,15.537012979155406,15.920824388740584,15.920824388740584
10195,737013.4087289849,15.537012979155406,15.537012979155406,15.920824388740584,15.920824388740584
10198,737013.5521895352,15.537012979155406,15.537012979155406,15.920824388740584,15.920824388740584
10199,737013.598983059,15.537012979155406,15.537012979155406,15.920824388740584,15.920824388740584
10200,737013.604165442,15.537012979155406,15.537012979155406,19.255931139807217,16.567963374080136
10202,737013.6755874564,15.537012979155406,15.537012979155406,19.255931139807217,16.567963374080136
10209,737013.8631689118,15.537012979155406,15.537012979155406,19.255931139807217,16.567963374080136
10229,737014.540670835,15.537012979155406,15.537012979155406,19.255931139807217,16.567963374080136
10231,737014.6704916754,15.537012979155406,15.537012979155406,19.154984626336955,15.537012979155406
10236,737014.8486763018,15.537012979155406,15.537012979155406,19.154984626336955,15.537012979155406
10237,737015.099724363,15.537012979155406,15.537012979155406,15.537012979155406,16.567963374080136
10240,737015.2866873223,15.537012979155406,15.537012979155406,15.537012979155406,16.567963374080136
10268,737016.1694962257,15.537012979155406,15.537012979155406,15.537012979155406,16.567963374080136
10273,737016.3254574301,15.537012979155406,15.537012979155406,15.537012979155406,16.567963374080136
10279,737016.7939281112,15.537012979155406,15.537012979155406,15.920824388740584,15.920824388740584
10281,737016.8036304523,15.537012979155406,15.537012979155406,15.537012979155406,15.537012979155406
10283,737016.8501242572,15.537012979155406,15.537012979155406,15.537012979155406,15.537012979155406
10286,737016.8744384139,15.537012979155406,15.537012979155406,19.154984626336955,15.537012979155406
10290,737017.0064843345,15.537012979155406,15.537012979155406,19.154984626336955,15.537012979155406
10350,737018.9101604215,15.537012979155406,15.537012979155406,19.154984626336955,15.537012979155406
10352,737018.9598718497,15.537012979155406,15.537012979155406,19.154984626336955,15.537012979155406
10359,737019.3608348075,15.537012979155406,15.537012979155406,19.154984626336955,15.537012979155406
10361,737019.374054987,15.537012979155406,15.537012979155406,16.567963374080136,15.920824388740584
10362,737019.3740752462,15.537012979155406,15.537012979155406,17.72972274327185,15.920824388740584
10411,737021.6351444984,15.537012979155406,15.537012979155406,17.336855232715607,15.920824388740584
10419,737021.8848963602,15.537012979155406,15.537012979155406,17.336855232715607,15.920824388740584
10429,737022.2452856216,15.537012979155406,15.537012979155406,16.567963374080136,15.920824388740584
10442,737022.5836810328,15.537012979155406,15.537012979155406,16.567963374080136,15.920824388740584
10444,737022.7982352487,15.537012979155406,15.537012979155406,16.567963374080136,15.920824388740584
10454,737023.0751646596,15.537012979155406,15.537012979155406,16.567963374080136,15.920824388740584
10455,737023.0768821572,2.499616573099047,15.537012979155406,2.499616573099047,16.525034915772267
10468,737023.3128345032,2.499616573099047,15.537012979155406,2.499616573099047,16.525034915772267
10489,737023.9966650619,15.537012979155406,15.537012979155406,19.255931139807217,15.920824388740584
10537,737025.5743528062,15.537012979155406,15.537012979155406,18.148909991257824,15.920824388740584
10538,737025.5745863956,15.537012979155406,15.537012979155406,18.148909991257824,15.920824388740584
10540,737025.5807741227,15.537012979155406,15.537012979155406,18.148909991257824,15.920824388740584
10545,737025.7485460052,15.537012979155406,15.537012979155406,18.148909991257824,15.920824388740584
10555,737026.1813304638,15.537012979155406,15.537012979155406,18.148909991257824,15.920824388740584
10571,737026.5009438122,8.699914392316714,15.537012979155406,8.699914392316714,15.537012979155406
10583,737027.676640852,15.537012979155406,3.702827170258388,15.537012979155406,3.702827170258388
10611,737028.7356660904,2.499616573099047,15.537012979155406,2.499616573099047,15.537012979155406
10619,737029.04546809,2.499616573099047,15.537012979155406,2.499616573099047,15.537012979155406
10630,737029.380725664,2.499616573099047,3.702827170258388,2.499616573099047,3.702827170258388
10659,737030.7245258312,2.499616573099047,3.702827170258388,2.499616573099047,3.702827170258388
10708,737032.1504009309,8.15373586898204,4.739001028472558,15.537012979155406,4.739001028472558
10729,737033.0826209727,9.085955910733901,2.499616573099047,15.537012979155406,2.570424534729682
10738,737033.5133427794,6.200297819217667,2.499616573099047,15.537012979155406,2.499616573099047
10863,737038.8691925076,11.192551655578427,5.836701927357353,11.192551655578427,6.202443743357435
10868,737038.9097580386,11.192551655578427,5.836701927357353,11.192551655578427,6.202443743357435
10915,737041.0470211221,11.192551655578427,5.836701927357353,11.192551655578427,6.200297819217667
10920,737041.1626397858,11.192551655578427,5.836701927357353,11.192551655578427,6.200297819217667
10956,737042.3755778236,9.292956850957125,8.862235044245608,15.537012979155406,8.862235044245608
10972,737042.661539347,11.192551655578427,5.355849728221074,11.192551655578427,5.355849728221074
10975,737042.6833246434,5.355849728221074,5.355849728221074,11.192551655578427,5.355849728221074
10987,737043.0822944856,5.355849728221074,5.355849728221074,5.355849728221074,12.36824869539123
11011,737043.6851373033,5.355849728221074,5.355849728221074,11.192551655578427,5.355849728221074
11039,737045.2427202716,5.355849728221074,5.355849728221074,11.192551655578427,5.355849728221074
11043,737045.3930157186,14.66848988737911,11.879672939190641,14.66848988737911,11.879672939190641
11080,737047.0702859609,13.556943181552924,5.355849728221074,13.556943181552924,5.355849728221074
11130,737049.4271337667,5.355849728221074,5.355849728221074,11.879672939190641,5.355849728221074
11257,737053.9328059879,5.355849728221074,5.355849728221074,11.879672939190641,5.355849728221074
11278,737055.8145552992,6.387421532534063,6.387421532534063,11.879672939190641,6.387421532534063
11386,737060.8420721802,6.387421532534063,11.414938413538039,15.599351908662356,11.414938413538039
11415,737062.4812681429,6.387421532534063,6.387421532534063,6.387421532534063,23.612075635348447
11467,737064.3996866569,6.387421532534063,6.387421532534063,19.156966385315172,15.599351908662356
11512,737066.110204479,6.387421532534063,6.387421532534063,17.75977769459132,15.599351908662356
11533,737066.9900138669,6.387421532534063,6.387421532534063,6.387421532534063,19.79505105817225
11547,737067.8848635445,6.387421532534063,12.070308245252818,6.387421532534063,12.070308245252818
11559,737068.4284108958,6.387421532534063,6.387421532534063,21.35812493483536,6.387421532534063
11574,737068.927926039,6.387421532534063,6.387421532534063,21.35812493483536,6.387421532534063
11583,737069.1422843132,6.387421532534063,6.387421532534063,6.387421532534063,6.387421532534063
11585,737069.1515613213,6.387421532534063,6.387421532534063,6.387421532534063,6.387421532534063
11586,737069.1524319651,6.387421532534063,6.387421532534063,6.387421532534063,6.387421532534063
11588,737069.1869287118,6.387421532534063,12.070308245252818,22.49184782593511,12.070308245252818
11645,737071.8064075351,6.387421532534063,6.387421532534063,6.387421532534063,12.070308245252818
11646,737071.8295619658,6.387421532534063,6.387421532534063,13.372373412596062,12.070308245252818
11649,737072.0176094834,6.387421532534063,6.387421532534063,16.015006666537374,12.070308245252818
11720,737076.2346535197,6.387421532534063,6.387421532534063,6.387421532534063,12.070308245252818
11726,737076.578366551,6.387421532534063,6.387421532534063,16.015006666537374,7.042791364248842
11758,737080.6248455418,8.149955655215308,6.387421532534063,8.149955655215308,7.586338715511374
11779,737081.643145655,8.149955655215308,6.387421532534063,8.149955655215308,7.586338715511374
11791,737082.1696838668,8.149955655215308,6.387421532534063,8.149955655215308,7.586338715511374
11852,737084.6968175701,6.387421532534063,6.387421532534063,18.586613091174513,17.706803703214973
11875,737085.6381048317,9.4034513119841,9.4034513119841,9.4034513119841,12.070308245252818
11899,737086.9063808689,6.387421532534063,6.387421532534063,6.387421532534063,6.387421532534063
11946,737088.4237795466,7.798934004851617,6.387421532534063,8.60723605833482,6.387421532534063
11950,737088.4729315335,4.217044036253355,5.027516881003976,24.07324487657752,20.796176389907487
12059,737092.842651891,4.217044036253355,5.027516881003976,24.07324487657752,20.796176389907487
12068,737093.3948870326,6.488506163703278,6.387421532534063,8.149955655215308,6.387421532534063
12072,737093.6120011826,6.488506163703278,6.387421532534063,8.149955655215308,6.387421532534063
12077,737094.007759267,6.488506163703278,6.387421532534063,8.149955655215308,6.387421532534063
12099,737095.0481334833,6.488506163703278,6.387421532534063,8.149955655215308,6.387421532534063
12205,737096.1501640591,7.7263845124980435,7.7263845124980435,7.7263845124980435,7.798934004851617
12362,737099.6905012432,7.7263845124980435,7.7263845124980435,7.7263845124980435,7.798934004851617
12365,737099.7447056898,12.838324820972048,6.34981865726877,12.838324820972048,6.387421532534063
12557,737102.8772803501,4.9219554990995675,6.34981865726877,12.838324820972048,6.34981865726877
12612,737104.7412440984,4.9219554990995675,6.34981865726877,12.838324820972048,6.34981865726877
12653,737105.9869556539,4.9219554990995675,6.34981865726877,12.838324820972048,6.34981865726877
12654,737106.0096334385,4.9219554990995675,6.34981865726877,12.838324820972048,6.34981865726877
12666,737106.4494607385,4.9219554990995675,6.34981865726877,12.838324820972048,6.34981865726877
12678,737106.9150657436,4.9219554990995675,6.34981865726877,12.838324820972048,6.34981865726877
12748,737109.8520221935,4.9219554990995675,6.97474184341263,21.379090660018846,11.271774156368338
12769,737110.5481733726,4.9219554990995675,6.97474184341263,4.9219554990995675,6.97474184341263
12775,737110.6386772041,4.9219554990995675,6.97474184341263,4.9219554990995675,6.97474184341263
12777,737110.6653494668,10.920643777004443,4.9219554990995675,11.271774156368338,6.34981865726877
12787,737111.0010989362,5.0141432823147625,4.9219554990995675,9.482393317506649,6.34981865726877
12806,737111.3841362236,5.0141432823147625,4.9219554990995675,9.482393317506649,6.34981865726877
12841,737112.3086253428,5.0141432823147625,4.9219554990995675,9.482393317506649,6.34981865726877
12843,737112.3346285007,5.0141432823147625,4.9219554990995675,9.482393317506649,6.34981865726877
12876,737114.0189541681,4.9219554990995675,4.9219554990995675,12.838324820972048,6.34981865726877
12930,737116.0708827486,4.9219554990995675,5.069783812388778,19.92071868944913,9.836791594745591
12931,737116.1391692058,5.0141432823147625,4.9219554990995675,6.488506163703278,6.34981865726877
12951,737117.1760580325,5.0141432823147625,4.9219554990995675,6.488506163703278,6.34981865726877
12977,737118.5173667378,5.0141432823147625,4.9219554990995675,5.0141432823147625,6.34981865726877
12991,737119.3114870611,5.0141432823147625,4.9219554990995675,5.0141432823147625,6.34981865726877
13002,737120.0736749992,5.473819738952443,4.9219554990995675,7.6708930225577205,6.34981865726877
13017,737121.0012234449,4.9219554990995675,6.982269276864827,4.9219554990995675,10.920643777004443
13019,737121.0302427025,4.9219554990995675,6.982269276864827,4.9219554990995675,10.920643777004443
13086,737123.5605611574,12.55946222122293,4.9219554990995675,12.55946222122293,5.0141432823147625
13091,737123.7223836624,12.55946222122293,4.9219554990995675,12.55946222122293,5.0141432823147625
13093,737123.9024709192,12.55946222122293,4.9219554990995675,12.55946222122293,5.0141432823147625
13117,737124.5761638337,12.55946222122293,4.9219554990995675,12.55946222122293,5.0141432823147625
13138,737126.0163896759,4.9219554990995675,4.9219554990995675,12.55946222122293,5.1380702696042135
13151,737126.8417188735,4.9219554990995675,4.9219554990995675,12.55946222122293,5.1380702696042135
13155,737127.1448373348,4.9219554990995675,4.9219554990995675,12.55946222122293,5.1380702696042135
13170,737127.6460527994,4.9219554990995675,4.9219554990995675,12.55946222122293,5.1380702696042135
13176,737127.9455216877,4.9219554990995675,4.9219554990995675,12.55946222122293,5.0141432823147625
13191,737128.3591681457,4.9219554990995675,4.9219554990995675,12.55946222122293,5.0141432823147625
13208,737129.0206504875,4.9219554990995675,4.9219554990995675,12.55946222122293,5.0141432823147625
13273,737130.9547651415,4.9219554990995675,4.9219554990995675,12.55946222122293,5.0141432823147625
13293,737131.6519219037,4.9219554990995675,4.9219554990995675,12.55946222122293,5.0141432823147625
13298,737131.7899679844,4.9219554990995675,4.9219554990995675,12.55946222122293,5.0141432823147625
13311,737132.3903927498,4.9219554990995675,4.9219554990995675,12.55946222122293,5.0141432823147625
13359,737134.1288035524,4.444871062063612,14.05512855318375,23.58063017972745,14.05512855318375
13374,737135.0312758138,4.444871062063612,14.05512855318375,23.58063017972745,14.05512855318375
13375,737135.0424149503,4.444871062063612,14.05512855318375,23.58063017972745,14.05512855318375
13381,737135.8182821849,4.444871062063612,4.444871062063612,14.05512855318375,4.9219554990995675
13382,737135.8239241614,4.444871062063612,4.444871062063612,14.05512855318375,4.444871062063612
13383,737135.9404857699,4.444871062063612,4.444871062063612,14.05512855318375,4.444871062063612
13724,737140.1378853859,4.444871062063612,7.872760497150011,21.620518648065627,7.872760497150011
13756,737140.4195284802,4.479042710270733,4.444871062063612,15.744607185712084,4.444871062063612
13889,737142.0877293217,4.479042710270733,4.444871062063612,15.744607185712084,4.444871062063612
13921,737142.78148374,4.479042710270733,4.444871062063612,15.744607185712084,4.444871062063612
13930,737142.9285171822,4.479042710270733,4.444871062063612,15.744607185712084,4.444871062063612
13931,737142.9326284009,4.479042710270733,4.444871062063612,15.744607185712084,4.444871062063612
13958,737143.1588953229,4.479042710270733,4.444871062063612,15.744607185712084,4.444871062063612
14073,737143.6956933147,11.305300564854406,4.479042710270733,11.305300564854406,4.479042710270733
14424,737145.1453761306,4.444871062063612,11.305300564854406,19.12898645468522,11.305300564854406
14490,737145.666399582,11.305300564854406,11.305300564854406,11.305300564854406,11.305300564854406
14518,737145.8818767689,11.305300564854406,11.305300564854406,11.305300564854406,11.305300564854406
14781,737147.3551557369,11.305300564854406,11.305300564854406,11.305300564854406,11.305300564854406
14849,737147.8648571887,11.305300564854406,11.305300564854406,11.305300564854406,11.305300564854406
14862,737147.9434278106,11.305300564854406,11.305300564854406,11.305300564854406,11.305300564854406
15098,737152.1446076875,11.305300564854406,11.305300564854406,11.305300564854406,11.305300564854406
15137,737152.7510403087,9.055346994078718,7.084640726679936,11.305300564854406,7.084640726679936
15145,737152.8600809233,9.055346994078718,7.084640726679936,11.305300564854406,7.084640726679936
15268,737154.0906463866,12.331511828582734,7.605664178146981,12.331511828582734,7.605664178146981
15355,737155.0484386616,12.331511828582734,7.605664178146981,12.331511828582734,7.605664178146981
15423,737155.9457251813,12.331511828582734,7.605664178146981,12.331511828582734,7.605664178146981
15467,737156.6080006982,7.084640726679936,11.462624567560852,7.084640726679936,11.462624567560852
15746,737158.7275947654,7.084640726679936,11.462624567560852,7.084640726679936,11.462624567560852
15762,737158.8382085591,13.171808977029286,7.084640726679936,13.171808977029286,11.305300564854406
15899,737160.3594766629,7.084640726679936,7.084640726679936,7.084640726679936,15.21410053235013
15905,737160.5097988232,7.084640726679936,7.084640726679936,7.084640726679936,11.462624567560852
16036,737162.5794326169,7.084640726679936,7.084640726679936,7.084640726679936,11.462624567560852
17094,737170.009686664,7.084640726679936,7.084640726679936,7.084640726679936,11.462624567560852
17249,737172.9367888352,7.084640726679936,7.084640726679936,7.084640726679936,11.462624567560852
17307,737173.7655115551,7.084640726679936,7.084640726679936,7.084640726679936,11.462624567560852
17388,737175.1575386111,14.64773978793528,14.64773978793528,14.64773978793528,14.64773978793528
17396,737175.2097801078,14.64773978793528,14.64773978793528,22.45873979909811,16.37157154874876
17397,737175.2110852409,14.64773978793528,14.64773978793528,22.45873979909811,16.37157154874876
17398,737175.2165064529,14.64773978793528,14.64773978793528,22.45873979909811,16.37157154874876
17399,737175.216880082,14.64773978793528,14.64773978793528,22.45873979909811,16.37157154874876
17400,737175.2304385175,14.64773978793528,14.64773978793528,22.45873979909811,16.37157154874876
17401,737175.2328769147,14.64773978793528,14.64773978793528,22.45873979909811,16.37157154874876
17404,737175.238793773,14.64773978793528,14.64773978793528,22.45873979909811,16.37157154874876
17420,737175.3761705796,14.64773978793528,14.64773978793528,22.6251302708406,16.37157154874876
17421,737175.3909392811,14.64773978793528,14.64773978793528,22.45873979909811,16.37157154874876
17459,737175.9300263404,14.64773978793528,14.64773978793528,22.45873979909811,16.37157154874876
17461,737175.940609483,14.64773978793528,14.64773978793528,22.45873979909811,16.37157154874876
17472,737176.0237675118,14.64773978793528,14.64773978793528,22.45873979909811,16.37157154874876
17565,737177.5176847088,14.64773978793528,14.64773978793528,22.45873979909811,16.37157154874876
17573,737177.688953699,14.64773978793528,14.64773978793528,22.45873979909811,16.37157154874876
17588,737177.8934535219,14.64773978793528,14.64773978793528,22.45873979909811,16.37157154874876
17656,737179.0015312603,14.64773978793528,14.64773978793528,22.45873979909811,16.37157154874876
17658,737179.0456053846,14.64773978793528,14.64773978793528,16.37157154874876,16.37157154874876
17728,737180.1910132861,14.64773978793528,14.64773978793528,16.37157154874876,16.37157154874876
17729,737180.1935250778,14.64773978793528,14.64773978793528,14.64773978793528,14.64773978793528
17859,737183.1442050732,14.64773978793528,14.64773978793528,14.64773978793528,14.64773978793528
17884,737183.9455011445,14.64773978793528,14.64773978793528,14.64773978793528,16.37157154874876
17902,737184.7164425226,14.64773978793528,14.64773978793528,14.64773978793528,14.64773978793528
17916,737185.055739237,14.64773978793528,14.64773978793528,14.64773978793528,14.64773978793528
17923,737185.1165619921,14.64773978793528,14.64773978793528,14.64773978793528,16.37157154874876
17939,737185.7523723571,14.64773978793528,14.64773978793528,14.64773978793528,14.64773978793528
17953,737186.3349227612,14.64773978793528,14.64773978793528,16.372876681853086,16.37157154874876
17967,737186.891989172,14.64773978793528,14.64773978793528,16.37157154874876,16.37157154874876
17998,737187.6823558592,14.64773978793528,14.64773978793528,14.64773978793528,14.64773978793528
18000,737187.7251871196,14.64773978793528,14.64773978793528,14.64773978793528,14.64773978793528
18016,737188.2043829915,14.64773978793528,14.64773978793528,14.64773978793528,14.64773978793528
18041,737188.7833001076,2.9506799954688177,14.64773978793528,2.9506799954688177,14.64773978793528
18045,737188.889556369,14.64773978793528,14.64773978793528,14.64773978793528,14.64773978793528
18064,737189.1767361187,14.64773978793528,14.64773978793528,14.64773978793528,14.64773978793528
18223,737194.139013977,14.64773978793528,14.64773978793528,14.64773978793528,14.64773978793528
18244,737194.8227019515,5.933145582443103,5.933145582443103,5.933145582443103,14.64773978793528
18264,737195.3002237993,14.64773978793528,6.410667430260219,14.64773978793528,6.410667430260219
18276,737195.732465798,8.050109938834794,14.64773978793528,8.050109938834794,14.64773978793528
18356,737199.3843391237,14.64773978793528,6.410667430260219,14.64773978793528,6.410667430260219
18400,737201.4751457477,5.933145582443103,5.933145582443103,5.933145582443103,5.933145582443103
18410,737201.6185687712,13.93621291196905,7.528082806500606,13.93621291196905,7.528082806500606
18415,737202.085085928,13.93621291196905,7.528082806500606,13.93621291196905,7.528082806500606
18459,737204.406205429,13.93621291196905,7.528082806500606,13.93621291196905,7.528082806500606
18561,737209.7370143707,8.118445599568076,8.118445599568076,13.93621291196905,8.118445599568076
18593,737210.9348829385,8.118445599568076,8.118445599568076,13.93621291196905,8.118445599568076
18605,737211.4086953445,8.118445599568076,8.118445599568076,13.93621291196905,8.118445599568076
18608,737211.4828582052,8.118445599568076,8.118445599568076,13.93621291196905,8.118445599568076
18621,737212.0968787005,8.118445599568076,8.118445599568076,13.93621291196905,8.118445599568076
18629,737212.3646358656,8.118445599568076,8.118445599568076,16.632170067518018,8.118445599568076
18646,737213.1095670288,13.725227905088104,13.725227905088104,14.64773978793528,13.725227905088104
18648,737213.1272911779,13.725227905088104,13.725227905088104,14.64773978793528,13.725227905088104
18660,737213.3931565451,8.118445599568076,8.118445599568076,13.93621291196905,8.118445599568076
18674,737213.8117560421,8.118445599568076,8.118445599568076,13.93621291196905,8.118445599568076
18675,737213.9239283315,8.118445599568076,8.118445599568076,13.93621291196905,8.118445599568076
18676,737213.9265554604,8.118445599568076,8.118445599568076,13.93621291196905,8.118445599568076
18679,737213.9687467549,8.118445599568076,8.118445599568076,13.93621291196905,8.118445599568076
18686,737214.1483255052,8.118445599568076,8.118445599568076,13.93621291196905,8.118445599568076
18708,737215.2440231324,8.118445599568076,8.118445599568076,13.93621291196905,8.118445599568076
18745,737216.7163221767,8.118445599568076,8.118445599568076,13.93621291196905,8.118445599568076
18752,737216.9999992034,8.118445599568076,8.118445599568076,13.93621291196905,8.118445599568076
18786,737218.7492526202,8.118445599568076,8.118445599568076,8.118445599568076,24.220010659773834
18802,737219.8606928729,8.118445599568076,8.118445599568076,16.632170067518018,8.118445599568076
18812,737220.6704952389,8.118445599568076,8.118445599568076,13.725227905088104,13.725227905088104
18843,737222.0881774208,8.118445599568076,8.118445599568076,8.118445599568076,13.725227905088104
18880,737224.1734979097,8.118445599568076,8.118445599568076,8.118445599568076,8.118445599568076
18897,737225.0253987748,8.118445599568076,8.118445599568076,8.118445599568076,8.118445599568076
18899,737225.273485286,8.118445599568076,8.118445599568076,13.725227905088104,13.725227905088104
18902,737225.6544008395,8.118445599568076,8.118445599568076,8.118445599568076,8.118445599568076
18925,737227.9170108408,8.118445599568076,8.118445599568076,8.118445599568076,8.118445599568076
18940,737229.1137493947,8.118445599568076,8.443254155805334,8.118445599568076,12.980296741821803
18952,737229.7179349802,8.118445599568076,8.443254155805334,8.118445599568076,12.980296741821803
19014,737232.8731136196,8.118445599568076,8.118445599568076,8.118445599568076,8.118445599568076
19015,737232.8759406888,8.118445599568076,8.118445599568076,8.118445599568076,8.118445599568076
19090,737236.5912402234,3.7593642249703407,8.118445599568076,15.920744984527119,8.118445599568076
19092,737236.7239000692,8.118445599568076,8.118445599568076,8.118445599568076,8.443254155805334
19101,737237.3723385999,3.7593642249703407,8.118445599568076,3.7593642249703407,8.118445599568076
19116,737238.2761719415,3.7593642249703407,7.477490828721784,17.60567670268938,8.118445599568076
19163,737241.0144258344,3.7593642249703407,7.477490828721784,17.60567670268938,8.118445599568076
19182,737242.0235248478,3.7593642249703407,7.477490828721784,17.60567670268938,8.118445599568076
19302,737247.3391978063,9.966859206440859,9.063025864772499,12.09885331382975,9.063025864772499
19342,737248.9966769518,10.720505010220222,9.063025864772499,17.60567670268938,9.063025864772499
19430,737253.9865604037,9.063025864772499,9.063025864772499,17.395320180337876,9.063025864772499
19531,737259.493059796,12.153861989732832,9.063025864772499,12.153861989732832,9.063025864772499
19571,737260.407289176,9.063025864772499,9.063025864772499,10.74795758293476,9.063025864772499
19574,737260.5713919401,9.063025864772499,9.063025864772499,9.063025864772499,23.84749187086709
19637,737263.1475255367,9.063025864772499,14.150848584948108,9.063025864772499,14.150848584948108
19723,737266.268576215,9.063025864772499,9.063025864772499,10.74795758293476,9.063025864772499
19750,737267.097229406,9.063025864772499,9.063025864772499,12.153861989732832,9.063025864772499
19768,737267.8923447023,9.063025864772499,9.063025864772499,9.063025864772499,9.063025864772499
19843,737272.1495565054,9.063025864772499,9.063025864772499,9.063025864772499,12.153861989732832
19873,737274.9594785781,11.811953041353263,9.063025864772499,11.811953041353263,11.574714988353662
19878,737275.302055375,9.063025864772499,9.063025864772499,12.153861989732832,9.063025864772499
19934,737279.7342866713,9.063025864772499,9.063025864772499,20.24122687522322,9.063025864772499
20013,737284.5516442715,9.063025864772499,9.063025864772499,9.063025864772499,9.063025864772499
20029,737285.9580250883,9.063025864772499,9.063025864772499,9.063025864772499,9.063025864772499
20072,737287.040691235,12.081212656921707,9.063025864772499,12.081212656921707,11.811953041353263
20152,737289.170501476,12.081212656921707,9.592165693407878,12.081212656921707,11.811953041353263
20170,737289.9456997153,10.211413044016808,9.063025864772499,10.211413044016808,9.063025864772499
20203,737291.38818864,9.063025864772499,9.063025864772499,9.063025864772499,12.081212656921707
20241,737293.3136975565,9.063025864772499,5.506499392329715,9.063025864772499,9.063025864772499
20302,737295.8577626543,9.063025864772499,5.506499392329715,9.063025864772499,9.063025864772499
20307,737296.0466736527,9.063025864772499,5.506499392329715,12.081212656921707,9.063025864772499
20313,737296.1620443759,4.817357600200921,9.063025864772499,4.817357600200921,9.249588896520436
20352,737297.1592750677,5.506499392329715,5.506499392329715,12.081212656921707,5.506499392329715
20392,737299.1694895659,4.817357600200921,4.817357600200921,27.019933060510084,23.867434190935455
20471,737303.168450628,6.0091755603207275,6.0091755603207275,9.592165693407878,6.0091755603207275
20482,737303.811754334,4.817357600200921,4.817357600200921,4.817357600200921,23.867434190935455
20523,737305.6852811493,6.0091755603207275,6.0091755603207275,6.0091755603207275,6.0091755603207275
20529,737306.3796577603,4.817357600200921,4.817357600200921,4.817357600200921,5.506499392329715
20542,737307.0430835335,7.8735939676407725,4.817357600200921,7.8735939676407725,4.817357600200921
20611,737310.1490675475,7.8735939676407725,4.817357600200921,7.8735939676407725,4.817357600200921
20614,737310.4101989954,4.817357600200921,4.817357600200921,4.817357600200921,5.506499392329715
20616,737310.5202601544,10.217613384360448,7.006406252156012,11.610400104429573,8.762053285026923
20660,737313.7767871273,8.091505977907218,8.091505977907218,14.297092509339564,8.091505977907218
20667,737314.1089504156,8.091505977907218,8.091505977907218,14.297092509339564,8.091505977907218
20685,737314.9329499695,8.091505977907218,8.091505977907218,14.297092509339564,8.091505977907218
20687,737314.9474127552,8.091505977907218,8.091505977907218,14.297092509339564,8.091505977907218
20717,737316.6278935964,6.107633442035876,6.107633442035876,13.065960203763098,6.107633442035876
20720,737316.7878896577,11.102608508314006,4.030541235115379,11.102608508314006,6.0091755603207275
20721,737316.9188519332,8.091505977907218,8.091505977907218,9.638607496628538,8.091505977907218
20751,737318.876437516,6.107633442035876,6.107633442035876,6.107633442035876,6.107633442035876
20811,737321.3921157506,4.473263817373663,4.473263817373663,8.091505977907218,8.091505977907218
20855,737323.0944487244,4.473263817373663,4.473263817373663,8.091505977907218,8.091505977907218
20874,737325.1433505899,4.473263817373663,4.473263817373663,8.091505977907218,8.091505977907218
20901,737326.6706743406,5.2785585899837315,5.2785585899837315,8.091505977907218,8.091505977907218
20947,737328.6804327728,11.892543115187436,5.2785585899837315,11.892543115187436,5.2785585899837315
20987,737330.4631476817,5.2785585899837315,5.2785585899837315,5.2785585899837315,5.2785585899837315
21006,737332.0126992192,5.34202487859875,5.2785585899837315,8.091505977907218,8.091505977907218
21053,737333.7192538367,5.34202487859875,5.2785585899837315,8.091505977907218,8.091505977907218
21071,737334.6211330097,5.2785585899837315,5.2785585899837315,5.2785585899837315,15.74469549371861
21073,737334.6387499433,5.958317170501687,5.958317170501687,11.892543115187436,7.794236824614927
21083,737335.066056406,6.38562363316305,5.2785585899837315,11.102608508314006,8.091505977907218
21091,737335.3783560963,5.34202487859875,5.2785585899837315,8.091505977907218,8.091505977907218
21093,737335.4247369465,5.2785585899837315,5.958317170501687,15.762312427395955,9.803995256894268
21108,737335.9032789867,5.2785585899837315,5.2785585899837315,5.2785585899837315,15.74469549371861
21109,737335.9040886428,5.2785585899837315,5.2785585899837315,5.2785585899837315,15.74469549371861
21162,737338.0538770999,5.958317170501687,5.2785585899837315,9.751822407357395,5.2785585899837315
21211,737340.9762379605,5.958317170501687,5.958317170501687,5.958317170501687,9.803995256894268
21266,737343.5081197914,5.958317170501687,5.2785585899837315,11.892543115187436,5.2785585899837315
21328,737346.8820564371,5.958317170501687,5.2785585899837315,11.892543115187436,5.2785585899837315
21342,737347.4674131724,6.337488017161377,5.2785585899837315,6.337488017161377,9.803995256894268
21343,737347.4945388511,5.2785585899837315,5.2785585899837315,5.958317170501687,7.794236824614927
21370,737349.6525827919,14.227845845394768,5.551501014037058,14.227845845394768,5.958317170501687
21395,737350.7594354211,5.2785585899837315,5.2785585899837315,5.958317170501687,5.2785585899837315
21412,737352.125027738,3.9592933809617534,3.9592933809617534,16.700290791573934,5.940700236824341
21416,737352.3358575216,14.281980421743356,5.2785585899837315,14.281980421743356,5.2785585899837315
21460,737355.467938636,6.491175211849622,3.9592933809617534,6.491175211849622,5.958317170501687
21522,737360.0930035556,6.491175211849622,3.9592933809617534,6.491175211849622,5.958317170501687
21525,737360.1760560671,4.708117431146093,4.708117431146093,24.271967424312606,24.271967424312606
21540,737360.7139453515,5.815355844097212,5.246006715577096,6.337488017161377,5.2785585899837315
21564,737362.8044758133,5.815355844097212,5.246006715577096,6.337488017161377,5.2785585899837315
21647,737366.7719573564,5.815355844097212,5.246006715577096,6.337488017161377,5.2785585899837315
21711,737369.2351380317,8.521192680113018,8.521192680113018,9.954509930452332,8.521192680113018
21751,737370.6172157719,8.521192680113018,10.441159704816528,8.521192680113018,10.441159704816528
21800,737372.4943822838,8.521192680113018,9.903270420385525,17.026443647802807,9.903270420385525
21805,737372.6472185432,8.521192680113018,9.903270420385525,17.026443647802807,9.903270420385525
21808,737372.8356692186,8.521192680113018,9.903270420385525,17.026443647802807,9.903270420385525
21809,737372.8767866476,8.521192680113018,8.521192680113018,20.751758909551427,15.14927713596262
21827,737373.4642743127,8.521192680113018,11.780436932225712,23.811691520852037,11.780436932225712
21851,737374.6823007411,8.521192680113018,8.521192680113018,16.899280510027893,8.521192680113018
21857,737375.2339348608,8.521192680113018,8.521192680113018,16.899280510027893,8.521192680113018
21882,737376.5410203296,8.521192680113018,8.521192680113018,17.026443647802807,8.521192680113018
21921,737378.4554173789,8.521192680113018,8.521192680113018,17.74147202738095,8.521192680113018
22021,737385.0419739912,8.521192680113018,8.521192680113018,17.026443647802807,11.780436932225712
22023,737385.0709998744,8.521192680113018,8.521192680113018,17.026443647802807,11.780436932225712
22096,737392.7053789386,8.521192680113018,8.521192680113018,8.521192680113018,8.521192680113018
22097,737392.7066222137,8.521192680113018,8.521192680113018,8.521192680113018,8.521192680113018
22099,737392.959479093,8.521192680113018,8.521192680113018,8.521192680113018,8.521192680113018
22111,737394.7310105476,8.521192680113018,8.521192680113018,24.113794775679708,24.113794775679708
22150,737397.744891839,8.521192680113018,8.521192680113018,24.113794775679708,24.113794775679708
22162,737398.7979004729,8.521192680113018,8.521192680113018,8.521192680113018,8.521192680113018
22206,737401.5148459013,8.521192680113018,8.521192680113018,8.521192680113018,8.521192680113018
22220,737403.4604440226,10.500964929582551,8.521192680113018,11.57769967848435,8.521192680113018
22266,737407.0899637317,10.500964929582551,8.521192680113018,11.57769967848435,8.521192680113018
22274,737407.9388725585,8.521192680113018,8.521192680113018,8.521192680113018,8.521192680113018
22305,737410.1306204934,8.521192680113018,8.521192680113018,8.521192680113018,10.500964929582551
22321,737410.9358083443,8.521192680113018,8.521192680113018,8.521192680113018,8.521192680113018
22367,737413.0549299506,8.521192680113018,9.140972085646354,8.521192680113018,9.140972085646354
22443,737415.66406398,8.521192680113018,9.140972085646354,8.521192680113018,9.140972085646354
22479,737418.8080105062,8.521192680113018,8.521192680113018,20.010110033326782,8.521192680113018
22487,737419.8558654889,7.663404947379604,7.663404947379604,7.663404947379604,8.521192680113018
22696,737421.9734140788,7.663404947379604,7.663404947379604,7.663404947379604,8.521192680113018
22733,737423.4657748555,7.663404947379604,8.677390012773685,20.00533083290793,8.677390012773685
22751,737424.6219008099,7.663404947379604,7.663404947379604,20.010110033326782,15.347566483658738
22776,737426.0348896802,7.663404947379604,7.663404947379604,7.663404947379604,7.663404947379604
22909,737434.691400935,8.656511254725046,14.835535446065478,21.636470984318294,14.835535446065478
22947,737438.3549186557,8.656511254725046,8.656511254725046,27.419110311428085,18.49905316682998
22971,737439.28193225,14.660031440085731,14.660031440085731,14.660031440085731,14.660031440085731
22993,737440.3147716776,8.656511254725046,8.656511254725046,29.378963333321735,18.49905316682998
23081,737447.3858364178,8.656511254725046,8.656511254725046,8.656511254725046,14.835535446065478
23085,737447.5567506497,8.656511254725046,8.656511254725046,8.656511254725046,18.49905316682998
23091,737447.852828923,8.656511254725046,8.656511254725046,8.656511254725046,14.835535446065478
23095,737448.4705453824,8.656511254725046,8.656511254725046,8.656511254725046,14.835535446065478
23427,737448.9099072171,9.62797496712301,9.62797496712301,14.660031440085731,14.660031440085731
23544,737448.966811297,9.62797496712301,9.62797496712301,15.816157394554466,14.660031440085731
23545,737448.9677642543,9.62797496712301,9.62797496712301,15.816157394554466,14.660031440085731
23851,737449.1250633427,9.62797496712301,9.62797496712301,14.660031440085731,14.660031440085731
23914,737449.1586532273,8.656511254725046,9.62797496712301,8.656511254725046,14.660031440085731
24083,737449.2606463307,8.656511254725046,8.656511254725046,8.656511254725046,8.656511254725046
24254,737449.3797015887,9.62797496712301,9.62797496712301,15.816157394554466,14.660031440085731
24975,737449.8904903819,8.656511254725046,9.62797496712301,24.28800640720874,14.660031440085731
24984,737449.8955982208,8.656511254725046,8.656511254725046,8.656511254725046,10.069500125013292
24990,737449.9002938827,9.684879046981223,9.62797496712301,15.816157394554466,14.660031440085731
25143,737450.0094729994,8.656511254725046,8.656511254725046,8.656511254725046,10.069500125013292
25588,737450.3856575895,9.030917762080207,8.656511254725046,9.030917762080207,8.656511254725046
25817,737450.6506796472,7.071064740186557,8.656511254725046,24.615789967007004,22.875017536920495
26228,737451.0842481636,8.656511254725046,9.62797496712301,8.656511254725046,13.247042569797486
26344,737451.1933302416,9.62797496712301,9.62797496712301,14.660031440085731,14.660031440085731
26765,737451.7775344796,9.62797496712301,9.62797496712301,14.660031440085731,14.660031440085731
27501,737452.8855649699,9.62797496712301,9.62797496712301,14.660031440085731,14.660031440085731
28406,737454.6505298378,1.7649648679653183,7.071064740186557,1.7649648679653183,10.618361632688902
28418,737454.7298357759,8.656511254725046,1.7649648679653183,9.62797496712301,9.62797496712301
28704,737456.0489081074,8.656511254725046,7.071064740186557,8.656511254725046,9.62797496712301
28901,737456.8829902593,5.689660017727874,1.844270806061104,5.689660017727874,9.62797496712301
28907,737456.9016180586,7.071064740186557,1.844270806061104,9.62797496712301,9.62797496712301
28909,737456.9031693124,7.071064740186557,1.844270806061104,9.62797496712301,9.62797496712301
28965,737457.0209720262,7.071064740186557,5.798742095706984,7.071064740186557,5.798742095706984
28985,737457.0539895268,7.071064740186557,1.844270806061104,9.62797496712301,9.62797496712301
28991,737457.0766096093,8.656511254725046,8.656511254725046,8.656511254725046,8.656511254725046
29059,737457.3177774164,8.656511254725046,8.656511254725046,8.656511254725046,8.656511254725046
29180,737457.7364134925,7.071064740186557,5.798742095706984,7.071064740186557,5.798742095706984
29270,737457.9889410018,1.844270806061104,1.844270806061104,1.844270806061104,9.62797496712301
29276,737458.0018306184,6.370292378938757,5.798742095706984,6.370292378938757,5.798742095706984
29280,737458.0158836239,6.370292378938757,5.798742095706984,6.370292378938757,5.798742095706984
29296,737458.0517308748,2.985271087149158,1.844270806061104,2.985271087149158,9.62797496712301
29458,737458.5331109698,1.844270806061104,1.844270806061104,1.844270806061104,9.62797496712301
29552,737458.9184239502,8.656511254725046,8.656511254725046,8.656511254725046,8.656511254725046
29673,737459.3803237731,7.071064740186557,1.844270806061104,9.62797496712301,9.62797496712301
29830,737459.8902311432,7.071064740186557,1.7649648679653183,9.684879046981223,9.62797496712301
30462,737464.9128682882,5.532544515095651,5.022637145011686,9.62797496712301,9.62797496712301
30506,737465.3159027634,13.828620124608278,5.532544515095651,13.828620124608278,9.62797496712301
30530,737465.6086161407,5.532544515095651,5.022637145011686,9.62797496712301,9.62797496712301
30546,737465.7240047298,5.532544515095651,5.022637145011686,9.62797496712301,9.62797496712301
30549,737465.7488625178,5.532544515095651,5.022637145011686,9.62797496712301,9.62797496712301
30591,737466.026009349,5.022637145011686,5.022637145011686,9.62797496712301,9.62797496712301
30653,737466.3682510727,5.935578990262002,5.532544515095651,5.935578990262002,9.62797496712301
30862,737467.6614949093,6.379757318412885,5.022637145011686,6.379757318412885,9.62797496712301
30887,737467.7806650713,5.532544515095651,5.022637145011686,9.62797496712301,9.62797496712301
30893,737467.8084402819,5.532544515095651,5.022637145011686,9.62797496712301,9.62797496712301
31001,737468.5279686258,5.532544515095651,5.022637145011686,9.62797496712301,9.62797496712301
31017,737468.6479049508,5.532544515095651,5.022637145011686,9.62797496712301,9.62797496712301
31020,737468.6547082763,5.532544515095651,5.022637145011686,9.62797496712301,9.62797496712301
31023,737468.6969773911,5.532544515095651,5.022637145011686,9.62797496712301,9.62797496712301
31025,737468.7121814463,5.532544515095651,5.022637145011686,9.62797496712301,9.62797496712301
31042,737468.7639521438,5.532544515095651,5.022637145011686,9.62797496712301,9.62797496712301
31073,737468.9109636019,5.532544515095651,5.022637145011686,9.62797496712301,9.62797496712301
31075,737468.9245939517,10.006170001463033,10.006170001463033,10.006170001463033,10.006170001463033
31086,737468.9524330491,5.532544515095651,5.022637145011686,9.62797496712301,9.62797496712301
31127,737469.1418717426,10.006170001463033,10.006170001463033,10.006170001463033,10.006170001463033
31173,737469.4146000601,5.532544515095651,5.022637145011686,5.532544515095651,5.022637145011686
31272,737470.1696701078,10.006170001463033,10.006170001463033,10.006170001463033,10.006170001463033
31303,737470.4061990438,5.532544515095651,5.022637145011686,5.532544515095651,5.022637145011686
31306,737470.4191831748,5.532544515095651,5.022637145011686,5.532544515095651,5.022637145011686
31406,737470.9877150751,6.379757318412885,5.022637145011686,6.379757318412885,5.022637145011686
31420,737471.0452050966,5.532544515095651,5.022637145011686,5.532544515095651,5.022637145011686
31513,737471.5884668172,5.532544515095651,5.022637145011686,5.532544515095651,5.022637145011686
31524,737471.6262033494,5.532544515095651,5.022637145011686,5.532544515095651,5.022637145011686
31525,737471.6284978642,5.532544515095651,5.022637145011686,5.532544515095651,5.022637145011686
31608,737472.0614496951,0.7550700476858765,12.171218551928177,17.410919857327826,12.171218551928177
31625,737472.145804805,5.532544515095651,5.022637145011686,5.532544515095651,5.022637145011686
31789,737473.0968038554,5.532544515095651,5.022637145011686,5.532544515095651,5.022637145011686
31954,737473.9551704418,7.586919369059615,5.532544515095651,7.586919369059615,5.532544515095651
31955,737473.9610005646,7.586919369059615,5.532544515095651,7.586919369059615,5.532544515095651
31988,737474.0927609983,7.586919369059615,5.532544515095651,7.586919369059615,5.532544515095651
31993,737474.1122145884,5.532544515095651,5.022637145011686,5.532544515095651,5.022637145011686
31994,737474.1159638237,7.586919369059615,5.532544515095651,7.586919369059615,5.532544515095651
32004,737474.1633352838,7.586919369059615,5.532544515095651,7.586919369059615,5.532544515095651
32014,737474.1989672189,7.586919369059615,5.532544515095651,7.586919369059615,5.532544515095651
32070,737474.5607715201,7.586919369059615,1.2932438366115093,7.586919369059615,5.532544515095651
32274,737476.0861863054,1.5254147852538154,7.586919369059615,15.953339823405258,7.586919369059615
32277,737476.0964224946,1.5254147852538154,7.586919369059615,15.953339823405258,7.586919369059615
32289,737476.1467068082,1.5254147852538154,7.586919369059615,18.14487618987914,7.586919369059615
32340,737476.6199767744,1.5254147852538154,6.4503066666657105,29.23414035665337,10.006170001463033
32341,737476.6217570965,1.5254147852538154,6.4503066666657105,19.543367165140808,10.006170001463033
32468,737477.6927014043,3.5804868158884346,3.131929884199053,5.022637145011686,5.022637145011686
32610,737478.588733191,8.419063083245419,6.4503066666657105,10.006170001463033,10.006170001463033
32710,737479.4277849449,1.5254147852538154,5.31557035644073,29.41831194551196,5.532544515095651
32732,737479.6725156151,8.419063083245419,6.4503066666657105,10.006170001463033,10.006170001463033
32809,737480.39167297,7.586919369059615,2.698971565696411,7.586919369059615,5.532544515095651
32813,737480.5005119776,1.5254147852538154,6.704986329190433,1.5254147852538154,9.128383939503692
32851,737480.922193474,3.5804868158884346,3.131929884199053,5.022637145011686,5.022637145011686
32879,737480.993046227,1.565261282143183,3.5231729190563783,1.565261282143183,6.228292367537506
32937,737481.3963647417,3.5804868158884346,3.131929884199053,5.022637145011686,5.022637145011686
33037,737482.0796102517,3.5804868158884346,3.131929884199053,5.022637145011686,5.022637145011686
33258,737484.0184417295,3.5804868158884346,3.131929884199053,5.022637145011686,5.022637145011686
33277,737484.1766640086,4.3054866646416485,4.244966161786579,15.953339823405258,7.586919369059615
33360,737484.9804290476,3.5840643058763817,3.5840643058763817,5.022637145011686,5.022637145011686
33394,737485.2633848165,4.3054866646416485,2.7802992669166997,7.586919369059615,5.532544515095651
33417,737485.546886248,3.5840643058763817,3.5840643058763817,5.022637145011686,5.022637145011686
33442,737485.9658330246,3.5840643058763817,3.5840643058763817,5.022637145011686,5.022637145011686
33479,737486.2882290691,3.5840643058763817,3.5840643058763817,5.022637145011686,5.022637145011686
33507,737486.4993002301,5.830901449895464,2.7802992669166997,8.639267678372562,5.532544515095651
33581,737487.0534555581,3.5840643058763817,3.5840643058763817,5.022637145011686,5.022637145011686
33586,737487.0881885194,3.5840643058763817,3.5840643058763817,5.022637145011686,5.022637145011686
33590,737487.093266664,4.3054866646416485,2.7802992669166997,7.586919369059615,5.532544515095651
33591,737487.0942868647,4.3054866646416485,2.7802992669166997,7.586919369059615,5.532544515095651
33592,737487.0969588881,3.5840643058763817,3.5840643058763817,5.022637145011686,5.022637145011686
33594,737487.097959065,3.5840643058763817,3.5840643058763817,5.022637145011686,5.022637145011686
33595,737487.1043850329,3.5840643058763817,3.5840643058763817,5.022637145011686,5.022637145011686
33599,737487.1184232278,3.5840643058763817,3.5840643058763817,5.022637145011686,5.022637145011686
33601,737487.1328000248,3.5840643058763817,3.5840643058763817,5.022637145011686,5.022637145011686
33669,737487.7255160252,4.3054866646416485,2.7802992669166997,7.586919369059615,5.532544515095651
33820,737489.684065026,4.3054866646416485,2.7802992669166997,7.586919369059615,2.7802992669166997
33821,737489.6926730435,4.3054866646416485,2.7802992669166997,7.586919369059615,2.7802992669166997
33899,737490.3874193561,4.3054866646416485,2.7802992669166997,7.586919369059615,2.7802992669166997
33902,737490.4372101768,3.5840643058763817,3.5840643058763817,6.809978885576129,3.5840643058763817
33935,737490.7849219411,4.3054866646416485,2.7802992669166997,7.586919369059615,2.7802992669166997
34019,737491.7257392437,3.5840643058763817,3.5840643058763817,3.5840643058763817,3.5840643058763817
34066,737492.1664175154,3.7849910386139527,2.7802992669166997,7.586919369059615,2.7802992669166997
34097,737492.5830604176,12.910544802434742,12.910544802434742,12.910544802434742,12.910544802434742
34098,737492.5902013927,12.910544802434742,12.910544802434742,12.910544802434742,12.910544802434742
34248,737494.0356339423,12.910544802434742,12.910544802434742,12.910544802434742,12.910544802434742
34303,737494.6721071841,13.679060957045294,11.597155165625736,13.679060957045294,11.597155165625736
34323,737494.9006360555,13.679060957045294,11.597155165625736,13.679060957045294,11.597155165625736
34332,737495.0084158102,3.5840643058763817,3.5840643058763817,3.5840643058763817,3.5840643058763817
34334,737495.0217845854,14.028738358407281,9.4441639498109,14.028738358407281,9.4441639498109
34341,737495.0933396711,14.028738358407281,9.4441639498109,14.028738358407281,9.4441639498109
34412,737495.8111199242,3.2209185315296054,11.590014190529473,12.910544802434742,11.590014190529473
34445,737496.119272797,3.2209185315296054,11.590014190529473,12.910544802434742,11.590014190529473
34497,737496.8519957215,4.685578206088394,2.8419982948107645,5.830901449895464,2.8419982948107645
34529,737497.3634406988,4.592939218855463,2.8419982948107645,4.592939218855463,3.5840643058763817
34626,737499.1454796487,4.592939218855463,2.8419982948107645,4.592939218855463,3.5840643058763817
34633,737499.2215029917,4.592939218855463,2.8419982948107645,4.592939218855463,3.5840643058763817
34693,737499.8911321763,7.724714660900645,4.685578206088394,7.724714660900645,4.685578206088394
34702,737500.0367475691,7.724714660900645,4.685578206088394,7.724714660900645,4.685578206088394
34704,737500.0589729836,3.304410152020864,3.304410152020864,3.5840643058763817,3.5840643058763817
34705,737500.0599318631,3.304410152020864,3.304410152020864,3.5840643058763817,3.5840643058763817
34716,737500.145644673,3.304410152020864,3.304410152020864,3.5840643058763817,3.5840643058763817
34718,737500.1520263071,3.304410152020864,3.304410152020864,3.5840643058763817,3.5840643058763817
34719,737500.1544041539,3.304410152020864,3.304410152020864,3.5840643058763817,3.5840643058763817
34729,737500.2597297364,3.304410152020864,3.304410152020864,3.5840643058763817,3.5840643058763817
34731,737500.2898682338,3.304410152020864,3.304410152020864,3.5840643058763817,3.5840643058763817
34742,737500.4066632513,3.304410152020864,3.304410152020864,3.5840643058763817,3.5840643058763817
34745,737500.4407243531,3.304410152020864,3.304410152020864,3.5840643058763817,3.5840643058763817
34748,737500.4545794161,4.643459491897374,4.643459491897374,12.910544802434742,12.910544802434742
34755,737500.5722186784,4.643459491897374,4.643459491897374,12.910544802434742,12.910544802434742
34766,737500.7726103921,4.592939218855463,2.8419982948107645,4.592939218855463,3.5840643058763817
34772,737500.8588239239,4.592939218855463,2.8419982948107645,4.592939218855463,3.5840643058763817
34781,737500.9704877532,4.592939218855463,2.8419982948107645,4.592939218855463,3.5840643058763817
34822,737501.358166601,8.767965208389796,4.643459491897374,12.917685777531005,12.910544802434742
34855,737501.7255012285,8.767965208389796,4.643459491897374,12.917685777531005,12.910544802434742
34858,737501.7575749605,8.767965208389796,4.643459491897374,12.917685777531005,12.910544802434742
34860,737501.7673405105,3.304410152020864,3.304410152020864,3.5840643058763817,3.5840643058763817
34949,737502.9119655762,3.304410152020864,3.304410152020864,3.5840643058763817,3.5840643058763817
34966,737503.108594033,3.2826765665085986,3.2826765665085986,3.5840643058763817,3.5840643058763817
34976,737503.2131932287,3.2826765665085986,3.2826765665085986,3.5840643058763817,3.5840643058763817
34995,737503.4778012893,4.685578206088394,4.685578206088394,4.685578206088394,4.685578206088394
34996,737503.4811992527,3.2826765665085986,3.2826765665085986,3.5840643058763817,3.5840643058763817
35005,737503.5592359569,3.2826765665085986,3.2826765665085986,3.5840643058763817,3.5840643058763817
35009,737503.5864606799,5.0505571734393016,2.527691477444023,12.941240969696082,3.5840643058763817
35098,737503.971073374,5.0505571734393016,2.527691477444023,12.941240969696082,3.5840643058763817
35119,737504.0507927894,3.2826765665085986,3.2826765665085986,3.5840643058763817,3.5840643058763817
35158,737504.3194428701,3.2826765665085986,3.2826765665085986,3.5840643058763817,3.5840643058763817
35160,737504.3315437216,3.2826765665085986,3.2826765665085986,3.5840643058763817,3.5840643058763817
35186,737504.5554673611,3.2826765665085986,3.2826765665085986,3.5840643058763817,3.5840643058763817
35214,737504.7333555336,3.2826765665085986,3.2826765665085986,3.5840643058763817,3.5840643058763817
35219,737504.769854786,3.2826765665085986,3.2826765665085986,3.5840643058763817,3.5840643058763817
35273,737505.1724691835,3.2826765665085986,3.2826765665085986,3.5840643058763817,3.5840643058763817
35279,737505.2168946275,3.2826765665085986,3.2826765665085986,3.5840643058763817,3.5840643058763817
35310,737505.5265930254,6.625805567833595,2.8419982948107645,6.625805567833595,2.8419982948107645
35319,737505.6137580759,3.2826765665085986,3.2826765665085986,3.5840643058763817,3.5840643058763817
35325,737505.6461591978,3.2826765665085986,3.2826765665085986,3.5840643058763817,3.5840643058763817
35333,737505.7056988203,3.2826765665085986,3.2826765665085986,3.5840643058763817,3.5840643058763817
35361,737505.9968070543,3.2826765665085986,3.2826765665085986,3.5840643058763817,3.5840643058763817
35365,737506.0389210037,3.2826765665085986,3.2826765665085986,3.5840643058763817,3.5840643058763817
35366,737506.047940177,3.2826765665085986,3.2826765665085986,3.5840643058763817,3.5840643058763817
35371,737506.0723192743,3.2826765665085986,3.2826765665085986,3.5840643058763817,3.5840643058763817
35391,737506.1974276656,4.839261064538732,4.839261064538732,12.910544802434742,12.910544802434742
35396,737506.2366483457,4.839261064538732,4.839261064538732,12.910544802434742,12.910544802434742
35397,737506.237129997,4.839261064538732,4.839261064538732,12.910544802434742,12.910544802434742
35419,737506.4184833351,3.2826765665085986,3.2826765665085986,3.5840643058763817,3.5840643058763817
35420,737506.4186801927,3.2826765665085986,3.2826765665085986,3.5840643058763817,3.5840643058763817
35421,737506.4192608359,3.2826765665085986,3.2826765665085986,3.5840643058763817,3.5840643058763817
35473,737506.9620992091,2.695532284793444,2.695532284793444,3.5840643058763817,3.5840643058763817
35501,737507.2583637894,2.695532284793444,2.695532284793444,3.5840643058763817,3.5840643058763817
35504,737507.2976554825,5.742848249501549,4.839261064538732,12.910544802434742,12.910544802434742
35520,737507.5474545171,5.742848249501549,4.839261064538732,12.910544802434742,12.910544802434742
35638,737508.9407682719,5.742848249501549,4.839261064538732,12.910544802434742,12.910544802434742
35639,737508.9416149743,2.695532284793444,2.695532284793444,3.5840643058763817,3.5840643058763817
35642,737508.9681493738,2.695532284793444,2.695532284793444,3.5840643058763817,3.5840643058763817
35658,737509.0746474204,2.695532284793444,2.695532284793444,3.5840643058763817,3.5840643058763817
35814,737510.644081276,2.695532284793444,2.695532284793444,3.5840643058763817,3.5840643058763817
35914,737512.0319900376,2.695532284793444,2.695532284793444,3.5840643058763817,3.5840643058763817
35939,737512.3636889628,2.527691477444023,1.979515765211545,3.304410152020864,2.8419982948107645
35941,737512.3744660707,2.527691477444023,1.979515765211545,3.304410152020864,2.8419982948107645
36071,737513.7296248599,2.527691477444023,1.979515765211545,3.304410152020864,2.8419982948107645
36107,737514.0681705354,1.979515765211545,1.979515765211545,3.304410152020864,3.304410152020864
36116,737514.2914929539,1.979515765211545,1.979515765211545,3.304410152020864,3.304410152020864
36153,737514.9493374705,1.979515765211545,1.979515765211545,3.304410152020864,3.304410152020864
36209,737515.6344143575,1.979515765211545,1.979515765211545,3.304410152020864,3.304410152020864
36217,737515.7729382253,1.979515765211545,1.979515765211545,3.304410152020864,3.304410152020864
36235,737515.8326888988,3.681982066947967,1.979515765211545,4.592939218855463,3.304410152020864
36333,737517.1269884323,1.7645183634012938,9.829332949710079,21.315868508070707,9.829332949710079
36482,737519.1976863996,2.0706979673122987,9.829332949710079,22.454881248180754,9.829332949710079
36540,737519.8346811425,7.470992179703899,4.0019922436913475,7.470992179703899,4.0019922436913475
36547,737519.8880490585,7.470992179703899,4.0019922436913475,7.470992179703899,4.0019922436913475
36574,737520.2894102617,7.470992179703899,4.0019922436913475,7.470992179703899,4.0019922436913475
36576,737520.3161319398,4.48344304098282,4.0019922436913475,4.48344304098282,4.0019922436913475
36628,737521.029293806,2.0706979673122987,3.4240892593516037,25.218173881759867,4.247853059438057
36723,737522.17861259,2.0706979673122987,13.236997615662403,22.287480413680896,13.236997615662403
36774,737522.9700050872,2.0706979673122987,13.236997615662403,22.287480413680896,13.236997615662403
36815,737523.4989369208,14.5573219464859,2.0706979673122987,14.5573219464859,2.527691477444023
36916,737524.4319905393,14.5573219464859,2.0706979673122987,14.5573219464859,2.527691477444023
36925,737524.55249945,5.354813050478697,2.4696431148331612,22.454881248180754,9.829332949710079
36981,737525.0892819603,5.354813050478697,2.4696431148331612,5.354813050478697,9.829332949710079
36983,737525.0950205297,5.354813050478697,2.4696431148331612,5.354813050478697,9.829332949710079
37001,737525.2569665366,5.354813050478697,2.4696431148331612,5.354813050478697,9.829332949710079
37029,737525.7360724263,5.354813050478697,2.4696431148331612,5.354813050478697,9.829332949710079
37050,737526.012019052,5.354813050478697,2.4696431148331612,5.354813050478697,9.829332949710079
37113,737526.8163325747,5.354813050478697,2.4696431148331612,5.354813050478697,9.829332949710079
37126,737526.9959350262,5.354813050478697,2.4696431148331612,5.354813050478697,9.829332949710079
37127,737527.0365838566,2.0706979673122987,6.007290050620213,2.0706979673122987,6.007290050620213
37128,737527.0375872393,2.0706979673122987,6.007290050620213,2.0706979673122987,6.007290050620213
37149,737527.3940725029,7.077940563089214,4.0019922436913475,7.077940563089214,4.0019922436913475
37157,737527.7349117039,6.705617897910997,3.058817896875553,6.705617897910997,3.058817896875553
37166,737528.0435223331,6.705617897910997,3.058817896875553,6.705617897910997,3.058817896875553
37248,737529.4555923148,6.705617897910997,3.058817896875553,6.705617897910997,3.058817896875553
37291,737529.9881474257,7.077940563089214,6.720451916800812,7.077940563089214,6.720451916800812
37294,737529.9944074792,7.077940563089214,6.720451916800812,7.077940563089214,6.720451916800812
37314,737530.1301016887,7.077940563089214,6.720451916800812,7.077940563089214,6.720451916800812
37317,737530.1567680313,7.077940563089214,6.720451916800812,7.077940563089214,6.720451916800812
37339,737530.3640690893,11.561383604072034,7.077940563089214,11.561383604072034,7.077940563089214
37379,737530.7102547078,7.077940563089214,6.720451916800812,7.077940563089214,6.720451916800812
37383,737530.779793011,7.077940563089214,6.720451916800812,7.077940563089214,6.720451916800812
37409,737531.290387095,7.077940563089214,6.720451916800812,7.077940563089214,6.720451916800812
37410,737531.3200629028,7.077940563089214,3.537646935787052,7.077940563089214,4.0019922436913475
37424,737531.5237442116,7.077940563089214,3.537646935787052,7.077940563089214,4.0019922436913475
37436,737531.7362185522,6.007290050620213,6.007290050620213,13.731638323399238,6.4829071562271565
37452,737531.9753027157,6.007290050620213,6.007290050620213,13.731638323399238,6.4829071562271565
37479,737532.4008368982,6.007290050620213,6.007290050620213,13.731638323399238,6.4829071562271565
37481,737532.4224132319,6.007290050620213,6.007290050620213,13.731638323399238,6.4829071562271565
37484,737532.4486921651,6.007290050620213,6.007290050620213,13.731638323399238,6.4829071562271565
37487,737532.4823846939,6.007290050620213,6.007290050620213,13.731638323399238,6.4829071562271565
37502,737532.6929335599,6.007290050620213,6.007290050620213,13.731638323399238,6.4829071562271565
37623,737534.7292174222,6.007290050620213,6.007290050620213,13.731638323399238,6.4829071562271565
37682,737535.4682073042,11.969270383473486,4.148144401493482,11.969270383473486,4.148144401493482
37805,737537.0258783862,11.969270383473486,4.148144401493482,11.969270383473486,4.148144401493482
38053,737541.0815166532,11.969270383473486,4.148144401493482,11.969270383473486,4.148144401493482
38210,737543.7319532427,11.969270383473486,4.148144401493482,11.969270383473486,4.148144401493482
38214,737543.7762397273,11.969270383473486,4.148144401493482,11.969270383473486,4.148144401493482
38249,737544.297060389,11.969270383473486,4.148144401493482,11.969270383473486,4.148144401493482
38271,737544.444876499,8.97666919475887,8.97666919475887,11.969270383473486,8.97666919475887
38282,737544.6094997696,8.97666919475887,8.97666919475887,11.969270383473486,8.97666919475887
38351,737545.9666174907,8.97666919475887,14.230398938525468,28.8396290584933,14.230398938525468
38379,737546.4454273488,8.97666919475887,14.230398938525468,28.8396290584933,14.230398938525468
38413,737546.9785516238,8.97666919475887,8.97666919475887,8.97666919475887,8.97666919475887
38437,737547.367090316,8.97666919475887,8.97666919475887,8.97666919475887,8.97666919475887
38450,737547.6120339562,8.97666919475887,8.97666919475887,8.97666919475887,8.97666919475887
38457,737547.7023469394,8.97666919475887,8.97666919475887,8.97666919475887,8.97666919475887
38497,737548.4053302034,8.97666919475887,8.97666919475887,16.66911165113561,16.66911165113561
38501,737548.5329693552,8.97666919475887,8.97666919475887,21.49638549867086,16.66911165113561
38509,737548.6320490724,8.97666919475887,8.97666919475887,21.49638549867086,16.66911165113561
38530,737548.9219108475,8.97666919475887,8.97666919475887,20.489447022089735,8.97666919475887
38541,737548.9455053012,8.97666919475887,8.97666919475887,20.87838851439301,8.97666919475887
38545,737548.9619106386,8.97666919475887,8.97666919475887,20.87838851439301,8.97666919475887
38548,737548.9716321346,8.97666919475887,8.97666919475887,20.87838851439301,8.97666919475887
38555,737549.0091196676,8.97666919475887,8.97666919475887,20.87838851439301,8.97666919475887
38574,737549.1526812043,8.97666919475887,8.97666919475887,20.87838851439301,8.97666919475887
38575,737549.1530043449,8.97666919475887,8.97666919475887,20.87838851439301,8.97666919475887
38619,737549.9553345905,8.97666919475887,8.97666919475887,20.87838851439301,8.97666919475887
38726,737552.1546873568,8.97666919475887,8.97666919475887,8.97666919475887,8.97666919475887
38731,737552.2261261971,8.97666919475887,8.97666919475887,8.97666919475887,8.97666919475887
38761,737552.8764685313,8.97666919475887,8.97666919475887,8.97666919475887,8.97666919475887
38775,737553.0499899192,8.97666919475887,8.97666919475887,8.97666919475887,8.97666919475887
38872,737554.8464954247,8.97666919475887,8.97666919475887,8.97666919475887,8.97666919475887
38884,737555.3677553522,8.97666919475887,8.97666919475887,27.324233019025996,8.97666919475887
38972,737556.880001605,8.97666919475887,8.97666919475887,16.66911165113561,14.230398938525468
39025,737558.0412705445,8.97666919475887,8.97666919475887,16.66911165113561,14.230398938525468
39063,737558.7355887296,8.97666919475887,8.97666919475887,16.66911165113561,14.230398938525468
39068,737558.8777774618,8.97666919475887,8.97666919475887,16.66911165113561,14.230398938525468
39103,737559.9100992074,8.97666919475887,8.97666919475887,16.66911165113561,14.230398938525468
39195,737561.6407444333,8.97666919475887,8.97666919475887,16.66911165113561,14.230398938525468
39206,737561.7982188456,8.97666919475887,8.97666919475887,16.66911165113561,14.230398938525468
39212,737561.9394371819,8.97666919475887,8.97666919475887,10.913384114275686,8.97666919475887
39236,737562.3847316845,8.97666919475887,10.15860548731871,8.97666919475887,10.15860548731871
39298,737563.8388569194,8.97666919475887,10.15860548731871,8.97666919475887,10.15860548731871
39308,737563.9358491885,8.97666919475887,10.15860548731871,8.97666919475887,10.15860548731871
39331,737564.6360661832,8.97666919475887,8.97666919475887,8.97666919475887,8.97666919475887
39338,737564.7203275441,8.97666919475887,8.97666919475887,10.913384114275686,8.97666919475887
39430,737566.6271000964,8.97666919475887,8.97666919475887,10.913384114275686,8.97666919475887
39454,737567.1055596201,8.97666919475887,8.97666919475887,18.75371005339548,9.401137861423194
39477,737567.6517006962,8.97666919475887,8.97666919475887,18.75371005339548,9.401137861423194
39480,737567.9112347655,8.97666919475887,8.97666919475887,8.97666919475887,8.97666919475887
39492,737568.1672814746,8.97666919475887,8.97666919475887,8.97666919475887,8.97666919475887
39543,737569.694542731,5.059435576898977,5.059435576898977,21.161573375808075,18.758553561288863
39617,737570.9549299481,8.97666919475887,5.059435576898977,8.97666919475887,8.97666919475887
39660,737571.5183814501,8.97666919475887,5.059435576898977,8.97666919475887,8.97666919475887
39670,737571.6452268185,8.97666919475887,5.059435576898977,8.97666919475887,8.97666919475887
39778,737574.1738566828,5.059435576898977,5.059435576898977,25.640887327608652,8.97666919475887
39812,737574.929826024,5.059435576898977,12.545094339526258,22.703699826844968,12.545094339526258
39816,737574.9595507921,5.059435576898977,12.545094339526258,22.703699826844968,12.545094339526258
39826,737575.1034821114,5.059435576898977,12.545094339526258,22.703699826844968,12.545094339526258
39854,737575.5760839138,5.059435576898977,12.545094339526258,22.703699826844968,12.545094339526258
39859,737575.6899996311,5.059435576898977,5.059435576898977,5.059435576898977,8.97666919475887
39888,737576.2032684799,13.818536795442924,12.545094339526258,13.818536795442924,12.545094339526258
39903,737576.5462125345,13.818536795442924,12.545094339526258,13.818536795442924,12.545094339526258
39917,737576.9152799695,13.818536795442924,12.545094339526258,13.818536795442924,12.545094339526258
39946,737577.2286457655,13.818536795442924,12.545094339526258,13.818536795442924,12.545094339526258
39971,737577.9078861298,5.059435576898977,5.235283292946406,25.681759932660498,10.15860548731871
40098,737579.1905672594,5.059435576898977,5.235283292946406,25.681759932660498,10.15860548731871
40149,737580.2079367057,5.059435576898977,5.059435576898977,5.059435576898977,5.059435576898977
40220,737581.5015437687,5.059435576898977,5.059435576898977,5.059435576898977,5.059435576898977
40461,737582.4229892176,5.059435576898977,5.059435576898977,5.059435576898977,12.545094339526258
40510,737582.8467530617,14.935518296202645,5.059435576898977,14.935518296202645,5.059435576898977
40512,737582.8497796125,14.935518296202645,5.059435576898977,14.935518296202645,5.059435576898977
40513,737582.8559630676,14.935518296202645,5.059435576898977,14.935518296202645,5.059435576898977
40546,737583.0384876479,14.935518296202645,5.059435576898977,14.935518296202645,5.059435576898977
40555,737583.0970301332,14.935518296202645,5.059435576898977,14.935518296202645,5.059435576898977
40559,737583.1187776652,2.5286298643331975,2.5286298643331975,2.5286298643331975,27.751022313022986
40625,737584.0113397291,2.5286298643331975,2.5286298643331975,2.5286298643331975,2.5286298643331975
40876,737587.9012333466,12.325149432756007,6.846905303769745,12.325149432756007,12.545094339526258
40893,737588.1746932236,5.751704005990177,5.318730155937374,5.751704005990177,7.309811046579853
40934,737588.9304422359,5.751704005990177,5.318730155937374,5.751704005990177,7.309811046579853
40959,737589.5948086736,12.325149432756007,5.478244128986262,12.325149432756007,12.545094339526258
41075,737591.1168278947,3.8898936174809933,3.8898936174809933,3.8898936174809933,21.42228516365867
41082,737591.2294704632,3.8898936174809933,11.021533757564612,17.055613780394197,11.021533757564612
41108,737591.6940617322,3.8898936174809933,11.021533757564612,17.055613780394197,11.021533757564612
41112,737591.7851430529,3.8898936174809933,11.021533757564612,17.055613780394197,11.021533757564612
41257,737594.5492551766,6.374561953009106,5.318730155937374,6.374561953009106,5.318730155937374
41269,737594.8592991688,3.8898936174809933,10.908891189028509,17.055613780394197,10.908891189028509
41302,737595.8955833033,6.374561953009106,5.318730155937374,6.374561953009106,5.318730155937374
41324,737596.3423510983,6.747542424709536,5.478244128986262,13.391540193697438,5.478244128986262
41325,737596.3430767738,6.747542424709536,5.478244128986262,13.391540193697438,5.478244128986262
41326,737596.3455251749,6.747542424709536,5.478244128986262,13.391540193697438,5.478244128986262
41342,737596.7487162405,6.747542424709536,5.478244128986262,13.391540193697438,5.478244128986262
41343,737596.7503310731,6.747542424709536,5.478244128986262,13.391540193697438,5.478244128986262
41381,737597.9036624485,3.8898936174809933,14.784884783322923,15.047699380898848,14.784884783322923
41451,737599.4483108744,3.8898936174809933,3.8898936174809933,16.592347806785256,8.373507395619527
41594,737602.8366809302,4.933018481708132,3.8898936174809933,17.695725742843933,15.047699380898848
41603,737603.1826717951,4.933018481708132,3.8898936174809933,17.695725742843933,15.047699380898848
41607,737603.3924686078,3.9441577333491296,3.8898936174809933,16.592347806785256,5.318730155937374
41654,737605.1168641035,3.8898936174809933,9.221280800178647,3.8898936174809933,9.221280800178647
41804,737608.8829310585,12.13259998545982,8.366533030406572,12.13259998545982,8.366533030406572
41808,737608.9602886151,6.123607684858143,5.567820007330738,16.592347806785256,8.373507395619527
41851,737609.5971353196,6.123607684858143,6.123607684858143,22.628744224552065,8.373507395619527
41855,737609.8235600718,13.92797676846385,3.9441577333491296,13.92797676846385,5.318730155937374
41880,737610.3196024053,7.496885304455645,3.9441577333491296,7.496885304455645,6.374561953009106
41893,737611.5629689621,7.496885304455645,3.9441577333491296,7.496885304455645,6.374561953009106
41914,737612.1507985204,6.431091464008205,3.9441577333491296,7.496885304455645,6.374561953009106
41915,737612.2183562545,6.431091464008205,3.9441577333491296,7.496885304455645,6.374561953009106
41929,737612.4721930008,6.431091464008205,3.9441577333491296,7.496885304455645,6.374561953009106
41932,737612.5776982652,6.431091464008205,3.9441577333491296,7.496885304455645,6.374561953009106
41937,737612.6558333662,6.431091464008205,3.9441577333491296,7.496885304455645,6.374561953009106
41939,737612.6877185708,6.431091464008205,3.9441577333491296,7.496885304455645,6.374561953009106
41983,737613.6994629623,10.862782032112591,6.123607684858143,10.862782032112591,6.123607684858143
42027,737614.969742037,6.431091464008205,4.706695968285203,7.496885304455645,6.374561953009106
42029,737614.9739388741,6.431091464008205,4.706695968285203,7.496885304455645,6.374561953009106
42084,737616.0367161286,6.431091464008205,4.706695968285203,7.496885304455645,6.374561953009106
42096,737616.1793532145,6.431091464008205,4.706695968285203,7.496885304455645,6.374561953009106
42200,737618.1555439035,9.272612844943069,9.272612844943069,19.288122384925373,9.272612844943069
42227,737619.1022599422,10.141971327131614,9.505124622606672,10.141971327131614,9.505124622606672
42231,737619.2352412743,10.141971327131614,9.505124622606672,10.141971327131614,9.505124622606672
42324,737621.9059612708,10.141971327131614,9.505124622606672,10.141971327131614,9.505124622606672
42329,737621.9625883894,10.141971327131614,9.505124622606672,10.141971327131614,9.505124622606672
42333,737622.0620563193,10.141971327131614,9.505124622606672,10.141971327131614,9.505124622606672
42383,737623.1584196761,9.458956713788211,9.458956713788211,10.862782032112591,9.458956713788211
42410,737623.7708756452,4.056159733911045,8.801133608212695,4.056159733911045,8.801133608212695
42460,737624.6711335266,4.056159733911045,8.801133608212695,4.056159733911045,8.801133608212695
42546,737626.3203261236,11.350584086612798,5.615331741748378,11.350584086612798,6.64213753468357
42651,737628.9323301878,9.830070245545357,5.773910511634313,9.830070245545357,5.773910511634313
42672,737629.4818042265,10.379544284311123,9.830070245545357,10.379544284311123,9.830070245545357
42817,737632.6585579677,4.056159733911045,6.338231844129041,17.68881593074184,11.350584086612798
42819,737632.6876001318,4.056159733911045,6.338231844129041,17.68881593074184,11.350584086612798
42820,737632.7160664019,4.056159733911045,8.945190756698139,4.056159733911045,8.945190756698139
42832,737633.0399874724,4.056159733911045,8.945190756698139,4.056159733911045,8.945190756698139
42930,737635.2823396912,4.056159733911045,6.350009503425099,21.582876728847623,6.350009503425099
42972,737636.1101176722,4.056159733911045,6.350009503425099,21.582876728847623,6.350009503425099
43338,737641.9605406347,6.678200943511911,6.678200943511911,15.232867225422524,6.678200943511911
43369,737642.0480073609,13.02821044693701,6.678200943511911,13.02821044693701,9.830070245545357
43626,737644.9299403665,6.678200943511911,6.678200943511911,18.609614242915995,8.801133608212695
43669,737645.3998022128,6.678200943511911,6.678200943511911,6.678200943511911,6.678200943511911
43804,737648.5484691749,6.678200943511911,6.678200943511911,12.271382398786955,6.678200943511911
43829,737649.0349510015,6.678200943511911,6.678200943511911,12.271382398786955,6.678200943511911
43906,737650.485465017,8.524924382334575,6.678200943511911,13.02821044693701,6.678200943511911
43919,737650.6741111676,6.678200943511911,6.678200943511911,12.271382398786955,12.271382398786955
43920,737650.674660335,6.678200943511911,6.678200943511911,12.271382398786955,9.647600675350986
43921,737650.6747579388,6.678200943511911,6.678200943511911,12.271382398786955,9.647600675350986
43927,737650.8205952151,6.678200943511911,6.678200943511911,12.271382398786955,9.647600675350986
43931,737650.9473082396,6.678200943511911,6.678200943511911,12.271382398786955,9.647600675350986
43964,737651.92312452,8.524924382334575,6.678200943511911,12.123920015059412,6.678200943511911
43966,737652.0339910404,6.678200943511911,6.678200943511911,6.678200943511911,24.353785043931566
43967,737652.036539185,6.678200943511911,6.678200943511911,6.678200943511911,24.353785043931566
43971,737652.083233162,6.678200943511911,6.678200943511911,6.678200943511911,18.015553199802525
44029,737653.965757272,6.678200943511911,6.678200943511911,6.678200943511911,18.015553199802525
44035,737654.0950736286,6.678200943511911,6.678200943511911,6.678200943511911,18.015553199802525
44050,737654.5057028453,9.57576247875113,6.678200943511911,9.57576247875113,9.647600675350986
44105,737656.3714095422,6.678200943511911,6.678200943511911,6.678200943511911,9.647600675350986
44110,737656.4860829536,6.678200943511911,6.678200943511911,6.678200943511911,6.678200943511911
44127,737656.8557306546,6.678200943511911,6.678200943511911,6.678200943511911,6.678200943511911
44190,737658.5505696425,6.678200943511911,6.678200943511911,6.678200943511911,6.678200943511911
44212,737659.2745094447,6.678200943511911,6.678200943511911,12.271382398786955,9.647600675350986
44281,737661.5210842036,6.678200943511911,6.678200943511911,12.271382398786955,9.647600675350986
44304,737661.861161766,6.678200943511911,6.678200943511911,12.271382398786955,9.647600675350986
44379,737663.8322142172,6.678200943511911,6.678200943511911,12.271382398786955,9.647600675350986
44414,737664.7105666181,6.678200943511911,6.678200943511911,6.678200943511911,6.678200943511911
44601,737669.0137865806,6.678200943511911,6.678200943511911,6.678200943511911,6.678200943511911
44638,737669.9663936589,6.678200943511911,6.678200943511911,7.937613778747618,6.678200943511911
44658,737670.7099567583,6.678200943511911,6.678200943511911,7.937613778747618,6.678200943511911
44662,737670.8024973166,8.224483664496802,5.436057173414156,9.57576247875113,6.678200943511911
44796,737674.8412183254,8.224483664496802,5.436057173414156,9.57576247875113,6.678200943511911
44800,737674.929058367,8.224483664496802,5.436057173414156,9.57576247875113,6.678200943511911
44824,737675.4662144069,5.436057173414156,5.499820747994818,5.436057173414156,18.043269138899632
44827,737675.5735150516,5.436057173414156,5.499820747994818,5.436057173414156,5.499820747994818
44838,737676.0139058155,5.436057173414156,5.499820747994818,5.436057173414156,18.043269138899632
44847,737676.1887968733,5.436057173414156,5.499820747994818,5.436057173414156,6.678200943511911
44896,737676.8133747941,5.436057173414156,5.499820747994818,5.436057173414156,6.678200943511911
44927,737677.3650727277,5.436057173414156,5.499820747994818,5.436057173414156,6.678200943511911
44928,737677.3690175853,5.436057173414156,5.499820747994818,5.436057173414156,6.678200943511911
44931,737677.4052362012,5.436057173414156,5.499820747994818,5.436057173414156,6.678200943511911
44942,737677.7960753458,5.436057173414156,5.499820747994818,5.436057173414156,6.678200943511911
44958,737678.0367498775,5.436057173414156,5.499820747994818,5.436057173414156,6.678200943511911
44960,737678.0769158144,5.436057173414156,5.499820747994818,5.436057173414156,6.678200943511911
45055,737680.0770080416,5.436057173414156,5.499820747994818,5.436057173414156,6.678200943511911
45076,737680.6663374403,5.436057173414156,5.499820747994818,5.436057173414156,6.678200943511911
45086,737680.891438029,5.436057173414156,5.499820747994818,5.436057173414156,6.678200943511911
45103,737681.2108407202,5.436057173414156,5.499820747994818,5.436057173414156,6.678200943511911
45106,737681.259293775,5.436057173414156,5.499820747994818,5.436057173414156,6.678200943511911
45146,737682.1951745116,6.181268696091138,6.006377638317645,6.181268696091138,6.006377638317645
45199,737683.5948988828,6.181268696091138,6.006377638317645,6.181268696091138,6.006377638317645
45216,737683.9919707908,6.006377638317645,6.181268696091138,6.006377638317645,6.181268696091138
45224,737684.1625192682,6.006377638317645,6.181268696091138,6.006377638317645,6.181268696091138
45271,737685.0253844768,6.006377638317645,6.181268696091138,6.006377638317645,6.181268696091138
45306,737685.8358888357,6.006377638317645,6.006377638317645,15.869495176826604,6.006377638317645
45454,737686.9182896225,6.181268696091138,6.006377638317645,6.181268696091138,6.006377638317645
45636,737688.8060289917,6.006377638317645,9.647091962397099,24.095462373574264,9.647091962397099
45689,737689.1632377442,6.006377638317645,6.006377638317645,18.360740427626297,15.033391519100405
45700,737689.3443426488,6.006377638317645,9.647091962397099,18.360740427626297,9.647091962397099
45761,737690.1272398726,6.006377638317645,9.647091962397099,18.360740427626297,9.647091962397099
45841,737691.2862977933,6.006377638317645,9.647091962397099,18.360740427626297,9.647091962397099
46189,737698.5396794651,9.195336816366762,9.195336816366762,18.003531675087288,9.647091962397099
46195,737698.6627589348,11.744469312252477,9.318416286027059,11.744469312252477,9.318416286027059
46198,737698.765816506,11.744469312252477,9.195336816366762,11.744469312252477,9.195336816366762
46239,737699.2973669061,11.744469312252477,9.195336816366762,11.744469312252477,9.195336816366762
46289,737700.2220908646,9.195336816366762,9.195336816366762,9.195336816366762,24.033293991233222
46399,737703.0330513832,9.195336816366762,9.421473857248202,26.84425450989511,9.421473857248202
46409,737703.2566899487,9.195336816366762,9.195336816366762,14.670788143994287,11.744469312252477
46463,737704.5993371478,9.195336816366762,9.195336816366762,9.195336816366762,9.195336816366762
46515,737705.7147775013,9.195336816366762,9.195336816366762,9.195336816366762,9.195336816366762
46518,737705.7681897391,9.195336816366762,9.195336816366762,26.84425450989511,9.318416286027059
46533,737706.0735082777,9.195336816366762,9.195336816366762,26.84425450989511,9.318416286027059
46539,737706.1518410118,9.195336816366762,9.195336816366762,9.195336816366762,9.195336816366762
46580,737706.9784673417,9.195336816366762,9.195336816366762,9.195336816366762,9.195336816366762
46608,737707.7074511496,9.195336816366762,9.195336816366762,9.195336816366762,9.195336816366762
46722,737710.4392159975,9.195336816366762,9.195336816366762,9.195336816366762,9.195336816366762
46747,737711.0453175692,9.195336816366762,9.195336816366762,9.195336816366762,9.195336816366762
46795,737711.9849315718,9.195336816366762,9.195336816366762,11.744469312252477,9.195336816366762
46831,737713.1246856166,9.195336816366762,9.195336816366762,11.744469312252477,9.195336816366762
46876,737714.1158217099,9.195336816366762,9.195336816366762,11.744469312252477,9.195336816366762
46905,737714.7872385288,9.195336816366762,9.195336816366762,11.744469312252477,9.195336816366762
46951,737715.5951473555,12.338457406731322,9.195336816366762,12.338457406731322,11.744469312252477
47015,737717.2397810515,9.195336816366762,9.195336816366762,9.195336816366762,21.63318700576201
47073,737718.5610029249,9.195336816366762,9.195336816366762,19.898243990144692,9.195336816366762
47086,737718.885109471,9.195336816366762,9.195336816366762,16.9323884206824,9.195336816366762
47143,737720.00290132,9.195336816366762,9.195336816366762,9.195336816366762,9.195336816366762
47203,737720.9868636904,14.835022678598762,9.195336816366762,14.835022678598762,9.195336816366762
47262,737721.9196061789,14.835022678598762,9.195336816366762,14.835022678598762,9.195336816366762
47302,737723.0661797185,14.835022678598762,9.195336816366762,14.835022678598762,9.195336816366762
47303,737723.0820113252,9.195336816366762,9.195336816366762,17.730173741700128,9.195336816366762
47384,737724.8777562857,9.195336816366762,9.195336816366762,17.730173741700128,9.195336816366762
47385,737724.8798057485,9.195336816366762,9.195336816366762,9.195336816366762,9.195336816366762
47406,737725.255991983,4.287374985637143,12.894874176708981,19.487802243907936,12.894874176708981
47445,737725.7900618213,4.287374985637143,9.195336816366762,4.287374985637143,9.195336816366762
47526,737727.7048838767,4.287374985637143,9.195336816366762,4.287374985637143,9.195336816366762
47569,737728.9964029314,9.195336816366762,9.195336816366762,9.195336816366762,9.195336816366762
47590,737730.0139061062,9.195336816366762,9.195336816366762,9.195336816366762,9.195336816366762
47592,737730.0382488184,11.756621879874729,9.195336816366762,11.756621879874729,9.195336816366762
47594,737730.0940385704,4.838046587421559,4.287374985637143,22.222940599778667,9.195336816366762
47610,737730.6302378875,9.643374197068624,6.956237493199296,14.835022678598762,9.563685322529636
47653,737731.9059309105,9.643374197068624,6.956237493199296,14.835022678598762,9.563685322529636
47664,737732.1531516504,9.195336816366762,9.195336816366762,19.825321376440115,12.338457406731322
47766,737734.5832981324,9.195336816366762,9.195336816366762,19.825321376440115,12.338457406731322
47775,737734.7402341238,9.195336816366762,9.195336816366762,19.825321376440115,12.338457406731322
47808,737735.2802338048,5.186195234418847,5.186195234418847,5.186195234418847,12.894874176708981
47855,737735.857838381,5.186195234418847,5.186195234418847,5.186195234418847,12.894874176708981
47877,737736.2608693014,5.186195234418847,5.186195234418847,5.186195234418847,12.894874176708981
47897,737736.7911704376,5.186195234418847,5.186195234418847,5.186195234418847,12.894874176708981
47928,737737.6502101087,5.186195234418847,5.186195234418847,5.186195234418847,12.894874176708981
47942,737737.9234662656,5.186195234418847,5.186195234418847,5.186195234418847,12.894874176708981
47944,737737.9346291386,5.186195234418847,5.186195234418847,5.186195234418847,12.894874176708981
48047,737740.0999303901,7.946778739686124,7.946778739686124,9.071140325278975,7.946778739686124
48054,737740.3310269282,14.540965106803924,5.186195234418847,14.540965106803924,9.195336816366762
48081,737741.0406794145,14.540965106803924,5.186195234418847,14.540965106803924,9.195336816366762
48122,737742.2164480678,4.819696585298516,7.946778739686124,17.0179190649651,7.946778739686124
48201,737744.2327024831,4.819696585298516,8.952468678238802,4.819696585298516,9.195336816366762
48327,737747.682868354,4.819696585298516,8.952468678238802,4.819696585298516,9.195336816366762
48390,737749.2907684424,5.058065959368832,6.936214262968861,5.058065959368832,6.936214262968861
48430,737750.4346592263,5.058065959368832,10.103632298181765,20.39641040796414,10.236988357733935
48461,737751.7939094105,5.058065959368832,10.103632298181765,20.39641040796414,10.236988357733935
48472,737752.0000628089,5.058065959368832,7.0743203746387735,19.846911158412695,9.071140325278975
48501,737752.9582800069,5.058065959368832,7.0743203746387735,19.846911158412695,9.071140325278975
48509,737753.2581065838,5.058065959368832,8.959741514292546,17.977872779010795,8.959741514292546
48666,737756.4337921265,5.058065959368832,8.959741514292546,17.977872779010795,8.959741514292546
48783,737758.0157997039,5.058065959368832,8.959741514292546,17.977872779010795,8.959741514292546
48789,737758.0996401436,5.058065959368832,8.959741514292546,17.977872779010795,8.959741514292546
48795,737758.2955774913,5.058065959368832,8.959741514292546,17.977872779010795,8.959741514292546
48825,737758.8727015399,5.914421533001587,5.914421533001587,5.914421533001587,9.190838052309118
48839,737759.1783994127,5.914421533001587,5.914421533001587,5.914421533001587,9.190838052309118
48845,737759.3334899254,5.614594956045039,6.075383341521956,19.002462997217663,10.103632298181765
48847,737759.3546901218,5.614594956045039,6.096583537990227,28.72445223433897,7.0743203746387735
48890,737760.3757877848,9.94112855847925,6.075383341521956,9.94112855847925,10.103632298181765
48898,737760.4416328449,11.1508644024143,5.914421533001587,11.1508644024143,8.952468678238802
48925,737761.1148112747,5.914421533001587,5.914421533001587,5.914421533001587,9.190838052309118
49056,737764.5369835985,5.614594956045039,5.614594956045039,10.063921679393388,7.0743203746387735
49080,737765.1372183827,5.614594956045039,5.614594956045039,10.063921679393388,7.0743203746387735
49086,737765.4343565659,5.614594956045039,5.614594956045039,10.063921679393388,7.0743203746387735
49089,737765.4961590897,5.614594956045039,5.614594956045039,11.1508644024143,5.614594956045039
49090,737765.5053547603,5.614594956045039,5.914421533001587,5.614594956045039,5.914421533001587
49092,737765.5204363465,5.614594956045039,5.614594956045039,11.1508644024143,5.614594956045039
49093,737765.5454020032,5.614594956045039,5.614594956045039,11.1508644024143,5.614594956045039
49095,737765.5745517259,5.614594956045039,5.914421533001587,16.208930361783132,5.914421533001587
49096,737765.5823555588,5.614594956045039,5.914421533001587,16.208930361783132,5.914421533001587
49114,737766.0174458709,5.614594956045039,5.914421533001587,16.208930361783132,5.914421533001587
49123,737766.1527990677,5.914421533001587,5.914421533001587,5.914421533001587,5.914421533001587
49160,737766.936454825,5.614594956045039,5.614594956045039,5.614594956045039,17.138242054032162
49167,737767.0506931262,5.614594956045039,5.614594956045039,5.614594956045039,17.138242054032162
49168,737767.051028075,5.614594956045039,5.614594956045039,5.614594956045039,17.138242054032162
49170,737767.1796083886,13.921501804725267,6.075383341521956,13.921501804725267,6.075383341521956
49201,737767.8794509955,5.614594956045039,6.096583537990227,10.063921679393388,6.096583537990227
49213,737768.0522400353,5.614594956045039,5.614594956045039,5.614594956045039,5.914421533001587
49286,737769.6820839479,10.348594022565521,6.803820603759959,19.002462997217663,10.103632298181765
49301,737769.897497552,10.348594022565521,6.803820603759959,19.002462997217663,10.103632298181765
49346,737770.7327614467,10.348594022565521,6.803820603759959,10.348594022565521,6.803820603759959
49352,737770.8922781972,10.348594022565521,6.803820603759959,10.348594022565521,6.803820603759959
49400,737772.3943086393,10.348594022565521,6.803820603759959,10.348594022565521,6.803820603759959
49404,737772.5031699005,5.614594956045039,5.614594956045039,6.096583537990227,6.075383341521956
49414,737772.8364594524,5.614594956045039,5.614594956045039,6.096583537990227,6.075383341521956
49431,737773.5251346309,6.588679805863649,6.588679805863649,6.588679805863649,8.92003089550417
49507,737776.0789165907,6.588679805863649,6.588679805863649,6.588679805863649,8.92003089550417
49522,737776.6039912004,6.588679805863649,6.588679805863649,6.588679805863649,8.92003089550417
49580,737777.7772249703,6.588679805863649,6.588679805863649,6.588679805863649,8.92003089550417
49582,737777.7970365284,6.588679805863649,6.588679805863649,6.588679805863649,8.92003089550417
49614,737778.2412210112,4.716086380300112,10.188980975886807,4.716086380300112,10.188980975886807
49679,737780.0172816933,4.716086380300112,10.188980975886807,4.716086380300112,10.188980975886807
49683,737780.1721532564,6.647018625517376,6.647018625517376,6.647018625517376,6.647018625517376
49725,737781.0207758519,6.647018625517376,6.647018625517376,6.647018625517376,6.647018625517376
49780,737782.1478078371,6.647018625517376,6.647018625517376,6.647018625517376,6.647018625517376
49799,737783.0303289838,4.716086380300112,14.97808894852642,16.877529916120693,14.97808894852642
49820,737783.81312191,4.716086380300112,14.97808894852642,16.877529916120693,14.97808894852642
49823,737783.8601230186,4.716086380300112,14.97808894852642,16.877529916120693,14.97808894852642
49873,737784.9764894567,4.716086380300112,14.97808894852642,16.877529916120693,14.97808894852642
49928,737785.8329124356,4.716086380300112,5.738051110645756,19.81546656473074,5.738051110645756
50335,737788.7926017034,4.716086380300112,5.738051110645756,19.81546656473074,5.738051110645756
50341,737788.8681616988,4.716086380300112,4.789107972639613,20.815921663539484,10.188980975886807
50541,737791.1573583476,4.716086380300112,4.789107972639613,20.815921663539484,10.188980975886807
50605,737792.2216662947,4.716086380300112,4.789107972639613,20.815921663539484,10.188980975886807
50633,737792.655202757,4.716086380300112,4.789107972639613,20.815921663539484,10.188980975886807
50648,737792.87918249,4.716086380300112,4.789107972639613,20.815921663539484,10.188980975886807
50662,737793.0650176817,4.716086380300112,7.232105246046558,20.561847781180404,13.329742535133846
50665,737793.0733256174,4.716086380300112,7.232105246046558,20.561847781180404,13.329742535133846
50680,737793.2700717405,4.716086380300112,7.232105246046558,20.561847781180404,13.329742535133846
50687,737793.348511671,4.716086380300112,7.232105246046558,20.561847781180404,13.329742535133846
50796,737794.803683312,4.716086380300112,7.232105246046558,20.561847781180404,13.329742535133846
50799,737794.9192684164,14.747115159989335,10.034688697895035,14.747115159989335,10.034688697895035
50861,737795.6398543301,9.806941894465126,4.716086380300112,9.806941894465126,10.188980975886807
50865,737795.6876251809,9.806941894465126,4.716086380300112,9.806941894465126,10.188980975886807
50869,737795.7159760024,9.806941894465126,4.716086380300112,9.806941894465126,10.188980975886807
50870,737795.7170451385,9.806941894465126,4.716086380300112,9.806941894465126,10.188980975886807
50874,737795.7546656344,9.806941894465126,4.716086380300112,9.806941894465126,10.188980975886807
50877,737795.7636072034,9.806941894465126,4.716086380300112,9.806941894465126,10.188980975886807
50879,737795.7695255828,9.806941894465126,4.716086380300112,9.806941894465126,10.188980975886807
50880,737795.7764818135,9.806941894465126,4.716086380300112,9.806941894465126,10.188980975886807
50887,737795.8552179011,9.806941894465126,4.716086380300112,9.806941894465126,10.188980975886807
50888,737795.8561576216,9.806941894465126,4.716086380300112,9.806941894465126,10.188980975886807
50896,737795.8987469522,9.806941894465126,4.716086380300112,9.806941894465126,10.188980975886807
50898,737795.9134038732,9.806941894465126,4.716086380300112,9.806941894465126,10.188980975886807
50905,737795.988167876,9.806941894465126,4.716086380300112,9.806941894465126,10.188980975886807
50906,737795.9897270107,9.806941894465126,4.716086380300112,9.806941894465126,10.188980975886807
50907,737795.9937870236,9.806941894465126,4.716086380300112,9.806941894465126,10.188980975886807
50911,737796.027587094,9.806941894465126,4.716086380300112,9.806941894465126,10.188980975886807
50933,737796.3471374974,9.806941894465126,4.716086380300112,9.806941894465126,10.188980975886807
50938,737796.4172805367,9.806941894465126,4.716086380300112,9.806941894465126,10.188980975886807
51016,737797.5355730753,9.806941894465126,4.716086380300112,9.806941894465126,10.188980975886807
51022,737797.5917607743,9.806941894465126,4.716086380300112,9.806941894465126,10.188980975886807
51089,737798.5926491377,4.716086380300112,4.716086380300112,14.747115159989335,12.892864425317384
51147,737799.6747320147,4.716086380300112,4.716086380300112,14.747115159989335,12.892864425317384
51154,737799.8250489559,4.716086380300112,4.716086380300112,27.32187905535102,20.561847781180404
51160,737800.0129800467,4.716086380300112,4.716086380300112,27.32187905535102,20.561847781180404
51167,737800.1455974776,9.806941894465126,4.716086380300112,9.806941894465126,7.59169142448809
51202,737800.8924690884,6.55497721536085,4.905780539498664,20.561847781180404,13.329742535133846
51213,737801.165957481,6.55497721536085,4.905780539498664,20.561847781180404,13.329742535133846
51263,737802.1784225823,6.55497721536085,4.905780539498664,20.561847781180404,13.329742535133846
51265,737802.2292426825,7.622397347935475,4.716086380300112,13.329742535133846,10.527159083285369
51296,737802.6927184693,7.622397347935475,4.716086380300112,13.329742535133846,10.527159083285369
51298,737802.7074230708,6.55497721536085,4.716086380300112,6.55497721536085,7.232105246046558
51299,737802.7366405334,6.55497721536085,4.716086380300112,6.55497721536085,7.232105246046558
51300,737802.7469111951,6.55497721536085,4.716086380300112,6.55497721536085,7.232105246046558
51301,737802.7695567932,6.55497721536085,4.716086380300112,6.55497721536085,7.232105246046558
51303,737802.7738724996,6.55497721536085,4.716086380300112,6.55497721536085,7.232105246046558
51307,737802.8811540839,6.55497721536085,4.716086380300112,6.55497721536085,7.232105246046558
51397,737805.7310978405,7.788154654437676,4.716086380300112,7.788154654437676,7.232105246046558
51413,737806.1397552766,6.314706320757978,4.716086380300112,6.314706320757978,4.716086380300112
51458,737807.3018545103,6.314706320757978,4.716086380300112,6.314706320757978,12.892864425317384
51474,737807.5136983256,3.501855158014223,4.155870466842316,16.396330246818252,4.155870466842316
51492,737808.0845175928,7.622397347935475,3.8353219451382756,7.622397347935475,7.232105246046558
51526,737809.2158767619,6.314706320757978,4.716086380300112,6.314706320757978,12.892864425317384
51537,737809.6289041797,6.314706320757978,4.716086380300112,6.314706320757978,12.892864425317384
51539,737809.6488043186,6.314706320757978,4.716086380300112,6.314706320757978,12.892864425317384
51554,737810.1697009229,6.314706320757978,4.716086380300112,6.314706320757978,12.892864425317384
51650,737812.3073804805,4.594431439531036,3.091503718518652,6.55497721536085,3.673380721360445
51670,737812.6472817144,5.377094522002153,4.222862887661904,7.622397347935475,7.232105246046558
51689,737813.14360758,5.377094522002153,4.222862887661904,7.622397347935475,7.232105246046558
51698,737813.3922875372,5.377094522002153,4.222862887661904,7.622397347935475,7.232105246046558
51699,737813.4118791252,5.377094522002153,4.222862887661904,7.622397347935475,7.232105246046558
51837,737816.5979558257,4.290575345279649,3.9506741113727912,6.55497721536085,3.9506741113727912
51864,737817.222494294,4.290575345279649,3.9506741113727912,6.55497721536085,3.9506741113727912
51881,737818.0710864944,8.513438232941553,3.9506741113727912,10.811829424113967,3.9506741113727912
51893,737818.435462367,8.513438232941553,3.9506741113727912,10.811829424113967,3.9506741113727912
51909,737819.0544256889,8.513438232941553,3.9506741113727912,10.811829424113967,3.9506741113727912
51925,737819.5404766386,8.513438232941553,3.9506741113727912,8.513438232941553,3.9506741113727912
51940,737819.7188176848,8.513438232941553,3.9506741113727912,8.513438232941553,3.9506741113727912
51946,737819.8342836769,8.513438232941553,3.9506741113727912,8.513438232941553,3.9506741113727912
51949,737819.9545177668,7.307236052467488,5.423804780002683,7.307236052467488,5.423804780002683
51950,737819.9951263125,7.307236052467488,5.423804780002683,7.307236052467488,5.423804780002683
51954,737820.1347774273,7.307236052467488,5.423804780002683,7.307236052467488,5.423804780002683
51956,737820.2012688582,4.562764121568762,3.9506741113727912,7.622397347935475,3.9506741113727912
51960,737820.2962117614,8.513438232941553,3.9506741113727912,8.513438232941553,3.9506741113727912
51962,737820.3416403374,8.513438232941553,3.9506741113727912,8.513438232941553,3.9506741113727912
51965,737820.3859481318,8.513438232941553,3.9506741113727912,8.513438232941553,3.9506741113727912
51967,737820.3925265002,8.513438232941553,3.9506741113727912,8.513438232941553,3.9506741113727912
51968,737820.455890265,8.513438232941553,3.9506741113727912,8.513438232941553,3.9506741113727912
51969,737820.4580352018,8.513438232941553,3.9506741113727912,8.513438232941553,3.9506741113727912
51971,737820.4792686561,8.513438232941553,3.9506741113727912,8.513438232941553,3.9506741113727912
51972,737820.4848271225,8.513438232941553,3.9506741113727912,8.513438232941553,3.9506741113727912
51974,737820.4966775338,4.562764121568762,3.9506741113727912,5.97320067207329,3.9506741113727912
51975,737820.4983834218,8.513438232941553,3.9506741113727912,8.513438232941553,3.9506741113727912
51977,737820.4994295301,4.562764121568762,3.9506741113727912,7.622397347935475,3.9506741113727912
51979,737820.506354834,8.513438232941553,3.9506741113727912,8.513438232941553,3.9506741113727912
51980,737820.508910578,8.513438232941553,3.9506741113727912,8.513438232941553,3.9506741113727912
51982,737820.5180342722,8.513438232941553,3.9506741113727912,8.513438232941553,3.9506741113727912
51983,737820.5400960514,8.513438232941553,3.9506741113727912,8.513438232941553,3.9506741113727912
51984,737820.5483458866,8.513438232941553,3.9506741113727912,8.513438232941553,3.9506741113727912
51986,737820.5502663208,8.513438232941553,3.9506741113727912,8.513438232941553,3.9506741113727912
51987,737820.5508141384,8.513438232941553,3.9506741113727912,8.513438232941553,3.9506741113727912
51988,737820.5542300654,8.513438232941553,3.9506741113727912,8.513438232941553,3.9506741113727912
51991,737820.5636660141,8.513438232941553,3.9506741113727912,8.513438232941553,3.9506741113727912
51992,737820.6426569541,8.513438232941553,3.9506741113727912,8.513438232941553,3.9506741113727912
51993,737820.6510815794,8.513438232941553,3.9506741113727912,8.513438232941553,3.9506741113727912
51994,737820.6551199942,8.513438232941553,3.9506741113727912,8.513438232941553,3.9506741113727912
51995,737820.6599046553,8.513438232941553,3.9506741113727912,8.513438232941553,3.9506741113727912
51997,737820.7287509717,8.513438232941553,3.9506741113727912,8.513438232941553,3.9506741113727912
51998,737820.7306621128,8.513438232941553,3.9506741113727912,8.513438232941553,3.9506741113727912
52000,737820.7676512277,8.513438232941553,3.9506741113727912,8.513438232941553,3.9506741113727912
52004,737820.9468430361,8.513438232941553,3.9506741113727912,8.513438232941553,3.9506741113727912
52010,737821.4952480757,4.562764121568762,3.9506741113727912,7.622397347935475,3.9506741113727912
52012,737821.8237233122,4.562764121568762,3.9506741113727912,7.622397347935475,3.9506741113727912
52044,737822.8560349473,4.562764121568762,3.9506741113727912,7.622397347935475,3.9506741113727912
52057,737823.0268675784,4.562764121568762,3.9506741113727912,7.622397347935475,3.9506741113727912
52061,737823.0880814968,4.562764121568762,3.9506741113727912,7.622397347935475,3.9506741113727912
52062,737823.0929362415,4.562764121568762,3.9506741113727912,7.622397347935475,3.9506741113727912
52063,737823.0973873755,4.562764121568762,3.9506741113727912,7.622397347935475,3.9506741113727912
52102,737824.162745609,2.6674975332571194,3.9506741113727912,8.513438232941553,3.9506741113727912
52139,737825.1192173291,2.6674975332571194,3.9506741113727912,8.513438232941553,3.9506741113727912
52245,737827.8201768433,2.6674975332571194,3.9506741113727912,8.513438232941553,3.9506741113727912
52246,737827.8555774199,2.6674975332571194,3.9506741113727912,8.513438232941553,3.9506741113727912
52252,737828.0014360605,3.8386904515791684,3.8386904515791684,8.513438232941553,3.9506741113727912
52267,737828.4224612064,3.8386904515791684,3.8386904515791684,4.222862887661904,3.9506741113727912
52270,737828.5169729828,3.8386904515791684,3.8386904515791684,4.222862887661904,3.9506741113727912
52290,737828.8823885939,3.8386904515791684,3.8386904515791684,4.222862887661904,3.9506741113727912
52310,737829.0481212458,3.8386904515791684,3.8386904515791684,4.222862887661904,3.9506741113727912
52341,737829.6181021363,3.8386904515791684,3.8386904515791684,4.222862887661904,3.9506741113727912
52344,737829.6941239662,3.8386904515791684,3.8386904515791684,4.222862887661904,3.9506741113727912
52345,737829.6943967413,3.8386904515791684,3.8386904515791684,4.222862887661904,3.9506741113727912
52359,737830.0306907925,3.8386904515791684,3.8386904515791684,4.222862887661904,3.9506741113727912
52380,737830.5672707404,3.8386904515791684,3.8386904515791684,8.513438232941553,3.9506741113727912
52402,737831.150534284,3.8386904515791684,3.8386904515791684,8.513438232941553,3.9506741113727912
52412,737831.3759938126,3.8386904515791684,3.8386904515791684,8.513438232941553,3.9506741113727912
52414,737831.4492473272,3.8386904515791684,3.8386904515791684,8.513438232941553,3.9506741113727912
52416,737831.4861250024,3.8386904515791684,13.415038508013822,3.8386904515791684,13.415038508013822
52427,737832.0730277484,3.8386904515791684,13.415038508013822,3.8386904515791684,13.415038508013822
52429,737832.1199913383,3.8386904515791684,13.415038508013822,3.8386904515791684,13.415038508013822
52433,737832.2634615891,3.8386904515791684,13.415038508013822,3.8386904515791684,13.415038508013822
52526,737834.681973667,14.547196239698678,14.547196239698678,14.547196239698678,14.547196239698678
52589,737836.2842404993,14.547196239698678,14.547196239698678,14.547196239698678,14.547196239698678
52608,737836.8257764863,14.547196239698678,14.547196239698678,14.547196239698678,14.547196239698678
52609,737836.9138706113,14.547196239698678,14.547196239698678,14.547196239698678,14.547196239698678
52637,737837.5444657248,6.977194984443486,4.114702926599421,6.977194984443486,4.114702926599421
52641,737837.691286344,6.977194984443486,4.114702926599421,6.977194984443486,4.114702926599421
52643,737837.7182163002,6.977194984443486,4.114702926599421,6.977194984443486,4.114702926599421
52662,737838.1281527496,6.977194984443486,6.977194984443486,6.977194984443486,6.977194984443486
52694,737839.7127924019,5.030818734900095,3.8386904515791684,14.547196239698678,14.547196239698678
52725,737840.5883564472,6.977194984443486,5.4714379764627665,6.977194984443486,5.4714379764627665
52734,737840.9403655893,6.977194984443486,5.4714379764627665,6.977194984443486,5.4714379764627665
52759,737841.6541563832,6.977194984443486,4.114702926599421,6.977194984443486,4.114702926599421
52771,737841.9526953417,6.977194984443486,4.114702926599421,6.977194984443486,4.114702926599421
52773,737842.0602400696,6.977194984443486,4.114702926599421,6.977194984443486,4.114702926599421
52800,737843.1296497538,6.977194984443486,4.114702926599421,6.977194984443486,4.114702926599421
52802,737843.1311534346,6.977194984443486,4.114702926599421,6.977194984443486,4.114702926599421
52867,737844.9347334674,6.977194984443486,4.114702926599421,6.977194984443486,4.114702926599421
52930,737847.0257068493,6.977194984443486,4.114702926599421,6.977194984443486,4.114702926599421
52940,737847.3822451147,6.977194984443486,4.114702926599421,6.977194984443486,4.114702926599421
53040,737849.8405680385,6.977194984443486,4.114702926599421,6.977194984443486,4.114702926599421
53041,737849.8408615531,8.186705169850029,8.186705169850029,21.519378955941647,8.186705169850029
53042,737849.8452929454,8.186705169850029,8.186705169850029,21.519378955941647,8.186705169850029
53043,737849.8540412139,8.186705169850029,8.186705169850029,21.519378955941647,8.186705169850029
53047,737849.981036704,8.186705169850029,8.186705169850029,21.519378955941647,8.186705169850029
53048,737849.981575319,8.186705169850029,8.186705169850029,21.519378955941647,8.186705169850029
53080,737850.9181060196,8.186705169850029,8.186705169850029,8.186705169850029,8.186705169850029
53121,737851.8292635761,8.186705169850029,8.186705169850029,8.186705169850029,8.186705169850029
53131,737852.1063056873,8.186705169850029,8.186705169850029,8.186705169850029,8.186705169850029
53134,737852.1727922574,8.186705169850029,8.186705169850029,8.186705169850029,8.186705169850029
53157,737852.7181628515,8.186705169850029,8.186705169850029,8.186705169850029,8.186705169850029
53197,737854.3498935332,8.186705169850029,8.186705169850029,8.186705169850029,8.186705169850029
53212,737854.7060114898,8.186705169850029,8.186705169850029,8.186705169850029,8.186705169850029
53244,737855.7005612074,8.186705169850029,8.186705169850029,8.186705169850029,8.186705169850029
53246,737855.762944586,8.186705169850029,8.186705169850029,8.186705169850029,8.186705169850029
53290,737857.4202581117,8.186705169850029,8.186705169850029,8.186705169850029,8.186705169850029
53291,737857.423987833,8.186705169850029,8.186705169850029,8.186705169850029,8.186705169850029
53333,737858.4604594762,8.186705169850029,8.186705169850029,8.186705169850029,8.186705169850029
53350,737858.9412837899,8.186705169850029,8.186705169850029,18.35292734275572,8.186705169850029
53351,737858.9427851171,8.186705169850029,8.186705169850029,18.35292734275572,8.186705169850029
53353,737858.9906763049,8.186705169850029,8.186705169850029,18.35292734275572,8.186705169850029
53450,737862.1966738221,8.186705169850029,8.186705169850029,18.35292734275572,8.186705169850029
53486,737863.0328713168,8.186705169850029,8.186705169850029,18.35292734275572,8.186705169850029
53496,737863.2249219721,8.186705169850029,8.186705169850029,18.35292734275572,8.186705169850029
53498,737863.2666364147,8.186705169850029,8.186705169850029,18.35292734275572,8.186705169850029
53510,737863.5759524126,8.186705169850029,8.186705169850029,8.186705169850029,8.186705169850029
53518,737863.7500224166,8.186705169850029,8.186705169850029,8.186705169850029,8.186705169850029
53520,737863.7904312814,8.186705169850029,8.186705169850029,8.186705169850029,8.186705169850029
53556,737864.6843786337,8.186705169850029,8.186705169850029,8.186705169850029,8.186705169850029
53562,737864.8655569683,8.186705169850029,8.186705169850029,8.186705169850029,8.186705169850029
53618,737866.1890754063,8.186705169850029,8.186705169850029,8.186705169850029,8.186705169850029
53621,737866.3387039349,8.186705169850029,8.186705169850029,26.625911533017643,8.186705169850029
53622,737866.34322757,8.186705169850029,8.186705169850029,8.186705169850029,8.186705169850029
53627,737866.4013494969,8.186705169850029,8.186705169850029,8.186705169850029,8.186705169850029
53629,737866.408662845,8.186705169850029,8.186705169850029,8.186705169850029,8.186705169850029
53631,737866.4191256983,8.186705169850029,8.186705169850029,8.186705169850029,8.186705169850029
53652,737867.571373599,8.628588481922634,8.186705169850029,14.046404824126512,8.186705169850029
53665,737867.9375642895,8.994779172469862,8.628588481922634,20.81313104031142,17.287127406685613
53676,737868.546614196,8.628588481922634,8.186705169850029,14.046404824126512,8.186705169850029
53688,737868.8013206827,8.628588481922634,8.186705169850029,14.046404824126512,8.186705169850029
53725,737870.0356335866,8.628588481922634,8.186705169850029,14.046404824126512,8.186705169850029
53728,737870.0876870444,8.628588481922634,8.186705169850029,14.046404824126512,8.186705169850029
53771,737871.0580895112,8.186705169850029,5.115492936340161,8.186705169850029,8.186705169850029
53775,737871.1345068153,8.186705169850029,5.115492936340161,8.186705169850029,8.186705169850029
53817,737872.2786497145,8.186705169850029,8.186705169850029,8.186705169850029,10.575759348925203
53819,737872.3088758539,8.628588481922634,8.628588481922634,8.628588481922634,8.628588481922634
53820,737872.3453471921,8.186705169850029,8.186705169850029,8.186705169850029,8.186705169850029
53841,737873.3045415854,8.186705169850029,8.186705169850029,8.186705169850029,8.186705169850029
53858,737874.1821134276,8.186705169850029,4.707276115543209,8.186705169850029,8.186705169850029
53864,737874.4363993293,4.633167295483872,5.939945779624395,4.633167295483872,10.575759348925203
53866,737874.6515233412,4.633167295483872,5.939945779624395,4.633167295483872,10.575759348925203
53887,737875.2669927389,4.633167295483872,5.939945779624395,4.633167295483872,10.575759348925203
53896,737875.5485778128,4.633167295483872,5.939945779624395,4.633167295483872,10.575759348925203
53904,737875.7597353245,4.633167295483872,5.939945779624395,4.633167295483872,10.575759348925203
53911,737876.0133016871,4.633167295483872,5.939945779624395,4.633167295483872,10.575759348925203
53912,737876.0753653271,4.633167295483872,5.939945779624395,4.633167295483872,10.575759348925203
53913,737876.088252573,4.633167295483872,4.633167295483872,8.628588481922634,8.628588481922634
53914,737876.1013383311,4.633167295483872,4.633167295483872,8.628588481922634,8.628588481922634
53938,737877.1959240624,4.633167295483872,4.633167295483872,8.628588481922634,8.628588481922634
53950,737877.3391542437,4.633167295483872,4.633167295483872,8.628588481922634,8.628588481922634
53959,737877.4756349949,4.633167295483872,4.633167295483872,8.628588481922634,8.628588481922634
53963,737877.6182088838,4.633167295483872,4.633167295483872,8.628588481922634,8.628588481922634
54015,737878.5559612772,4.633167295483872,4.633167295483872,8.628588481922634,8.628588481922634
54026,737878.9321033815,4.633167295483872,4.633167295483872,8.628588481922634,8.628588481922634
54038,737879.1897266548,8.186705169850029,8.131637143553235,8.186705169850029,8.131637143553235
54040,737879.2252025768,8.186705169850029,8.131637143553235,8.186705169850029,8.131637143553235
54041,737879.2338825657,8.131637143553235,8.131637143553235,8.186705169850029,8.131637143553235
54058,737879.4887138935,8.131637143553235,8.131637143553235,8.186705169850029,8.131637143553235
54065,737879.5957722141,11.04915801808238,4.633167295483872,11.870812391629443,4.782455187756568
54094,737880.5664305177,7.541638377006166,4.633167295483872,11.870812391629443,4.782455187756568
54100,737880.8776983478,7.541638377006166,4.633167295483872,11.870812391629443,4.782455187756568
54136,737882.058842561,8.131637143553235,8.131637143553235,8.186705169850029,8.131637143553235
54137,737882.0591990587,8.131637143553235,8.131637143553235,8.131637143553235,8.131637143553235
54138,737882.1734194797,8.131637143553235,8.131637143553235,8.131637143553235,8.131637143553235
54142,737882.2657950559,8.131637143553235,8.131637143553235,8.131637143553235,8.131637143553235
54147,737882.3652019494,8.131637143553235,8.131637143553235,8.131637143553235,8.131637143553235
54149,737882.3847739362,4.633167295483872,4.633167295483872,8.628588481922634,8.628588481922634
54168,737882.9843109853,4.633167295483872,4.633167295483872,8.628588481922634,8.628588481922634
54169,737883.0025940203,4.633167295483872,4.633167295483872,8.628588481922634,8.628588481922634
54170,737883.0455311871,4.633167295483872,4.633167295483872,8.628588481922634,8.628588481922634
54171,737883.0675768695,4.633167295483872,4.633167295483872,8.628588481922634,8.628588481922634
54172,737883.0701505007,4.633167295483872,3.779376719146967,8.628588481922634,4.633167295483872
54182,737883.3708192188,8.131637143553235,8.131637143553235,8.131637143553235,8.131637143553235
54183,737883.3729513785,8.131637143553235,8.131637143553235,8.131637143553235,8.131637143553235
54186,737883.3971272504,8.131637143553235,8.131637143553235,8.131637143553235,8.131637143553235
54191,737883.5430072151,3.101474081748165,11.234131361241452,3.101474081748165,11.234131361241452
54198,737883.7591196052,3.101474081748165,11.234131361241452,3.101474081748165,11.234131361241452
54203,737883.988183291,8.131637143553235,3.101474081748165,8.131637143553235,4.633167295483872
54204,737884.0077490616,8.131637143553235,3.101474081748165,8.131637143553235,4.633167295483872
54205,737884.0116878542,8.131637143553235,3.101474081748165,8.131637143553235,4.633167295483872
54208,737884.0873727121,8.131637143553235,3.101474081748165,8.131637143553235,4.633167295483872
54218,737884.2457196721,8.131637143553235,8.131637143553235,8.131637143553235,8.131637143553235
54237,737884.6594671924,8.131637143553235,8.131637143553235,8.131637143553235,8.131637143553235
54240,737884.720869733,8.131637143553235,8.131637143553235,8.131637143553235,8.131637143553235
54259,737885.3419357435,4.633167295483872,3.5075196410762146,8.628588481922634,7.395918817841448
54274,737885.7462473914,8.131637143553235,8.131637143553235,8.131637143553235,8.131637143553235
54284,737885.9094147674,8.131637143553235,8.131637143553235,8.131637143553235,8.131637143553235
54303,737886.3325182439,3.101474081748165,5.8851850694045424,8.131637143553235,5.8851850694045424
54355,737886.9867273552,3.101474081748165,1.4924120432697237,8.131637143553235,8.131637143553235
54363,737887.0854949744,3.101474081748165,1.4924120432697237,8.131637143553235,8.131637143553235
54364,737887.08734342,2.570128667517565,1.4924120432697237,8.131637143553235,8.131637143553235
54429,737888.3070901269,2.570128667517565,1.4924120432697237,8.131637143553235,8.131637143553235
54442,737888.417390763,2.570128667517565,1.4924120432697237,8.131637143553235,8.131637143553235
54454,737888.8298969114,2.570128667517565,1.4924120432697237,8.131637143553235,6.844379462650977
54455,737888.8400498731,2.570128667517565,1.4924120432697237,8.131637143553235,6.844379462650977
54457,737888.867767931,2.570128667517565,1.4924120432697237,8.131637143553235,8.131637143553235
54462,737888.9575510388,2.570128667517565,1.4924120432697237,8.131637143553235,8.131637143553235
54463,737888.9805585138,2.570128667517565,1.4924120432697237,8.131637143553235,8.131637143553235
54465,737888.9817043004,2.570128667517565,1.4924120432697237,8.131637143553235,8.131637143553235
54467,737889.000628683,2.570128667517565,1.4924120432697237,8.131637143553235,6.844379462650977
54480,737889.4802965333,2.570128667517565,1.4924120432697237,8.131637143553235,6.844379462650977
54484,737889.5654925304,6.296521363197826,4.223556786892004,6.296521363197826,4.633167295483872
54494,737889.7421541996,2.570128667517565,1.4924120432697237,8.131637143553235,8.131637143553235
54510,737890.0752498226,2.570128667517565,1.4924120432697237,8.131637143553235,8.131637143553235
54521,737890.3538381926,2.570128667517565,1.4924120432697237,8.131637143553235,5.007613227237016
54527,737890.7768785486,2.570128667517565,1.4924120432697237,8.131637143553235,8.131637143553235
54534,737891.1191760218,2.570128667517565,1.4924120432697237,8.131637143553235,8.131637143553235
54551,737891.7014779265,2.570128667517565,1.4924120432697237,8.131637143553235,8.131637143553235
54556,737891.9279831336,2.570128667517565,1.4924120432697237,8.131637143553235,8.131637143553235
54560,737892.0358132707,2.570128667517565,1.4924120432697237,8.131637143553235,8.131637143553235
54578,737892.3977238463,7.055788102792576,1.4924120432697237,11.04915801808238,3.101474081748165
54611,737893.3991047442,2.570128667517565,1.4924120432697237,8.131637143553235,8.131637143553235
54631,737893.6805444749,10.137537259724922,4.223556786892004,10.137537259724922,6.296521363197826
54637,737893.8961971576,10.137537259724922,4.223556786892004,10.137537259724922,6.296521363197826
54645,737894.1934053929,2.570128667517565,1.4924120432697237,8.131637143553235,8.131637143553235
54693,737895.1079185526,4.99352100933902,1.4924120432697237,4.99352100933902,6.880850800895132
54698,737895.2119682013,4.223556786892004,4.223556786892004,4.633167295483872,4.223556786892004
54715,737895.920805621,1.727400228031911,1.2197467068908736,8.131637143553235,8.131637143553235
54758,737896.7550711872,1.727400228031911,1.2197467068908736,8.131637143553235,8.131637143553235
54760,737896.7825785489,1.727400228031911,1.2197467068908736,8.131637143553235,8.131637143553235
54793,737897.6765943726,1.727400228031911,1.2197467068908736,8.131637143553235,8.131637143553235
54798,737897.8280698735,1.727400228031911,1.2197467068908736,8.131637143553235,8.131637143553235
54812,737898.6809577491,1.727400228031911,1.2197467068908736,8.131637143553235,8.131637143553235
54822,737898.9881218834,1.727400228031911,1.2197467068908736,8.131637143553235,8.131637143553235
54848,737899.9985779527,1.727400228031911,1.2197467068908736,8.131637143553235,8.131637143553235
54851,737900.0620602984,4.141254677437246,4.141254677437246,8.131637143553235,8.131637143553235
54853,737900.0838532234,4.141254677437246,4.141254677437246,8.131637143553235,8.131637143553235
54878,737900.906145252,4.141254677437246,4.141254677437246,8.131637143553235,8.131637143553235
54879,737900.9118065827,4.141254677437246,4.141254677437246,8.131637143553235,8.131637143553235
54895,737901.5076129484,4.141254677437246,4.141254677437246,8.131637143553235,8.131637143553235
54905,737901.7919290396,4.141254677437246,4.141254677437246,8.131637143553235,8.131637143553235
54914,737902.1455671685,4.141254677437246,4.141254677437246,4.141254677437246,4.141254677437246
54919,737902.2314019781,4.141254677437246,4.141254677437246,4.141254677437246,4.141254677437246
54921,737902.2736848299,4.141254677437246,4.141254677437246,4.141254677437246,5.007613227237016
54922,737902.2999669908,4.141254677437246,4.141254677437246,4.141254677437246,4.141254677437246
54971,737904.0528729699,4.141254677437246,4.141254677437246,4.141254677437246,4.141254677437246
54972,737904.0929286822,11.69520483596716,4.141254677437246,11.69520483596716,4.141254677437246
54973,737904.1599115718,5.798226699465886,4.141254677437246,5.798226699465886,4.141254677437246
54988,737904.5054525769,4.141254677437246,4.141254677437246,4.141254677437246,4.141254677437246
54998,737904.8388693556,4.954141745809466,4.141254677437246,4.954141745809466,4.141254677437246
55034,737905.9909869198,4.141254677437246,4.141254677437246,4.141254677437246,4.141254677437246
55035,737905.9973413263,4.141254677437246,4.141254677437246,4.141254677437246,4.141254677437246
55042,737906.1785467737,4.141254677437246,4.141254677437246,4.141254677437246,4.141254677437246
55057,737906.4663384226,11.25437022128608,8.8809604808921,11.25437022128608,8.8809604808921
55086,737907.5530718643,4.141254677437246,4.141254677437246,4.141254677437246,4.141254677437246
55118,737908.7399979439,4.9759346707724035,4.141254677437246,4.9759346707724035,4.141254677437246
55132,737909.1122304467,4.141254677437246,4.141254677437246,4.141254677437246,4.141254677437246
55145,737909.8473723951,4.141254677437246,4.141254677437246,4.141254677437246,4.141254677437246
55146,737909.8501202377,4.141254677437246,4.141254677437246,4.141254677437246,4.141254677437246
55148,737909.8538141762,4.141254677437246,4.141254677437246,4.141254677437246,4.141254677437246
55154,737910.0122164882,9.626901154289953,4.141254677437246,9.626901154289953,4.141254677437246
55156,737910.0679548597,4.141254677437246,4.141254677437246,4.141254677437246,4.141254677437246
55169,737910.3455225931,4.141254677437246,4.141254677437246,8.8809604808921,4.141254677437246
55196,737911.2609122926,4.141254677437246,1.7929616913897917,8.8809604808921,4.141254677437246
55214,737911.8332592405,4.141254677437246,1.7929616913897917,8.8809604808921,4.141254677437246
55226,737912.214201089,4.141254677437246,1.7929616913897917,4.141254677437246,4.141254677437246
55264,737913.4958052939,2.205485586076975,1.7929616913897917,4.141254677437246,4.141254677437246
55276,737913.6852036872,2.205485586076975,1.7929616913897917,4.141254677437246,4.141254677437246
55360,737916.017351519,2.205485586076975,1.7929616913897917,4.141254677437246,4.141254677437246
55361,737916.0212684663,4.760356173617765,4.760356173617765,11.25437022128608,8.8809604808921
55374,737916.1689606372,4.760356173617765,4.760356173617765,11.25437022128608,8.8809604808921
55375,737916.1982424441,2.3360647790832445,2.5130387569079176,2.3360647790832445,4.141254677437246
55403,737917.1993081932,2.3360647790832445,2.5130387569079176,2.3360647790832445,4.141254677437246
55515,737918.1786397005,4.493436013348401,2.5130387569079176,4.493436013348401,4.141254677437246
55516,737918.1812236385,4.493436013348401,2.5130387569079176,4.493436013348401,4.141254677437246
55582,737919.5093256774,4.493436013348401,2.3360647790832445,4.493436013348401,4.141254677437246
55589,737919.8627656844,4.493436013348401,2.5130387569079176,4.493436013348401,4.141254677437246
55592,737920.0682462578,4.493436013348401,2.5130387569079176,4.493436013348401,4.141254677437246
55593,737920.0699794163,2.3360647790832445,7.458244500216097,2.3360647790832445,9.051993019180372
55627,737921.1382091573,2.3360647790832445,7.458244500216097,2.3360647790832445,9.051993019180372
55648,737921.6490170235,2.3360647790832445,7.458244500216097,2.3360647790832445,9.051993019180372
55649,737921.6505713556,4.493436013348401,2.5130387569079176,4.493436013348401,4.141254677437246
55654,737921.7593393892,4.493436013348401,2.5130387569079176,4.493436013348401,4.141254677437246
55666,737922.1066535575,4.493436013348401,2.5130387569079176,4.493436013348401,4.141254677437246
55677,737922.4412542906,2.371274874312803,7.458244500216097,2.371274874312803,9.051993019180372
55688,737922.8490534448,2.371274874312803,7.458244500216097,2.371274874312803,9.051993019180372
55689,737922.8711825854,2.371274874312803,7.458244500216097,2.371274874312803,9.051993019180372
55705,737923.2477617338,4.493436013348401,2.5130387569079176,4.493436013348401,4.141254677437246
55706,737923.2511291802,4.493436013348401,2.5130387569079176,4.493436013348401,4.141254677437246
55728,737923.8754128659,4.493436013348401,2.5130387569079176,4.493436013348401,4.141254677437246
55732,737923.9586839915,4.493436013348401,2.5130387569079176,4.493436013348401,4.141254677437246
55754,737924.683951325,2.3360647790832445,8.514990687835962,2.3360647790832445,11.25437022128608
55764,737925.0452822775,4.493436013348401,2.5130387569079176,4.493436013348401,4.141254677437246
55782,737925.3432630356,4.493436013348401,2.5130387569079176,4.493436013348401,4.141254677437246
55801,737925.8933588751,4.493436013348401,2.5130387569079176,4.493436013348401,4.141254677437246
55809,737926.0299552364,9.860994599177502,2.3360647790832445,9.860994599177502,2.3360647790832445
55877,737928.9440404498,9.860994599177502,2.3360647790832445,9.860994599177502,2.3360647790832445
55900,737929.8004454076,9.860994599177502,2.3360647790832445,9.860994599177502,2.3360647790832445
55931,737930.3965562449,9.860994599177502,2.3360647790832445,9.860994599177502,2.3360647790832445
55939,737930.5092702674,5.8253189424285665,8.514990687835962,5.8253189424285665,8.514990687835962
55958,737930.9776962382,4.479315031087026,8.536441947566345,4.479315031087026,8.536441947566345
55999,737931.8737771278,4.479315031087026,8.536441947566345,4.479315031087026,8.536441947566345
56007,737932.1182756076,5.8253189424285665,4.479315031087026,5.8253189424285665,8.514990687835962
56069,737934.639794976,5.8253189424285665,4.479315031087026,5.8253189424285665,8.514990687835962
56075,737934.8841465516,9.838864274090156,8.854191315243952,9.838864274090156,8.854191315243952
56093,737935.4229441235,9.838864274090156,8.854191315243952,9.838864274090156,8.854191315243952
56097,737935.5150504892,9.838864274090156,8.854191315243952,9.838864274090156,8.854191315243952
56104,737936.1263474277,9.838864274090156,8.854191315243952,9.838864274090156,8.854191315243952
56138,737937.8400914766,9.838864274090156,8.854191315243952,9.838864274090156,8.854191315243952
56146,737938.1634507428,9.838864274090156,8.854191315243952,9.838864274090156,8.854191315243952
56185,737940.348121089,14.318165852688253,8.229845481459051,14.318165852688253,8.229845481459051
56206,737941.0454714983,5.5304210090544075,5.5304210090544075,9.838864274090156,8.854191315243952
56236,737941.719031307,4.833070599823259,9.600755699444562,4.833070599823259,9.600755699444562
56241,737942.0371593975,5.5304210090544075,5.5304210090544075,9.838864274090156,8.854191315243952
56248,737942.3114702044,5.5304210090544075,5.5304210090544075,9.838864274090156,8.854191315243952
56275,737943.016804561,4.833070599823259,8.229845481459051,16.986849324661307,8.229845481459051
56291,737943.5716995111,8.229845481459051,8.229845481459051,8.514990687835962,8.514990687835962
56409,737948.1741811697,7.826060080667958,4.925176965538412,14.318165852688253,4.925176965538412
56435,737949.7847473425,7.747587944963016,7.747587944963016,9.838864274090156,9.838864274090156
56440,737950.0667297589,7.747587944963016,7.747587944963016,9.838864274090156,9.838864274090156
56482,737951.6641042853,7.747587944963016,6.1370217722142115,9.838864274090156,8.854191315243952
56544,737954.7209264861,9.626944887801073,5.1573766086949036,9.838864274090156,8.854191315243952
56588,737956.311231203,12.739531691884622,8.137050033314154,12.739531691884622,8.229845481459051
56592,737956.3951734703,7.747587944963016,6.1370217722142115,7.747587944963016,6.1370217722142115
56611,737957.0497012449,7.747587944963016,6.1370217722142115,7.747587944963016,6.1370217722142115
56717,737961.6562586837,13.482077513937838,8.137050033314154,13.482077513937838,8.229845481459051
56771,737963.9180083921,5.345027480623685,5.345027480623685,8.137050033314154,8.137050033314154
56799,737965.1964665897,5.345027480623685,5.345027480623685,8.137050033314154,8.137050033314154
56808,737965.4740783987,9.0789049284067,9.0789049284067,9.626944887801073,9.0789049284067
56812,737965.6742775618,5.261085213394836,9.0789049284067,5.261085213394836,9.0789049284067
56836,737966.7536204219,5.261085213394836,5.261085213394836,5.261085213394836,13.482077513937838
56846,737967.041514462,5.261085213394836,5.261085213394836,5.261085213394836,13.482077513937838
56852,737967.3042708682,9.0789049284067,9.0789049284067,9.0789049284067,9.0789049284067
56895,737969.0292679177,9.0789049284067,9.0789049284067,9.0789049284067,9.0789049284067
56896,737969.0324193112,9.0789049284067,9.0789049284067,9.0789049284067,9.0789049284067
56897,737969.0340965907,5.345027480623685,5.345027480623685,8.137050033314154,8.137050033314154
56898,737969.0347943334,5.345027480623685,5.345027480623685,8.137050033314154,8.137050033314154
56909,737969.4551662294,7.606777189066634,5.261085213394836,8.137050033314154,5.261085213394836
56932,737969.9615491114,7.606777189066634,5.261085213394836,8.137050033314154,5.261085213394836
56978,737971.859766568,5.261085213394836,5.261085213394836,9.0789049284067,9.0789049284067
57082,737976.0647686946,5.261085213394836,5.261085213394836,9.0789049284067,9.0789049284067
57128,737978.3678747836,5.261085213394836,5.261085213394836,9.0789049284067,9.0789049284067
57177,737980.0157648744,8.15599830634892,8.15599830634892,9.0789049284067,9.0789049284067
57225,737982.9165588609,8.15599830634892,8.15599830634892,9.0789049284067,9.0789049284067
57252,737983.9013210464,14.446154817007482,8.15599830634892,14.446154817007482,8.15599830634892
57290,737985.6011523528,8.15599830634892,8.15599830634892,9.0789049284067,9.0789049284067
57298,737986.0996391304,8.15599830634892,8.15599830634892,9.0789049284067,9.0789049284067
57299,737986.1264961143,8.15599830634892,8.15599830634892,9.0789049284067,9.0789049284067
57327,737987.1188390746,8.15599830634892,8.15599830634892,20.36521865276154,8.15599830634892
57404,737989.8789980133,8.15599830634892,8.15599830634892,8.15599830634892,8.15599830634892
57406,737989.9196515734,8.15599830634892,8.15599830634892,20.36521865276154,14.446154817007482
57437,737991.2327114907,8.15599830634892,8.15599830634892,20.36521865276154,14.446154817007482
57445,737991.6204286707,8.15599830634892,8.15599830634892,8.15599830634892,8.15599830634892
57449,737991.9839403509,8.15599830634892,8.15599830634892,14.446154817007482,8.15599830634892
57453,737992.0558117491,8.15599830634892,8.15599830634892,14.446154817007482,8.15599830634892
57454,737992.0585427993,8.15599830634892,8.15599830634892,14.446154817007482,8.15599830634892
57455,737992.0593826834,8.15599830634892,8.15599830634892,14.446154817007482,8.15599830634892
57457,737992.2440845158,8.15599830634892,8.15599830634892,14.446154817007482,8.15599830634892
57472,737992.7682760023,8.15599830634892,8.15599830634892,14.446154817007482,8.15599830634892
57478,737993.1553345859,8.15599830634892,8.15599830634892,8.15599830634892,23.70016835653223
57480,737993.1729655428,8.15599830634892,8.15599830634892,17.147700624540448,8.15599830634892
57492,737994.1896057958,8.15599830634892,8.15599830634892,13.74138578469865,8.15599830634892
57494,737994.5338560814,8.15599830634892,8.15599830634892,13.74138578469865,8.15599830634892
57509,737995.0689529878,8.15599830634892,8.15599830634892,13.74138578469865,8.15599830634892
57512,737995.1557607341,8.15599830634892,8.15599830634892,17.147700624540448,8.15599830634892
57525,737995.96410044,8.15599830634892,8.15599830634892,22.528774121543393,14.446154817007482
57588,737998.4560794128,8.15599830634892,8.15599830634892,8.15599830634892,8.15599830634892
57591,737998.9732645671,8.15599830634892,8.15599830634892,8.15599830634892,8.15599830634892
57606,737999.856494843,8.15599830634892,8.15599830634892,8.15599830634892,8.15599830634892
57678,738003.6453697138,8.15599830634892,8.15599830634892,8.15599830634892,8.15599830634892
57679,738003.7204783078,8.15599830634892,8.15599830634892,8.15599830634892,8.15599830634892
57687,738003.9173179602,3.788874870748259,4.747213740716688,3.788874870748259,12.84676845278591
57698,738004.4663966576,3.788874870748259,4.747213740716688,3.788874870748259,12.84676845278591
57704,738004.547801519,3.788874870748259,4.747213740716688,3.788874870748259,12.84676845278591
57705,738004.5509704892,8.586870049126446,8.586870049126446,8.586870049126446,8.586870049126446
57727,738005.481762994,3.788874870748259,8.586870049126446,3.788874870748259,8.586870049126446
57728,738005.5043457695,3.788874870748259,8.586870049126446,3.788874870748259,8.586870049126446
57750,738006.4736800316,8.15599830634892,3.788874870748259,8.15599830634892,3.8855561719974503
57781,738007.5260941056,8.15599830634892,3.788874870748259,8.15599830634892,3.8855561719974503
57785,738007.6403903196,8.15599830634892,3.788874870748259,8.15599830634892,3.8855561719974503
57786,738007.7318552291,8.15599830634892,3.788874870748259,8.15599830634892,3.8855561719974503
57799,738008.2129654711,8.15599830634892,3.788874870748259,8.15599830634892,3.8855561719974503
57820,738008.8667081884,4.672105146688409,3.788874870748259,8.15599830634892,3.8855561719974503
57862,738010.0214530033,6.617185188573785,3.788874870748259,8.15599830634892,3.788874870748259
57879,738010.8528635202,8.586870049126446,4.694475646130741,8.586870049126446,8.15599830634892
57882,738010.9528819277,7.669599262531847,3.788874870748259,8.15599830634892,3.788874870748259
57925,738012.0498805922,7.669599262531847,3.788874870748259,8.15599830634892,3.788874870748259
57932,738012.2971139624,3.788874870748259,7.669599262531847,22.377462388947606,8.15599830634892
57949,738012.7762268025,6.617185188573785,3.788874870748259,8.15599830634892,3.788874870748259
57970,738013.624329775,4.757621586555615,3.788874870748259,8.15599830634892,3.788874870748259
57971,738013.6626408325,4.757621586555615,3.788874870748259,8.15599830634892,3.788874870748259
57972,738013.6946179427,4.757621586555615,3.788874870748259,8.15599830634892,3.788874870748259
57992,738014.8501169847,4.757621586555615,3.788874870748259,8.15599830634892,3.788874870748259
58011,738015.89665272,4.757621586555615,3.788874870748259,8.15599830634892,3.788874870748259
58015,738016.1087930893,4.757621586555615,3.788874870748259,4.757621586555615,3.788874870748259
58030,738016.7579654264,3.788874870748259,3.788874870748259,3.8175038329791278,3.788874870748259
58076,738019.097416836,2.3394514095271006,2.3394514095271006,3.8175038329791278,3.788874870748259
58082,738019.2788476455,8.425984125351533,6.502620843006298,8.586870049126446,6.502620843006298
58130,738022.0006738915,4.757621586555615,2.903257055557333,4.757621586555615,3.788874870748259
58131,738022.0075770182,4.757621586555615,2.903257055557333,4.757621586555615,3.788874870748259
58154,738022.8376580074,4.757621586555615,2.903257055557333,4.757621586555615,3.788874870748259
58155,738022.842107601,4.757621586555615,2.903257055557333,4.757621586555615,3.788874870748259
58156,738022.8426749848,4.757621586555615,2.903257055557333,4.757621586555615,3.788874870748259
58200,738025.2381078348,2.721826246008277,2.903257055557333,26.782028421992436,3.8056157977553084
58210,738025.6144652048,3.7402411714429036,2.77179021993652,3.788874870748259,3.788874870748259
58274,738028.1226320447,6.517048368812539,2.77179021993652,6.617185188573785,3.788874870748259
58283,738028.4570047086,6.517048368812539,2.77179021993652,6.617185188573785,3.788874870748259
58301,738029.0101803981,6.517048368812539,2.77179021993652,6.617185188573785,3.788874870748259
58307,738029.1189939484,6.517048368812539,2.77179021993652,6.617185188573785,3.788874870748259
58346,738030.39275643,6.517048368812539,2.77179021993652,6.617185188573785,3.788874870748259
58372,738031.6322623861,8.789587401319295,3.5096303414320573,8.789587401319295,3.5096303414320573
58385,738032.1015840374,3.5096303414320573,3.5096303414320573,3.5096303414320573,3.5096303414320573
58389,738032.140426981,3.5096303414320573,3.5096303414320573,3.5096303414320573,3.5096303414320573
58432,738034.1423670136,6.017797181382775,3.5096303414320573,6.017797181382775,3.5096303414320573
58477,738037.0096715352,6.017797181382775,3.5096303414320573,6.017797181382775,3.5096303414320573
58562,738040.4091379255,6.017797181382775,3.5096303414320573,6.017797181382775,3.5096303414320573
58571,738041.0190781032,6.017797181382775,3.5096303414320573,6.017797181382775,3.5096303414320573
58638,738044.1178562324,6.017797181382775,3.5096303414320573,6.017797181382775,3.5096303414320573
58651,738045.0710472466,8.061375711346045,8.061375711346045,11.299692028784193,8.061375711346045
58692,738047.0456498988,8.061375711346045,8.061375711346045,11.299692028784193,8.061375711346045
58694,738047.0561743771,8.061375711346045,8.061375711346045,15.42391199094709,8.061375711346045
58712,738047.8727432835,8.061375711346045,8.061375711346045,8.789587401319295,8.061375711346045
58721,738048.0691125304,8.061375711346045,8.061375711346045,8.061375711346045,19.94648048572708
58836,738053.9967665826,8.061375711346045,8.061375711346045,25.87413453788031,15.967528493027203
58840,738054.2278856965,8.061375711346045,8.061375711346045,8.061375711346045,8.061375711346045
58855,738054.443133849,8.061375711346045,8.061375711346045,22.341549811535515,8.061375711346045
58994,738061.694452174,8.061375711346045,14.638277796912007,8.061375711346045,14.638277796912007
59107,738065.3405567198,11.11267102335114,11.11267102335114,11.11267102335114,11.11267102335114
59185,738069.4011543716,8.061375711346045,8.061375711346045,21.528411088045686,21.528411088045686
59192,738069.721584967,8.061375711346045,8.061375711346045,21.528411088045686,13.821708890493028
59202,738070.0722080207,8.061375711346045,8.061375711346045,8.061375711346045,11.11267102335114
59203,738070.0819553315,8.061375711346045,8.061375711346045,8.061375711346045,11.11267102335114
59269,738072.7265250435,8.061375711346045,8.061375711346045,8.061375711346045,11.11267102335114
59376,738077.0874358434,8.061375711346045,8.061375711346045,21.528411088045686,14.958020522608422
59453,738080.6411796574,8.061375711346045,8.061375711346045,18.946727483416907,8.061375711346045
59457,738080.7658731136,11.0442881466588,8.061375711346045,11.0442881466588,8.061375711346045
59461,738081.1354991234,11.0442881466588,8.061375711346045,11.0442881466588,8.061375711346045
59634,738087.8658280248,8.061375711346045,8.061375711346045,8.061375711346045,22.525271304999478
59692,738090.9835380693,10.342358411871828,10.217664955649525,10.919594690436497,10.217664955649525
59761,738093.0033774951,8.061375711346045,8.061375711346045,8.061375711346045,8.061375711346045
59774,738093.547527751,8.061375711346045,8.061375711346045,8.061375711346045,8.061375711346045
59805,738095.0092286081,8.061375711346045,8.061375711346045,8.061375711346045,8.061375711346045
59806,738095.0147842501,7.251318325055763,10.217664955649525,17.927348406636156,10.217664955649525
59827,738096.0974359162,7.251318325055763,10.217664955649525,17.927348406636156,10.217664955649525
59911,738099.9238552253,7.251318325055763,7.251318325055763,7.251318325055763,7.251318325055763
59918,738100.1057859795,7.251318325055763,7.251318325055763,7.251318325055763,7.251318325055763
59935,738100.9296497857,7.251318325055763,7.251318325055763,7.251318325055763,7.251318325055763
59966,738102.2965459259,7.251318325055763,7.251318325055763,7.251318325055763,7.251318325055763
59972,738102.3745313383,7.251318325055763,7.251318325055763,7.251318325055763,25.287095494917594
60037,738104.0453863057,7.251318325055763,7.251318325055763,7.251318325055763,25.287095494917594
60038,738104.107054022,7.251318325055763,7.251318325055763,7.251318325055763,7.251318325055763
60079,738105.7176208086,7.251318325055763,7.251318325055763,7.251318325055763,15.915941651677713
60080,738105.7206083998,7.251318325055763,7.251318325055763,7.251318325055763,15.915941651677713
60094,738106.381919339,9.09226977196522,7.251318325055763,9.09226977196522,15.915941651677713
60159,738106.7115143612,9.09226977196522,7.251318325055763,9.09226977196522,15.915941651677713
60259,738108.6497745854,7.09995491115842,7.09995491115842,7.09995491115842,17.666236516088247
60287,738109.0049383069,7.09995491115842,7.09995491115842,7.09995491115842,17.666236516088247
60308,738109.6834821642,7.09995491115842,14.668697914108634,18.69994409487117,14.668697914108634
60309,738109.686480877,7.09995491115842,14.668697914108634,18.69994409487117,14.668697914108634
60313,738109.7709349114,11.367135088890791,7.09995491115842,11.367135088890791,10.217664955649525
60315,738109.8919716999,7.251318325055763,7.251318325055763,7.251318325055763,7.251318325055763
60378,738111.59287096,7.251318325055763,7.09995491115842,7.251318325055763,7.09995491115842
60450,738114.0060286473,7.251318325055763,7.09995491115842,7.251318325055763,7.09995491115842
60462,738114.3912765179,7.09995491115842,9.968116474570706,7.09995491115842,9.968116474570706
60504,738116.4067347059,7.251318325055763,7.09995491115842,7.251318325055763,7.09995491115842
60514,738116.9410024236,7.251318325055763,7.09995491115842,7.251318325055763,7.09995491115842
60532,738117.9144318488,7.251318325055763,7.09995491115842,7.251318325055763,7.09995491115842
60541,738118.1295110664,7.251318325055763,7.09995491115842,7.251318325055763,7.09995491115842
60567,738119.1110519913,9.340117079904303,7.09995491115842,10.702836558572017,7.09995491115842
60646,738122.0703299601,9.340117079904303,9.340117079904303,14.668697914108634,10.702836558572017
60833,738130.7669997038,11.655947712482885,8.696669743745588,12.72913265239913,8.696669743745588
60850,738131.4021736094,14.99543890345376,14.360264997929335,14.99543890345376,14.360264997929335
60878,738132.3437049035,10.273374943411909,8.696669743745588,10.273374943411909,9.340117079904303
60888,738132.5958609651,10.273374943411909,8.696669743745588,10.273374943411909,9.340117079904303
60897,738133.0964106577,8.696669743745588,8.696669743745588,26.7144913187949,8.696669743745588
60898,738133.123808355,8.696669743745588,8.696669743745588,27.375802257913165,8.696669743745588
60940,738133.7202109556,10.273374943411909,8.696669743745588,10.273374943411909,9.340117079904303
60945,738134.1963495996,10.273374943411909,8.696669743745588,10.273374943411909,9.340117079904303
60950,738134.3862784691,8.696669743745588,8.696669743745588,14.360264997929335,11.655947712482885
60971,738135.1658983617,10.273374943411909,8.696669743745588,10.273374943411909,9.340117079904303
60972,738135.168084717,8.696669743745588,8.696669743745588,24.385080364882015,11.655947712482885
61187,738144.9172307883,13.515057178912684,10.530952319153585,14.99543890345376,14.360264997929335
61194,738145.205566232,10.530952319153585,9.749146071262658,14.360264997929335,11.655947712482885
61249,738147.9811290419,14.857320686918683,9.751332426560111,14.857320686918683,9.751332426560111
61292,738150.811248841,9.749146071262658,9.749146071262658,15.645350479288027,12.81523068016395
61298,738150.9894062865,9.749146071262658,9.749146071262658,15.645350479288027,12.81523068016395
61300,738151.0640328442,9.749146071262658,9.749146071262658,15.645350479288027,12.81523068016395
61320,738151.8531493916,9.749146071262658,9.749146071262658,14.857320686918683,9.751332426560111
61375,738153.6226869953,9.749146071262658,9.749146071262658,15.645350479288027,15.645350479288027
61484,738160.5957819797,9.749146071262658,9.749146071262658,9.749146071262658,9.749146071262658
61556,738163.7517128048,10.129025809466839,10.129025809466839,18.45678863360081,10.129025809466839
61595,738165.912078272,10.129025809466839,10.129025809466839,10.129025809466839,10.129025809466839
61597,738165.9798395896,12.35715259425342,10.129025809466839,12.35715259425342,10.129025809466839
61659,738169.1712282114,9.749146071262658,9.749146071262658,11.898563413182274,10.129025809466839
61702,738171.9495042288,9.749146071262658,9.749146071262658,9.749146071262658,10.129025809466839
61705,738172.235132188,9.749146071262658,9.749146071262658,17.318078819778748,10.129025809466839
61707,738172.2607519688,9.749146071262658,9.749146071262658,26.743937996798195,15.390215747756884
61728,738173.0092832193,9.749146071262658,9.749146071262658,26.743937996798195,15.390215747756884
61729,738173.0121783403,9.749146071262658,9.749146071262658,26.743937996798195,15.390215747756884
61746,738173.820364313,9.749146071262658,9.749146071262658,10.129025809466839,10.129025809466839
61761,738175.4478193186,9.749146071262658,9.749146071262658,10.129025809466839,10.129025809466839
61822,738178.3636300889,9.749146071262658,9.749146071262658,17.318078819778748,11.898563413182274
61839,738179.7488550274,9.749146071262658,9.749146071262658,9.749146071262658,11.898563413182274
61853,738180.0658619525,9.749146071262658,9.749146071262658,10.129025809466839,10.129025809466839
61876,738181.3867075437,9.749146071262658,6.973094984423369,10.129025809466839,10.129025809466839
61903,738182.567400451,6.973094984423369,6.973094984423369,6.973094984423369,6.973094984423369
61904,738182.5691709525,6.973094984423369,6.973094984423369,6.973094984423369,6.973094984423369
61906,738182.6309425057,6.973094984423369,6.973094984423369,6.973094984423369,6.973094984423369
61918,738183.1884573074,9.749146071262658,9.749146071262658,9.749146071262658,9.749146071262658
61950,738184.4855736861,9.749146071262658,6.973094984423369,9.749146071262658,6.973094984423369
61985,738186.0073855858,9.749146071262658,6.973094984423369,9.749146071262658,6.973094984423369
61989,738186.0874774957,6.973094984423369,6.973094984423369,6.973094984423369,6.973094984423369
62014,738186.8954580321,9.749146071262658,6.973094984423369,9.749146071262658,9.749146071262658
62032,738187.6149373646,9.749146071262658,6.973094984423369,9.749146071262658,9.749146071262658
62033,738187.8752183381,9.749146071262658,6.973094984423369,9.749146071262658,9.749146071262658
62048,738188.6315677776,9.749146071262658,6.973094984423369,9.749146071262658,9.749146071262658
62131,738193.1092458803,9.749146071262658,6.973094984423369,9.749146071262658,9.749146071262658
62180,738195.108989137,8.213531104847789,8.213531104847789,16.745359048130922,8.213531104847789
62184,738195.4701023166,8.213531104847789,8.213531104847789,8.213531104847789,20.022282997961156
62192,738195.9476142806,11.462040594546124,10.623415450914763,11.462040594546124,10.623415450914763
62194,738196.0642128661,11.462040594546124,10.623415450914763,11.462040594546124,10.623415450914763
62238,738197.8757964774,10.980338445282541,8.213531104847789,10.980338445282541,8.213531104847789
62290,738199.604266899,10.980338445282541,8.213531104847789,10.980338445282541,8.213531104847789
62298,738199.9633839038,8.213531104847789,8.213531104847789,11.462040594546124,10.623415450914763
62326,738200.8864395507,10.980338445282541,8.213531104847789,10.980338445282541,8.213531104847789
62349,738201.3180961935,10.980338445282541,8.213531104847789,10.980338445282541,8.213531104847789
62413,738203.2620055642,10.980338445282541,8.213531104847789,10.980338445282541,8.213531104847789
62443,738204.0894031439,8.213531104847789,8.213531104847789,10.980338445282541,8.213531104847789
62468,738204.9439517894,8.213531104847789,8.213531104847789,10.980338445282541,8.213531104847789
62477,738205.1952468099,8.213531104847789,8.213531104847789,11.462040594546124,10.623415450914763
62496,738205.9148110584,8.213531104847789,8.213531104847789,8.213531104847789,8.213531104847789
62500,738206.0411367966,8.213531104847789,8.213531104847789,8.213531104847789,8.213531104847789
62504,738206.2168785331,8.213531104847789,8.213531104847789,8.213531104847789,8.213531104847789
62505,738206.2173257135,8.213531104847789,8.213531104847789,8.213531104847789,8.213531104847789
62510,738206.3590916373,11.250102500314824,8.213531104847789,16.745359048130922,10.623415450914763
62520,738207.0375893819,8.213531104847789,8.213531104847789,11.462040594546124,10.623415450914763
62533,738207.6797989293,8.213531104847789,8.213531104847789,10.980338445282541,8.213531104847789
62551,738208.3728398335,8.213531104847789,8.213531104847789,10.980338445282541,8.213531104847789
62576,738208.8813138066,8.213531104847789,8.213531104847789,10.980338445282541,8.213531104847789
62578,738208.9425621307,8.213531104847789,8.213531104847789,10.980338445282541,8.213531104847789
62626,738210.5399741719,8.213531104847789,8.213531104847789,11.250102500314824,13.722281593247317
62635,738211.3041905382,8.213531104847789,8.213531104847789,11.462040594546124,10.623415450914763
62639,738211.4832719995,8.213531104847789,8.213531104847789,11.462040594546124,10.623415450914763
62641,738211.5416160735,8.213531104847789,8.213531104847789,11.462040594546124,10.623415450914763
62648,738212.0211955224,8.213531104847789,8.213531104847789,11.462040594546124,10.623415450914763
62680,738213.1102814504,8.213531104847789,8.213531104847789,11.462040594546124,10.623415450914763
62704,738213.9719272493,8.213531104847789,8.213531104847789,8.980414006859064,8.213531104847789
62706,738214.0816350323,8.213531104847789,8.213531104847789,8.980414006859064,8.213531104847789
62707,738214.0853103359,8.213531104847789,8.213531104847789,8.980414006859064,8.213531104847789
62712,738214.2839300619,8.213531104847789,8.213531104847789,8.213531104847789,8.213531104847789
62743,738215.2294909063,8.213531104847789,8.213531104847789,8.213531104847789,8.213531104847789
62763,738215.7413470084,8.213531104847789,8.213531104847789,8.213531104847789,8.213531104847789
62764,738215.743100632,8.213531104847789,8.213531104847789,8.213531104847789,8.213531104847789
62864,738219.7843382553,12.104539326042868,8.213531104847789,12.104539326042868,8.213531104847789
62888,738220.7699196703,14.855108611867763,8.213531104847789,14.855108611867763,8.213531104847789
62899,738221.0661246327,14.855108611867763,8.213531104847789,14.855108611867763,8.213531104847789
62931,738221.9982013818,14.855108611867763,8.213531104847789,14.855108611867763,8.213531104847789
62935,738222.2170322121,11.677058040164411,8.213531104847789,11.677058040164411,8.213531104847789
62951,738222.6071596001,8.213531104847789,5.5004081934457645,8.213531104847789,8.213531104847789
62955,738222.7032003547,4.554847348947078,8.213531104847789,4.554847348947078,8.213531104847789
62956,738222.7276543528,4.554847348947078,8.213531104847789,4.554847348947078,8.213531104847789
62958,738222.7566359526,11.677058040164411,5.5004081934457645,11.677058040164411,8.213531104847789
62962,738222.9288242621,11.677058040164411,5.5004081934457645,11.677058040164411,8.213531104847789
62984,738223.7007411008,8.471250194474123,7.377668693778105,8.471250194474123,8.213531104847789
62986,738223.7314983627,11.677058040164411,5.5004081934457645,11.677058040164411,8.213531104847789
62988,738223.7735628219,11.677058040164411,5.5004081934457645,11.677058040164411,8.213531104847789
63032,738226.1488313738,8.471250194474123,7.377668693778105,8.471250194474123,8.213531104847789
63062,738227.488957873,5.271925660897978,5.5004081934457645,13.567012541810982,8.213531104847789
63064,738227.6798201115,5.5004081934457645,5.5004081934457645,8.213531104847789,5.5004081934457645
63079,738228.3635255279,8.323229538276792,4.554847348947078,8.323229538276792,4.554847348947078
63142,738230.4269204454,6.695422082673758,4.554847348947078,16.69390898081474,6.9875413057161495
63171,738231.3983206091,10.628400938818231,10.628400938818231,14.855108611867763,10.628400938818231
63182,738231.8349015617,10.628400938818231,10.628400938818231,14.855108611867763,10.628400938818231
63187,738232.0887472217,10.628400938818231,10.628400938818231,14.855108611867763,10.628400938818231
63209,738232.736401984,10.628400938818231,10.628400938818231,14.855108611867763,10.628400938818231
63211,738232.9215472455,10.628400938818231,10.628400938818231,14.855108611867763,10.628400938818231
63227,738233.3820407197,4.6320271651493385,4.554847348947078,11.677058040164411,5.5004081934457645
63252,738234.8647715517,4.6320271651493385,4.554847348947078,11.677058040164411,5.5004081934457645
63273,738235.4099855076,9.261154133826494,4.554847348947078,9.261154133826494,5.540428763953969
63330,738236.9612557945,9.28143568302039,5.01851519185584,12.104539326042868,5.5004081934457645
63345,738237.3770044588,9.261154133826494,4.983065062202513,9.261154133826494,7.377668693778105
63392,738238.8849403852,9.261154133826494,4.983065062202513,9.261154133826494,7.377668693778105
63395,738239.0820862408,9.261154133826494,4.983065062202513,9.261154133826494,7.377668693778105
63396,738239.0822546156,9.261154133826494,4.983065062202513,9.261154133826494,7.377668693778105
63400,738239.118628509,9.261154133826494,4.983065062202513,9.261154133826494,7.377668693778105
63461,738240.9742120425,9.261154133826494,4.983065062202513,9.261154133826494,7.377668693778105
63490,738242.049270709,9.261154133826494,4.983065062202513,9.261154133826494,7.377668693778105
63494,738242.2171510856,8.83511036587879,4.840146626811475,8.83511036587879,4.840146626811475
63511,738242.6794283679,8.83511036587879,4.840146626811475,8.83511036587879,4.840146626811475
63607,738245.7868347099,8.83511036587879,4.840146626811475,8.83511036587879,4.840146626811475
63643,738246.4738564894,9.096852030605078,4.840146626811475,9.261154133826494,4.983065062202513
63644,738246.4883560293,9.096852030605078,4.840146626811475,9.261154133826494,4.983065062202513
63662,738247.0397151904,9.096852030605078,4.840146626811475,9.261154133826494,4.983065062202513
63681,738247.5252441651,9.096852030605078,4.840146626811475,9.261154133826494,4.983065062202513
63686,738247.7564948865,9.096852030605078,4.840146626811475,9.261154133826494,4.983065062202513
63693,738248.2911653529,9.096852030605078,4.840146626811475,9.261154133826494,4.983065062202513
63710,738249.2246244433,9.096852030605078,4.840146626811475,9.261154133826494,4.983065062202513
63738,738249.9299551047,9.096852030605078,4.840146626811475,9.261154133826494,4.983065062202513
63740,738249.9588695366,4.840146626811475,4.840146626811475,22.27904942515306,8.597730266628787
63768,738250.6510255445,12.997613742132671,4.840146626811475,12.997613742132671,5.01851519185584
63771,738250.754306176,12.997613742132671,4.840146626811475,12.997613742132671,5.01851519185584
63783,738251.1174256885,12.997613742132671,4.840146626811475,12.997613742132671,5.01851519185584
63794,738251.4531325073,7.279441168764606,4.840146626811475,13.853625557734631,4.840146626811475
63795,738251.4554896131,7.279441168764606,4.840146626811475,13.853625557734631,4.840146626811475
63803,738251.8872982711,9.096852030605078,4.840146626811475,9.261154133826494,4.983065062202513
63847,738253.3870892553,5.39894224179443,4.840146626811475,9.261154133826494,4.840146626811475
63867,738253.9681552271,5.39894224179443,4.840146626811475,9.261154133826494,4.840146626811475
64064,738255.7779665717,4.840146626811475,4.840146626811475,24.37964596261736,20.367981064133346
64071,738255.8898886585,4.840146626811475,4.840146626811475,24.37964596261736,20.367981064133346
64083,738255.9935810979,4.840146626811475,4.840146626811475,24.37964596261736,20.367981064133346
64096,738256.2809202969,4.840146626811475,4.840146626811475,4.840146626811475,20.870934789301828
64100,738256.325702117,5.39894224179443,5.39894224179443,9.096852030605078,5.39894224179443
64102,738256.3700969107,4.840146626811475,5.39894224179443,17.977103747660294,5.39894224179443
64110,738256.5000202203,4.840146626811475,4.840146626811475,4.840146626811475,17.977103747660294
64158,738257.9665692351,6.513436727807857,4.840146626811475,13.853625557734631,4.840146626811475
64237,738259.7578394104,4.840146626811475,5.39894224179443,24.37964596261736,9.096852030605078
64243,738259.8078558245,4.840146626811475,5.39894224179443,24.37964596261736,9.096852030605078
64360,738262.792916842,6.513436727807857,6.079270964022726,12.997613742132671,6.079270964022726
64372,738263.0953391588,6.513436727807857,6.079270964022726,12.997613742132671,6.079270964022726
64454,738265.5982874085,7.631718173390254,4.840146626811475,8.773704139399342,4.840146626811475
64468,738265.9382867919,6.513436727807857,4.840146626811475,7.279441168764606,4.840146626811475
64473,738266.1109376968,12.211198153207079,7.631718173390254,12.211198153207079,7.631718173390254
64492,738266.6096105389,7.631718173390254,4.840146626811475,8.773704139399342,4.840146626811475
64497,738266.7785722245,7.631718173390254,4.840146626811475,8.773704139399342,4.840146626811475
64538,738267.7980915187,7.631718173390254,4.840146626811475,8.773704139399342,4.840146626811475
64550,738267.9626370968,7.631718173390254,4.840146626811475,8.773704139399342,4.840146626811475
64551,738267.9771677476,7.631718173390254,4.840146626811475,8.773704139399342,4.840146626811475
64554,738267.9990596204,4.826347606955096,4.840146626811475,7.279441168764606,4.840146626811475
64576,738268.5049865243,4.826347606955096,4.840146626811475,7.279441168764606,4.840146626811475
64593,738268.9495155715,4.826347606955096,4.840146626811475,7.279441168764606,4.840146626811475
64617,738269.482398286,4.826347606955096,4.826347606955096,6.513436727807857,6.079270964022726
64626,738269.6235931899,4.826347606955096,4.826347606955096,6.513436727807857,6.079270964022726
64633,738269.7539914096,4.826347606955096,4.826347606955096,7.741718451026827,4.840146626811475
64662,738270.3479937286,4.826347606955096,4.826347606955096,7.741718451026827,4.840146626811475
64665,738270.3768872964,3.0350774315884337,4.826347606955096,20.41801775980275,6.513436727807857
64672,738270.5054995116,7.631718173390254,4.826347606955096,15.2871408672072,4.826347606955096
64702,738271.0818223852,7.631718173390254,4.826347606955096,15.2871408672072,4.826347606955096
64731,738271.868932792,7.631718173390254,4.826347606955096,15.2871408672072,4.826347606955096
64802,738273.60673475,7.631718173390254,4.826347606955096,15.2871408672072,4.826347606955096
64811,738273.8527422015,7.74180450476706,5.840447998023592,9.740840786020271,5.840447998023592
64812,738273.8545274674,7.74180450476706,5.840447998023592,9.740840786020271,5.840447998023592
64813,738273.8550195878,7.74180450476706,5.840447998023592,9.740840786020271,5.840447998023592
64814,738273.8557148882,7.74180450476706,5.840447998023592,9.740840786020271,5.840447998023592
64815,738273.8602739539,7.74180450476706,5.840447998023592,9.740840786020271,5.840447998023592
64816,738273.8624389801,7.74180450476706,5.840447998023592,9.740840786020271,5.840447998023592
64817,738273.8663429039,7.74180450476706,5.840447998023592,9.740840786020271,5.840447998023592
64820,738273.8739266775,7.74180450476706,5.840447998023592,9.740840786020271,5.840447998023592
64821,738273.8763869475,7.74180450476706,5.840447998023592,9.740840786020271,5.840447998023592
64824,738273.8841692769,7.74180450476706,5.840447998023592,9.740840786020271,5.840447998023592
64831,738274.174584587,7.74180450476706,5.840447998023592,9.740840786020271,5.840447998023592
64858,738274.6460812453,7.74180450476706,5.840447998023592,9.740840786020271,5.840447998023592
64860,738274.6592490296,7.74180450476706,5.840447998023592,9.740840786020271,5.840447998023592
64862,738274.6975851479,7.74180450476706,5.840447998023592,9.740840786020271,5.840447998023592
64867,738274.7119106643,4.206411152728833,4.206411152728833,6.513436727807857,4.826347606955096
64868,738274.7156233888,4.206411152728833,4.206411152728833,6.513436727807857,4.826347606955096
64870,738274.7183200311,4.206411152728833,4.206411152728833,6.513436727807857,4.826347606955096
64871,738274.719099885,4.206411152728833,4.206411152728833,6.513436727807857,4.826347606955096
64872,738274.7201370907,4.206411152728833,4.206411152728833,6.513436727807857,4.826347606955096
64873,738274.7204488632,4.206411152728833,4.206411152728833,6.513436727807857,4.826347606955096
64874,738274.723839552,4.206411152728833,4.206411152728833,6.513436727807857,4.826347606955096
64878,738274.7422869736,4.206411152728833,4.206411152728833,7.631718173390254,4.826347606955096
64879,738274.7490615643,4.206411152728833,4.206411152728833,6.513436727807857,4.826347606955096
64880,738274.7499581105,4.206411152728833,4.206411152728833,6.513436727807857,4.826347606955096
64882,738274.7851994298,4.206411152728833,4.206411152728833,6.513436727807857,4.826347606955096
64895,738274.9155882318,4.206411152728833,4.206411152728833,6.513436727807857,4.826347606955096
64896,738274.9303722624,4.206411152728833,4.206411152728833,6.513436727807857,4.826347606955096
64899,738274.9759892332,4.206411152728833,4.206411152728833,6.513436727807857,4.826347606955096
64901,738274.984052088,4.206411152728833,4.206411152728833,6.513436727807857,4.826347606955096
64906,738275.1714381876,4.206411152728833,4.206411152728833,6.513436727807857,4.826347606955096
64924,738275.4926934203,4.206411152728833,4.206411152728833,6.513436727807857,4.826347606955096
64933,738275.65388852,4.206411152728833,4.206411152728833,6.513436727807857,4.826347606955096
64934,738275.6626094013,4.206411152728833,4.206411152728833,6.513436727807857,4.826347606955096
64940,738275.7645084929,4.206411152728833,4.206411152728833,6.513436727807857,4.826347606955096
64984,738277.088930341,4.206411152728833,4.206411152728833,6.513436727807857,4.826347606955096
64986,738277.1930390289,3.3472426899243146,3.3472426899243146,17.435199618455954,14.094902791082859
64987,738277.2201114378,3.3472426899243146,3.3472426899243146,17.46227202739101,14.094902791082859
64999,738277.4726092088,3.3472426899243146,3.3472426899243146,17.46227202739101,14.094902791082859
65008,738277.846570998,3.3472426899243146,3.3472426899243146,17.46227202739101,14.094902791082859
65009,738277.8769617694,4.206411152728833,4.206411152728833,4.206411152728833,4.826347606955096
65010,738277.8830717871,4.206411152728833,4.206411152728833,4.206411152728833,4.826347606955096
65017,738278.1108247708,4.206411152728833,4.206411152728833,4.206411152728833,4.826347606955096
65049,738279.036632773,4.206411152728833,4.206411152728833,4.206411152728833,4.826347606955096
65053,738279.1521470973,4.206411152728833,4.206411152728833,6.513436727807857,4.826347606955096
65118,738281.5724966432,11.195609346730635,4.335023367893882,11.195609346730635,6.079270964022726
65140,738282.1640172612,4.287055491819046,3.3472426899243146,11.766024072654545,7.631718173390254
65165,738283.1713562085,4.287055491819046,3.3472426899243146,11.766024072654545,7.631718173390254
65167,738283.5056418815,4.287055491819046,3.3472426899243146,11.766024072654545,7.631718173390254
65230,738285.6310706307,8.28763031377457,3.467053369502537,8.28763031377457,7.631718173390254
65249,738286.1731870992,8.28763031377457,3.467053369502537,8.28763031377457,7.631718173390254
65280,738287.4310146555,8.28763031377457,3.467053369502537,8.28763031377457,7.631718173390254
65354,738289.5075965772,8.28763031377457,3.467053369502537,8.28763031377457,7.631718173390254
65357,738289.5377266796,8.28763031377457,3.467053369502537,8.28763031377457,7.631718173390254
65373,738289.8113696761,8.28763031377457,3.467053369502537,8.28763031377457,7.631718173390254
65379,738289.951314701,8.28763031377457,3.467053369502537,8.28763031377457,7.631718173390254
65406,738290.4129023236,8.28763031377457,3.467053369502537,8.28763031377457,7.631718173390254
65438,738291.9288074002,8.28763031377457,3.467053369502537,8.28763031377457,7.631718173390254
65453,738292.429595306,14.55263353663031,6.798524675308727,14.55263353663031,6.798524675308727
65481,738293.3345425891,14.55263353663031,6.798524675308727,14.55263353663031,6.798524675308727
65490,738293.5101389035,14.55263353663031,6.798524675308727,14.55263353663031,6.798524675308727
65508,738294.2742996565,6.798524675308727,10.857098662876524,19.52434154599905,10.857098662876524
65512,738294.3227109489,8.691640318138525,6.798524675308727,12.542536558350548,6.798524675308727
65569,738296.4139686705,8.691640318138525,6.798524675308727,12.542536558350548,6.798524675308727
65596,738296.8301605765,8.691640318138525,6.798524675308727,12.542536558350548,6.798524675308727
65618,738297.5411682919,6.798524675308727,6.798524675308727,15.122152559226379,10.857098662876524
65634,738298.1734182952,6.798524675308727,6.798524675308727,6.798524675308727,20.953306857380085
65656,738298.7753490256,6.798524675308727,6.798524675308727,15.122152559226379,10.857098662876524
65677,738299.4342895406,6.798524675308727,6.798524675308727,15.122152559226379,10.857098662876524
65692,738299.9779266939,6.798524675308727,6.798524675308727,15.122152559226379,6.798524675308727
65694,738300.0637136609,6.798524675308727,6.798524675308727,15.122152559226379,10.857098662876524
65711,738300.4446058697,6.798524675308727,6.798524675308727,15.122152559226379,10.857098662876524
65734,738300.9090092456,6.798524675308727,6.798524675308727,15.122152559226379,10.857098662876524
65737,738300.9155680486,6.798524675308727,6.798524675308727,15.122152559226379,10.857098662876524
65741,738301.1546652473,6.798524675308727,6.798524675308727,15.122152559226379,10.857098662876524
65775,738302.3584015957,6.798524675308727,6.798524675308727,15.122152559226379,10.857098662876524
65783,738302.4018801799,9.972284873831086,7.548331387806684,9.972284873831086,10.265578044811264
65785,738302.4442382199,9.972284873831086,7.548331387806684,14.55263353663031,10.265578044811264
65802,738302.9427003583,9.972284873831086,7.548331387806684,14.55263353663031,10.265578044811264
65803,738302.9440987402,9.972284873831086,7.548331387806684,14.55263353663031,10.265578044811264
65804,738302.948458151,9.972284873831086,7.548331387806684,14.55263353663031,10.265578044811264
65807,738302.9879590747,6.798524675308727,6.798524675308727,6.798524675308727,14.55263353663031
65813,738303.2206575715,6.798524675308727,6.798524675308727,6.798524675308727,14.55263353663031
65815,738303.3693498106,6.798524675308727,6.798524675308727,15.96867164876312,12.70180301333312
65854,738304.3843822593,6.798524675308727,6.798524675308727,15.96867164876312,12.70180301333312
65873,738304.9031628345,6.798524675308727,6.798524675308727,12.750214305706322,8.643229025765322
65878,738305.05259773,6.798524675308727,6.798524675308727,12.750214305706322,8.643229025765322
65886,738305.2519098646,10.929198915720917,6.798524675308727,10.929198915720917,6.798524675308727
65920,738305.8613398512,7.68792155594565,7.68792155594565,7.68792155594565,20.98037926631514
65973,738306.3490567633,6.798524675308727,6.798524675308727,12.70180301333312,12.70180301333312
66018,738307.1342770131,6.798524675308727,6.798524675308727,12.70180301333312,12.70180301333312
66023,738307.2545606613,6.798524675308727,6.798524675308727,12.70180301333312,12.70180301333312
66033,738307.4409235613,6.798524675308727,6.798524675308727,6.798524675308727,10.857098662876524
66043,738307.6709157194,6.798524675308727,6.798524675308727,15.170563851599582,6.798524675308727
66068,738308.2850598382,6.798524675308727,10.111641542986035,6.798524675308727,10.111641542986035
66094,738308.7653724591,6.798524675308727,6.798524675308727,19.620839233859442,6.798524675308727
66098,738308.8658080676,10.929198915720917,6.798524675308727,10.929198915720917,6.798524675308727
66106,738309.1295289325,10.929198915720917,6.798524675308727,10.929198915720917,6.798524675308727
66129,738309.882171019,10.929198915720917,6.798524675308727,10.929198915720917,6.798524675308727
66130,738309.9401469021,10.929198915720917,6.798524675308727,10.929198915720917,6.798524675308727
66136,738310.0539033843,10.929198915720917,6.798524675308727,10.929198915720917,6.798524675308727
66137,738310.1510207494,7.68792155594565,7.68792155594565,7.68792155594565,7.68792155594565
66148,738310.3894843301,7.68792155594565,7.68792155594565,7.68792155594565,7.68792155594565
66213,738313.1213733368,7.68792155594565,7.68792155594565,7.68792155594565,7.68792155594565
66215,738313.1885310822,6.798524675308727,6.798524675308727,7.68792155594565,12.542347664479166
66252,738313.9957133008,6.798524675308727,6.798524675308727,10.929198915720917,6.798524675308727
66253,738314.0119187539,6.798524675308727,6.798524675308727,10.929198915720917,6.798524675308727
66289,738315.2910986859,7.6201829665806144,7.6201829665806144,7.6201829665806144,7.6201829665806144
66297,738315.3578772028,12.3699181281263,7.9169536414556205,12.3699181281263,7.9169536414556205
66381,738317.5962611645,9.311201326316223,3.600547863752581,9.311201326316223,6.798524675308727
66386,738317.6893803661,7.327191231073812,3.600547863752581,7.68792155594565,7.68792155594565
66408,738318.0650751321,7.327191231073812,3.600547863752581,7.68792155594565,7.68792155594565
66429,738319.13292576,7.327191231073812,3.600547863752581,7.68792155594565,7.68792155594565
66430,738319.1481465222,7.327191231073812,3.600547863752581,7.68792155594565,7.68792155594565
66431,738319.155578075,13.903668210376054,5.129905233159661,13.903668210376054,5.129905233159661
66433,738319.2936048129,4.903471244033426,3.600547863752581,4.903471244033426,7.078491569380276
66434,738319.3382160426,9.311201326316223,3.600547863752581,9.311201326316223,7.078491569380276
66467,738320.771711977,7.6201829665806144,7.6201829665806144,7.6201829665806144,7.6201829665806144
66511,738322.0946395029,7.6201829665806144,7.6201829665806144,7.6201829665806144,7.6201829665806144
66555,738322.9413315785,7.6201829665806144,7.6201829665806144,7.6201829665806144,7.6201829665806144
66556,738322.9426480369,7.6201829665806144,7.6201829665806144,7.6201829665806144,7.6201829665806144
66557,738322.9528436693,5.129905233159661,3.614627626724541,13.962348889326677,6.798524675308727
66569,738323.3580301511,5.129905233159661,3.614627626724541,13.962348889326677,6.798524675308727
66588,738323.7178004072,5.129905233159661,3.614627626724541,14.442661510198377,4.92523614061065
66616,738324.4904057278,5.129905233159661,3.614627626724541,14.442661510198377,4.92523614061065
66639,738325.3315131636,5.129905233159661,3.614627626724541,14.442661510198377,4.92523614061065
66689,738326.8918898681,5.129905233159661,3.614627626724541,14.442661510198377,4.92523614061065
66723,738328.0699948755,5.129905233159661,3.614627626724541,14.442661510198377,4.92523614061065
66739,738328.6811886204,9.722087106434628,4.963388213189319,9.722087106434628,5.273983170744032
66788,738329.9427436657,4.963388213189319,4.963388213189319,8.95713036856614,5.129905233159661
66817,738330.660833187,4.963388213189319,4.963388213189319,5.129905233159661,4.963388213189319
66843,738332.0275055071,4.963388213189319,8.309705099905841,18.838974424870685,8.309705099905841
66902,738335.0103584543,4.963388213189319,8.309705099905841,18.838974424870685,8.309705099905841
66903,738335.0106575101,4.963388213189319,8.309705099905841,18.838974424870685,8.309705099905841
66925,738335.5495287435,6.224943258450367,4.963388213189319,6.224943258450367,4.963388213189319
67018,738338.0622405529,4.963388213189319,4.963388213189319,5.129905233159661,4.963388213189319
67028,738338.2929867038,4.963388213189319,4.963388213189319,5.129905233159661,4.963388213189319
67029,738338.3029747662,4.963388213189319,4.963388213189319,5.129905233159661,4.963388213189319
67067,738339.7984701415,4.963388213189319,4.963388213189319,7.70798951771576,4.963388213189319
67092,738340.4763609895,4.963388213189319,4.963388213189319,7.70798951771576,4.963388213189319
67103,738340.7866356611,4.963388213189319,4.963388213189319,20.014923684182577,4.963388213189319
67105,738340.8123969992,4.963388213189319,4.963388213189319,20.014923684182577,20.014923684182577
67107,738340.8522347915,4.963388213189319,4.963388213189319,4.963388213189319,4.963388213189319
67114,738341.1147462074,4.963388213189319,4.963388213189319,23.425365841249004,4.963388213189319
67116,738341.1191821373,4.963388213189319,4.963388213189319,23.425365841249004,4.963388213189319
67123,738341.3716825998,4.963388213189319,9.087240700260736,23.425365841249004,12.68928946449887
67137,738341.4523961885,4.963388213189319,4.963388213189319,6.224943258450367,4.963388213189319
67191,738342.8484719733,4.963388213189319,4.963388213189319,6.224943258450367,4.963388213189319
67193,738342.8694170989,4.963388213189319,4.963388213189319,6.224943258450367,4.963388213189319
67199,738342.9879330955,4.963388213189319,4.963388213189319,6.224943258450367,4.963388213189319
67220,738343.7997766363,4.963388213189319,4.963388213189319,6.224943258450367,4.963388213189319
67233,738344.4662307939,4.963388213189319,4.963388213189319,6.224943258450367,4.963388213189319
67234,738344.5061460669,4.963388213189319,4.963388213189319,23.425365841249004,4.963388213189319
67255,738345.2983837585,4.963388213189319,4.963388213189319,23.425365841249004,4.963388213189319
67272,738345.8798911249,4.963388213189319,5.067494125687517,4.963388213189319,20.014923684182577
67284,738346.2948891844,4.963388213189319,5.067494125687517,4.963388213189319,20.014923684182577
67287,738346.4265250966,4.963388213189319,5.067494125687517,4.963388213189319,20.014923684182577
67306,738347.3915189885,6.604883327381685,4.963388213189319,10.843891995493323,4.963388213189319
67308,738347.4270018409,6.604883327381685,4.963388213189319,10.843891995493323,4.963388213189319
67317,738347.6725621616,6.604883327381685,4.963388213189319,10.843891995493323,4.963388213189319
67323,738347.8748758981,6.604883327381685,4.963388213189319,10.843891995493323,4.963388213189319
67327,738348.0233855793,6.604883327381685,4.963388213189319,10.843891995493323,4.963388213189319
67328,738348.0274561625,6.604883327381685,4.963388213189319,10.843891995493323,4.963388213189319
67329,738348.0283023537,6.604883327381685,4.963388213189319,10.843891995493323,4.963388213189319
67330,738348.0287035878,6.604883327381685,4.963388213189319,10.843891995493323,4.963388213189319
67331,738348.0331910119,6.604883327381685,4.963388213189319,10.843891995493323,4.963388213189319
67332,738348.0373127004,4.963388213189319,3.5220232363790274,6.943032779847272,4.963388213189319
67333,738348.0401774233,4.963388213189319,3.5220232363790274,6.943032779847272,4.963388213189319
67335,738348.0492467993,4.963388213189319,3.5220232363790274,6.943032779847272,4.963388213189319
67338,738348.0652829588,4.963388213189319,3.5220232363790274,6.943032779847272,4.963388213189319
67339,738348.066158137,4.963388213189319,3.5220232363790274,6.943032779847272,4.963388213189319
67341,738348.0709834796,4.963388213189319,3.5220232363790274,6.943032779847272,4.963388213189319
67342,738348.0721766168,4.963388213189319,3.5220232363790274,6.943032779847272,4.963388213189319
67346,738348.1065453113,4.963388213189319,3.5220232363790274,6.943032779847272,4.963388213189319
67347,738348.1068515391,4.963388213189319,3.5220232363790274,6.943032779847272,4.963388213189319
67350,738348.1271249655,4.963388213189319,3.5220232363790274,6.943032779847272,4.963388213189319
67354,738348.1810513882,4.963388213189319,3.0138346053427085,6.943032779847272,4.963388213189319
67359,738348.31571527,4.963388213189319,3.0138346053427085,6.943032779847272,4.963388213189319
67360,738348.3162151047,4.963388213189319,3.0138346053427085,6.943032779847272,4.963388213189319
67361,738348.3304132933,4.963388213189319,3.0138346053427085,6.943032779847272,4.963388213189319
67363,738348.3552048248,4.963388213189319,3.0138346053427085,6.943032779847272,4.963388213189319
67364,738348.367135601,3.0138346053427085,4.963388213189319,19.685946980607696,4.963388213189319
67368,738348.3961890904,3.571081906557083,3.0138346053427085,6.943032779847272,4.963388213189319
67369,738348.3966446846,3.571081906557083,3.0138346053427085,6.943032779847272,4.963388213189319
67370,738348.3968492005,3.571081906557083,3.0138346053427085,6.943032779847272,4.963388213189319
67372,738348.4492772603,3.571081906557083,3.0138346053427085,6.943032779847272,4.963388213189319
67379,738348.6526381671,3.571081906557083,3.0138346053427085,6.943032779847272,4.963388213189319
67392,738348.8998958931,3.571081906557083,3.0138346053427085,6.943032779847272,4.963388213189319
67414,738349.217485444,3.571081906557083,3.0138346053427085,6.943032779847272,4.963388213189319
67418,738349.3032619811,3.571081906557083,3.0138346053427085,6.943032779847272,4.963388213189319
67426,738349.3726828409,3.571081906557083,3.0138346053427085,6.943032779847272,4.963388213189319
67427,738349.3885496202,3.571081906557083,3.0138346053427085,6.943032779847272,4.963388213189319
67430,738349.4603516451,3.571081906557083,3.0138346053427085,6.943032779847272,4.963388213189319
67433,738349.5129455858,3.571081906557083,3.0138346053427085,6.943032779847272,4.963388213189319
67435,738349.6221197062,3.571081906557083,3.0138346053427085,6.943032779847272,4.963388213189319
67436,738349.6227030379,3.571081906557083,3.0138346053427085,6.943032779847272,4.963388213189319
67437,738349.6238977319,3.571081906557083,3.0138346053427085,6.943032779847272,4.963388213189319
67438,738349.6253718393,3.571081906557083,3.0138346053427085,6.943032779847272,4.963388213189319
67439,738349.6274742839,3.571081906557083,3.0138346053427085,6.943032779847272,4.963388213189319
67440,738349.6287047011,3.571081906557083,3.0138346053427085,6.943032779847272,4.963388213189319
67441,738349.6311322796,3.571081906557083,3.0138346053427085,6.943032779847272,4.963388213189319
67442,738349.6360540125,3.571081906557083,3.0138346053427085,6.943032779847272,4.963388213189319
67443,738349.6368931495,3.571081906557083,3.0138346053427085,6.943032779847272,4.963388213189319
67444,738349.6380755279,3.571081906557083,3.0138346053427085,6.943032779847272,4.963388213189319
67445,738349.6465136611,3.571081906557083,3.0138346053427085,6.943032779847272,4.963388213189319
67446,738349.6470441084,3.571081906557083,3.0138346053427085,6.943032779847272,4.963388213189319
67447,738349.6537038648,3.571081906557083,3.0138346053427085,6.943032779847272,4.963388213189319
67448,738349.659625215,3.571081906557083,3.0138346053427085,6.943032779847272,4.963388213189319
67451,738349.661573332,3.571081906557083,3.0138346053427085,6.943032779847272,4.963388213189319
67452,738349.6658680984,3.571081906557083,3.0138346053427085,6.943032779847272,4.963388213189319
67454,738349.6793953535,3.571081906557083,3.0138346053427085,6.943032779847272,4.963388213189319
67456,738349.6850854474,3.571081906557083,3.0138346053427085,6.943032779847272,4.963388213189319
67457,738349.6946325128,3.571081906557083,3.0138346053427085,6.943032779847272,4.963388213189319
67458,738349.6971655336,3.571081906557083,3.0138346053427085,6.943032779847272,4.963388213189319
67460,738349.7028495793,3.571081906557083,3.0138346053427085,6.943032779847272,4.963388213189319
67461,738349.711364126,3.571081906557083,3.0138346053427085,6.943032779847272,4.963388213189319
67462,738349.7135679651,3.571081906557083,3.0138346053427085,6.943032779847272,4.963388213189319
67463,738349.7170792376,3.571081906557083,3.0138346053427085,6.943032779847272,4.963388213189319
67465,738349.7184500147,3.571081906557083,3.0138346053427085,6.943032779847272,4.963388213189319
67466,738349.7190806357,3.571081906557083,3.0138346053427085,6.943032779847272,4.963388213189319
67467,738349.7206774163,3.571081906557083,3.0138346053427085,6.943032779847272,4.963388213189319
67470,738349.730979446,3.571081906557083,3.0138346053427085,6.943032779847272,4.963388213189319
67471,738349.7334782479,3.571081906557083,3.0138346053427085,6.943032779847272,4.963388213189319
67472,738349.7351763092,3.571081906557083,3.0138346053427085,6.943032779847272,4.963388213189319
67473,738349.7413311049,3.571081906557083,3.0138346053427085,6.943032779847272,4.963388213189319
67475,738349.7610032521,3.571081906557083,3.0138346053427085,6.943032779847272,4.963388213189319
67479,738349.7659237626,3.571081906557083,3.0138346053427085,6.943032779847272,4.963388213189319
67480,738349.7668110689,3.571081906557083,3.0138346053427085,6.943032779847272,4.963388213189319
67481,738349.7689098233,3.571081906557083,3.0138346053427085,6.943032779847272,4.963388213189319
67483,738349.7696539962,3.571081906557083,3.0138346053427085,6.943032779847272,4.963388213189319
67484,738349.7701089467,3.571081906557083,3.0138346053427085,6.943032779847272,4.963388213189319
67485,738349.7710024653,3.571081906557083,3.0138346053427085,6.943032779847272,4.963388213189319
67486,738349.7730972705,3.571081906557083,3.0138346053427085,6.943032779847272,4.963388213189319
67487,738349.7758560862,3.571081906557083,3.0138346053427085,6.943032779847272,4.963388213189319
67488,738349.7768177863,3.571081906557083,3.0138346053427085,6.943032779847272,4.963388213189319
67489,738349.778610056,3.571081906557083,3.0138346053427085,6.943032779847272,4.963388213189319
67491,738349.7889785243,3.571081906557083,3.0138346053427085,6.943032779847272,4.963388213189319
67492,738349.7900585207,3.571081906557083,3.0138346053427085,6.943032779847272,4.963388213189319
67493,738349.7906358201,3.571081906557083,3.0138346053427085,6.943032779847272,4.963388213189319
67494,738349.7909081535,3.571081906557083,3.0138346053427085,6.943032779847272,4.963388213189319
67497,738349.7974463773,3.571081906557083,3.0138346053427085,6.943032779847272,4.963388213189319
67498,738349.7984613287,3.571081906557083,3.0138346053427085,6.943032779847272,4.963388213189319
67499,738349.8042086264,3.571081906557083,3.0138346053427085,6.943032779847272,4.963388213189319
67500,738349.8069691454,3.571081906557083,3.0138346053427085,6.943032779847272,4.963388213189319
67501,738349.8081474281,3.571081906557083,3.0138346053427085,6.943032779847272,4.963388213189319
67502,738349.808335993,3.571081906557083,3.0138346053427085,6.943032779847272,4.963388213189319
67503,738349.8090166616,3.571081906557083,3.0138346053427085,6.943032779847272,4.963388213189319
67504,738349.8150984697,3.571081906557083,3.0138346053427085,6.943032779847272,4.963388213189319
67505,738349.8168563073,3.571081906557083,3.0138346053427085,6.943032779847272,4.963388213189319
67506,738349.8177071271,3.571081906557083,3.0138346053427085,6.943032779847272,4.963388213189319
67507,738349.8212205948,3.571081906557083,3.0138346053427085,6.943032779847272,4.963388213189319
67508,738349.8217011106,3.571081906557083,3.0138346053427085,6.943032779847272,4.963388213189319
67509,738349.8238013492,3.571081906557083,3.0138346053427085,6.943032779847272,4.963388213189319
67510,738349.8249940777,3.571081906557083,3.0138346053427085,6.943032779847272,4.963388213189319
67513,738349.8289404241,3.571081906557083,3.0138346053427085,6.943032779847272,4.963388213189319
67516,738349.8365554492,3.571081906557083,3.0138346053427085,6.943032779847272,4.963388213189319
67517,738349.8416449324,3.571081906557083,3.0138346053427085,6.943032779847272,4.963388213189319
67518,738349.8430115673,3.571081906557083,3.0138346053427085,6.943032779847272,4.963388213189319
67519,738349.8444046214,3.571081906557083,3.0138346053427085,6.943032779847272,4.963388213189319
67520,738349.8446958238,3.571081906557083,3.0138346053427085,6.943032779847272,4.963388213189319
67521,738349.848009996,3.571081906557083,3.0138346053427085,6.943032779847272,4.963388213189319
67524,738349.8557677476,3.571081906557083,3.0138346053427085,6.943032779847272,4.963388213189319
67525,738349.8569621679,3.571081906557083,3.0138346053427085,6.943032779847272,4.963388213189319
67527,738349.8631574807,3.571081906557083,3.0138346053427085,6.943032779847272,4.963388213189319
67528,738349.8658684648,3.571081906557083,3.0138346053427085,6.943032779847272,4.963388213189319
67529,738349.8695928369,3.571081906557083,3.0138346053427085,6.943032779847272,4.963388213189319
67530,738349.877545732,3.571081906557083,3.0138346053427085,6.943032779847272,4.963388213189319
67531,738349.8786967896,3.571081906557083,3.0138346053427085,6.943032779847272,4.963388213189319
67532,738349.8830824349,3.571081906557083,3.0138346053427085,6.943032779847272,4.963388213189319
67533,738349.8871962712,3.571081906557083,3.0138346053427085,6.943032779847272,4.963388213189319
67534,738349.88771134,3.571081906557083,3.0138346053427085,6.943032779847272,4.963388213189319
67536,738349.9008779336,3.571081906557083,3.5311666334746405,6.943032779847272,4.963388213189319
67538,738349.9066061543,3.571081906557083,3.5311666334746405,6.943032779847272,4.963388213189319
67539,738349.9111271407,3.571081906557083,3.5311666334746405,6.943032779847272,4.963388213189319
67540,738349.9146328685,3.571081906557083,3.5311666334746405,6.943032779847272,4.963388213189319
67542,738349.923749413,3.571081906557083,3.0138346053427085,6.943032779847272,4.963388213189319
67543,738349.9349330985,3.571081906557083,3.0138346053427085,6.943032779847272,4.963388213189319
67544,738349.9353694195,3.571081906557083,3.0138346053427085,6.943032779847272,4.963388213189319
67545,738349.9360228173,3.571081906557083,3.0138346053427085,6.943032779847272,4.963388213189319
67546,738349.9422820088,3.571081906557083,3.0138346053427085,6.943032779847272,4.963388213189319
67547,738349.9500397927,3.571081906557083,3.0138346053427085,6.943032779847272,4.963388213189319
67549,738349.9591352975,3.571081906557083,3.0138346053427085,6.943032779847272,4.963388213189319
67550,738349.9688495037,3.571081906557083,3.0138346053427085,6.943032779847272,4.963388213189319
67551,738349.9718986083,3.571081906557083,3.0138346053427085,6.943032779847272,4.963388213189319
67552,738349.9721992811,3.571081906557083,3.0138346053427085,6.943032779847272,4.963388213189319
67553,738349.9728719237,3.571081906557083,3.0138346053427085,6.943032779847272,4.963388213189319
67554,738349.9748910469,3.571081906557083,3.0138346053427085,6.943032779847272,4.963388213189319
67556,738349.9785353958,3.571081906557083,3.0138346053427085,6.943032779847272,4.963388213189319
67559,738350.0150518331,3.571081906557083,3.0138346053427085,6.943032779847272,4.963388213189319
67560,738350.0158025927,3.571081906557083,3.0138346053427085,6.943032779847272,4.963388213189319
67561,738350.018694257,3.571081906557083,3.0138346053427085,6.943032779847272,4.963388213189319
67562,738350.0197724054,3.571081906557083,3.0138346053427085,6.943032779847272,4.963388213189319
67563,738350.0201086027,3.571081906557083,3.0138346053427085,6.943032779847272,4.963388213189319
67565,738350.0337190949,3.571081906557083,3.0138346053427085,6.943032779847272,4.963388213189319
67566,738350.0361933173,3.571081906557083,3.0138346053427085,6.943032779847272,4.963388213189319
67567,738350.0378393631,3.571081906557083,3.0138346053427085,6.943032779847272,4.963388213189319
67568,738350.0391157748,3.571081906557083,3.0138346053427085,6.943032779847272,4.963388213189319
67569,738350.0458850886,3.571081906557083,3.0138346053427085,6.943032779847272,4.963388213189319
67570,738350.0776207428,3.571081906557083,3.0138346053427085,6.943032779847272,4.963388213189319
67574,738350.0848235321,3.571081906557083,3.0138346053427085,6.943032779847272,4.963388213189319
67576,738350.088744208,3.571081906557083,3.0138346053427085,6.943032779847272,4.963388213189319
67579,738350.1483963392,3.571081906557083,3.0138346053427085,6.943032779847272,4.963388213189319
67580,738350.166557748,3.613996002357453,3.0138346053427085,6.943032779847272,4.963388213189319
67581,738350.1865583813,3.571081906557083,3.0138346053427085,6.943032779847272,4.963388213189319
67582,738350.1990239891,3.571081906557083,3.0138346053427085,6.943032779847272,4.963388213189319
67584,738350.237660739,3.571081906557083,3.0138346053427085,6.943032779847272,4.963388213189319
67585,738350.2441369953,3.571081906557083,3.0138346053427085,6.943032779847272,4.963388213189319
67586,738350.2445215668,3.571081906557083,3.0138346053427085,6.943032779847272,4.963388213189319
67587,738350.2622607793,3.571081906557083,3.0138346053427085,6.943032779847272,4.963388213189319
67591,738350.3350552162,3.613996002357453,3.0138346053427085,6.943032779847272,4.963388213189319
67597,738350.3914661031,3.571081906557083,3.0138346053427085,6.943032779847272,4.963388213189319
67598,738350.4234651146,3.571081906557083,3.0138346053427085,6.943032779847272,4.963388213189319
67601,738350.4346274713,3.571081906557083,3.0138346053427085,6.943032779847272,4.963388213189319
67604,738350.4681465391,3.571081906557083,3.0138346053427085,6.943032779847272,4.963388213189319
67609,738350.5371631415,3.571081906557083,3.0138346053427085,6.943032779847272,4.963388213189319
67610,738350.5383385418,3.571081906557083,3.0138346053427085,6.943032779847272,4.963388213189319
67611,738350.5531460593,3.571081906557083,3.0138346053427085,6.943032779847272,4.963388213189319
67612,738350.5695174439,3.571081906557083,3.5311666334746405,6.943032779847272,4.963388213189319
67613,738350.5740038182,3.571081906557083,3.0138346053427085,6.943032779847272,4.963388213189319
67614,738350.5759729637,3.571081906557083,3.0138346053427085,6.943032779847272,4.963388213189319
67615,738350.5806007527,3.571081906557083,3.5311666334746405,6.943032779847272,4.963388213189319
67616,738350.5815066341,3.571081906557083,3.0138346053427085,6.943032779847272,4.963388213189319
67617,738350.5829267069,3.571081906557083,3.0138346053427085,6.943032779847272,4.963388213189319
67619,738350.6596002587,3.571081906557083,3.0138346053427085,6.943032779847272,4.963388213189319
67622,738350.741148569,3.571081906557083,3.0138346053427085,6.943032779847272,4.963388213189319
67628,738350.7829398934,3.571081906557083,3.0138346053427085,6.943032779847272,4.963388213189319
67630,738350.7953265304,3.571081906557083,3.0138346053427085,6.943032779847272,4.963388213189319
67631,738350.7974174507,3.571081906557083,3.0138346053427085,6.943032779847272,4.963388213189319
67632,738350.798607167,3.571081906557083,3.0138346053427085,6.943032779847272,4.963388213189319
67635,738350.8050980865,3.571081906557083,3.0138346053427085,6.943032779847272,4.963388213189319
67639,738350.8512849247,3.571081906557083,3.0138346053427085,6.943032779847272,4.963388213189319
67641,738350.9161138987,3.571081906557083,3.0138346053427085,6.943032779847272,4.963388213189319
67645,738351.0661931796,3.571081906557083,3.0138346053427085,6.943032779847272,4.963388213189319
67646,738351.0699926927,3.571081906557083,3.0138346053427085,6.943032779847272,4.963388213189319
67647,738351.0705308563,3.571081906557083,3.0138346053427085,6.943032779847272,4.963388213189319
67653,738351.2587390536,3.571081906557083,3.0138346053427085,6.943032779847272,4.963388213189319
67656,738351.2988503646,3.571081906557083,3.0138346053427085,6.224943258450367,4.963388213189319
67658,738351.325858358,3.571081906557083,3.0138346053427085,6.943032779847272,4.963388213189319
67659,738351.3851826184,3.571081906557083,3.0138346053427085,6.943032779847272,4.963388213189319
67660,738351.3893257543,3.571081906557083,3.0138346053427085,6.943032779847272,4.963388213189319
67667,738351.4920107471,3.571081906557083,3.0138346053427085,6.943032779847272,4.963388213189319
67670,738351.5095636408,3.571081906557083,3.0138346053427085,6.943032779847272,4.963388213189319
67671,738351.5117733729,3.571081906557083,3.0138346053427085,6.943032779847272,4.963388213189319
67672,738351.5122965113,3.571081906557083,3.0138346053427085,6.943032779847272,4.963388213189319
67673,738351.5132703709,3.571081906557083,3.0138346053427085,6.943032779847272,4.963388213189319
67674,738351.515079073,3.571081906557083,3.0138346053427085,6.943032779847272,4.963388213189319
67675,738351.5169542533,3.571081906557083,3.0138346053427085,6.943032779847272,4.963388213189319
67676,738351.5185066552,3.571081906557083,3.0138346053427085,6.943032779847272,4.963388213189319
67677,738351.5201298103,3.571081906557083,3.0138346053427085,6.943032779847272,4.963388213189319
67678,738351.5212347825,3.571081906557083,3.0138346053427085,6.943032779847272,4.963388213189319
67679,738351.529232428,3.571081906557083,3.0138346053427085,6.943032779847272,4.963388213189319
67681,738351.531247403,3.571081906557083,3.0138346053427085,6.943032779847272,4.963388213189319
67682,738351.5320632253,3.571081906557083,3.0138346053427085,6.943032779847272,4.963388213189319
67683,738351.5365108569,3.571081906557083,3.0138346053427085,6.943032779847272,4.963388213189319
67684,738351.5398114098,3.571081906557083,3.0138346053427085,6.943032779847272,4.963388213189319
67685,738351.5527664179,3.571081906557083,3.0138346053427085,6.943032779847272,4.963388213189319
67686,738351.5877725444,3.571081906557083,3.0138346053427085,6.943032779847272,4.963388213189319
67687,738351.6174987783,3.571081906557083,3.0138346053427085,6.943032779847272,4.963388213189319
67688,738351.625527405,3.571081906557083,3.0138346053427085,6.943032779847272,4.963388213189319
67689,738351.6338927,3.571081906557083,3.0138346053427085,6.943032779847272,4.963388213189319
67690,738351.6507192177,3.613996002357453,3.0138346053427085,6.943032779847272,4.963388213189319
67691,738351.6634389233,3.571081906557083,3.0138346053427085,6.943032779847272,4.963388213189319
67693,738351.6843315414,3.571081906557083,3.0138346053427085,6.943032779847272,4.963388213189319
67697,738351.7399156248,3.571081906557083,3.0138346053427085,6.943032779847272,4.963388213189319
67700,738351.7777771344,3.571081906557083,3.0138346053427085,6.943032779847272,4.963388213189319
67702,738351.7966216492,3.571081906557083,3.0138346053427085,6.943032779847272,4.963388213189319
67703,738351.8007396321,3.571081906557083,3.0138346053427085,6.943032779847272,4.963388213189319
67704,738351.8058889317,3.571081906557083,3.0138346053427085,6.943032779847272,4.963388213189319
67705,738351.8067067317,3.571081906557083,3.0138346053427085,6.943032779847272,4.963388213189319
67707,738351.8248636576,3.571081906557083,3.0138346053427085,6.943032779847272,4.963388213189319
67708,738351.8514704388,3.571081906557083,3.0138346053427085,6.943032779847272,4.963388213189319
67710,738351.8823499278,3.571081906557083,3.0138346053427085,6.943032779847272,4.963388213189319
67712,738351.9062939463,3.571081906557083,3.0138346053427085,6.943032779847272,4.963388213189319
67714,738351.941316759,11.128919759765267,6.06142563407775,11.128919759765267,6.06142563407775
67715,738351.9525883895,3.613996002357453,3.0138346053427085,6.943032779847272,4.963388213189319
67717,738352.0019887504,3.613996002357453,3.0138346053427085,6.943032779847272,4.963388213189319
67718,738352.0048980567,3.613996002357453,3.0138346053427085,6.943032779847272,4.963388213189319
67720,738352.0065100419,3.613996002357453,3.0138346053427085,6.943032779847272,4.963388213189319
67721,738352.0081384472,3.613996002357453,3.0138346053427085,6.943032779847272,4.963388213189319
67722,738352.01476766,3.571081906557083,3.0138346053427085,6.943032779847272,4.963388213189319
67723,738352.0174770546,3.613996002357453,3.0138346053427085,6.943032779847272,4.963388213189319
67724,738352.0211578339,3.571081906557083,3.0138346053427085,6.943032779847272,4.963388213189319
67725,738352.0228095228,3.571081906557083,3.0138346053427085,6.943032779847272,4.963388213189319
67727,738352.0297900413,3.571081906557083,3.0138346053427085,6.943032779847272,4.963388213189319
67728,738352.0332093249,3.571081906557083,3.0138346053427085,6.943032779847272,4.963388213189319
67730,738352.0391675059,3.571081906557083,3.0138346053427085,6.943032779847272,4.963388213189319
67731,738352.0532767969,3.571081906557083,3.0138346053427085,6.943032779847272,4.963388213189319
67734,738352.0854453905,3.571081906557083,3.0138346053427085,6.943032779847272,4.963388213189319
67735,738352.1177215027,3.571081906557083,3.0138346053427085,6.943032779847272,4.963388213189319
67736,738352.1820269949,3.571081906557083,3.0138346053427085,6.943032779847272,4.963388213189319
67753,738352.5341109025,3.571081906557083,3.0138346053427085,6.943032779847272,4.963388213189319
67754,738352.5387725246,3.571081906557083,3.0138346053427085,6.943032779847272,4.963388213189319
67755,738352.5406438572,3.613996002357453,3.0138346053427085,6.943032779847272,4.963388213189319
67756,738352.550922825,3.613996002357453,3.0138346053427085,6.943032779847272,4.963388213189319
67757,738352.5818619517,3.571081906557083,3.5311666334746405,6.943032779847272,4.963388213189319
67758,738352.5879678089,3.571081906557083,3.0138346053427085,6.943032779847272,4.963388213189319
67759,738352.5904670676,3.571081906557083,3.0138346053427085,6.943032779847272,4.963388213189319
67762,738352.6713252692,3.571081906557083,3.0138346053427085,6.943032779847272,4.963388213189319
67763,738352.6723278442,3.571081906557083,3.0138346053427085,6.943032779847272,4.963388213189319
67764,738352.6725241677,3.571081906557083,3.0138346053427085,6.943032779847272,4.963388213189319
67765,738352.6730890847,3.571081906557083,3.0138346053427085,6.943032779847272,4.963388213189319
67766,738352.6734198033,3.571081906557083,3.0138346053427085,6.943032779847272,4.963388213189319
67768,738352.6773731333,3.571081906557083,3.0138346053427085,6.943032779847272,4.963388213189319
67770,738352.6892769656,3.571081906557083,3.0138346053427085,6.943032779847272,4.963388213189319
67771,738352.6897358515,3.571081906557083,3.0138346053427085,6.943032779847272,4.963388213189319
67773,738352.6917162812,3.571081906557083,3.0138346053427085,6.224943258450367,4.963388213189319
67772,738352.6917269331,8.238842558930628,3.5311666334746405,8.238842558930628,4.963388213189319
67774,738352.694878013,8.238842558930628,3.5311666334746405,8.238842558930628,4.963388213189319
67776,738352.7212487935,8.238842558930628,3.5311666334746405,8.238842558930628,4.963388213189319
67781,738352.7832463755,8.238842558930628,3.5311666334746405,8.238842558930628,4.963388213189319
67785,738352.8760564632,8.238842558930628,3.5311666334746405,8.238842558930628,4.963388213189319
67791,738352.9537289827,8.238842558930628,3.5311666334746405,8.238842558930628,4.963388213189319
67792,738352.9640471131,8.238842558930628,3.5311666334746405,8.238842558930628,4.963388213189319
67793,738352.9686944442,3.613996002357453,3.0138346053427085,6.943032779847272,4.963388213189319
67795,738352.9906464143,3.613996002357453,3.0138346053427085,6.943032779847272,4.963388213189319
67797,738353.0185565492,3.613996002357453,3.0138346053427085,6.943032779847272,4.963388213189319
67798,738353.0266542287,3.571081906557083,3.0138346053427085,6.943032779847272,4.963388213189319
67799,738353.0931901025,3.571081906557083,3.0138346053427085,6.943032779847272,4.963388213189319
67803,738353.1524396725,3.571081906557083,3.0138346053427085,6.943032779847272,4.963388213189319
67806,738353.2453395105,3.571081906557083,3.0138346053427085,6.943032779847272,4.963388213189319
67815,738353.487371786,3.571081906557083,3.0138346053427085,6.943032779847272,4.963388213189319
67824,738353.65421755,3.571081906557083,3.0138346053427085,6.943032779847272,4.963388213189319
67826,738353.6591640345,3.571081906557083,3.0138346053427085,6.943032779847272,4.963388213189319
67829,738353.7309597386,3.571081906557083,3.5311666334746405,4.888695556437597,3.5311666334746405
67830,738353.7637224067,3.571081906557083,3.0138346053427085,4.888695556437597,3.5220232363790274
67831,738353.791398396,3.571081906557083,3.0138346053427085,4.888695556437597,3.5220232363790274
67839,738353.9306373204,3.571081906557083,3.0138346053427085,4.888695556437597,3.5220232363790274
67840,738354.0060563287,3.571081906557083,3.0138346053427085,4.888695556437597,3.5220232363790274
67843,738354.081941974,3.571081906557083,3.0138346053427085,4.888695556437597,3.5220232363790274
67845,738354.1276718578,3.571081906557083,3.0138346053427085,4.888695556437597,3.5220232363790274
67867,738354.6742000169,3.571081906557083,3.0138346053427085,4.888695556437597,3.5220232363790274
67868,738354.7014317096,3.571081906557083,3.0138346053427085,4.888695556437597,3.5220232363790274
67870,738354.7584825853,3.571081906557083,3.0138346053427085,4.888695556437597,3.5220232363790274
67874,738354.798787282,3.571081906557083,3.0138346053427085,4.888695556437597,3.5220232363790274
67876,738354.9054215444,3.571081906557083,3.0138346053427085,4.888695556437597,3.5220232363790274
67886,738355.0964673809,3.571081906557083,3.0138346053427085,4.888695556437597,3.5220232363790274
67887,738355.0977183151,3.571081906557083,3.0138346053427085,4.888695556437597,3.5220232363790274
67889,738355.1070601316,3.571081906557083,3.0138346053427085,4.888695556437597,3.5220232363790274
67890,738355.1140726226,3.571081906557083,3.0138346053427085,4.888695556437597,3.5220232363790274
67891,738355.1158331234,3.571081906557083,3.0138346053427085,4.888695556437597,3.5220232363790274
67895,738355.1955132822,3.571081906557083,3.0138346053427085,4.888695556437597,3.5220232363790274
67904,738355.3357032783,3.571081906557083,3.0138346053427085,4.888695556437597,3.5220232363790274
67933,738355.6721570207,3.571081906557083,3.0138346053427085,4.888695556437597,3.5220232363790274
67935,738355.7495579073,3.571081906557083,3.0138346053427085,4.888695556437597,3.5220232363790274
67942,738355.7857114024,3.571081906557083,3.0138346053427085,4.888695556437597,3.5220232363790274
67956,738356.0869598843,3.571081906557083,3.0138346053427085,4.888695556437597,3.5220232363790274
67959,738356.1535548924,7.786419291398488,3.0138346053427085,7.786419291398488,4.888695556437597
67963,738356.2907835911,7.786419291398488,3.0138346053427085,7.786419291398488,4.888695556437597
67967,738356.3459027738,7.786419291398488,3.0138346053427085,7.786419291398488,4.888695556437597
67975,738356.5262363402,3.571081906557083,2.8853729215916246,4.888695556437597,3.5220232363790274
67986,738356.8184069631,3.571081906557083,2.8853729215916246,4.888695556437597,3.5220232363790274
67990,738356.9393367438,3.571081906557083,2.8853729215916246,4.888695556437597,3.5220232363790274
67991,738356.9696721621,3.571081906557083,2.8853729215916246,4.888695556437597,3.5220232363790274
67993,738357.0437457245,3.571081906557083,2.8853729215916246,4.888695556437597,3.5220232363790274
68000,738357.3401995281,3.571081906557083,2.8853729215916246,4.888695556437597,3.5220232363790274
68025,738357.9044489531,3.571081906557083,2.8853729215916246,4.888695556437597,3.5220232363790274
68026,738357.914017266,3.571081906557083,2.8853729215916246,4.888695556437597,3.5220232363790274
68044,738358.3582796133,10.931277772411704,6.416962854331359,10.931277772411704,6.416962854331359
68064,738358.6567008658,3.571081906557083,2.8853729215916246,4.888695556437597,3.5220232363790274
68065,738358.6765480962,3.571081906557083,2.8853729215916246,4.888695556437597,3.5220232363790274
68068,738358.7488319067,3.571081906557083,2.8853729215916246,4.888695556437597,3.5220232363790274
68073,738358.7988292341,3.571081906557083,2.8853729215916246,4.888695556437597,3.5220232363790274
68083,738359.0141702683,3.571081906557083,2.8853729215916246,4.888695556437597,3.5220232363790274
68086,738359.0431409928,3.571081906557083,2.8853729215916246,4.888695556437597,3.5220232363790274
68096,738359.3491997182,3.571081906557083,2.8853729215916246,4.888695556437597,3.5220232363790274
68106,738359.5169596726,3.571081906557083,2.8853729215916246,4.888695556437597,3.5220232363790274
68122,738359.8857461013,1.3165013376856223,1.3165013376856223,4.888695556437597,3.5220232363790274
68125,738359.9788884755,1.3165013376856223,1.3165013376856223,4.888695556437597,3.5220232363790274
68129,738360.1053693243,1.3165013376856223,1.3165013376856223,4.888695556437597,3.5220232363790274
68135,738360.3133978609,1.3165013376856223,1.3165013376856223,4.888695556437597,3.5220232363790274
68136,738360.3347452711,7.786419291398488,1.3165013376856223,7.786419291398488,4.888695556437597
68137,738360.3398453962,7.786419291398488,1.3165013376856223,7.786419291398488,4.888695556437597
68138,738360.3409468953,7.786419291398488,1.01808008516673,7.786419291398488,4.888695556437597
68139,738360.3461248127,7.786419291398488,1.01808008516673,7.786419291398488,4.888695556437597
68140,738360.3776556745,7.786419291398488,1.3165013376856223,7.786419291398488,4.888695556437597
68141,738360.3836789302,7.786419291398488,1.3165013376856223,7.786419291398488,4.888695556437597
68142,738360.3845065322,7.786419291398488,1.3165013376856223,7.786419291398488,4.888695556437597
68143,738360.3864029591,7.786419291398488,1.3165013376856223,7.786419291398488,4.888695556437597
68145,738360.4089583544,7.786419291398488,1.3165013376856223,7.786419291398488,4.888695556437597
68148,738360.4379045286,7.786419291398488,1.3165013376856223,7.786419291398488,4.888695556437597
68154,738360.6117139632,7.786419291398488,1.3165013376856223,7.786419291398488,4.888695556437597
68156,738360.629268196,7.786419291398488,1.3165013376856223,7.786419291398488,4.888695556437597
68159,738360.6441241798,7.786419291398488,1.3165013376856223,7.786419291398488,4.888695556437597
68162,738360.7089148128,7.786419291398488,1.3165013376856223,7.786419291398488,4.888695556437597
68163,738360.7158574748,7.786419291398488,1.3165013376856223,7.786419291398488,4.888695556437597
68166,738360.8431553831,7.786419291398488,1.3165013376856223,7.786419291398488,3.0138346053427085
68168,738360.8624892007,7.786419291398488,1.3165013376856223,7.786419291398488,3.0138346053427085
68170,738360.8775717507,7.786419291398488,1.3165013376856223,7.786419291398488,3.0138346053427085
68173,738360.9965150963,7.786419291398488,1.3165013376856223,7.786419291398488,3.0138346053427085
68177,738361.0226122597,7.786419291398488,1.3165013376856223,7.786419291398488,3.0138346053427085
68178,738361.0860843203,7.786419291398488,1.3165013376856223,7.786419291398488,3.0138346053427085
68186,738361.2562366021,7.786419291398488,1.3165013376856223,7.786419291398488,3.0138346053427085
68190,738361.3220030451,7.786419291398488,1.3165013376856223,7.786419291398488,3.0138346053427085
68193,738361.341113175,7.786419291398488,1.3165013376856223,7.786419291398488,3.0138346053427085
68194,738361.3436437948,7.786419291398488,1.3165013376856223,7.786419291398488,3.0138346053427085
68196,738361.3737426363,7.786419291398488,1.3165013376856223,7.786419291398488,3.0138346053427085
68206,738361.4571210687,7.786419291398488,1.3165013376856223,7.786419291398488,3.0138346053427085
68223,738361.8851603848,7.786419291398488,1.3165013376856223,7.786419291398488,3.0138346053427085
68225,738361.9016170736,7.786419291398488,1.3165013376856223,7.786419291398488,3.0138346053427085
68229,738361.9521685935,7.786419291398488,1.3165013376856223,7.786419291398488,3.0138346053427085
68234,738362.1077441116,7.786419291398488,1.3165013376856223,7.786419291398488,3.0138346053427085
68241,738362.2573392676,7.786419291398488,1.3165013376856223,7.786419291398488,3.0138346053427085
68242,738362.2576385508,7.786419291398488,1.01808008516673,7.786419291398488,3.0138346053427085
68244,738362.2594324008,7.786419291398488,1.3165013376856223,7.786419291398488,3.0138346053427085
68245,738362.2598275158,7.786419291398488,1.3165013376856223,7.786419291398488,3.0138346053427085
68246,738362.2605289962,7.786419291398488,1.3165013376856223,7.786419291398488,3.0138346053427085
68248,738362.2620127373,7.786419291398488,1.3165013376856223,7.786419291398488,3.0138346053427085
68249,738362.264291566,7.786419291398488,1.3165013376856223,7.786419291398488,3.0138346053427085
68250,738362.2662879445,7.786419291398488,1.3165013376856223,7.786419291398488,3.0138346053427085
68251,738362.2667333574,7.786419291398488,1.3165013376856223,7.786419291398488,3.0138346053427085
68252,738362.2675634744,7.786419291398488,1.3165013376856223,7.786419291398488,3.0138346053427085
68253,738362.2681664849,7.786419291398488,1.3165013376856223,7.786419291398488,3.0138346053427085
68254,738362.2707450874,7.786419291398488,1.3165013376856223,7.786419291398488,3.0138346053427085
68255,738362.2714580003,7.786419291398488,1.3165013376856223,7.786419291398488,3.0138346053427085
68257,738362.2746761543,7.786419291398488,1.3165013376856223,7.786419291398488,3.0138346053427085
68258,738362.2757075481,7.786419291398488,1.3165013376856223,7.786419291398488,3.0138346053427085
68259,738362.2759741993,7.786419291398488,1.3165013376856223,7.786419291398488,3.0138346053427085
68260,738362.2768023825,7.786419291398488,1.3165013376856223,7.786419291398488,3.0138346053427085
68261,738362.2788160142,7.786419291398488,1.3165013376856223,7.786419291398488,3.0138346053427085
68262,738362.2798533281,7.786419291398488,1.3165013376856223,7.786419291398488,3.0138346053427085
68264,738362.2834432139,7.786419291398488,1.3165013376856223,7.786419291398488,3.0138346053427085
68265,738362.2845723252,7.786419291398488,1.3165013376856223,7.786419291398488,3.0138346053427085
68266,738362.2850517714,7.786419291398488,1.3165013376856223,7.786419291398488,3.0138346053427085
68268,738362.2874264244,7.786419291398488,1.3165013376856223,7.786419291398488,3.0138346053427085
68269,738362.2884390708,7.786419291398488,1.3165013376856223,7.786419291398488,3.0138346053427085
68270,738362.2890546037,7.786419291398488,1.3165013376856223,7.786419291398488,3.0138346053427085
68271,738362.2897346629,7.786419291398488,1.3165013376856223,7.786419291398488,3.0138346053427085
68272,738362.290147569,7.786419291398488,1.3165013376856223,7.786419291398488,3.0138346053427085
68273,738362.2912064648,7.786419291398488,1.3165013376856223,7.786419291398488,3.0138346053427085
68274,738362.2944015068,7.786419291398488,1.3165013376856223,7.786419291398488,3.0138346053427085
68275,738362.2951266733,7.786419291398488,1.3165013376856223,7.786419291398488,3.0138346053427085
68276,738362.2963693151,7.786419291398488,1.3165013376856223,7.786419291398488,3.0138346053427085
68279,738362.3060955969,7.786419291398488,1.3165013376856223,7.786419291398488,3.0138346053427085
68281,738362.3124701452,7.786419291398488,1.3165013376856223,7.786419291398488,3.0138346053427085
68282,738362.3162502407,7.786419291398488,1.3165013376856223,7.786419291398488,3.0138346053427085
68284,738362.3225530587,7.786419291398488,1.3165013376856223,7.786419291398488,3.0138346053427085
68286,738362.3292727293,7.786419291398488,1.3165013376856223,7.786419291398488,3.0138346053427085
68287,738362.34443745,7.786419291398488,1.3165013376856223,7.786419291398488,3.0138346053427085
68291,738362.3635530631,7.786419291398488,1.3165013376856223,7.786419291398488,3.0138346053427085
68292,738362.3666387713,7.786419291398488,1.3165013376856223,7.786419291398488,3.0138346053427085
68293,738362.3722767862,7.786419291398488,1.3165013376856223,7.786419291398488,3.0138346053427085
68294,738362.3745337614,7.786419291398488,1.3165013376856223,7.786419291398488,3.0138346053427085
68296,738362.3820299067,7.786419291398488,1.3165013376856223,7.786419291398488,3.0138346053427085
68297,738362.3835309054,7.786419291398488,1.3165013376856223,7.786419291398488,3.0138346053427085
68298,738362.3871586189,7.786419291398488,1.3165013376856223,7.786419291398488,3.0138346053427085
68302,738362.4169811207,7.786419291398488,1.3165013376856223,7.786419291398488,3.0138346053427085
68307,738362.4382721761,7.786419291398488,1.3165013376856223,7.786419291398488,3.0138346053427085
68309,738362.4453739666,7.786419291398488,1.3165013376856223,7.786419291398488,3.0138346053427085
68310,738362.4483016285,7.786419291398488,1.3165013376856223,7.786419291398488,3.0138346053427085
68313,738362.4601332259,7.786419291398488,1.3165013376856223,7.786419291398488,3.0138346053427085
68314,738362.4623134925,7.786419291398488,1.3165013376856223,7.786419291398488,3.0138346053427085
68320,738362.4910755517,7.786419291398488,1.3165013376856223,7.786419291398488,3.0138346053427085
68321,738362.5003673581,7.786419291398488,1.3165013376856223,7.786419291398488,3.0138346053427085
68323,738362.5238978424,7.786419291398488,1.3165013376856223,7.786419291398488,3.0138346053427085
68325,738362.5255176636,7.786419291398488,1.3165013376856223,7.786419291398488,3.0138346053427085
68326,738362.5263508344,7.786419291398488,1.3165013376856223,7.786419291398488,3.0138346053427085
68327,738362.5282182591,7.786419291398488,1.01808008516673,7.786419291398488,3.0138346053427085
68331,738362.5558183731,7.786419291398488,1.01808008516673,7.786419291398488,3.0138346053427085
68332,738362.5745390183,7.786419291398488,1.3165013376856223,7.786419291398488,3.0138346053427085
68333,738362.5756016687,7.786419291398488,1.3165013376856223,7.786419291398488,3.0138346053427085
68334,738362.5765763377,7.786419291398488,1.3165013376856223,7.786419291398488,3.0138346053427085
68338,738362.6127307527,7.786419291398488,1.3165013376856223,7.786419291398488,3.0138346053427085
68343,738362.6478701284,7.786419291398488,1.3165013376856223,7.786419291398488,3.0138346053427085
68345,738362.6645846944,7.786419291398488,1.3165013376856223,7.786419291398488,3.0138346053427085
68347,738362.677204234,7.786419291398488,1.3165013376856223,7.786419291398488,3.0138346053427085
68348,738362.6852715297,7.786419291398488,1.3165013376856223,7.786419291398488,3.0138346053427085
68349,738362.6934988766,7.786419291398488,1.3165013376856223,7.786419291398488,3.0138346053427085
68350,738362.7274525453,7.786419291398488,1.3165013376856223,7.786419291398488,3.0138346053427085
68351,738362.7279880197,7.786419291398488,1.3165013376856223,7.786419291398488,3.0138346053427085
68352,738362.7295602662,7.786419291398488,1.3165013376856223,7.786419291398488,3.0138346053427085
68353,738362.7402626269,7.786419291398488,1.3165013376856223,7.786419291398488,3.0138346053427085
68357,738362.7545495561,7.786419291398488,1.3165013376856223,7.786419291398488,3.0138346053427085
68358,738362.7643820813,7.786419291398488,1.01808008516673,7.786419291398488,3.0138346053427085
68359,738362.7726108294,7.786419291398488,1.01808008516673,7.786419291398488,3.0138346053427085
68360,738362.7730319587,7.786419291398488,1.01808008516673,7.786419291398488,3.0138346053427085
68362,738362.7919744203,7.786419291398488,1.01808008516673,7.786419291398488,3.0138346053427085
68364,738362.8206244569,7.786419291398488,1.01808008516673,7.786419291398488,3.0138346053427085
68365,738362.8221032318,7.786419291398488,1.01808008516673,7.786419291398488,3.0138346053427085
68366,738362.8280830848,7.786419291398488,1.3165013376856223,7.786419291398488,3.0138346053427085
68367,738362.8651636804,7.786419291398488,1.3165013376856223,7.786419291398488,3.0138346053427085
68368,738362.8725523879,7.786419291398488,1.3165013376856223,7.786419291398488,3.0138346053427085
68369,738362.8785264853,7.786419291398488,1.3165013376856223,7.786419291398488,3.0138346053427085
68372,738362.8992311024,7.786419291398488,1.3165013376856223,7.786419291398488,3.0138346053427085
68373,738362.9089293783,7.786419291398488,1.3165013376856223,7.786419291398488,3.0138346053427085
68374,738362.9181589035,7.786419291398488,1.3165013376856223,7.786419291398488,3.0138346053427085
68375,738362.9295795668,7.786419291398488,1.3165013376856223,7.786419291398488,3.0138346053427085
68376,738362.9487670982,7.786419291398488,1.3165013376856223,7.786419291398488,3.0138346053427085
68377,738362.957545404,7.786419291398488,1.3165013376856223,7.786419291398488,3.0138346053427085
68378,738362.9812416508,7.786419291398488,1.3165013376856223,7.786419291398488,3.0138346053427085
68379,738362.9838563348,7.786419291398488,1.3165013376856223,7.786419291398488,3.0138346053427085
68381,738363.0022980184,7.786419291398488,1.3165013376856223,7.786419291398488,3.0138346053427085
68384,738363.0171781274,7.786419291398488,1.3165013376856223,7.786419291398488,3.0138346053427085
68385,738363.027131857,7.786419291398488,1.3165013376856223,7.786419291398488,3.0138346053427085
68386,738363.0280071353,7.786419291398488,1.3165013376856223,7.786419291398488,3.0138346053427085
68388,738363.0417783051,7.786419291398488,1.3165013376856223,7.786419291398488,3.0138346053427085
68389,738363.0547344658,7.786419291398488,1.3165013376856223,7.786419291398488,3.0138346053427085
68390,738363.0621678272,7.786419291398488,1.3165013376856223,7.786419291398488,3.0138346053427085
68391,738363.0693776001,7.786419291398488,1.3165013376856223,7.786419291398488,3.0138346053427085
68393,738363.0931975407,7.786419291398488,1.3165013376856223,7.786419291398488,3.0138346053427085
68394,738363.1336447183,7.786419291398488,1.3165013376856223,7.786419291398488,3.0138346053427085
68396,738363.1519930734,7.786419291398488,1.3165013376856223,7.786419291398488,3.0138346053427085
68398,738363.2049384159,4.846658802591264,4.212238133419305,10.483403715188615,4.212238133419305
68399,738363.2099453157,7.786419291398488,1.3165013376856223,7.786419291398488,3.0138346053427085
68400,738363.2223845373,7.786419291398488,1.01808008516673,7.786419291398488,3.0138346053427085
68401,738363.2258077576,7.786419291398488,1.01808008516673,7.786419291398488,3.0138346053427085
68402,738363.232028927,7.786419291398488,1.01808008516673,7.786419291398488,3.0138346053427085
68403,738363.2334488713,7.786419291398488,1.3165013376856223,7.786419291398488,3.0138346053427085
68404,738363.2386664164,7.786419291398488,1.3165013376856223,7.786419291398488,3.0138346053427085
68406,738363.2407166711,7.786419291398488,1.3165013376856223,7.786419291398488,3.0138346053427085
68407,738363.242409949,7.786419291398488,1.3165013376856223,7.786419291398488,3.0138346053427085
68408,738363.2447512139,7.786419291398488,1.3165013376856223,7.786419291398488,3.0138346053427085
68410,738363.247712744,7.786419291398488,1.3165013376856223,7.786419291398488,3.0138346053427085
68412,738363.2579613724,2.944563511526212,1.3165013376856223,3.571081906557083,3.0138346053427085
68413,738363.2593050828,2.944563511526212,1.3165013376856223,3.571081906557083,3.0138346053427085
68414,738363.2634509692,2.944563511526212,1.3165013376856223,3.571081906557083,3.0138346053427085
68415,738363.2659602911,7.786419291398488,1.3165013376856223,7.786419291398488,3.0138346053427085
68416,738363.2664219928,7.786419291398488,1.3165013376856223,7.786419291398488,3.0138346053427085
68417,738363.2732504572,2.944563511526212,1.3165013376856223,3.571081906557083,3.0138346053427085
68420,738363.3071252708,2.944563511526212,1.3165013376856223,3.571081906557083,3.0138346053427085
68424,738363.3312296919,2.944563511526212,1.3165013376856223,3.571081906557083,3.0138346053427085
68429,738363.3875358471,4.181190378731117,1.3165013376856223,7.786419291398488,3.0138346053427085
68431,738363.3895341812,4.181190378731117,1.3165013376856223,7.786419291398488,3.0138346053427085
68432,738363.3920912297,1.3165013376856223,1.3165013376856223,3.571081906557083,3.0138346053427085
68433,738363.3941565449,4.181190378731117,1.3165013376856223,7.786419291398488,3.0138346053427085
68436,738363.3977259628,4.181190378731117,1.01808008516673,7.786419291398488,3.0138346053427085
68437,738363.3977268182,4.181190378731117,1.01808008516673,7.786419291398488,3.0138346053427085
68438,738363.4001732555,4.181190378731117,1.3165013376856223,7.786419291398488,3.0138346053427085
68440,738363.4083697945,4.181190378731117,1.3165013376856223,7.786419291398488,3.0138346053427085
68442,738363.4198574099,4.181190378731117,1.3165013376856223,7.786419291398488,3.0138346053427085
68443,738363.4217071558,4.181190378731117,1.3165013376856223,7.786419291398488,3.0138346053427085
68444,738363.4246905317,4.181190378731117,1.3165013376856223,7.786419291398488,3.0138346053427085
68448,738363.4543471396,4.181190378731117,1.3165013376856223,7.786419291398488,3.0138346053427085
68451,738363.5921746258,4.181190378731117,1.3165013376856223,7.786419291398488,3.0138346053427085
68452,738363.6100237478,4.181190378731117,1.3165013376856223,7.786419291398488,3.0138346053427085
68454,738363.6280357662,4.181190378731117,1.3165013376856223,7.786419291398488,3.0138346053427085
68457,738363.6518767097,4.181190378731117,1.3165013376856223,7.786419291398488,3.0138346053427085
68458,738363.653598863,4.181190378731117,1.3165013376856223,7.786419291398488,3.0138346053427085
68461,738363.656501679,4.181190378731117,1.3165013376856223,7.786419291398488,3.0138346053427085
68463,738363.6586386185,4.181190378731117,1.3165013376856223,7.786419291398488,3.0138346053427085
68464,738363.6627643377,4.181190378731117,1.3165013376856223,7.786419291398488,3.0138346053427085
68465,738363.6640219757,4.181190378731117,1.3165013376856223,7.786419291398488,3.0138346053427085
68467,738363.6657293193,4.181190378731117,1.3165013376856223,7.786419291398488,3.0138346053427085
68468,738363.6682434195,4.181190378731117,1.3165013376856223,7.786419291398488,3.0138346053427085
68469,738363.6714268787,4.181190378731117,1.3165013376856223,7.786419291398488,3.0138346053427085
68471,738363.6795002035,4.181190378731117,1.3165013376856223,7.786419291398488,3.0138346053427085
68472,738363.6815644584,4.181190378731117,1.3165013376856223,7.786419291398488,3.0138346053427085
68473,738363.68601671,4.181190378731117,1.3165013376856223,7.786419291398488,3.0138346053427085
68474,738363.6866666236,4.181190378731117,1.3165013376856223,7.786419291398488,3.0138346053427085
68475,738363.7035350644,4.181190378731117,1.3165013376856223,7.786419291398488,3.0138346053427085
68476,738363.704149294,4.181190378731117,1.3165013376856223,7.786419291398488,3.0138346053427085
68477,738363.7078566578,4.181190378731117,1.3165013376856223,7.786419291398488,3.0138346053427085
68478,738363.7102106516,4.181190378731117,1.3165013376856223,7.786419291398488,3.0138346053427085
68479,738363.7206898791,4.181190378731117,1.3165013376856223,7.786419291398488,3.0138346053427085
68480,738363.7212768726,4.181190378731117,1.3165013376856223,7.786419291398488,3.0138346053427085
68481,738363.7221366353,4.181190378731117,1.01808008516673,7.786419291398488,3.0138346053427085
68482,738363.7229007425,4.181190378731117,1.01808008516673,7.786419291398488,3.0138346053427085
68483,738363.7241349136,4.181190378731117,1.3165013376856223,7.786419291398488,3.0138346053427085
68485,738363.7367454704,4.181190378731117,1.3165013376856223,7.786419291398488,3.0138346053427085
68486,738363.7386108511,4.181190378731117,1.3165013376856223,7.786419291398488,3.0138346053427085
68487,738363.739915434,4.181190378731117,1.3165013376856223,7.786419291398488,3.0138346053427085
68489,738363.7568517078,4.181190378731117,1.3165013376856223,7.786419291398488,3.0138346053427085
68490,738363.7692019579,4.181190378731117,1.3165013376856223,7.786419291398488,3.0138346053427085
68491,738363.7858877861,4.181190378731117,1.3165013376856223,7.786419291398488,3.0138346053427085
68492,738363.7861062231,4.181190378731117,1.3165013376856223,7.786419291398488,3.0138346053427085
68493,738363.7900075602,4.181190378731117,1.3165013376856223,7.786419291398488,3.0138346053427085
68494,738363.7903423114,4.181190378731117,1.3165013376856223,7.786419291398488,3.0138346053427085
68496,738363.7937552341,4.181190378731117,1.3165013376856223,7.786419291398488,3.0138346053427085
68497,738363.8205480356,4.181190378731117,1.3165013376856223,7.786419291398488,3.0138346053427085
68498,738363.8254009371,1.3165013376856223,1.3165013376856223,3.571081906557083,3.0138346053427085
68499,738363.8274301934,4.181190378731117,1.01808008516673,7.786419291398488,3.0138346053427085
68502,738363.8372735855,4.181190378731117,1.01808008516673,7.786419291398488,3.0138346053427085
68503,738363.8404098621,4.181190378731117,1.01808008516673,7.786419291398488,3.0138346053427085
68504,738363.8446246507,4.181190378731117,1.3165013376856223,7.786419291398488,3.0138346053427085
68505,738363.8464662114,4.181190378731117,1.01808008516673,7.786419291398488,3.0138346053427085
68506,738363.8505097876,4.181190378731117,1.01808008516673,7.786419291398488,3.0138346053427085
68507,738363.8532844654,4.181190378731117,1.01808008516673,7.786419291398488,3.0138346053427085
68508,738363.8536821521,4.181190378731117,1.01808008516673,7.786419291398488,3.0138346053427085
68509,738363.8585746544,4.181190378731117,1.01808008516673,7.786419291398488,3.0138346053427085
68510,738363.8591268366,4.181190378731117,1.01808008516673,7.786419291398488,3.0138346053427085
68512,738363.8829477902,4.181190378731117,1.01808008516673,7.786419291398488,3.0138346053427085
68513,738363.8907885117,4.181190378731117,1.01808008516673,7.786419291398488,3.0138346053427085
68514,738363.8971499847,4.181190378731117,1.01808008516673,7.786419291398488,3.0138346053427085
68515,738363.8992648954,4.181190378731117,1.3165013376856223,7.786419291398488,3.0138346053427085
68516,738363.9098085396,4.181190378731117,1.3165013376856223,7.786419291398488,3.0138346053427085
68519,738363.9468861315,4.181190378731117,1.3165013376856223,7.786419291398488,3.0138346053427085
68520,738363.9489618225,4.181190378731117,1.3165013376856223,7.786419291398488,3.0138346053427085
68522,738363.9700299232,4.181190378731117,1.3165013376856223,7.786419291398488,3.0138346053427085
68524,738363.9925806621,4.181190378731117,1.3165013376856223,7.786419291398488,3.0138346053427085
68526,738364.0217283902,4.181190378731117,1.3165013376856223,7.786419291398488,3.0138346053427085
68527,738364.0300235188,4.181190378731117,1.3165013376856223,7.786419291398488,3.0138346053427085
68528,738364.0455920149,4.181190378731117,1.3165013376856223,7.786419291398488,3.0138346053427085
68529,738364.048068149,4.181190378731117,1.3165013376856223,7.786419291398488,3.0138346053427085
68530,738364.0495290552,4.181190378731117,1.3165013376856223,7.786419291398488,3.0138346053427085
68531,738364.0512461918,4.181190378731117,1.3165013376856223,7.786419291398488,3.0138346053427085
68533,738364.0700340702,4.181190378731117,1.3165013376856223,7.786419291398488,3.0138346053427085
68534,738364.0749243515,0.17565945617388934,6.416962854331359,0.17565945617388934,11.128919759765267
68535,738364.0888058537,0.17565945617388934,6.416962854331359,0.17565945617388934,11.128919759765267
68537,738364.1006783015,4.181190378731117,1.01808008516673,7.786419291398488,3.0138346053427085
68538,738364.1018329234,4.181190378731117,1.01808008516673,7.786419291398488,3.0138346053427085
68539,738364.103848009,4.181190378731117,1.01808008516673,7.786419291398488,3.0138346053427085
68540,738364.1067242927,4.181190378731117,1.01808008516673,7.786419291398488,3.0138346053427085
68541,738364.1281671094,4.181190378731117,1.3165013376856223,7.786419291398488,3.0138346053427085
68542,738364.1325828371,4.181190378731117,1.3165013376856223,7.786419291398488,3.0138346053427085
68543,738364.1337241727,4.181190378731117,1.3165013376856223,7.786419291398488,3.0138346053427085
68544,738364.1426473708,4.181190378731117,1.3165013376856223,7.786419291398488,3.0138346053427085
68546,738364.1509605135,4.181190378731117,1.3165013376856223,7.786419291398488,3.0138346053427085
68547,738364.1515414687,4.181190378731117,1.3165013376856223,7.786419291398488,3.0138346053427085
68548,738364.1517199874,4.181190378731117,1.3165013376856223,7.786419291398488,3.0138346053427085
68549,738364.1534549873,4.181190378731117,1.3165013376856223,7.786419291398488,3.0138346053427085
68550,738364.1809809791,4.181190378731117,1.3165013376856223,7.786419291398488,3.0138346053427085
68551,738364.2164340855,4.181190378731117,1.3165013376856223,7.786419291398488,3.0138346053427085
68552,738364.2247888736,4.181190378731117,1.3165013376856223,7.786419291398488,3.0138346053427085
68553,738364.2256803536,4.181190378731117,1.3165013376856223,7.786419291398488,3.0138346053427085
68554,738364.2344727671,4.181190378731117,1.3165013376856223,7.786419291398488,3.0138346053427085
68555,738364.2641514956,4.181190378731117,1.3165013376856223,7.786419291398488,3.0138346053427085
68556,738364.2659470451,4.181190378731117,1.3165013376856223,7.786419291398488,3.0138346053427085
68558,738364.307108844,4.181190378731117,1.3165013376856223,7.786419291398488,3.0138346053427085
68559,738364.3099861229,4.181190378731117,1.3165013376856223,7.786419291398488,3.0138346053427085
68560,738364.3568134137,4.181190378731117,1.3165013376856223,7.786419291398488,3.0138346053427085
68569,738364.3992268429,4.181190378731117,1.3165013376856223,7.786419291398488,3.0138346053427085
68573,738364.4320716425,4.181190378731117,1.3165013376856223,7.786419291398488,3.0138346053427085
68575,738364.4413404661,4.181190378731117,1.3165013376856223,7.786419291398488,3.0138346053427085
68577,738364.44707242,4.181190378731117,1.3165013376856223,7.786419291398488,3.0138346053427085
68580,738364.4606865982,4.181190378731117,1.3165013376856223,7.786419291398488,3.0138346053427085
68582,738364.4763480414,4.181190378731117,1.3165013376856223,7.786419291398488,3.0138346053427085
68586,738364.5233960953,4.181190378731117,1.3165013376856223,7.786419291398488,3.0138346053427085
68589,738364.5564729932,4.181190378731117,1.3165013376856223,7.786419291398488,3.0138346053427085
68590,738364.5618804314,4.181190378731117,1.3165013376856223,7.786419291398488,3.0138346053427085
68592,738364.6208797545,4.181190378731117,1.01808008516673,7.786419291398488,3.0138346053427085
68594,738364.6433809025,4.181190378731117,1.01808008516673,7.786419291398488,3.0138346053427085
68596,738364.7168294635,4.181190378731117,1.01808008516673,7.786419291398488,3.0138346053427085
68598,738364.7376112506,4.181190378731117,1.01808008516673,7.786419291398488,3.0138346053427085
68599,738364.7435956794,4.181190378731117,1.01808008516673,7.786419291398488,3.0138346053427085
68601,738364.7467873469,4.181190378731117,1.01808008516673,7.786419291398488,3.0138346053427085
68603,738364.7726749083,4.181190378731117,1.01808008516673,7.786419291398488,3.0138346053427085
68604,738364.7777880877,4.181190378731117,1.01808008516673,7.786419291398488,3.0138346053427085
68605,738364.7813795457,4.181190378731117,1.3165013376856223,7.786419291398488,3.0138346053427085
68607,738364.798198083,4.181190378731117,1.3165013376856223,7.786419291398488,3.0138346053427085
68608,738364.7995280322,4.181190378731117,1.3165013376856223,7.786419291398488,3.0138346053427085
68612,738364.8813194995,4.181190378731117,1.3165013376856223,7.786419291398488,3.0138346053427085
68613,738364.8825809498,4.181190378731117,1.3165013376856223,7.786419291398488,3.0138346053427085
68614,738364.8944615659,4.181190378731117,1.3165013376856223,7.786419291398488,3.0138346053427085
68615,738364.9151303234,4.181190378731117,1.3165013376856223,7.786419291398488,3.0138346053427085
68616,738364.9292727546,4.181190378731117,1.3165013376856223,7.786419291398488,3.0138346053427085
68617,738364.9379078058,4.181190378731117,1.3165013376856223,7.786419291398488,3.0138346053427085
68618,738364.9465546936,4.181190378731117,1.3165013376856223,7.786419291398488,3.0138346053427085
68619,738364.9530077137,4.181190378731117,1.3165013376856223,7.786419291398488,3.0138346053427085
68620,738364.9579764341,4.181190378731117,1.3165013376856223,7.786419291398488,3.0138346053427085
68621,738364.9619706395,4.181190378731117,1.3165013376856223,7.786419291398488,3.0138346053427085
68623,738364.9668358582,4.181190378731117,1.3165013376856223,7.786419291398488,3.0138346053427085
68624,738365.0008734077,4.181190378731117,1.3165013376856223,7.786419291398488,3.0138346053427085
68625,738365.0028810046,4.181190378731117,1.3165013376856223,7.786419291398488,3.0138346053427085
68628,738365.0231532645,4.181190378731117,1.3165013376856223,7.786419291398488,3.0138346053427085
68629,738365.0244060438,4.181190378731117,1.3165013376856223,7.786419291398488,3.0138346053427085
68630,738365.0250828578,4.181190378731117,1.3165013376856223,7.786419291398488,3.0138346053427085
68631,738365.02645712,4.181190378731117,1.3165013376856223,7.786419291398488,3.0138346053427085
68632,738365.0401921143,4.181190378731117,1.3165013376856223,7.786419291398488,3.0138346053427085
68633,738365.0420728237,4.181190378731117,1.3165013376856223,7.786419291398488,3.0138346053427085
68634,738365.0440190902,4.181190378731117,1.3165013376856223,7.786419291398488,3.0138346053427085
68638,738365.0672210505,4.181190378731117,1.3165013376856223,7.786419291398488,3.0138346053427085
68640,738365.0871798913,4.181190378731117,1.3165013376856223,7.786419291398488,3.0138346053427085
68641,738365.0924842899,4.181190378731117,1.3165013376856223,7.786419291398488,3.0138346053427085
68644,738365.1153023357,4.181190378731117,1.3165013376856223,7.786419291398488,3.0138346053427085
68647,738365.1345519772,4.181190378731117,1.3165013376856223,7.786419291398488,3.0138346053427085
68649,738365.1955776641,4.181190378731117,1.3165013376856223,7.786419291398488,3.0138346053427085
68656,738365.2664973646,4.181190378731117,1.3165013376856223,7.786419291398488,3.0138346053427085
68658,738365.2762133951,4.181190378731117,1.3165013376856223,7.786419291398488,3.0138346053427085
68660,738365.2885617097,4.181190378731117,1.3165013376856223,7.786419291398488,3.0138346053427085
68661,738365.307762474,4.181190378731117,1.3165013376856223,7.786419291398488,3.0138346053427085
68662,738365.3281261973,4.181190378731117,1.3165013376856223,7.786419291398488,3.0138346053427085
68664,738365.3480571662,4.181190378731117,1.3165013376856223,7.786419291398488,3.0138346053427085
68667,738365.3869749889,4.181190378731117,1.3165013376856223,7.786419291398488,3.0138346053427085
68669,738365.3949327682,4.181190378731117,1.3165013376856223,7.786419291398488,3.0138346053427085
68673,738365.4336534698,4.181190378731117,1.3165013376856223,7.786419291398488,3.0138346053427085
68674,738365.4377804284,0.8169006739044562,1.01808008516673,14.56339627795387,3.0138346053427085
68676,738365.4644213947,0.8169006739044562,1.01808008516673,14.56339627795387,3.0138346053427085
68679,738365.5503678609,1.3165013376856223,1.3165013376856223,3.571081906557083,3.0138346053427085
68682,738365.56673665,4.181190378731117,1.3165013376856223,7.786419291398488,3.0138346053427085
68683,738365.5761167213,4.181190378731117,1.3165013376856223,7.786419291398488,3.0138346053427085
68684,738365.5768248424,1.3165013376856223,1.3165013376856223,3.571081906557083,3.0138346053427085
68685,738365.5938892999,1.3165013376856223,1.3165013376856223,3.571081906557083,3.0138346053427085
68687,738365.6029912086,4.181190378731117,1.3165013376856223,7.786419291398488,3.0138346053427085
68688,738365.6411214963,4.181190378731117,1.3165013376856223,7.786419291398488,3.0138346053427085
68689,738365.6675029377,4.181190378731117,1.3165013376856223,7.786419291398488,3.0138346053427085
68690,738365.7117268892,4.181190378731117,1.3165013376856223,7.786419291398488,3.0138346053427085
68691,738365.7260769134,4.181190378731117,1.3165013376856223,7.786419291398488,3.0138346053427085
68692,738365.7294889047,4.181190378731117,1.3165013376856223,7.786419291398488,3.0138346053427085
68693,738365.7315326927,4.181190378731117,1.3165013376856223,7.786419291398488,3.0138346053427085
68694,738365.7450566641,4.181190378731117,1.3165013376856223,7.786419291398488,3.0138346053427085
68695,738365.7468470422,4.181190378731117,1.3165013376856223,7.786419291398488,3.0138346053427085
68696,738365.7859102401,4.181190378731117,1.3165013376856223,7.786419291398488,3.0138346053427085
68697,738365.7956370482,4.181190378731117,1.3165013376856223,7.786419291398488,3.0138346053427085
68699,738365.8279094308,4.181190378731117,1.3165013376856223,7.786419291398488,3.0138346053427085
68700,738365.9022430151,4.181190378731117,1.3165013376856223,7.786419291398488,3.0138346053427085
68701,738365.9078509379,4.181190378731117,1.3165013376856223,7.786419291398488,3.0138346053427085
68703,738365.9319609238,4.181190378731117,1.3165013376856223,7.786419291398488,3.0138346053427085
68704,738365.9461621646,4.181190378731117,1.3165013376856223,7.786419291398488,3.0138346053427085
68705,738365.952398691,4.181190378731117,1.3165013376856223,7.786419291398488,3.0138346053427085
68708,738366.0189933004,4.181190378731117,1.3165013376856223,7.786419291398488,3.0138346053427085
68709,738366.0221503278,4.181190378731117,1.3165013376856223,7.786419291398488,3.0138346053427085
68710,738366.0232678296,4.181190378731117,1.3165013376856223,7.786419291398488,3.0138346053427085
68711,738366.0262975531,4.181190378731117,1.3165013376856223,7.786419291398488,3.0138346053427085
68712,738366.0969767604,4.181190378731117,1.3165013376856223,7.786419291398488,3.0138346053427085
68713,738366.0998487801,4.181190378731117,1.3165013376856223,7.786419291398488,3.0138346053427085
68714,738366.123648967,4.181190378731117,1.3165013376856223,7.786419291398488,3.0138346053427085
68717,738366.1723823444,4.181190378731117,1.3165013376856223,7.786419291398488,3.0138346053427085
68721,738366.2451564851,4.181190378731117,1.3165013376856223,7.786419291398488,3.0138346053427085
68727,738366.3007390667,4.181190378731117,1.3165013376856223,7.786419291398488,3.0138346053427085
68735,738366.4236660259,4.181190378731117,1.3165013376856223,7.786419291398488,3.0138346053427085
68736,738366.4308494619,4.181190378731117,1.3165013376856223,7.786419291398488,3.0138346053427085
68737,738366.4310410711,4.181190378731117,1.3165013376856223,7.786419291398488,3.0138346053427085
68739,738366.4379281014,4.181190378731117,1.3165013376856223,7.786419291398488,3.0138346053427085
68740,738366.4538331915,4.181190378731117,1.3165013376856223,7.786419291398488,3.0138346053427085
68743,738366.4662889695,4.181190378731117,1.3165013376856223,7.786419291398488,3.0138346053427085
68744,738366.4703264065,4.181190378731117,1.3165013376856223,7.786419291398488,3.0138346053427085
68745,738366.4782854577,4.181190378731117,1.3165013376856223,7.786419291398488,3.0138346053427085
68750,738366.5207291072,4.181190378731117,1.3165013376856223,7.786419291398488,3.0138346053427085
68755,738366.6503587668,4.181190378731117,1.3165013376856223,7.786419291398488,3.0138346053427085
68758,738366.7091446611,4.181190378731117,1.3165013376856223,7.786419291398488,3.0138346053427085
68759,738366.723410805,4.181190378731117,1.01808008516673,7.786419291398488,3.0138346053427085
68760,738366.7257996696,4.181190378731117,1.01808008516673,7.786419291398488,3.0138346053427085
68762,738366.7599683176,4.181190378731117,1.01808008516673,7.786419291398488,3.0138346053427085
68766,738366.7859646052,4.181190378731117,1.01808008516673,7.786419291398488,3.0138346053427085
68765,738366.7859693231,4.181190378731117,1.3165013376856223,7.786419291398488,3.3470486565493047
68767,738366.7880237413,4.181190378731117,1.3165013376856223,7.786419291398488,3.3470486565493047
68768,738366.7891125447,4.181190378731117,1.3165013376856223,7.786419291398488,3.3470486565493047
68769,738366.8019351272,4.181190378731117,1.01808008516673,7.786419291398488,3.0138346053427085
68770,738366.8045997231,4.181190378731117,1.01808008516673,7.786419291398488,3.0138346053427085
68771,738366.8075437613,4.181190378731117,1.01808008516673,7.786419291398488,3.0138346053427085
68772,738366.8192373067,4.181190378731117,1.01808008516673,7.786419291398488,3.0138346053427085
68773,738366.8247525061,4.181190378731117,1.01808008516673,7.786419291398488,3.0138346053427085
68774,738366.8273182324,4.181190378731117,1.01808008516673,7.786419291398488,3.0138346053427085
68775,738366.8282031213,4.181190378731117,1.01808008516673,7.786419291398488,3.0138346053427085
68776,738366.8462801886,4.181190378731117,1.01808008516673,7.786419291398488,3.0138346053427085
68778,738366.8735970291,4.181190378731117,1.01808008516673,7.786419291398488,3.0138346053427085
68779,738366.880271717,4.181190378731117,1.01808008516673,7.786419291398488,3.0138346053427085
68780,738366.8933166055,4.181190378731117,1.01808008516673,7.786419291398488,3.0138346053427085
68781,738366.8937363398,4.181190378731117,1.3165013376856223,7.786419291398488,3.0138346053427085
68782,738366.9092237714,4.181190378731117,1.01808008516673,7.786419291398488,3.0138346053427085
68783,738366.9140372295,4.181190378731117,1.01808008516673,7.786419291398488,3.0138346053427085
68784,738366.9283850028,4.181190378731117,1.01808008516673,7.786419291398488,3.0138346053427085
68785,738366.9327864468,4.181190378731117,1.01808008516673,7.786419291398488,3.0138346053427085
68786,738366.957491715,4.181190378731117,1.01808008516673,7.786419291398488,3.0138346053427085
68787,738366.9633815504,4.181190378731117,1.3165013376856223,7.786419291398488,3.0138346053427085
68789,738366.9729703544,4.181190378731117,1.3165013376856223,7.786419291398488,3.0138346053427085
68791,738366.9786220707,4.181190378731117,1.3165013376856223,7.786419291398488,3.0138346053427085
68792,738366.9824639078,4.181190378731117,1.3165013376856223,7.786419291398488,3.0138346053427085
68793,738366.9905525632,4.181190378731117,1.3165013376856223,7.786419291398488,3.0138346053427085
68796,738367.0514183166,4.181190378731117,1.3165013376856223,7.786419291398488,3.0138346053427085
68797,738367.0553815998,4.181190378731117,1.01808008516673,7.786419291398488,3.0138346053427085
68799,738367.0640496816,4.181190378731117,1.01808008516673,7.786419291398488,3.0138346053427085
68802,738367.075336099,4.181190378731117,1.01808008516673,7.786419291398488,3.0138346053427085
68803,738367.1207866793,4.181190378731117,1.01808008516673,7.786419291398488,3.0138346053427085
68804,738367.1294495619,4.181190378731117,1.01808008516673,7.786419291398488,3.0138346053427085
68805,738367.1315421952,4.181190378731117,1.01808008516673,7.786419291398488,3.0138346053427085
68806,738367.1367367532,4.181190378731117,1.01808008516673,7.786419291398488,3.0138346053427085
68807,738367.1463311369,4.181190378731117,1.01808008516673,7.786419291398488,3.0138346053427085
68808,738367.1807437756,4.181190378731117,1.01808008516673,7.786419291398488,3.0138346053427085
68809,738367.1856694783,4.181190378731117,1.01808008516673,7.786419291398488,3.0138346053427085
68812,738367.2315735712,4.181190378731117,1.01808008516673,7.786419291398488,3.0138346053427085
68813,738367.2374797198,4.181190378731117,1.01808008516673,7.786419291398488,3.0138346053427085
68817,738367.3296787778,4.181190378731117,1.01808008516673,7.786419291398488,3.0138346053427085
68818,738367.3343027644,4.181190378731117,1.01808008516673,7.786419291398488,3.0138346053427085
68819,738367.3479454364,4.181190378731117,1.01808008516673,7.786419291398488,3.0138346053427085
68821,738367.3577278843,4.181190378731117,1.01808008516673,7.786419291398488,3.0138346053427085
68822,738367.364430419,4.181190378731117,1.3165013376856223,7.786419291398488,3.0138346053427085
68829,738367.4564570913,4.181190378731117,1.3165013376856223,7.786419291398488,3.0138346053427085
68834,738367.5077131917,4.181190378731117,1.01808008516673,7.786419291398488,3.0138346053427085
68835,738367.5124463835,4.181190378731117,1.01808008516673,7.786419291398488,3.0138346053427085
68836,738367.5161360445,4.181190378731117,1.01808008516673,7.786419291398488,3.0138346053427085
68837,738367.5202465638,4.181190378731117,1.01808008516673,7.786419291398488,3.0138346053427085
68838,738367.5283266985,4.181190378731117,1.01808008516673,7.786419291398488,3.0138346053427085
68847,738367.648788059,4.846658802591264,4.846658802591264,17.545882614096627,6.416962854331359
68848,738367.6555698122,4.846658802591264,4.846658802591264,17.545882614096627,6.416962854331359
68854,738367.7622617352,4.846658802591264,4.846658802591264,17.545882614096627,6.416962854331359
68856,738367.8211459366,4.181190378731117,1.01808008516673,7.786419291398488,3.0138346053427085
68857,738367.831191922,4.181190378731117,1.01808008516673,7.786419291398488,3.0138346053427085
68860,738367.8889093713,4.181190378731117,1.01808008516673,7.786419291398488,3.0138346053427085
68862,738367.8958809362,4.181190378731117,1.01808008516673,7.786419291398488,3.0138346053427085
68863,738367.9550191568,4.181190378731117,1.3165013376856223,7.786419291398488,3.0138346053427085
68864,738367.9688145895,4.181190378731117,1.3165013376856223,7.786419291398488,3.0138346053427085
68866,738368.009388816,0.7243442868348211,2.944563511526212,15.317661882843822,3.5311666334746405
68868,738368.0266443945,4.181190378731117,1.3165013376856223,7.786419291398488,3.0138346053427085
68869,738368.0316665741,4.181190378731117,1.3165013376856223,7.786419291398488,3.0138346053427085
68870,738368.0586024661,4.181190378731117,1.01808008516673,7.786419291398488,3.0138346053427085
68871,738368.0702207164,4.181190378731117,1.01808008516673,7.786419291398488,3.0138346053427085
68872,738368.0809235306,4.181190378731117,1.3165013376856223,7.786419291398488,3.0138346053427085
68873,738368.0818045489,4.181190378731117,1.3165013376856223,7.786419291398488,3.0138346053427085
68874,738368.084018307,4.181190378731117,1.3165013376856223,7.786419291398488,3.0138346053427085
68875,738368.0892285196,4.181190378731117,1.3165013376856223,7.786419291398488,3.0138346053427085
68876,738368.1008030054,4.181190378731117,1.3165013376856223,7.786419291398488,3.0138346053427085
68877,738368.1019641969,4.181190378731117,1.3165013376856223,7.786419291398488,3.0138346053427085
68878,738368.1022146291,4.181190378731117,1.3165013376856223,7.786419291398488,3.0138346053427085
68879,738368.1141914754,4.181190378731117,1.3165013376856223,7.786419291398488,3.0138346053427085
68881,738368.1294730905,4.181190378731117,1.3165013376856223,7.786419291398488,3.0138346053427085
68885,738368.1515850928,4.181190378731117,1.3165013376856223,7.786419291398488,3.0138346053427085
68886,738368.1554528243,4.181190378731117,1.3165013376856223,7.786419291398488,3.0138346053427085
68888,738368.170176645,4.181190378731117,1.3165013376856223,7.786419291398488,3.0138346053427085
68889,738368.194861748,4.181190378731117,1.01808008516673,7.786419291398488,3.0138346053427085
68893,738368.2450359983,4.181190378731117,1.01808008516673,7.786419291398488,3.0138346053427085
68896,738368.2551232146,4.181190378731117,1.01808008516673,7.786419291398488,3.0138346053427085
68899,738368.2859067898,4.181190378731117,1.01808008516673,7.786419291398488,3.0138346053427085
68900,738368.2939705449,4.181190378731117,1.3165013376856223,7.786419291398488,3.0138346053427085
68901,738368.2972783896,4.181190378731117,1.3165013376856223,7.786419291398488,3.0138346053427085
68904,738368.3404866627,4.181190378731117,1.3165013376856223,7.786419291398488,3.0138346053427085
68916,738368.4803917669,2.944563511526212,1.3165013376856223,3.571081906557083,3.0138346053427085
68922,738368.6280225145,2.944563511526212,1.3165013376856223,3.571081906557083,3.0138346053427085
68927,738368.6810902028,2.944563511526212,1.3165013376856223,3.571081906557083,3.0138346053427085
68928,738368.7263197358,2.944563511526212,1.3165013376856223,3.571081906557083,3.0138346053427085
68929,738368.7403113317,4.181190378731117,1.3165013376856223,7.786419291398488,3.0138346053427085
68935,738368.8244559747,4.181190378731117,1.3165013376856223,7.786419291398488,3.0138346053427085
68941,738368.9674553762,4.181190378731117,1.3165013376856223,7.786419291398488,3.0138346053427085
68942,738368.9996173594,4.181190378731117,1.3165013376856223,7.786419291398488,3.0138346053427085
68943,738369.0149316125,4.181190378731117,1.3165013376856223,7.786419291398488,3.0138346053427085
68944,738369.0164621818,4.181190378731117,1.3165013376856223,7.786419291398488,3.0138346053427085
68945,738369.0187885582,4.181190378731117,1.3165013376856223,7.786419291398488,3.0138346053427085
68946,738369.0204626689,4.181190378731117,1.3165013376856223,7.786419291398488,3.0138346053427085
68949,738369.0323849192,4.181190378731117,1.3165013376856223,7.786419291398488,3.0138346053427085
68951,738369.0484472023,4.181190378731117,1.3165013376856223,7.786419291398488,3.0138346053427085
68952,738369.056885514,4.181190378731117,1.3165013376856223,7.786419291398488,3.0138346053427085
68953,738369.0596651906,4.181190378731117,1.3165013376856223,7.786419291398488,3.0138346053427085
68954,738369.0642243584,4.181190378731117,1.3165013376856223,7.786419291398488,3.0138346053427085
68955,738369.0668641183,4.181190378731117,1.3165013376856223,7.786419291398488,3.0138346053427085
68956,738369.0718634457,4.181190378731117,1.3165013376856223,7.786419291398488,3.0138346053427085
68957,738369.0791526939,4.181190378731117,1.3165013376856223,7.786419291398488,3.0138346053427085
68958,738369.0849357521,4.181190378731117,1.3165013376856223,7.786419291398488,3.0138346053427085
68959,738369.0981372696,4.181190378731117,1.3165013376856223,7.786419291398488,3.0138346053427085
68960,738369.1082767309,4.181190378731117,1.3165013376856223,7.786419291398488,3.0138346053427085
68961,738369.1196300237,4.181190378731117,1.3165013376856223,7.786419291398488,3.0138346053427085
68962,738369.1594985004,4.181190378731117,1.3165013376856223,7.786419291398488,3.0138346053427085
68964,738369.1703955431,4.181190378731117,1.3165013376856223,7.786419291398488,3.0138346053427085
68965,738369.2007140826,4.181190378731117,1.3165013376856223,7.786419291398488,3.0138346053427085
68966,738369.2086566298,4.181190378731117,1.3165013376856223,7.786419291398488,3.0138346053427085
68967,738369.2252805379,4.181190378731117,1.3165013376856223,7.786419291398488,3.0138346053427085
68968,738369.2284847068,4.181190378731117,1.3165013376856223,7.786419291398488,3.0138346053427085
68969,738369.2345911314,4.181190378731117,1.3165013376856223,7.786419291398488,3.0138346053427085
68975,738369.3446849635,4.181190378731117,1.3165013376856223,7.786419291398488,3.0138346053427085
68980,738369.3819638016,4.181190378731117,1.3165013376856223,7.786419291398488,3.0138346053427085
68986,738369.4292891433,4.181190378731117,1.3165013376856223,7.786419291398488,3.0138346053427085
68992,738369.5076332144,4.181190378731117,1.3165013376856223,7.786419291398488,3.0138346053427085
68993,738369.5277575377,5.452833186136559,3.573863707482815,5.452833186136559,12.133607592550106
68997,738369.5701539505,5.452833186136559,3.573863707482815,5.452833186136559,12.133607592550106
68999,738369.6405031466,4.181190378731117,1.3165013376856223,7.786419291398488,3.0138346053427085
69002,738369.7662864035,4.181190378731117,1.3165013376856223,7.786419291398488,3.0138346053427085
69003,738369.7667069167,4.181190378731117,1.3165013376856223,7.786419291398488,3.0138346053427085
69004,738369.7690859636,4.181190378731117,1.3165013376856223,7.786419291398488,3.0138346053427085
69005,738369.7713935038,4.181190378731117,1.3165013376856223,7.786419291398488,3.0138346053427085
69006,738369.7888231024,4.181190378731117,1.3165013376856223,7.786419291398488,3.0138346053427085
69007,738369.8033376299,4.181190378731117,1.3165013376856223,7.786419291398488,3.0138346053427085
69008,738369.8232130862,4.181190378731117,1.3165013376856223,7.786419291398488,3.0138346053427085
69009,738369.8324388692,4.181190378731117,1.3165013376856223,7.786419291398488,3.0138346053427085
69011,738369.8690427585,4.181190378731117,1.3165013376856223,7.786419291398488,3.0138346053427085
69014,738369.8865127056,4.181190378731117,1.3165013376856223,7.786419291398488,3.0138346053427085
69019,738369.9938369053,4.181190378731117,1.3165013376856223,7.786419291398488,3.0138346053427085
69020,738370.0078775616,9.290508445701562,4.846658802591264,11.128919759765267,6.416962854331359
69021,738370.0084542844,9.290508445701562,4.846658802591264,11.128919759765267,6.416962854331359
69024,738370.0506554804,9.290508445701562,4.846658802591264,11.128919759765267,6.416962854331359
69025,738370.0887975798,9.290508445701562,4.846658802591264,11.128919759765267,6.416962854331359
69030,738370.123564295,9.290508445701562,4.846658802591264,11.128919759765267,6.416962854331359
69035,738370.166980844,9.290508445701562,4.846658802591264,11.128919759765267,6.416962854331359
69037,738370.1862718179,9.290508445701562,4.846658802591264,11.128919759765267,6.416962854331359
69039,738370.2633585135,9.290508445701562,4.846658802591264,11.128919759765267,6.416962854331359
69051,738370.4374400419,9.290508445701562,4.846658802591264,11.128919759765267,6.416962854331359
69052,738370.4506460382,4.181190378731117,1.01808008516673,7.786419291398488,3.0138346053427085
69053,738370.4696367831,4.181190378731117,1.01808008516673,7.786419291398488,3.0138346053427085
69056,738370.5168424076,4.181190378731117,1.01808008516673,7.786419291398488,3.0138346053427085
69061,738370.6278789,4.181190378731117,1.01808008516673,7.786419291398488,3.0138346053427085
69062,738370.6506649371,4.181190378731117,1.01808008516673,7.786419291398488,3.0138346053427085
69063,738370.6588130349,4.181190378731117,1.01808008516673,7.786419291398488,3.0138346053427085
69064,738370.6710961969,4.181190378731117,1.01808008516673,7.786419291398488,3.0138346053427085
69069,738370.8148085345,4.181190378731117,1.01808008516673,7.786419291398488,3.0138346053427085
69070,738370.83267562,4.181190378731117,1.01808008516673,7.786419291398488,3.0138346053427085
69071,738370.8385878382,4.181190378731117,1.01808008516673,7.786419291398488,3.0138346053427085
69078,738370.9307945401,4.181190378731117,1.3165013376856223,7.786419291398488,3.0138346053427085
69077,738370.9308086768,1.3165013376856223,1.3165013376856223,3.571081906557083,3.0138346053427085
69080,738371.0428289456,1.3165013376856223,1.3165013376856223,3.571081906557083,3.0138346053427085
69081,738371.0462257259,1.3165013376856223,1.3165013376856223,3.571081906557083,3.0138346053427085
69082,738371.0587916604,1.3165013376856223,1.3165013376856223,3.571081906557083,3.0138346053427085
69089,738371.262818254,1.3165013376856223,1.3165013376856223,3.571081906557083,3.0138346053427085
69092,738371.302768215,1.3165013376856223,1.3165013376856223,3.571081906557083,3.0138346053427085
69103,738371.4383559775,1.3165013376856223,1.3165013376856223,3.571081906557083,3.0138346053427085
69104,738371.449747322,0.8155327532440424,1.3165013376856223,7.786419291398488,3.0138346053427085
69105,738371.4515863771,0.8155327532440424,1.3165013376856223,7.786419291398488,3.0138346053427085
69110,738371.5340750144,0.8155327532440424,1.3165013376856223,7.786419291398488,2.8853729215916246
69112,738371.5523912867,0.8155327532440424,1.01808008516673,7.786419291398488,2.8853729215916246
69116,738371.6754368534,0.8155327532440424,1.01808008516673,7.786419291398488,2.8853729215916246
69130,738372.0549647184,0.8155327532440424,1.01808008516673,7.786419291398488,2.8853729215916246
69132,738372.1704962928,0.8155327532440424,1.01808008516673,7.786419291398488,2.8853729215916246
69140,738372.3177712333,0.8155327532440424,1.01808008516673,7.786419291398488,2.8853729215916246
69141,738372.3537668369,2.944563511526212,0.8155327532440424,3.571081906557083,2.8853729215916246
69150,738372.4040833549,2.944563511526212,0.8155327532440424,3.571081906557083,2.8853729215916246
69153,738372.454410275,0.9020189882721752,0.8155327532440424,7.786419291398488,2.8853729215916246
69162,738372.7086040283,0.9020189882721752,0.8155327532440424,7.786419291398488,2.8853729215916246
69164,738372.7224927042,0.9020189882721752,0.8155327532440424,7.786419291398488,2.8853729215916246
69165,738372.7921128115,0.9020189882721752,0.8155327532440424,7.786419291398488,2.8853729215916246
69168,738372.911611074,0.9020189882721752,0.8155327532440424,7.786419291398488,2.8853729215916246
69171,738372.9793961815,0.9020189882721752,0.8155327532440424,7.786419291398488,2.8853729215916246
69173,738373.018035662,0.9020189882721752,0.8155327532440424,7.786419291398488,2.8853729215916246
69174,738373.0212203095,0.9020189882721752,0.8155327532440424,7.786419291398488,2.8853729215916246
69179,738373.1008899213,0.9020189882721752,0.8155327532440424,7.786419291398488,2.8853729215916246
69191,738373.334520284,0.9020189882721752,0.8801100089913234,7.786419291398488,2.8853729215916246
69195,738373.4003644439,2.944563511526212,0.8801100089913234,3.5311666334746405,3.5311666334746405
69201,738373.4630723033,2.944563511526212,0.8801100089913234,3.5311666334746405,3.5311666334746405
69203,738373.5140056052,2.944563511526212,0.8801100089913234,3.5311666334746405,3.5311666334746405
69218,738373.9910781361,2.944563511526212,0.8801100089913234,3.571081906557083,2.8853729215916246
69219,738373.999344694,2.944563511526212,0.8801100089913234,3.571081906557083,2.8853729215916246
69220,738374.0125014376,4.004623875953257,4.004623875953257,9.290508445701562,6.416962854331359
69222,738374.0727557115,4.004623875953257,4.004623875953257,9.290508445701562,6.416962854331359
69223,738374.0739846156,4.004623875953257,4.004623875953257,9.290508445701562,6.416962854331359
69232,738374.3902060532,4.004623875953257,4.004623875953257,9.290508445701562,6.416962854331359
69234,738374.4171751934,4.004623875953257,4.004623875953257,9.290508445701562,6.416962854331359
69235,738374.4216274208,4.004623875953257,4.004623875953257,9.290508445701562,6.416962854331359
69236,738374.428650237,4.004623875953257,4.004623875953257,9.290508445701562,6.416962854331359
69238,738374.6925067297,1.3579864457715303,0.8801100089913234,7.786419291398488,1.3165013376856223
69242,738374.8004970662,1.3579864457715303,0.8801100089913234,7.786419291398488,1.3165013376856223
69252,738375.0904247236,1.3579864457715303,0.8801100089913234,7.786419291398488,1.3165013376856223
69264,738375.3452721935,1.3579864457715303,0.8801100089913234,7.786419291398488,1.3165013376856223
69274,738375.4291257644,1.3579864457715303,0.8801100089913234,7.786419291398488,1.3165013376856223
69289,738375.7798151487,5.771937587065622,4.004623875953257,5.771937587065622,6.416962854331359
69294,738375.8387063318,1.3579864457715303,0.8801100089913234,7.786419291398488,1.3165013376856223
69300,738375.9609044435,1.3579864457715303,0.8801100089913234,7.786419291398488,1.3165013376856223
69303,738376.0946179753,1.3579864457715303,0.8801100089913234,7.786419291398488,1.3165013376856223
69304,738376.1237762929,1.3579864457715303,0.8801100089913234,7.786419291398488,1.3165013376856223
69305,738376.1930558695,1.3579864457715303,0.8801100089913234,7.786419291398488,1.3165013376856223
69306,738376.2102787897,1.3579864457715303,0.8801100089913234,7.786419291398488,1.3165013376856223
69326,738376.6424507964,0.8801100089913234,0.8801100089913234,1.3165013376856223,1.01808008516673
69328,738376.6477086773,1.3579864457715303,0.8801100089913234,7.786419291398488,1.3165013376856223
69332,738376.731881513,1.3579864457715303,0.8801100089913234,7.786419291398488,1.3165013376856223
69333,738376.738915303,1.3579864457715303,0.8801100089913234,7.786419291398488,1.3165013376856223
69336,738376.8284215992,1.3579864457715303,0.8801100089913234,7.786419291398488,1.3165013376856223
69337,738376.8561087217,1.3579864457715303,0.8801100089913234,7.786419291398488,1.3165013376856223
69343,738376.9100403338,1.3579864457715303,0.8801100089913234,7.786419291398488,1.3165013376856223
69344,738376.9302035696,1.3579864457715303,0.8801100089913234,7.786419291398488,1.3165013376856223
69345,738376.9514547891,1.3579864457715303,0.8801100089913234,7.786419291398488,1.3165013376856223
69356,738377.1668941077,10.342034720233642,0.9020189882721752,10.483403715188615,7.786419291398488
69385,738377.9085208102,4.443849643110298,4.004623875953257,4.846658802591264,6.416962854331359
69387,738377.9821457141,4.443849643110298,4.004623875953257,4.846658802591264,6.416962854331359
69391,738378.0256124147,1.3579864457715303,0.8801100089913234,7.786419291398488,1.3165013376856223
69400,738378.1481734259,1.3579864457715303,0.8801100089913234,7.786419291398488,1.3165013376856223
69431,738378.8629702089,1.3579864457715303,0.8801100089913234,7.786419291398488,1.3165013376856223
69433,738378.9609663603,1.3579864457715303,0.8801100089913234,7.786419291398488,1.3165013376856223
69446,738379.4587514127,1.3579864457715303,0.8801100089913234,7.786419291398488,1.3165013376856223
69454,738379.6708468236,1.3579864457715303,0.8801100089913234,7.786419291398488,1.3165013376856223
69458,738379.7002797861,1.3579864457715303,0.8801100089913234,7.786419291398488,1.3165013376856223
69460,738379.7968220653,1.3579864457715303,0.8801100089913234,7.786419291398488,1.3165013376856223
69461,738379.8177356767,1.3579864457715303,0.8801100089913234,7.786419291398488,1.3165013376856223
69464,738379.9096181196,1.3579864457715303,0.8801100089913234,7.786419291398488,1.3165013376856223
69474,738380.1602355046,2.1346230899216607,2.1346230899216607,4.181190378731117,2.1346230899216607
69475,738380.1610967745,2.1346230899216607,2.1346230899216607,4.181190378731117,2.1346230899216607
69476,738380.1621164571,2.1346230899216607,2.1346230899216607,4.181190378731117,2.1346230899216607
69477,738380.1627817767,2.1346230899216607,2.1346230899216607,4.181190378731117,2.1346230899216607
69479,738380.1736621537,2.1346230899216607,2.1346230899216607,4.181190378731117,2.1346230899216607
69480,738380.1797136647,2.1346230899216607,2.1346230899216607,4.181190378731117,2.1346230899216607
69481,738380.1841743425,2.1346230899216607,2.1346230899216607,4.181190378731117,2.1346230899216607
69482,738380.1848984389,2.1346230899216607,2.1346230899216607,4.181190378731117,2.1346230899216607
69484,738380.1979866725,2.1346230899216607,2.1346230899216607,4.181190378731117,2.1346230899216607
69487,738380.2651526466,2.1346230899216607,2.1346230899216607,4.181190378731117,2.1346230899216607
69491,738380.3283273691,2.1346230899216607,2.1346230899216607,4.181190378731117,2.1346230899216607
69492,738380.3456327613,2.1346230899216607,2.1346230899216607,4.181190378731117,2.1346230899216607
69494,738380.359669444,2.1346230899216607,2.1346230899216607,4.181190378731117,2.1346230899216607
69501,738380.5138929245,2.1346230899216607,2.1346230899216607,4.181190378731117,2.1346230899216607
69503,738380.5179174995,2.1346230899216607,2.1346230899216607,4.181190378731117,2.1346230899216607
69504,738380.5310296827,2.1346230899216607,2.1346230899216607,4.181190378731117,2.1346230899216607
69509,738380.7534156388,2.1346230899216607,2.1346230899216607,4.181190378731117,2.1346230899216607
69511,738380.7737477291,2.1346230899216607,2.1346230899216607,4.181190378731117,2.1346230899216607
69512,738380.7794436945,4.136992898071185,2.1346230899216607,5.088300537201576,2.1346230899216607
69514,738380.8240437213,4.136992898071185,2.1346230899216607,5.088300537201576,2.1346230899216607
69518,738380.9261059298,2.1346230899216607,2.1346230899216607,4.181190378731117,2.1346230899216607
69523,738380.9882379099,2.1346230899216607,2.1346230899216607,4.181190378731117,2.1346230899216607
69527,738381.1515705078,2.1346230899216607,2.1346230899216607,4.181190378731117,2.1346230899216607
69528,738381.2066924148,2.1346230899216607,2.1346230899216607,4.181190378731117,2.1346230899216607
69532,738381.2578367958,2.1346230899216607,2.1346230899216607,4.181190378731117,2.1346230899216607
69533,738381.2697403298,2.1346230899216607,2.1346230899216607,4.181190378731117,2.1346230899216607
69536,738381.4292552037,2.1346230899216607,2.1346230899216607,4.181190378731117,2.1346230899216607
69544,738381.7119621114,2.1346230899216607,2.1346230899216607,4.181190378731117,2.1346230899216607
69546,738381.8019976603,2.1346230899216607,2.1346230899216607,4.181190378731117,2.1346230899216607
69554,738382.0366045462,2.1346230899216607,2.1346230899216607,4.181190378731117,2.1346230899216607
69555,738382.0931820159,2.1346230899216607,2.1346230899216607,4.181190378731117,2.1346230899216607
69574,738382.5156893133,2.1346230899216607,2.1346230899216607,4.181190378731117,2.1346230899216607
69581,738382.8138705373,2.1346230899216607,2.1346230899216607,4.181190378731117,2.1346230899216607
69585,738382.9586061725,2.1346230899216607,2.1346230899216607,4.181190378731117,2.1346230899216607
69594,738383.0882477354,2.1346230899216607,2.1346230899216607,4.181190378731117,2.1346230899216607
69595,738383.1409254378,2.1346230899216607,2.1346230899216607,4.181190378731117,2.1346230899216607
69597,738383.1662633109,2.1346230899216607,2.1346230899216607,4.181190378731117,2.1346230899216607
69624,738383.8704980105,2.1346230899216607,2.1346230899216607,4.181190378731117,2.1346230899216607
69625,738383.892149471,2.1346230899216607,2.1346230899216607,4.181190378731117,2.1346230899216607
69626,738383.8926700684,2.1346230899216607,2.1346230899216607,4.181190378731117,2.1346230899216607
69628,738383.9327857998,2.1346230899216607,2.1346230899216607,4.181190378731117,2.1346230899216607
69629,738383.9346839673,2.1346230899216607,2.1346230899216607,4.181190378731117,2.1346230899216607
69630,738383.9482740281,2.1346230899216607,2.1346230899216607,4.181190378731117,2.1346230899216607
69632,738383.9735221025,2.1346230899216607,2.1346230899216607,4.181190378731117,2.1346230899216607
69635,738384.0082909422,2.1346230899216607,2.1346230899216607,4.181190378731117,2.1346230899216607
69636,738384.0266083083,2.1346230899216607,2.1346230899216607,4.181190378731117,2.1346230899216607
69637,738384.0269448103,2.1346230899216607,2.1346230899216607,4.181190378731117,2.1346230899216607
69642,738384.068173094,2.1346230899216607,2.1346230899216607,4.181190378731117,2.1346230899216607
69644,738384.0786743358,2.1346230899216607,2.1346230899216607,4.181190378731117,2.1346230899216607
69645,738384.0809969781,2.1346230899216607,2.1346230899216607,4.181190378731117,2.1346230899216607
69646,738384.105417622,2.1346230899216607,2.1346230899216607,4.181190378731117,2.1346230899216607
69647,738384.1063299434,2.1346230899216607,2.1346230899216607,4.181190378731117,2.1346230899216607
69656,738384.3657385388,2.1346230899216607,2.1346230899216607,4.181190378731117,2.1346230899216607
69676,738384.6336298737,2.1346230899216607,2.1346230899216607,4.181190378731117,2.1346230899216607
69679,738384.7263210053,2.1346230899216607,2.1346230899216607,4.181190378731117,2.1346230899216607
69682,738384.8099912413,2.1346230899216607,2.1346230899216607,4.181190378731117,2.1346230899216607
69683,738384.8458761574,2.1346230899216607,2.1346230899216607,4.181190378731117,2.1346230899216607
69684,738384.8969445103,2.1346230899216607,2.1346230899216607,4.181190378731117,2.1346230899216607
69685,738384.8998687188,2.1346230899216607,2.1346230899216607,4.181190378731117,2.1346230899216607
69686,738384.9494615755,2.1346230899216607,2.1346230899216607,4.181190378731117,2.1346230899216607
69692,738385.1505858246,2.1346230899216607,2.1346230899216607,4.181190378731117,2.1346230899216607
69703,738385.4137834134,2.1346230899216607,2.1346230899216607,4.181190378731117,2.1346230899216607
69705,738385.5457263336,2.1346230899216607,2.1346230899216607,4.181190378731117,2.1346230899216607
69706,738385.5610130517,2.1346230899216607,2.1346230899216607,4.181190378731117,2.1346230899216607
69708,738385.7357420943,2.1346230899216607,2.1346230899216607,4.181190378731117,2.1346230899216607
69711,738385.9089349022,2.1346230899216607,2.1346230899216607,4.181190378731117,2.1346230899216607
69714,738386.0714975003,2.1346230899216607,2.1346230899216607,4.181190378731117,2.1346230899216607
69717,738386.1436356832,2.1346230899216607,2.1346230899216607,4.181190378731117,2.1346230899216607
69721,738386.2354171744,2.1346230899216607,2.1346230899216607,4.181190378731117,2.1346230899216607
69740,738386.492448114,8.583927303785458,8.583927303785458,9.290508445701562,8.583927303785458
69743,738386.6896795528,8.583927303785458,8.583927303785458,9.290508445701562,8.583927303785458
69749,738386.9933799618,8.583927303785458,8.583927303785458,9.290508445701562,8.583927303785458
69761,738387.2942993501,8.583927303785458,8.583927303785458,9.290508445701562,8.583927303785458
69763,738387.3233893816,10.156495273928158,2.1346230899216607,10.364958980469964,2.1346230899216607
69765,738387.3323669201,10.156495273928158,2.1346230899216607,10.364958980469964,2.1346230899216607
69766,738387.3422203418,8.583927303785458,8.583927303785458,8.583927303785458,8.583927303785458
69774,738387.4653124681,8.583927303785458,8.583927303785458,8.583927303785458,8.583927303785458
69796,738387.9514130158,8.583927303785458,8.583927303785458,8.583927303785458,8.583927303785458
69811,738388.2274710445,8.583927303785458,8.583927303785458,8.583927303785458,8.583927303785458
69824,738388.7063763735,8.583927303785458,8.583927303785458,8.583927303785458,8.583927303785458
69834,738388.8765928837,2.9676579815568402,2.1346230899216607,2.9676579815568402,2.1346230899216607
69876,738389.8016792666,2.45945892482996,8.583927303785458,12.479946676408872,8.583927303785458
69884,738390.0242775225,2.45945892482996,8.583927303785458,12.479946676408872,8.583927303785458
69892,738390.1663566872,2.45945892482996,8.583927303785458,12.479946676408872,8.583927303785458
69929,738390.8419980794,2.45945892482996,8.583927303785458,12.479946676408872,8.583927303785458
69957,738391.437545149,2.45945892482996,8.583927303785458,12.479946676408872,8.583927303785458
69961,738391.5640547334,2.45945892482996,8.583927303785458,12.479946676408872,8.583927303785458
69983,738392.2912540192,3.4146611355245113,3.4146611355245113,3.4146611355245113,3.4146611355245113
69984,738392.3040791242,3.4146611355245113,3.4146611355245113,3.4146611355245113,3.4146611355245113
69987,738392.3607012072,3.4146611355245113,3.4146611355245113,3.4146611355245113,3.4146611355245113
69998,738392.551802781,9.414868571446277,2.489574752631597,9.414868571446277,2.489574752631597
69999,738392.5650502046,9.414868571446277,2.489574752631597,9.414868571446277,2.489574752631597
70020,738393.5673692492,9.414868571446277,2.489574752631597,9.414868571446277,2.489574752631597
70026,738393.8537893371,9.414868571446277,2.489574752631597,9.414868571446277,2.489574752631597
70037,738394.3677331877,9.414868571446277,2.489574752631597,9.414868571446277,2.489574752631597
70070,738394.9837677486,9.414868571446277,2.489574752631597,9.414868571446277,2.489574752631597
70071,738394.9908178573,9.414868571446277,2.489574752631597,9.414868571446277,2.489574752631597
70082,738395.3113245795,3.4146611355245113,3.4146611355245113,3.4146611355245113,3.4146611355245113
70083,738395.3158678609,3.4146611355245113,3.4146611355245113,3.4146611355245113,3.4146611355245113
70084,738395.3176675679,3.4146611355245113,3.4146611355245113,3.4146611355245113,3.4146611355245113
70088,738395.3854688656,3.4146611355245113,3.4146611355245113,3.4146611355245113,3.4146611355245113
70095,738395.582792636,3.4146611355245113,3.4146611355245113,3.4146611355245113,3.4146611355245113
70097,738395.6091493078,3.4146611355245113,3.4146611355245113,3.4146611355245113,3.4146611355245113
70107,738395.7847708699,3.4146611355245113,3.4146611355245113,3.4146611355245113,3.4146611355245113
70109,738395.8039838035,3.4146611355245113,3.4146611355245113,3.4146611355245113,3.4146611355245113
70110,738395.8159402226,3.4146611355245113,3.4146611355245113,3.4146611355245113,3.4146611355245113
70117,738395.914138821,3.4146611355245113,3.4146611355245113,3.4146611355245113,3.4146611355245113
70129,738396.330160978,9.00677159638144,3.4146611355245113,10.156495273928158,3.4146611355245113
70148,738396.7699513326,9.00677159638144,3.4146611355245113,10.156495273928158,3.4146611355245113
70182,738397.7820990871,9.00677159638144,3.4146611355245113,10.156495273928158,3.4146611355245113
70183,738397.7845654711,9.00677159638144,3.4146611355245113,10.156495273928158,3.4146611355245113
70187,738397.8921723649,9.00677159638144,3.4146611355245113,10.156495273928158,3.4146611355245113
70189,738397.945120717,3.4146611355245113,3.4146611355245113,3.4146611355245113,3.4146611355245113
70201,738398.1399488725,3.4146611355245113,3.4146611355245113,3.4146611355245113,3.4146611355245113
70207,738398.2918073385,3.4146611355245113,3.4146611355245113,3.4146611355245113,3.4146611355245113
70208,738398.3138267046,3.4146611355245113,3.4146611355245113,3.4146611355245113,3.4146611355245113
70238,738398.8366053844,3.4146611355245113,3.4146611355245113,3.4146611355245113,3.4146611355245113
70272,738399.48183409,3.4146611355245113,3.4146611355245113,3.4146611355245113,3.4146611355245113
70287,738399.7491584008,3.4146611355245113,3.4146611355245113,3.4146611355245113,3.4146611355245113
70293,738399.8203927191,3.4146611355245113,3.4146611355245113,3.4146611355245113,3.4146611355245113
70322,738399.9528103368,3.4146611355245113,3.4146611355245113,3.4146611355245113,3.4146611355245113
70328,738399.9891063276,3.4146611355245113,3.4146611355245113,3.4146611355245113,3.4146611355245113
70331,738400.0167628481,7.464960067183711,2.7595217985799536,9.414868571446277,2.7595217985799536
70334,738400.031948994,7.464960067183711,2.7595217985799536,9.414868571446277,2.7595217985799536
70336,738400.0359029043,7.464960067183711,2.7595217985799536,9.414868571446277,2.7595217985799536
70337,738400.0399192456,7.464960067183711,2.7595217985799536,9.414868571446277,2.7595217985799536
70348,738400.0753704823,7.464960067183711,2.7595217985799536,9.414868571446277,2.7595217985799536
70352,738400.0883641866,7.464960067183711,2.7595217985799536,9.414868571446277,2.7595217985799536
70362,738400.1274276467,2.7595217985799536,3.4146611355245113,19.347983952146024,3.4146611355245113
70387,738400.3592069912,2.7595217985799536,7.464960067183711,2.7595217985799536,9.414868571446277
70388,738400.3602050162,2.7595217985799536,7.464960067183711,24.57939184247516,9.414868571446277
70392,738400.3773937995,2.7595217985799536,7.464960067183711,24.57939184247516,9.414868571446277
70399,738400.414796797,2.7595217985799536,7.464960067183711,24.57939184247516,9.414868571446277
70400,738400.4238283659,2.7595217985799536,7.464960067183711,24.57939184247516,9.414868571446277
70407,738400.5599779264,3.4146611355245113,3.4146611355245113,3.4146611355245113,3.4146611355245113
70416,738400.7435912056,3.4146611355245113,3.4146611355245113,3.4146611355245113,3.4146611355245113
70421,738400.9371988097,3.4146611355245113,3.4146611355245113,3.4146611355245113,3.4146611355245113
70422,738400.9735228696,3.4146611355245113,3.4146611355245113,3.4146611355245113,3.4146611355245113
70434,738401.3271236484,2.7595217985799536,7.464960067183711,2.7595217985799536,9.433699531597085
70460,738401.8865818023,2.7595217985799536,7.464960067183711,2.7595217985799536,9.433699531597085
70466,738401.9968752927,2.7595217985799536,7.464960067183711,2.7595217985799536,9.433699531597085
70482,738402.7475404997,2.7595217985799536,7.464960067183711,2.7595217985799536,9.433699531597085
70486,738402.9856660618,2.7595217985799536,7.464960067183711,2.7595217985799536,9.433699531597085
70488,738403.0498535963,2.7595217985799536,7.464960067183711,2.7595217985799536,9.433699531597085
70504,738403.1971186954,3.4146611355245113,3.4146611355245113,3.4146611355245113,3.4146611355245113
70507,738403.3371616949,3.4146611355245113,3.4146611355245113,3.4146611355245113,3.4146611355245113
70524,738403.7801093686,3.4146611355245113,3.4146611355245113,3.4146611355245113,3.4146611355245113
70549,738404.7169041893,3.4146611355245113,3.4146611355245113,3.4146611355245113,3.4146611355245113
70553,738404.8291363317,2.7595217985799536,4.7017086850246415,24.049692637170665,19.347983952146024
70562,738405.1051996435,5.088436795398593,2.7595217985799536,9.414868571446277,2.7595217985799536
70564,738405.1136534123,3.0200705602765083,2.7595217985799536,3.4146611355245113,3.4146611355245113
70569,738405.2626185026,3.0200705602765083,2.7595217985799536,3.4146611355245113,3.4146611355245113
70570,738405.3181615671,3.0200705602765083,2.7595217985799536,3.4146611355245113,3.4146611355245113
70581,738405.4943987398,3.0200705602765083,2.7595217985799536,3.4146611355245113,3.4146611355245113
70583,738405.5849887822,3.0200705602765083,2.7595217985799536,3.4146611355245113,3.4146611355245113
70594,738405.9795225326,5.088436795398593,2.7595217985799536,10.156495273928158,3.4146611355245113
70598,738406.0830343404,3.0200705602765083,2.7595217985799536,3.4146611355245113,3.4146611355245113
70602,738406.1238522149,3.0200705602765083,2.7595217985799536,3.4146611355245113,3.4146611355245113
70615,738406.4076162858,3.0200705602765083,2.7595217985799536,3.4146611355245113,3.4146611355245113
70616,738406.4134737849,3.0200705602765083,2.7595217985799536,3.4146611355245113,3.4146611355245113
70629,738406.8732693862,3.0200705602765083,2.7595217985799536,3.4146611355245113,3.4146611355245113
70630,738406.8850683189,3.0200705602765083,2.7595217985799536,3.4146611355245113,3.4146611355245113
70637,738407.0649071725,3.0200705602765083,2.7595217985799536,3.4146611355245113,3.4146611355245113
70640,738407.1364135674,3.0200705602765083,2.7595217985799536,3.4146611355245113,3.4146611355245113
70647,738407.3198172707,2.7595217985799536,2.7595217985799536,3.4146611355245113,3.4146611355245113
70649,738407.3250586444,2.7595217985799536,2.7595217985799536,3.4146611355245113,3.4146611355245113
70650,738407.3399519494,2.7595217985799536,2.7595217985799536,3.4146611355245113,3.4146611355245113
70672,738407.5992836138,5.088436795398593,2.6371407689293846,9.414868571446277,3.4146611355245113
70673,738407.6053749416,5.088436795398593,2.6371407689293846,9.414868571446277,3.4146611355245113
70674,738407.6722847619,2.7595217985799536,2.6371407689293846,3.4146611355245113,3.4146611355245113
70678,738407.7782530385,2.7595217985799536,2.6371407689293846,3.4146611355245113,3.4146611355245113
70685,738407.8913509577,2.7595217985799536,2.6371407689293846,3.4146611355245113,3.4146611355245113
70687,738407.9264644139,2.7595217985799536,2.6371407689293846,3.4146611355245113,3.4146611355245113
70697,738408.198365036,2.7595217985799536,2.6371407689293846,3.4146611355245113,3.4146611355245113
70731,738408.7730535843,2.7595217985799536,2.6371407689293846,3.4146611355245113,3.4146611355245113
70744,738409.0437121188,2.7595217985799536,2.6371407689293846,3.4146611355245113,3.4146611355245113
70745,738409.0444898349,2.7595217985799536,2.6371407689293846,3.4146611355245113,3.4146611355245113
70746,738409.0937212956,2.7595217985799536,2.6371407689293846,3.4146611355245113,3.4146611355245113
70748,738409.1046000915,2.6371407689293846,2.6371407689293846,3.4146611355245113,3.4146611355245113
70751,738409.1505593791,2.6371407689293846,2.6371407689293846,3.4146611355245113,3.4146611355245113
70755,738409.2373319042,2.6371407689293846,2.6371407689293846,3.4146611355245113,3.4146611355245113
70837,738409.9901656187,2.6371407689293846,2.6371407689293846,3.4146611355245113,3.4146611355245113
70839,738410.1917982401,2.6371407689293846,2.6371407689293846,3.4146611355245113,3.4146611355245113
70862,738410.8027460417,8.775038665509783,2.6371407689293846,9.00677159638144,3.4146611355245113
70866,738411.0362538105,5.088436795398593,2.6371407689293846,5.209582439158112,2.7595217985799536
70874,738411.1372589873,8.775038665509783,2.6371407689293846,9.00677159638144,3.4146611355245113
70890,738411.3889892411,8.775038665509783,2.6371407689293846,9.00677159638144,3.4146611355245113
70903,738411.7042211712,8.775038665509783,2.6371407689293846,9.00677159638144,3.4146611355245113
70909,738411.8906601233,2.6371407689293846,2.6371407689293846,3.4146611355245113,3.4146611355245113
70934,738412.4583074582,2.6371407689293846,2.6371407689293846,3.4146611355245113,3.4146611355245113
70937,738412.5731480292,2.6371407689293846,2.6371407689293846,3.4146611355245113,3.4146611355245113
70944,738412.7023033146,2.786060031852685,2.6371407689293846,3.4146611355245113,3.4146611355245113
70949,738412.8869142922,2.786060031852685,2.6371407689293846,3.4146611355245113,3.4146611355245113
70951,738412.9535184605,2.786060031852685,2.6371407689293846,3.4146611355245113,3.4146611355245113
70952,738412.9728897343,2.786060031852685,2.6371407689293846,3.4146611355245113,3.4146611355245113
70955,738413.0357558758,5.088436795398593,3.7780759951565415,7.464960067183711,3.778358197072521
70956,738413.0362007119,2.786060031852685,2.6371407689293846,3.4146611355245113,3.4146611355245113
70957,738413.0395689897,2.786060031852685,2.6371407689293846,3.4146611355245113,3.4146611355245113
70966,738413.1535324531,2.786060031852685,2.6371407689293846,3.4146611355245113,3.4146611355245113
70988,738413.3784779344,2.786060031852685,2.6371407689293846,3.4146611355245113,3.4146611355245113
70991,738413.3978927005,5.088436795398593,2.6371407689293846,5.22841339930892,2.7595217985799536
70992,738413.4145899173,5.088436795398593,2.6371407689293846,5.22841339930892,2.7595217985799536
71017,738413.9824597191,5.088436795398593,2.6371407689293846,5.22841339930892,2.7595217985799536
71029,738414.4041475762,2.786060031852685,2.6371407689293846,3.4146611355245113,3.4146611355245113
71030,738414.4046118569,2.786060031852685,2.6371407689293846,3.4146611355245113,3.4146611355245113
71049,738415.0045635375,2.786060031852685,2.6371407689293846,3.4146611355245113,3.4146611355245113
71052,738415.0342106177,2.786060031852685,2.6371407689293846,3.4146611355245113,3.4146611355245113
71053,738415.0859146285,2.786060031852685,2.6371407689293846,3.4146611355245113,3.4146611355245113
71066,738415.3502546154,3.4369701966643333,4.744994627311826,7.464960067183711,4.744994627311826
71081,738415.6760050621,3.4369701966643333,4.744994627311826,7.464960067183711,4.744994627311826
71087,738415.8983433511,3.4369701966643333,4.744994627311826,7.464960067183711,4.744994627311826
71090,738415.9411895816,3.4369701966643333,4.744994627311826,7.464960067183711,4.744994627311826
71092,738415.9831707155,3.4369701966643333,4.744994627311826,7.464960067183711,4.744994627311826
71095,738416.039049061,3.4369701966643333,4.744994627311826,7.464960067183711,4.744994627311826
71108,738416.3602000144,2.786060031852685,1.956052438239567,3.4146611355245113,3.4146611355245113
71122,738416.867873583,2.786060031852685,1.956052438239567,3.4146611355245113,3.4146611355245113
71125,738416.9010019404,2.786060031852685,1.956052438239567,3.4146611355245113,3.4146611355245113
71127,738416.9269937504,2.3144987396663055,3.203462427831255,11.019490962382406,3.778358197072521
71132,738417.1627539971,2.3144987396663055,3.203462427831255,11.019490962382406,3.778358197072521
71151,738417.6864878441,2.3144987396663055,3.203462427831255,11.019490962382406,3.778358197072521
71152,738417.7056283937,10.033343631774187,1.956052438239567,10.033343631774187,3.4146611355245113
71153,738417.7065362204,10.033343631774187,1.956052438239567,10.033343631774187,3.4146611355245113
71187,738418.4713462858,3.203462427831255,1.6981459502130747,5.088436795398593,2.7595217985799536
71213,738419.2069185021,3.203462427831255,1.6981459502130747,5.088436795398593,2.7595217985799536
71255,738420.0147163194,3.203462427831255,1.6981459502130747,5.088436795398593,2.7595217985799536
71276,738420.8013599624,3.203462427831255,1.6981459502130747,5.088436795398593,2.7595217985799536
71317,738421.9439433675,4.238314973772503,4.238314973772503,4.238314973772503,4.238314973772503
71342,738422.7108886015,4.239542315714061,4.239542315714061,5.088436795398593,4.239542315714061
71349,738422.9547249817,4.239542315714061,4.239542315714061,5.088436795398593,4.239542315714061
71351,738423.1299048845,4.239542315714061,4.239542315714061,5.088436795398593,4.239542315714061
71359,738423.4353402986,4.239542315714061,4.239542315714061,5.088436795398593,4.239542315714061
71370,738423.60811851,4.239542315714061,4.239542315714061,5.088436795398593,4.239542315714061
71375,738423.7873689821,4.238314973772503,4.238314973772503,10.033343631774187,4.238314973772503
71377,738423.7908128125,4.238314973772503,4.238314973772503,10.033343631774187,4.238314973772503
71378,738423.8022188657,4.238314973772503,4.238314973772503,10.033343631774187,4.238314973772503
71379,738423.8149910186,4.238314973772503,4.238314973772503,10.033343631774187,4.238314973772503
71381,738423.8484708419,4.238314973772503,4.238314973772503,10.033343631774187,4.238314973772503
71382,738423.9191049049,4.238314973772503,4.238314973772503,10.033343631774187,4.238314973772503
71383,738423.919700075,4.238314973772503,4.238314973772503,10.033343631774187,4.238314973772503
71385,738423.924782928,4.238314973772503,4.238314973772503,10.033343631774187,4.238314973772503
71387,738423.9271519467,4.238314973772503,4.238314973772503,10.033343631774187,4.238314973772503
71388,738423.9307419095,4.238314973772503,4.238314973772503,10.033343631774187,4.238314973772503
71389,738423.9442241071,4.238314973772503,4.238314973772503,10.033343631774187,4.238314973772503
71392,738424.0136344742,4.238314973772503,4.238314973772503,10.033343631774187,4.238314973772503
71393,738424.0149039598,4.238314973772503,4.238314973772503,10.033343631774187,4.238314973772503
71394,738424.0170416707,5.583743353025056,3.472597081679851,5.583743353025056,3.472597081679851
71399,738424.1495104564,4.238314973772503,4.238314973772503,10.033343631774187,4.238314973772503
71405,738424.3026293177,4.238314973772503,4.238314973772503,10.033343631774187,4.238314973772503
71424,738424.6396020246,4.238314973772503,4.238314973772503,10.033343631774187,4.238314973772503
71430,738424.8778534262,4.238314973772503,4.238314973772503,10.033343631774187,4.238314973772503
71440,738425.056594525,4.238314973772503,4.238314973772503,10.033343631774187,4.238314973772503
71442,738425.0981116467,4.238314973772503,4.238314973772503,10.033343631774187,4.238314973772503
71464,738425.6756148724,4.238314973772503,4.238314973772503,10.033343631774187,4.238314973772503
71469,738425.8177101419,4.238314973772503,4.238314973772503,10.033343631774187,4.238314973772503
71475,738425.9319440334,4.238314973772503,4.238314973772503,10.033343631774187,4.238314973772503
71478,738425.9626089856,4.239542315714061,3.472597081679851,5.088436795398593,3.472597081679851
71480,738426.0193984126,4.239542315714061,3.472597081679851,5.088436795398593,3.472597081679851
71484,738426.1116551656,4.239542315714061,3.472597081679851,5.088436795398593,3.472597081679851
71492,738426.2897534661,4.238314973772503,4.238314973772503,10.033343631774187,4.238314973772503
71500,738426.3727684536,4.238314973772503,4.238314973772503,10.033343631774187,4.238314973772503
71504,738426.3993305942,4.238314973772503,4.238314973772503,10.033343631774187,4.238314973772503
71525,738426.7562715821,4.238314973772503,4.238314973772503,10.033343631774187,4.238314973772503
71528,738426.8394240277,4.238314973772503,4.238314973772503,10.033343631774187,4.238314973772503
71538,738427.1890407461,4.238314973772503,4.238314973772503,10.033343631774187,4.238314973772503
71563,738427.8858660657,4.238314973772503,4.238314973772503,10.033343631774187,4.238314973772503
71573,738428.1427376001,4.238314973772503,4.238314973772503,10.033343631774187,4.238314973772503
71608,738428.6904795283,4.238314973772503,4.238314973772503,10.033343631774187,4.238314973772503
71651,738429.8701524915,4.238314973772503,4.238314973772503,10.033343631774187,4.238314973772503
71653,738429.8722478368,4.238314973772503,4.238314973772503,10.033343631774187,4.238314973772503
71656,738430.0048418833,4.238314973772503,4.238314973772503,10.033343631774187,4.238314973772503
71664,738430.2110620409,4.238314973772503,4.238314973772503,10.033343631774187,4.238314973772503
71676,738430.575317502,5.583743353025056,4.202549048466608,5.583743353025056,4.202549048466608
71683,738430.8810886149,6.5582758312812075,4.202549048466608,6.5582758312812075,4.202549048466608
71684,738430.8876166196,6.5582758312812075,4.202549048466608,6.5582758312812075,4.202549048466608
71687,738430.973992697,6.5582758312812075,4.202549048466608,6.5582758312812075,4.202549048466608
71690,738431.0541412696,6.5582758312812075,4.202549048466608,6.5582758312812075,4.202549048466608
71707,738431.3985542945,6.5582758312812075,4.202549048466608,6.5582758312812075,4.202549048466608
71712,738431.6172788062,4.612708516418934,4.202549048466608,4.612708516418934,4.202549048466608
71714,738431.6295189838,6.5582758312812075,4.202549048466608,6.5582758312812075,4.202549048466608
71755,738432.9959628902,6.5582758312812075,4.202549048466608,6.5582758312812075,4.202549048466608
71757,738433.0407013717,6.5582758312812075,4.202549048466608,6.5582758312812075,4.202549048466608
71773,738433.1745358832,6.5582758312812075,4.202549048466608,6.5582758312812075,4.202549048466608
71853,738434.0008316974,6.5582758312812075,4.202549048466608,6.5582758312812075,4.202549048466608
71876,738434.6717387468,4.202549048466608,4.202549048466608,4.238314973772503,4.238314973772503
71877,738434.7141538525,8.42440038640052,4.202549048466608,12.876492062001489,10.033343631774187
71879,738434.7712262751,8.42440038640052,4.202549048466608,12.876492062001489,10.033343631774187
71888,738434.9827240405,8.42440038640052,4.202549048466608,12.876492062001489,10.033343631774187
71899,738435.2358545515,8.42440038640052,4.202549048466608,12.876492062001489,10.033343631774187
71935,738435.9012621691,8.42440038640052,4.202549048466608,12.876492062001489,10.033343631774187
71939,738436.0278373866,8.42440038640052,4.202549048466608,12.876492062001489,10.033343631774187
71978,738437.0368896644,4.202549048466608,10.699249892728403,4.202549048466608,10.699249892728403
71979,738437.0603450494,4.202549048466608,8.29897029325366,4.202549048466608,10.033343631774187
72043,738438.4438276008,4.202549048466608,8.29897029325366,4.202549048466608,10.033343631774187
72079,738439.4205711212,4.748832374345511,4.202549048466608,6.5683694063918665,4.202549048466608
72087,738439.5566700416,7.939391235471703,7.7910521373851225,7.939391235471703,7.7910521373851225
72094,738439.6499391968,7.939391235471703,7.7910521373851225,7.939391235471703,7.7910521373851225
72105,738439.6982388928,5.026500146021135,4.748832374345511,6.5582758312812075,4.748832374345511
72119,738439.8510978129,5.026500146021135,4.748832374345511,6.5582758312812075,4.748832374345511
72120,738439.8516282333,5.026500146021135,4.748832374345511,6.5582758312812075,4.748832374345511
72121,738439.8611655144,5.026500146021135,4.748832374345511,6.5582758312812075,4.748832374345511
72134,738440.0031906709,5.026500146021135,4.748832374345511,6.5582758312812075,4.748832374345511
72138,738440.0554857131,5.026500146021135,4.748832374345511,6.5582758312812075,4.748832374345511
72140,738440.0773888676,5.026500146021135,4.748832374345511,6.5582758312812075,4.748832374345511
72141,738440.0785356219,5.026500146021135,4.748832374345511,6.5582758312812075,4.748832374345511
72146,738440.1451516692,5.026500146021135,4.748832374345511,6.5582758312812075,4.748832374345511
72197,738440.9239588605,5.026500146021135,4.748832374345511,6.5582758312812075,4.748832374345511
72200,738440.9449998992,5.026500146021135,4.748832374345511,6.5582758312812075,4.748832374345511
72207,738441.055256197,5.026500146021135,4.748832374345511,6.5582758312812075,4.748832374345511
72240,738441.6073899193,7.939391235471703,4.748832374345511,7.939391235471703,4.748832374345511
72244,738441.6999676533,7.939391235471703,4.748832374345511,7.939391235471703,4.748832374345511
72251,738441.985235591,7.939391235471703,4.748832374345511,7.939391235471703,4.748832374345511
72252,738441.9923455309,7.939391235471703,4.748832374345511,7.939391235471703,4.748832374345511
72316,738443.2678130983,7.939391235471703,4.748832374345511,7.939391235471703,4.748832374345511
72346,738444.0063572159,7.939391235471703,7.927151057869196,7.939391235471703,7.927151057869196
72350,738444.055844174,7.939391235471703,7.927151057869196,7.939391235471703,7.927151057869196
72352,738444.1180660457,7.939391235471703,7.927151057869196,7.939391235471703,7.927151057869196
72387,738444.4654052306,7.939391235471703,4.748832374345511,7.939391235471703,4.748832374345511
72390,738444.515507746,7.939391235471703,4.748832374345511,7.939391235471703,4.748832374345511
72397,738444.6930014362,7.939391235471703,4.748832374345511,7.939391235471703,4.748832374345511
72441,738445.8096699921,7.939391235471703,4.748832374345511,7.939391235471703,4.748832374345511
72499,738446.8109317485,7.939391235471703,4.748832374345511,7.939391235471703,4.748832374345511
72512,738447.1622212852,7.939391235471703,4.748832374345511,7.939391235471703,4.748832374345511
72536,738447.9942404937,10.93389544438105,10.93389544438105,10.93389544438105,10.93389544438105
72538,738448.0714528272,3.37845139100682,4.748832374345511,8.068719909060746,4.748832374345511
72543,738448.1624342374,3.37845139100682,4.748832374345511,8.068719909060746,4.748832374345511
72547,738448.2597613467,8.83919022558257,4.202549048466608,8.83919022558257,4.202549048466608
72552,738448.3104033791,8.83919022558257,3.3012390575604513,8.83919022558257,4.202549048466608
72561,738448.4678652756,8.83919022558257,3.3012390575604513,8.83919022558257,4.202549048466608
72562,738448.4800262103,8.83919022558257,3.3012390575604513,8.83919022558257,4.202549048466608
72563,738448.4807660307,8.83919022558257,3.3012390575604513,8.83919022558257,4.202549048466608
72564,738448.4826258947,8.83919022558257,3.3012390575604513,8.83919022558257,4.202549048466608
72565,738448.4835382918,8.83919022558257,3.3012390575604513,8.83919022558257,4.202549048466608
72567,738448.4856386937,8.83919022558257,3.3012390575604513,8.83919022558257,4.202549048466608
72568,738448.4866719798,8.83919022558257,3.3012390575604513,8.83919022558257,4.202549048466608
72569,738448.4876122212,8.83919022558257,3.3012390575604513,8.83919022558257,4.202549048466608
72571,738448.4884474763,8.83919022558257,3.3012390575604513,8.83919022558257,4.202549048466608
72572,738448.4888845002,8.83919022558257,3.3012390575604513,8.83919022558257,4.202549048466608
72573,738448.489754773,8.83919022558257,3.37845139100682,8.83919022558257,4.202549048466608
72574,738448.4903438509,8.83919022558257,3.3012390575604513,8.83919022558257,4.202549048466608
72575,738448.4909734918,8.83919022558257,3.3012390575604513,8.83919022558257,4.202549048466608
72576,738448.4915445292,8.83919022558257,3.3012390575604513,8.83919022558257,4.202549048466608
72577,738448.4921740567,8.83919022558257,3.3012390575604513,8.83919022558257,4.202549048466608
72578,738448.4958475785,8.83919022558257,3.3012390575604513,8.83919022558257,4.202549048466608
72579,738448.4961142747,8.83919022558257,3.3012390575604513,8.83919022558257,4.202549048466608
72580,738448.4972004058,8.83919022558257,3.3012390575604513,8.83919022558257,4.202549048466608
72581,738448.4974186011,8.83919022558257,3.3012390575604513,8.83919022558257,4.202549048466608
72582,738448.49776019,8.83919022558257,3.3012390575604513,8.83919022558257,4.202549048466608
72583,738448.4979508715,8.83919022558257,3.3012390575604513,8.83919022558257,4.202549048466608
72584,738448.4985141587,8.83919022558257,3.3012390575604513,8.83919022558257,4.202549048466608
72585,738448.4986834993,8.83919022558257,3.3012390575604513,8.83919022558257,4.202549048466608
72586,738448.4996717552,8.83919022558257,3.3012390575604513,8.83919022558257,4.202549048466608
72587,738448.5014101897,8.83919022558257,3.37845139100682,8.83919022558257,4.202549048466608
72588,738448.5032653527,8.83919022558257,3.3012390575604513,8.83919022558257,4.202549048466608
72589,738448.503864185,8.83919022558257,3.3012390575604513,8.83919022558257,4.202549048466608
72591,738448.5060656478,8.83919022558257,3.3012390575604513,8.83919022558257,4.202549048466608
72592,738448.5064604634,8.83919022558257,3.3012390575604513,8.83919022558257,4.202549048466608
72593,738448.5066899138,8.83919022558257,3.3012390575604513,8.83919022558257,4.202549048466608
72595,738448.5085312305,8.83919022558257,3.3012390575604513,8.83919022558257,4.202549048466608
72596,738448.5091721385,8.83919022558257,3.3012390575604513,8.83919022558257,4.202549048466608
72597,738448.5103528064,8.83919022558257,3.37845139100682,8.83919022558257,4.202549048466608
72598,738448.5120971805,8.83919022558257,3.3012390575604513,8.83919022558257,4.202549048466608
72599,738448.5124408491,8.83919022558257,3.3012390575604513,8.83919022558257,4.202549048466608
72600,738448.5128402659,8.83919022558257,3.3012390575604513,8.83919022558257,4.202549048466608
72601,738448.5132100523,8.83919022558257,3.3012390575604513,8.83919022558257,4.202549048466608
72602,738448.5140033206,8.83919022558257,3.3012390575604513,8.83919022558257,4.202549048466608
72604,738448.5181189305,8.83919022558257,3.3012390575604513,8.83919022558257,4.202549048466608
72605,738448.5218951304,8.83919022558257,3.3012390575604513,8.83919022558257,4.202549048466608
72606,738448.5267318974,8.83919022558257,7.849088824586943,8.83919022558257,7.849088824586943
72607,738448.5280234858,8.83919022558257,3.37845139100682,8.83919022558257,4.202549048466608
72608,738448.5287133598,8.83919022558257,3.3012390575604513,8.83919022558257,4.202549048466608
72609,738448.5319669676,8.83919022558257,3.3012390575604513,8.83919022558257,4.202549048466608
72610,738448.5329931186,8.83919022558257,3.3012390575604513,8.83919022558257,4.202549048466608
72611,738448.5338092687,8.83919022558257,3.3012390575604513,8.83919022558257,4.202549048466608
72612,738448.5355416886,8.83919022558257,3.3012390575604513,8.83919022558257,4.202549048466608
72613,738448.5381823272,8.83919022558257,3.3012390575604513,8.83919022558257,4.202549048466608
72614,738448.5385312706,8.83919022558257,3.3012390575604513,8.83919022558257,4.202549048466608
72615,738448.5403313683,8.83919022558257,3.3012390575604513,8.83919022558257,4.202549048466608
72616,738448.5429950596,8.83919022558257,6.652371427393518,8.83919022558257,6.652371427393518
72617,738448.543462039,8.83919022558257,3.3012390575604513,8.83919022558257,4.202549048466608
72618,738448.5486480476,8.83919022558257,3.3012390575604513,8.83919022558257,4.202549048466608
72619,738448.5493269357,8.83919022558257,3.3012390575604513,8.83919022558257,4.202549048466608
72620,738448.550437605,8.83919022558257,3.3012390575604513,8.83919022558257,4.202549048466608
72621,738448.5540205594,8.83919022558257,3.3012390575604513,8.83919022558257,4.202549048466608
72622,738448.5617344164,8.83919022558257,3.3012390575604513,8.83919022558257,4.202549048466608
72623,738448.5697374567,8.83919022558257,3.3012390575604513,8.83919022558257,4.202549048466608
72624,738448.5709826837,8.83919022558257,3.3012390575604513,8.83919022558257,4.202549048466608
72625,738448.5802600964,8.83919022558257,3.3012390575604513,8.83919022558257,4.202549048466608
72626,738448.5807621491,8.83919022558257,3.3012390575604513,8.83919022558257,4.202549048466608
72627,738448.5921065224,8.83919022558257,3.3012390575604513,8.83919022558257,4.202549048466608
72629,738448.5955558252,8.83919022558257,3.37845139100682,8.83919022558257,4.202549048466608
72630,738448.5965443362,8.83919022558257,3.3012390575604513,8.83919022558257,4.202549048466608
72631,738448.6028892316,8.83919022558257,3.3012390575604513,8.83919022558257,4.202549048466608
72633,738448.608549462,8.83919022558257,3.3012390575604513,8.83919022558257,4.202549048466608
72636,738448.6148298242,8.83919022558257,3.3012390575604513,8.83919022558257,4.202549048466608
72637,738448.6213301857,8.83919022558257,3.3012390575604513,8.83919022558257,4.202549048466608
72638,738448.6224389559,8.83919022558257,3.3012390575604513,8.83919022558257,4.202549048466608
72640,738448.6305571877,8.83919022558257,3.3012390575604513,8.83919022558257,4.202549048466608
72641,738448.6307625275,8.83919022558257,3.3012390575604513,8.83919022558257,4.202549048466608
72642,738448.6332276564,8.83919022558257,3.3012390575604513,8.83919022558257,4.202549048466608
72643,738448.6360437843,8.83919022558257,3.3012390575604513,8.83919022558257,4.202549048466608
72644,738448.6368833993,8.83919022558257,3.3012390575604513,8.83919022558257,4.202549048466608
72645,738448.6384117664,8.83919022558257,3.3012390575604513,8.83919022558257,4.202549048466608
72646,738448.6462733014,8.83919022558257,3.3012390575604513,8.83919022558257,4.202549048466608
72647,738448.6488586062,8.83919022558257,3.3012390575604513,8.83919022558257,4.202549048466608
72649,738448.6549666176,8.83919022558257,3.3012390575604513,8.83919022558257,4.202549048466608
72653,738448.6616429444,8.83919022558257,3.3012390575604513,8.83919022558257,4.202549048466608
72654,738448.6626910566,8.83919022558257,3.3012390575604513,8.83919022558257,4.202549048466608
72655,738448.6639712147,8.83919022558257,3.3012390575604513,8.83919022558257,4.202549048466608
72656,738448.6659113955,8.83919022558257,3.37845139100682,8.83919022558257,4.202549048466608
72657,738448.6697556276,8.83919022558257,3.3012390575604513,8.83919022558257,4.202549048466608
72658,738448.6709543499,8.83919022558257,3.3012390575604513,8.83919022558257,4.202549048466608
72659,738448.6715947385,8.83919022558257,3.3012390575604513,8.83919022558257,4.202549048466608
72660,738448.6755933047,8.83919022558257,6.38685057440307,8.83919022558257,6.38685057440307
72661,738448.680730372,8.83919022558257,3.3012390575604513,8.83919022558257,4.202549048466608
72663,738448.7054881437,8.83919022558257,3.3012390575604513,8.83919022558257,4.202549048466608
72664,738448.7096289598,8.83919022558257,3.3012390575604513,8.83919022558257,4.202549048466608
72666,738448.718076195,8.83919022558257,3.3012390575604513,8.83919022558257,4.202549048466608
72667,738448.7204968552,8.83919022558257,3.3012390575604513,8.83919022558257,4.202549048466608
72668,738448.7208974888,8.83919022558257,3.3012390575604513,8.83919022558257,4.202549048466608
72669,738448.7217494202,8.83919022558257,3.3012390575604513,8.83919022558257,4.202549048466608
72671,738448.7238272447,8.83919022558257,3.3012390575604513,8.83919022558257,4.202549048466608
72672,738448.7240204064,8.83919022558257,3.3012390575604513,8.83919022558257,4.202549048466608
72673,738448.7242726661,8.83919022558257,3.3012390575604513,8.83919022558257,4.202549048466608
72674,738448.7247145814,8.83919022558257,3.3012390575604513,8.83919022558257,4.202549048466608
72675,738448.7251652909,8.83919022558257,3.3012390575604513,8.83919022558257,4.202549048466608
72676,738448.7261491388,8.83919022558257,3.3012390575604513,8.83919022558257,4.202549048466608
72677,738448.7264511449,8.83919022558257,3.3012390575604513,8.83919022558257,4.202549048466608
72678,738448.7273942566,8.83919022558257,3.3012390575604513,8.83919022558257,4.202549048466608
72679,738448.7300708893,8.83919022558257,3.3012390575604513,8.83919022558257,4.202549048466608
72680,738448.7304029736,8.83919022558257,3.3012390575604513,8.83919022558257,4.202549048466608
72681,738448.7313322974,8.83919022558257,3.3012390575604513,8.83919022558257,4.202549048466608
72682,738448.7322829218,8.83919022558257,3.3012390575604513,8.83919022558257,4.202549048466608
72683,738448.7329060785,8.83919022558257,3.37845139100682,8.83919022558257,4.202549048466608
72684,738448.7333974349,8.83919022558257,3.37845139100682,8.83919022558257,4.202549048466608
72685,738448.7339451637,8.83919022558257,3.37845139100682,8.83919022558257,4.202549048466608
72686,738448.7343809196,8.83919022558257,3.37845139100682,8.83919022558257,4.202549048466608
72687,738448.7353294393,8.83919022558257,3.3012390575604513,8.83919022558257,4.202549048466608
72688,738448.7357815778,8.83919022558257,3.3012390575604513,8.83919022558257,4.202549048466608
72689,738448.7369307621,8.83919022558257,3.3012390575604513,8.83919022558257,4.202549048466608
72690,738448.7379981988,8.83919022558257,3.3012390575604513,8.83919022558257,4.202549048466608
72691,738448.7394812956,8.83919022558257,3.3012390575604513,8.83919022558257,4.202549048466608
72692,738448.7399033743,8.83919022558257,3.3012390575604513,8.83919022558257,4.202549048466608
72693,738448.7423691673,8.83919022558257,3.3012390575604513,8.83919022558257,4.202549048466608
72695,738448.7434563676,8.83919022558257,3.3012390575604513,8.83919022558257,4.202549048466608
72696,738448.7437691962,8.83919022558257,3.3012390575604513,8.83919022558257,4.202549048466608
72697,738448.7444280431,8.83919022558257,3.3012390575604513,8.83919022558257,4.202549048466608
72698,738448.7470355079,8.83919022558257,3.3012390575604513,8.83919022558257,4.202549048466608
72700,738448.7502601846,8.83919022558257,3.3012390575604513,8.83919022558257,4.202549048466608
72701,738448.7523181293,8.83919022558257,3.3012390575604513,8.83919022558257,4.202549048466608
72702,738448.7537132298,8.83919022558257,3.37845139100682,8.83919022558257,4.202549048466608
72703,738448.7540259401,8.83919022558257,3.37845139100682,8.83919022558257,4.202549048466608
72704,738448.7558165736,8.83919022558257,3.37845139100682,8.83919022558257,4.202549048466608
72705,738448.756941485,8.83919022558257,3.37845139100682,8.83919022558257,4.202549048466608
72707,738448.7594753989,8.83919022558257,3.37845139100682,8.83919022558257,4.202549048466608
72709,738448.7613861626,8.83919022558257,3.37845139100682,8.83919022558257,4.202549048466608
72710,738448.764198622,8.83919022558257,3.37845139100682,8.83919022558257,4.202549048466608
72712,738448.765313314,8.83919022558257,3.37845139100682,8.83919022558257,4.202549048466608
72715,738448.7699267427,8.83919022558257,3.37845139100682,8.83919022558257,4.202549048466608
72716,738448.7713663949,8.83919022558257,3.3012390575604513,8.83919022558257,4.202549048466608
72718,738448.7808159476,8.83919022558257,3.3012390575604513,8.83919022558257,4.202549048466608
72720,738448.7840055395,8.83919022558257,3.3012390575604513,8.83919022558257,4.202549048466608
72722,738448.7868981101,8.83919022558257,3.3012390575604513,8.83919022558257,4.202549048466608
72723,738448.7875024264,8.83919022558257,3.3012390575604513,8.83919022558257,4.202549048466608
72724,738448.7876609334,8.83919022558257,3.3012390575604513,8.83919022558257,4.202549048466608
72725,738448.7964761383,8.83919022558257,3.3012390575604513,8.83919022558257,4.202549048466608
72726,738448.7981533868,8.83919022558257,3.3012390575604513,8.83919022558257,4.202549048466608
72727,738448.7991970575,8.83919022558257,3.3012390575604513,8.83919022558257,4.202549048466608
72729,738448.8037590015,8.83919022558257,3.3012390575604513,8.83919022558257,4.202549048466608
72733,738448.8146639599,8.83919022558257,3.3012390575604513,8.83919022558257,4.202549048466608
72734,738448.8174916956,8.83919022558257,3.3012390575604513,8.83919022558257,4.202549048466608
72735,738448.8203478672,8.83919022558257,3.3012390575604513,8.83919022558257,4.202549048466608
72736,738448.8212106037,8.83919022558257,3.37845139100682,8.83919022558257,4.202549048466608
72737,738448.8230670821,8.83919022558257,3.37845139100682,8.83919022558257,4.202549048466608
72738,738448.8252361133,8.83919022558257,3.37845139100682,8.83919022558257,4.202549048466608
72739,738448.825470241,8.83919022558257,3.37845139100682,8.83919022558257,4.202549048466608
72741,738448.8309929564,8.83919022558257,3.3012390575604513,8.83919022558257,4.202549048466608
72742,738448.8319221346,8.83919022558257,3.3012390575604513,8.83919022558257,4.202549048466608
72743,738448.835613293,8.83919022558257,3.3012390575604513,8.83919022558257,4.202549048466608
72744,738448.844301093,8.83919022558257,3.3012390575604513,8.83919022558257,4.202549048466608
72745,738448.8472824239,8.83919022558257,3.3012390575604513,8.83919022558257,4.202549048466608
72746,738448.8480834321,8.83919022558257,3.37845139100682,8.83919022558257,4.202549048466608
72747,738448.8489984267,8.83919022558257,3.37845139100682,8.83919022558257,4.202549048466608
72748,738448.8495859742,8.83919022558257,3.3012390575604513,8.83919022558257,4.202549048466608
72749,738448.8504812849,8.83919022558257,3.3012390575604513,8.83919022558257,4.202549048466608
72751,738448.856750584,8.83919022558257,3.3012390575604513,8.83919022558257,4.202549048466608
72752,738448.8576084424,8.83919022558257,3.3012390575604513,8.83919022558257,4.202549048466608
72753,738448.8581188763,8.83919022558257,6.38685057440307,8.83919022558257,6.38685057440307
72754,738448.8624996619,8.83919022558257,3.3012390575604513,8.83919022558257,4.202549048466608
72755,738448.8646457923,8.83919022558257,3.3012390575604513,8.83919022558257,4.202549048466608
72756,738448.8697917082,8.83919022558257,3.3012390575604513,8.83919022558257,4.202549048466608
72759,738448.8841704574,8.83919022558257,3.3012390575604513,8.83919022558257,4.202549048466608
72760,738448.8863877532,8.83919022558257,3.3012390575604513,8.83919022558257,4.202549048466608
72762,738448.9015725155,8.83919022558257,7.849088824586943,8.83919022558257,7.849088824586943
72763,738448.9087224469,8.83919022558257,7.849088824586943,8.83919022558257,7.849088824586943
72765,738448.9160432259,8.83919022558257,3.3012390575604513,8.83919022558257,4.202549048466608
72767,738448.9188317305,8.83919022558257,3.3012390575604513,8.83919022558257,4.202549048466608
72768,738448.9205623722,8.83919022558257,3.3012390575604513,8.83919022558257,4.202549048466608
72769,738448.9250285366,8.83919022558257,3.3012390575604513,8.83919022558257,4.202549048466608
72770,738448.9253779487,8.83919022558257,3.3012390575604513,8.83919022558257,4.202549048466608
72771,738448.9256806278,8.83919022558257,3.3012390575604513,8.83919022558257,4.202549048466608
72772,738448.9320580963,8.83919022558257,3.3012390575604513,8.83919022558257,4.202549048466608
72774,738448.9375840131,8.83919022558257,3.3012390575604513,8.83919022558257,4.202549048466608
72775,738448.9377668803,8.83919022558257,3.3012390575604513,8.83919022558257,4.202549048466608
72776,738448.944028661,8.83919022558257,3.3012390575604513,8.83919022558257,4.202549048466608
72780,738448.9557262906,8.83919022558257,3.3012390575604513,8.83919022558257,4.202549048466608
72781,738448.959429661,8.83919022558257,3.3012390575604513,8.83919022558257,4.202549048466608
72782,738448.9699063215,8.83919022558257,3.3012390575604513,8.83919022558257,4.202549048466608
72783,738448.9752738158,8.83919022558257,3.3012390575604513,8.83919022558257,4.202549048466608
72784,738448.9836861881,8.83919022558257,3.3012390575604513,8.83919022558257,4.202549048466608
72785,738448.984588191,8.83919022558257,3.3012390575604513,8.83919022558257,4.202549048466608
72786,738448.9873894227,8.83919022558257,3.37845139100682,8.83919022558257,4.202549048466608
72787,738448.9915044766,8.83919022558257,3.3012390575604513,8.83919022558257,4.202549048466608
72788,738449.0054575243,8.83919022558257,3.3012390575604513,8.83919022558257,4.202549048466608
72789,738449.0065399515,8.83919022558257,3.3012390575604513,8.83919022558257,4.202549048466608
72791,738449.0136830949,8.83919022558257,3.3012390575604513,8.83919022558257,4.202549048466608
72796,738449.0326042544,8.83919022558257,3.3012390575604513,8.83919022558257,4.202549048466608
72799,738449.0558857605,8.83919022558257,3.3012390575604513,8.83919022558257,4.202549048466608
72801,738449.0601079605,8.83919022558257,3.3012390575604513,8.83919022558257,4.202549048466608
72802,738449.0728964912,8.83919022558257,3.3012390575604513,8.83919022558257,4.202549048466608
72803,738449.0740746696,8.83919022558257,3.3012390575604513,8.83919022558257,4.202549048466608
72804,738449.0974499983,8.83919022558257,3.3012390575604513,8.83919022558257,4.202549048466608
72805,738449.1060875679,8.83919022558257,3.3012390575604513,8.83919022558257,4.202549048466608
72806,738449.124140924,8.83919022558257,3.3012390575604513,8.83919022558257,4.202549048466608
72807,738449.1298913172,8.83919022558257,3.3012390575604513,8.83919022558257,4.202549048466608
72808,738449.1319051873,8.83919022558257,3.3012390575604513,8.83919022558257,4.202549048466608
72809,738449.1394431586,8.83919022558257,3.3012390575604513,8.83919022558257,4.202549048466608
72810,738449.1455087011,8.83919022558257,3.3012390575604513,8.83919022558257,4.202549048466608
72815,738449.2005973989,8.83919022558257,3.3012390575604513,8.83919022558257,4.202549048466608
72816,738449.2232674612,8.83919022558257,3.3012390575604513,8.83919022558257,4.202549048466608
72817,738449.2594297776,8.83919022558257,3.3012390575604513,8.83919022558257,4.202549048466608
72818,738449.260078241,8.83919022558257,3.3012390575604513,8.83919022558257,4.202549048466608
72819,738449.2633562105,8.83919022558257,3.3012390575604513,8.83919022558257,4.202549048466608
72820,738449.2747093557,8.83919022558257,3.3012390575604513,8.83919022558257,4.202549048466608
72821,738449.2778324353,8.83919022558257,3.3012390575604513,8.83919022558257,4.202549048466608
72823,738449.2805488093,8.83919022558257,3.3012390575604513,8.83919022558257,4.202549048466608
72826,738449.2989480811,8.83919022558257,3.3012390575604513,8.83919022558257,4.202549048466608
72828,738449.3058391783,8.83919022558257,3.3012390575604513,8.83919022558257,4.202549048466608
72831,738449.324618031,8.83919022558257,3.3012390575604513,8.83919022558257,4.202549048466608
72832,738449.3261340884,8.83919022558257,3.3012390575604513,8.83919022558257,4.202549048466608
72833,738449.3301796806,8.83919022558257,3.3012390575604513,8.83919022558257,4.202549048466608
72834,738449.3316361516,8.83919022558257,3.3012390575604513,8.83919022558257,4.202549048466608
72835,738449.3323317418,8.83919022558257,3.3012390575604513,8.83919022558257,4.202549048466608
72838,738449.3615036315,8.83919022558257,3.3012390575604513,8.83919022558257,4.202549048466608
72837,738449.3615094521,8.83919022558257,3.3012390575604513,8.83919022558257,4.202549048466608
72839,738449.3621165975,8.83919022558257,3.3012390575604513,8.83919022558257,4.202549048466608
72840,738449.3740779742,8.83919022558257,3.3012390575604513,8.83919022558257,4.202549048466608
72841,738449.374740881,8.83919022558257,3.3012390575604513,8.83919022558257,4.202549048466608
72847,738449.4007164579,8.83919022558257,3.3012390575604513,8.83919022558257,4.202549048466608
72848,738449.4011499138,8.83919022558257,7.849088824586943,8.83919022558257,7.849088824586943
72849,738449.4091270773,8.83919022558257,7.849088824586943,8.83919022558257,7.849088824586943
72850,738449.4177519585,8.83919022558257,3.5667599105509,8.83919022558257,4.202549048466608
72853,738449.4372297188,8.83919022558257,3.5667599105509,8.83919022558257,4.202549048466608
72855,738449.4761108574,8.83919022558257,3.5667599105509,8.83919022558257,4.202549048466608
72856,738449.49906543,8.83919022558257,3.3012390575604513,8.83919022558257,4.202549048466608
72857,738449.5038773643,8.83919022558257,3.3012390575604513,8.83919022558257,4.202549048466608
72860,738449.5666805633,8.83919022558257,3.3012390575604513,8.83919022558257,4.202549048466608
72862,738449.5854120186,8.83919022558257,3.3012390575604513,8.83919022558257,4.202549048466608
72863,738449.590394928,8.83919022558257,3.3012390575604513,8.83919022558257,4.202549048466608
72867,738449.6039599437,8.83919022558257,3.3012390575604513,8.83919022558257,4.202549048466608
72868,738449.6244640814,8.83919022558257,3.3012390575604513,8.83919022558257,4.202549048466608
72871,738449.6592249838,8.83919022558257,3.3012390575604513,8.83919022558257,4.202549048466608
72872,738449.6649976753,8.83919022558257,3.3012390575604513,8.83919022558257,4.202549048466608
72873,738449.6745803525,8.83919022558257,3.3012390575604513,8.83919022558257,4.202549048466608
72874,738449.6884626277,8.83919022558257,3.3012390575604513,8.83919022558257,4.202549048466608
72876,738449.7052214188,8.83919022558257,3.3012390575604513,8.83919022558257,4.202549048466608
72879,738449.7275556191,8.83919022558257,3.3012390575604513,8.83919022558257,4.202549048466608
72880,738449.7592821808,8.83919022558257,3.3012390575604513,8.83919022558257,4.202549048466608
72881,738449.7651252054,8.83919022558257,3.3012390575604513,8.83919022558257,4.202549048466608
72882,738449.7985595758,8.83919022558257,3.3012390575604513,8.83919022558257,4.202549048466608
72883,738449.8226381738,8.83919022558257,3.3012390575604513,8.83919022558257,4.202549048466608
72884,738449.8427311985,8.83919022558257,3.3012390575604513,8.83919022558257,4.202549048466608
72885,738449.843819503,8.83919022558257,3.3012390575604513,8.83919022558257,4.202549048466608
72886,738449.8508112507,8.83919022558257,3.3012390575604513,8.83919022558257,4.202549048466608
72887,738449.8609751514,8.83919022558257,3.3012390575604513,8.83919022558257,4.202549048466608
72888,738449.8751304388,8.83919022558257,3.3012390575604513,8.83919022558257,4.202549048466608
72889,738449.8755036357,8.83919022558257,3.3012390575604513,8.83919022558257,4.202549048466608
72891,738449.9188408373,8.83919022558257,3.3012390575604513,8.83919022558257,4.202549048466608
72892,738449.9282989396,8.83919022558257,3.3012390575604513,8.83919022558257,4.202549048466608
72897,738450.0360715558,8.83919022558257,3.3012390575604513,8.83919022558257,4.202549048466608
72899,738450.0638234011,8.83919022558257,3.3012390575604513,8.83919022558257,4.202549048466608
72900,738450.0642202215,8.83919022558257,3.3012390575604513,8.83919022558257,4.202549048466608
72903,738450.1155950438,8.83919022558257,6.38685057440307,8.83919022558257,6.38685057440307
72904,738450.1234261876,8.83919022558257,6.38685057440307,8.83919022558257,6.38685057440307
72906,738450.1362857012,8.83919022558257,6.38685057440307,8.83919022558257,6.38685057440307
72909,738450.1831673089,8.83919022558257,6.38685057440307,8.83919022558257,6.38685057440307
72913,738450.2436889054,8.83919022558257,6.38685057440307,8.83919022558257,6.38685057440307
72915,738450.2772180875,8.83919022558257,3.3012390575604513,8.83919022558257,4.202549048466608
72919,738450.3247206274,8.83919022558257,3.3012390575604513,8.83919022558257,4.202549048466608
72920,738450.332195336,8.83919022558257,3.3012390575604513,8.83919022558257,4.202549048466608
72921,738450.3415574176,8.83919022558257,3.3012390575604513,8.83919022558257,4.202549048466608
72922,738450.3435802021,8.83919022558257,3.3012390575604513,8.83919022558257,4.202549048466608
72924,738450.3583367227,8.83919022558257,3.3012390575604513,8.83919022558257,4.202549048466608
72926,738450.3638688555,8.83919022558257,3.3012390575604513,8.83919022558257,4.202549048466608
72927,738450.3652145719,8.83919022558257,3.3012390575604513,8.83919022558257,4.202549048466608
72928,738450.3664714997,8.83919022558257,3.3012390575604513,8.83919022558257,4.202549048466608
72929,738450.366792547,8.83919022558257,3.3012390575604513,8.83919022558257,4.202549048466608
72931,738450.3826407851,8.83919022558257,3.3012390575604513,8.83919022558257,4.202549048466608
72936,738450.4710350016,8.83919022558257,3.3012390575604513,8.83919022558257,4.202549048466608
72938,738450.5076006056,8.83919022558257,3.3012390575604513,8.83919022558257,4.202549048466608
72943,738450.5762849876,8.83919022558257,3.3012390575604513,8.83919022558257,4.202549048466608
72946,738450.6091046019,8.83919022558257,3.3012390575604513,8.83919022558257,4.202549048466608
72947,738450.631746845,8.83919022558257,3.3012390575604513,8.83919022558257,4.202549048466608
72949,738450.6465642408,8.83919022558257,3.3012390575604513,8.83919022558257,4.202549048466608
72952,738450.7168408368,8.83919022558257,3.3012390575604513,8.83919022558257,4.202549048466608
72953,738450.7311392385,8.83919022558257,3.3012390575604513,8.83919022558257,4.202549048466608
72954,738450.7622593606,8.83919022558257,3.3012390575604513,8.83919022558257,4.202549048466608
72955,738450.767205955,8.83919022558257,3.3012390575604513,8.83919022558257,4.202549048466608
72957,738450.799982213,8.83919022558257,3.3012390575604513,8.83919022558257,4.202549048466608
72961,738450.8598998075,8.83919022558257,3.3012390575604513,8.83919022558257,4.202549048466608
72962,738450.8665291975,8.83919022558257,3.3012390575604513,8.83919022558257,4.202549048466608
72964,738450.8714409074,8.83919022558257,3.3012390575604513,8.83919022558257,4.202549048466608
72966,738450.8888367461,8.83919022558257,3.3012390575604513,8.83919022558257,4.202549048466608
72967,738450.9047584158,8.83919022558257,3.3012390575604513,8.83919022558257,4.202549048466608
72968,738450.9087321141,8.83919022558257,3.3012390575604513,8.83919022558257,4.202549048466608
72971,738450.9296800792,8.83919022558257,3.3012390575604513,8.83919022558257,4.202549048466608
72976,738451.0292245746,8.83919022558257,3.3012390575604513,8.83919022558257,4.202549048466608
72977,738451.0578533541,8.83919022558257,3.3012390575604513,8.83919022558257,4.202549048466608
72978,738451.0621376635,8.83919022558257,3.3012390575604513,8.83919022558257,4.202549048466608
72980,738451.0712977345,8.83919022558257,3.3012390575604513,8.83919022558257,4.202549048466608
72981,738451.0836563382,8.83919022558257,3.3012390575604513,8.83919022558257,4.202549048466608
72984,738451.1094005668,8.83919022558257,3.3012390575604513,8.83919022558257,4.202549048466608
72985,738451.1256105686,8.83919022558257,3.3012390575604513,8.83919022558257,4.202549048466608
72986,738451.1937872859,8.83919022558257,3.3012390575604513,8.83919022558257,4.202549048466608
72989,738451.280149245,8.83919022558257,3.3012390575604513,8.83919022558257,4.202549048466608
72991,738451.3234694763,8.83919022558257,3.3012390575604513,8.83919022558257,4.202549048466608
72992,738451.3255548367,8.83919022558257,3.3012390575604513,8.83919022558257,4.202549048466608
72993,738451.340855613,8.83919022558257,3.3012390575604513,8.83919022558257,4.202549048466608
72995,738451.3502716622,8.83919022558257,3.3012390575604513,8.83919022558257,4.202549048466608
72996,738451.3531167898,8.83919022558257,3.3012390575604513,8.83919022558257,4.202549048466608
73000,738451.3805912858,8.83919022558257,3.3012390575604513,8.83919022558257,4.202549048466608
73002,738451.3981658908,8.83919022558257,3.3012390575604513,8.83919022558257,4.202549048466608
73004,738451.4211548044,8.83919022558257,3.3012390575604513,8.83919022558257,4.202549048466608
73006,738451.4562972672,0.19649290689267218,3.384844440035522,0.19649290689267218,3.384844440035522
73008,738451.4673011544,8.83919022558257,3.3012390575604513,8.83919022558257,4.202549048466608
73010,738451.4833124813,8.83919022558257,3.3012390575604513,8.83919022558257,4.202549048466608
73011,738451.5004209845,8.83919022558257,3.3012390575604513,8.83919022558257,4.202549048466608
73012,738451.5005605285,8.83919022558257,3.3012390575604513,8.83919022558257,4.202549048466608
73014,738451.5086689286,8.83919022558257,3.3012390575604513,8.83919022558257,4.202549048466608
73015,738451.5313604991,8.83919022558257,3.3012390575604513,8.83919022558257,4.202549048466608
73017,738451.5826090493,8.83919022558257,3.3012390575604513,8.83919022558257,4.202549048466608
73018,738451.5839146116,8.83919022558257,3.3012390575604513,8.83919022558257,4.202549048466608
73019,738451.5870415112,8.83919022558257,3.3012390575604513,8.83919022558257,4.202549048466608
73020,738451.5983772654,8.83919022558257,3.3012390575604513,8.83919022558257,4.202549048466608
73022,738451.6172743825,8.83919022558257,3.3012390575604513,8.83919022558257,4.202549048466608
73024,738451.6300378729,8.83919022558257,3.3012390575604513,8.83919022558257,4.202549048466608
73025,738451.6353043248,8.83919022558257,3.3012390575604513,8.83919022558257,4.202549048466608
73026,738451.6406315138,8.83919022558257,3.3012390575604513,8.83919022558257,4.202549048466608
73027,738451.6537978493,8.83919022558257,3.3012390575604513,8.83919022558257,4.202549048466608
73028,738451.6681512522,8.83919022558257,3.3012390575604513,8.83919022558257,4.202549048466608
73029,738451.6713105149,8.83919022558257,3.3012390575604513,8.83919022558257,4.202549048466608
73030,738451.6813253594,8.83919022558257,3.3012390575604513,8.83919022558257,4.202549048466608
73031,738451.6939747151,8.83919022558257,3.3012390575604513,8.83919022558257,4.202549048466608
73032,738451.6980903721,8.83919022558257,3.3012390575604513,8.83919022558257,4.202549048466608
73033,738451.7042581964,8.83919022558257,3.3012390575604513,8.83919022558257,4.202549048466608
73034,738451.7425500868,8.83919022558257,3.3012390575604513,8.83919022558257,4.202549048466608
73036,738451.7479617315,8.83919022558257,3.3012390575604513,8.83919022558257,4.202549048466608
73037,738451.7540011826,8.83919022558257,3.3012390575604513,8.83919022558257,4.202549048466608
73038,738451.7571212461,8.83919022558257,3.3012390575604513,8.83919022558257,4.202549048466608
73039,738451.7781781316,8.83919022558257,3.3012390575604513,8.83919022558257,4.202549048466608
73040,738451.799571771,8.83919022558257,3.3012390575604513,8.83919022558257,4.202549048466608
73041,738451.8161913735,8.83919022558257,3.3012390575604513,8.83919022558257,4.202549048466608
73042,738451.8238243696,8.83919022558257,3.3012390575604513,8.83919022558257,4.202549048466608
73043,738451.8348691807,8.83919022558257,3.3012390575604513,8.83919022558257,4.202549048466608
73047,738451.9182437252,8.83919022558257,3.3012390575604513,8.83919022558257,4.202549048466608
73051,738451.9736347161,4.202549048466608,3.37845139100682,7.939391235471703,4.748832374345511
73054,738451.9799433788,4.202549048466608,3.37845139100682,7.939391235471703,4.748832374345511
73058,738452.0341592426,4.202549048466608,3.37845139100682,7.939391235471703,4.748832374345511
73059,738452.0351417649,4.202549048466608,3.37845139100682,7.939391235471703,4.748832374345511
73060,738452.0356309887,8.83919022558257,3.3012390575604513,8.83919022558257,4.202549048466608
73062,738452.064563791,8.83919022558257,3.3012390575604513,8.83919022558257,4.202549048466608
73063,738452.0721073083,8.83919022558257,3.3012390575604513,8.83919022558257,4.202549048466608
73065,738452.1107676988,8.83919022558257,3.3012390575604513,8.83919022558257,4.202549048466608
73068,738452.1828373953,8.83919022558257,3.3012390575604513,8.83919022558257,4.202549048466608
73070,738452.1981940072,8.83919022558257,3.3012390575604513,8.83919022558257,4.202549048466608
73077,738452.2674138627,8.83919022558257,3.3012390575604513,8.83919022558257,4.202549048466608
73079,738452.3666547016,8.83919022558257,3.3012390575604513,8.83919022558257,4.202549048466608
73089,738452.4613219132,8.83919022558257,3.3012390575604513,8.83919022558257,4.202549048466608
73092,738452.5910670732,8.83919022558257,3.3012390575604513,8.83919022558257,4.202549048466608
73093,738452.5922539184,8.83919022558257,3.3012390575604513,8.83919022558257,4.202549048466608
73094,738452.5962910997,8.83919022558257,3.3012390575604513,8.83919022558257,4.202549048466608
73095,738452.6366310336,8.83919022558257,3.3012390575604513,8.83919022558257,4.202549048466608
73096,738452.6500231143,8.83919022558257,3.3012390575604513,8.83919022558257,4.202549048466608
73098,738452.6604669127,8.83919022558257,3.3012390575604513,8.83919022558257,4.202549048466608
73099,738452.6711227769,8.83919022558257,3.3012390575604513,8.83919022558257,4.202549048466608
73102,738452.7228946419,8.83919022558257,3.3012390575604513,8.83919022558257,4.202549048466608
73110,738452.7692097377,8.83919022558257,3.3012390575604513,8.83919022558257,4.202549048466608
73112,738452.7902626497,8.83919022558257,3.3012390575604513,8.83919022558257,4.202549048466608
73113,738452.8260908852,8.83919022558257,3.3012390575604513,8.83919022558257,4.202549048466608
73122,738453.0014750028,8.83919022558257,3.3012390575604513,8.83919022558257,4.202549048466608
73123,738453.0051368267,8.83919022558257,3.3012390575604513,8.83919022558257,4.202549048466608
73125,738453.0309875847,8.83919022558257,3.3012390575604513,8.83919022558257,4.202549048466608
73126,738453.0906989023,8.83919022558257,3.3012390575604513,8.83919022558257,4.202549048466608
73130,738453.1973577545,8.83919022558257,7.849088824586943,8.83919022558257,7.849088824586943
73141,738453.3401893516,8.83919022558257,7.849088824586943,8.83919022558257,7.849088824586943
73151,738453.3941654968,8.83919022558257,3.3012390575604513,8.83919022558257,4.202549048466608
73161,738453.5835266554,8.83919022558257,3.3012390575604513,8.83919022558257,4.202549048466608
73165,738453.8050734444,8.83919022558257,3.3012390575604513,8.83919022558257,4.202549048466608
73167,738453.853157536,8.83919022558257,3.3012390575604513,8.83919022558257,4.202549048466608
73170,738453.8646037614,8.83919022558257,3.3012390575604513,8.83919022558257,4.202549048466608
73171,738453.866732149,8.83919022558257,3.3012390575604513,8.83919022558257,4.202549048466608
73173,738453.9061525168,8.83919022558257,3.3012390575604513,8.83919022558257,4.202549048466608
73174,738453.9397718676,8.83919022558257,3.3012390575604513,8.83919022558257,4.202549048466608
73176,738453.9679477003,8.83919022558257,3.3012390575604513,8.83919022558257,4.202549048466608
73177,738453.9784841614,8.83919022558257,3.3012390575604513,8.83919022558257,4.202549048466608
73178,738453.9817290772,8.83919022558257,3.3012390575604513,8.83919022558257,4.202549048466608
73179,738453.9976096805,8.83919022558257,3.3012390575604513,8.83919022558257,4.202549048466608
73182,738454.0532960409,8.83919022558257,3.3012390575604513,8.83919022558257,4.202549048466608
73184,738454.0655109542,8.83919022558257,3.3012390575604513,8.83919022558257,4.202549048466608
73189,738454.2763123016,8.83919022558257,3.37845139100682,8.83919022558257,4.202549048466608
73192,738454.2931136368,8.83919022558257,3.3012390575604513,8.83919022558257,4.202549048466608
73193,738454.302932562,8.83919022558257,3.3012390575604513,8.83919022558257,4.202549048466608
73205,738454.4061976722,8.83919022558257,3.3012390575604513,8.83919022558257,4.202549048466608
73226,738455.0200108618,0.6138131895568222,4.678453444154002,17.983121197437868,8.573669372592121
73229,738455.0625965955,0.6138131895568222,4.678453444154002,17.983121197437868,8.573669372592121
73232,738455.1235078038,0.6138131895568222,4.678453444154002,17.983121197437868,8.573669372592121
73233,738455.1246892313,0.6138131895568222,4.678453444154002,17.983121197437868,8.573669372592121
73234,738455.1443736734,0.6138131895568222,4.678453444154002,17.983121197437868,8.573669372592121
73240,738455.3123401742,0.6138131895568222,4.678453444154002,17.983121197437868,8.573669372592121
73253,738455.460951916,1.054754243697971,3.3012390575604513,8.83919022558257,4.202549048466608
73255,738455.4941286242,1.054754243697971,3.3012390575604513,8.83919022558257,4.202549048466608
73259,738455.538487926,1.054754243697971,3.3012390575604513,8.83919022558257,4.202549048466608
73264,738455.6580274493,1.054754243697971,3.3012390575604513,8.83919022558257,4.202549048466608
73269,738455.7181911413,1.054754243697971,3.3012390575604513,8.83919022558257,4.202549048466608
73271,738455.7849531284,1.054754243697971,3.3012390575604513,8.83919022558257,4.202549048466608
73274,738455.85403986,1.054754243697971,3.3012390575604513,8.83919022558257,4.202549048466608
73282,738456.0393635576,1.054754243697971,3.3012390575604513,8.83919022558257,4.202549048466608
73283,738456.0423300097,1.054754243697971,3.3012390575604513,8.83919022558257,4.202549048466608
73284,738456.1313576576,1.054754243697971,3.3012390575604513,8.83919022558257,4.202549048466608
73289,738456.2261596705,1.054754243697971,3.37845139100682,8.83919022558257,4.202549048466608
73290,738456.2464541661,1.054754243697971,3.37845139100682,8.83919022558257,4.202549048466608
73291,738456.3025352042,1.054754243697971,3.37845139100682,8.83919022558257,4.202549048466608
73301,738456.4221068987,1.054754243697971,3.3012390575604513,8.83919022558257,3.3012390575604513
73302,738456.4231222912,1.054754243697971,3.3012390575604513,8.83919022558257,3.3012390575604513
73303,738456.4240915665,1.054754243697971,3.3012390575604513,8.83919022558257,3.3012390575604513
73304,738456.4262953546,1.054754243697971,3.3012390575604513,8.83919022558257,3.3012390575604513
73306,738456.4326555986,1.054754243697971,3.3012390575604513,8.83919022558257,3.3012390575604513
73307,738456.434693135,1.054754243697971,3.3012390575604513,8.83919022558257,3.3012390575604513
73309,738456.4449041234,1.054754243697971,3.3012390575604513,8.83919022558257,3.3012390575604513
73312,738456.4483255988,1.054754243697971,3.37845139100682,8.83919022558257,3.37845139100682
73313,738456.4595384704,1.054754243697971,3.3012390575604513,8.83919022558257,3.3012390575604513
73314,738456.5113264666,1.054754243697971,3.3012390575604513,8.83919022558257,3.3012390575604513
73316,738456.5390614828,1.054754243697971,3.37845139100682,8.83919022558257,3.37845139100682
73321,738456.6018307717,1.054754243697971,3.37845139100682,8.83919022558257,3.37845139100682
73322,738456.604284999,1.054754243697971,1.054754243697971,8.83919022558257,7.849088824586943
73323,738456.6097187595,1.054754243697971,3.37845139100682,8.83919022558257,3.37845139100682
73325,738456.6137878168,1.054754243697971,3.37845139100682,8.83919022558257,3.37845139100682
73327,738456.6516345461,7.2806332799373195,4.565426766639575,7.939391235471703,7.7910521373851225
73329,738456.7393940086,1.054754243697971,3.3012390575604513,8.83919022558257,3.3012390575604513
73330,738456.7507704812,1.054754243697971,3.3012390575604513,8.83919022558257,3.3012390575604513
73342,738456.8642392411,1.054754243697971,3.3012390575604513,8.83919022558257,3.3012390575604513
73343,738456.88694764,1.054754243697971,3.3012390575604513,8.83919022558257,3.3012390575604513
73344,738456.8919078183,1.054754243697971,3.3012390575604513,8.83919022558257,3.3012390575604513
73348,738456.9181189531,1.054754243697971,3.3012390575604513,8.83919022558257,3.3012390575604513
73349,738456.920535232,1.054754243697971,3.3012390575604513,8.83919022558257,3.3012390575604513
73350,738456.9219448862,1.054754243697971,3.3012390575604513,8.83919022558257,3.3012390575604513
73351,738456.9241389851,1.054754243697971,3.3012390575604513,8.83919022558257,3.3012390575604513
73352,738456.9246359074,1.054754243697971,3.3012390575604513,8.83919022558257,3.3012390575604513
73353,738456.9259811456,1.054754243697971,3.3012390575604513,8.83919022558257,3.3012390575604513
73354,738456.9279742526,1.054754243697971,3.3012390575604513,8.83919022558257,3.3012390575604513
73357,738456.9410889217,1.054754243697971,3.3012390575604513,8.83919022558257,3.3012390575604513
73358,738456.9418656962,1.054754243697971,3.3012390575604513,8.83919022558257,3.3012390575604513
73361,738456.9633303662,1.054754243697971,3.3012390575604513,8.83919022558257,3.3012390575604513
73364,738456.9870300528,1.054754243697971,3.3012390575604513,8.83919022558257,3.3012390575604513
73365,738456.9906193325,1.054754243697971,3.3012390575604513,8.83919022558257,3.3012390575604513
73366,738457.0031369729,1.054754243697971,3.3012390575604513,8.83919022558257,3.3012390575604513
73367,738457.0057774428,1.054754243697971,3.3012390575604513,8.83919022558257,3.3012390575604513
73370,738457.032972803,1.054754243697971,3.37845139100682,8.83919022558257,3.37845139100682
73371,738457.0711615348,1.054754243697971,3.3012390575604513,8.83919022558257,3.3012390575604513
73373,738457.1114256517,1.054754243697971,3.3012390575604513,8.83919022558257,3.3012390575604513
73374,738457.129472387,1.054754243697971,3.3012390575604513,8.83919022558257,3.3012390575604513
73376,738457.176165778,1.054754243697971,3.3012390575604513,8.83919022558257,3.3012390575604513
73377,738457.1786691988,1.054754243697971,3.3012390575604513,8.83919022558257,3.3012390575604513
73378,738457.1795339625,1.054754243697971,3.3012390575604513,8.83919022558257,3.3012390575604513
73379,738457.1909088258,1.054754243697971,3.3012390575604513,8.83919022558257,3.3012390575604513
73380,738457.2087534661,1.054754243697971,3.3012390575604513,8.83919022558257,3.3012390575604513
73381,738457.2104705095,1.054754243697971,3.3012390575604513,8.83919022558257,3.3012390575604513
73386,738457.2376340536,1.054754243697971,3.3012390575604513,8.83919022558257,3.3012390575604513
73387,738457.2378625799,1.054754243697971,3.3012390575604513,8.83919022558257,3.3012390575604513
73391,738457.3367134905,1.054754243697971,3.37845139100682,8.83919022558257,3.37845139100682
73403,738457.5760247428,1.054754243697971,3.3012390575604513,8.83919022558257,3.3012390575604513
73410,738457.7040159586,1.054754243697971,3.3012390575604513,8.83919022558257,3.3012390575604513
73412,738457.7104651856,1.054754243697971,3.3012390575604513,8.83919022558257,3.3012390575604513
73417,738457.8379552207,1.054754243697971,3.3012390575604513,8.83919022558257,3.3012390575604513
73418,738457.840646477,1.054754243697971,3.3012390575604513,8.83919022558257,3.3012390575604513
73422,738457.9214814091,1.054754243697971,3.3012390575604513,8.83919022558257,3.3012390575604513
73423,738457.9338062672,1.054754243697971,3.3012390575604513,8.83919022558257,3.3012390575604513
73425,738457.9495538593,1.054754243697971,3.3012390575604513,8.83919022558257,3.3012390575604513
73428,738457.9906936013,1.339059055200778,4.677999829989858,17.094964504474774,7.939391235471703
73430,738457.9950653526,1.339059055200778,4.677999829989858,17.094964504474774,7.939391235471703
73433,738458.06448301,1.339059055200778,4.677999829989858,17.094964504474774,7.939391235471703
73434,738458.0739504109,1.339059055200778,4.677999829989858,17.094964504474774,7.939391235471703
73435,738458.1321590226,1.339059055200778,4.677999829989858,17.094964504474774,7.939391235471703
73436,738458.157276711,1.339059055200778,4.677999829989858,17.094964504474774,7.939391235471703
73437,738458.1628994351,1.339059055200778,4.677999829989858,17.094964504474774,7.939391235471703
73438,738458.1664461308,1.339059055200778,4.677999829989858,17.094964504474774,7.939391235471703
73439,738458.1756959747,1.339059055200778,4.677999829989858,17.094964504474774,7.939391235471703
73449,738458.3216445828,7.2806332799373195,3.37845139100682,7.939391235471703,4.748832374345511
73469,738458.6491420155,7.2806332799373195,3.37845139100682,7.939391235471703,4.748832374345511
73470,738458.6868861769,7.2806332799373195,3.37845139100682,7.939391235471703,4.748832374345511
73476,738458.787230525,7.2806332799373195,3.37845139100682,7.939391235471703,4.748832374345511
73477,738458.7923675699,7.2806332799373195,3.37845139100682,7.939391235471703,4.748832374345511
73478,738458.802259818,7.2806332799373195,3.37845139100682,7.939391235471703,4.748832374345511
73479,738458.814632049,7.2806332799373195,3.37845139100682,7.939391235471703,4.748832374345511
73480,738458.8557678908,7.2806332799373195,3.37845139100682,7.939391235471703,4.748832374345511
73481,738458.9024058442,7.2806332799373195,3.37845139100682,7.939391235471703,4.748832374345511
73482,738458.9292092248,7.2806332799373195,3.37845139100682,7.939391235471703,4.748832374345511
73483,738458.9317377213,7.2806332799373195,3.37845139100682,7.939391235471703,4.748832374345511
73485,738458.9387397827,7.2806332799373195,3.37845139100682,7.939391235471703,4.748832374345511
73486,738458.9418519114,7.2806332799373195,3.37845139100682,7.939391235471703,4.748832374345511
73487,738458.9451466508,7.2806332799373195,3.37845139100682,7.939391235471703,4.748832374345511
73488,738458.9513833778,1.054754243697971,3.3012390575604513,8.83919022558257,3.3012390575604513
73489,738458.972690314,1.054754243697971,3.3012390575604513,8.83919022558257,3.3012390575604513
73490,738458.9838551949,1.054754243697971,3.3012390575604513,8.83919022558257,3.3012390575604513
73491,738458.9961338764,1.054754243697971,3.3012390575604513,8.83919022558257,3.3012390575604513
73492,738459.0028380348,1.054754243697971,3.37845139100682,8.83919022558257,3.37845139100682
73493,738459.0028389933,1.054754243697971,1.054754243697971,8.83919022558257,7.849088824586943
73494,738459.0258944305,1.054754243697971,1.054754243697971,8.83919022558257,7.849088824586943
73498,738459.0634865704,1.054754243697971,1.054754243697971,8.83919022558257,7.849088824586943
73499,738459.0656320151,1.054754243697971,1.054754243697971,8.83919022558257,7.849088824586943
73500,738459.067611332,1.054754243697971,1.054754243697971,8.83919022558257,7.849088824586943
73503,738459.0984812641,1.054754243697971,1.054754243697971,8.83919022558257,7.849088824586943
73507,738459.1417631983,1.054754243697971,1.054754243697971,8.83919022558257,7.849088824586943
73514,738459.1630799888,1.054754243697971,1.054754243697971,8.83919022558257,7.849088824586943
73520,738459.3078967108,1.054754243697971,1.054754243697971,8.83919022558257,7.849088824586943
73523,738459.3462826052,1.054754243697971,3.3012390575604513,8.83919022558257,3.3012390575604513
73524,738459.373888301,1.054754243697971,3.37845139100682,8.83919022558257,3.37845139100682
73532,738459.4269591093,1.054754243697971,3.3012390575604513,8.83919022558257,3.3012390575604513
73540,738459.5297324423,1.054754243697971,3.3012390575604513,8.83919022558257,3.3012390575604513
73551,738459.7657081005,1.054754243697971,3.3012390575604513,8.83919022558257,3.3012390575604513
73552,738459.7730209368,1.054754243697971,3.3012390575604513,8.83919022558257,3.3012390575604513
73556,738459.8233082322,1.054754243697971,3.3012390575604513,8.83919022558257,3.3012390575604513
73557,738459.8449110464,1.054754243697971,3.3012390575604513,8.83919022558257,3.3012390575604513
73558,738459.8480181849,1.054754243697971,3.3012390575604513,8.83919022558257,3.3012390575604513
73560,738459.923632109,1.054754243697971,3.3012390575604513,8.83919022558257,3.3012390575604513
73562,738459.9599217947,1.054754243697971,1.054754243697971,8.83919022558257,3.3012390575604513
73563,738459.9769536594,1.054754243697971,1.054754243697971,8.83919022558257,3.3012390575604513
73565,738460.0801369334,1.758492350578308,4.677999829989858,12.645277330186218,7.939391235471703
73566,738460.113241785,1.758492350578308,4.677999829989858,12.645277330186218,7.939391235471703
73590,738460.532424133,1.054754243697971,1.054754243697971,8.83919022558257,3.3012390575604513
73599,738460.7425413053,1.054754243697971,1.054754243697971,8.83919022558257,3.3012390575604513
73604,738460.8570923925,1.054754243697971,1.054754243697971,8.83919022558257,3.3012390575604513
73611,738460.9715766388,1.054754243697971,1.054754243697971,8.83919022558257,3.3012390575604513
73613,738460.9795035927,1.054754243697971,1.054754243697971,8.83919022558257,3.3012390575604513
73614,738460.9930834136,1.054754243697971,1.054754243697971,8.83919022558257,3.3012390575604513
73619,738461.064294516,1.054754243697971,1.054754243697971,8.83919022558257,3.3012390575604513
73642,738461.1233095565,1.054754243697971,1.054754243697971,8.83919022558257,3.3012390575604513
73652,738461.2611361839,1.054754243697971,1.054754243697971,8.83919022558257,3.3012390575604513
73653,738461.2663679253,1.054754243697971,1.054754243697971,8.83919022558257,3.3012390575604513
73655,738461.2802954412,1.054754243697971,1.054754243697971,8.83919022558257,3.3012390575604513
73658,738461.338475747,1.054754243697971,1.054754243697971,8.83919022558257,3.3012390575604513
73665,738461.3765463906,1.054754243697971,1.054754243697971,8.83919022558257,3.3012390575604513
73666,738461.380184557,1.054754243697971,1.054754243697971,8.83919022558257,3.3012390575604513
73674,738461.4187505114,1.054754243697971,1.054754243697971,8.114609677577391,3.37845139100682
73678,738461.4737589555,1.054754243697971,1.054754243697971,8.83919022558257,3.3012390575604513
73679,738461.4989026547,1.054754243697971,1.054754243697971,8.83919022558257,7.849088824586943
73680,738461.5106890751,1.054754243697971,1.054754243697971,8.83919022558257,7.849088824586943
73686,738461.6154926904,1.054754243697971,1.054754243697971,8.83919022558257,7.849088824586943
73691,738461.781601016,1.054754243697971,1.054754243697971,8.83919022558257,7.849088824586943
73693,738461.8640888217,1.054754243697971,1.054754243697971,8.83919022558257,7.849088824586943
73695,738461.8852389671,1.054754243697971,1.054754243697971,8.83919022558257,7.849088824586943
73696,738461.9488065847,1.054754243697971,1.054754243697971,8.83919022558257,3.3012390575604513
73697,738461.9684490947,1.054754243697971,1.054754243697971,8.83919022558257,3.3012390575604513
73702,738462.0588065754,1.054754243697971,1.054754243697971,8.83919022558257,3.3012390575604513
73707,738462.300532029,1.054754243697971,1.054754243697971,8.83919022558257,3.3012390575604513
73708,738462.302335742,4.677999829989858,1.9498473688727245,7.2806332799373195,4.748832374345511
73760,738462.830266151,4.677999829989858,1.9498473688727245,7.2806332799373195,4.748832374345511
73763,738462.9557102812,4.677999829989858,1.9498473688727245,7.2806332799373195,4.748832374345511
73764,738462.9909615197,12.097752740955912,1.054754243697971,12.340804864419624,8.573669372592121
73786,738463.3368011828,6.3480098666623235,2.302677585510537,6.3480098666623235,3.384844440035522
73800,738463.6293248803,1.3287928513018414,1.054754243697971,8.83919022558257,3.3012390575604513
73804,738463.7065072089,1.3287928513018414,1.054754243697971,8.83919022558257,3.3012390575604513
73808,738463.8596894854,1.3287928513018414,1.054754243697971,8.83919022558257,3.3012390575604513
73810,738463.8755822158,1.3287928513018414,1.054754243697971,8.83919022558257,3.3012390575604513
73811,738463.9034210966,4.677999829989858,2.302677585510537,7.2806332799373195,3.9021818889304996
73814,738463.9486481819,4.677999829989858,2.302677585510537,7.2806332799373195,3.9021818889304996
73816,738463.9692801876,4.677999829989858,2.302677585510537,7.2806332799373195,3.9021818889304996
73817,738463.9807402942,4.677999829989858,2.302677585510537,7.2806332799373195,3.9021818889304996
73824,738464.2069305085,1.3287928513018414,1.054754243697971,8.83919022558257,3.3012390575604513
73825,738464.2243261774,1.3287928513018414,1.054754243697971,8.83919022558257,3.3012390575604513
73826,738464.2330669215,1.3287928513018414,1.054754243697971,8.83919022558257,3.3012390575604513
73827,738464.2348256251,1.3287928513018414,1.054754243697971,8.83919022558257,3.3012390575604513
73843,738464.4947774753,1.3287928513018414,1.054754243697971,8.83919022558257,3.3012390575604513
73849,738464.5662969337,1.3287928513018414,1.054754243697971,8.83919022558257,3.3012390575604513
73855,738464.6626930283,1.3287928513018414,1.054754243697971,8.83919022558257,3.3012390575604513
73863,738464.8928568239,4.879689028603025,1.054754243697971,4.879689028603025,3.37845139100682
73865,738464.8967148383,1.3287928513018414,1.054754243697971,8.83919022558257,3.3012390575604513
73867,738464.9294864393,1.3287928513018414,1.054754243697971,8.83919022558257,3.3012390575604513
73895,738465.6215793295,1.3287928513018414,1.054754243697971,8.83919022558257,3.3012390575604513
73903,738465.6738352263,1.3287928513018414,1.054754243697971,8.83919022558257,3.3012390575604513
73913,738466.01451816,4.677999829989858,2.302677585510537,4.677999829989858,3.384844440035522
73914,738466.0282359719,4.677999829989858,2.302677585510537,4.677999829989858,3.384844440035522
73915,738466.057761347,4.677999829989858,2.302677585510537,4.677999829989858,3.384844440035522
73917,738466.0940801695,4.677999829989858,2.302677585510537,4.677999829989858,3.384844440035522
73926,738466.3229882151,4.677999829989858,2.302677585510537,4.677999829989858,3.384844440035522
73933,738466.5725054706,4.677999829989858,2.302677585510537,4.677999829989858,3.384844440035522
73934,738466.6733051677,4.677999829989858,2.302677585510537,4.677999829989858,3.384844440035522
73936,738466.7373931546,4.677999829989858,2.302677585510537,4.677999829989858,3.384844440035522
73938,738466.9095259506,4.677999829989858,2.302677585510537,4.677999829989858,3.384844440035522
73950,738467.1391201261,4.677999829989858,2.302677585510537,4.677999829989858,3.384844440035522
73951,738467.1492595776,4.677999829989858,2.302677585510537,4.677999829989858,3.384844440035522
73987,738467.9014168187,4.677999829989858,2.302677585510537,4.677999829989858,3.384844440035522
73988,738467.9233730346,3.4741063124965876,1.9088548745494336,13.3472976841731,3.37845139100682
73992,738468.054359302,3.4741063124965876,1.9088548745494336,13.3472976841731,3.37845139100682
74005,738468.498575862,3.4741063124965876,1.9088548745494336,13.3472976841731,3.37845139100682
74006,738468.5036076605,3.4741063124965876,1.9088548745494336,13.3472976841731,3.37845139100682
74017,738468.6957462894,2.6812281294260174,1.9088548745494336,4.677999829989858,3.37845139100682
74019,738468.7463540118,2.6812281294260174,1.9088548745494336,4.677999829989858,3.37845139100682
74029,738469.0106211096,2.6812281294260174,1.9088548745494336,4.677999829989858,3.37845139100682
74055,738469.4971035997,3.823268373380415,2.2495378082385287,3.823268373380415,3.3012390575604513
74057,738469.5820635392,3.823268373380415,2.2495378082385287,3.823268373380415,3.3012390575604513
74058,738469.6185983053,3.823268373380415,2.2495378082385287,3.823268373380415,3.3012390575604513
74059,738469.6426400092,3.823268373380415,2.2495378082385287,3.823268373380415,3.3012390575604513
74063,738469.7914438022,3.823268373380415,2.2495378082385287,3.823268373380415,3.3012390575604513
74073,738469.9434259321,3.823268373380415,2.2495378082385287,3.823268373380415,7.849088824586943
74072,738469.9434294653,3.823268373380415,2.2495378082385287,3.823268373380415,3.37845139100682
74075,738469.9917857738,3.823268373380415,2.2495378082385287,3.823268373380415,3.3012390575604513
74077,738470.0212577375,3.823268373380415,2.2495378082385287,3.823268373380415,3.3012390575604513
74079,738470.0966159052,3.823268373380415,2.2495378082385287,3.823268373380415,3.3012390575604513
74082,738470.1404745596,3.823268373380415,2.2495378082385287,3.823268373380415,3.3012390575604513
74083,738470.1893574707,3.823268373380415,2.2495378082385287,3.823268373380415,3.3012390575604513
74085,738470.2406884137,3.823268373380415,2.2495378082385287,3.823268373380415,3.3012390575604513
74086,738470.2506683855,3.823268373380415,2.2495378082385287,3.823268373380415,3.3012390575604513
74088,738470.2999464613,3.823268373380415,2.2495378082385287,3.823268373380415,3.3012390575604513
74089,738470.3082767074,3.823268373380415,2.2495378082385287,3.823268373380415,3.3012390575604513
74107,738470.5922063446,6.611466050380841,2.6812281294260174,6.611466050380841,3.9696896204259247
74118,738470.738437344,6.611466050380841,2.6812281294260174,6.611466050380841,3.9696896204259247
74125,738470.8500570754,3.823268373380415,2.2495378082385287,3.823268373380415,3.3012390575604513
74126,738470.9273517504,3.823268373380415,2.2495378082385287,3.823268373380415,3.3012390575604513
74130,738470.9863879884,3.823268373380415,2.2495378082385287,3.823268373380415,3.3012390575604513
74133,738471.0885610894,3.823268373380415,2.2495378082385287,3.823268373380415,3.3012390575604513
74136,738471.1297207316,3.823268373380415,2.2495378082385287,3.823268373380415,3.3012390575604513
74176,738471.6760287106,3.823268373380415,2.2495378082385287,3.823268373380415,3.3012390575604513
74177,738471.6798082913,3.823268373380415,2.2495378082385287,3.823268373380415,3.3012390575604513
74178,738471.6806394741,3.823268373380415,2.2495378082385287,3.823268373380415,3.3012390575604513
74179,738471.6985272642,3.823268373380415,2.2495378082385287,3.823268373380415,3.3012390575604513
74180,738471.7197955577,3.823268373380415,2.2495378082385287,3.823268373380415,3.3012390575604513
74182,738471.7358326417,3.823268373380415,2.2495378082385287,3.823268373380415,3.3012390575604513
74183,738471.747456175,3.823268373380415,2.2495378082385287,3.823268373380415,3.3012390575604513
74191,738471.8943704228,3.823268373380415,2.2495378082385287,3.823268373380415,3.3012390575604513
74195,738472.0280856238,3.823268373380415,2.2495378082385287,3.823268373380415,3.3012390575604513
74196,738472.1044851843,3.823268373380415,2.2495378082385287,3.823268373380415,3.3012390575604513
74204,738472.3354240614,3.823268373380415,2.2495378082385287,3.823268373380415,3.3012390575604513
74207,738472.3938110479,3.823268373380415,2.2495378082385287,3.823268373380415,3.3012390575604513
74210,738472.4262088287,3.823268373380415,2.2495378082385287,3.823268373380415,3.3012390575604513
74219,738472.6745725191,3.823268373380415,2.2495378082385287,3.823268373380415,3.3012390575604513
74230,738473.0390067513,3.823268373380415,2.2495378082385287,3.823268373380415,3.3012390575604513
74237,738473.3555149045,3.823268373380415,2.2495378082385287,3.823268373380415,3.3012390575604513
74243,738473.4870201531,0.7486769601237029,4.721883466932923,18.46700929128565,4.721883466932923
74261,738473.7788428549,0.7486769601237029,4.721883466932923,18.46700929128565,4.721883466932923
74268,738473.8251703384,4.721883466932923,1.9088548745494336,4.721883466932923,3.37845139100682
74269,738473.8318877149,4.721883466932923,1.9088548745494336,4.721883466932923,3.37845139100682
74273,738473.9325948432,4.721883466932923,1.9088548745494336,4.721883466932923,3.37845139100682
74276,738474.0453252532,4.721883466932923,1.9088548745494336,4.721883466932923,3.37845139100682
74285,738474.3030378988,4.721883466932923,1.9088548745494336,4.721883466932923,3.37845139100682
74305,738474.4908626754,3.823268373380415,2.2495378082385287,3.823268373380415,2.2495378082385287
74315,738474.5617586557,3.823268373380415,2.2495378082385287,3.823268373380415,2.2495378082385287
74319,738474.5678871644,3.823268373380415,2.2495378082385287,3.823268373380415,2.2495378082385287
74320,738474.5795516536,0.7486769601237029,6.611466050380841,0.7486769601237029,6.611466050380841
74324,738474.8510996533,0.7486769601237029,6.611466050380841,0.7486769601237029,6.611466050380841
74336,738475.346431055,0.7486769601237029,6.611466050380841,0.7486769601237029,6.611466050380841
74384,738476.2845579223,0.7486769601237029,6.611466050380841,0.7486769601237029,6.611466050380841
74386,738476.2927857949,0.7486769601237029,6.611466050380841,0.7486769601237029,6.611466050380841
74387,738476.293756115,3.823268373380415,2.2495378082385287,3.823268373380415,2.2495378082385287
74397,738476.4019346379,3.823268373380415,2.2495378082385287,3.823268373380415,2.2495378082385287
74410,738476.8968981397,3.823268373380415,2.2495378082385287,3.823268373380415,2.2495378082385287
74441,738477.9368175763,3.823268373380415,2.2495378082385287,3.823268373380415,2.2495378082385287
74478,738478.7194663276,3.823268373380415,2.2495378082385287,3.823268373380415,2.2495378082385287
74484,738478.8933964395,3.823268373380415,2.2495378082385287,3.823268373380415,2.2495378082385287
74496,738479.0693596861,3.823268373380415,2.172461546375416,3.823268373380415,2.172461546375416
74497,738479.0709488505,3.823268373380415,2.172461546375416,3.823268373380415,2.172461546375416
74498,738479.0731496903,3.823268373380415,2.172461546375416,3.823268373380415,2.172461546375416
74499,738479.0770890875,3.823268373380415,2.172461546375416,3.823268373380415,2.172461546375416
74502,738479.1084934784,3.823268373380415,2.172461546375416,3.823268373380415,2.172461546375416
74503,738479.1127502478,3.823268373380415,2.172461546375416,3.823268373380415,2.172461546375416
74514,738479.4148709413,3.823268373380415,2.172461546375416,3.823268373380415,2.172461546375416
74515,738479.4247410032,3.823268373380415,2.172461546375416,3.823268373380415,2.172461546375416
74518,738479.4527081832,3.823268373380415,2.172461546375416,3.823268373380415,2.172461546375416
74520,738479.4633805319,3.823268373380415,2.172461546375416,3.823268373380415,2.172461546375416
74522,738479.476946721,3.823268373380415,2.172461546375416,3.823268373380415,2.172461546375416
74536,738479.7351355437,11.039389254292473,2.172461546375416,11.039389254292473,2.172461546375416
74546,738480.005000149,11.039389254292473,2.172461546375416,11.039389254292473,2.172461546375416
74547,738480.0288852331,11.039389254292473,2.172461546375416,11.039389254292473,2.172461546375416
74599,738480.9603256751,11.039389254292473,2.172461546375416,11.039389254292473,2.172461546375416
74607,738481.2085754406,2.172461546375416,2.172461546375416,3.823268373380415,2.2495378082385287
74611,738481.3173400284,2.172461546375416,2.172461546375416,3.823268373380415,2.2495378082385287
74615,738481.3712407955,2.172461546375416,2.172461546375416,3.823268373380415,2.2495378082385287
74617,738481.3768436146,10.784637270029634,5.155583890154958,10.784637270029634,5.155583890154958
74657,738482.64081825,10.784637270029634,5.155583890154958,10.784637270029634,5.155583890154958
74660,738482.6969685983,10.784637270029634,5.155583890154958,10.784637270029634,5.155583890154958
74670,738482.9611234678,11.039389254292473,2.4618684001034126,11.039389254292473,2.4618684001034126
74671,738482.9627109738,11.039389254292473,2.4618684001034126,11.039389254292473,2.4618684001034126
74675,738483.1337192788,11.039389254292473,2.4618684001034126,11.039389254292473,2.4618684001034126
74676,738483.1398521119,11.039389254292473,2.4618684001034126,11.039389254292473,2.4618684001034126
74683,738483.320864769,4.311677300836891,2.172461546375416,4.311677300836891,3.823268373380415
74684,738483.3210304066,6.423966629314236,2.172461546375416,6.423966629314236,3.823268373380415
74685,738483.3278995435,6.423966629314236,2.172461546375416,6.423966629314236,3.823268373380415
74691,738483.4909557728,2.172461546375416,2.172461546375416,3.823268373380415,2.2495378082385287
74698,738483.6371419706,2.172461546375416,2.172461546375416,3.823268373380415,2.2495378082385287
74700,738483.6598981677,2.172461546375416,2.172461546375416,3.823268373380415,2.2495378082385287
74703,738483.8257436752,2.172461546375416,2.172461546375416,2.172461546375416,12.681097325170413
74706,738483.952202618,2.172461546375416,2.172461546375416,2.172461546375416,12.681097325170413
74707,738483.9986310868,2.172461546375416,2.172461546375416,2.172461546375416,12.681097325170413
74711,738484.1269306687,2.172461546375416,2.172461546375416,2.172461546375416,12.681097325170413
74713,738484.1528949564,2.172461546375416,2.172461546375416,2.172461546375416,12.681097325170413
74716,738484.2474135432,2.172461546375416,2.172461546375416,23.74560674186796,11.039389254292473
74718,738484.2653748249,2.172461546375416,2.172461546375416,23.74560674186796,11.039389254292473
74733,738484.5021934311,2.172461546375416,2.172461546375416,3.823268373380415,2.2495378082385287
74734,738484.503671808,2.172461546375416,2.172461546375416,3.823268373380415,2.2495378082385287
74735,738484.5076799429,2.172461546375416,2.172461546375416,3.823268373380415,2.2495378082385287
74737,738484.5219190257,2.172461546375416,2.172461546375416,3.823268373380415,2.2495378082385287
74739,738484.5531092698,2.172461546375416,2.172461546375416,3.823268373380415,2.2495378082385287
74740,738484.5673664939,2.172461546375416,2.172461546375416,3.823268373380415,2.2495378082385287
74741,738484.5794941854,2.172461546375416,2.172461546375416,3.823268373380415,2.2495378082385287
74747,738484.7349564148,2.172461546375416,2.172461546375416,3.823268373380415,2.2495378082385287
74753,738484.8871237506,2.172461546375416,2.172461546375416,3.823268373380415,2.2495378082385287
74754,738484.8917702234,2.172461546375416,2.172461546375416,3.823268373380415,2.2495378082385287
74763,738485.2766408812,5.5415053374599665,2.172461546375416,11.522834596340545,2.172461546375416
74784,738486.0610262658,5.5415053374599665,2.172461546375416,11.522834596340545,2.172461546375416
74785,738486.0827241073,5.5415053374599665,2.172461546375416,11.522834596340545,2.172461546375416
74795,738486.4939083885,3.3601891096914187,2.4618684001034126,11.039389254292473,2.4618684001034126
74796,738486.5062368747,2.172461546375416,2.172461546375416,3.823268373380415,2.2495378082385287
74811,738487.0095986648,2.172461546375416,2.172461546375416,3.823268373380415,2.2495378082385287
74825,738487.540275796,1.5842798531521112,2.172461546375416,19.616902761394158,2.172461546375416
74829,738487.5730832267,1.5842798531521112,2.172461546375416,19.616902761394158,2.172461546375416
74855,738487.922322449,1.5842798531521112,2.172461546375416,19.616902761394158,2.172461546375416
74881,738488.2361266267,1.5842798531521112,2.172461546375416,19.616902761394158,2.172461546375416
74896,738488.5149257929,1.5842798531521112,2.172461546375416,19.616902761394158,2.172461546375416
74899,738488.5629294988,1.5842798531521112,2.172461546375416,19.616902761394158,2.172461546375416
74901,738488.6055162903,1.5842798531521112,2.172461546375416,19.616902761394158,2.172461546375416
74902,738488.8472868319,1.5842798531521112,2.172461546375416,19.616902761394158,2.172461546375416
74906,738488.9146188186,1.5842798531521112,2.172461546375416,19.616902761394158,2.172461546375416
74908,738488.9627924773,2.456555602606386,2.172461546375416,3.823268373380415,2.2495378082385287
74909,738488.9717240363,2.456555602606386,2.172461546375416,3.823268373380415,2.2495378082385287
74914,738489.1518032715,2.456555602606386,2.172461546375416,3.823268373380415,2.2495378082385287
74923,738489.2077642474,2.456555602606386,2.172461546375416,3.823268373380415,2.2495378082385287
74930,738489.3984473489,2.456555602606386,2.172461546375416,3.823268373380415,2.2495378082385287
74939,738489.7739710192,2.456555602606386,2.172461546375416,3.823268373380415,2.2495378082385287
74959,738490.3049509806,2.456555602606386,2.172461546375416,3.823268373380415,2.2495378082385287
74993,738490.90830767,2.456555602606386,2.172461546375416,3.823268373380415,2.2495378082385287
75015,738491.4558637459,2.456555602606386,2.172461546375416,3.823268373380415,2.2495378082385287
75028,738491.719091947,2.456555602606386,2.172461546375416,3.823268373380415,2.2495378082385287
75038,738491.9536116698,5.4597032812889665,1.6486606892431155,11.039389254292473,2.172461546375416
75040,738491.9567076392,5.4597032812889665,1.6486606892431155,11.039389254292473,2.172461546375416
75043,738491.9671968078,5.4597032812889665,1.6486606892431155,11.039389254292473,2.172461546375416
75051,738492.1484827761,5.4597032812889665,1.6486606892431155,11.039389254292473,2.172461546375416
75059,738492.2793162424,7.002675361232832,5.4597032812889665,10.784637270029634,5.4597032812889665
75072,738492.4625216179,4.038247589603998,1.6486606892431155,5.237471971195191,2.172461546375416
75076,738492.5220652538,4.038247589603998,1.6486606892431155,5.237471971195191,2.172461546375416
75077,738492.5232792555,4.038247589603998,1.6486606892431155,5.237471971195191,2.172461546375416
75089,738492.9094516952,4.038247589603998,1.6486606892431155,5.237471971195191,2.172461546375416
75093,738493.0967303665,4.038247589603998,1.6486606892431155,5.237471971195191,2.172461546375416
75107,738493.406393603,4.038247589603998,1.6486606892431155,5.237471971195191,2.172461546375416
75115,738493.7622938175,4.038247589603998,1.6486606892431155,5.237471971195191,2.172461546375416
75118,738493.8031100105,4.038247589603998,1.6486606892431155,5.237471971195191,2.172461546375416
75124,738494.062722121,4.038247589603998,1.6486606892431155,5.237471971195191,2.172461546375416
75139,738494.4679644577,4.038247589603998,1.6486606892431155,5.237471971195191,2.172461546375416
75157,738495.12138681,4.816435829387046,2.658865192090161,4.816435829387046,2.658865192090161
75158,738495.1267694291,4.816435829387046,2.658865192090161,4.816435829387046,2.658865192090161
75168,738495.3027714607,2.8402498428476974,2.658865192090161,5.237471971195191,2.658865192090161
75197,738495.8534014893,2.8402498428476974,2.658865192090161,5.237471971195191,2.658865192090161
75206,738496.0230890191,2.8402498428476974,2.658865192090161,5.237471971195191,2.658865192090161
75213,738496.3481304798,2.8402498428476974,2.658865192090161,5.237471971195191,2.658865192090161
75242,738496.7807770589,2.8402498428476974,2.658865192090161,5.237471971195191,2.658865192090161
75248,738496.8858332044,7.185880736680701,2.658865192090161,7.185880736680701,2.658865192090161
75257,738497.2699045236,7.185880736680701,2.658865192090161,7.185880736680701,2.658865192090161
75272,738497.4618953373,7.185880736680701,2.658865192090161,7.185880736680701,2.658865192090161
75280,738497.6927017422,4.816435829387046,2.658865192090161,4.816435829387046,2.658865192090161
75284,738497.8374589678,4.816435829387046,2.658865192090161,4.816435829387046,2.658865192090161
75286,738497.9130433453,4.816435829387046,2.658865192090161,4.816435829387046,2.658865192090161
75289,738498.0845658825,4.816435829387046,2.658865192090161,4.816435829387046,2.658865192090161
75318,738498.6025083008,2.658865192090161,2.658865192090161,2.658865192090161,2.658865192090161
75323,738498.8152745925,2.658865192090161,2.658865192090161,2.658865192090161,2.658865192090161
75342,738499.3644502916,4.816435829387046,2.658865192090161,4.816435829387046,2.658865192090161
75343,738499.3650658629,4.816435829387046,2.658865192090161,4.816435829387046,2.658865192090161
75344,738499.3675040144,4.816435829387046,2.658865192090161,4.816435829387046,2.658865192090161
75358,738499.7435905735,4.816435829387046,2.658865192090161,4.816435829387046,2.658865192090161
75367,738499.9567489072,4.816435829387046,2.658865192090161,4.816435829387046,2.658865192090161
75378,738500.3514963987,11.82417449564673,2.658865192090161,11.82417449564673,2.658865192090161
75382,738500.3867342001,11.82417449564673,2.658865192090161,11.82417449564673,2.658865192090161
75392,738500.7137465208,2.658865192090161,2.658865192090161,2.658865192090161,2.658865192090161
75405,738501.0613788418,8.782062599319033,4.413335873861797,8.782062599319033,5.237471971195191
75408,738501.1752507372,8.782062599319033,4.413335873861797,8.782062599319033,5.237471971195191
75410,738501.266487553,8.782062599319033,4.413335873861797,8.782062599319033,5.237471971195191
75434,738501.7537818806,8.782062599319033,4.413335873861797,8.782062599319033,5.237471971195191
75438,738501.8938289715,4.816435829387046,2.658865192090161,4.816435829387046,2.658865192090161
75445,738501.9617197325,2.658865192090161,2.658865192090161,2.658865192090161,2.658865192090161
75446,738502.0309437653,4.816435829387046,2.658865192090161,4.816435829387046,2.658865192090161
75447,738502.037606105,4.816435829387046,2.658865192090161,4.816435829387046,2.658865192090161
75508,738503.7697495483,2.658865192090161,4.816435829387046,20.4487191416556,4.816435829387046
75543,738504.7033672672,2.658865192090161,4.816435829387046,20.4487191416556,4.816435829387046
75544,738504.7037583455,2.658865192090161,4.816435829387046,20.4487191416556,4.816435829387046
75545,738504.7061231785,2.658865192090161,4.816435829387046,20.4487191416556,4.816435829387046
75546,738504.7079088456,2.658865192090161,4.816435829387046,20.4487191416556,4.816435829387046
75547,738504.7085555773,2.658865192090161,4.816435829387046,20.4487191416556,4.816435829387046
75548,738504.7301061483,2.658865192090161,4.816435829387046,20.4487191416556,4.816435829387046
75549,738504.7305988441,2.658865192090161,4.816435829387046,20.4487191416556,4.816435829387046
75555,738504.9910796852,2.658865192090161,4.816435829387046,20.4487191416556,4.816435829387046
75556,738505.0467554638,2.658865192090161,4.816435829387046,20.4487191416556,4.816435829387046
75565,738505.213123504,2.658865192090161,4.816435829387046,20.4487191416556,4.816435829387046
75593,738505.6250568985,2.658865192090161,4.816435829387046,20.4487191416556,4.816435829387046
75594,738505.6410742737,2.658865192090161,4.816435829387046,20.4487191416556,4.816435829387046
75609,738506.1639130734,2.658865192090161,4.816435829387046,20.4487191416556,4.816435829387046
75628,738506.7422978255,2.658865192090161,4.816435829387046,20.4487191416556,4.816435829387046
75633,738506.9641239903,2.658865192090161,4.816435829387046,20.4487191416556,4.816435829387046
75644,738507.1823725431,2.658865192090161,4.816435829387046,20.4487191416556,4.816435829387046
75645,738507.2100715926,5.17912782728672,3.4403220443055034,5.17912782728672,3.4403220443055034
75649,738507.264329082,5.17912782728672,3.4403220443055034,5.17912782728672,3.4403220443055034
75659,738507.3159241201,5.17912782728672,3.4403220443055034,5.17912782728672,3.4403220443055034
75670,738507.5260047163,5.17912782728672,3.4403220443055034,5.17912782728672,3.4403220443055034
75675,738507.7569849712,6.5817342340014875,6.5817342340014875,8.782062599319033,6.5817342340014875
75679,738507.7714104827,6.5817342340014875,6.5817342340014875,8.782062599319033,6.5817342340014875
75691,738507.8287053113,6.5817342340014875,6.5817342340014875,8.782062599319033,6.5817342340014875
75692,738507.8316798635,6.5817342340014875,6.5817342340014875,8.782062599319033,6.5817342340014875
75693,738507.8384630554,6.5817342340014875,6.5817342340014875,8.782062599319033,6.5817342340014875
75695,738507.8451370113,3.4403220443055034,10.959303806885146,3.4403220443055034,10.959303806885146
75708,738508.2020724219,3.4403220443055034,10.959303806885146,3.4403220443055034,10.959303806885146
75709,738508.2174730971,6.5817342340014875,5.17912782728672,6.5817342340014875,5.17912782728672
75710,738508.274473335,6.5817342340014875,5.17912782728672,6.5817342340014875,5.17912782728672
75712,738508.3065552197,6.5817342340014875,5.17912782728672,6.5817342340014875,5.17912782728672
75714,738508.3273434234,6.5817342340014875,5.17912782728672,6.5817342340014875,5.17912782728672
75718,738508.3526437024,6.5817342340014875,5.17912782728672,6.5817342340014875,5.17912782728672
75722,738508.3988172186,6.5817342340014875,5.17912782728672,6.5817342340014875,5.17912782728672
75723,738508.3991255973,6.5817342340014875,5.17912782728672,6.5817342340014875,5.17912782728672
75724,738508.3996866003,6.5817342340014875,5.17912782728672,6.5817342340014875,5.17912782728672
75729,738508.5453137523,6.5817342340014875,5.17912782728672,6.5817342340014875,5.17912782728672
75731,738508.7142221082,6.5817342340014875,6.5817342340014875,10.90247262781486,6.5817342340014875
75736,738508.7701349272,6.5817342340014875,6.5817342340014875,10.90247262781486,6.5817342340014875
75737,738508.7721526929,5.17912782728672,3.4403220443055034,5.17912782728672,3.4403220443055034
75742,738508.9344229018,5.17912782728672,3.4403220443055034,5.17912782728672,3.4403220443055034
75745,738509.0483165366,5.17912782728672,3.4403220443055034,5.17912782728672,3.4403220443055034
75746,738509.0865136988,6.5817342340014875,6.5817342340014875,8.782062599319033,6.5817342340014875
75748,738509.1727043133,6.5817342340014875,6.5817342340014875,8.782062599319033,6.5817342340014875
75761,738509.4323368609,6.5817342340014875,6.5817342340014875,8.782062599319033,6.5817342340014875
75767,738509.6278793114,6.5817342340014875,6.5817342340014875,10.90247262781486,6.5817342340014875
75768,738509.6296618044,6.5817342340014875,6.5817342340014875,10.90247262781486,6.5817342340014875
75773,738509.8495224826,6.5817342340014875,6.5817342340014875,10.90247262781486,6.5817342340014875
75777,738510.0262306855,5.17912782728672,3.4403220443055034,8.615149935241789,4.816435829387046
75787,738510.4496517642,6.5817342340014875,6.5817342340014875,10.90247262781486,6.5817342340014875
75801,738510.976996314,6.5817342340014875,6.5817342340014875,10.90247262781486,6.5817342340014875
75811,738511.0253042611,5.17912782728672,3.4403220443055034,5.17912782728672,3.4403220443055034
75832,738511.7146588679,5.17912782728672,3.4403220443055034,5.17912782728672,3.4403220443055034
75834,738511.769649119,5.17912782728672,3.4403220443055034,5.17912782728672,3.4403220443055034
75835,738511.7730549694,5.17912782728672,3.4403220443055034,5.17912782728672,3.4403220443055034
75836,738511.774403349,5.17912782728672,3.4403220443055034,5.17912782728672,3.4403220443055034
75838,738511.7773121088,5.17912782728672,3.4403220443055034,5.17912782728672,3.4403220443055034
75839,738511.7777319648,5.17912782728672,3.4403220443055034,5.17912782728672,3.4403220443055034
75840,738511.7788891445,5.17912782728672,3.4403220443055034,5.17912782728672,3.4403220443055034
75841,738511.7793455075,5.17912782728672,3.4403220443055034,5.17912782728672,3.4403220443055034
75842,738511.7796725543,5.17912782728672,3.4403220443055034,5.17912782728672,3.4403220443055034
75843,738511.7852244917,5.17912782728672,3.4403220443055034,5.17912782728672,3.4403220443055034
75844,738511.7856418453,5.17912782728672,3.4403220443055034,5.17912782728672,3.4403220443055034
75845,738511.7890861814,5.17912782728672,3.4403220443055034,5.17912782728672,3.4403220443055034
75846,738511.7897699605,5.17912782728672,3.4403220443055034,5.17912782728672,3.4403220443055034
75847,738511.7909033999,5.17912782728672,3.4403220443055034,5.17912782728672,3.4403220443055034
75848,738511.791889105,5.17912782728672,3.4403220443055034,5.17912782728672,3.4403220443055034
75849,738511.803373242,5.17912782728672,3.4403220443055034,5.17912782728672,3.4403220443055034
75850,738511.807592291,5.17912782728672,3.4403220443055034,5.17912782728672,3.4403220443055034
75851,738511.8089779802,5.17912782728672,3.4403220443055034,5.17912782728672,3.4403220443055034
75852,738511.8099593248,5.17912782728672,3.4403220443055034,5.17912782728672,3.4403220443055034
75853,738511.8118925444,5.17912782728672,3.4403220443055034,5.17912782728672,3.4403220443055034
75854,738511.8122596934,5.17912782728672,3.4403220443055034,5.17912782728672,3.4403220443055034
75855,738511.8139331804,5.17912782728672,3.4403220443055034,5.17912782728672,3.4403220443055034
75856,738511.8141725173,5.17912782728672,3.4403220443055034,5.17912782728672,3.4403220443055034
75857,738511.8208366185,5.17912782728672,3.4403220443055034,5.17912782728672,3.4403220443055034
75858,738511.8287758364,5.17912782728672,3.4403220443055034,5.17912782728672,3.4403220443055034
75859,738511.8292688348,5.17912782728672,3.4403220443055034,5.17912782728672,3.4403220443055034
75860,738511.8330696255,5.17912782728672,3.4403220443055034,5.17912782728672,3.4403220443055034
75861,738511.8357746036,5.17912782728672,3.4403220443055034,5.17912782728672,3.4403220443055034
75862,738511.8444508358,5.17912782728672,3.4403220443055034,5.17912782728672,3.4403220443055034
75863,738511.8627838021,5.17912782728672,3.4403220443055034,5.17912782728672,3.4403220443055034
75866,738511.8758680682,5.17912782728672,3.4403220443055034,5.17912782728672,3.4403220443055034
75868,738511.8926439623,5.17912782728672,3.4403220443055034,5.17912782728672,3.4403220443055034
75869,738511.8931440581,5.17912782728672,3.4403220443055034,5.17912782728672,3.4403220443055034
75870,738511.893882271,5.17912782728672,3.4403220443055034,5.17912782728672,3.4403220443055034
75871,738511.8949732243,5.17912782728672,3.4403220443055034,5.17912782728672,3.4403220443055034
75872,738511.8975060298,5.17912782728672,3.4403220443055034,5.17912782728672,3.4403220443055034
75873,738511.9013689732,5.17912782728672,3.4403220443055034,5.17912782728672,3.4403220443055034
75874,738511.9034843914,5.17912782728672,3.4403220443055034,5.17912782728672,3.4403220443055034
75876,738511.904794571,5.17912782728672,3.4403220443055034,5.17912782728672,3.4403220443055034
75877,738511.9052660384,5.17912782728672,3.4403220443055034,5.17912782728672,3.4403220443055034
75878,738511.9069603952,5.17912782728672,3.4403220443055034,5.17912782728672,3.4403220443055034
75879,738511.919981167,5.17912782728672,3.4403220443055034,5.17912782728672,3.4403220443055034
75880,738511.9204960701,5.17912782728672,3.4403220443055034,5.17912782728672,3.4403220443055034
75881,738511.9228438843,5.17912782728672,3.4403220443055034,5.17912782728672,3.4403220443055034
75882,738511.924934346,5.17912782728672,3.4403220443055034,5.17912782728672,3.4403220443055034
75883,738511.9254602457,5.17912782728672,3.4403220443055034,5.17912782728672,3.4403220443055034
75884,738511.9263745624,5.17912782728672,3.4403220443055034,5.17912782728672,3.4403220443055034
75885,738511.9296665278,5.17912782728672,3.4403220443055034,5.17912782728672,3.4403220443055034
75886,738511.9298746239,5.17912782728672,3.4403220443055034,5.17912782728672,3.4403220443055034
75887,738511.931110054,5.17912782728672,3.4403220443055034,5.17912782728672,3.4403220443055034
75888,738511.9316555072,5.17912782728672,3.4403220443055034,5.17912782728672,3.4403220443055034
75889,738511.9323401595,5.17912782728672,3.4403220443055034,5.17912782728672,3.4403220443055034
75890,738511.9345487951,5.17912782728672,3.4403220443055034,5.17912782728672,3.4403220443055034
75891,738511.9354332295,5.17912782728672,3.4403220443055034,5.17912782728672,3.4403220443055034
75892,738511.9357534965,5.17912782728672,3.4403220443055034,5.17912782728672,3.4403220443055034
75893,738511.9364956515,5.17912782728672,3.4403220443055034,5.17912782728672,3.4403220443055034
75894,738511.9372889237,5.17912782728672,3.4403220443055034,5.17912782728672,3.4403220443055034
75895,738511.9413377214,5.17912782728672,3.4403220443055034,5.17912782728672,3.4403220443055034
75896,738511.9425699196,5.17912782728672,3.4403220443055034,5.17912782728672,3.4403220443055034
75897,738511.9433858469,5.17912782728672,3.4403220443055034,5.17912782728672,3.4403220443055034
75898,738511.943906684,5.17912782728672,3.4403220443055034,5.17912782728672,3.4403220443055034
75900,738511.949509964,5.17912782728672,3.4403220443055034,5.17912782728672,3.4403220443055034
75901,738511.9501180317,5.17912782728672,3.4403220443055034,5.17912782728672,3.4403220443055034
75903,738511.9506415764,5.17912782728672,3.4403220443055034,5.17912782728672,3.4403220443055034
75904,738511.9510701778,5.17912782728672,3.4403220443055034,5.17912782728672,3.4403220443055034
75905,738511.9535684803,5.17912782728672,3.4403220443055034,5.17912782728672,3.4403220443055034
75906,738511.9551749872,5.17912782728672,3.4403220443055034,5.17912782728672,3.4403220443055034
75907,738511.9556674681,5.17912782728672,3.4403220443055034,5.17912782728672,3.4403220443055034
75908,738511.9580373244,5.17912782728672,3.4403220443055034,5.17912782728672,3.4403220443055034
75909,738511.9593156996,5.17912782728672,3.4403220443055034,5.17912782728672,3.4403220443055034
75910,738511.9621163018,5.17912782728672,3.4403220443055034,5.17912782728672,3.4403220443055034
75911,738511.9627089818,5.17912782728672,3.4403220443055034,5.17912782728672,3.4403220443055034
75912,738511.9663696318,5.17912782728672,3.4403220443055034,5.17912782728672,3.4403220443055034
75913,738511.9692604475,5.17912782728672,3.4403220443055034,5.17912782728672,3.4403220443055034
75914,738511.9709446036,5.17912782728672,3.4403220443055034,5.17912782728672,3.4403220443055034
75915,738511.9736115335,5.17912782728672,3.4403220443055034,5.17912782728672,3.4403220443055034
75916,738511.97665944,5.17912782728672,3.4403220443055034,5.17912782728672,3.4403220443055034
75918,738511.9889738752,5.17912782728672,3.4403220443055034,5.17912782728672,3.4403220443055034
75919,738511.9895324309,5.17912782728672,3.4403220443055034,5.17912782728672,3.4403220443055034
75920,738511.995149138,5.17912782728672,3.4403220443055034,5.17912782728672,3.4403220443055034
75921,738511.9957917852,5.17912782728672,3.4403220443055034,5.17912782728672,3.4403220443055034
75922,738511.9960560454,5.17912782728672,3.4403220443055034,5.17912782728672,3.4403220443055034
75923,738512.0039667422,5.17912782728672,3.4403220443055034,5.17912782728672,3.4403220443055034
75925,738512.019082315,5.17912782728672,3.4403220443055034,5.17912782728672,3.4403220443055034
75926,738512.0279085392,5.17912782728672,3.4403220443055034,5.17912782728672,3.4403220443055034
75927,738512.0292911425,5.17912782728672,3.4403220443055034,5.17912782728672,3.4403220443055034
75928,738512.0302564051,5.17912782728672,3.4403220443055034,5.17912782728672,3.4403220443055034
75930,738512.0320090858,5.17912782728672,3.4403220443055034,5.17912782728672,3.4403220443055034
75931,738512.037121831,5.17912782728672,3.4403220443055034,5.17912782728672,3.4403220443055034
75932,738512.0395994144,5.17912782728672,3.4403220443055034,5.17912782728672,3.4403220443055034
75933,738512.0446359251,5.17912782728672,3.4403220443055034,5.17912782728672,3.4403220443055034
75934,738512.057923831,5.17912782728672,3.4403220443055034,5.17912782728672,3.4403220443055034
75935,738512.0670656601,5.17912782728672,3.4403220443055034,5.17912782728672,3.4403220443055034
75937,738512.0830341525,5.17912782728672,3.4403220443055034,5.17912782728672,3.4403220443055034
75938,738512.0848263563,5.17912782728672,3.4403220443055034,5.17912782728672,3.4403220443055034
75939,738512.0904531851,5.17912782728672,3.4403220443055034,5.17912782728672,3.4403220443055034
75940,738512.1127761161,5.17912782728672,3.4403220443055034,5.17912782728672,3.4403220443055034
75941,738512.113352882,5.17912782728672,3.4403220443055034,5.17912782728672,3.4403220443055034
75942,738512.1137253289,5.17912782728672,3.4403220443055034,5.17912782728672,3.4403220443055034
75943,738512.1188175863,5.17912782728672,3.4403220443055034,5.17912782728672,3.4403220443055034
75945,738512.1284531825,5.17912782728672,3.4403220443055034,5.17912782728672,3.4403220443055034
75946,738512.1400796085,5.17912782728672,3.4403220443055034,5.17912782728672,3.4403220443055034
75948,738512.1625528357,5.17912782728672,3.4403220443055034,5.17912782728672,3.4403220443055034
75950,738512.1725398671,5.17912782728672,3.4403220443055034,5.17912782728672,3.4403220443055034
75952,738512.1986820701,5.17912782728672,3.4403220443055034,5.17912782728672,3.4403220443055034
75953,738512.1996378052,5.17912782728672,3.4403220443055034,5.17912782728672,3.4403220443055034
75954,738512.2021380397,5.17912782728672,3.4403220443055034,5.17912782728672,3.4403220443055034
75955,738512.2035538391,5.17912782728672,3.4403220443055034,5.17912782728672,3.4403220443055034
75958,738512.2058953209,5.17912782728672,3.4403220443055034,5.17912782728672,3.4403220443055034
75959,738512.2063981647,5.17912782728672,3.4403220443055034,5.17912782728672,3.4403220443055034
75961,738512.2617404467,5.17912782728672,3.4403220443055034,5.17912782728672,3.4403220443055034
75962,738512.2873362154,5.17912782728672,3.4403220443055034,5.17912782728672,3.4403220443055034
75964,738512.3122103711,5.17912782728672,3.4403220443055034,5.17912782728672,3.4403220443055034
75966,738512.317730307,5.17912782728672,3.4403220443055034,5.17912782728672,3.4403220443055034
75967,738512.3217409339,5.17912782728672,3.4403220443055034,5.17912782728672,3.4403220443055034
75975,738512.4045664035,5.17912782728672,3.4403220443055034,5.17912782728672,3.4403220443055034
75977,738512.4114885061,5.17912782728672,3.4403220443055034,5.17912782728672,3.4403220443055034
75978,738512.411891595,5.17912782728672,3.4403220443055034,5.17912782728672,3.4403220443055034
75980,738512.4340097677,5.17912782728672,3.4403220443055034,5.17912782728672,3.4403220443055034
75981,738512.4346275796,5.17912782728672,3.4403220443055034,5.17912782728672,3.4403220443055034
75982,738512.4348914396,5.17912782728672,3.4403220443055034,5.17912782728672,3.4403220443055034
75985,738512.4495514091,0.08519817562773824,6.710031640948728,28.20213786594104,14.5674704532139
75988,738512.4543241903,0.08519817562773824,6.710031640948728,28.20213786594104,14.5674704532139
75989,738512.4564403438,5.17912782728672,3.4403220443055034,5.17912782728672,3.4403220443055034
75991,738512.4647259644,5.17912782728672,3.4403220443055034,5.17912782728672,3.4403220443055034
75992,738512.4650458938,5.17912782728672,3.4403220443055034,5.17912782728672,3.4403220443055034
75993,738512.4691439953,5.17912782728672,3.4403220443055034,5.17912782728672,3.4403220443055034
75994,738512.4800937452,5.17912782728672,3.4403220443055034,5.17912782728672,3.4403220443055034
75995,738512.4811280303,5.17912782728672,3.4403220443055034,5.17912782728672,3.4403220443055034
75996,738512.482304218,5.17912782728672,3.4403220443055034,5.17912782728672,3.4403220443055034
75997,738512.4832021439,5.17912782728672,3.4403220443055034,5.17912782728672,3.4403220443055034
75999,738512.4895827868,5.17912782728672,3.4403220443055034,5.17912782728672,3.4403220443055034
76000,738512.5041615044,5.17912782728672,3.4403220443055034,5.17912782728672,3.4403220443055034
76004,738512.5612885912,5.17912782728672,3.4403220443055034,5.17912782728672,3.4403220443055034
76009,738512.6275284565,6.5817342340014875,6.5817342340014875,6.5817342340014875,8.782062599319033
76012,738512.7243279214,5.17912782728672,3.4403220443055034,5.17912782728672,3.4403220443055034
76013,738512.7246608377,5.17912782728672,3.4403220443055034,5.17912782728672,3.4403220443055034
76014,738512.7260434226,5.17912782728672,3.4403220443055034,5.17912782728672,3.4403220443055034
76015,738512.7270220255,5.17912782728672,3.4403220443055034,5.17912782728672,3.4403220443055034
76016,738512.7286717665,5.17912782728672,3.4403220443055034,5.17912782728672,3.4403220443055034
76017,738512.7290884673,5.17912782728672,3.4403220443055034,5.17912782728672,3.4403220443055034
76018,738512.7306068859,5.17912782728672,3.4403220443055034,5.17912782728672,3.4403220443055034
76019,738512.7316240666,5.17912782728672,3.4403220443055034,5.17912782728672,3.4403220443055034
76020,738512.7325232241,5.17912782728672,3.4403220443055034,5.17912782728672,3.4403220443055034
76021,738512.7388242589,5.17912782728672,3.4403220443055034,5.17912782728672,3.4403220443055034
76022,738512.7391754095,5.17912782728672,3.4403220443055034,5.17912782728672,3.4403220443055034
76023,738512.7404834918,5.17912782728672,3.4403220443055034,5.17912782728672,3.4403220443055034
76024,738512.7408422981,5.17912782728672,3.4403220443055034,5.17912782728672,3.4403220443055034
76025,738512.7422552783,5.17912782728672,3.4403220443055034,5.17912782728672,3.4403220443055034
76026,738512.7439913148,5.17912782728672,3.4403220443055034,5.17912782728672,3.4403220443055034
76027,738512.7475050426,5.17912782728672,3.4403220443055034,5.17912782728672,3.4403220443055034
76028,738512.7482595698,5.17912782728672,3.4403220443055034,5.17912782728672,3.4403220443055034
76029,738512.7489634126,5.17912782728672,3.4403220443055034,5.17912782728672,3.4403220443055034
76030,738512.7489646914,5.17912782728672,3.4403220443055034,5.17912782728672,3.4403220443055034
76031,738512.7493386215,5.17912782728672,3.4403220443055034,5.17912782728672,3.4403220443055034
76034,738512.7549072459,5.17912782728672,3.4403220443055034,5.17912782728672,3.4403220443055034
76035,738512.7557468392,5.17912782728672,3.4403220443055034,5.17912782728672,3.4403220443055034
76036,738512.7584492487,5.17912782728672,3.4403220443055034,5.17912782728672,3.4403220443055034
76037,738512.7618442328,5.17912782728672,3.4403220443055034,5.17912782728672,3.4403220443055034
76038,738512.7648254441,5.17912782728672,3.4403220443055034,5.17912782728672,3.4403220443055034
76039,738512.7669120698,5.17912782728672,3.4403220443055034,5.17912782728672,3.4403220443055034
76040,738512.777426352,5.17912782728672,3.4403220443055034,5.17912782728672,3.4403220443055034
76041,738512.7805652337,5.17912782728672,3.4403220443055034,5.17912782728672,3.4403220443055034
76042,738512.7877353147,5.17912782728672,3.4403220443055034,5.17912782728672,3.4403220443055034
76043,738512.7883990216,5.17912782728672,3.4403220443055034,5.17912782728672,3.4403220443055034
76044,738512.7889817246,5.17912782728672,3.4403220443055034,5.17912782728672,3.4403220443055034
76045,738512.7902858008,5.17912782728672,3.4403220443055034,5.17912782728672,3.4403220443055034
76046,738512.794470093,5.17912782728672,3.4403220443055034,5.17912782728672,3.4403220443055034
76047,738512.8098316697,5.17912782728672,3.4403220443055034,5.17912782728672,3.4403220443055034
76048,738512.8128689923,5.17912782728672,3.4403220443055034,5.17912782728672,3.4403220443055034
76049,738512.8193167181,5.17912782728672,3.4403220443055034,5.17912782728672,3.4403220443055034
76050,738512.827316301,5.17912782728672,3.4403220443055034,5.17912782728672,3.4403220443055034
76051,738512.8277674437,5.17912782728672,3.4403220443055034,5.17912782728672,3.4403220443055034
76054,738512.8315526076,5.17912782728672,3.4403220443055034,5.17912782728672,3.4403220443055034
76056,738512.8327669977,5.17912782728672,3.4403220443055034,5.17912782728672,3.4403220443055034
76057,738512.834263199,5.17912782728672,3.4403220443055034,5.17912782728672,3.4403220443055034
76059,738512.8553387009,5.17912782728672,3.4403220443055034,5.17912782728672,3.4403220443055034
76060,738512.855872797,5.17912782728672,3.4403220443055034,5.17912782728672,3.4403220443055034
76061,738512.8569620748,5.17912782728672,3.4403220443055034,5.17912782728672,3.4403220443055034
76062,738512.895078528,5.17912782728672,3.4403220443055034,5.17912782728672,3.4403220443055034
76064,738512.899462784,5.17912782728672,3.4403220443055034,5.17912782728672,3.4403220443055034
76065,738512.9074753072,5.17912782728672,3.4403220443055034,5.17912782728672,3.4403220443055034
76066,738512.9079853503,5.17912782728672,3.4403220443055034,5.17912782728672,3.4403220443055034
76067,738512.9249506039,5.17912782728672,3.4403220443055034,5.17912782728672,3.4403220443055034
76070,738512.9325996359,5.17912782728672,3.4403220443055034,5.17912782728672,3.4403220443055034
76071,738512.9616213079,5.17912782728672,3.4403220443055034,5.17912782728672,3.4403220443055034
76072,738512.968342942,5.17912782728672,3.4403220443055034,5.17912782728672,3.4403220443055034
76074,738512.9756548519,5.17912782728672,3.4403220443055034,5.17912782728672,3.4403220443055034
76075,738512.9833272643,5.17912782728672,3.4403220443055034,5.17912782728672,3.4403220443055034
76076,738512.9912600997,5.17912782728672,3.4403220443055034,5.17912782728672,3.4403220443055034
76078,738513.0275166194,5.17912782728672,3.4403220443055034,5.17912782728672,3.4403220443055034
76079,738513.0594384425,5.17912782728672,3.4403220443055034,5.17912782728672,3.4403220443055034
76080,738513.0700435226,5.17912782728672,3.4403220443055034,5.17912782728672,3.4403220443055034
76081,738513.0708468551,5.17912782728672,3.4403220443055034,5.17912782728672,3.4403220443055034
76082,738513.0802118479,5.17912782728672,3.4403220443055034,5.17912782728672,3.4403220443055034
76083,738513.0818965253,5.17912782728672,3.4403220443055034,5.17912782728672,3.4403220443055034
76084,738513.0830600425,5.17912782728672,3.4403220443055034,5.17912782728672,3.4403220443055034
76085,738513.0836627235,5.17912782728672,3.4403220443055034,5.17912782728672,3.4403220443055034
76086,738513.0838248103,5.17912782728672,3.4403220443055034,5.17912782728672,3.4403220443055034
76087,738513.0842524475,5.17912782728672,3.4403220443055034,5.17912782728672,3.4403220443055034
76088,738513.0844308027,5.17912782728672,3.4403220443055034,5.17912782728672,3.4403220443055034
76089,738513.0848719651,5.17912782728672,3.4403220443055034,5.17912782728672,3.4403220443055034
76090,738513.086577784,5.17912782728672,3.4403220443055034,5.17912782728672,3.4403220443055034
76091,738513.0869704847,5.17912782728672,3.4403220443055034,5.17912782728672,3.4403220443055034
76093,738513.0939667971,5.17912782728672,3.4403220443055034,5.17912782728672,3.4403220443055034
76094,738513.099897764,5.17912782728672,3.4403220443055034,5.17912782728672,3.4403220443055034
76095,738513.1086061527,5.17912782728672,3.4403220443055034,5.17912782728672,3.4403220443055034
76098,738513.1225520852,5.17912782728672,3.4403220443055034,5.17912782728672,3.4403220443055034
76099,738513.1567769755,5.17912782728672,3.4403220443055034,5.17912782728672,3.4403220443055034
76100,738513.1575182326,5.17912782728672,3.4403220443055034,5.17912782728672,3.4403220443055034
76101,738513.1701372617,5.17912782728672,3.4403220443055034,5.17912782728672,3.4403220443055034
76102,738513.1703322744,5.17912782728672,3.4403220443055034,5.17912782728672,3.4403220443055034
76103,738513.1768139625,5.17912782728672,3.4403220443055034,5.17912782728672,3.4403220443055034
76104,738513.1808140641,5.17912782728672,3.4403220443055034,5.17912782728672,3.4403220443055034
76105,738513.2022598961,5.17912782728672,3.4403220443055034,5.17912782728672,3.4403220443055034
76109,738513.2766534536,5.17912782728672,3.4403220443055034,5.17912782728672,3.4403220443055034
76114,738513.3700601022,0.11987647810019553,6.5817342340014875,16.484226897824556,6.676970788626932
76123,738513.5075381153,0.11987647810019553,6.5817342340014875,16.484226897824556,6.676970788626932
76124,738513.5082667829,0.11987647810019553,6.5817342340014875,16.484226897824556,6.676970788626932
76125,738513.5147811999,5.17912782728672,3.4403220443055034,5.17912782728672,3.4403220443055034
76127,738513.5608837116,5.17912782728672,3.4403220443055034,5.17912782728672,3.4403220443055034
76129,738513.6075787408,5.17912782728672,3.4403220443055034,5.17912782728672,3.4403220443055034
76130,738513.6113382212,5.17912782728672,3.4403220443055034,5.17912782728672,3.4403220443055034
76131,738513.6210278232,5.17912782728672,3.4403220443055034,5.17912782728672,3.4403220443055034
76133,738513.6445287605,5.17912782728672,3.4403220443055034,5.17912782728672,3.4403220443055034
76134,738513.6503265183,5.17912782728672,3.4403220443055034,5.17912782728672,3.4403220443055034
76143,738513.7136174238,5.17912782728672,3.4403220443055034,5.17912782728672,3.4403220443055034
76146,738513.7625154437,5.17912782728672,3.4403220443055034,5.17912782728672,3.4403220443055034
76147,738513.766991729,5.17912782728672,3.4403220443055034,5.17912782728672,3.4403220443055034
76150,738513.7954440158,5.17912782728672,3.4403220443055034,5.17912782728672,3.4403220443055034
76151,738513.8232262955,5.17912782728672,3.4403220443055034,5.17912782728672,3.4403220443055034
76155,738513.837290501,5.17912782728672,3.4403220443055034,5.17912782728672,3.4403220443055034
76157,738513.8607834852,5.17912782728672,3.4403220443055034,5.17912782728672,3.4403220443055034
76158,738513.8676303778,5.17912782728672,3.4403220443055034,5.17912782728672,3.4403220443055034
76159,738513.8696482385,5.17912782728672,3.4403220443055034,5.17912782728672,3.4403220443055034
76160,738513.876143479,5.17912782728672,3.4403220443055034,5.17912782728672,3.4403220443055034
76162,738513.885887368,5.17912782728672,3.4403220443055034,5.17912782728672,3.4403220443055034
76165,738513.9148682484,5.17912782728672,3.4403220443055034,5.17912782728672,3.4403220443055034
76167,738513.9412480962,5.17912782728672,3.4403220443055034,5.17912782728672,3.4403220443055034
76168,738513.973542678,5.17912782728672,3.4403220443055034,5.17912782728672,3.4403220443055034
76169,738513.9893871509,5.17912782728672,3.4403220443055034,5.17912782728672,3.4403220443055034
76170,738514.0195062524,5.17912782728672,3.4403220443055034,5.17912782728672,3.4403220443055034
76171,738514.0256030484,5.17912782728672,3.4403220443055034,5.17912782728672,3.4403220443055034
76172,738514.0277752558,5.17912782728672,3.4403220443055034,5.17912782728672,3.4403220443055034
76173,738514.0301463595,5.17912782728672,3.4403220443055034,5.17912782728672,3.4403220443055034
76175,738514.0987707357,5.17912782728672,3.4403220443055034,5.17912782728672,3.4403220443055034
76176,738514.1114727476,5.17912782728672,3.4403220443055034,5.17912782728672,3.4403220443055034
76177,738514.1346086509,5.17912782728672,3.4403220443055034,5.17912782728672,3.4403220443055034
76178,738514.135163945,5.17912782728672,3.4403220443055034,5.17912782728672,3.4403220443055034
76180,738514.2083371609,5.17912782728672,3.4403220443055034,5.17912782728672,3.4403220443055034
76182,738514.252591117,5.17912782728672,3.4403220443055034,5.17912782728672,3.4403220443055034
76185,738514.3605472413,5.17912782728672,3.4403220443055034,5.17912782728672,3.4403220443055034
76186,738514.3716312305,5.17912782728672,3.4403220443055034,5.17912782728672,3.4403220443055034
76188,738514.4035433608,5.17912782728672,3.4403220443055034,5.17912782728672,3.4403220443055034
76190,738514.4416300153,5.17912782728672,3.4403220443055034,5.17912782728672,3.4403220443055034
76194,738514.4644196313,5.17912782728672,3.4403220443055034,5.17912782728672,3.4403220443055034
76196,738514.498421329,5.17912782728672,3.4403220443055034,5.17912782728672,3.4403220443055034
76199,738514.5472717216,5.17912782728672,3.4403220443055034,5.17912782728672,3.4403220443055034
76206,738514.6325594931,5.17912782728672,3.4403220443055034,5.17912782728672,3.4403220443055034
76210,738514.6895965823,5.17912782728672,3.4403220443055034,5.17912782728672,3.4403220443055034
76216,738514.7772124851,5.17912782728672,3.4403220443055034,5.17912782728672,3.4403220443055034
76217,738514.893577605,5.17912782728672,3.4403220443055034,5.17912782728672,3.4403220443055034
76220,738514.9706927593,5.17912782728672,3.4403220443055034,5.17912782728672,3.4403220443055034
76221,738514.9763514451,5.17912782728672,3.4403220443055034,5.17912782728672,3.4403220443055034
76223,738514.9879900952,5.17912782728672,3.4403220443055034,5.17912782728672,3.4403220443055034
76224,738515.0456962953,5.17912782728672,3.4403220443055034,5.17912782728672,3.4403220443055034
76227,738515.1063496348,5.17912782728672,3.4403220443055034,5.17912782728672,3.4403220443055034
76230,738515.1501117942,5.17912782728672,3.4403220443055034,5.17912782728672,3.4403220443055034
76231,738515.1717552025,5.17912782728672,3.4403220443055034,5.17912782728672,3.4403220443055034
76233,738515.2044970413,5.17912782728672,3.4403220443055034,5.17912782728672,3.4403220443055034
76234,738515.2241803237,4.198876062524505,5.17912782728672,4.198876062524505,5.17912782728672
76235,738515.224640775,4.198876062524505,5.17912782728672,4.198876062524505,5.17912782728672
76236,738515.2250086807,4.198876062524505,5.17912782728672,4.198876062524505,5.17912782728672
76237,738515.2255140278,4.198876062524505,3.4403220443055034,4.198876062524505,4.816435829387046
76240,738515.3304764157,5.17912782728672,3.4403220443055034,5.17912782728672,3.4403220443055034
76246,738515.3968274528,5.17912782728672,3.4403220443055034,5.17912782728672,3.4403220443055034
76248,738515.4882604054,5.17912782728672,3.4403220443055034,5.17912782728672,3.4403220443055034
76256,738515.6696146346,5.17912782728672,3.4403220443055034,5.17912782728672,3.4403220443055034
76257,738515.6698755269,5.17912782728672,3.4403220443055034,5.17912782728672,3.4403220443055034
76258,738515.6749732005,5.17912782728672,3.4403220443055034,5.17912782728672,3.4403220443055034
76261,738515.740011086,5.17912782728672,3.4403220443055034,5.17912782728672,3.4403220443055034
76264,738515.8419680482,5.17912782728672,3.4403220443055034,5.17912782728672,3.4403220443055034
76265,738515.8458471575,6.323644125601277,5.17912782728672,11.82417449564673,5.17912782728672
76266,738515.8463318489,6.323644125601277,5.17912782728672,11.82417449564673,5.17912782728672
76267,738515.9134401501,6.323644125601277,5.17912782728672,11.82417449564673,5.17912782728672
76272,738515.9925953547,5.17912782728672,3.4403220443055034,5.17912782728672,3.4403220443055034
76273,738516.0414612319,5.17912782728672,3.4403220443055034,5.17912782728672,3.4403220443055034
76275,738516.0966032392,5.17912782728672,3.4403220443055034,5.17912782728672,3.4403220443055034
76276,738516.1209195962,5.17912782728672,3.4403220443055034,5.17912782728672,3.4403220443055034
76278,738516.1641546099,5.17912782728672,3.4403220443055034,5.17912782728672,3.4403220443055034
76279,738516.164997856,5.17912782728672,3.4403220443055034,5.17912782728672,3.4403220443055034
76298,738516.5545181197,5.17912782728672,3.4403220443055034,5.17912782728672,3.4403220443055034
76301,738516.5746005989,5.17912782728672,3.4403220443055034,5.17912782728672,3.4403220443055034
76302,738516.5782158512,5.17912782728672,3.4403220443055034,5.17912782728672,3.4403220443055034
76303,738516.5783769684,5.17912782728672,3.4403220443055034,5.17912782728672,3.4403220443055034
76309,738516.6982929584,5.17912782728672,3.4403220443055034,5.17912782728672,3.4403220443055034
76312,738516.756640496,5.17912782728672,3.4403220443055034,5.17912782728672,3.4403220443055034
76313,738516.7604898841,5.17912782728672,3.4403220443055034,5.17912782728672,3.4403220443055034
76314,738516.7618404451,5.17912782728672,3.4403220443055034,5.17912782728672,3.4403220443055034
76315,738516.7622938458,5.17912782728672,3.4403220443055034,5.17912782728672,3.4403220443055034
76316,738516.7656132068,5.17912782728672,3.4403220443055034,5.17912782728672,3.4403220443055034
76317,738516.7659002513,5.17912782728672,3.4403220443055034,5.17912782728672,3.4403220443055034
76318,738516.7666335894,5.17912782728672,3.4403220443055034,5.17912782728672,3.4403220443055034
76319,738516.7692560409,5.17912782728672,3.4403220443055034,5.17912782728672,3.4403220443055034
76320,738516.7725688656,5.17912782728672,3.4403220443055034,5.17912782728672,3.4403220443055034
76321,738516.7747885032,5.17912782728672,3.4403220443055034,5.17912782728672,3.4403220443055034
76323,738516.7843694352,5.17912782728672,3.4403220443055034,5.17912782728672,3.4403220443055034
76324,738516.7849771448,5.17912782728672,3.4403220443055034,5.17912782728672,3.4403220443055034
76325,738516.7961113135,5.17912782728672,3.4403220443055034,5.17912782728672,3.4403220443055034
76327,738516.8099919645,5.17912782728672,3.4403220443055034,5.17912782728672,3.4403220443055034
76329,738516.826375004,5.17912782728672,3.4403220443055034,5.17912782728672,3.4403220443055034
76330,738516.8296732474,5.17912782728672,3.4403220443055034,5.17912782728672,3.4403220443055034
76331,738516.8298616641,5.17912782728672,3.4403220443055034,5.17912782728672,3.4403220443055034
76332,738516.8302862009,5.17912782728672,3.4403220443055034,5.17912782728672,3.4403220443055034
76333,738516.8306278078,5.17912782728672,3.4403220443055034,5.17912782728672,3.4403220443055034
76334,738516.8316437353,5.17912782728672,3.4403220443055034,5.17912782728672,3.4403220443055034
76335,738516.8351915551,5.17912782728672,3.4403220443055034,5.17912782728672,3.4403220443055034
76336,738516.8599485139,5.17912782728672,3.4403220443055034,5.17912782728672,3.4403220443055034
76338,738516.8867641337,5.17912782728672,3.4403220443055034,5.17912782728672,3.4403220443055034
76342,738517.0369219888,5.17912782728672,3.4403220443055034,5.17912782728672,3.4403220443055034
76344,738517.1399064728,5.17912782728672,3.4403220443055034,5.17912782728672,3.4403220443055034
76345,738517.1546812813,1.5078236109111458,3.4403220443055034,5.17912782728672,3.4403220443055034
76350,738517.2956519146,1.5078236109111458,3.4403220443055034,5.17912782728672,3.4403220443055034
76352,738517.339322601,2.9974964261054993,3.4403220443055034,5.17912782728672,3.4403220443055034
76355,738517.3560887777,1.5078236109111458,3.4403220443055034,5.17912782728672,3.4403220443055034
76361,738517.386683136,1.5078236109111458,3.4403220443055034,5.17912782728672,3.4403220443055034
76364,738517.416778629,1.5078236109111458,3.4403220443055034,5.17912782728672,3.4403220443055034
76376,738517.6308481876,1.5078236109111458,3.4403220443055034,5.17912782728672,3.4403220443055034
76379,738517.6909851949,1.5078236109111458,3.4403220443055034,5.17912782728672,3.4403220443055034
76380,738517.7323619839,1.5078236109111458,3.4403220443055034,5.17912782728672,3.4403220443055034
76382,738517.7867629181,1.5078236109111458,3.4403220443055034,5.17912782728672,3.4403220443055034
76385,738517.7977385195,1.5078236109111458,3.4403220443055034,5.17912782728672,3.4403220443055034
76386,738517.8070938935,1.5078236109111458,3.4403220443055034,5.17912782728672,3.4403220443055034
76390,738517.8901899143,1.5078236109111458,3.4403220443055034,5.17912782728672,3.4403220443055034
76391,738517.893106882,1.5078236109111458,3.4403220443055034,5.17912782728672,3.4403220443055034
76393,738517.9060581408,2.253151568234898,3.4403220443055034,5.17912782728672,3.4403220443055034
76394,738517.9072223684,2.253151568234898,3.4403220443055034,5.17912782728672,3.4403220443055034
76396,738518.0082655858,2.253151568234898,3.4403220443055034,5.17912782728672,3.4403220443055034
76398,738518.0221034045,2.253151568234898,3.4403220443055034,5.17912782728672,3.4403220443055034
76399,738518.0359759857,2.253151568234898,3.4403220443055034,5.17912782728672,3.4403220443055034
76400,738518.0406230745,1.5078236109111458,3.4403220443055034,5.17912782728672,3.4403220443055034
76402,738518.0860337957,1.5078236109111458,3.4403220443055034,5.17912782728672,3.4403220443055034
76404,738518.1132539163,1.5078236109111458,3.4403220443055034,5.17912782728672,3.4403220443055034
76407,738518.1572609696,1.5078236109111458,3.4403220443055034,5.17912782728672,3.4403220443055034
76411,738518.1796793443,1.5078236109111458,3.4403220443055034,5.17912782728672,3.4403220443055034
76412,738518.1840407891,1.5078236109111458,3.4403220443055034,5.17912782728672,3.4403220443055034
76413,738518.2003490913,1.5078236109111458,3.4403220443055034,5.17912782728672,3.4403220443055034
76414,738518.2110005682,1.5078236109111458,3.4403220443055034,5.17912782728672,3.4403220443055034
76416,738518.2312258801,1.5078236109111458,3.4403220443055034,5.17912782728672,3.4403220443055034
76417,738518.2467742366,1.5078236109111458,3.4403220443055034,5.17912782728672,3.4403220443055034
76418,738518.2539561939,1.5078236109111458,3.4403220443055034,5.17912782728672,3.4403220443055034
76421,738518.3266026635,1.5078236109111458,3.4403220443055034,5.17912782728672,3.4403220443055034
76422,738518.3312200205,1.5078236109111458,3.4403220443055034,5.17912782728672,3.4403220443055034
76423,738518.3332539842,7.883602219983004,1.3199973547598347,7.883602219983004,5.17912782728672
76424,738518.3459618153,2.253151568234898,3.4403220443055034,5.17912782728672,3.4403220443055034
76434,738518.4489333403,1.5078236109111458,3.4403220443055034,5.17912782728672,3.4403220443055034
76436,738518.4675078938,1.5078236109111458,3.4403220443055034,5.17912782728672,3.4403220443055034
76437,738518.468170696,1.5078236109111458,3.4403220443055034,5.17912782728672,3.4403220443055034
76438,738518.4728546976,1.5078236109111458,3.4403220443055034,5.17912782728672,3.4403220443055034
76439,738518.4863936536,1.5078236109111458,3.4403220443055034,5.17912782728672,3.4403220443055034
76440,738518.4890119506,1.5078236109111458,3.4403220443055034,5.17912782728672,3.4403220443055034
76441,738518.4992919335,1.5078236109111458,3.4403220443055034,5.17912782728672,3.4403220443055034
76447,738518.595812847,1.5078236109111458,3.4403220443055034,5.17912782728672,3.4403220443055034
76449,738518.6644175958,1.5078236109111458,3.4403220443055034,5.17912782728672,3.4403220443055034
76453,738518.6914487819,1.5078236109111458,3.4403220443055034,5.17912782728672,3.4403220443055034
76460,738518.7771068496,1.5078236109111458,1.2540779926348478,5.17912782728672,3.4403220443055034
76462,738518.7956646495,1.5078236109111458,1.2540779926348478,5.17912782728672,3.4403220443055034
76468,738518.9496269376,2.9974964261054993,0.9990735756000504,5.17912782728672,3.4403220443055034
76469,738518.9669926831,2.9974964261054993,0.9990735756000504,5.17912782728672,3.4403220443055034
76473,738519.096827487,2.9974964261054993,0.9990735756000504,5.17912782728672,3.4403220443055034
76474,738519.1347319374,2.9974964261054993,0.9990735756000504,5.17912782728672,3.4403220443055034
76476,738519.2331747595,2.253151568234898,1.2540779926348478,5.17912782728672,3.4403220443055034
76477,738519.3032896857,2.253151568234898,1.2540779926348478,5.17912782728672,3.4403220443055034
76487,738519.4056206753,2.253151568234898,1.2540779926348478,5.17912782728672,3.4403220443055034
76496,738519.5738047194,2.253151568234898,1.2540779926348478,5.17912782728672,3.4403220443055034
76500,738519.6582884185,10.115780887077563,1.3199973547598347,10.115780887077563,5.17912782728672
76501,738519.658707728,10.115780887077563,1.3199973547598347,10.115780887077563,5.17912782728672
76503,738519.7213622957,10.115780887077563,1.3199973547598347,10.115780887077563,5.17912782728672
76506,738519.8248014539,1.5078236109111458,1.2540779926348478,5.17912782728672,3.4403220443055034
76507,738519.8376059062,1.5078236109111458,1.2540779926348478,5.17912782728672,3.4403220443055034
76509,738519.8783891986,1.5078236109111458,1.2540779926348478,5.17912782728672,3.4403220443055034
76511,738519.9003017226,1.5078236109111458,1.2540779926348478,5.17912782728672,3.4403220443055034
76516,738520.0474902483,8.90091712330468,1.3199973547598347,8.90091712330468,5.17912782728672
76532,738520.4647841046,8.90091712330468,1.3199973547598347,8.90091712330468,5.17912782728672
76537,738520.6146626766,2.9974964261054993,0.9990735756000504,5.17912782728672,5.17912782728672
76538,738520.6156247995,2.9974964261054993,0.9990735756000504,5.17912782728672,5.17912782728672
76541,738520.6209780858,2.9974964261054993,0.9990735756000504,5.17912782728672,5.17912782728672
76544,738520.8112833627,2.9974964261054993,0.9990735756000504,5.17912782728672,5.17912782728672
76545,738520.8203349878,2.9974964261054993,0.9990735756000504,5.17912782728672,5.17912782728672
76548,738520.8239645659,2.9974964261054993,0.9990735756000504,5.17912782728672,5.17912782728672
76551,738520.9394469645,2.9974964261054993,0.9990735756000504,5.17912782728672,5.17912782728672
76552,738520.9681967369,3.5602588676847517,0.7640451412880793,7.830738897086121,5.17912782728672
76553,738521.0086667677,2.253151568234898,1.2540779926348478,5.17912782728672,3.4403220443055034
76557,738521.1948440942,2.253151568234898,1.2540779926348478,5.17912782728672,3.4403220443055034
76558,738521.2683082403,2.253151568234898,1.2540779926348478,5.17912782728672,3.4403220443055034
76567,738521.4900972487,2.253151568234898,1.2540779926348478,5.17912782728672,3.4403220443055034
76570,738521.586660691,2.253151568234898,1.2540779926348478,5.17912782728672,3.4403220443055034
76571,738521.6127560615,2.253151568234898,1.2540779926348478,5.17912782728672,3.4403220443055034
76572,738521.6358801443,2.253151568234898,1.2540779926348478,5.17912782728672,3.4403220443055034
76573,738521.6489085859,1.5078236109111458,1.2540779926348478,5.17912782728672,3.4403220443055034
76574,738521.6546634242,1.5078236109111458,1.2540779926348478,5.17912782728672,3.4403220443055034
76575,738521.6791271826,1.5078236109111458,1.2540779926348478,5.17912782728672,3.4403220443055034
76583,738521.8328955137,1.2182328371563926,1.3199973547598347,18.944541897741146,3.4403220443055034
76584,738521.8765659446,1.2182328371563926,1.3199973547598347,18.944541897741146,3.4403220443055034
76586,738521.9439237289,1.2182328371563926,1.3199973547598347,18.944541897741146,3.4403220443055034
76587,738522.0775909226,2.253151568234898,0.9990735756000504,5.17912782728672,3.4403220443055034
76589,738522.0974579178,2.253151568234898,0.9990735756000504,5.17912782728672,3.4403220443055034
76590,738522.1034600021,2.253151568234898,0.9990735756000504,5.17912782728672,3.4403220443055034
76602,738522.3893407225,2.253151568234898,0.9990735756000504,5.17912782728672,3.4403220443055034
76611,738522.578304461,2.253151568234898,0.9990735756000504,5.17912782728672,3.4403220443055034
76617,738522.7916645209,2.253151568234898,0.9990735756000504,5.17912782728672,3.4403220443055034
76620,738522.8414110458,8.90091712330468,1.3199973547598347,8.90091712330468,5.17912782728672
76625,738522.9852313437,0.6942066031042486,1.2540779926348478,19.21548179537058,3.4403220443055034
76627,738523.1168254543,0.6942066031042486,1.2839299405459315,0.6942066031042486,18.06314596545417
76645,738523.7177432484,0.6942066031042486,1.2839299405459315,0.6942066031042486,18.06314596545417
76655,738524.0692235501,0.6942066031042486,1.2839299405459315,0.6942066031042486,18.06314596545417
76659,738524.2208592952,1.4291947743622586,1.23562795156613,5.17912782728672,3.4403220443055034
76668,738524.4109401429,11.040880040731281,6.288228316348977,16.484226897824556,7.131390490452759
76682,738524.85117142,11.040880040731281,6.288228316348977,16.484226897824556,7.131390490452759
76683,738524.8827737154,11.040880040731281,6.288228316348977,16.484226897824556,7.131390490452759
76690,738525.2152292527,11.040880040731281,6.288228316348977,16.484226897824556,7.131390490452759
76691,738525.2829499674,11.040880040731281,6.288228316348977,16.484226897824556,7.131390490452759
76692,738525.295319023,11.040880040731281,6.288228316348977,16.484226897824556,7.131390490452759
76693,738525.2976377691,11.040880040731281,6.288228316348977,16.484226897824556,7.131390490452759
76694,738525.2995279252,11.040880040731281,6.288228316348977,16.484226897824556,7.131390490452759
76695,738525.3024702423,11.040880040731281,6.288228316348977,16.484226897824556,7.131390490452759
76696,738525.3049609744,11.040880040731281,6.288228316348977,16.484226897824556,7.131390490452759
76697,738525.3149376644,11.040880040731281,6.288228316348977,16.484226897824556,7.131390490452759
76698,738525.3174444074,1.4291947743622586,1.23562795156613,5.17912782728672,3.4403220443055034
76699,738525.3187306301,1.4291947743622586,1.23562795156613,5.17912782728672,3.4403220443055034
76700,738525.3201846844,1.4291947743622586,1.23562795156613,5.17912782728672,3.4403220443055034
76701,738525.3216223256,1.4291947743622586,1.23562795156613,5.17912782728672,3.4403220443055034
76702,738525.3223628282,1.4291947743622586,1.23562795156613,5.17912782728672,3.4403220443055034
76703,738525.3243530253,1.4291947743622586,1.23562795156613,5.17912782728672,3.4403220443055034
76704,738525.3321402185,1.4291947743622586,1.23562795156613,5.17912782728672,3.4403220443055034
76705,738525.3349813543,1.4291947743622586,1.23562795156613,5.17912782728672,3.4403220443055034
76706,738525.3398164562,1.4291947743622586,1.23562795156613,5.17912782728672,3.4403220443055034
76707,738525.3403513118,1.4291947743622586,1.23562795156613,5.17912782728672,3.4403220443055034
76708,738525.3423379875,1.4291947743622586,1.23562795156613,5.17912782728672,3.4403220443055034
76710,738525.3449881276,1.4291947743622586,1.23562795156613,5.17912782728672,3.4403220443055034
76711,738525.3482630842,1.4291947743622586,1.23562795156613,5.17912782728672,3.4403220443055034
76714,738525.3567815302,1.4291947743622586,1.23562795156613,5.17912782728672,3.4403220443055034
76716,738525.3648950601,1.4291947743622586,1.23562795156613,5.17912782728672,3.4403220443055034
76717,738525.3655580562,1.4291947743622586,1.23562795156613,5.17912782728672,3.4403220443055034
76718,738525.3684373823,1.4291947743622586,1.23562795156613,5.17912782728672,3.4403220443055034
76719,738525.3766356701,1.4291947743622586,1.23562795156613,5.17912782728672,3.4403220443055034
76724,738525.3961582184,1.4291947743622586,1.23562795156613,5.17912782728672,3.4403220443055034
76725,738525.3989804686,1.4291947743622586,1.23562795156613,5.17912782728672,3.4403220443055034
76726,738525.4006353172,1.4291947743622586,1.23562795156613,5.17912782728672,3.4403220443055034
76727,738525.400837109,1.4291947743622586,1.23562795156613,5.17912782728672,3.4403220443055034
76729,738525.4188275207,1.4291947743622586,1.23562795156613,5.17912782728672,3.4403220443055034
76730,738525.4190528608,1.4291947743622586,1.23562795156613,5.17912782728672,3.4403220443055034
76731,738525.4287138158,1.4291947743622586,1.23562795156613,5.17912782728672,3.4403220443055034
76732,738525.4320363185,1.4291947743622586,1.23562795156613,5.17912782728672,3.4403220443055034
76733,738525.4338690452,1.4291947743622586,1.23562795156613,5.17912782728672,3.4403220443055034
76736,738525.4511692504,1.4291947743622586,1.23562795156613,5.17912782728672,3.4403220443055034
76737,738525.4698348807,1.4291947743622586,1.23562795156613,5.17912782728672,3.4403220443055034
76738,738525.4840769318,1.4291947743622586,1.23562795156613,5.17912782728672,3.4403220443055034
76740,738525.5112609599,1.4291947743622586,1.23562795156613,5.17912782728672,3.4403220443055034
76741,738525.529723072,1.4291947743622586,1.23562795156613,5.17912782728672,3.4403220443055034
76742,738525.5323612888,1.4291947743622586,1.23562795156613,5.17912782728672,3.4403220443055034
76743,738525.5325472567,1.4291947743622586,1.23562795156613,5.17912782728672,3.4403220443055034
76744,738525.5347486744,1.4291947743622586,1.23562795156613,5.17912782728672,3.4403220443055034
76745,738525.5352614669,1.4291947743622586,1.23562795156613,5.17912782728672,3.4403220443055034
76746,738525.5381831055,1.4291947743622586,1.23562795156613,5.17912782728672,3.4403220443055034
76747,738525.5429352104,1.4291947743622586,1.23562795156613,5.17912782728672,3.4403220443055034
76748,738525.5460861691,1.4291947743622586,1.23562795156613,5.17912782728672,3.4403220443055034
76752,738525.5571791999,1.4291947743622586,1.23562795156613,5.17912782728672,3.4403220443055034
76755,738525.5754026662,1.4291947743622586,1.23562795156613,5.17912782728672,3.4403220443055034
76756,738525.5778218536,1.4291947743622586,1.23562795156613,5.17912782728672,3.4403220443055034
76757,738525.5788949304,1.4291947743622586,1.23562795156613,5.17912782728672,3.4403220443055034
76758,738525.5811789939,1.4291947743622586,1.23562795156613,5.17912782728672,3.4403220443055034
76759,738525.5814097569,1.4291947743622586,1.23562795156613,5.17912782728672,3.4403220443055034
76760,738525.5824910703,1.4291947743622586,1.23562795156613,5.17912782728672,3.4403220443055034
76761,738525.5864613814,1.4291947743622586,1.23562795156613,5.17912782728672,3.4403220443055034
76763,738525.592756249,1.4291947743622586,1.23562795156613,5.17912782728672,3.4403220443055034
76764,738525.5971454162,1.4291947743622586,1.23562795156613,5.17912782728672,3.4403220443055034
76766,738525.6038773416,1.4291947743622586,1.23562795156613,5.17912782728672,3.4403220443055034
76771,738525.6618887311,1.4291947743622586,1.23562795156613,5.17912782728672,3.4403220443055034
76775,738525.9076154499,1.4291947743622586,1.23562795156613,5.17912782728672,3.4403220443055034
76781,738526.056280124,1.4291947743622586,1.23562795156613,5.17912782728672,3.4403220443055034
76782,738526.0569375126,1.4291947743622586,1.23562795156613,5.17912782728672,3.4403220443055034
76785,738526.0841714961,1.4291947743622586,1.23562795156613,5.17912782728672,3.4403220443055034
76787,738526.1233767903,1.4291947743622586,1.23562795156613,5.17912782728672,3.4403220443055034
76789,738526.2009099781,1.4291947743622586,1.23562795156613,5.17912782728672,3.4403220443055034
76791,738526.2403569691,1.4291947743622586,1.23562795156613,5.17912782728672,3.4403220443055034
76792,738526.2491487989,1.4291947743622586,1.23562795156613,5.17912782728672,3.4403220443055034
76805,738526.5578888289,1.4291947743622586,1.23562795156613,5.17912782728672,3.4403220443055034
76811,738526.711802015,13.341741912765428,6.288228316348977,13.341741912765428,10.871151766856201
76812,738526.7822258163,13.341741912765428,6.288228316348977,13.341741912765428,10.871151766856201
76816,738526.9456319496,13.341741912765428,6.288228316348977,13.341741912765428,10.871151766856201
76824,738527.116957516,13.341741912765428,6.288228316348977,13.341741912765428,10.871151766856201
76826,738527.134602311,1.4291947743622586,1.23562795156613,5.17912782728672,3.4403220443055034
76827,738527.158000991,1.4291947743622586,1.23562795156613,5.17912782728672,3.4403220443055034
76828,738527.1824769992,1.4291947743622586,1.23562795156613,5.17912782728672,3.4403220443055034
76829,738527.1974706161,1.4291947743622586,1.23562795156613,5.17912782728672,3.4403220443055034
76830,738527.2029600483,1.4291947743622586,1.23562795156613,5.17912782728672,3.4403220443055034
76831,738527.2217037558,1.4291947743622586,1.23562795156613,5.17912782728672,3.4403220443055034
76832,738527.33596688,1.4291947743622586,1.23562795156613,5.17912782728672,3.4403220443055034
76837,738527.4609752445,1.4291947743622586,1.23562795156613,5.17912782728672,3.4403220443055034
76839,738527.4652321872,1.4291947743622586,1.23562795156613,5.17912782728672,3.4403220443055034
76840,738527.4671916468,1.4291947743622586,1.23562795156613,5.17912782728672,3.4403220443055034
76846,738527.6040318186,1.4291947743622586,1.23562795156613,5.17912782728672,3.4403220443055034
76849,738527.7673568117,1.4291947743622586,1.23562795156613,5.17912782728672,3.4403220443055034
76855,738527.8779810565,1.4291947743622586,1.23562795156613,5.17912782728672,3.4403220443055034
76891,738528.8835288999,1.4291947743622586,1.23562795156613,5.17912782728672,3.4403220443055034
76895,738529.0499686296,1.5847364424262196,1.5847364424262196,5.17912782728672,3.4403220443055034
76897,738529.1941771595,13.96866313170176,1.5847364424262196,13.96866313170176,5.17912782728672
76923,738529.5975472024,13.96866313170176,1.5847364424262196,13.96866313170176,5.17912782728672
76927,738529.6385149728,13.96866313170176,1.5847364424262196,13.96866313170176,5.17912782728672
76930,738529.6480764664,13.96866313170176,1.5847364424262196,13.96866313170176,5.17912782728672
76932,738529.6817998118,13.96866313170176,1.5847364424262196,13.96866313170176,5.17912782728672
76933,738529.6977493743,13.96866313170176,1.5847364424262196,13.96866313170176,5.17912782728672
76934,738529.7035277185,13.96866313170176,1.5847364424262196,13.96866313170176,5.17912782728672
76935,738529.717995192,13.96866313170176,1.5847364424262196,13.96866313170176,5.17912782728672
76941,738529.9429251129,1.5847364424262196,1.5847364424262196,5.17912782728672,3.4403220443055034
76948,738530.0350764003,1.5847364424262196,1.5847364424262196,5.17912782728672,3.4403220443055034
76958,738530.260469847,1.5847364424262196,1.5847364424262196,5.17912782728672,3.4403220443055034
76960,738530.2940699941,1.5847364424262196,1.5847364424262196,5.17912782728672,3.4403220443055034
76963,738530.3193737331,1.5847364424262196,1.5847364424262196,5.17912782728672,3.4403220443055034
76965,738530.3578613782,1.5847364424262196,1.5847364424262196,5.17912782728672,3.4403220443055034
76989,738530.7227533051,1.5847364424262196,1.5847364424262196,5.17912782728672,3.4403220443055034
77003,738531.043997465,1.5847364424262196,1.5847364424262196,5.17912782728672,3.4403220443055034
77004,738531.0443661712,1.5847364424262196,1.5847364424262196,5.17912782728672,3.4403220443055034
77009,738531.1729142604,1.5847364424262196,1.5847364424262196,5.17912782728672,3.4403220443055034
77013,738531.2393116952,1.5847364424262196,1.5847364424262196,5.17912782728672,3.4403220443055034
77032,738531.5158582448,1.5847364424262196,1.5847364424262196,5.17912782728672,3.4403220443055034
77045,738531.6834677266,1.5847364424262196,1.5847364424262196,5.17912782728672,3.4403220443055034
77047,738531.8094120704,1.5847364424262196,1.5847364424262196,5.17912782728672,3.4403220443055034
77065,738532.3568396543,1.5847364424262196,1.5847364424262196,5.17912782728672,3.4403220443055034
77085,738532.8143516877,1.769985516439192,1.769985516439192,1.769985516439192,3.4403220443055034
77094,738533.2947198633,1.769985516439192,1.769985516439192,1.769985516439192,3.4403220443055034
77099,738533.3567450313,1.769985516439192,1.769985516439192,1.769985516439192,3.4403220443055034
77105,738533.5549277446,1.769985516439192,1.769985516439192,1.769985516439192,3.4403220443055034
77118,738533.865521581,1.769985516439192,1.769985516439192,1.769985516439192,3.4403220443055034
77147,738535.0382837256,1.769985516439192,1.769985516439192,1.769985516439192,1.769985516439192
77225,738535.2420167985,1.769985516439192,1.769985516439192,1.769985516439192,1.769985516439192
77283,738535.5447094801,1.769985516439192,1.769985516439192,1.769985516439192,1.769985516439192
77301,738535.8731755029,1.769985516439192,1.769985516439192,2.9974964261054993,1.769985516439192
77312,738535.9707832595,1.769985516439192,1.769985516439192,2.9974964261054993,1.769985516439192
77362,738536.7754572568,1.769985516439192,1.769985516439192,2.9974964261054993,1.769985516439192
77364,738536.9489853235,1.769985516439192,1.769985516439192,2.9974964261054993,1.769985516439192
77365,738536.9810288275,1.769985516439192,10.269226812524721,18.647774843266234,10.269226812524721
77366,738536.9829799447,1.769985516439192,1.769985516439192,14.040279989130795,1.769985516439192
77374,738537.1086933216,1.769985516439192,1.769985516439192,14.040279989130795,1.769985516439192
77386,738537.3817656151,1.769985516439192,1.769985516439192,14.040279989130795,1.769985516439192
77405,738537.7991457555,1.769985516439192,1.769985516439192,14.040279989130795,1.769985516439192
77443,738538.5896685668,1.769985516439192,1.769985516439192,17.62147182994522,1.769985516439192
77447,738538.6938532307,1.769985516439192,1.769985516439192,17.62147182994522,1.769985516439192
77493,738539.7357076342,1.769985516439192,1.769985516439192,17.62147182994522,1.769985516439192
77497,738539.8517023398,1.769985516439192,1.769985516439192,17.62147182994522,1.769985516439192
77499,738539.9241458678,1.769985516439192,1.769985516439192,17.62147182994522,1.769985516439192
77500,738539.9269568797,2.9439769349992275,9.16137348790653,14.139617781736888,9.16137348790653
77501,738539.9278296833,2.9439769349992275,9.16137348790653,14.139617781736888,9.16137348790653
77535,738540.7615409705,2.9439769349992275,9.16137348790653,14.139617781736888,9.16137348790653
77540,738540.895371911,2.9439769349992275,9.16137348790653,14.139617781736888,9.16137348790653
77552,738541.1470473295,2.9439769349992275,9.16137348790653,14.139617781736888,9.16137348790653
77567,738541.4701722595,2.9439769349992275,9.16137348790653,14.139617781736888,9.16137348790653
77568,738541.4750656277,2.945928052184172,10.269226812524721,24.353500370983966,10.269226812524721
77592,738541.9403724985,2.945928052184172,10.269226812524721,24.353500370983966,10.269226812524721
77618,738542.440434823,1.769985516439192,2.945928052184172,15.728632808080874,11.040880040731281
77621,738542.4969023367,2.945928052184172,2.545191264594905,18.647774843266234,9.16137348790653
77625,738542.6556279069,5.273862291825935,1.769985516439192,9.672265524743125,1.769985516439192
77626,738542.6801878886,5.706642583361827,4.065959340077825,5.706642583361827,4.065959340077825
77627,738542.7860640723,5.706642583361827,4.065959340077825,5.706642583361827,4.065959340077825
77653,738543.5103985954,5.273862291825935,1.769985516439192,14.040279989130795,1.769985516439192
77676,738544.0641097607,5.273862291825935,1.769985516439192,14.040279989130795,1.769985516439192
77681,738544.2016827337,2.731510474230163,1.769985516439192,18.62876121373847,1.769985516439192
77722,738545.1871790027,2.731510474230163,1.769985516439192,18.62876121373847,1.769985516439192
77750,738545.5799517252,8.471258403616957,5.273862291825935,14.123461977927946,5.273862291825935
77762,738545.944951652,1.5432153798174113,6.401705273776315,22.82812619768083,12.697753178654239
77787,738546.399332429,5.546934585319832,4.065959340077825,5.546934585319832,4.065959340077825
77791,738546.5367320097,5.546934585319832,4.065959340077825,5.546934585319832,4.065959340077825
77792,738546.5371030481,5.546934585319832,4.065959340077825,5.546934585319832,4.065959340077825
77793,738546.5393515198,5.731202565017156,4.065959340077825,5.731202565017156,4.065959340077825
77794,738546.5405102769,5.731202565017156,4.065959340077825,5.731202565017156,4.065959340077825
77795,738546.5421489174,5.731202565017156,4.065959340077825,5.731202565017156,4.065959340077825
77796,738546.5447887292,5.731202565017156,4.065959340077825,5.731202565017156,4.065959340077825
77797,738546.5452749695,5.731202565017156,4.065959340077825,5.731202565017156,4.065959340077825
77798,738546.5481766897,5.731202565017156,4.065959340077825,5.731202565017156,4.065959340077825
77799,738546.550539822,5.731202565017156,4.065959340077825,5.731202565017156,4.065959340077825
77800,738546.5509920424,5.731202565017156,4.065959340077825,5.731202565017156,4.065959340077825
77801,738546.5542119583,5.731202565017156,4.065959340077825,5.731202565017156,4.065959340077825
77803,738546.5597625762,5.706642583361827,4.065959340077825,5.706642583361827,4.065959340077825
77805,738546.5678159739,5.706642583361827,4.065959340077825,5.706642583361827,4.065959340077825
77806,738546.5691527494,5.706642583361827,4.065959340077825,5.706642583361827,4.065959340077825
77807,738546.5707113486,5.706642583361827,4.065959340077825,5.706642583361827,4.065959340077825
77809,738546.5739360615,5.706642583361827,4.065959340077825,5.706642583361827,4.065959340077825
77810,738546.5777329602,5.706642583361827,4.065959340077825,5.706642583361827,4.065959340077825
77811,738546.5785490186,5.706642583361827,4.065959340077825,5.706642583361827,4.065959340077825
77813,738546.5798939777,5.706642583361827,4.065959340077825,5.706642583361827,4.065959340077825
77817,738546.6161801,5.706642583361827,4.065959340077825,5.706642583361827,4.065959340077825
77819,738546.7714393688,5.273862291825935,1.5432153798174113,9.587114475201815,1.769985516439192
77827,738547.0539468194,5.273862291825935,1.5432153798174113,9.587114475201815,1.769985516439192
77834,738547.2359100786,5.731202565017156,4.065959340077825,5.731202565017156,4.065959340077825
77854,738547.9235157181,5.731202565017156,4.065959340077825,5.731202565017156,4.065959340077825
77885,738549.1264545714,6.68601974833291,5.616055976017378,15.728632808080874,10.269226812524721
77891,738549.2468647405,8.471258403616957,5.546934585319832,13.991867867298424,5.546934585319832
77899,738549.4144552422,8.471258403616957,5.546934585319832,13.991867867298424,5.546934585319832
77909,738549.5863020422,8.471258403616957,5.546934585319832,13.991867867298424,5.546934585319832
77929,738550.0495069704,8.471258403616957,5.546934585319832,13.991867867298424,5.546934585319832
77930,738550.0602468916,8.471258403616957,5.546934585319832,13.991867867298424,5.546934585319832
77931,738550.1394294996,8.471258403616957,5.546934585319832,13.991867867298424,5.546934585319832
77946,738550.5547672019,8.471258403616957,5.546934585319832,13.991867867298424,5.546934585319832
77950,738550.7562876336,8.471258403616957,5.546934585319832,13.991867867298424,5.546934585319832
77953,738550.8364172622,8.471258403616957,5.546934585319832,13.991867867298424,5.546934585319832
77957,738550.8906703552,8.471258403616957,5.546934585319832,13.991867867298424,5.546934585319832
77960,738551.0200776513,8.471258403616957,5.546934585319832,13.991867867298424,5.546934585319832
78015,738552.790817169,8.471258403616957,5.546934585319832,13.991867867298424,5.546934585319832
78039,738554.367359637,12.892294009332545,11.870457300334238,12.892294009332545,11.870457300334238
78079,738555.0679740824,12.892294009332545,11.870457300334238,12.892294009332545,11.870457300334238
78084,738555.2651721468,8.029262068215758,6.018307406338863,8.029262068215758,6.018307406338863
78086,738555.3433418252,8.029262068215758,6.018307406338863,8.029262068215758,6.018307406338863
78091,738555.6071677153,8.029262068215758,6.018307406338863,8.029262068215758,6.018307406338863
78092,738555.6445458564,6.68601974833291,6.629552234662697,15.728632808080874,10.269226812524721
78093,738555.7055322212,6.68601974833291,6.629552234662697,15.728632808080874,10.269226812524721
78094,738555.7084641366,13.211561799864285,5.240905065671541,13.211561799864285,9.16137348790653
