Index,Time[d.s],logKs_T(15)_S(17)_EvLim(20),logKs_T(15)_S(33)_EvLim(20),logKs_T(30)_S(17)_EvLim(20),logKs_T(30)_S(33)_EvLim(20)
78747,736352.5208303089,4.2509728585787245,4.2509728585787245,3.9499428629147433,3.928977456658999
78847,736356.3225489159,4.797779034474055,4.796403617943967,4.496749038810074,4.505662127106355
78851,736356.7119766026,4.804338195512164,4.804338195512164,4.503308199848183,3.7682199067023334
78855,736356.9591998712,4.804338195512164,4.804338195512164,4.503308199848183,3.7682199067023334
78863,736357.4772848444,4.804338195512164,4.804338195512164,4.503308199848183,3.7682199067023334
79235,736365.4647004525,4.139753987077932,4.765611833548801,3.8219126565907384,4.46458183788482
79297,736366.1926795649,4.82019255312023,4.82019255312023,3.835311269949854,4.485823676634988
79343,736367.3530752623,4.801501091143298,4.801501091143298,4.4881012721385805,4.499115984977975
79592,736369.8707583396,4.801501091143298,4.801501091143298,4.4881012721385805,4.499115984977975
79715,736371.6285873421,4.8271734510796165,4.8271734510796165,4.498050949824104,4.520796209967863
79717,736371.7193502259,4.8271734510796165,4.8271734510796165,4.498050949824104,4.520796209967863
79746,736372.5010638057,4.824117778501272,4.826199483585024,3.8707153044286597,4.486577521825727
79759,736372.824233219,4.827175330074269,4.829240792697219,3.88477350218301,4.489957738236934
79760,736372.8249402477,4.8294804463883265,4.83153373865293,3.8951422148414747,4.492504460065668
79761,736372.8315747085,4.836136373876383,4.836880447267265,3.923827888879839,4.499850119101156
79788,736373.7391788458,4.836136373876383,4.836880447267265,3.923827888879839,4.499850119101156
79826,736375.0299575755,4.800378169905974,4.827980250071498,3.962499213446593,4.49648690618042
79836,736375.9561327159,4.800378169905974,4.827980250071498,3.962499213446593,4.49648690618042
79845,736376.9179841441,4.800378169905974,4.827980250071498,3.962499213446593,4.49648690618042
79880,736378.337519875,4.8326536322445195,4.802202305358109,4.501632388169354,4.521137215489334
79896,736378.8573860006,4.8002089587491055,4.8363782933209825,4.499178963085124,3.969999011667052
79966,736381.0981808496,4.844122996506348,4.806146282244311,4.543093000842367,4.528463378433104
79969,736381.3049713935,4.809558818610779,4.809558818610779,4.508528822946798,4.518936792689579
79993,736382.1916868547,4.838457385609589,4.8181382288723675,4.5374273899456075,4.5002943186373905
79995,736382.2109098262,4.805147744271001,4.8161801022106445,4.50411774860702,4.5001762588636725
80093,736386.6214556714,4.819321112629345,4.81431591563144,4.52185089518475,4.510119145974001
80098,736386.9389379278,4.785932560279357,4.796731176869946,4.484902564615376,4.495701181205964
80129,736388.2270279784,4.785932560279357,4.796731176869946,4.484902564615376,4.495701181205964
81754,736392.808184974,4.805063039839723,4.812030372839018,4.533521898801089,4.509376798672229
82889,736396.5206712282,5.0067174551677756,5.0067174551677756,4.722669358804874,4.727113269843396
83382,736399.3214619871,4.7499672896662855,4.24014038665933,4.448937294002304,4.510322571634369
83542,736400.1788471275,4.251361501775388,4.753789918753661,4.528217588266129,4.7359111521357455
84051,736403.9798852889,4.74533982806376,4.747336608092778,4.5231233896199985,4.721918001077626
84206,736405.2172648703,4.74533982806376,4.747336608092778,4.5231233896199985,4.721918001077626
84259,736405.6927815959,4.74533982806376,4.747336608092778,4.5231233896199985,4.721918001077626
84260,736405.6943377539,4.750248821849866,4.735118541439447,4.720963774152422,4.708249335401251
84302,736406.2053082178,4.750248821849866,4.735118541439447,4.720963774152422,4.708249335401251
84342,736406.8073902237,4.220262661844613,4.743059894518799,4.50836960853487,4.46989760645573
84506,736409.4114442819,4.753406584094848,4.755085616473718,4.529367151377573,4.006121752040626
84615,736411.0301297993,4.753406584094848,4.755085616473718,4.529367151377573,4.006121752040626
84616,736411.0358808687,4.753406584094848,4.755085616473718,4.529367151377573,4.006121752040626
84617,736411.0361628748,4.75128808857235,4.735234171040884,4.473373401225622,4.701010809661619
84660,736411.7344468365,4.750053163191587,4.760188387740467,3.96766690707471,4.473124963023972
84744,736413.0346659237,4.750053163191587,4.760188387740467,3.96766690707471,4.473124963023972
84796,736413.8770996481,4.750053163191587,4.760188387740467,3.96766690707471,4.473124963023972
84889,736415.6531676596,4.751138704647621,4.76222121391826,3.8958771729393034,4.463002550766646
84918,736416.0591277172,4.751138704647621,4.76222121391826,3.8958771729393034,4.463002550766646
84966,736416.9249881544,4.749050398504793,4.75581687052581,3.891567271869589,4.461848291355475
85013,736417.5895696637,4.754144794233477,4.758548271529175,3.903040354714062,4.461578576462488
85017,736417.6677688587,4.749188772246861,4.75643057625967,3.9013469119188584,4.459655850478607
85085,736418.8662566455,4.749487875963004,4.749487875963004,4.4484578802990224,4.4484578802990224
85094,736418.980096847,4.744882117971029,4.75954104928429,4.449034942555054,4.456923490944482
85121,736419.5695053007,4.744882117971029,4.75954104928429,4.449034942555054,4.456923490944482
85129,736419.8824112739,4.744882117971029,4.75954104928429,4.449034942555054,4.456923490944482
85162,736420.4753203047,4.743594735164555,4.7476563668484815,3.922863585700125,3.895725217638168
85169,736420.6046937226,4.747205079382427,4.745895640411339,4.446175083718446,4.43914086936011
85222,736421.5890243981,4.747205079382427,4.745895640411339,4.446175083718446,4.43914086936011
85298,736423.5219607478,4.7378232421373845,4.746274824315498,4.438540583316022,4.449145669441924
85395,736425.4954203919,5.365053513109233,5.369417149359099,5.060707184593578,5.064525625939827
85514,736428.8661635749,5.365053513109233,5.369417149359099,5.060707184593578,5.064525625939827
85553,736429.8949614189,4.7464408143942665,4.7464408143942665,4.454803800712121,4.454803800712121
85582,736430.457789359,4.75913052161031,4.767099833411664,4.458228858725458,4.466069837747683
85609,736430.9630623359,4.749711275541829,5.3761240537732915,4.444845904591387,5.070857734407605
85610,736430.9654603208,4.741434073136568,5.3760884537642495,4.452626648723602,5.080732290455109
85617,736431.0194263319,4.741434073136568,5.3760884537642495,4.452626648723602,5.080732290455109
85624,736431.1813445565,5.285797929193499,4.767664560902344,4.440584884520461,4.462318320150615
85758,736433.7673682701,5.286023755501577,5.368001461327308,4.450019259145432,5.070621663024669
85775,736433.9940583762,5.286023755501577,5.368001461327308,4.450019259145432,5.070621663024669
85796,736434.2966482104,5.286023755501577,5.368001461327308,4.450019259145432,5.070621663024669
85856,736435.3743735303,5.367273801845636,5.282340279991379,5.071226190993302,5.073220393874889
85875,736435.8750407825,5.288296320204087,4.265504755024087,4.456972409759101,4.466119752861054
85950,736437.418688408,5.288296320204087,4.265504755024087,4.456972409759101,4.466119752861054
85972,736437.9878239571,5.288296320204087,4.265504755024087,4.456972409759101,4.466119752861054
85999,736438.4781176616,5.288296320204087,4.265504755024087,4.456972409759101,4.466119752861054
86086,736440.1748110827,5.294996123202036,5.290146259085642,4.4793973210430895,4.994605207496073
86140,736441.047356516,5.294996123202036,5.290146259085642,4.4793973210430895,4.994605207496073
86205,736442.7546663126,5.294996123202036,5.290146259085642,4.4793973210430895,4.994605207496073
86310,736445.4466078234,5.288973439711122,5.2871223983550815,4.454041639595371,4.469509327206515
86411,736446.7019615702,5.288973439711122,5.2871223983550815,4.454041639595371,4.469509327206515
86461,736447.4914611196,5.291866079886205,5.291264234330905,4.487826321822019,4.034086357027144
86503,736448.3912684021,5.287663119146033,5.284171668069154,4.982313224615978,4.45344374269703
86505,736448.3931699167,5.289981557399718,5.2883159549883745,4.986045566108742,4.458023871005865
86577,736449.8439159422,5.290901267772234,5.290901267772234,4.02941703166056,4.993197738703389
86587,736450.1064885663,5.290901267772234,5.290901267772234,4.02941703166056,4.993197738703389
86690,736452.1868877016,5.291396747926899,5.29018653842277,4.029856865978131,4.001327873125049
86722,736452.748121311,5.290811867794763,5.290015447447241,4.98483892255196,4.990015778129459
86735,736453.0113888994,5.290811867794763,5.290015447447241,4.98483892255196,4.990015778129459
86737,736453.0416733748,5.290811867794763,5.290015447447241,4.98483892255196,4.990015778129459
86835,736454.6887224431,5.290811867794763,5.290015447447241,4.98483892255196,4.990015778129459
86858,736455.3413526501,5.290811867794763,5.290015447447241,4.98483892255196,4.990015778129459
86872,736455.5298389825,5.2906564546999855,5.2906564546999855,4.989626459036004,4.985829053812236
86903,736456.0070090202,5.2906564546999855,5.2906564546999855,4.989626459036004,4.985829053812236
86936,736456.8171144929,5.28968339037713,5.290644312243273,4.993257935018112,4.991167457176505
86981,736457.6590609616,5.28968339037713,5.290644312243273,4.993257935018112,4.991167457176505
87010,736458.4040822939,5.290979641205202,5.290644312243273,4.996156049657651,4.989294391539441
87025,736458.8119854907,5.290979641205202,5.290644312243273,4.996156049657651,4.989294391539441
87072,736459.9835299482,5.290979641205202,5.290644312243273,4.996156049657651,4.989294391539441
87102,736460.8914842231,5.290979641205202,5.290644312243273,4.996156049657651,4.989294391539441
87340,736467.058445922,5.290979641205202,5.290644312243273,4.996156049657651,4.989294391539441
87357,736467.5327648005,4.344443635052927,5.290721158197416,4.991148584852564,4.993559016595948
87376,736468.1047825807,4.344443635052927,5.290721158197416,4.991148584852564,4.993559016595948
87380,736468.1982527536,4.324056999172423,4.324056999172423,4.98585704142956,4.98497303485578
87445,736470.3820840215,4.324056999172423,4.324056999172423,4.98585704142956,4.98497303485578
87461,736470.8697845849,4.309448443521578,4.287856087461238,4.9891813233051225,4.979670552832595
87550,736473.5567323213,4.309448443521578,4.287856087461238,4.9891813233051225,4.979670552832595
87554,736473.5975869038,4.309448443521578,4.287856087461238,4.9891813233051225,4.979670552832595
87568,736474.2223289666,4.309448443521578,4.287856087461238,4.9891813233051225,4.979670552832595
87614,736475.300525995,4.259222964029482,4.259222964029482,3.9581929683655006,3.9581929683655006
87681,736476.7510027162,4.259222964029482,4.259222964029482,3.9581929683655006,3.9581929683655006
87799,736480.8957777733,4.4302218573602,4.4302218573602,5.006582842228401,4.111992899429979
87843,736482.8510954143,4.447862730508782,4.284800709763125,4.146832734844801,4.983914841431086
87846,736482.8682994661,4.447862730508782,4.284800709763125,4.146832734844801,4.983914841431086
87917,736484.3835923877,4.447862730508782,4.284800709763125,4.146832734844801,4.983914841431086
87968,736485.9350469727,4.447862730508782,4.284800709763125,4.146832734844801,4.983914841431086
87986,736486.1722589106,4.447862730508782,4.284800709763125,4.146832734844801,4.983914841431086
87999,736486.4052327774,4.461380191175809,4.276157463874693,3.9859208856235853,3.936130589748825
88091,736487.9738153875,4.461380191175809,4.276157463874693,3.9859208856235853,3.936130589748825
88147,736489.2820873555,4.458336715912444,4.458336715912444,4.032353788785374,3.9708516695149245
88160,736489.6877414532,4.458336715912444,4.458336715912444,4.032353788785374,3.9708516695149245
88282,736493.9619593289,4.458336715912444,4.458336715912444,4.032353788785374,3.9708516695149245
88304,736494.9470456415,5.498145720002364,5.498145720002364,5.197115724338382,5.199451923710737
88326,736495.8790748728,5.498145720002364,5.498145720002364,5.197115724338382,5.199451923710737
88336,736496.1550135624,5.498145720002364,5.498145720002364,5.197115724338382,5.199451923710737
88351,736496.480736277,5.498145720002364,5.498145720002364,5.197115724338382,5.199451923710737
88382,736497.6618780275,5.493936669863267,4.46012048395858,5.1929066741992855,3.9767856084378357
88390,736498.2192494282,5.511231048077906,5.511431814501634,4.1903146409753775,5.214407826894685
88399,736498.5724484586,5.509513427536248,5.4942836615169215,5.208483431872267,5.197681280660152
88482,736501.3428934601,5.509513427536248,5.4942836615169215,5.208483431872267,5.197681280660152
88536,736503.1056744078,5.509513427536248,5.4942836615169215,5.208483431872267,5.197681280660152
88564,736503.882392948,5.509513427536248,5.4942836615169215,5.208483431872267,5.197681280660152
88683,736509.0385553177,5.509513427536248,5.4942836615169215,5.208483431872267,5.197681280660152
88719,736510.0396047777,5.509200917917961,5.509200917917961,5.197673114324203,5.213642483143824
88720,736510.0540690928,5.509200917917961,5.509200917917961,5.197673114324203,5.213642483143824
88729,736510.3829276747,5.512582235943839,5.512287281598265,4.334207733826163,5.213357195554131
88738,736510.7070188278,5.5125759212954755,5.510979600821115,5.211545925631494,5.211695375346295
88749,736511.2657459968,5.511249335145726,5.5111497768218545,4.30483040924485,5.213495674093006
88774,736512.1397826882,5.507703796070004,5.510823591359899,5.1915395422069555,5.216025139894849
88791,736512.9639626238,5.507703796070004,5.510823591359899,5.1915395422069555,5.216025139894849
88818,736514.428647577,5.513013402654485,5.513013402654485,5.209873138525326,5.213148826072862
88819,736514.4292483274,5.5197978660861455,5.5197978660861455,5.216293306221088,5.219586577938893
88831,736514.7895584878,5.516539565515909,5.516539565515909,5.215509569851927,4.158743710395549
88835,736515.0352045733,5.516539565515909,5.516539565515909,5.215509569851927,4.158743710395549
88861,736515.9391275949,5.520835280920021,5.520677875389495,4.329001772974978,5.223827590492909
88891,736517.054936807,5.519314337017645,5.522469622382383,5.2129167681251385,5.2236352644367825
88895,736517.130847869,5.519314337017645,5.522469622382383,5.2129167681251385,5.2236352644367825
88898,736517.3837417592,5.521410133139331,5.523437739139019,4.30999533097218,5.223517946809672
88908,736517.619385023,5.518816891138977,5.522136100878867,4.277883951207768,4.324495305938293
88967,736520.0908094575,5.506675330776964,5.506675330776964,5.193188143962372,5.191517621662391
89009,736521.4639314775,5.508470727135338,5.52526632868953,5.207440731471356,5.222679025364579
89021,736521.8137933289,5.508631558025395,5.5108699725385755,5.207601562361414,5.209839976874594
89026,736521.9533529107,5.508631558025395,5.5108699725385755,5.207601562361414,5.209839976874594
89039,736522.5078261271,5.506183700698525,5.5054856536269385,5.205153705034544,5.190066197076108
89043,736522.7212418765,5.514312603145458,5.506030296329172,5.213282607481477,5.205000300665191
89050,736523.1675381766,5.524492012312114,5.516347931550943,5.223407890874941,5.2195105648910936
89105,736524.9425618487,5.506392621522016,5.5164303506201495,5.19123235093456,5.2326291083989425
89111,736525.1752902973,5.513334023508225,5.516699506284477,5.206355323102539,5.215669510620495
89112,736525.1756720291,5.513561286544758,5.517763142209582,5.206483687068902,5.216733146545601
89123,736525.5204627361,5.517446897509135,5.526164638344947,5.208979693714015,5.225134642680966
89125,736525.560331676,5.519266614039583,4.534808370090139,5.20989024743828,4.233778374426158
89132,736525.7554356907,5.520239481912201,4.539684312946671,5.2099561375014405,4.238654317282689
89138,736525.9882629773,5.520239481912201,4.539684312946671,5.2099561375014405,4.238654317282689
89145,736526.1254452915,5.520239481912201,4.539684312946671,5.2099561375014405,4.238654317282689
89170,736527.1424619737,5.520239481912201,4.539684312946671,5.2099561375014405,4.238654317282689
89172,736527.1619856302,5.528334269178321,4.33930769574276,5.225001479891489,4.251465909094493
89258,736530.7100049923,5.528334269178321,4.33930769574276,5.225001479891489,4.251465909094493
89264,736530.9996887255,5.513709229523798,4.308948677355275,5.215793530205977,4.071363466448854
89267,736531.0617183,5.513709229523798,4.308948677355275,5.215793530205977,4.071363466448854
89270,736531.0781621075,5.518003497417942,4.310667411651753,5.21902258686971,4.077992149183882
89271,736531.0844113867,4.572732414052254,4.381103251133351,5.22613727150595,4.146370387605407
89272,736531.0882375385,4.572032251535499,4.38467129304506,5.230364382345934,4.153706005247929
89274,736531.1402654202,4.214667610990601,4.2864752111664615,5.214526229877096,5.20578461744298
89283,736531.3896900871,4.214667610990601,4.2864752111664615,5.214526229877096,5.20578461744298
89284,736531.427248794,4.214667610990601,4.2864752111664615,5.214526229877096,5.20578461744298
89285,736531.4279774594,4.214667610990601,4.2864752111664615,5.214526229877096,5.20578461744298
89287,736531.4495728661,4.214667610990601,4.2864752111664615,5.214526229877096,5.20578461744298
89290,736531.5049262152,4.214667610990601,4.2864752111664615,5.214526229877096,5.20578461744298
89297,736531.618806706,4.384808975912362,4.274362413762504,4.278616416157398,4.157287162339985
89300,736531.633205841,4.514168799307999,4.4497265344544985,4.377017095514173,4.284382427040334
89301,736531.634466834,4.514168799307999,4.4497265344544985,4.377017095514173,4.284382427040334
89304,736531.6390862837,4.518154923740473,4.4351668113390765,4.229532859846971,4.282838698160854
89305,736531.6594342384,4.482907110539822,4.44017200313922,4.2234615589678235,4.2863938859105835
89306,736531.6601880488,4.485079832947925,4.44927030715394,4.24366053293723,4.29239454546453
89307,736531.6615943122,4.4903038275748175,4.462601475721437,4.254526133709294,4.302470136596389
89310,736531.7738507763,4.745015379176752,4.738085876111001,4.529298162925186,4.516885461326574
89312,736531.7771046906,4.745015379176752,4.738085876111001,4.529298162925186,4.516885461326574
89314,736531.7862564953,4.750963517584605,4.739815708089571,4.528954770858049,4.517937363945072
89316,736531.8166269195,4.750963517584605,4.739815708089571,4.528954770858049,4.517937363945072
89317,736531.8202881927,4.752865796498172,4.741780930319614,4.53050033605752,4.519525251735292
89320,736532.0520941163,4.460084881454526,4.744956019080214,5.233966321980673,4.51612470199932
89332,736532.4729395615,4.734001433786888,4.768662322211156,4.512300465882588,4.536646669290444
89335,736532.5860459295,4.432417174417128,4.756022780235541,4.282015649935062,4.5218489045112555
89336,736532.5920842444,5.016657237422094,5.007320701515875,4.738944905094897,4.745564705354042
89337,736532.598546194,5.016657237422094,5.007320701515875,4.738944905094897,4.745564705354042
89338,736532.6044601053,5.019637451168468,5.0061534205769895,4.7416092600598105,4.744449575641198
89339,736532.6830609036,5.033109939922284,5.019297735595607,4.751706488734643,4.757590695017085
89341,736532.7815807697,4.895567107832364,5.0159043892069874,4.630015671683322,4.754236632847822
89342,736532.9424849227,4.895567107832364,5.0159043892069874,4.630015671683322,4.754236632847822
89345,736532.9983769623,5.038656096308694,5.030820698383459,4.755449332646537,4.765020886477272
89346,736533.0011258114,5.036105722937101,5.032093953670043,4.755730661635954,4.766159845690853
89347,736533.0065926781,5.036105722937101,5.032093953670043,4.755730661635954,4.766159845690853
89348,736533.0086325315,5.038210856637611,5.025524532020879,4.757610838734861,4.763161545639391
89349,736533.0125118606,5.0395491712289235,5.035345097490119,4.7588066453969455,4.769069670511182
89351,736533.0299207296,5.0395491712289235,5.035345097490119,4.7588066453969455,4.769069670511182
89353,736533.1137098613,5.040838146485127,5.02799937402716,4.759958737047794,4.765378010549015
89357,736533.2663576276,5.052420483913766,5.038919915694987,4.770327251548815,4.775174063257774
89358,736533.2691174197,5.052420483913766,5.038919915694987,4.770327251548815,4.775174063257774
89359,736533.269632341,5.053588459583809,5.040022074450974,4.771374425677515,4.776164136134571
89364,736533.3798431634,5.477819831956665,5.44874013059116,5.16669165021322,5.157110748286985
89365,736533.3806583483,5.485214454483195,5.455973711206342,5.1737813610114625,5.164041108694748
89366,736533.4031910516,5.485214454483195,5.455973711206342,5.1737813610114625,5.164041108694748
89367,736533.4459941807,5.486237070371415,5.4592709994932465,5.174762200573635,5.165151319546269
89369,736533.4746987019,5.488008465026874,5.453083085942748,5.176461452396106,5.1621488945033365
89372,736533.5196498061,5.491771575947324,5.471645681997471,5.180072238410394,5.1755692331465015
89375,736533.5532155291,5.491771575947324,5.471645681997471,5.180072238410394,5.1755692331465015
89376,736533.5549945682,5.491771575947324,5.471645681997471,5.180072238410394,5.1755692331465015
89378,736533.6671741942,5.491771575947324,5.471645681997471,5.180072238410394,5.1755692331465015
89380,736533.7264737037,5.491771575947324,5.471645681997471,5.180072238410394,5.1755692331465015
89381,736533.7540036256,5.494912773694292,5.465464844229055,5.183087251699554,5.173141660787373
89382,736533.7699374128,5.4771907026060775,5.469962028257518,5.16795355589278,5.178727654728465
89388,736533.92646471,5.487142446247123,5.464594732126697,5.184824656070102,5.1753244622496215
89391,736533.9425645863,5.487142446247123,5.464594732126697,5.184824656070102,5.1753244622496215
89396,736534.0326512572,5.487640900504626,5.4724004299725,5.185303283971237,5.181067079942289
89398,736534.074759683,5.488536117711347,5.465959176008144,5.1861629481228295,5.176633743438683
89400,736534.1567671583,5.490256482017231,5.467643587856304,5.187815186382629,5.17825028569362
89401,736534.1657942403,5.540104687217597,4.757693032467011,5.239074691553616,5.242410929035966
89404,736534.2697452123,5.490768758432296,5.463402054541759,5.18830722679518,5.174275562984787
89418,736534.626982807,5.492802197355855,5.470136357610417,5.190260566334685,5.180643077370159
89419,736534.6359431725,5.493188583551695,5.465768581624971,5.190631773047132,5.176547383584268
89421,736534.6427831699,5.504439574707904,5.4815355351488515,5.2014464037686245,5.191592022123206
89428,736534.9419454143,5.504439574707904,5.4815355351488515,5.2014464037686245,5.191592022123206
89433,736535.0968168818,5.504439574707904,5.4815355351488515,5.2014464037686245,5.191592022123206
89434,736535.1026384982,5.504439574707904,5.4815355351488515,5.2014464037686245,5.191592022123206
89437,736535.1953372092,5.542578497811356,5.518936245935261,5.238184534210101,5.227592855110588
89438,736535.1982296938,5.546298789871365,5.529954789032705,5.24177442541892,5.236433835027071
89450,736535.3795719789,5.547028840771199,5.530672006427241,5.242479013409825,5.237125513954346
89464,736535.7508388509,5.521100917989024,5.531254111212721,5.212139041513042,5.232270084395976
89465,736535.9661542462,5.548504557612783,5.525127077596996,5.244270998460104,5.23356296587229
89473,736536.2429413312,5.548504557612783,5.525127077596996,5.244270998460104,5.23356296587229
89481,736536.386557448,5.431932986055548,5.53549815025253,5.203320929083013,5.234398418639865
89496,736536.879125895,5.549602507511793,5.528255085074942,5.245330888845009,5.234290098108315
89535,736537.9893088602,5.549602507511793,5.528255085074942,5.245330888845009,5.234290098108315
89539,736538.065074721,5.564481479906733,5.542973027790335,5.259703152171337,5.24446401203972
89541,736538.2624402998,5.575878894126012,5.552202933036149,5.271438020094888,5.25597337209317
89543,736538.2784995637,5.576498093990977,5.552815668212631,5.2720313923883015,5.253014706033433
89561,736538.8617705797,5.57750044542884,5.553807574023679,5.272992009269639,5.261431941745005
89564,736539.1632053533,5.57750044542884,5.553807574023679,5.272992009269639,5.261431941745005
89584,736539.9971800576,5.57750044542884,5.553807574023679,5.272992009269639,5.261431941745005
89607,736541.1524755289,5.57750044542884,5.553807574023679,5.272992009269639,5.261431941745005
89661,736542.9454125544,5.57750044542884,5.553807574023679,5.272992009269639,5.261431941745005
89667,736543.1489054929,5.57750044542884,5.553807574023679,5.272992009269639,5.261431941745005
89669,736543.1719097913,5.57750044542884,5.553807574023679,5.272992009269639,5.261431941745005
89700,736544.4867473473,5.001138441161686,5.54721631676235,3.99069658152187,5.244629042464772
89740,736546.3920555343,5.001138441161686,5.54721631676235,3.99069658152187,5.244629042464772
89741,736546.3940687936,5.576847082563636,5.557672358256965,5.265761295449924,5.2478314195134
89742,736546.4012959917,5.581266995056693,5.562243938582055,5.27036498116437,5.252345959741682
89754,736546.8764807603,5.581266995056693,5.562243938582055,5.27036498116437,5.252345959741682
89762,736547.2235102421,5.016277981666869,5.527735209488921,4.296157982160573,5.252235199760987
89764,736547.3531436219,5.016277981666869,5.527735209488921,4.296157982160573,5.252235199760987
89766,736547.3874971789,5.016277981666869,5.527735209488921,4.296157982160573,5.252235199760987
89769,736547.440625756,5.571301551364109,5.518394871101386,5.283757323764625,5.258059896455365
89774,736547.675535104,5.571301551364109,5.518394871101386,5.283757323764625,5.258059896455365
89776,736547.7327140614,5.571301551364109,5.518394871101386,5.283757323764625,5.258059896455365
89846,736550.0932324639,4.893040102091069,4.8931340687285,4.02667499837609,4.323436703236586
89848,736550.0957442175,4.893040102091069,4.8931340687285,4.02667499837609,4.323436703236586
89866,736550.4930347695,4.894244902622011,4.979957923476992,3.952003206407738,4.31800232979978
89877,736550.9711162201,5.037943978089466,4.904992690991429,5.28687487009637,5.258291225468921
89891,736551.4562926443,4.958510808214967,4.902110020413323,5.287912325368852,5.264257158068631
89892,736551.4609856658,4.971650479699079,4.9143081511872895,5.290724510492428,5.262064544198743
89893,736551.4611946797,4.973417619093662,4.878737988203424,5.2927044331939195,5.2640054711080415
89898,736551.6488433549,4.973417619093662,4.878737988203424,5.2927044331939195,5.2640054711080415
89903,736551.9612821264,4.973417619093662,4.878737988203424,5.2927044331939195,5.2640054711080415
89906,736552.0374282054,4.973417619093662,4.878737988203424,5.2927044331939195,5.2640054711080415
89928,736553.0215513845,4.973417619093662,4.878737988203424,5.2927044331939195,5.2640054711080415
89944,736553.4869733127,4.973949339325677,4.666141376261461,5.292506229488047,5.2668774445132485
89991,736556.4515481262,4.691975601474772,4.656385313420451,5.276196881834448,5.274814415368684
89994,736556.6005075778,4.664890104812329,4.65233358497613,5.293991107564891,5.275217469931419
90001,736556.9021778416,4.659769899618388,4.648585255099109,5.294454935896591,5.275679777662196
90002,736556.9768927252,4.659769899618388,4.648585255099109,5.294454935896591,5.275679777662196
90038,736558.5567108204,4.659769899618388,4.648585255099109,5.294454935896591,5.275679777662196
90046,736558.7681398918,4.906264270998613,4.873095220006053,4.058165245760024,4.381525663395756
90129,736561.7067146968,4.906264270998613,4.873095220006053,4.058165245760024,4.381525663395756
90130,736561.7100454981,4.906264270998613,4.873095220006053,4.058165245760024,4.381525663395756
90145,736562.4954129651,4.665980187159501,4.56938968182543,5.246242845327809,5.216396440812607
90146,736562.5021582837,4.549828464808314,4.549828464808314,5.247461367180614,5.227688948857345
90247,736565.6858197935,4.448684293039372,4.647017028057817,4.147654297375391,4.593925184559946
90252,736566.0291191844,4.448684293039372,4.647017028057817,4.147654297375391,4.593925184559946
90271,736567.004606243,4.564286818793698,4.564286818793698,4.561099048369002,4.569205811396834
90274,736567.0567893562,4.564286818793698,4.564286818793698,4.561099048369002,4.569205811396834
90298,736568.2207161903,4.4142394281926896,4.4142394281926896,4.372766549035679,4.340688486072389
90307,736568.6487473024,4.4101954758531745,4.4101954758531745,4.38807742280227,4.201364651996224
90308,736568.7014437177,4.479938804114591,4.479938804114591,4.43167446298858,4.13053720361921
90313,736568.7979365704,4.499082595232159,4.499082595232159,4.32566676433559,4.149634204841512
90340,736569.87474297,4.499082595232159,4.499082595232159,4.32566676433559,4.149634204841512
90345,736570.0908091071,4.499082595232159,4.499082595232159,4.32566676433559,4.149634204841512
90361,736570.7018004595,4.499082595232159,4.499082595232159,4.32566676433559,4.149634204841512
90371,736571.128358066,4.4472490584017015,4.510153200108379,4.691952569998845,4.328708596449389
90433,736573.0358422975,4.4472490584017015,4.510153200108379,4.691952569998845,4.328708596449389
90447,736573.2864838976,4.773495884343749,4.773495884343749,4.472465888679768,4.472465888679768
90460,736573.6989127132,4.740292296156173,4.423648746151401,4.439262300492191,4.168025944450993
90466,736573.7732888788,4.434336171923294,4.453548639136346,4.174016030176959,4.165103175109042
90472,736574.3568239529,4.775055789572323,4.773098714083526,4.474025793908342,4.482660757623205
90498,736575.9057967131,4.775055789572323,4.773098714083526,4.474025793908342,4.482660757623205
90515,736576.6961068588,4.775055789572323,4.773098714083526,4.474025793908342,4.482660757623205
90521,736577.1037042324,4.775055789572323,4.773098714083526,4.474025793908342,4.482660757623205
90580,736580.1041091786,4.775055789572323,4.773098714083526,4.474025793908342,4.482660757623205
90583,736580.2603650658,5.3919754510698565,5.3427897924485945,5.128710772233159,5.056020925962126
90669,736583.6599951778,5.3919754510698565,5.3427897924485945,5.128710772233159,5.056020925962126
90674,736584.0200608515,5.3919754510698565,5.3427897924485945,5.128710772233159,5.056020925962126
90768,736587.1075575147,5.3919754510698565,5.3427897924485945,5.128710772233159,5.056020925962126
90786,736587.8323290587,4.739559889623762,5.391562079567985,4.142826466656007,5.0519267768383385
90816,736588.8837080221,5.3906319610257745,5.390298598969244,5.089601965361793,5.047113581508799
90844,736589.9525260375,5.3906319610257745,5.390298598969244,5.089601965361793,5.047113581508799
90878,736591.3617660737,5.387504743246395,5.38585325739774,4.150952076938728,5.048971524320569
90938,736593.8417799555,5.387504743246395,5.38585325739774,4.150952076938728,5.048971524320569
91086,736600.5283611461,5.387504743246395,5.38585325739774,4.150952076938728,5.048971524320569
91098,736601.367498431,5.390300066938462,5.390300066938462,5.09054991465615,5.090136328747428
91135,736602.4285229068,5.385945783094644,5.3878206202798875,4.41846954003128,5.086792050241544
91136,736602.4302722516,5.3872141190221186,5.385458839686962,4.424230001058817,5.087967144817791
91153,736603.051666217,5.387087440151478,5.387087440151478,4.434529409530568,4.446782945713608
91155,736603.191377241,5.387156743231429,5.387156743231429,4.428998110281647,4.424486469493232
91283,736608.6497220247,5.385481374402096,5.385481374402096,5.0861609034256645,5.084451378738115
91286,736608.7415245904,5.389694931389682,5.389694931389682,5.088664935725701,5.088664935725701
91287,736608.742176761,5.389694931389682,5.389694931389682,5.088664935725701,5.088664935725701
91319,736610.6766023437,5.389694931389682,5.389694931389682,5.088664935725701,5.088664935725701
91320,736610.6816192965,5.389694931389682,5.389694931389682,5.088664935725701,5.088664935725701
91321,736610.7160353315,5.389694931389682,5.389694931389682,5.088664935725701,5.088664935725701
91322,736610.7178453509,5.389694931389682,5.389694931389682,5.088664935725701,5.088664935725701
91323,736610.7211747511,5.389694931389682,5.389694931389682,5.088664935725701,5.088664935725701
91325,736610.7482080461,5.389694931389682,5.389694931389682,5.088664935725701,5.088664935725701
91326,736610.764366411,5.389694931389682,5.389694931389682,5.088664935725701,5.088664935725701
91327,736610.7649157089,5.389694931389682,5.389694931389682,5.088664935725701,5.088664935725701
91334,736610.8755126395,5.386722968014535,5.38389395088895,5.088940925585092,5.082863955224969
91426,736615.0220728782,5.3748792016197,5.3748792016197,5.073849205955719,5.070218785628574
91447,736615.4999280784,5.364920286457002,5.382348675577121,5.0638902907930206,5.08131867991314
91565,736620.3190132481,5.38737870440261,5.3871904543613525,5.086348708738629,5.086160458697371
91568,736620.4385340188,5.387899976799471,5.379059865199545,5.086869981135489,5.0780298695355635
91661,736624.3128316766,5.387899976799471,5.379059865199545,5.086869981135489,5.0780298695355635
91664,736624.5486469888,5.305095124011486,5.377401526009359,5.078884911608187,5.076371530345377
91680,736625.3987497254,5.360644800834105,5.429482218047841,5.132325084364247,5.12845222238386
91712,736626.8176881145,5.360050775021911,5.359867720451746,5.131808826632787,5.121785716356188
91734,736627.9458284309,5.36330566038711,5.36330566038711,5.1235271279597745,5.126037424283855
91752,736628.9088266515,5.36330566038711,5.36330566038711,5.1235271279597745,5.126037424283855
91787,736629.8030299932,5.36330566038711,5.36330566038711,5.1235271279597745,5.126037424283855
91850,736633.1363246363,5.305029896227959,4.619248870545256,5.0790560291462565,5.0749483794683
91893,736634.8296150251,4.621818884040862,4.62226952984744,5.127470993773357,5.07317555831051
91902,736635.3731619627,5.362363495959321,4.61460911193089,5.131266610898247,5.074458213722489
91914,736635.6530322629,4.6233694985265625,4.619153245694901,5.075695172703522,4.328933507578022
91915,736635.683083171,4.615824318518325,4.61180729153909,5.020815189509734,4.328544038334221
91969,736637.3853787923,4.631845275246908,4.608510594855607,5.0752083392979355,4.3220842469951055
92024,736640.1081713797,4.631845275246908,4.608510594855607,5.0752083392979355,4.3220842469951055
92045,736640.6097530443,4.631845275246908,4.608510594855607,5.0752083392979355,4.3220842469951055
92077,736641.4061373838,4.617835673350476,4.600025529338107,4.316805677686495,4.298995533674126
92161,736644.5985170908,4.617835673350476,4.600025529338107,4.316805677686495,4.298995533674126
92162,736644.6028176739,4.604789244196447,4.584363795962668,4.310617989187654,4.283333800298687
92171,736645.0719296568,4.604789244196447,4.584363795962668,4.310617989187654,4.283333800298687
92188,736646.1225921417,4.655386796956399,4.6425268313247825,4.357875030602802,4.341496835660801
92206,736646.6395309594,4.6879527751715235,4.6879527751715235,4.386922779507542,5.0167249039317605
92215,736647.1674365103,4.7020052115699995,4.659596951819317,4.400975215906018,4.358566956155336
92218,736647.3006301812,4.606239648871304,4.662206258416332,4.3052096532073225,4.011768876412031
92223,736647.4202972717,4.606239648871304,4.662206258416332,4.3052096532073225,4.011768876412031
92224,736647.4224569686,4.647706025454515,4.665377770173327,4.371164318826601,4.364347774509346
92230,736647.6121129603,4.648488854255149,4.671735634398661,4.363775526913794,4.370705638734679
92233,736647.6756192764,4.647659755105213,4.6660741168913855,4.344173968803889,4.365044121227404
92237,736647.7853836801,4.600452943955072,4.664196149008648,4.299422948291091,4.368686610110528
92271,736648.8587979982,4.600452943955072,4.664196149008648,4.299422948291091,4.368686610110528
92281,736649.163193036,4.600452943955072,4.664196149008648,4.299422948291091,4.368686610110528
92296,736649.6827636502,4.600452943955072,4.664196149008648,4.299422948291091,4.368686610110528
92298,736649.7967743728,4.600452943955072,4.664196149008648,4.299422948291091,4.368686610110528
92299,736649.815712794,4.600452943955072,4.664196149008648,4.299422948291091,4.368686610110528
92300,736649.8351515669,4.600452943955072,4.664196149008648,4.299422948291091,4.368686610110528
92303,736649.9312829381,4.653499818083805,4.6553481714681695,4.349437528697315,4.358703071664052
92304,736649.9331846839,4.653499818083805,4.6553481714681695,4.349437528697315,4.358703071664052
92306,736649.9447707812,4.653499818083805,4.6553481714681695,4.349437528697315,4.358703071664052
92310,736650.1453718771,4.5989735155634195,4.658669647504681,4.297943519899438,4.370673009484214
92311,736650.1488295464,4.584063896340497,4.6599436842714015,4.283033900676516,4.0027725538938475
92333,736650.7667747336,4.661123967299087,4.2229164932587135,4.357750233565205,4.354520193228779
92343,736651.1432199292,4.700554063805339,4.648028713749872,4.399524068141358,4.336314758386773
92361,736651.7305846169,4.700554063805339,4.648028713749872,4.399524068141358,4.336314758386773
92363,736651.852568373,4.6918346492932805,4.648107807563875,4.390804653629299,4.334747728161345
92364,736651.8623872211,4.367249644851079,4.64963262486636,4.066219649187099,4.337346778426038
92365,736651.8720054963,4.367249644851079,4.64963262486636,4.066219649187099,4.337346778426038
92366,736651.8804691005,4.359523278314048,4.645624143489422,4.058493282650066,4.343684266872103
92367,736651.9191863874,4.357497376338703,4.644603719000581,4.056467380674722,4.338277090084508
92390,736653.1344441696,4.357053627663916,4.686499596352207,4.056023631999935,4.00607354815644
92401,736653.4011197438,4.660947732212505,4.2915197863668375,4.35865130625524,4.391181408383
92403,736653.4345697174,4.383581530483812,4.696310125292141,4.082551534819832,4.379346478745941
92408,736653.5804636354,4.81693955758509,4.577228863793389,4.509965778700906,4.523594825333171
92409,736653.5882194081,4.8102837459246155,4.573752461714313,4.52172154833002,4.524976314800344
92410,736653.5896205985,4.8102837459246155,4.573752461714313,4.52172154833002,4.524976314800344
92411,736653.5920100054,4.8102837459246155,4.573752461714313,4.52172154833002,4.524976314800344
92412,736653.5952813454,4.8102837459246155,4.573752461714313,4.52172154833002,4.524976314800344
92413,736653.598847433,4.8102837459246155,4.573752461714313,4.52172154833002,4.524976314800344
92420,736653.6777975807,4.8102837459246155,4.573752461714313,4.52172154833002,4.524976314800344
92422,736653.7284802445,4.8102837459246155,4.573752461714313,4.52172154833002,4.524976314800344
92426,736653.9062645815,4.8102837459246155,4.573752461714313,4.52172154833002,4.524976314800344
92429,736654.1189682126,4.8102837459246155,4.573752461714313,4.52172154833002,4.524976314800344
92433,736654.208417735,4.375895617676807,4.59256279510629,4.293785211105649,4.319884914591537
92435,736654.2506712374,4.378060020503324,4.5989438342913544,4.285999422947147,4.5449744150422005
92438,736654.3014470815,4.400618506264698,4.620410743515979,4.3008391112334685,4.556903508711243
92441,736654.3743636251,4.4333708728211905,4.6382803439087334,3.8321986066786113,4.56703286927193
92442,736654.3752623084,4.443195754512827,4.6536653782745985,4.142165758848845,4.574685218764832
92448,736654.4563351423,4.443195754512827,4.6536653782745985,4.142165758848845,4.574685218764832
92450,736654.5175373246,4.4398788698458835,4.658379057959457,3.872144247271207,4.380347443207872
92451,736654.6089269678,4.46144872553886,4.671452291357387,3.8848506012706694,4.5851528592644
92452,736654.6098478021,4.477686577816085,4.680904968371716,4.176656582152104,4.590788381433357
92453,736654.6104022472,4.521665293919776,4.711183494381776,4.220635298255795,4.6091498067495476
92454,736654.6147278058,4.371146957990358,4.6903755093664135,4.070116962326377,4.36276277221151
92458,736654.8626915345,4.8139541348994195,4.695167674599099,4.523415890836618,4.601383761357824
92466,736654.9936307685,4.447956394368012,4.725532316442407,4.1346755189074935,4.618033644880635
92471,736655.1069413294,4.406080909431497,4.42227262182111,4.105050913767516,4.125468498490934
92488,736655.6805495307,4.406080909431497,4.42227262182111,4.105050913767516,4.125468498490934
92496,736656.0609481996,4.406080909431497,4.42227262182111,4.105050913767516,4.125468498490934
92509,736656.4987483463,4.687599368023436,4.743648674776556,4.372956372627208,4.459196804616992
92510,736656.4996637667,4.67810514150956,4.745317459282598,4.388808429408257,4.461816570677401
92513,736656.5240831461,4.694336370859379,4.756995665830056,4.407482201334109,4.474609140574427
92514,736656.5411469316,4.694261862791208,4.756429914417458,4.405943688762418,4.47572712643084
92518,736656.5775334246,4.618594421892413,4.76033064019522,4.331778668877647,4.478839841571876
92524,736656.6722383343,4.63160502790111,4.762989859576205,4.334079700358105,4.483948433092625
92526,736656.6921736173,4.702549096664563,4.808634690922415,4.406033706581177,4.525343579326319
92527,736656.6947463852,4.742701569138462,4.848613074658248,4.442247509646011,4.560041258040933
92528,736656.7035856612,4.495473736916666,4.85116274510102,4.199559480466619,4.562425670857199
92529,736656.7281941244,4.495473736916666,4.85116274510102,4.199559480466619,4.562425670857199
92530,736656.749142252,4.495473736916666,4.85116274510102,4.199559480466619,4.562425670857199
92531,736656.7843241763,4.748254691527118,4.847864043950827,4.447433100786651,4.5610840656152005
92532,736656.8155350983,4.509488272686236,4.842706025931532,4.211265134934176,4.557163638346062
92534,736656.8703892636,4.6458549825501185,4.868467317697661,4.357792261217739,4.578708042337229
92535,736656.9509405926,4.664000823428563,4.881747742791402,4.374531771747141,4.591285738654043
92537,736657.0041214902,4.664000823428563,4.881747742791402,4.374531771747141,4.591285738654043
92539,736657.05940571,4.759607693443959,4.870990021666071,4.455388901112789,4.580807901366663
92541,736657.0598623918,4.522727608550451,4.863138104977246,4.221893500067195,4.574973853424514
92545,736657.1611974831,4.83111034542016,4.921727730999784,4.524624585808226,4.628854875658753
92548,736657.2355147646,4.83111034542016,4.921727730999784,4.524624585808226,4.628854875658753
92551,736657.3135263778,4.83111034542016,4.921727730999784,4.524624585808226,4.628854875658753
92552,736657.3280480033,4.830702988490991,4.923777751932261,4.524063961128663,4.630800923036772
92553,736657.3625864736,4.833360301892365,4.926178083303986,4.527244793382477,4.633608586010968
92556,736657.3675229222,4.840625834817281,4.931789694744657,4.534628860952666,4.63837197786224
92561,736657.379121097,4.655550339490859,4.9307648293455815,4.350383526251674,4.637931643078297
92562,736657.3811849335,4.6570588089890865,4.9268275619582536,4.352577280095658,4.636322849291367
92563,736657.383252799,4.690277208549307,4.9325165109905855,4.390126184929567,4.641565014393355
92564,736657.3880449024,4.692865705449539,4.946078398131296,4.392026657190343,4.652269946404581
92565,736657.4051180107,4.6984550068329645,4.942062085614685,4.392242350120034,4.650652358435889
92568,736657.4451868767,4.6984550068329645,4.942062085614685,4.392242350120034,4.650652358435889
92572,736657.5110212789,4.722651350902572,4.961379928497214,4.420628244827177,4.6668491616918955
92573,736657.521359287,4.716141184487865,4.950886895597485,4.409257827272066,4.65906198729262
92595,736658.1650618791,4.3902628859086485,4.97704932734265,4.065431972753518,4.684576170581025
92613,736658.7309524496,4.721203053684367,4.956629491032639,4.416314094459654,4.662979312445479
92617,736658.842136782,4.721203053684367,4.956629491032639,4.416314094459654,4.662979312445479
92618,736658.8614703115,4.7329309235783334,4.9677319211697695,4.430926392444914,4.671836778130957
92622,736658.966935078,4.728563599837533,4.972844821410531,4.42366423585348,4.676134685876586
92623,736658.9764900579,4.69881596601758,4.464707850156543,4.397785970353599,4.171489140354236
92626,736659.1806328432,4.592780713205827,4.9730436245836955,4.298748119582572,4.675976469487581
92684,736661.0188421181,4.882532688503528,5.05500426175912,4.577764841176339,4.756371237631643
92685,736661.0194918804,4.9974521803251735,5.053494889599978,4.690930964604819,4.755418103410086
92686,736661.0210001416,4.886648084668277,5.060146198564949,4.578690430915857,4.761362982174446
92689,736661.0457730772,5.005274847862414,5.059691951166669,4.698629304429651,4.761392177466411
92690,736661.0553200478,4.895652384447694,5.05340476495387,4.587482532602466,4.756920688476688
92691,736661.0581524951,5.010664203765699,5.063963763956081,4.703923964447814,4.7655127109323185
92692,736661.0818778758,4.902862219683875,5.067483754824969,4.597782405632,4.768439324290716
92694,736661.0979614796,4.901124109303104,5.06636440435095,4.592827476201621,4.767828598694902
92695,736661.1068285073,4.901124109303104,5.06636440435095,4.592827476201621,4.767828598694902
92696,736661.1071579951,4.901124109303104,5.06636440435095,4.592827476201621,4.767828598694902
92697,736661.1134535519,5.014704604856581,5.06727636744173,4.708088179748852,4.768761286820829
92704,736661.3242095201,4.8644000551831335,5.037505174873478,4.598247696694992,4.765163806068728
92709,736661.4302636721,4.8644000551831335,5.037505174873478,4.598247696694992,4.765163806068728
92716,736661.6505828011,4.9641764058437845,4.97532121340177,4.68281246610683,4.708489370261793
92718,736661.7396636135,4.9641764058437845,4.97532121340177,4.68281246610683,4.708489370261793
92722,736662.1291395065,4.39422611005532,4.279368451389891,4.093196114391339,4.364101216035888
92723,736662.1298008509,4.39422611005532,4.279368451389891,4.093196114391339,4.364101216035888
92724,736662.1315986471,4.39422611005532,4.279368451389891,4.093196114391339,4.364101216035888
92726,736662.3381018403,4.39422611005532,4.279368451389891,4.093196114391339,4.364101216035888
92728,736662.5263809053,6.967743473416592,6.967743473416592,6.6667134777526105,6.664491588647949
92730,736662.799788578,6.967743473416592,6.967743473416592,6.6667134777526105,6.664491588647949
92759,736663.9044059365,6.967743473416592,6.967743473416592,6.6667134777526105,6.664491588647949
92791,736665.0432720908,6.978147859226059,6.986504885948926,6.677117863562078,6.685527627487697
92800,736665.2377072998,4.343668576941228,5.028575168789562,4.118991245356688,4.782098853445003
92810,736665.4085734315,4.050243697244859,4.941884596177059,3.749213701580878,4.683375687893368
92820,736665.7886053589,4.050243697244859,4.941884596177059,3.749213701580878,4.683375687893368
92822,736665.8114013899,4.050243697244859,4.941884596177059,3.749213701580878,4.683375687893368
92824,736665.9281391812,4.898531454320674,5.017210125662826,4.63950550554191,4.761609382727592
92842,736666.9769983668,6.973393454711804,6.976461730445116,6.672363459047823,6.667664649058421
92848,736667.1929340076,4.441900010966044,4.940181003488657,4.140870015302062,4.696918123566337
92854,736667.4168388161,4.441900010966044,4.940181003488657,4.140870015302062,4.696918123566337
92859,736667.5642487953,4.421461366831821,4.94452140972417,4.236030524341873,4.697922720322903
92881,736668.3418516555,4.0223883010033,4.942679933177188,3.7213583053393187,4.686131051485422
92889,736668.4009292887,4.392714690970747,5.042333109791739,4.2530223574874615,4.793531692275203
92891,736668.4098800025,4.668182615129518,5.040263005151948,4.259481779837652,4.795212183346383
92906,736669.1749907831,4.668182615129518,5.040263005151948,4.259481779837652,4.795212183346383
92909,736669.3720042554,4.668182615129518,5.040263005151948,4.259481779837652,4.795212183346383
92911,736669.3846104707,4.507228501314855,4.892716756260563,4.49472447684566,4.765391792122995
92912,736669.3860146528,4.444221113578469,4.8946010227211,4.377292414411004,4.7666241905993205
92913,736669.3933906598,4.444221113578469,4.8946010227211,4.377292414411004,4.7666241905993205
92914,736669.4106631156,4.461701970148607,4.8990369119521455,4.450065365009067,4.769532763817943
92916,736669.442652208,4.777511791013623,4.908695780401284,4.6619483271274955,4.775901281747394
92922,736669.7227241506,4.450178613179329,4.877927604150928,4.415681596737346,4.778382225656513
92923,736669.7243117247,4.299980875743598,4.879335782272736,4.336768992076419,4.778789994614318
92945,736671.1887713127,6.7634409260137565,6.752358793548643,6.488500841458077,6.445689545202515
92946,736671.2063333199,6.764044510305868,6.7514130114615805,6.494222466702156,6.44510789302028
92948,736671.2196212906,6.764044510305868,6.7514130114615805,6.494222466702156,6.44510789302028
92952,736671.2590278322,6.778398988228824,6.751564965443359,6.4858523377308845,6.445258509346096
92953,736671.2605574953,6.778825396346387,6.7517334468060906,6.4860218197481965,6.445425508104018
92956,736671.3026014729,6.973405372520947,4.4312769383829975,3.798765658081332,4.3789038088356085
92957,736671.303490292,6.779629322525876,6.751795310620791,6.490822905535883,6.445486827671681
92964,736671.3858041229,6.779629322525876,6.751795310620791,6.490822905535883,6.445486827671681
92967,736671.4097777467,6.77953293756051,6.75185716562445,6.486109374351778,6.445529835836117
92970,736671.5147286803,6.798245436622641,6.751630985902963,6.504336932439744,6.450522772654855
92980,736672.0980559239,6.798245436622641,6.751630985902963,6.504336932439744,6.450522772654855
93010,736672.5731707116,6.746855850769682,6.750660389455389,4.400555349784643,6.457896553199024
93017,736673.0654163036,6.746855850769682,6.750660389455389,4.400555349784643,6.457896553199024
93020,736673.1729679968,6.746855850769682,6.750660389455389,4.400555349784643,6.457896553199024
93022,736673.3010524359,6.746855850769682,6.750660389455389,4.400555349784643,6.457896553199024
93063,736675.0023696773,6.7992622700037275,6.744391852030805,6.492978196961339,6.444294929843221
93070,736675.2934648121,6.7992622700037275,6.744391852030805,6.492978196961339,6.444294929843221
93074,736675.3524691676,6.798932081495118,6.744413946459037,6.488036469468853,6.444316667275329
93082,736675.4792859817,6.977868814624681,4.515509358405015,4.20672451211755,4.708423699969195
93083,736675.5432825444,6.973835361555932,6.9759958477200845,4.092959935320444,4.214797947198531
93088,736675.5750807096,6.806943620200274,6.744443070870482,6.4880655539982275,6.444345321129277
93089,736675.7611827701,6.815311034190125,6.744470249590902,6.488092695503355,6.4443720607563595
93090,736675.8323519767,6.815311034190125,6.744470249590902,6.488092695503355,6.4443720607563595
93097,736676.2620367485,6.815311034190125,6.744470249590902,6.488092695503355,6.4443720607563595
93112,736676.5996626377,6.815311034190125,6.744470249590902,6.488092695503355,6.4443720607563595
93117,736676.640838644,6.815311034190125,6.744470249590902,6.488092695503355,6.4443720607563595
93120,736676.6864253135,6.815311034190125,6.744470249590902,6.488092695503355,6.4443720607563595
93129,736677.1533388586,6.831383448839657,6.747598184604461,6.488436541075935,6.444015929291216
93133,736677.2530322876,6.831383448839657,6.747598184604461,6.488436541075935,6.444015929291216
93147,736677.5390467908,6.94148951881839,6.814019292737124,6.556802179787761,6.512686533375148
93150,736677.621181732,6.94148951881839,6.814019292737124,6.556802179787761,6.512686533375148
93153,736677.713082032,6.94148951881839,6.814019292737124,6.556802179787761,6.512686533375148
93162,736677.938918942,6.94148951881839,6.814019292737124,6.556802179787761,6.512686533375148
93164,736677.97619792,6.941503001294712,6.814032767217067,6.5833846491182655,6.512637147511158
93204,736678.8435793854,6.941503001294712,6.814032767217067,6.5833846491182655,6.512637147511158
93206,736678.8717825643,6.941503001294712,6.814032767217067,6.5833846491182655,6.512637147511158
93207,736678.9094647306,6.941375933250302,6.8140477122818695,6.608808030766436,6.512651856665031
93243,736679.6407908335,6.941375933250302,6.8140477122818695,6.608808030766436,6.512651856665031
93250,736679.7671394559,6.941375933250302,6.8140477122818695,6.608808030766436,6.512651856665031
93252,736679.9395849196,6.941375933250302,6.8140477122818695,6.608808030766436,6.512651856665031
93253,736679.9621223322,6.941375933250302,6.8140477122818695,6.608808030766436,6.512651856665031
93261,736680.047979642,6.941375933250302,6.8140477122818695,6.608808030766436,6.512651856665031
93264,736680.1300378882,6.941375933250302,6.8140477122818695,6.608808030766436,6.512651856665031
93265,736680.1302791379,6.941375933250302,6.8140477122818695,6.608808030766436,6.512651856665031
93266,736680.1308715509,6.941375933250302,6.8140477122818695,6.608808030766436,6.512651856665031
93267,736680.1350239025,6.941375933250302,6.8140477122818695,6.608808030766436,6.512651856665031
93279,736680.541722698,6.740290242222067,6.969439729269877,6.672798417340646,6.677433687138192
93289,736680.7647823596,6.941069661958966,6.826618218336635,6.58507207360596,6.512661447933112
93320,736681.6172339013,6.976826031605901,6.849522212396145,4.663419175324175,6.512568553476616
93335,736682.4152437566,6.976826031605901,6.849522212396145,4.663419175324175,6.512568553476616
93342,736682.5147795121,6.907527717630909,6.827668128715686,6.552216702313251,6.506450304611974
93411,736685.914052255,6.874298961600359,6.865521281400578,6.556967814534769,6.5237651130554095
93412,736685.9297979983,6.737219031529591,6.843696722684217,6.670214044718825,6.52943657352906
93417,736686.1357314774,6.912962391853418,6.8456768922751605,6.5549531904379785,6.511631256518069
93418,736686.1390632248,6.912962391853418,6.8456768922751605,6.5549531904379785,6.511631256518069
93419,736686.1477206387,6.917780091859697,6.845712007165846,6.556404965915939,6.511665977962842
93420,736686.1479232465,6.917808645929346,6.845740547528889,6.554847795696115,6.51169419856765
93421,736686.1497959842,6.9171901474356146,6.845774465374895,6.5465737132277315,6.511727736434623
93423,736686.1754697906,6.9171901474356146,6.845774465374895,6.5465737132277315,6.511727736434623
93425,736686.2269340231,6.102248236208335,6.03230164486149,6.554925412019181,6.511766239864413
93426,736686.2280160934,6.102248236208335,6.03230164486149,6.554925412019181,6.511766239864413
93428,736686.2747718265,6.102248236208335,6.03230164486149,6.554925412019181,6.511766239864413
93432,736686.3873593073,6.102248236208335,6.03230164486149,6.554925412019181,6.511766239864413
93434,736686.4773929503,6.100902931099519,6.030602938144884,6.55499008570821,6.511835493972116
93440,736686.6604800855,6.0891709915992935,6.033684365971469,6.5613609419771,6.511969141101025
93442,736686.675566621,6.0891709915992935,6.033684365971469,6.5613609419771,6.511969141101025
93443,736686.6821050779,6.0891709915992935,6.033684365971469,6.5613609419771,6.511969141101025
93444,736686.6825925709,6.089403521806185,6.033771303219283,6.5613564381693585,6.511870039713198
93449,736686.714262537,6.089403521806185,6.033771303219283,6.5613564381693585,6.511870039713198
93450,736686.7159231311,6.089403521806185,6.033771303219283,6.5613564381693585,6.511870039713198
93451,736686.720579168,6.108474096149598,6.033867711472611,6.559502447452538,6.511174204445837
93453,736686.7386317933,6.1115212955471625,6.036905421195275,6.556814533415539,6.511637516597695
93454,736686.7454262614,6.1115212955471625,6.036905421195275,6.556814533415539,6.511637516597695
93455,736686.7542926993,6.110593293542033,6.037313575337726,6.569946800817695,6.512909697693877
93458,736686.908676214,6.111014009839005,6.037765841394851,6.57001661883411,6.511702934514982
93459,736686.9235051936,6.111103437187557,6.037854991796779,6.561540191280991,6.51171659826179
93460,736686.9783003652,6.110188834537598,6.038009873917903,6.543967935567239,6.5082858750113015
93464,736687.0827439702,6.110291451456085,6.038112173226453,6.56153969555218,6.511536769670302
93466,736687.089371288,6.110291451456085,6.038112173226453,6.56153969555218,6.511536769670302
93467,736687.1793509454,6.109399072617175,6.038275637982617,6.55665679303065,6.51099792312094
93469,736687.2174145861,6.120128760698884,6.0489725414852975,6.562665099435542,6.512659233312161
93470,736687.2178375833,6.127826773103638,6.056647525169081,6.563749227137799,6.51387265983771
93471,736687.219447142,6.1280368751249155,6.056857004354613,6.563712773037242,6.513906032451765
93472,736687.2217930965,6.128534699603732,6.0573533542591615,6.575707628691099,6.513985161141572
93474,736687.224099891,6.128801811848022,6.057619676001679,6.575750367272847,6.514027649814485
93475,736687.2491253476,6.129050947381041,6.057868074670659,6.5764150770459775,6.514067298801656
93477,736687.2626716126,6.129275438343135,6.058091902020438,6.5639069174138625,6.514103042081527
93478,736687.2703801363,6.129524302403473,6.058340030819351,6.56414356496466,6.51414268418666
93480,736687.2781574199,6.134871930529205,6.063671960613225,6.565005038483983,6.514999147148049
93481,736687.2787221244,6.133024439704398,6.062233032190142,6.556644795970456,6.514799792253783
93482,736687.2815254271,6.133204383513427,6.062412451423283,6.564347530418792,6.514828780606785
93483,736687.2825325935,6.133616330140159,6.062823197950398,6.576110342888515,6.5148951817942695
93487,736687.468178765,6.133752652416988,6.062959123337529,6.569726540574774,6.514669593715788
93488,736687.4766345425,6.138041616651204,6.067235663871901,6.570423179743391,6.5153648899097965
93489,736687.4772993091,6.138509325764124,6.0677020255704885,6.570077551001278,6.5154410599464905
93490,736687.4836305173,6.13570793878207,6.065074584605433,6.565917821033116,6.515458307895371
93491,736687.4863868124,6.138239391426962,6.067598771258364,6.575286823969995,6.515871852199792
93495,736687.50584302,6.138239391426962,6.067598771258364,6.575286823969995,6.515871852199792
93497,736687.5246170282,6.138239391426962,6.067598771258364,6.575286823969995,6.515871852199792
93499,736687.5676224848,6.138239391426962,6.067598771258364,6.575286823969995,6.515871852199792
93500,736687.5818876192,6.138442161243034,6.07481214887788,6.569662977826661,6.515845074099738
93504,736687.7074856195,6.138442161243034,6.07481214887788,6.569662977826661,6.515845074099738
93505,736687.7202466542,6.138442161243034,6.07481214887788,6.569662977826661,6.515845074099738
93506,736687.809335628,6.1385807833875985,6.074950498643378,6.574573996701855,6.515867793041622
93507,736687.8106026176,6.139061095043724,6.075429867204596,6.576028415463479,6.515946558781653
93508,736687.8393552862,6.139451116022074,6.075819123139813,6.576092728922023,6.516010571455558
93509,736687.8562290345,6.139451116022074,6.075819123139813,6.576092728922023,6.516010571455558
93513,736688.0201213338,6.139542495207237,6.07591032317985,6.610522990042725,6.516025576125974
93520,736688.2224945178,6.140434476046898,6.076800557302315,6.553189937558843,6.517388487329559
93521,736688.2553667102,6.1405321684436,6.076898058610807,6.562240898839588,6.517404561257137
93522,736688.266525085,6.1426396208075,6.079001399184966,6.576014036859692,6.517752049579677
93524,736688.28342823,6.14412542422586,6.080484315640828,6.576867272758862,6.5179978844916215
93533,736688.3959944827,6.14412542422586,6.080484315640828,6.576867272758862,6.5179978844916215
93535,736688.5026811718,6.144708771210267,6.081066531855957,6.571130141347839,6.518094594693769
93536,736688.5297404578,6.1447901656275725,6.081147768617482,6.5769779877130095,6.51810809728703
93561,736688.9243731309,6.1447901656275725,6.081147768617482,6.5769779877130095,6.51810809728703
93562,736688.9354338759,6.1447901656275725,6.081147768617482,6.5769779877130095,6.51810809728703
93567,736689.008647888,6.738636764610895,6.738636764610895,6.6710404432097965,6.669904383323616
93572,736689.0692565632,6.14468151315066,6.081237856616255,6.5769930321842205,6.518079428794641
93577,736689.1209321095,6.14468151315066,6.081237856616255,6.5769930321842205,6.518079428794641
93578,736689.1337865122,6.14468151315066,6.081237856616255,6.5769930321842205,6.518079428794641
93579,736689.1553610646,6.14468151315066,6.081237856616255,6.5769930321842205,6.518079428794641
93583,736689.2272975299,6.1447686937937,6.081324868463688,6.612858411000183,6.518074823453647
93589,736689.2747011683,6.1447686937937,6.081324868463688,6.612858411000183,6.518074823453647
93594,736689.34444005,6.1449753617478695,6.081531136410871,6.571970382070116,6.518109137294283
93596,736689.3687902805,6.1449753617478695,6.081531136410871,6.571970382070116,6.518109137294283
93598,736689.4028456766,6.1449753617478695,6.081531136410871,6.571970382070116,6.518109137294283
93599,736689.4217618578,6.1450942421783115,6.08164978683363,6.551607954253742,6.514668179278492
93602,736689.4626909519,6.1450942421783115,6.08164978683363,6.551607954253742,6.514668179278492
93603,736689.467897505,6.1450942421783115,6.08164978683363,6.551607954253742,6.514668179278492
93611,736689.5719390581,6.1450942421783115,6.08164978683363,6.551607954253742,6.514668179278492
93614,736689.6899085362,6.1450942421783115,6.08164978683363,6.551607954253742,6.514668179278492
93616,736689.7292447116,6.1450942421783115,6.08164978683363,6.551607954253742,6.514668179278492
93620,736689.8977238998,6.145396167792547,6.08195112857009,6.5584272274283455,6.518179047373909
93628,736690.0356782735,6.141614355132933,6.076144641266047,6.562616408050239,6.5181956575393425
93633,736690.1036117974,6.141614355132933,6.076144641266047,6.562616408050239,6.5181956575393425
93634,736690.1043446058,6.14176075929282,6.076290761877284,6.569493062000856,6.518219943400616
93638,736690.1564488144,6.142612004196449,6.077140360018678,6.569542252892628,6.518361285225483
93639,736690.1634506638,6.137113370651017,6.072025614786936,6.566350214687671,6.516001734299538
93640,736690.165529682,6.1371917254770825,6.072103818377022,6.552150613666336,6.516014769159808
93642,736690.1735307387,6.1371917254770825,6.072103818377022,6.552150613666336,6.516014769159808
93643,736690.1944637911,6.1371917254770825,6.072103818377022,6.552150613666336,6.516014769159808
93647,736690.2605841106,6.1371917254770825,6.072103818377022,6.552150613666336,6.516014769159808
93672,736690.5969784386,6.1371917254770825,6.072103818377022,6.552150613666336,6.516014769159808
93679,736690.9473818298,6.1371917254770825,6.072103818377022,6.552150613666336,6.516014769159808
93680,736690.9497531715,6.137993287921826,6.071792697129056,6.566018262950497,6.516028261681232
93681,736690.954177141,6.137993287921826,6.071792697129056,6.566018262950497,6.516028261681232
93683,736690.9996631396,6.137993287921826,6.071792697129056,6.566018262950497,6.516028261681232
93684,736691.048782387,6.138364099151895,6.072162792497245,6.568981382680287,6.515258603484391
93688,736691.2779963737,6.138556351368715,6.072354673805625,6.60531396998322,6.5168210229335966
93690,736691.3324477016,6.490228503735272,6.4235616311340955,6.687561192756925,6.600345753575405
93691,736691.3362991388,6.490377107146032,6.42371010688716,6.687607390774635,6.600391917248218
93692,736691.3369236329,6.495557488274873,6.428886064981867,6.689224693579914,6.602008020003546
93693,736691.3407377052,6.495812550743863,6.429140911035954,6.689304666499711,6.6020879336986695
93695,736691.3523940142,6.496126140761745,6.429454235153579,6.6505545189182325,6.602186228852733
93698,736691.3563982876,6.496126140761745,6.429454235153579,6.6505545189182325,6.602186228852733
93700,736691.3580436973,6.496213470423639,6.429541490800769,6.689430437030983,6.6022136111114715
93701,736691.360295701,6.494606955718212,6.429589989006076,6.65059715139633,6.598399618932436
93705,736691.3726674726,6.494606955718212,6.429589989006076,6.65059715139633,6.598399618932436
93707,736691.3838307487,6.496557222739104,6.431538607165256,6.689560703072035,6.602841371711687
93709,736691.387698126,6.496557222739104,6.431538607165256,6.689560703072035,6.602841371711687
93710,736691.3924825339,6.496557222739104,6.431538607165256,6.689560703072035,6.602841371711687
93712,736691.4010852921,6.496557222739104,6.431538607165256,6.689560703072035,6.602841371711687
93714,736691.4063759927,6.4966471878925285,6.431628496435616,6.689589025782271,6.602869673486246
93717,736691.456484621,6.496713104733263,6.431694357687326,6.689609780186478,6.602890412550009
93719,736691.47650536,6.496713104733263,6.431694357687326,6.689609780186478,6.602890412550009
93721,736691.4969423289,6.496783724798721,6.431764918206788,6.689632017830542,6.602912633758118
93723,736691.4992881307,6.4968473839693575,6.431828523709062,6.65130146544075,6.602932666783422
93726,736691.5110668542,6.499403323356909,6.43438231477228,6.690458658302281,6.603738663851983
93730,736691.5559940692,6.49944659980105,6.434425554950249,6.690472343282465,6.6037523387371655
93731,736691.5574167658,6.49944659980105,6.434425554950249,6.690472343282465,6.6037523387371655
93733,736691.5979174762,6.499527172821444,6.434506060459117,6.690497824758991,6.603777801417614
93735,736691.6353443961,6.499527172821444,6.434506060459117,6.690497824758991,6.603777801417614
93736,736691.6860896845,6.499584205115609,6.434563044973916,6.692463211080157,6.603777167956093
93737,736691.6886554272,6.499584205115609,6.434563044973916,6.692463211080157,6.603777167956093
93738,736691.6918754468,6.499584205115609,6.434563044973916,6.692463211080157,6.603777167956093
93739,736691.6992986664,6.499619367210753,6.4345981776147925,6.692474333695587,6.603788282367405
93742,736691.7188305671,6.500176269089636,6.435154613310702,6.6926505772469875,6.603964395948362
93744,736691.7251858902,6.500282303602031,6.4352605591291985,6.692684151652333,6.603997945600307
93748,736691.7616789145,6.50031991984519,6.435298143912979,6.692696063677061,6.604009848843116
93750,736691.8069783741,6.500360222760279,6.435338413124779,6.692708827278916,6.604022603035511
93751,736691.8118856049,6.500360222760279,6.435338413124779,6.692708827278916,6.604022603035511
93759,736691.9156832864,6.5004557810852,6.435433891551597,6.692739093049354,6.604052846494812
93762,736691.9568018556,6.500877487181974,6.435855245261744,6.69287271253309,6.604186367496315
93763,736691.9574705933,6.500877487181974,6.435855245261744,6.69287271253309,6.604186367496315
93765,736691.9840602475,6.500877487181974,6.435855245261744,6.69287271253309,6.604186367496315
93766,736691.9966826753,6.500877487181974,6.435855245261744,6.69287271253309,6.604186367496315
93767,736691.9989530151,6.500979757100009,6.4359574297723485,6.692905130574471,6.6042187616490295
93768,736692.0055270393,6.501183740477419,6.436161242859606,6.692969805840732,6.604283389261785
93771,736692.0423286312,6.501183740477419,6.436161242859606,6.692969805840732,6.604283389261785
93772,736692.0544829067,6.501263991886056,6.436241427294369,6.692995256155784,6.604308820826687
93774,736692.0849605656,6.501263991886056,6.436241427294369,6.692995256155784,6.604308820826687
93775,736692.1016473064,6.502672334037276,6.437648596122961,6.6934424098692205,6.60475564528516
93776,736692.1044449096,6.502672334037276,6.437648596122961,6.6934424098692205,6.60475564528516
93778,736692.1248491105,6.502672334037276,6.437648596122961,6.6934424098692205,6.60475564528516
93779,736692.1333740242,6.476332501945529,6.463990572975538,6.672970226520108,6.606662341359184
93782,736692.2262092624,6.476332501945529,6.463990572975538,6.672970226520108,6.606662341359184
93791,736692.4035675391,6.493467259412187,6.43692164806327,6.686883351467717,6.6049991318258625
93801,736692.6336974595,6.303416217832565,6.247068643342753,6.686904004284476,6.60501976945193
93803,736692.7661617516,6.303416217832565,6.247068643342753,6.686904004284476,6.60501976945193
93804,736692.8134279829,6.303416217832565,6.247068643342753,6.686904004284476,6.60501976945193
93805,736692.8225298357,6.303478234405721,6.247130580149643,6.652081872825968,6.605032494020259
93806,736692.8229359679,6.303478234405721,6.247130580149643,6.652081872825968,6.605032494020259
93807,736692.9211567891,6.303478234405721,6.247130580149643,6.652081872825968,6.605032494020259
93808,736693.0583583218,6.303478234405721,6.247130580149643,6.652081872825968,6.605032494020259
93811,736693.1231547507,6.303478234405721,6.247130580149643,6.652081872825968,6.605032494020259
93815,736693.2711916127,6.303801339364706,6.247300726137579,6.68696244002648,6.605078162216815
93817,736693.299517566,6.303801339364706,6.247300726137579,6.68696244002648,6.605078162216815
93819,736693.3842942923,5.963658738508993,6.2453257634190855,5.662628742845012,5.92292242871622
93824,736693.6022570612,6.304001881722552,6.23920190415225,6.687003639335274,6.600298715318524
93825,736693.6841611754,6.304102356166478,6.239302077919252,6.687024286432687,6.600319339970223
93826,736693.7224461193,6.304102356166478,6.239302077919252,6.687024286432687,6.600319339970223
93828,736693.8097798126,6.304102356166478,6.239302077919252,6.687024286432687,6.600319339970223
93829,736693.8114273052,6.304102356166478,6.239302077919252,6.687024286432687,6.600319339970223
93832,736693.9093324571,6.304102356166478,6.239302077919252,6.687024286432687,6.600319339970223
93833,736693.9101502047,6.304102356166478,6.239302077919252,6.687024286432687,6.600319339970223
93834,736693.9150020095,6.304102356166478,6.239302077919252,6.687024286432687,6.600319339970223
93836,736693.954025489,6.304102356166478,6.239302077919252,6.687024286432687,6.600319339970223
93837,736693.9788764121,6.304102356166478,6.239302077919252,6.687024286432687,6.600319339970223
93838,736694.0340576945,6.304102356166478,6.239302077919252,6.687024286432687,6.600319339970223
93840,736694.0748002512,6.304102356166478,6.239302077919252,6.687024286432687,6.600319339970223
93841,736694.1152809906,6.304102356166478,6.239302077919252,6.687024286432687,6.600319339970223
93842,736694.1399753009,6.304102356166478,6.239302077919252,6.687024286432687,6.600319339970223
93843,736694.1627104736,6.304370146447607,6.239526677970282,6.687082472578359,6.600377462866754
93844,736694.169778349,6.3046165556316796,6.239772350431979,6.687133144241753,6.600428079456248
93845,736694.1795414466,6.3046981185787985,6.239853669611275,6.687149921903587,6.600444838884229
93847,736694.2031592444,6.3046981185787985,6.239853669611275,6.687149921903587,6.600444838884229
93850,736694.2159008995,6.3046981185787985,6.239853669611275,6.687149921903587,6.600444838884229
93851,736694.2184207799,6.3046981185787985,6.239853669611275,6.687149921903587,6.600444838884229
93854,736694.3973075392,6.3046981185787985,6.239853669611275,6.687149921903587,6.600444838884229
93864,736694.6954284963,6.3046981185787985,6.239853669611275,6.687149921903587,6.600444838884229
93865,736694.8146219115,6.3047667333818485,6.23992207938007,6.687164038044654,6.600458939684512
93867,736694.8987514494,6.304877990519979,6.240033004129063,6.687186930769334,6.600481807531475
4,736695.0651185716,6.304877990519979,6.240033004129063,6.687186930769334,6.600481807531475
6,736695.1408295396,6.305791715113929,6.240944002110836,6.687375118775752,6.60066979108202
8,736695.1621067033,6.30585132643224,6.241003435743853,6.687387407072961,6.60068206603175
14,736695.4334089383,6.30585132643224,6.241003435743853,6.687387407072961,6.60068206603175
19,736695.6586526487,6.30292329820796,6.241182873091076,6.686027181045924,6.607482219649044
20,736695.6754751247,6.30292329820796,6.241182873091076,6.686027181045924,6.607482219649044
21,736695.6933269013,6.30292329820796,6.241182873091076,6.686027181045924,6.607482219649044
28,736695.900850029,6.30292329820796,6.241182873091076,6.686027181045924,6.607482219649044
29,736695.9295567916,6.305519454457726,6.2410336946017955,6.686074677230446,6.607529670548065
35,736696.0796966067,6.3058112795631285,6.241324650266501,6.686134845964463,6.607589781920972
36,736696.0903085272,6.3058112795631285,6.241324650266501,6.686134845964463,6.607589781920972
43,736696.4205857127,6.3058112795631285,6.241324650266501,6.686134845964463,6.607589781920972
44,736696.5499224704,6.306065288932223,6.241577903334128,6.686187243949982,6.607642129959996
45,736696.5739767652,6.303980681055383,6.2416646763529995,6.684930690006724,6.607660071729491
49,736696.6555878585,6.324514007455159,6.241672978027567,6.684981301031049,6.6077106345183845
50,736696.6568927286,6.324514007455159,6.241672978027567,6.684981301031049,6.6077106345183845
51,736696.6582209292,6.324727567790561,6.241885902976976,6.685025376585467,6.607754668070652
52,736696.6635962662,6.324933778259159,6.2420915002224975,6.68506795156606,6.6077972024831215
53,736696.6683416115,6.325600391995408,6.242756133585902,6.68520569290454,6.607934812600196
55,736696.6904186853,6.325600391995408,6.242756133585902,6.68520569290454,6.607934812600196
56,736696.7000029833,6.324997361542298,6.242848860007435,6.685207456231838,6.607954024572641
57,736696.7096994307,6.324997361542298,6.242848860007435,6.685207456231838,6.607954024572641
59,736696.7162113368,6.324997361542298,6.242848860007435,6.685207456231838,6.607954024572641
60,736696.7270373651,6.324997361542298,6.242848860007435,6.685207456231838,6.607954024572641
61,736696.7289626632,6.325170487195931,6.243021471945483,6.685243262437062,6.607989796674849
62,736696.7466609849,6.325170487195931,6.243021471945483,6.685243262437062,6.607989796674849
64,736696.7477956496,6.325170487195931,6.243021471945483,6.685243262437062,6.607989796674849
65,736696.748441005,6.325170487195931,6.243021471945483,6.685243262437062,6.607989796674849
66,736696.7503044208,6.325170487195931,6.243021471945483,6.685243262437062,6.607989796674849
69,736696.8015765945,6.325170487195931,6.243021471945483,6.685243262437062,6.607989796674849
80,736697.0482072401,6.325170487195931,6.243021471945483,6.685243262437062,6.607989796674849
83,736697.1784262529,6.327108272300889,6.244953520973669,6.685644812411927,6.6083909643925525
85,736697.183411025,6.352155142178734,6.2699285007473256,6.690964380165741,6.613705501344436
86,736697.1838582024,6.3539764327849095,6.271744723320525,6.691360677464465,6.614101426316568
87,736697.1879842123,6.354122447259907,6.271890332403811,6.691392505297012,6.614133224261164
88,736697.188537048,6.354122447259907,6.271890332403811,6.691392505297012,6.614133224261164
89,736697.217336168,6.354122447259907,6.271890332403811,6.691392505297012,6.614133224261164
90,736697.2310712218,6.3541981802386704,6.27196585517255,6.691409016658854,6.614461468390442
91,736697.2345466252,6.3541981802386704,6.27196585517255,6.691409016658854,6.614461468390442
92,736697.2631628783,6.3541981802386704,6.27196585517255,6.691409016658854,6.614461468390442
93,736697.2671625753,6.3541981802386704,6.27196585517255,6.691409016658854,6.614461468390442
94,736697.2675507521,6.354411553739111,6.272178636614357,6.6914555486217475,6.614507957790031
95,736697.2698799974,6.354917123383812,6.272682804585848,6.6915658733696635,6.614618181640875
99,736697.34544854,6.355197917384987,6.272962820798559,6.691627191248549,6.614679443452801
103,736697.3857519818,6.355197917384987,6.272962820798559,6.691627191248549,6.614679443452801
114,736697.5343603707,6.3268999301013515,6.304606179949618,6.661526167206271,6.617766485023485
119,736697.6775968316,6.3268999301013515,6.304606179949618,6.661526167206271,6.617766485023485
121,736697.7393439732,6.3268999301013515,6.304606179949618,6.661526167206271,6.617766485023485
122,736697.7547741223,6.3268999301013515,6.304606179949618,6.661526167206271,6.617766485023485
123,736697.7920137866,6.32696135031169,6.268195545458053,6.667413825460243,6.614122943067997
124,736697.7971484552,6.327167023532438,6.268400649246735,6.667458751147942,6.614167827685923
125,736697.8000056774,6.327167023532438,6.268400649246735,6.667458751147942,6.614167827685923
126,736697.8007816429,6.327167023532438,6.268400649246735,6.667458751147942,6.614167827685923
127,736697.8018472189,6.327242539216015,6.268475955923172,6.667475250391043,6.614184311846954
132,736697.9231698865,6.327242539216015,6.268475955923172,6.667475250391043,6.614184311846954
133,736698.0953218101,5.173524541669026,4.637179748600227,5.66528923995608,6.432602044495205
135,736698.1459244792,5.173524541669026,4.637179748600227,5.66528923995608,6.432602044495205
137,736698.1917378429,6.3275645262601685,6.268797052200226,6.667545625743633,6.614254622875393
138,736698.2063595364,5.166823506478403,4.629790067081842,5.664595234973876,6.432119410588725
145,736698.5009107128,6.32843999291037,6.269670100226367,6.667737179033996,6.62317278504573
150,736698.6097533739,6.328517933372449,6.269747825600398,6.667754247139125,6.623189840790717
152,736698.7214087547,6.328517933372449,6.269747825600398,6.667754247139125,6.623189840790717
158,736698.8769909572,6.328517933372449,6.269747825600398,6.667754247139125,6.623189840790717
159,736698.8845593323,6.322141912502377,6.262619884044614,6.662100603179347,6.616511077917529
161,736699.067225867,6.322141912502377,6.262619884044614,6.662100603179347,6.616511077917529
166,736699.3172488107,6.3234628940816116,6.263937227423852,6.662390334477792,6.6168005994940575
167,736699.321053482,6.32351078051533,6.26398498217764,6.662400850349937,6.61681110775692
168,736699.3299054798,6.323932455363507,6.264405498113256,6.662493489320197,6.616903679701603
172,736699.4693804912,6.323981970971818,6.264454877708659,6.66232455190309,6.616734864523786
173,736699.4772789205,6.324417983869768,6.2648896936035365,6.662420462894747,6.616830706110591
175,736699.7965563278,6.324417983869768,6.2648896936035365,6.662420462894747,6.616830706110591
177,736699.8808823023,6.324417983869768,6.2648896936035365,6.662420462894747,6.616830706110591
179,736699.963734309,6.324417983869768,6.2648896936035365,6.662420462894747,6.616830706110591
181,736699.9904910485,6.324417983869768,6.2648896936035365,6.662420462894747,6.616830706110591
186,736700.1128344737,6.324417983869768,6.2648896936035365,6.662420462894747,6.616830706110591
188,736700.1513677194,5.2607451729699095,6.292591606311232,6.453304507945481,6.624983875607179
190,736700.1639952821,5.247745486980452,6.288163094991208,6.453312278456429,6.6250166881035035
191,736700.164252193,5.2413905153164215,6.2870538156267095,6.451163894255675,6.625039127524476
192,736700.1685312352,5.2413905153164215,6.2870538156267095,6.451163894255675,6.625039127524476
193,736700.1707876709,5.2413905153164215,6.2870538156267095,6.451163894255675,6.625039127524476
196,736700.191118254,5.2413905153164215,6.2870538156267095,6.451163894255675,6.625039127524476
212,736700.8139550469,6.324523721233581,6.260560367598466,6.662360837449727,6.609919812409175
220,736700.982246792,4.555030804847437,5.190423367846969,4.254000809183456,6.440820991876219
223,736701.0635213538,4.555030804847437,5.190423367846969,4.254000809183456,6.440820991876219
226,736701.1401509905,6.284134886628939,6.26922615810129,5.9818582924220856,6.614931695947813
232,736701.2622168217,6.305795475612565,6.275073628239323,6.179405026756029,6.1391331301015315
234,736701.2736062407,6.305795475612565,6.275073628239323,6.179405026756029,6.1391331301015315
236,736701.3883042628,6.305795475612565,6.275073628239323,6.179405026756029,6.1391331301015315
241,736701.7083559277,6.305795475612565,6.275073628239323,6.179405026756029,6.1391331301015315
242,736701.7306777586,6.305795475612565,6.275073628239323,6.179405026756029,6.1391331301015315
245,736701.8005439806,6.284976733629251,6.25398905575513,6.175905805638198,6.133238874719711
247,736701.9664963023,6.284976733629251,6.25398905575513,6.175905805638198,6.133238874719711
254,736702.1790070629,6.284976733629251,6.25398905575513,6.175905805638198,6.133238874719711
270,736702.8097757607,6.284976733629251,6.25398905575513,6.175905805638198,6.133238874719711
273,736702.8442262692,6.284976733629251,6.25398905575513,6.175905805638198,6.133238874719711
274,736702.8553099337,6.262972420599528,6.232208843573664,6.176083894110998,6.1365963904372105
275,736702.8562180917,6.262972420599528,6.232208843573664,6.176083894110998,6.1365963904372105
276,736702.8759951474,6.262972420599528,6.232208843573664,6.176083894110998,6.1365963904372105
277,736702.8914072841,6.272877023080839,6.2420111816169985,6.182075558674221,6.142545890699106
280,736702.9357958995,6.272877023080839,6.2420111816169985,6.182075558674221,6.142545890699106
283,736702.9699315508,6.272877023080839,6.2420111816169985,6.182075558674221,6.142545890699106
284,736702.9780307193,6.272877023080839,6.2420111816169985,6.182075558674221,6.142545890699106
285,736702.986791513,6.289762858086556,6.2420881653971545,6.188588208650324,6.142592824493527
289,736703.057471654,6.273534882492287,6.242662330069756,6.1825112535386655,6.142978541979105
300,736703.2709141312,6.273534882492287,6.242662330069756,6.1825112535386655,6.142978541979105
317,736703.4869677182,6.271008866803222,6.240162137732355,6.182786031573208,6.1432514020862605
322,736703.6736098623,6.271008866803222,6.240162137732355,6.182786031573208,6.1432514020862605
330,736704.0442534585,6.271008866803222,6.240162137732355,6.182786031573208,6.1432514020862605
331,736704.1395784294,4.533889304630038,6.23967311171154,5.675210871101361,6.1465596274540735
332,736704.1826149058,6.271113014657886,6.237721355183822,6.183147994121544,6.141300156210484
337,736704.3711172484,6.271113014657886,6.237721355183822,6.183147994121544,6.141300156210484
347,736704.5601112023,6.271113014657886,6.237721355183822,6.183147994121544,6.141300156210484
349,736704.6203426569,6.270901148575878,6.23751203822065,6.1831837596614605,6.14133563371535
351,736704.6358790786,6.270964658015387,6.237574783401781,6.183222079859305,6.141373645330511
354,736704.6600398825,6.270964658015387,6.237574783401781,6.183222079859305,6.141373645330511
355,736704.665594627,5.199298110817339,6.234858661145319,6.449473573394301,6.140542372984345
358,736704.7449546199,6.2710575033535045,6.233777441475633,6.183278104692216,6.139359187486268
360,736704.8206121922,6.2710575033535045,6.233777441475633,6.183278104692216,6.139359187486268
361,736704.8208371856,6.2710575033535045,6.233777441475633,6.183278104692216,6.139359187486268
367,736704.9450051066,6.271064478265416,6.233784331119574,6.1834020672632475,6.139482137451392
369,736705.0512243186,6.271064478265416,6.233784331119574,6.1834020672632475,6.139482137451392
378,736705.2002089528,6.271047088905896,6.242476448945001,6.180002753787103,6.145033150547936
377,736705.2002165153,5.429447732415796,6.255915399176722,5.128417736751815,6.154830626226538
383,736705.2821626879,6.297021828298728,6.260482614546537,6.188194533277838,6.155014876380968
394,736705.3922064686,6.279330719237907,6.2605722360143155,6.182925872837576,6.155028270221021
405,736705.8085626701,6.279330719237907,6.2605722360143155,6.182925872837576,6.155028270221021
406,736705.8653171266,6.279330719237907,6.2605722360143155,6.182925872837576,6.155028270221021
417,736706.1882216155,6.279330719237907,6.2605722360143155,6.182925872837576,6.155028270221021
422,736706.3435756858,6.279330719237907,6.2605722360143155,6.182925872837576,6.155028270221021
423,736706.3599628136,5.54151337465584,5.590057687635326,6.18288353905882,6.154986950899272
429,736706.4155927057,5.54151337465584,5.590057687635326,6.18288353905882,6.154986950899272
430,736706.514354339,5.54151337465584,5.590057687635326,6.18288353905882,6.154986950899272
444,736706.8862915352,5.500719357553005,5.556713967373088,6.183723533509516,6.155806834343165
449,736706.9299879471,5.5004517314886945,5.556497125843111,6.183782259063767,6.155864155319451
452,736707.0138131918,5.5004517314886945,5.556497125843111,6.183782259063767,6.155864155319451
455,736707.0753314638,5.5004517314886945,5.556497125843111,6.183782259063767,6.155864155319451
460,736707.2366692184,5.234295241347416,4.5929238349715575,5.665235051734572,5.660775754592316
468,736707.3953504374,5.540792275068094,5.534208123790021,6.186116892684564,6.152141352190788
477,736707.6363031969,5.540792275068094,5.534208123790021,6.186116892684564,6.152141352190788
478,736707.6837708645,5.540792275068094,5.534208123790021,6.186116892684564,6.152141352190788
480,736707.7112611225,5.540792275068094,5.534208123790021,6.186116892684564,6.152141352190788
485,736707.8509526119,5.540792275068094,5.534208123790021,6.186116892684564,6.152141352190788
498,736708.7559589501,5.1462532594279295,5.52247857673363,4.186201084113962,5.993366520143863
506,736708.9691149567,5.428021641712235,5.52554650874799,5.126991646048253,5.995917984430629
509,736709.0445972898,5.428021641712235,5.52554650874799,5.126991646048253,5.995917984430629
512,736709.1432374439,5.428021641712235,5.52554650874799,5.126991646048253,5.995917984430629
517,736709.3219183384,5.4640309727324095,5.528210450968615,6.014823443101132,5.990885032868234
518,736709.3395433064,5.5257381298470385,5.578448389445486,6.023888000774159,5.999634200895091
519,736709.3528566387,5.526453431980317,5.579038400183298,6.023999627042467,5.999741982742986
520,736709.3576675942,5.5312040971316945,5.582961253241481,6.024744938650629,6.000461650179161
523,736709.3683062115,5.5312040971316945,5.582961253241481,6.024744938650629,6.000461650179161
536,736709.4759435694,5.5312040971316945,5.582961253241481,6.024744938650629,6.000461650179161
539,736709.5330778604,5.5312040971316945,5.582961253241481,6.024744938650629,6.000461650179161
541,736709.6318067061,5.530604743407928,5.583090489301129,6.024791921763876,6.000507018152992
542,736709.7433220166,5.530604743407928,5.583090489301129,6.024791921763876,6.000507018152992
543,736709.8161167806,5.530604743407928,5.583090489301129,6.024791921763876,6.000507018152992
544,736709.8300350822,5.530536138910586,5.583033779365152,6.024838899794918,6.000552381388016
554,736710.2555043038,5.2177705051900105,4.850666934915909,4.916740509526029,4.3118909417722575
556,736710.2946539754,5.525136375231523,5.578575105346301,6.024907580853566,6.000618701946699
560,736710.3702001269,5.525136375231523,5.578575105346301,6.024907580853566,6.000618701946699
564,736710.3952102475,5.525642547676743,5.578992649449616,6.024986423867655,6.00069483564886
569,736710.4998612182,5.526067982174594,5.579343658313161,6.025052750910311,6.000758883838402
575,736710.5683173301,5.773756412050634,5.792700111936974,6.074237774739191,6.04834336909393
583,736710.7665991749,5.773756412050634,5.792700111936974,6.074237774739191,6.04834336909393
584,736710.7966913166,5.773756412050634,5.792700111936974,6.074237774739191,6.04834336909393
585,736710.811802465,5.773422298903064,5.792401759045415,6.074065987886376,6.0480491650355415
586,736710.8432523063,5.773422298903064,5.792401759045415,6.074065987886376,6.0480491650355415
588,736710.8701322646,5.773422298903064,5.792401759045415,6.074065987886376,6.0480491650355415
589,736710.8712757448,5.773422298903064,5.792401759045415,6.074065987886376,6.0480491650355415
590,736710.9160293533,5.773854861921619,5.792788029366351,6.074172579418217,6.048152472784426
591,736710.9214312276,5.773854861921619,5.792788029366351,6.074172579418217,6.048152472784426
594,736711.0382186646,5.427025021985814,5.792554768331998,5.125995026321832,6.057469186093801
596,736711.077759782,5.773073038119477,5.792324404408291,6.074224178694335,6.048258582694798
606,736711.2665432679,5.773073038119477,5.792324404408291,6.074224178694335,6.048258582694798
613,736711.3581721331,5.773073038119477,5.792324404408291,6.074224178694335,6.048258582694798
640,736711.8675269765,5.773073038119477,5.792324404408291,6.074224178694335,6.048258582694798
643,736712.0014212801,5.466192407193982,5.7852604739373685,5.165162411530002,6.056958585235227
663,736713.2996504772,5.676362702512523,5.697146199002018,6.0781195860591,6.049328881008031
672,736713.6711235949,5.676362702512523,5.697146199002018,6.0781195860591,6.049328881008031
674,736713.6776223844,5.672762201439752,5.6940353804739505,6.078202781513114,6.0494094717118845
679,736714.1030519407,5.672762201439752,5.6940353804739505,6.078202781513114,6.0494094717118845
680,736714.1056870844,5.672762201439752,5.6940353804739505,6.078202781513114,6.0494094717118845
683,736714.1477884152,5.672762201439752,5.6940353804739505,6.078202781513114,6.0494094717118845
689,736714.3160782394,5.684946668586258,5.699867969941527,6.078491127438059,6.049688793610653
703,736714.6485272044,5.684946668586258,5.699867969941527,6.078491127438059,6.049688793610653
706,736715.0164250984,5.684946668586258,5.699867969941527,6.078491127438059,6.049688793610653
709,736715.1712312633,5.6112962759393135,5.68011046578381,6.075504873051223,6.047957648325835
711,736715.2521121314,5.669957643713829,5.677854279710902,6.078021321285772,6.049837650994259
722,736715.6999315992,5.059534448433063,5.677504463670264,4.703149775683269,6.056949667922185
724,736715.7667648405,5.697640904977082,5.695982380780165,6.0849513147996825,6.053588503001625
725,736715.771344203,5.697640904977082,5.695982380780165,6.0849513147996825,6.053588503001625
739,736716.8753653942,5.703567112126925,5.697333771274472,6.066259739426033,6.045468164076726
740,736716.9512209843,5.7047631030215085,5.698400984736606,6.066249450647415,6.045458197179327
751,736717.5123416658,5.2172761631552795,5.703660756138189,4.874947934614116,6.029946578556587
756,736717.7404630361,5.705954771490208,5.702776866682776,6.05266159802956,6.030056628494857
794,736720.0334814112,5.705954771490208,5.702776866682776,6.05266159802956,6.030056628494857
801,736720.4361674155,5.486016228020843,4.871752938200455,5.184986232356862,5.087624526854532
805,736720.6308328375,5.100090254605464,5.536791268220161,4.200671808130245,6.014541138408228
806,736720.671092548,5.108468068069029,5.088267295265314,4.8385695898800405,4.809988703389828
807,736720.6732632617,5.108468068069029,5.088267295265314,4.8385695898800405,4.809988703389828
811,736720.9212029392,5.108468068069029,5.088267295265314,4.8385695898800405,4.809988703389828
812,736720.9232153485,5.108468068069029,5.088267295265314,4.8385695898800405,4.809988703389828
827,736721.4922285563,5.154919280885113,5.534047433501178,4.546156397844151,5.529471811307366
829,736721.5028145574,5.46823891361233,5.533584423238508,5.204285123236269,5.529126203989651
830,736721.5042457217,5.46823891361233,5.533584423238508,5.204285123236269,5.529126203989651
833,736721.514481939,5.46823891361233,5.533584423238508,5.204285123236269,5.529126203989651
838,736722.7662502392,5.46823891361233,5.533584423238508,5.204285123236269,5.529126203989651
906,736726.104598194,5.46823891361233,5.533584423238508,5.204285123236269,5.529126203989651
938,736727.1348843658,5.46823891361233,5.533584423238508,5.204285123236269,5.529126203989651
946,736727.3617935538,5.491519323540775,4.688847282977017,5.441971075873016,5.409422934210265
985,736728.5454205048,5.491519323540775,4.688847282977017,5.441971075873016,5.409422934210265
1000,736729.1850183114,5.491519323540775,4.688847282977017,5.441971075873016,5.409422934210265
1021,736729.5256180555,4.702915253260726,4.694061502809147,4.711072865188412,5.398645277403484
1030,736729.7761158914,4.702915253260726,4.694061502809147,4.711072865188412,5.398645277403484
1042,736730.3463141656,5.4766685645886515,4.668190456689121,5.328932385269143,5.387695347719899
1049,736730.426178085,5.4766685645886515,4.668190456689121,5.328932385269143,5.387695347719899
1052,736730.7291564929,5.47889567144208,4.701037309620128,5.381222793842808,5.382604338557479
1066,736731.1379428904,4.684465177177881,4.694642142136431,5.376760687711155,5.382457641997647
1069,736731.2500305716,4.684465177177881,4.694642142136431,5.376760687711155,5.382457641997647
1075,736731.3845104483,4.684465177177881,4.694642142136431,5.376760687711155,5.382457641997647
1087,736731.5982893001,4.682485462208603,4.700158218609114,5.380345894286694,5.389246071776185
1091,736731.9285630799,4.682485462208603,4.700158218609114,5.380345894286694,5.389246071776185
1098,736732.3771301714,4.682485462208603,4.700158218609114,5.380345894286694,5.389246071776185
1111,736732.7852317052,4.682485462208603,4.700158218609114,5.380345894286694,5.389246071776185
1112,736732.802304915,4.682485462208603,4.700158218609114,5.380345894286694,5.389246071776185
1164,736734.4667989287,4.58912551737532,4.600546303635679,5.287105773949109,5.3464248182913385
1176,736734.9352994396,4.58912551737532,4.600546303635679,5.287105773949109,5.3464248182913385
1180,736735.124702095,4.58912551737532,4.600546303635679,5.287105773949109,5.3464248182913385
1206,736735.6103203425,4.592002154143134,4.592373583291779,5.28725864317902,5.236034594990084
1214,736736.0045434892,4.592002154143134,4.592373583291779,5.28725864317902,5.236034594990084
1217,736736.0189698514,4.694968513755648,4.694968513755648,4.793256857689812,4.786847928546993
1221,736736.1211885372,4.694968513755648,4.694968513755648,4.793256857689812,4.786847928546993
1224,736736.2740032981,4.694968513755648,4.694968513755648,4.793256857689812,4.786847928546993
1229,736736.6233665241,4.583337124875052,4.589831201978051,5.275289726151398,5.2287865881343425
1250,736737.4417635615,4.593228359958261,4.690503215038906,4.79127784462906,4.787444039255737
1263,736738.3141871082,4.593228359958261,4.690503215038906,4.79127784462906,4.787444039255737
1284,736739.0565095777,4.688009562985872,4.304672075826659,5.187865759855325,5.2253200168661085
1303,736739.9160606596,4.688009562985872,4.304672075826659,5.187865759855325,5.2253200168661085
1313,736740.37130553,4.687433529087554,4.263064615649946,4.397246940547526,5.162754025010558
1318,736740.5011265283,4.173548617646721,4.173548617646721,3.87251862198274,4.379855494220509
1331,736741.0734638503,4.688833611217832,4.529822189344462,4.396902291919542,4.243951459467676
1335,736741.3045425114,4.581290662038436,4.275388951020701,4.437293910953092,4.4553836045866815
1346,736741.5417773589,4.584303961774895,4.255032204190544,4.439998992766861,4.4577336169587305
1357,736742.6874214272,4.584303961774895,4.255032204190544,4.439998992766861,4.4577336169587305
1384,736744.2989413928,4.54269683388413,4.134575008845769,4.391447929413582,4.33184676046555
1416,736745.4381681293,4.144420090969105,4.282619950450739,4.387275631353917,4.283876789307352
1422,736745.5748175798,4.144420090969105,4.282619950450739,4.387275631353917,4.283876789307352
1425,736745.7509438898,4.144420090969105,4.282619950450739,4.387275631353917,4.283876789307352
1430,736746.0620077248,4.144420090969105,4.282619950450739,4.387275631353917,4.283876789307352
1431,736746.0672211448,4.140739091215607,4.302389411141692,3.839709095551625,4.395600588928235
1434,736746.1426296578,4.140739091215607,4.302389411141692,3.839709095551625,4.395600588928235
1454,736746.820714994,4.277283586600326,4.133958513612231,4.330908981704222,4.040277540638673
1512,736748.8760335962,4.277283586600326,4.133958513612231,4.330908981704222,4.040277540638673
1517,736749.0544919606,4.406803063849449,4.3079284403614295,4.350713939566884,4.002582685790087
1520,736749.096416601,4.135424915309062,4.135562919959571,4.402043437051802,4.237361994717454
1528,736749.3404934036,4.137625216578348,4.328089777997813,3.8365952209143663,4.082397563841036
1529,736749.3444576167,4.823890798658045,4.865346498161374,4.522860802994064,4.5815082816849
1530,736749.3480963397,4.820154196557779,4.875253017652886,4.637276491590848,4.56820014184178
1537,736749.5778034584,4.817274197005467,4.885678896565889,4.516244201341486,4.563224067975142
1539,736749.6147821718,4.817442344676421,4.89106088841881,4.51641234901244,4.571345406747921
1540,736749.776622114,4.295801926839422,4.280663149822434,4.001417781168237,4.038770343618058
1586,736752.337293991,4.819143851765705,4.867079632604756,4.518113856101723,4.5927803762377595
1593,736752.5502128828,4.282788612249144,4.306378573708558,4.2545091409495654,4.032953666183747
1600,736752.8121224252,4.570509428758121,4.635629127056131,4.456511920520164,4.353820633379925
1601,736752.813405917,4.569792370031582,4.636499249582097,4.455519021150183,4.357234371403054
1605,736753.0479006169,4.319924249882684,4.97401267884998,4.026921783148725,4.714469492586933
1635,736754.3789322505,4.881647574898241,4.85763661146,4.605803046558016,4.60220469959568
1663,736755.8856405263,4.341154473815389,4.981436767254614,4.0455427584979855,4.72332598903907
1670,736756.1553249018,4.340300260194595,4.988454784977031,4.054183797477893,4.724257841922003
1675,736756.2172598612,4.340300260194595,4.988454784977031,4.054183797477893,4.724257841922003
1680,736756.3011942953,4.191382997768562,4.605960479957416,4.248299575277619,4.3988207616731705
1704,736757.8925674387,4.228557699042704,4.989476267672633,4.091784808425436,4.726431271304028
1705,736757.9420193671,4.228557699042704,4.989476267672633,4.091784808425436,4.726431271304028
1719,736758.5330760543,4.978606201135322,4.547160222536208,4.677576205471341,4.2807231132754335
1723,736758.7180191244,4.336238426874587,5.012643578952446,4.180077986073467,4.74737957780758
1725,736758.741266698,4.336238426874587,5.012643578952446,4.180077986073467,4.74737957780758
1729,736758.8903669409,4.978258051386664,4.5486977581521755,4.677228055722683,4.277264836751359
1760,736759.7689335758,4.970479999641152,4.8231207226601205,4.669450003977171,4.53064702350323
1804,736760.8841354011,4.962592420340332,4.487522479797217,4.272440962094263,4.200569315706875
1871,736763.4966825705,4.611402567091329,4.581397055405818,4.007041915498142,4.2767681034635485
1877,736763.7426277266,4.608012199057548,4.319665029756763,3.8637399259535434,3.910429341307791
1892,736764.4615040696,4.8300962002225205,4.89380095035069,4.521859559392808,4.651657743271581
1900,736764.8265019119,4.8300962002225205,4.89380095035069,4.521859559392808,4.651657743271581
1929,736765.9938140605,4.613899036736158,4.971688749568476,3.9512223543190004,4.297932022196635
1966,736767.1859252846,4.624525617237807,4.977895393476441,4.323495621573826,3.842524884395457
2008,736769.1139677181,4.596372646269526,4.612941532146794,4.6616303993331565,4.382783156006625
2072,736771.8676389836,4.728936429846735,4.706445801671828,4.724908074261184,4.3707396688930515
2095,736772.6148999507,4.729734776264854,4.7475170538229134,4.725422774048241,4.448543215441137
2096,736772.6196020863,4.729734776264854,4.7475170538229134,4.725422774048241,4.448543215441137
2102,736773.0629928993,4.622732658724865,4.949102680993196,4.321702663060884,3.8245045993627236
2103,736773.1230880957,4.970847618274433,4.605622354536363,4.033594250594837,4.705957116924633
2142,736774.9409691931,4.970847618274433,4.605622354536363,4.033594250594837,4.705957116924633
2149,736775.231653162,4.624631161256026,4.285090078160591,4.3046589554060395,4.597865061649133
2194,736776.9171069425,4.619540502509118,4.618914952069594,4.016572383070565,4.591637655024221
2213,736777.9383165571,4.487834097907208,4.244922851316602,4.024782981134087,4.713134247335644
2214,736777.9569947177,4.487834097907208,4.244922851316602,4.024782981134087,4.713134247335644
2226,736778.9083191054,4.4888831141494405,4.2145843776095,4.681491907427735,4.383785214397071
2264,736779.9622654979,4.4888831141494405,4.2145843776095,4.681491907427735,4.383785214397071
2276,736780.4052408708,4.491847369713216,4.247639053320344,4.6893645052218105,4.315921769554428
2279,736780.4851198059,4.506070744841669,4.501012153133628,4.694689169103285,4.298130015202815
2293,736781.1394401732,4.623196432453694,4.236927305221121,4.304499016542024,4.316927636157382
2308,736781.5629076044,4.457434652804925,4.317049694323831,4.684267837971526,4.660553889870094
2359,736784.1416613744,4.457434652804925,4.317049694323831,4.684267837971526,4.660553889870094
2386,736785.2635115742,4.457434652804925,4.317049694323831,4.684267837971526,4.660553889870094
2387,736785.2650416065,4.457434652804925,4.317049694323831,4.684267837971526,4.660553889870094
2389,736785.2723883479,4.457434652804925,4.317049694323831,4.684267837971526,4.660553889870094
2397,736785.660641164,4.457434652804925,4.317049694323831,4.684267837971526,4.660553889870094
2399,736785.784680458,4.457434652804925,4.317049694323831,4.684267837971526,4.660553889870094
2401,736785.8778224883,4.457434652804925,4.317049694323831,4.684267837971526,4.660553889870094
2491,736789.758888465,4.457434652804925,4.317049694323831,4.684267837971526,4.660553889870094
2494,736789.8308053411,4.456878853758157,4.456878853758157,4.31540794222151,4.23411996527982
2496,736789.9108525867,4.456878853758157,4.456878853758157,4.31540794222151,4.23411996527982
2516,736790.4572197654,4.450866593860069,4.458944673645112,4.208130762359105,3.9761906655119668
2525,736790.880593327,4.450866593860069,4.458944673645112,4.208130762359105,3.9761906655119668
2653,736795.7634432189,4.475573203538457,4.477501924905748,4.245120333849191,4.225682322242667
2772,736796.8591857594,4.475573203538457,4.477501924905748,4.245120333849191,4.225682322242667
2814,736797.418011555,4.475573203538457,4.477501924905748,4.245120333849191,4.225682322242667
2883,736799.1707974476,4.475573203538457,4.477501924905748,4.245120333849191,4.225682322242667
2904,736799.7362738324,4.475573203538457,4.477501924905748,4.245120333849191,4.225682322242667
2906,736799.744627032,4.475573203538457,4.477501924905748,4.245120333849191,4.225682322242667
2907,736799.7453510765,4.475573203538457,4.477501924905748,4.245120333849191,4.225682322242667
2908,736799.7459379926,4.475573203538457,4.477501924905748,4.245120333849191,4.225682322242667
2910,736799.7481007886,4.475573203538457,4.477501924905748,4.245120333849191,4.225682322242667
2912,736799.7530436021,4.475573203538457,4.477501924905748,4.245120333849191,4.225682322242667
2913,736799.7535368212,4.475573203538457,4.477501924905748,4.245120333849191,4.225682322242667
2947,736801.0700048455,4.486336978475798,4.474446164882445,4.2370506192071105,4.242702550616593
2949,736801.1511413852,4.486336978475798,4.474446164882445,4.2370506192071105,4.242702550616593
2989,736802.4299311154,4.48124397739591,4.48124397739591,4.180213981731929,4.200065653070027
3005,736803.1751668935,4.513147568766347,4.513147568766347,4.212117573102366,4.198172014595935
3006,736803.2659663088,4.513147568766347,4.513147568766347,4.212117573102366,4.198172014595935
3076,736806.2496210369,4.513147568766347,4.513147568766347,4.212117573102366,4.198172014595935
3612,736811.1238992646,4.513147568766347,4.513147568766347,4.212117573102366,4.198172014595935
3659,736811.5777758555,4.513147568766347,4.513147568766347,4.212117573102366,4.198172014595935
3769,736813.0912988893,4.513147568766347,4.513147568766347,4.212117573102366,4.198172014595935
3778,736813.2157514676,4.513147568766347,4.513147568766347,4.212117573102366,4.198172014595935
4025,736817.8818554026,4.486795992019421,4.486795992019421,4.200445344687714,4.200445344687714
4082,736819.3272730346,4.483015131466719,4.483015131466719,4.151694785569327,4.141559509329855
4092,736819.6126469916,4.483015131466719,4.483015131466719,4.151694785569327,4.141559509329855
4095,736819.6312271084,4.483015131466719,4.483015131466719,4.151694785569327,4.141559509329855
4101,736819.881221302,4.218171794933904,4.218171794933904,3.9171417992699236,4.163131659340923
4133,736820.7617043257,4.220721393708937,4.220721393708937,3.9196913980449555,4.147842599522082
4157,736821.8925490396,4.22436313809474,4.215482528884066,4.16784640769392,4.184191526654442
4186,736822.5470007921,4.22436313809474,4.215482528884066,4.16784640769392,4.184191526654442
4195,736822.8369438696,4.22436313809474,4.215482528884066,4.16784640769392,4.184191526654442
4200,736822.9436173924,4.22436313809474,4.215482528884066,4.16784640769392,4.184191526654442
4318,736825.3397470207,4.2230415154781555,4.2230415154781555,3.9220115198141747,4.148255443080059
4348,736825.8515769177,4.223482771169822,4.2016959845067925,4.182940926937544,4.188837911266267
4350,736825.8671120126,4.223482771169822,4.2016959845067925,4.182940926937544,4.188837911266267
4354,736825.9538504663,4.223482771169822,4.2016959845067925,4.182940926937544,4.188837911266267
4363,736826.1139435326,4.486897117665826,4.200517534670201,4.185867122001845,4.1878336887312
4369,736826.2454962061,4.387836444903194,4.381966402698345,4.086806449239213,4.080936407034364
4395,736826.8362321479,4.236334264672916,4.235942659421306,3.935304269008935,3.9369527598132006
4544,736830.0313164161,4.223014206610009,4.3801372665104426,4.161447410486225,4.081480195839061
4576,736830.8081785135,4.2017043844416175,4.19815462800341,3.900674388777636,3.896597722304325
4860,736838.8269817987,4.2017043844416175,4.19815462800341,3.900674388777636,3.896597722304325
4894,736839.9850027009,4.2017043844416175,4.19815462800341,3.900674388777636,3.896597722304325
4898,736840.0964485278,4.21152113390182,4.2020324506694,3.910491138237838,3.9135442555485174
4941,736841.7220836063,4.21152113390182,4.2020324506694,3.910491138237838,3.9135442555485174
5011,736843.7144555199,4.21152113390182,4.2020324506694,3.910491138237838,3.9135442555485174
5094,736845.8023805865,4.336950680918353,4.336950680918353,3.9115044508135814,4.060880102716146
5115,736846.3914312493,4.345026672028447,4.342107175801304,3.9212968174545275,3.8983659779658812
5152,736847.2028023215,4.335304682258498,4.3205029580552,3.9162258083282335,4.075057816853428
5200,736848.430508306,4.335304682258498,4.3205029580552,3.9162258083282335,4.075057816853428
5237,736849.8240146696,4.335304682258498,4.3205029580552,3.9162258083282335,4.075057816853428
5238,736849.8248445435,4.290483570523464,4.290483570523464,3.9361117517478954,3.911267932462972
5239,736849.8636655475,4.290483570523464,4.290483570523464,3.9361117517478954,3.911267932462972
5241,736849.897304794,4.290483570523464,4.290483570523464,3.9361117517478954,3.911267932462972
5242,736849.9006765365,4.270319861504429,4.270319861504429,3.9227095149088527,3.9239346675527673
5243,736849.9018800388,4.270319861504429,4.270319861504429,3.9227095149088527,3.9239346675527673
5276,736850.5949023024,4.288070053794866,4.288070053794866,3.987040058130885,3.944268705240597
5281,736850.7381469153,4.239686463764947,4.239686463764947,3.938656468100966,3.938656468100966
5296,736851.8552522883,4.289371543102547,4.289371543102547,4.100968832376333,4.10819617541259
5295,736851.8552581115,4.349067206552841,4.381080102843548,4.142147647340402,4.142803913062087
5304,736852.0141781771,4.349067206552841,4.381080102843548,4.142147647340402,4.142803913062087
5309,736852.334773336,5.314900672543007,5.321143910988739,5.022080493220519,5.022811124963102
5310,736852.3617588381,5.314900672543007,5.321143910988739,5.022080493220519,5.022811124963102
5335,736853.1133746039,5.314900672543007,5.321143910988739,5.022080493220519,5.022811124963102
5353,736853.5624709704,5.314900672543007,5.321143910988739,5.022080493220519,5.022811124963102
5361,736853.716687638,5.314900672543007,5.321143910988739,5.022080493220519,5.022811124963102
5362,736853.7259084295,5.314900672543007,5.321143910988739,5.022080493220519,5.022811124963102
5365,736853.8683231621,5.314900672543007,5.321143910988739,5.022080493220519,5.022811124963102
5377,736854.4117472345,5.314900672543007,5.321143910988739,5.022080493220519,5.022811124963102
5383,736854.7679201605,5.314353051940209,5.324075661344927,4.0646854423317835,5.0185125874716725
5391,736855.2525330675,5.12831735765278,5.124280821590252,4.813245983908865,4.810084420343545
5427,736856.499051587,4.252922205012459,4.252815121986368,3.9518922093484785,4.061650523788922
5478,736858.5766326222,4.252922205012459,4.252815121986368,3.9518922093484785,4.061650523788922
5486,736859.0125266548,4.32857146088207,5.513205072424083,4.080117294059559,5.214668250419277
5538,736860.7974789707,4.32857146088207,5.513205072424083,4.080117294059559,5.214668250419277
5549,736861.2344277094,4.32857146088207,5.513205072424083,4.080117294059559,5.214668250419277
5646,736864.5068876889,5.5022699255320555,4.25200185446724,5.201239929868074,3.9509718588032583
5694,736865.5748503775,5.486854888509398,5.12507671806839,4.01680123651935,4.8230694282317765
5823,736868.9608702582,5.486854888509398,5.12507671806839,4.01680123651935,4.8230694282317765
5913,736871.5227477485,5.486143346100639,5.486143346100639,3.968652941299266,3.930957233167607
5943,736872.671296879,5.488286658524111,5.490641743621022,5.017099602141548,5.020075816091736
5993,736875.0151571633,5.495021123824309,5.495021123824309,4.0624136958356525,4.115919711135904
6049,736878.1171477019,5.491935705991746,5.500192687593255,5.1909057103277645,5.02586747679126
6080,736878.6587907488,5.494976110870114,5.487502458624564,3.9680632818821167,3.9471904219758884
6102,736879.6388932064,5.494976110870114,5.487502458624564,3.9680632818821167,3.9471904219758884
6116,736880.117940676,5.494976110870114,5.487502458624564,3.9680632818821167,3.9471904219758884
6231,736883.9565180864,5.494976110870114,5.487502458624564,3.9680632818821167,3.9471904219758884
6303,736886.905389403,5.501498097258782,5.501498097258782,5.198419249693217,5.203457339762463
6382,736891.66116843,5.499885456298461,5.499885456298461,5.19885546063448,5.201214780391913
6383,736891.6632616991,5.50041281943149,5.50041281943149,5.199382823767508,5.20440922116912
6386,736891.8730438292,5.5000794693843265,5.5000794693843265,5.199049473720345,5.204448529440092
6448,736893.6306074971,5.499366068334679,5.499366068334679,5.189235213739329,5.191217693904145
6458,736894.001773209,5.528357559539327,5.522602676138829,5.221555571356403,5.233283732110587
6459,736894.0080167146,5.528357559539327,5.522602676138829,5.221555571356403,5.233283732110587
6527,736895.7590074835,5.525419532813071,5.525419532813071,5.188939724466734,5.188939724466734
6530,736895.9126100499,5.523530729481644,5.5284619348207364,5.222724047759188,5.225923992436199
6546,736896.5207283454,5.500105701713638,5.524604832671484,5.199075706049657,5.228365791522546
6547,736896.5220888157,5.509291545824752,5.190289673117547,5.2082615501607705,5.2360886479611715
6574,736897.5384653956,5.509291545824752,5.190289673117547,5.2082615501607705,5.2360886479611715
6577,736897.7356935954,5.526190657912137,5.5250207528883575,5.190989406141322,5.232053078424695
6708,736904.6500548259,5.54421009313038,4.758894796221759,5.247179810331253,4.934736093822848
6719,736905.3502435408,5.54421009313038,4.758894796221759,5.247179810331253,4.934736093822848
6765,736907.3879280741,5.5250400634961085,5.219478625343779,5.224010067832127,5.239126404626517
6773,736907.9444805181,5.5250400634961085,5.219478625343779,5.224010067832127,5.239126404626517
6787,736908.8652175264,5.5250400634961085,5.219478625343779,5.224010067832127,5.239126404626517
6799,736909.5300821769,5.221155577270619,4.778658109578075,5.239900706041263,4.473287673992117
6801,736909.9576731521,5.221155577270619,4.778658109578075,5.239900706041263,4.473287673992117
6802,736909.9645505417,5.221155577270619,4.778658109578075,5.239900706041263,4.473287673992117
6818,736910.702349969,4.7947204174217735,4.7727678247212575,5.206176419367044,4.471737829057276
6840,736913.0804206206,4.7947204174217735,4.7727678247212575,5.206176419367044,4.471737829057276
6850,736913.3751927494,4.844842017845431,4.857150806828424,4.54381202218145,5.24085469869386
6854,736913.508277298,4.857421487888151,4.848318182161587,4.5563914922241695,4.547288186497606
6857,736913.5558628433,4.826583052226103,4.826583052226103,4.355874734509822,4.884732175628139
6945,736919.0117913424,4.826583052226103,4.826583052226103,4.355874734509822,4.884732175628139
7014,736921.8390458352,4.796471733698114,4.796471733698114,5.203589297426821,4.881343016952315
7019,736922.0236717669,4.796471733698114,4.796471733698114,5.203589297426821,4.881343016952315
7025,736922.2350012854,4.796471733698114,4.796471733698114,5.203589297426821,4.881343016952315
7041,736922.593787368,4.8368444494697584,4.804237562457478,4.535814453805778,4.467404684573395
7069,736923.3568015319,4.856258437980494,4.846957604411504,4.546274212292359,4.4201431740766255
7078,736923.5928814624,4.800656997920027,4.762078347365369,4.477306265056101,4.461048351701388
7091,736924.1228159587,4.815735438653718,4.821437959627348,4.514705442989737,4.420876467675852
7199,736925.9070853634,4.815735438653718,4.821437959627348,4.514705442989737,4.420876467675852
7409,736928.1421171317,4.815735438653718,4.821437959627348,4.514705442989737,4.420876467675852
7411,736928.1613015026,4.8242795538181396,4.8161517831459015,4.480276773369105,4.481216293341886
7412,736928.2056343456,4.8242795538181396,4.8161517831459015,4.480276773369105,4.481216293341886
7423,736928.7891528399,4.8159820697944165,4.8159820697944165,4.468796640265347,4.500628996079171
7480,736930.1713705354,4.810570757046657,4.810570757046657,4.5095407613826755,4.428838328090362
7504,736930.8717007448,4.810570757046657,4.810570757046657,4.5095407613826755,4.428838328090362
7547,736932.1115346509,4.810570757046657,4.810570757046657,4.5095407613826755,4.428838328090362
7558,736932.66021259,4.761776445119484,4.876507274542849,4.534111546306203,4.512704122107034
7562,736932.7444309421,4.767908969141955,4.888914165230886,4.466878973477974,4.535790572746298
7575,736932.8603806335,4.814857594284327,4.811350337297927,4.476593298361602,4.501360003024545
7578,736932.9522906431,4.818172049165038,4.770279250395956,4.43422519159867,4.4852546490311385
7605,736934.0608856382,4.818172049165038,4.770279250395956,4.43422519159867,4.4852546490311385
7668,736936.1428895305,4.728681829269823,4.817378449480994,4.427651833605842,4.544100094377979
7690,736936.4364977571,4.811681860031688,4.6701586987696295,4.402928321130036,4.484937057298877
7693,736936.5706995276,4.811681860031688,4.6701586987696295,4.402928321130036,4.484937057298877
7762,736938.5437245552,4.727553627288098,4.743384296569779,4.548249733123682,4.460299773299294
7809,736941.0349220616,4.773365825385411,4.773365825385411,4.588498919013524,4.590329106651523
7858,736942.1477656581,4.773365825385411,4.773365825385411,4.588498919013524,4.590329106651523
7877,736942.5847229777,4.773365825385411,4.773365825385411,4.588498919013524,4.590329106651523
7885,736943.0208834152,4.559532089233717,4.74104741164113,4.258502093569736,4.440017415977149
7937,736944.6632398121,4.605893069268735,4.588537999952135,4.520662439852085,4.357488782713953
7942,736944.9064994955,4.605893069268735,4.588537999952135,4.520662439852085,4.357488782713953
7945,736945.12201516,4.601484029551399,4.585712396158004,4.350208981166176,4.3146783781661835
8017,736948.3029130786,4.601484029551399,4.585712396158004,4.350208981166176,4.3146783781661835
8052,736950.0047377901,4.899973001589376,4.899973001589376,4.785231064370535,4.71282380908107
8054,736950.0109775739,4.600624453492249,4.612850976079364,4.332194890222834,4.3578588697060185
8081,736950.5148803302,4.586400511365011,4.428706053504115,4.3809282067972415,4.480925754766574
8126,736952.2959784113,4.930811362291561,4.905077902846882,4.629781366627579,4.716689875309848
8145,736952.8462833177,4.445882415386579,4.921353691438364,4.312365318016797,4.681556503648345
8182,736954.3404016211,4.899161851537562,4.913358935618094,4.67429280921149,4.626566315107588
8196,736954.6959207894,4.891822306905452,4.9167449870020805,4.673033848039762,4.623291497100997
8221,736955.9453817296,4.405801613627734,4.405801613627734,4.286320860047558,4.365595261697922
8244,736956.8104740977,4.43223743088041,4.4160023663689785,4.196102549792409,3.8958391799213445
8258,736957.2961945086,4.4413695221241225,4.427070465605336,4.21437102624219,3.88134931931329
8341,736960.6342143664,4.915011739332286,4.9140130261220065,4.1347474751588615,4.613682841353118
8348,736960.9238714436,4.915011739332286,4.9140130261220065,4.1347474751588615,4.613682841353118
8350,736960.9791398305,4.915011739332286,4.9140130261220065,4.1347474751588615,4.613682841353118
8426,736962.5898665525,4.9342648614535465,4.90687716814735,4.633234865789565,4.605847172483369
8548,736966.2657435605,4.9342648614535465,4.90687716814735,4.633234865789565,4.605847172483369
8571,736967.0172678061,4.9342648614535465,4.90687716814735,4.633234865789565,4.605847172483369
8589,736967.751925373,4.9342648614535465,4.90687716814735,4.633234865789565,4.605847172483369
8740,736970.0065470936,4.9342648614535465,4.90687716814735,4.633234865789565,4.605847172483369
8754,736970.1105939114,4.865080563208718,4.865080563208718,4.591026525699517,4.622871037616865
8788,736970.41421259,4.865080563208718,4.865080563208718,4.591026525699517,4.622871037616865
8789,736970.4226458335,4.860603415593683,4.857956377990249,4.136161420408407,4.138070499191817
8836,736971.2066139679,4.864767817920153,4.859361676466043,4.58838879582504,4.5484139655730464
8875,736971.8932685002,4.864767817920153,4.859361676466043,4.58838879582504,4.5484139655730464
8899,736972.412382014,4.864767817920153,4.859361676466043,4.58838879582504,4.5484139655730464
8911,736972.6370488394,4.86532524299066,4.864394630720735,4.564295247326679,4.067020712818004
8912,736972.6375302022,4.86053791652566,4.86053791652566,4.559507920861678,4.06484743882653
8925,736973.1253394019,4.875248190584685,4.875248190584685,4.635232190767813,4.635232190767813
8933,736973.4635538998,4.875248190584685,4.875248190584685,4.635232190767813,4.635232190767813
8934,736973.4695479622,4.875248190584685,4.875248190584685,4.635232190767813,4.635232190767813
8955,736973.9910661146,4.860763751137882,4.856059093129267,4.143485600563342,4.542450844896894
8964,736974.2839578395,4.864986671724149,4.8643578569755155,4.588857393392773,4.55498825971353
8987,736974.8862689319,4.864986671724149,4.8643578569755155,4.588857393392773,4.55498825971353
9046,736976.1574088108,4.327410892005204,4.327410892005204,4.026380896341223,4.626556722266539
9168,736978.7663721207,4.979457140993042,4.985259505225266,4.678427145329061,4.6693261791925575
9182,736979.658156459,4.873646382755056,4.872309447325394,4.62572121526269,4.548159638181628
9187,736979.86484603,4.978315242443223,4.642386152112491,4.6756258754554505,4.695371764879854
9193,736980.1012685031,4.9825903570520795,4.601500079778337,4.673209261900385,4.695953753808553
9242,736981.6835195122,4.9825903570520795,4.601500079778337,4.673209261900385,4.695953753808553
9294,736982.8489845303,4.9825903570520795,4.601500079778337,4.673209261900385,4.695953753808553
9303,736982.9957563272,4.2478353873738515,4.877409210293239,3.94680539170987,4.572697160801935
9363,736984.8673198418,4.2478353873738515,4.877409210293239,3.94680539170987,4.572697160801935
9392,736986.3837680295,4.2478353873738515,4.877409210293239,3.94680539170987,4.572697160801935
9400,736986.4979899334,4.28133785020459,4.553438400617197,4.555494930550681,4.298548936072689
9405,736986.5879244673,4.539554898754865,4.570240723057194,4.676850698683036,4.250410035174837
9451,736987.8185696682,4.5490571813953435,4.541831547988798,4.678485000824019,4.278675797744653
9482,736988.8842450465,4.5490571813953435,4.541831547988798,4.678485000824019,4.278675797744653
9483,736988.8868029857,4.151863945587519,4.579531078355062,4.5616938490796555,4.241290013788661
9484,736988.8916162625,4.151863945587519,4.579531078355062,4.5616938490796555,4.241290013788661
9485,736988.8980814584,4.151863945587519,4.579531078355062,4.5616938490796555,4.241290013788661
9521,736990.1341952087,4.607030800664107,4.6044797468764,4.306000805000126,3.805835428454662
9534,736990.4720965339,4.638387326207524,4.636216573487545,3.985284192973207,3.91968537575639
9542,736990.8059022693,4.634874912630411,4.632652338361623,4.33384491696643,3.9556679493830194
9569,736992.2790432805,4.634874912630411,4.632652338361623,4.33384491696643,3.9556679493830194
9582,736993.1594325472,4.596455639643546,4.600852926151985,3.922219890870871,4.577519094251847
9591,736993.8129410145,4.611382906823973,4.6056430691904975,3.914774287168232,4.0325282542536405
9602,736994.3482343022,4.571615022819522,4.638580191589866,4.569442178225725,3.9482692067115486
9633,736995.515507049,4.58804754393421,4.5938336951155785,4.307268667573804,4.258128738961144
9637,736995.6021467294,4.58804754393421,4.5938336951155785,4.307268667573804,4.258128738961144
9642,736995.8744426988,4.743671734047769,4.740528865925629,4.626882166515396,4.198049743830925
9646,736996.0293799578,4.743671734047769,4.740528865925629,4.626882166515396,4.198049743830925
9668,736996.5215816841,4.638754708473066,4.73489387357882,4.01544998942788,4.149388578844292
9700,736997.2158498481,4.638754708473066,4.73489387357882,4.01544998942788,4.149388578844292
9794,736999.9104303173,4.638754708473066,4.73489387357882,4.01544998942788,4.149388578844292
9897,737002.9905232812,4.638754708473066,4.73489387357882,4.01544998942788,4.149388578844292
9899,737002.99896987,4.638754708473066,4.73489387357882,4.01544998942788,4.149388578844292
9907,737003.0986855294,4.638754708473066,4.73489387357882,4.01544998942788,4.149388578844292
10034,737007.2574225854,4.638754708473066,4.73489387357882,4.01544998942788,4.149388578844292
10051,737007.7492307681,4.638754708473066,4.73489387357882,4.01544998942788,4.149388578844292
10053,737007.8082436123,4.638754708473066,4.73489387357882,4.01544998942788,4.149388578844292
10081,737008.5826254747,4.638754708473066,4.73489387357882,4.01544998942788,4.149388578844292
10100,737009.3396402573,4.638754708473066,4.73489387357882,4.01544998942788,4.149388578844292
10110,737009.5695132432,4.638754708473066,4.73489387357882,4.01544998942788,4.149388578844292
10167,737012.0585946633,4.745074401437255,4.745074401437255,4.281190138168531,4.283290863707707
10177,737012.4424060729,4.7273201789848,4.7273201789848,4.392669821935166,4.42987628488527
10186,737013.0466165999,4.4767706412314245,4.724104204309572,4.175740645567443,4.267179324116403
10187,737013.2112979315,5.037752006233466,5.037752006233466,4.8034080152347,4.823368398813038
10189,737013.336869225,5.0345354162731,5.0345354162731,4.80289738510668,4.821502024050833
10191,737013.3726677924,5.033069235757698,5.033069235757698,4.802970305059405,4.819639763475346
10193,737013.3928906093,5.049297369471205,5.049297369471205,4.815533803512373,4.832956689066787
10194,737013.4036319586,5.049297369471205,5.049297369471205,4.815533803512373,4.832956689066787
10195,737013.4087289849,5.069833707725592,5.069833707725592,4.839554339959662,4.844959358527888
10198,737013.5521895352,5.071113742742884,5.071113742742884,4.840081392874882,4.772008828118891
10199,737013.598983059,5.071539056169006,5.071539056169006,4.8388084680535,4.770537173053936
10200,737013.604165442,5.067459540362769,5.067185041013836,4.355200281644313,4.764108302094342
10202,737013.6755874564,5.067459540362769,5.067185041013836,4.355200281644313,4.764108302094342
10209,737013.8631689118,5.067459540362769,5.067185041013836,4.355200281644313,4.764108302094342
10229,737014.540670835,5.067459540362769,5.067185041013836,4.355200281644313,4.764108302094342
10231,737014.6704916754,5.065396755234994,5.074378479641792,4.299167184070443,4.72553967053254
10236,737014.8486763018,5.065396755234994,5.074378479641792,4.299167184070443,4.72553967053254
10237,737015.099724363,5.061369606220733,5.077941418508154,4.760339610556752,4.764330164504115
10240,737015.2866873223,5.061369606220733,5.077941418508154,4.760339610556752,4.764330164504115
10268,737016.1694962257,5.061369606220733,5.077941418508154,4.760339610556752,4.764330164504115
10273,737016.3254574301,5.061369606220733,5.077941418508154,4.760339610556752,4.764330164504115
10279,737016.7939281112,5.070000429990956,5.06128377127868,4.752263041512424,4.771878787803971
10281,737016.8036304523,5.052250401661892,5.0789153751470115,4.751220405997911,4.75803868914211
10283,737016.8501242572,5.052250401661892,5.0789153751470115,4.751220405997911,4.75803868914211
10286,737016.8744384139,5.0568115745428575,5.0646691869077936,4.294241479640834,4.778435772109854
10290,737017.0064843345,5.0568115745428575,5.0646691869077936,4.294241479640834,4.778435772109854
10350,737018.9101604215,5.0568115745428575,5.0646691869077936,4.294241479640834,4.778435772109854
10352,737018.9598718497,5.0568115745428575,5.0646691869077936,4.294241479640834,4.778435772109854
10359,737019.3608348075,5.0568115745428575,5.0646691869077936,4.294241479640834,4.778435772109854
10361,737019.374054987,5.098891478549594,5.082254243485072,4.786130945987353,4.789610447297897
10362,737019.3740752462,5.096087761188296,5.105588619168946,4.505187006315655,4.821634345826202
10411,737021.6351444984,5.2233372723342155,5.233345421356262,4.934950305596416,4.939776187422045
10419,737021.8848963602,5.203398881307178,5.240230634427824,4.906526903966323,4.946407709326054
10429,737022.2452856216,5.2365684979780225,5.242608491564865,4.955116742466708,4.945707218348965
10442,737022.5836810328,5.2365684979780225,5.242608491564865,4.955116742466708,4.945707218348965
10444,737022.7982352487,5.2365684979780225,5.242608491564865,4.955116742466708,4.945707218348965
10454,737023.0751646596,5.2365684979780225,5.242608491564865,4.955116742466708,4.945707218348965
10455,737023.0768821572,5.202563138336517,4.471740087115729,4.901533142672537,4.000924009990169
10468,737023.3128345032,5.209251135908798,4.4687847584735625,4.908221140244817,3.9836118578606925
10489,737023.9966650619,5.075681315411829,5.242216527767933,4.386365415235222,4.9551794570284455
10537,737025.5743528062,5.06398840064284,5.08981625243947,4.2281746505522975,4.791915217782873
10538,737025.5745863956,5.069736473601321,5.089556632360655,4.229067398624347,4.795101716422257
10540,737025.5807741227,5.069080463055926,5.045705565183747,4.233342070528999,4.795086578286931
10545,737025.7485460052,5.069080463055926,5.045705565183747,4.233342070528999,4.795086578286931
10555,737026.1813304638,5.069080463055926,5.045705565183747,4.233342070528999,4.795086578286931
10571,737026.5009438122,5.014224213343584,5.096449123523366,4.713194217679603,4.795419127859385
10583,737027.676640852,5.020215980901618,5.0446342780046765,4.719185985237637,4.7434825644595735
10611,737028.7356660904,4.848386814931061,5.052381045331783,4.54735681926708,4.75420829078332
10619,737029.04546809,4.848386814931061,5.052381045331783,4.54735681926708,4.75420829078332
10630,737029.380725664,4.8547250805196445,4.488547340375938,4.553695084855663,4.744903162723015
10659,737030.7245258312,4.8475056297950445,4.493550921044822,4.546475634131063,4.744618793590013
10708,737032.1504009309,4.889555313947301,4.900176725293901,4.747246012119934,4.910123514300774
10729,737033.0826209727,5.2236883982103555,4.853684514990273,4.941097432079235,4.912388230789293
10738,737033.5133427794,5.066612798148696,4.871045365307111,4.799063411129764,4.925970102863633
10863,737038.8691925076,4.8531579983280455,4.8528597243449045,4.713733648213579,4.719353732687247
10868,737038.9097580386,4.850626128488046,4.8485185683748675,4.719111739353455,4.720761242057098
10915,737041.0470211221,4.992495753571869,4.995418800129423,4.427310687074677,4.852384066322451
10920,737041.1626397858,4.992495753571869,4.995418800129423,4.427310687074677,4.852384066322451
10956,737042.3755778236,4.84768578527797,4.850531526965769,4.90229785435276,4.907878298832237
10972,737042.661539347,4.993554868906399,4.9714009409547995,4.844084043245634,4.848237940061912
10975,737042.6833246434,4.676177309198112,4.6732759898276015,4.467444438656123,4.865423464515069
10987,737043.0822944856,4.671871769122571,4.673116160698492,4.37084177345859,4.823243808809583
11011,737043.6851373033,4.69580792885847,4.698987933090104,4.48929471167763,4.449604911194445
11039,737045.2427202716,4.698563724026454,4.694004470368954,4.407721089314999,4.438751193138723
11043,737045.3930157186,4.876921343061092,4.882312311070995,4.575891347397111,4.144104092363978
11080,737047.0702859609,4.8499766608403165,4.719454184904058,4.9045357929338405,4.751135297736594
11130,737049.4271337667,4.713785381146348,4.72030267788119,4.5867234385812,4.700817635885757
11257,737053.9328059879,4.713785381146348,4.72030267788119,4.5867234385812,4.700817635885757
11278,737055.8145552992,4.714366763695015,4.718068181081137,4.581921621143464,4.115066357544458
11386,737060.8420721802,4.714401119592409,4.7147858328219145,4.406702744182676,4.370153651762571
11415,737062.4812681429,4.735676614222646,4.735676614222646,4.434646618558665,4.535384616760193
11467,737064.3996866569,4.721139073450462,4.721139073450462,3.9803365808063322,4.393691918425182
11512,737066.110204479,4.775811126939909,4.759860272076813,4.391651946969361,4.440892090280394
11533,737066.9900138669,4.778607722480909,4.7521046727366265,4.477577726816928,4.393980403773049
11547,737067.8848635445,4.782532663471484,4.717994087420312,4.4815026678075025,4.417899753538167
11559,737068.4284108958,4.780888044869958,4.690364342501949,4.406905224875071,4.371342477290401
11574,737068.927926039,4.780888044869958,4.690364342501949,4.406905224875071,4.371342477290401
11583,737069.1422843132,6.000330337116749,6.003186187989376,5.699300341452767,5.702156192325395
11585,737069.1515613213,6.000330337116749,6.003186187989376,5.699300341452767,5.702156192325395
11586,737069.1524319651,6.000330337116749,6.003186187989376,5.699300341452767,5.702156192325395
11588,737069.1869287118,4.786280689966286,4.725574705623887,4.420474611366387,4.42415979657243
11645,737071.8064075351,4.792114088344624,4.792114088344624,4.491084092680643,4.426250580894945
11646,737071.8295619658,5.987591792027546,4.575768660522956,4.430562069799838,4.421752508061666
11649,737072.0176094834,5.98833940945802,4.578346799788831,4.430911556674092,4.4235804448577305
11720,737076.2346535197,4.848742169275598,4.667276186706304,4.547712173611617,4.487258743516243
11726,737076.578366551,5.9860930639669325,4.568620842892501,4.40667641160791,4.409858843272441
11758,737080.6248455418,4.780349933362602,4.557677078037868,4.47931993769862,4.400785230946327
11779,737081.643145655,4.780349933362602,4.557677078037868,4.47931993769862,4.400785230946327
11791,737082.1696838668,4.780349933362602,4.557677078037868,4.47931993769862,4.400785230946327
11852,737084.6968175701,5.988849098921389,5.988849098921389,4.474400237965029,4.449752584627697
11875,737085.6381048317,5.993954958135791,5.9927524978071105,4.3501994419027055,4.485032755238149
11899,737086.9063808689,5.991567827480224,5.9878169419175045,5.6905378318162425,4.466717865383572
11946,737088.4237795466,5.9897852290836955,5.993899064555559,5.686165374357672,4.210982322981498
11950,737088.4729315335,5.99651456739397,5.998029942057487,4.511425410755133,4.5576979750090425
12059,737092.842651891,5.99651456739397,5.998029942057487,4.511425410755133,4.5576979750090425
12068,737093.3948870326,5.996907214822202,5.995194124352782,4.26815898306197,4.226164719492854
12072,737093.6120011826,5.996907214822202,5.995194124352782,4.26815898306197,4.226164719492854
12077,737094.007759267,5.996907214822202,5.995194124352782,4.26815898306197,4.226164719492854
12099,737095.0481334833,5.996907214822202,5.995194124352782,4.26815898306197,4.226164719492854
12205,737096.1501640591,5.988862976543302,5.988862976543302,5.687832980879321,5.682299148978701
12362,737099.6905012432,5.988862976543302,5.988862976543302,5.687832980879321,5.682299148978701
12365,737099.7447056898,5.992944573051081,5.999358053008474,5.6919145773871005,5.697284359843671
12557,737102.8772803501,5.9951776286932414,6.0000716651235235,5.694719237116304,5.699045238058654
12612,737104.7412440984,5.9951776286932414,6.0000716651235235,5.694719237116304,5.699045238058654
12653,737105.9869556539,5.999959264232561,5.9980608762083945,5.694963291156708,5.701297037624551
12654,737106.0096334385,5.999959264232561,5.9980608762083945,5.694963291156708,5.701297037624551
12666,737106.4494607385,5.999959264232561,5.9980608762083945,5.694963291156708,5.701297037624551
12678,737106.9150657436,5.999959264232561,5.9980608762083945,5.694963291156708,5.701297037624551
12748,737109.8520221935,5.998649992115628,5.998821094035523,5.695873642043848,5.698180611063211
12769,737110.5481733726,5.999816751256736,5.998953537262741,5.698786755592755,5.702832562704127
12775,737110.6386772041,5.999816751256736,5.998953537262741,5.698786755592755,5.702832562704127
12777,737110.6653494668,5.9939112268943395,4.5788670262136,5.697095751715827,5.702712589867759
12787,737111.0010989362,5.999531076805952,4.558208350388424,5.696726582128251,5.69715298540109
12806,737111.3841362236,5.999531076805952,4.558208350388424,5.696726582128251,5.69715298540109
12841,737112.3086253428,5.999531076805952,4.558208350388424,5.696726582128251,5.69715298540109
12843,737112.3346285007,5.999531076805952,4.558208350388424,5.696726582128251,5.69715298540109
12876,737114.0189541681,5.998664108001749,4.556324708459258,5.694609085749038,4.27651185971545
12930,737116.0708827486,4.540024055876134,6.00007023868675,5.687939879880437,5.693194790263188
12931,737116.1391692058,4.544233806933508,4.5347969247803706,5.7028417531555355,4.266048302763265
12951,737117.1760580325,4.544233806933508,4.5347969247803706,5.7028417531555355,4.266048302763265
12977,737118.5173667378,4.530332995681161,4.528470964596936,4.22930300001718,4.236989948490905
12991,737119.3114870611,4.530332995681161,4.528470964596936,4.22930300001718,4.236989948490905
13002,737120.0736749992,4.534978958679363,4.395118667277303,4.238739653424902,4.232000046291119
13017,737121.0012234449,4.402798615312785,4.554895634953598,4.101768619648804,5.692022514075248
13019,737121.0302427025,4.402798615312785,4.554895634953598,4.101768619648804,5.692022514075248
13086,737123.5605611574,4.566319852419334,4.416721715344649,5.699219480959985,4.204941948702048
13091,737123.7223836624,4.566319852419334,4.416721715344649,5.699219480959985,4.204941948702048
13093,737123.9024709192,4.566319852419334,4.416721715344649,5.699219480959985,4.204941948702048
13117,737124.5761638337,4.566319852419334,4.416721715344649,5.699219480959985,4.204941948702048
13138,737126.0163896759,4.423265927175346,4.419938168469133,4.241220170362368,4.202071924583118
13151,737126.8417188735,4.423265927175346,4.419938168469133,4.241220170362368,4.202071924583118
13155,737127.1448373348,4.423265927175346,4.419938168469133,4.241220170362368,4.202071924583118
13170,737127.6460527994,4.423265927175346,4.419938168469133,4.241220170362368,4.202071924583118
13176,737127.9455216877,4.424048872847309,4.426557148688867,4.238465218386386,4.059545720065365
13191,737128.3591681457,4.424048872847309,4.426557148688867,4.238465218386386,4.059545720065365
13208,737129.0206504875,4.424048872847309,4.426557148688867,4.238465218386386,4.059545720065365
13273,737130.9547651415,4.424048872847309,4.426557148688867,4.238465218386386,4.059545720065365
13293,737131.6519219037,4.424048872847309,4.426557148688867,4.238465218386386,4.059545720065365
13298,737131.7899679844,4.424048872847309,4.426557148688867,4.238465218386386,4.059545720065365
13311,737132.3903927498,4.415011966167581,4.426579019213919,4.108494758857374,4.059687711504122
13359,737134.1288035524,4.17291873086518,4.425413168650591,4.2932708536111255,4.117647539954208
13374,737135.0312758138,4.17291873086518,4.425413168650591,4.2932708536111255,4.117647539954208
13375,737135.0424149503,4.17291873086518,4.425413168650591,4.2932708536111255,4.117647539954208
13381,737135.8182821849,4.073604510086548,4.073604510086548,4.1184356095365935,4.133393783005703
13382,737135.8239241614,4.077606229515517,4.077606229515517,4.1194031891520435,3.8626487287359046
13383,737135.9404857699,4.0653226839176275,4.0653226839176275,4.1200683884954605,3.75801327440802
13724,737140.1378853859,4.070836891664224,4.032093543007377,4.2337180705411095,3.8287074611124043
13756,737140.4195284802,6.44890337430589,6.448594928026751,6.148778818865287,6.161902260917136
13889,737142.0877293217,6.44890337430589,6.448594928026751,6.148778818865287,6.161902260917136
13921,737142.78148374,6.44890337430589,6.448594928026751,6.148778818865287,6.161902260917136
13930,737142.9285171822,6.44890337430589,6.448594928026751,6.148778818865287,6.161902260917136
13931,737142.9326284009,6.44890337430589,6.448594928026751,6.148778818865287,6.161902260917136
13958,737143.1588953229,6.44890337430589,6.448594928026751,6.148778818865287,6.161902260917136
14073,737143.6956933147,4.131077298812033,6.449253752494233,3.8300473031480524,6.157411589193774
14424,737145.1453761306,6.44645363066828,4.026715616726671,4.123383429962488,3.72568562106269
14490,737145.666399582,4.0178418995521765,4.0178418995521765,4.122991669387004,4.126697739827177
14518,737145.8818767689,4.0178418995521765,4.0178418995521765,4.122991669387004,4.126697739827177
14781,737147.3551557369,4.0178418995521765,4.0178418995521765,4.122991669387004,4.126697739827177
14849,737147.8648571887,4.0178418995521765,4.0178418995521765,4.122991669387004,4.126697739827177
14862,737147.9434278106,4.0178418995521765,4.0178418995521765,4.122991669387004,4.126697739827177
15098,737152.1446076875,4.0178418995521765,4.0178418995521765,4.122991669387004,4.126697739827177
15137,737152.7510403087,6.4491081994990465,6.445016595748758,3.7203211352947276,6.1439866000847765
15145,737152.8600809233,6.4491081994990465,6.445016595748758,3.7203211352947276,6.1439866000847765
15268,737154.0906463866,6.449174522201675,6.447586309042836,6.1483736123198955,6.146556313378855
15355,737155.0484386616,6.449174522201675,6.447586309042836,6.1483736123198955,6.146556313378855
15423,737155.9457251813,6.449174522201675,6.447586309042836,6.1483736123198955,6.146556313378855
15467,737156.6080006982,6.444352090333236,6.440986517030612,6.143322094669255,6.1399565213666305
15746,737158.7275947654,6.444352090333236,6.440986517030612,6.143322094669255,6.1399565213666305
15762,737158.8382085591,6.443298565973808,6.4433104052245005,6.142268570309827,3.7046243387967808
15899,737160.3594766629,6.44545577326759,6.44545577326759,6.14442577760361,6.143998958996817
15905,737160.5097988232,6.441983877393745,6.445218317478684,6.1409538817297635,4.069990753459517
16036,737162.5794326169,6.441983877393745,6.445218317478684,6.1409538817297635,4.069990753459517
17094,737170.009686664,6.441983877393745,6.445218317478684,6.1409538817297635,4.069990753459517
17249,737172.9367888352,6.441983877393745,6.445218317478684,6.1409538817297635,4.069990753459517
17307,737173.7655115551,6.441983877393745,6.445218317478684,6.1409538817297635,4.069990753459517
17388,737175.1575386111,6.445384282455342,6.445384282455342,6.14435428679136,6.14435428679136
17396,737175.2097801078,6.480855255321863,6.480855255321863,6.179727618121256,6.179555361964342
17397,737175.2110852409,6.481013403400016,6.481013403400016,6.18538138231235,6.189572097958388
17398,737175.2165064529,6.485726625768224,6.485726625768224,6.190110195937383,6.194564176646341
17399,737175.216880082,6.485755909057181,6.485755909057181,6.20001462800815,6.201149591781402
17400,737175.2304385175,6.485755909057181,6.485755909057181,6.20001462800815,6.201149591781402
17401,737175.2328769147,6.487125815435981,6.487125815435981,6.200509952089788,6.2011778557258435
17404,737175.238793773,6.487125815435981,6.487125815435981,6.200509952089788,6.2011778557258435
17420,737175.3761705796,6.487232318930722,6.487232318930722,6.144052191437936,6.2012332077462835
17421,737175.3909392811,6.48743121924946,6.487475579289919,6.207573778694259,6.201485721689276
17459,737175.9300263404,6.48743121924946,6.487475579289919,6.207573778694259,6.201485721689276
17461,737175.940609483,6.48743121924946,6.487475579289919,6.207573778694259,6.201485721689276
17472,737176.0237675118,6.48743121924946,6.487475579289919,6.207573778694259,6.201485721689276
17565,737177.5176847088,6.487428244151102,6.487568556587581,6.209134705142413,6.20149579951527
17573,737177.688953699,6.487428244151102,6.487568556587581,6.209134705142413,6.20149579951527
17588,737177.8934535219,6.487428244151102,6.487568556587581,6.209134705142413,6.20149579951527
17656,737179.0015312603,6.487428244151102,6.487568556587581,6.209134705142413,6.20149579951527
17658,737179.0456053846,6.486710621037239,6.4918357215989,6.199644893117524,6.201876562436339
17728,737180.1910132861,6.486710621037239,6.4918357215989,6.199644893117524,6.201876562436339
17729,737180.1935250778,5.467769335323126,5.467769335323126,5.166739339659145,5.166739339659145
17859,737183.1442050732,6.484007198319962,5.475839962031822,6.182977202655981,6.188118555838236
17884,737183.9455011445,6.491795088036236,5.476032620966721,6.190765092372255,6.199991479700813
17902,737184.7164425226,6.48751600054572,5.475625464542561,6.186486004881739,5.17459546887858
17916,737185.055739237,6.48751600054572,5.475625464542561,6.186486004881739,5.17459546887858
17923,737185.1165619921,5.474595246041752,5.47850561818143,5.173565250377771,5.167789931629403
17939,737185.7523723571,5.471240246114455,5.47867625382855,5.1702102504504746,5.177646258164569
17953,737186.3349227612,6.4816478918665235,5.477003885987162,6.148419614907089,5.16792475313667
17967,737186.891989172,5.507596575066013,5.509285309861016,6.202281782662448,5.198549685372145
17998,737187.6823558592,5.4823745220665865,5.4823745220665865,5.181344526402605,5.181344526402605
18000,737187.7251871196,5.4823745220665865,5.4823745220665865,5.181344526402605,5.181344526402605
18016,737188.2043829915,6.445205811227516,6.443227903210875,6.144175815563535,6.142197907546894
18041,737188.7833001076,5.495913924332857,5.484158152551258,5.194883928668876,5.1831281568872765
18045,737188.889556369,5.474975263264908,5.508657257084769,5.173945267600927,5.207627261420788
18064,737189.1767361187,5.474975263264908,5.508657257084769,5.173945267600927,5.207627261420788
18223,737194.139013977,5.474975263264908,5.508657257084769,5.173945267600927,5.207627261420788
18244,737194.8227019515,4.864493203587104,4.864493203587104,4.563463207923123,6.181088416730786
18264,737195.3002237993,5.510122533658146,5.5088792161530025,5.211866281173582,5.20595366575318
18276,737195.732465798,5.486154525923853,5.4797800783601405,5.185124530259872,5.178750082696159
18356,737199.3843391237,5.493493841151654,4.894537795532783,5.209913381017179,5.2161574742651124
18400,737201.4751457477,4.6284742001327785,4.6284742001327785,4.327444204468797,4.327444204468797
18410,737201.6185687712,5.487787775033346,4.855801941214849,5.186757779369365,4.5547719455508675
18415,737202.085085928,5.487787775033346,4.855801941214849,5.186757779369365,4.5547719455508675
18459,737204.406205429,5.487787775033346,4.855801941214849,5.186757779369365,4.5547719455508675
18561,737209.7370143707,5.189945230830753,5.194755472458479,5.328956599551078,4.965892186855465
18593,737210.9348829385,5.198643289268129,5.198643289268129,4.97860125886738,4.890293692760305
18605,737211.4086953445,5.198643289268129,5.198643289268129,4.97860125886738,4.890293692760305
18608,737211.4828582052,5.198643289268129,5.198643289268129,4.97860125886738,4.890293692760305
18621,737212.0968787005,5.198643289268129,5.198643289268129,4.97860125886738,4.890293692760305
18629,737212.3646358656,5.202912771493916,5.202912771493916,4.329979339049901,4.9451458911475195
18646,737213.1095670288,4.636518263961375,4.636518263961375,5.194693628676031,5.204312904278855
18648,737213.1272911779,4.636518263961375,4.636518263961375,5.194693628676031,5.204312904278855
18660,737213.3931565451,5.203738420457809,5.198630816319844,4.978125096943046,4.889241402239572
18674,737213.8117560421,5.206141913486627,5.205410174107908,4.900913140186157,4.895887474620113
18675,737213.9239283315,5.206141913486627,5.205410174107908,4.900913140186157,4.895887474620113
18676,737213.9265554604,5.206916344575921,5.206081652924768,4.9012945811694655,4.8998578136022575
18679,737213.9687467549,5.206916344575921,5.206081652924768,4.9012945811694655,4.8998578136022575
18686,737214.1483255052,5.207272410635535,5.2063749342518415,4.898530702075798,4.892450967412792
18708,737215.2440231324,5.208326509117666,5.207498537553241,4.900621001613863,4.894021884251316
18745,737216.7163221767,5.208326509117666,5.207498537553241,4.900621001613863,4.894021884251316
18752,737216.9999992034,5.208326509117666,5.207498537553241,4.900621001613863,4.894021884251316
18786,737218.7492526202,5.183545961843033,5.228497167266262,4.882515966179052,4.43298773426187
18802,737219.8606928729,5.197758332433569,5.208719591678399,4.313128558515976,4.9064246574913515
18812,737220.6704952389,5.202209475890103,5.202209475890103,4.3283226243315935,4.3283226243315935
18843,737222.0881774208,5.164918585974172,5.201316448429673,4.863888590310191,4.31426369546119
18880,737224.1734979097,5.1676384046812744,5.184232019653642,4.866608409017293,4.883202023989661
18897,737225.0253987748,5.1676384046812744,5.184232019653642,4.866608409017293,4.883202023989661
18899,737225.273485286,5.202874165296966,5.201734967893798,4.313588606653916,4.312904585175261
18902,737225.6544008395,5.165830313192559,5.168819430015655,4.8648003175285774,4.867789434351674
18925,737227.9170108408,5.165830313192559,5.168819430015655,4.8648003175285774,4.867789434351674
18940,737229.1137493947,5.1637859848679994,5.165045847805294,4.862755989204018,4.3298707559225935
18952,737229.7179349802,5.1637859848679994,5.165045847805294,4.862755989204018,4.3298707559225935
19014,737232.8731136196,5.178570179845895,5.175209297969204,4.877540184181914,4.850220531703502
19015,737232.8759406888,5.176093148591824,5.176555491808792,4.875063152927843,4.851320074615656
19090,737236.5912402234,5.175807486296776,5.167139409324415,4.903801203999792,4.932090132961131
19092,737236.7239000692,5.645580032303089,5.653653960686732,5.344550036639108,5.357256697332881
19101,737237.3723385999,5.517564799743547,5.169783092665699,5.216534804079566,4.8695153437864365
19116,737238.2761719415,5.551447281613736,5.670624687464841,4.93482173728409,5.359321567658526
19163,737241.0144258344,5.551447281613736,5.670624687464841,4.93482173728409,5.359321567658526
19182,737242.0235248478,5.551447281613736,5.670624687464841,4.93482173728409,5.359321567658526
19302,737247.3391978063,5.519477280537622,4.753210531416265,4.866772729124335,4.47798986160101
19342,737248.9966769518,5.549615731111618,5.552347071779054,4.935592504826225,5.372908135405033
19430,737253.9865604037,5.5492137066923375,5.5492137066923375,4.24788426190159,5.25134024065623
19531,737259.493059796,5.554306417129261,5.551660185051544,5.25327642146528,4.440958948361234
19571,737260.407289176,5.549286167986086,5.552012704628197,4.202357258667584,4.440537021064571
19574,737260.5713919401,5.782882769660825,5.782882769660825,5.4818527739968435,5.463067769124034
19637,737263.1475255367,5.777171687322755,5.548958144293087,5.476141691658774,5.25518712674942
19723,737266.268576215,5.548812413785816,5.552611389199176,4.1722840803815044,4.435672250319251
19750,737267.097229406,5.541039523800684,5.541039523800684,5.250206608393288,5.240009528136703
19768,737267.8923447023,5.775665329773882,5.775665329773882,5.474635334109901,5.474635334109901
19843,737272.1495565054,5.773616118981574,5.549110658615777,5.472586123317592,5.245688983521633
19873,737274.9594785781,5.776446735422202,5.775267511135803,5.475416739758221,5.478918264864315
19878,737275.302055375,5.5459824138770895,5.5417185616978,5.252181815571394,5.2406885660338185
19934,737279.7342866713,5.773786634218301,5.774528797963095,5.250165496917714,5.237205644665236
20013,737284.5516442715,5.771864055505,5.771864055505,5.470834059841018,5.239996009086341
20029,737285.9580250883,5.772461684007981,5.769792290781333,5.471431688344,5.468762295117352
20072,737287.040691235,5.773133181933053,5.771834313937014,5.475695887595168,5.477853693664987
20152,737289.170501476,5.773382772622896,5.7714350767586655,5.476070693971105,5.4791269384847805
20170,737289.9456997153,5.77278763283809,5.473505580329639,5.471757637174109,5.471120264572379
20203,737291.38818864,5.468669829104103,5.468669829104103,5.167639833440123,5.477945552534281
20241,737293.3136975565,5.787168799040798,5.462289063912371,5.486138803376817,5.200699189051471
20302,737295.8577626543,5.787168799040798,5.462289063912371,5.486138803376817,5.200699189051471
20307,737296.0466736527,5.469606667795555,5.461863518308574,5.470254437812498,5.2011176566925785
20313,737296.1620443759,5.45911695640139,5.787295251346455,5.158086960737409,5.489118534768652
20352,737297.1592750677,5.460593530910912,5.4624956720304105,5.196053721341468,5.161624842618817
20392,737299.1694895659,5.453152810962017,5.453152810962017,5.472204940258028,5.472731366150751
20471,737303.168450628,5.455243113049407,5.455243113049407,5.192641688096346,5.161814275826548
20482,737303.811754334,4.548488391310656,4.5455569650300465,4.247458395646675,5.469404364836677
20523,737305.6852811493,5.432127028882013,5.456336611121987,5.130746615420261,5.158185856016708
20529,737306.3796577603,4.569027917069571,4.556414666874092,4.267997921405589,5.158521095413688
20542,737307.0430835335,4.566331989818484,4.569586077490622,4.265301994154503,4.268556081826641
20611,737310.1490675475,4.566331989818484,4.569586077490622,4.265301994154503,4.268556081826641
20614,737310.4101989954,4.666868352150624,4.659451163912115,4.365838356486643,5.1721726480163515
20616,737310.5202601544,5.467986876052203,4.7220854152649805,5.181872356953568,5.1843878462200825
20660,737313.7767871273,4.834046632838231,4.837147733217017,5.178021326476962,5.174254950693337
20667,737314.1089504156,4.839809310537998,4.837490383361243,5.177642871289126,5.174077347678773
20685,737314.9329499695,4.839809310537998,4.837490383361243,5.177642871289126,5.174077347678773
20687,737314.9474127552,4.84099415068658,4.838557400385517,5.175849455446025,4.380378121370622
20717,737316.6278935964,4.740448488447282,4.733489830863382,5.180776889548836,4.428524094034429
20720,737316.7878896577,4.5642500624182665,4.890647288675927,5.150859096010809,4.600691625529284
20721,737316.9188519332,4.838006202533793,4.841691248808515,5.17006353974654,4.387063611366012
20751,737318.876437516,4.729943416101357,4.729943416101357,4.428913420437376,4.422309752783671
20811,737321.3921157506,5.064167975815326,5.063055367822916,4.6914406868478435,4.702192168376525
20855,737323.0944487244,5.064167975815326,5.063055367822916,4.6914406868478435,4.702192168376525
20874,737325.1433505899,5.064167975815326,5.063055367822916,4.6914406868478435,4.702192168376525
20901,737326.6706743406,5.062018768106646,5.050201265128511,4.688097508668817,4.698968951269959
20947,737328.6804327728,4.933602588284936,4.984706922239709,4.266854110736023,4.7489871646044834
20987,737330.4631476817,4.99247174341824,4.99247174341824,4.691441747754259,4.691441747754259
21006,737332.0126992192,4.978386395568127,4.984953381802104,4.693788359853791,4.70453385820256
21053,737333.7192538367,4.980854948956205,4.981725685539396,4.696293235449935,4.68423042321659
21071,737334.6211330097,4.989455976275549,4.989455976275549,4.688425980611568,4.380531399481812
21073,737334.6387499433,5.025388693605383,5.025388693605383,4.660527257969531,4.4823918113066235
21083,737335.066056406,4.986555805330515,5.020169127299507,4.51872229773235,4.714613037588428
21091,737335.3783560963,4.979468179551774,4.980317592985415,4.683336695555504,4.673459866561817
21093,737335.4247369465,5.027217361675034,5.026033242567343,4.499390051374045,4.487900080643634
21108,737335.9032789867,5.001666122887746,5.001666122887746,4.700636127223765,4.399794077257232
21109,737335.9040886428,5.002457457836577,5.002457457836577,4.701427462172596,4.478408318501827
21162,737338.0538770999,5.022704083421407,5.019827427776556,4.578383694865204,4.722322412332891
21211,737340.9762379605,5.0274620053323,5.030078549155533,4.726432009668319,4.583148998392846
21266,737343.5081197914,5.028099523461757,4.993381172189404,4.585753353793003,4.7337957820655
21328,737346.8820564371,5.028099523461757,4.993381172189404,4.585753353793003,4.7337957820655
21342,737347.4674131724,5.040247822548974,4.772391710882685,4.737240082045142,4.597993790239406
21343,737347.4945388511,4.964093118025533,4.770054967634366,4.737416800516489,4.595843472533478
21370,737349.6525827919,4.988413809558254,4.777312885221912,4.6873838138942725,4.7378468774164135
21395,737350.7594354211,4.8365279321162165,4.8365279321162165,4.764807220291518,4.500729764550928
21412,737352.125027738,5.071537271893958,5.071537271893958,4.945222630541688,4.861915912796357
21416,737352.3358575216,4.765927611465437,4.841248676949755,4.67972661417588,4.498596884710014
21460,737355.467938636,4.799380577125763,5.074299733694082,4.47059720276498,4.951800724452677
21522,737360.0930035556,4.799380577125763,5.074299733694082,4.47059720276498,4.951800724452677
21525,737360.1760560671,5.076585846477399,5.076585846477399,4.709836957912585,4.709836957912585
21540,737360.7139453515,4.517701552748429,5.071740987784634,4.465463308198935,4.867661122350184
21564,737362.8044758133,4.517701552748429,5.071740987784634,4.465463308198935,4.867661122350184
21647,737366.7719573564,4.517701552748429,5.071740987784634,4.465463308198935,4.867661122350184
21711,737369.2351380317,5.0791859350011395,5.0689785329672805,4.2871342533714625,4.256061098872318
21751,737370.6172157719,5.073312804037455,5.073113280660197,4.772282808373474,4.774704087884507
21800,737372.4943822838,5.041088176254277,5.075224314610998,4.771024391466833,4.7429046037305564
21805,737372.6472185432,5.041088176254277,5.075224314610998,4.771024391466833,4.7429046037305564
21808,737372.8356692186,5.041088176254277,5.075224314610998,4.771024391466833,4.7429046037305564
21809,737372.8767866476,5.042917335133997,5.042917335133997,4.7755030992080005,4.768595800166257
21827,737373.4642743127,5.045764673659806,5.079303942823238,4.505774858187359,4.231778206711223
21851,737374.6823007411,5.079282529807152,5.079282529807152,4.76765686453722,4.2911018364242155
21857,737375.2339348608,5.079282529807152,5.079282529807152,4.76765686453722,4.2911018364242155
21882,737376.5410203296,5.040614035419465,5.0498004929335165,4.23341330783512,4.735073610637743
21921,737378.4554173789,5.027404125044537,5.044200936194529,4.214734818974135,4.730805910923432
22021,737385.0419739912,5.230512439377539,5.216107100863475,4.953070724896793,4.9228011767501565
22023,737385.0709998744,5.230512439377539,5.216107100863475,4.953070724896793,4.9228011767501565
22096,737392.7053789386,5.213648493191648,5.213648493191648,4.927275713810132,4.914009238012035
22097,737392.7066222137,5.213648493191648,5.213648493191648,4.927275713810132,4.914009238012035
22099,737392.959479093,5.212161027931743,5.212161027931743,4.917132592022384,4.910554994525935
22111,737394.7310105476,5.202087318612291,5.202087318612291,4.735157249711533,4.735157249711533
22150,737397.744891839,5.202087318612291,5.202087318612291,4.735157249711533,4.735157249711533
22162,737398.7979004729,5.202791556239536,5.202791556239536,4.915057459643317,4.909690349519565
22206,737401.5148459013,5.202791556239536,5.202791556239536,4.915057459643317,4.909690349519565
22220,737403.4604440226,5.204733897878537,5.203699646619775,4.9145057209456215,4.902216452111002
22266,737407.0899637317,5.204733897878537,5.203699646619775,4.9145057209456215,4.902216452111002
22274,737407.9388725585,5.185503876619951,5.185503876619951,4.884473880955969,4.884473880955969
22305,737410.1306204934,4.8735617803558675,5.186421851735903,4.572531784691886,4.901751471251542
22321,737410.9358083443,4.870221478970706,4.872045567519552,4.569191483306724,4.571015571855571
22367,737413.0549299506,4.866817776450776,5.182074689771697,4.565787780786795,4.8810446941077155
22443,737415.66406398,4.866817776450776,5.182074689771697,4.565787780786795,4.8810446941077155
22479,737418.8080105062,4.8522752697254985,4.8522752697254985,4.900816719534706,4.572079098050019
22487,737419.8558654889,4.8534294690133715,4.8534294690133715,4.55239947334939,4.571239398076303
22696,737421.9734140788,4.8534294690133715,4.8534294690133715,4.55239947334939,4.571239398076303
22733,737423.4657748555,4.847523784651893,4.87763653585447,4.887131825561084,4.584729277094914
22751,737424.6219008099,4.8521725399750455,4.847248310351946,4.885944703340036,4.5839268174625785
22776,737426.0348896802,4.834883358827988,4.834883358827988,4.533853363164007,4.533853363164007
22909,737434.691400935,4.8322838075574,4.8492887113212095,4.552337057206059,4.572065511867611
22947,737438.3549186557,4.8297386755868645,4.8297386755868645,4.567616757357478,4.554959240443061
22971,737439.28193225,4.9067929046063705,4.9067929046063705,4.608513751096722,4.605762908942389
22993,737440.3147716776,4.892625343391567,4.827519584797912,4.568068109234463,4.550938548408104
23081,737447.3858364178,6.232768370729157,6.232768370729157,5.9317383750651755,5.945070205667695
23085,737447.5567506497,6.2332292649307615,6.2332292649307615,5.93219926926678,5.947370983231422
23091,737447.852828923,6.219642185451091,6.219642185451091,5.91861218978711,5.946127727496228
23095,737448.4705453824,6.220775811825008,6.220775811825008,5.919745816161027,5.947217166906498
23427,737448.9099072171,4.913197847639597,4.913197847639597,4.61931749838959,4.61931749838959
23544,737448.966811297,5.387023344892451,5.387023344892451,5.094951221005466,5.093833661269528
23545,737448.9677642543,5.320720367700401,5.320720367700401,5.12977900724571,5.128582118466756
23851,737449.1250633427,5.322947454621234,5.322947454621234,5.130298268514221,5.130298268514221
23914,737449.1586532273,6.28027510103416,5.325383018083792,5.979245105370179,5.131820363961065
24083,737449.2606463307,6.276234393948502,6.276234393948502,5.975204398284521,5.975204398284521
24254,737449.3797015887,5.338344821744012,5.335083953984623,5.137852269527208,5.036563653557642
24975,737449.8904903819,6.281406597191958,5.3348160053990314,5.015702694193829,5.038012299312994
24984,737449.8955982208,6.277387147474052,6.224703581621871,5.97635715181007,5.933054492534465
24990,737449.9002938827,5.338716994000681,5.354059852772983,5.146302859064578,5.054440122735766
25143,737450.0094729994,6.2821692811423295,6.230519003469153,5.981139285478348,5.942268941013613
25588,737450.3856575895,6.221148840012206,6.230357791144402,5.920118844348225,5.929327795480421
25817,737450.6506796472,6.288549999568885,6.220170469223224,4.5347086832424575,4.556634252348396
26228,737451.0842481636,6.228315272309901,5.33557667205003,5.92728527664592,5.029870667823538
26344,737451.1933302416,4.443803939407656,5.356738396551437,4.620575943370239,5.063796381011785
26765,737451.7775344796,4.443803939407656,5.356738396551437,4.620575943370239,5.063796381011785
27501,737452.8855649699,5.368598595604353,5.371896747045874,5.072416948277345,5.0780970083818175
28406,737454.6505298378,5.370650124879046,6.298463415937383,5.069620129215066,4.2753949858733815
28418,737454.7298357759,6.285707989650742,6.292972202549166,5.073415029050993,5.07250899643339
28704,737456.0489081074,6.2846835987616805,6.299755783309115,5.983653603097699,5.069679485686241
28901,737456.8829902593,6.283887612109104,6.291519250971496,5.982857616445123,5.060406164599406
28907,737456.9016180586,6.30586186780247,5.379451488198569,5.073712179005398,5.085990183359652
28909,737456.9031693124,6.310071127092291,5.381285320344115,5.077184282911687,5.087950357349093
28965,737457.0209720262,6.282532833498288,6.280060795220363,5.981502837834307,5.979030799556382
28985,737457.0539895268,6.307961050540348,5.3843052094364365,5.084008797776918,5.093442766936949
28991,737457.0766096093,6.23649000726175,6.238842065557317,5.932597548491897,5.933115196514503
29059,737457.3177774164,6.23649000726175,6.238842065557317,5.932597548491897,5.933115196514503
29180,737457.7364134925,6.279990365310451,5.3581144794099105,5.97896036964647,5.057084483745929
29270,737457.9889410018,6.459920126197557,6.024055131764931,6.158890130533576,5.737842099363895
29276,737458.0018306184,6.279918326693633,5.354858592961231,5.978888331029652,5.05382859729725
29280,737458.0158836239,6.279918326693633,5.354858592961231,5.978888331029652,5.05382859729725
29296,737458.0517308748,6.4695570256314605,6.03520491769912,6.168527029967479,5.738054918685266
29458,737458.5331109698,6.0392536292976375,6.035478902522901,5.738223633633656,5.738325793859735
29552,737458.9184239502,6.236592178264551,6.243522109993077,5.9327067929040425,5.935060468221453
29673,737459.3803237731,6.260350929393014,6.025700023919997,4.325294082104439,5.729595363404859
29830,737459.8902311432,6.296723458898506,6.027226531456685,5.075141141604788,5.731126867508785
30462,737464.9128682882,5.929537692398822,5.928606858530916,5.747264252290128,5.720571047242277
30506,737465.3159027634,6.286864076444566,5.924659144204057,5.930812188511573,5.722833099094155
30530,737465.6086161407,5.929754093917512,5.922916597525327,5.6254771912962385,5.726192274144348
30546,737465.7240047298,4.613092244761268,5.92363289404127,4.338609695795556,5.726642595693781
30549,737465.7488625178,5.933179023803358,5.940112103970028,5.651423436143918,5.728695038024961
30591,737466.026009349,5.940793811807599,5.948960068404298,5.665994650536839,5.7289711638814955
30653,737466.3682510727,4.616058926497274,5.944842812888237,4.44432774325611,5.735102364793879
30862,737467.6614949093,5.988911171446791,6.004842825008934,5.807094095347449,5.781384705293569
30887,737467.7806650713,6.008426807726828,6.005527062150999,5.808777385763033,5.7819372558816795
30893,737467.8084402819,4.93059294716609,6.028097018628515,4.730449995147049,5.79284854262936
31001,737468.5279686258,4.938916534882412,6.026116187674961,4.737681753800108,5.793433062593436
31017,737468.6479049508,4.938916534882412,6.026116187674961,4.737681753800108,5.793433062593436
31020,737468.6547082763,4.963692371570497,6.028296714582179,4.756838413194015,5.795193524343537
31023,737468.6969773911,4.9701554553063,6.028561162049735,4.7614080732163275,5.795407143327995
31025,737468.7121814463,4.9701554553063,6.028561162049735,4.7614080732163275,5.795407143327995
31042,737468.7639521438,4.9538736664300975,6.029305610992947,4.770137905758704,5.796008638656307
31073,737468.9109636019,4.9538736664300975,6.029305610992947,4.770137905758704,5.796008638656307
31075,737468.9245939517,4.800352111644898,4.800352111644898,5.937555854722615,5.942746806943487
31086,737468.9524330491,6.0397307623077685,6.029413111124389,5.746136370713915,5.796095512314171
31127,737469.1418717426,4.799551931050339,4.799551931050339,5.942240834466526,5.942882340509036
31173,737469.4146000601,6.052406677549648,6.029599861665,5.752507213056125,5.792070250905297
31272,737470.1696701078,4.833342381780037,4.833342381780037,5.942914563851232,5.943237153789366
31303,737470.4061990438,5.0711457714751855,6.040031765642925,4.830282947356584,5.801578642591141
31306,737470.4191831748,5.103183984463333,6.043451631058365,4.857971321468321,5.80437737530283
31406,737470.9877150751,6.013022551168848,6.044123004990221,5.807694776699359,5.812962742300847
31420,737471.0452050966,5.1261604675290835,6.04607577941092,4.871643528151728,5.8065276213414245
31513,737471.5884668172,6.013351989799137,6.048525482104297,5.709887866146546,5.806674967523699
31524,737471.6262033494,6.065195509538828,6.048951590602725,5.760394632776286,5.807024180681212
31525,737471.6284978642,5.13723453855816,6.049618357043771,4.881321258136048,5.807570746781519
31608,737472.0614496951,5.396886158187529,5.9307943593255485,5.066161313661119,5.082672547535623
31625,737472.145804805,6.078015285387517,6.059140215693691,5.761162492737473,5.807664572635028
31789,737473.0968038554,5.136265934551769,5.4153450805134575,4.8888379779657996,5.807740822220383
31954,737473.9551704418,5.931322757851376,5.414218032110975,5.04447179171028,5.730553364370736
31955,737473.9610005646,5.931962854522743,5.4215502286237784,5.045441783413174,5.732274649173951
31988,737474.0927609983,5.93239667064025,5.421639669262172,4.432355322210543,5.807009415023526
31993,737474.1122145884,5.470546501928584,5.416431099755851,5.8409439405469765,5.8020987645455895
31994,737474.1159638237,5.934679173242636,5.427986904278934,4.259436727840926,5.733799942420734
32004,737474.1633352838,5.93381317481591,5.426731783059536,4.245215634706706,5.733968892650325
32014,737474.1989672189,5.934307313578507,5.429767730634527,4.248532527497256,5.734664439669879
32070,737474.5607715201,5.934613818480052,5.4310430068410716,4.270058768309087,5.73543462212084
32274,737476.0861863054,4.846017198913726,5.936711837034049,4.278897109184301,4.220753761052488
32277,737476.0964224946,4.846017198913726,5.936711837034049,4.278897109184301,4.220753761052488
32289,737476.1467068082,4.814915356475391,5.924000219726752,5.055657091355864,4.203882964248083
32340,737476.6199767744,4.624381271774972,5.321791702052957,5.921868691274894,5.9437816089682185
32341,737476.6217570965,4.5934005471486525,5.3301683692771515,5.929641192965301,5.954970518695744
32468,737477.6927014043,5.702940742118557,5.6577518234926645,5.892516240592938,5.869495189625668
32610,737478.588733191,5.318591194806549,5.340556820402596,5.128819955386646,5.12942221884856
32710,737479.4277849449,5.3059199011226115,5.1205920079890275,5.981357271828845,4.835084505329694
32732,737479.6725156151,5.3196870341575,5.343135749202434,5.126647195670573,5.124085246664544
32809,737480.39167297,4.466098984669798,5.645680175196038,4.238900417929334,5.801455674491111
32813,737480.5005119776,5.309612713221405,6.050946860562222,5.008582717557424,5.742760331260323
32851,737480.922193474,5.691624888040051,5.635470909570388,5.8325054462090575,5.801444527558176
32879,737480.993046227,5.306929491316538,5.118471263721794,5.005899495652557,4.833748716643456
32937,737481.3963647417,5.694151467904387,5.639730831661963,5.835643071249194,5.801699939657318
33037,737482.0796102517,5.694151467904387,5.639730831661963,5.835643071249194,5.801699939657318
33258,737484.0184417295,5.694151467904387,5.639730831661963,5.835643071249194,5.801699939657318
33277,737484.1766640086,4.827930331402491,4.5782245674780695,4.255375137497123,4.117215163400371
33360,737484.9804290476,5.392129583612816,5.3779226644519715,5.831419812657931,5.803067880768795
33394,737485.2633848165,4.626428413309713,5.405654512937316,4.1803403164432655,5.80907668456558
33417,737485.546886248,5.391187207053668,5.332988892185259,5.793274413001374,5.800339893920327
33442,737485.9658330246,5.391187207053668,5.332988892185259,5.793274413001374,5.800339893920327
33479,737486.2882290691,5.391187207053668,5.332988892185259,5.793274413001374,5.800339893920327
33507,737486.4993002301,4.868333789314175,5.326164163006781,5.633395815352121,5.803065358014291
33581,737487.0534555581,5.376981147911759,5.314137174327434,5.834098570553254,5.805266365011729
33586,737487.0881885194,5.376981147911759,5.314137174327434,5.834098570553254,5.805266365011729
33590,737487.093266664,4.541472292491657,5.321550427451457,4.46508650673036,5.809072804276312
33591,737487.0942868647,4.541472292491657,5.321550427451457,4.46508650673036,5.809072804276312
33592,737487.0969588881,5.375828947945256,5.314114150609423,5.836493224361104,5.805428387632886
33594,737487.097959065,5.375608573628636,5.314810090397724,5.836606514250423,5.805539467368142
33595,737487.1043850329,5.375608573628636,5.314810090397724,5.836606514250423,5.805539467368142
33599,737487.1184232278,5.375608573628636,5.314810090397724,5.836606514250423,5.805539467368142
33601,737487.1328000248,5.384885897088544,5.314483779554193,5.836783951904482,5.798248140432092
33669,737487.7255160252,4.478829108838504,5.323394445039804,4.457609119130758,5.809531414078516
33820,737489.684065026,4.481597719340134,5.303889994507259,4.178739350623034,5.353154014657346
33821,737489.6926730435,4.497767163084619,5.309147788638922,4.200468661555972,5.355674241770374
33899,737490.3874193561,4.497767163084619,5.309147788638922,4.200468661555972,5.355674241770374
33902,737490.4372101768,5.29223778248014,5.314218784297229,4.838144789314474,5.3528716247332975
33935,737490.7849219411,4.524082445727778,5.300193203600446,4.235686820650755,5.356879039015083
34019,737491.7257392437,5.307918104543363,5.3075137485959,5.367835301062097,5.334859125252624
34066,737492.1664175154,5.314624687277732,5.297962418089187,4.236250428385479,5.357094159376723
34097,737492.5830604176,5.308338573280561,5.308338573280561,5.026556652489156,5.042073289461449
34098,737492.5902013927,5.307588752346069,5.307588752346069,5.024943996517447,5.040164924257133
34248,737494.0356339423,5.307588752346069,5.307588752346069,5.024943996517447,5.040164924257133
34303,737494.6721071841,5.3143964666330135,5.314356479538568,5.005545827824374,4.260297682818721
34323,737494.9006360555,5.3143964666330135,5.314356479538568,5.005545827824374,4.260297682818721
34332,737495.0084158102,5.297348261157086,5.297348261157086,5.367734397576493,5.334211266980173
34334,737495.0217845854,5.311579223069087,5.305805479906318,5.0105492274051056,4.795340757439906
34341,737495.0933396711,5.311579223069087,5.305805479906318,5.0105492274051056,4.795340757439906
34412,737495.8111199242,4.390806886061377,5.309148102652669,5.027262114345965,4.682788135585749
34445,737496.119272797,4.390806886061377,5.309148102652669,5.027262114345965,4.682788135585749
34497,737496.8519957215,5.315780649873598,4.5394324029694975,4.376920779655359,5.360393732730628
34529,737497.3634406988,5.287033224933293,4.578952407627951,5.239730479242242,5.364527988482593
34626,737499.1454796487,5.287033224933293,4.578952407627951,5.239730479242242,5.364527988482593
34633,737499.2215029917,5.287033224933293,4.578952407627951,5.239730479242242,5.364527988482593
34693,737499.8911321763,5.298157279870543,4.63250181508599,4.237627042239307,4.692127692766255
34702,737500.0367475691,5.298157279870543,4.63250181508599,4.237627042239307,4.692127692766255
34704,737500.0589729836,5.615984064634687,5.629580418688527,5.544679888213756,5.520375661132447
34705,737500.0599318631,5.615984064634687,5.629580418688527,5.544679888213756,5.520375661132447
34716,737500.145644673,5.6402961255351975,5.6402961255351975,5.561052684370736,5.534196577266886
34718,737500.1520263071,5.6402961255351975,5.6402961255351975,5.561052684370736,5.534196577266886
34719,737500.1544041539,5.6402961255351975,5.6402961255351975,5.561052684370736,5.534196577266886
34729,737500.2597297364,5.646093647691008,5.65739230665071,5.56158044290298,5.536910519951761
34731,737500.2898682338,5.646093647691008,5.65739230665071,5.56158044290298,5.536910519951761
34742,737500.4066632513,5.646093647691008,5.65739230665071,5.56158044290298,5.536910519951761
34745,737500.4407243531,5.646093647691008,5.65739230665071,5.56158044290298,5.536910519951761
34748,737500.4545794161,4.402981197546367,4.421798440131467,5.012080248903458,4.259519569872474
34755,737500.5722186784,4.402981197546367,4.421798440131467,5.012080248903458,4.259519569872474
34766,737500.7726103921,5.647302634256186,5.678118486164571,5.538304771046425,5.525473901957226
34772,737500.8588239239,5.647302634256186,5.678118486164571,5.538304771046425,5.525473901957226
34781,737500.9704877532,5.647302634256186,5.678118486164571,5.538304771046425,5.525473901957226
34822,737501.358166601,4.420767094873704,4.40371772335909,4.279546222276779,4.292973087652448
34855,737501.7255012285,4.420767094873704,4.40371772335909,4.279546222276779,4.292973087652448
34858,737501.7575749605,4.420767094873704,4.40371772335909,4.279546222276779,4.292973087652448
34860,737501.7673405105,5.651745841693577,5.651745841693577,5.53242217163293,5.503547845540023
34949,737502.9119655762,5.651745841693577,5.651745841693577,5.53242217163293,5.503547845540023
34966,737503.108594033,5.667558613980528,5.667558613980528,5.538237309586678,5.523547271075637
34976,737503.2131932287,5.667558613980528,5.667558613980528,5.538237309586678,5.523547271075637
34995,737503.4778012893,4.56588417314911,4.570940123535895,4.440495794009521,5.068502073409198
34996,737503.4811992527,5.671447182871006,5.671447182871006,5.5391861707813215,5.524458541681159
35005,737503.5592359569,5.671447182871006,5.671447182871006,5.5391861707813215,5.524458541681159
35009,737503.5864606799,5.667790160183122,5.667657486098637,5.381036901180532,5.51727769130323
35098,737503.971073374,5.667790160183122,5.667657486098637,5.381036901180532,5.51727769130323
35119,737504.0507927894,5.669112292798244,5.6824344115073355,5.53166545000295,5.518620147994657
35158,737504.3194428701,5.669112292798244,5.6824344115073355,5.53166545000295,5.518620147994657
35160,737504.3315437216,5.669112292798244,5.6824344115073355,5.53166545000295,5.518620147994657
35186,737504.5554673611,5.669112292798244,5.6824344115073355,5.53166545000295,5.518620147994657
35214,737504.7333555336,5.669112292798244,5.6824344115073355,5.53166545000295,5.518620147994657
35219,737504.769854786,5.673863130618564,5.673863130618564,5.53173731195355,5.523489777580273
35273,737505.1724691835,5.676440392845409,5.676440392845409,5.532340403876652,5.524091753333121
35279,737505.2168946275,5.676440392845409,5.676440392845409,5.532340403876652,5.524091753333121
35310,737505.5265930254,4.537348020505205,5.679762725238023,5.039047750432761,5.511076796429241
35319,737505.6137580759,5.672945023778525,5.672945023778525,5.5325266644768085,5.524277649509127
35325,737505.6461591978,5.672945023778525,5.672945023778525,5.5325266644768085,5.524277649509127
35333,737505.7056988203,5.672945023778525,5.672945023778525,5.5325266644768085,5.524277649509127
35361,737505.9968070543,5.672945023778525,5.672945023778525,5.5325266644768085,5.524277649509127
35365,737506.0389210037,5.672945023778525,5.672945023778525,5.5325266644768085,5.524277649509127
35366,737506.047940177,5.672945023778525,5.672945023778525,5.5325266644768085,5.524277649509127
35371,737506.0723192743,5.676339528670777,5.668073312890906,5.540819572734463,5.510929611963413
35391,737506.1974276656,4.392662886774228,4.409148373105127,5.018076509629815,4.2942178520931416
35396,737506.2366483457,4.392662886774228,4.409148373105127,5.018076509629815,4.2942178520931416
35397,737506.237129997,4.412673681608988,4.3929091706665515,4.295079566076656,4.263261876850752
35419,737506.4184833351,5.673140152743715,5.673140152743715,5.532922561166583,5.524752538889813
35420,737506.4186801927,5.682682215164468,5.682682215164468,5.533060455848169,5.524855844738205
35421,737506.4192608359,5.682682215164468,5.682682215164468,5.533060455848169,5.524855844738205
35473,737506.9620992091,5.663913964024359,5.694566246259107,5.534104498458687,5.521589440979898
35501,737507.2583637894,5.663913964024359,5.694566246259107,5.534104498458687,5.521589440979898
35504,737507.2976554825,4.416042524569837,4.435564261870154,5.012060336094995,5.019582647551539
35520,737507.5474545171,4.416042524569837,4.435564261870154,5.012060336094995,5.019582647551539
35638,737508.9407682719,4.416042524569837,4.435564261870154,5.012060336094995,5.019582647551539
35639,737508.9416149743,5.681088994502227,5.686170388288222,5.390461425337134,5.379339390579939
35642,737508.9681493738,5.681088994502227,5.686170388288222,5.390461425337134,5.379339390579939
35658,737509.0746474204,5.681088994502227,5.686170388288222,5.390461425337134,5.379339390579939
35814,737510.644081276,5.692293381926565,5.692293381926565,5.390267030536237,5.390267030536237
35914,737512.0319900376,5.692293381926565,5.692293381926565,5.390267030536237,5.390267030536237
35939,737512.3636889628,5.692053807783302,5.6801227418561,5.406057944221012,5.393063071535028
35941,737512.3744660707,5.692053807783302,5.6801227418561,5.406057944221012,5.393063071535028
36071,737513.7296248599,5.692053807783302,5.6801227418561,5.406057944221012,5.393063071535028
36107,737514.0681705354,5.70380985820762,5.689486569492361,5.398243728826494,5.397420564306454
36116,737514.2914929539,5.70380985820762,5.689486569492361,5.398243728826494,5.397420564306454
36153,737514.9493374705,5.70380985820762,5.689486569492361,5.398243728826494,5.397420564306454
36209,737515.6344143575,5.70380985820762,5.689486569492361,5.398243728826494,5.397420564306454
36217,737515.7729382253,5.70380985820762,5.689486569492361,5.398243728826494,5.397420564306454
36235,737515.8326888988,4.703619573648494,4.385724929604836,5.411060475498387,5.395519566055901
36333,737517.1269884323,4.39533515202449,4.647941045827075,4.113518039795331,4.137732967019688
36482,737519.1976863996,4.373930411597885,4.308480138718017,4.103687518543158,4.147634668866559
36540,737519.8346811425,5.660389185877321,4.433306575770507,5.34446582848984,5.391085273212024
36547,737519.8880490585,5.660389185877321,4.433306575770507,5.34446582848984,5.391085273212024
36574,737520.2894102617,5.660389185877321,4.433306575770507,5.34446582848984,5.391085273212024
36576,737520.3161319398,4.376868254166403,4.442106818465934,5.39792301614416,5.398462869456381
36628,737521.029293806,4.475665178761547,4.238321524415494,4.0771097827667475,5.365083731159421
36723,737522.17861259,4.456364692948127,4.293215107092723,4.273702433049137,4.267284506434016
36774,737522.9700050872,4.456364692948127,4.293215107092723,4.273702433049137,4.267284506434016
36815,737523.4989369208,4.3016129552753855,4.430474968928954,5.355707003843953,5.3508190903561985
36916,737524.4319905393,4.3016129552753855,4.430474968928954,5.355707003843953,5.3508190903561985
36925,737524.55249945,4.372995807172303,4.397194748215004,4.037608036752662,4.1319172338619525
36981,737525.0892819603,4.418415933208963,4.433386581277036,4.117385937544982,4.151446432675071
36983,737525.0950205297,4.433220759001959,4.4233864159182215,4.132190763337978,4.086585085887924
37001,737525.2569665366,4.441342878480843,4.441597673712062,4.140312882816862,4.111803603537247
37029,737525.7360724263,4.441342878480843,4.441597673712062,4.140312882816862,4.111803603537247
37050,737526.012019052,4.441342878480843,4.441597673712062,4.140312882816862,4.111803603537247
37113,737526.8163325747,4.441342878480843,4.441597673712062,4.140312882816862,4.111803603537247
37126,737526.9959350262,4.441342878480843,4.441597673712062,4.140312882816862,4.111803603537247
37127,737527.0365838566,4.472679171497579,4.410845113317077,4.171649175833598,5.364888429846367
37128,737527.0375872393,4.472679171497579,4.410845113317077,4.171649175833598,5.364888429846367
37149,737527.3940725029,4.388966040743937,4.44755127098743,5.40720428684832,5.370057890214233
37157,737527.7349117039,4.466605619604492,4.441855420539727,4.16557562394051,5.3574450668572
37166,737528.0435223331,4.45583900015547,4.434044459942634,4.154809004491489,5.358402478683827
37248,737529.4555923148,4.45583900015547,4.434044459942634,4.154809004491489,5.358402478683827
37291,737529.9881474257,4.402500909181947,4.460882496145022,5.405900229356205,5.37657937717648
37294,737529.9944074792,4.402500909181947,4.460882496145022,5.405900229356205,5.37657937717648
37314,737530.1301016887,4.398942982736854,4.4511325451391635,4.4232083064775525,4.438398137148019
37317,737530.1567680313,4.398942982736854,4.4511325451391635,4.4232083064775525,4.438398137148019
37339,737530.3640690893,4.378168576705142,4.454661225061495,4.077138581041161,4.178278208828833
37379,737530.7102547078,4.387408640351423,4.425845897502748,4.0840525411109585,4.156586758300004
37383,737530.779793011,4.363865112087935,4.4289082455547835,4.083882356529236,4.15196790870871
37409,737531.290387095,4.363865112087935,4.4289082455547835,4.083882356529236,4.15196790870871
37410,737531.3200629028,4.409404370005705,4.336416574393558,4.162671143185239,4.193720811636915
37424,737531.5237442116,4.409404370005705,4.336416574393558,4.162671143185239,4.193720811636915
37436,737531.7362185522,4.454626295911825,4.413364614512595,3.9983994901100135,3.9707872340967856
37452,737531.9753027157,4.454626295911825,4.413364614512595,3.9983994901100135,3.9707872340967856
37479,737532.4008368982,4.454626295911825,4.413364614512595,3.9983994901100135,3.9707872340967856
37481,737532.4224132319,4.454626295911825,4.413364614512595,3.9983994901100135,3.9707872340967856
37484,737532.4486921651,4.454626295911825,4.413364614512595,3.9983994901100135,3.9707872340967856
37487,737532.4823846939,4.454626295911825,4.413364614512595,3.9983994901100135,3.9707872340967856
37502,737532.6929335599,4.454626295911825,4.413364614512595,3.9983994901100135,3.9707872340967856
37623,737534.7292174222,4.454626295911825,4.413364614512595,3.9983994901100135,3.9707872340967856
37682,737535.4682073042,4.44102677841984,4.376251300209361,4.076133546400059,4.151215991871294
37805,737537.0258783862,4.44102677841984,4.376251300209361,4.076133546400059,4.151215991871294
38053,737541.0815166532,4.44102677841984,4.376251300209361,4.076133546400059,4.151215991871294
38210,737543.7319532427,4.44102677841984,4.376251300209361,4.076133546400059,4.151215991871294
38214,737543.7762397273,4.44102677841984,4.376251300209361,4.076133546400059,4.151215991871294
38249,737544.297060389,4.44102677841984,4.376251300209361,4.076133546400059,4.151215991871294
38271,737544.444876499,4.205915555010351,4.3011036477784,4.129691424708273,4.08015662207247
38282,737544.6094997696,4.205915555010351,4.3011036477784,4.129691424708273,4.08015662207247
38351,737545.9666174907,4.161334215622356,4.20779718298598,4.0719142263926145,4.156447945274263
38379,737546.4454273488,4.161334215622356,4.20779718298598,4.0719142263926145,4.156447945274263
38413,737546.9785516238,4.172609571501831,4.172609571501831,4.119307341146325,4.069054318894468
38437,737547.367090316,4.172609571501831,4.172609571501831,4.119307341146325,4.069054318894468
38450,737547.6120339562,4.308184494371289,4.308184494371289,4.197990225479654,4.0026112114404135
38457,737547.7023469394,4.416575127923482,4.416575127923482,4.240082281101009,4.115627849876034
38497,737548.4053302034,4.358926804475783,4.358926804475783,3.912385913370478,4.1585853580736645
38501,737548.5329693552,4.3436504021259665,4.3436504021259665,4.174322169454022,4.089628957203718
38509,737548.6320490724,4.3436504021259665,4.3436504021259665,4.174322169454022,4.089628957203718
38530,737548.9219108475,4.355134601811912,4.378134410418763,4.164178256906699,4.11132395211953
38541,737548.9455053012,4.351977602760336,4.361974575495983,4.172237951198367,4.115365311076768
38545,737548.9619106386,4.351977602760336,4.361974575495983,4.172237951198367,4.115365311076768
38548,737548.9716321346,4.351977602760336,4.361974575495983,4.172237951198367,4.115365311076768
38555,737549.0091196676,4.351977602760336,4.361974575495983,4.172237951198367,4.115365311076768
38574,737549.1526812043,4.360481951835557,4.368147653948163,4.150516691179661,4.19349296932623
38575,737549.1530043449,4.360481951835557,4.368147653948163,4.150516691179661,4.19349296932623
38619,737549.9553345905,4.360481951835557,4.368147653948163,4.150516691179661,4.19349296932623
38726,737552.1546873568,4.2933223677793375,4.406989529518223,3.992292372115356,4.109850312696164
38731,737552.2261261971,4.353713220055887,4.37430573772123,4.052683224391906,4.122894749967057
38761,737552.8764685313,4.353713220055887,4.37430573772123,4.052683224391906,4.122894749967057
38775,737553.0499899192,4.353713220055887,4.37430573772123,4.052683224391906,4.122894749967057
38872,737554.8464954247,4.353713220055887,4.37430573772123,4.052683224391906,4.122894749967057
38884,737555.3677553522,4.353655644982797,4.142696408929897,4.134275558213088,3.960268098079381
38972,737556.880001605,4.348068997275784,4.097556569239533,3.899907745422817,3.9621411972404035
39025,737558.0412705445,4.348068997275784,4.097556569239533,3.899907745422817,3.9621411972404035
39063,737558.7355887296,4.348068997275784,4.097556569239533,3.899907745422817,3.9621411972404035
39068,737558.8777774618,4.348068997275784,4.097556569239533,3.899907745422817,3.9621411972404035
39103,737559.9100992074,4.348068997275784,4.097556569239533,3.899907745422817,3.9621411972404035
39195,737561.6407444333,4.348068997275784,4.097556569239533,3.899907745422817,3.9621411972404035
39206,737561.7982188456,4.348068997275784,4.097556569239533,3.899907745422817,3.9621411972404035
39212,737561.9394371819,4.376234148980223,4.3737011990021015,3.8935591251830273,3.816450626627457
39236,737562.3847316845,4.691496170493522,4.679067268073334,4.390466174829541,4.378037272409353
39298,737563.8388569194,4.691496170493522,4.679067268073334,4.390466174829541,4.378037272409353
39308,737563.9358491885,4.691496170493522,4.679067268073334,4.390466174829541,4.378037272409353
39331,737564.6360661832,4.404723499385122,4.404723499385122,4.103693503721141,3.877313139954117
39338,737564.7203275441,4.405697497413459,4.405697497413459,3.863521545259282,3.8779125993178227
39430,737566.6271000964,4.405697497413459,4.405697497413459,3.863521545259282,3.8779125993178227
39454,737567.1055596201,4.6999909941481235,4.411565078123904,3.867041815601325,3.8206286447999402
39477,737567.6517006962,4.6999909941481235,4.411565078123904,3.867041815601325,3.8206286447999402
39480,737567.9112347655,4.404723499385122,4.421693693714911,4.0939907663869315,3.8823195022547816
39492,737568.1672814746,4.404723499385122,4.421693693714911,4.0939907663869315,3.8823195022547816
39543,737569.694542731,4.701976103918768,4.701976103918768,4.030031735911622,4.065681441699858
39617,737570.9549299481,4.398174959758023,4.388122969420592,4.079292879905831,3.8620869513023663
39660,737571.5183814501,4.398174959758023,4.388122969420592,4.079292879905831,3.8620869513023663
39670,737571.6452268185,4.385488968823657,4.385144346729798,4.084458973159676,3.854591651748926
39778,737574.1738566828,4.6534500726056,4.398738650850602,4.03123936568227,4.08892704471796
39812,737574.929826024,4.607961401678034,4.7003251894674625,4.06673418475284,4.395864019565634
39816,737574.9595507921,4.607961401678034,4.7003251894674625,4.06673418475284,4.395864019565634
39826,737575.1034821114,4.607961401678034,4.7003251894674625,4.06673418475284,4.395864019565634
39854,737575.5760839138,4.609304456459157,4.704725197031271,4.076624526913603,4.395543546495141
39859,737575.6899996311,4.392746942435924,4.39677083531045,4.091716946771943,3.8772209330454768
39888,737576.2032684799,4.691665045383216,4.694100896930269,4.390635049719235,4.393996346065968
39903,737576.5462125345,4.691665045383216,4.694100896930269,4.390635049719235,4.393996346065968
39917,737576.9152799695,4.691665045383216,4.694100896930269,4.390635049719235,4.393996346065968
39946,737577.2286457655,4.691665045383216,4.694100896930269,4.390635049719235,4.393996346065968
39971,737577.9078861298,4.597801185079369,4.608206660536864,4.043724292636073,4.395518967763484
40098,737579.1905672594,4.597801185079369,4.608206660536864,4.043724292636073,4.395518967763484
40149,737580.2079367057,4.656400871503062,4.604927584652853,4.103588237963241,4.002377854776724
40220,737581.5015437687,4.656400871503062,4.604927584652853,4.103588237963241,4.002377854776724
40461,737582.4229892176,4.604215985855369,4.605777227443294,4.303185990191388,4.396255553144136
40510,737582.8467530617,4.6989335246237784,4.588001161314683,4.0969139648540915,3.8620412723341127
40512,737582.8497796125,4.6989335246237784,4.588001161314683,4.0969139648540915,3.8620412723341127
40513,737582.8559630676,5.09199777837928,5.052382581969618,4.696482395949455,4.651560461615355
40546,737583.0384876479,5.09199777837928,5.052382581969618,4.696482395949455,4.651560461615355
40555,737583.0970301332,5.09199777837928,5.052382581969618,4.696482395949455,4.651560461615355
40559,737583.1187776652,5.043878218418128,5.043878218418128,4.742848222754147,4.04758642087937
40625,737584.0113397291,5.038020807023488,5.038020807023488,4.736990811359507,4.736990811359507
40876,737587.9012333466,4.616900713987734,4.613736003557053,4.315870718323753,4.404662218968172
40893,737588.1746932236,4.610789458368048,5.050452938647052,4.309759462704067,4.751086709336226
40934,737588.9304422359,4.610789458368048,5.050452938647052,4.309759462704067,4.751086709336226
40959,737589.5948086736,4.61832558734613,4.622416601167688,4.317295591682149,4.375215508746158
41075,737591.1168278947,4.925637881306553,4.925637881306553,4.624607885642572,4.395099467913462
41082,737591.2294704632,4.9308081682525495,4.618156795681168,4.315944920796861,4.130605373375381
41108,737591.6940617322,4.9308081682525495,4.618156795681168,4.315944920796861,4.130605373375381
41112,737591.7851430529,4.9308081682525495,4.618156795681168,4.315944920796861,4.130605373375381
41257,737594.5492551766,4.8068261513379795,5.046174056707768,4.505156777157659,4.840476749331134
41269,737594.8592991688,4.942027342876855,4.623479017060724,4.336287903355739,4.32138132007706
41302,737595.8955833033,4.805285951713122,5.040336532460229,4.504798016001015,4.8386595326378075
41324,737596.3423510983,4.925554214895291,4.58597168528447,4.307879775805387,4.508668911842542
41325,737596.3430767738,4.925389873956474,4.591893728022456,4.309932643150642,4.301113034419036
41326,737596.3455251749,4.92560819413247,4.597701023694665,4.312735044975833,4.283936888607474
41342,737596.7487162405,4.928882534848674,4.593534625046351,4.3064525365518875,4.286043460768723
41343,737596.7503310731,4.930409742318781,4.593253121362316,4.304985404855727,4.295690840227228
41381,737597.9036624485,5.042793558006981,5.042722447253927,4.748463548796664,4.7509748258286
41451,737599.4483108744,5.044422824553177,5.043441482105089,4.74933636636499,4.84318678521972
41594,737602.8366809302,5.045448581987546,5.04290813091194,4.310388761651404,4.754172198062542
41603,737603.1826717951,5.045448581987546,5.04290813091194,4.310388761651404,4.754172198062542
41607,737603.3924686078,5.0384249102163885,5.034843948980243,4.747101602999982,4.741538644337653
41654,737605.1168641035,4.59971431296776,5.038290488409404,4.2986843173037785,4.290299058211996
41804,737608.8829310585,5.045974215221538,5.038511337566253,3.907703404408648,4.307455700902811
41808,737608.9602886151,5.044670997293078,5.043071403522412,4.750068490488676,4.646252975635704
41851,737609.5971353196,4.613200715078709,4.613200715078709,4.312385884615919,4.642983366054428
41855,737609.8235600718,5.044269520891645,4.606947580080263,4.500077630793172,4.750724136304012
41880,737610.3196024053,5.043751462269037,5.050204338160964,4.732438761051317,4.744172470919285
41893,737611.5629689621,5.043751462269037,5.050204338160964,4.732438761051317,4.744172470919285
41914,737612.1507985204,4.626183705931704,4.616086025639551,4.733191153600038,4.748491103928257
41915,737612.2183562545,4.626183705931704,4.616086025639551,4.733191153600038,4.748491103928257
41929,737612.4721930008,4.653395079946463,4.648050188299755,4.748369346953165,4.757995808986857
41932,737612.5776982652,4.656040699011167,4.641873989042447,4.745868458626571,4.7595555059660395
41937,737612.6558333662,4.656040699011167,4.641873989042447,4.745868458626571,4.7595555059660395
41939,737612.6877185708,4.649097440525238,4.650170567492789,4.746059348269835,4.761592122645436
41983,737613.6994629623,5.046349596334517,4.6242475525569935,4.744038211283141,4.323217556893012
42027,737614.969742037,4.655949109152776,4.636351224168668,4.746203516837532,4.756007108806868
42029,737614.9739388741,4.655949109152776,4.636351224168668,4.746203516837532,4.756007108806868
42084,737616.0367161286,4.655949109152776,4.636351224168668,4.746203516837532,4.756007108806868
42096,737616.1793532145,4.655949109152776,4.636351224168668,4.746203516837532,4.756007108806868
42200,737618.1555439035,4.623427910412615,4.623427910412615,4.632683062336199,4.631879813312452
42227,737619.1022599422,4.6146755027471,4.621313879762574,4.647813602394433,4.6440336263691355
42231,737619.2352412743,4.6146755027471,4.621313879762574,4.647813602394433,4.6440336263691355
42324,737621.9059612708,4.6146755027471,4.621313879762574,4.647813602394433,4.6440336263691355
42329,737621.9625883894,4.6146755027471,4.621313879762574,4.647813602394433,4.6440336263691355
42333,737622.0620563193,4.6146755027471,4.621313879762574,4.647813602394433,4.6440336263691355
42383,737623.1584196761,4.313542999741764,4.625891238677449,4.318249216145282,4.327190632146633
42410,737623.7708756452,4.306362953523123,4.287960045932629,4.0053329578591415,4.327575745840118
42460,737624.6711335266,4.306362953523123,4.287960045932629,4.0053329578591415,4.327575745840118
42546,737626.3203261236,4.322223966683216,4.3215769185082324,4.021193971019235,4.021880751682163
42651,737628.9323301878,4.278233505434191,4.301336988142565,4.30490259548112,4.3148137143381255
42672,737629.4818042265,4.334447006479521,4.333889811809195,4.03341701081554,4.336637319848489
42817,737632.6585579677,4.362062837698098,4.326605275967293,4.353143298552504,4.00873571543248
42819,737632.6876001318,4.362062837698098,4.326605275967293,4.353143298552504,4.00873571543248
42820,737632.7160664019,4.388422428443974,4.33434170637635,4.087392432779993,4.033311710712369
42832,737633.0399874724,4.388422428443974,4.33434170637635,4.087392432779993,4.033311710712369
42930,737635.2823396912,4.365492949978056,4.281113296063309,3.988615053804212,3.9847364270465304
42972,737636.1101176722,4.365492949978056,4.281113296063309,3.988615053804212,3.9847364270465304
43338,737641.9605406347,4.31490620118681,4.31490620118681,3.9717410839126845,3.9708050354550983
43369,737642.0480073609,4.318361113859174,4.327536922978174,3.9743820100605145,3.980335425623344
43626,737644.9299403665,4.340293509318703,4.324512979606368,4.023451932884196,3.995635125603703
43669,737645.3998022128,4.339291147198301,4.3049479849385275,3.9853902838202875,3.915247292866999
43804,737648.5484691749,4.305636414660765,4.301197073461934,4.015866906065424,3.9738206206057454
43829,737649.0349510015,4.305636414660765,4.301197073461934,4.015866906065424,3.9738206206057454
43906,737650.485465017,4.355378589300984,4.317396889810896,4.034389886375399,3.982307417407727
43919,737650.6741111676,4.434012020884535,4.374882489589145,4.138493003180644,4.119197854184731
43920,737650.674660335,4.39613908949952,4.385785436034917,4.138530720776136,4.116500199393979
43921,737650.6747579388,4.386673094075657,4.379613540527629,4.131448849804212,4.115651598776473
43927,737650.8205952151,4.386673094075657,4.379613540527629,4.131448849804212,4.115651598776473
43931,737650.9473082396,4.386673094075657,4.379613540527629,4.131448849804212,4.115651598776473
43964,737651.92312452,4.353015234614361,4.233846112969922,3.975770039043851,3.9570816999325142
43966,737652.0339910404,4.369311881897345,4.377062416913516,4.068281886233364,4.140302285408284
43967,737652.036539185,4.381107977554046,4.3730448348247615,4.0800779818900645,4.1549985559713285
43971,737652.083233162,4.3640368253237485,4.38622893879686,4.063006829659767,4.127934705270592
44029,737653.965757272,4.3640368253237485,4.38622893879686,4.063006829659767,4.127934705270592
44035,737654.0950736286,4.3640368253237485,4.38622893879686,4.063006829659767,4.127934705270592
44050,737654.5057028453,4.303013371336286,4.379045245551218,4.001983375672305,4.134362113954747
44105,737656.3714095422,4.396173178641337,4.398902960785269,4.095143182977356,4.0770369575339975
44110,737656.4860829536,4.409194412982213,4.402120260661426,4.108164417318232,4.072708113487614
44127,737656.8557306546,4.409194412982213,4.402120260661426,4.108164417318232,4.072708113487614
44190,737658.5505696425,4.409194412982213,4.402120260661426,4.108164417318232,4.072708113487614
44212,737659.2745094447,4.41443809797117,4.400352227291182,4.114642414651539,4.096142506000489
44281,737661.5210842036,4.41443809797117,4.400352227291182,4.114642414651539,4.096142506000489
44304,737661.861161766,4.41443809797117,4.400352227291182,4.114642414651539,4.096142506000489
44379,737663.8322142172,4.41443809797117,4.400352227291182,4.114642414651539,4.096142506000489
44414,737664.7105666181,4.400708178705559,4.362157140649465,4.112257976273424,4.0888644944523
44601,737669.0137865806,4.400708178705559,4.362157140649465,4.112257976273424,4.0888644944523
44638,737669.9663936589,4.305700554720799,4.305700554720799,3.91110458197077,4.063633732780304
44658,737670.7099567583,4.305700554720799,4.305700554720799,3.91110458197077,4.063633732780304
44662,737670.8024973166,4.323206336611883,4.300288346045797,3.957077925714859,4.046616827677501
44796,737674.8412183254,4.323206336611883,4.300288346045797,3.957077925714859,4.046616827677501
44800,737674.929058367,4.323206336611883,4.300288346045797,3.957077925714859,4.046616827677501
44824,737675.4662144069,4.42098433013423,4.426548352996636,4.119954334470249,4.043431678421924
44827,737675.5735150516,4.416426479549277,4.42279833178096,4.115396483885296,4.121768336116979
44838,737676.0139058155,4.418494587520769,4.422335032973787,4.117464591856788,4.040038827248144
44847,737676.1887968733,4.416987931491961,4.4197763281979565,4.115957935827979,4.137351954531758
44896,737676.8133747941,4.416987931491961,4.4197763281979565,4.115957935827979,4.137351954531758
44927,737677.3650727277,4.416987931491961,4.4197763281979565,4.115957935827979,4.137351954531758
44928,737677.3690175853,4.416987931491961,4.4197763281979565,4.115957935827979,4.137351954531758
44931,737677.4052362012,4.416987931491961,4.4197763281979565,4.115957935827979,4.137351954531758
44942,737677.7960753458,4.416987931491961,4.4197763281979565,4.115957935827979,4.137351954531758
44958,737678.0367498775,4.416987931491961,4.4197763281979565,4.115957935827979,4.137351954531758
44960,737678.0769158144,4.416987931491961,4.4197763281979565,4.115957935827979,4.137351954531758
45055,737680.0770080416,4.416987931491961,4.4197763281979565,4.115957935827979,4.137351954531758
45076,737680.6663374403,4.416987931491961,4.4197763281979565,4.115957935827979,4.137351954531758
45086,737680.891438029,4.416987931491961,4.4197763281979565,4.115957935827979,4.137351954531758
45103,737681.2108407202,4.416987931491961,4.4197763281979565,4.115957935827979,4.137351954531758
45106,737681.259293775,4.416987931491961,4.4197763281979565,4.115957935827979,4.137351954531758
45146,737682.1951745116,4.420900089167126,4.421242835852313,4.1198700935031445,4.120212840188332
45199,737683.5948988828,4.420900089167126,4.421242835852313,4.1198700935031445,4.120212840188332
45216,737683.9919707908,4.401263852677969,4.42711433133068,4.100233857013988,4.1260843356666985
45224,737684.1625192682,4.401263852677969,4.42711433133068,4.100233857013988,4.1260843356666985
45271,737685.0253844768,4.401263852677969,4.42711433133068,4.100233857013988,4.1260843356666985
45306,737685.8358888357,4.252488900370332,4.252488900370332,4.00579485733412,3.951458904706351
45454,737686.9182896225,4.521617460518911,4.388234504848848,4.235919013361045,4.0872045091848666
45636,737688.8060289917,4.4122072306479145,4.421742903964581,4.0290236548572045,4.021292845633268
45689,737689.1632377442,4.42843745932588,4.278494036359276,4.016872572164944,4.044447975952939
45700,737689.3443426488,4.427971327370385,4.427145754962285,4.017424323757729,4.157912987699761
45761,737690.1272398726,4.427971327370385,4.427145754962285,4.017424323757729,4.157912987699761
45841,737691.2862977933,4.427971327370385,4.427145754962285,4.017424323757729,4.157912987699761
46189,737698.5396794651,4.4461933297160945,4.4461933297160945,4.0786201003091636,4.0598677054603485
46195,737698.6627589348,4.397921666615141,4.4019743060337,4.09689167095116,4.100673080237049
46198,737698.765816506,4.402462869692842,4.443001333912347,4.232228370696407,4.141971338248366
46239,737699.2973669061,4.402462869692842,4.443001333912347,4.232228370696407,4.141971338248366
46289,737700.2220908646,4.42427306036086,4.42427306036086,4.1232430646968785,4.109760674490515
46399,737703.0330513832,4.410587655762978,4.4042576653890215,4.115223424729671,4.102445786675744
46409,737703.2566899487,4.453543808484665,4.429100299495031,3.932379392991343,4.103484805961329
46463,737704.5993371478,4.453214873408323,4.453214873408323,4.152184877744341,4.152184877744341
46515,737705.7147775013,4.453214873408323,4.453214873408323,4.152184877744341,4.152184877744341
46518,737705.7681897391,4.401058725114323,4.401058725114323,4.100131397899815,4.108451955862536
46533,737706.0735082777,4.401058725114323,4.401058725114323,4.100131397899815,4.108451955862536
46539,737706.1518410118,4.451603316376059,4.451603316376059,4.150573320712078,4.009346879553299
46580,737706.9784673417,4.451603316376059,4.451603316376059,4.150573320712078,4.009346879553299
46608,737707.7074511496,4.451603316376059,4.451603316376059,4.150573320712078,4.009346879553299
46722,737710.4392159975,4.286019648963721,4.4575740422175825,3.9849896532997393,4.156544046553602
46747,737711.0453175692,4.286019648963721,4.4575740422175825,3.9849896532997393,4.156544046553602
46795,737711.9849315718,4.414145198961001,4.40536975631319,4.097977944297838,4.091309158705247
46831,737713.1246856166,4.414145198961001,4.40536975631319,4.097977944297838,4.091309158705247
46876,737714.1158217099,4.414145198961001,4.40536975631319,4.097977944297838,4.091309158705247
46905,737714.7872385288,4.414145198961001,4.40536975631319,4.097977944297838,4.091309158705247
46951,737715.5951473555,4.401325149050444,4.402537303203098,4.100295153386463,4.094333335729292
47015,737717.2397810515,4.278748103294643,4.278748103294643,3.977718107630662,4.115827626410727
47073,737718.5610029249,4.292835207118902,4.293381711664458,4.157219635720724,4.108802954497247
47086,737718.885109471,4.303575053679671,4.29772169257143,4.121131904012384,4.118394567094676
47143,737720.00290132,4.3059282933454295,4.312046047541497,4.120801047157048,4.006652070144116
47203,737720.9868636904,4.276279969960512,4.289490620961182,4.141408376455735,4.123431625251452
47262,737721.9196061789,4.276279969960512,4.289490620961182,4.141408376455735,4.123431625251452
47302,737723.0661797185,4.276279969960512,4.289490620961182,4.141408376455735,4.123431625251452
47303,737723.0820113252,4.049130125731836,4.297243967257435,4.09279680732292,3.9963698877122704
47384,737724.8777562857,4.049130125731836,4.297243967257435,4.09279680732292,3.9963698877122704
47385,737724.8798057485,4.011031989838885,4.275907254926659,3.7100019941749034,4.095556131647445
47406,737725.255991983,4.051757183828951,4.309852092949232,4.118186281788124,4.107005220446554
47445,737725.7900618213,4.007123703427523,4.3023516108873485,3.706093707763542,4.000755205499307
47526,737727.7048838767,4.007123703427523,4.3023516108873485,3.706093707763542,4.000755205499307
47569,737728.9964029314,4.304573448339923,4.134316947786909,4.004943766207865,4.032597652937912
47590,737730.0139061062,4.304573448339923,4.134316947786909,4.004943766207865,4.032597652937912
47592,737730.0382488184,4.3042893957281985,4.089520824347066,4.002598537871426,4.026024788636121
47594,737730.0940385704,3.9803199774642795,4.010338349861818,4.117068968822387,3.826801906826217
47610,737730.6302378875,4.051828153478544,3.9284498523424847,3.9763734994807387,3.9820013811159054
47653,737731.9059309105,4.051828153478544,3.9284498523424847,3.9763734994807387,3.9820013811159054
47664,737732.1531516504,4.024663265893075,4.024663265893075,4.098072366967094,3.9843145895135343
47766,737734.5832981324,4.024663265893075,4.024663265893075,4.098072366967094,3.9843145895135343
47775,737734.7402341238,4.024663265893075,4.024663265893075,4.098072366967094,3.9843145895135343
47808,737735.2802338048,4.638911188666878,4.652509834062734,4.337881193002897,4.44686685547064
47855,737735.857838381,4.638911188666878,4.652509834062734,4.337881193002897,4.44686685547064
47877,737736.2608693014,4.638911188666878,4.652509834062734,4.337881193002897,4.44686685547064
47897,737736.7911704376,4.638911188666878,4.652509834062734,4.337881193002897,4.44686685547064
47928,737737.6502101087,4.638911188666878,4.652509834062734,4.337881193002897,4.44686685547064
47942,737737.9234662656,4.638911188666878,4.652509834062734,4.337881193002897,4.44686685547064
47944,737737.9346291386,4.638911188666878,4.652509834062734,4.337881193002897,4.44686685547064
48047,737740.0999303901,4.01669488803846,4.01669488803846,3.727929136956555,3.660282550858356
48054,737740.3310269282,4.421019971438527,4.79316780317794,4.108023866144441,4.500978824830668
48081,737741.0406794145,4.421019971438527,4.79316780317794,4.108023866144441,4.500978824830668
48122,737742.2164480678,4.649237332007125,4.013196985415947,3.713808420556883,3.6405118925750592
48201,737744.2327024831,4.787342801170625,4.653196238771223,4.4863128055066435,4.360705577254799
48327,737747.682868354,4.787342801170625,4.653196238771223,4.4863128055066435,4.360705577254799
48390,737749.2907684424,4.789542437197518,4.647975755699442,4.488512441533537,4.343187193279006
48430,737750.4346592263,4.7967209739140975,4.794805794340239,3.76243880582637,4.14001539182379
48461,737751.7939094105,4.7967209739140975,4.794805794340239,3.76243880582637,4.14001539182379
48472,737752.0000628089,4.8924273972723045,4.780104838479456,4.118506910829036,4.087564446462673
48501,737752.9582800069,4.891800875702019,4.7801376049620234,4.114163229210436,4.091094802143575
48509,737753.2581065838,4.90475131244155,4.815773431690561,4.37903038954913,4.516362304694505
48666,737756.4337921265,4.90475131244155,4.815773431690561,4.37903038954913,4.516362304694505
48783,737758.0157997039,4.90475131244155,4.815773431690561,4.37903038954913,4.516362304694505
48789,737758.0996401436,4.90475131244155,4.815773431690561,4.37903038954913,4.516362304694505
48795,737758.2955774913,4.90475131244155,4.815773431690561,4.37903038954913,4.516362304694505
48825,737758.8727015399,4.894083394625217,4.893162437042795,4.593053398961236,4.129427720596461
48839,737759.1783994127,4.894083394625217,4.893162437042795,4.593053398961236,4.129427720596461
48845,737759.3334899254,4.927243569020803,4.83047413786639,4.504706914247012,4.5345441956384205
48847,737759.3546901218,4.927160833773535,4.81373011543368,3.7088324502057164,4.381002973793802
48890,737760.3757877848,4.799267068037017,4.836958703483661,4.498237072373036,4.533189631592362
48898,737760.4416328449,4.7926340188301735,4.898163857499023,4.491604023166192,4.487083112701902
48925,737761.1148112747,4.89986414559863,4.89869058896516,4.598834149934649,4.134910534025864
49056,737764.5369835985,4.92468763863168,4.9129875769313385,4.491430868376882,4.387772935693976
49080,737765.1372183827,4.92468763863168,4.9129875769313385,4.491430868376882,4.387772935693976
49086,737765.4343565659,4.92468763863168,4.9129875769313385,4.491430868376882,4.387772935693976
49089,737765.4961590897,4.9280458633293085,4.914646535967531,4.499946269468648,4.532247039448852
49090,737765.5053547603,4.929972277975995,4.90541589117583,4.628942282312014,4.6044929883723995
49092,737765.5204363465,4.9321375769466025,4.919483125807614,4.4964926324539425,4.525420022473581
49093,737765.5454020032,4.938318839007414,4.926136403464147,4.510340864785185,4.523917618364701
49095,737765.5745517259,4.95287658765185,4.9206527016309405,4.524383547319578,4.617689109780146
49096,737765.5823555588,4.95287658765185,4.9206527016309405,4.524383547319578,4.617689109780146
49114,737766.0174458709,4.732097264022994,4.921091073728887,4.522688156878649,4.620864802646403
49123,737766.1527990677,4.898091263715132,4.924138433432039,4.597061268051151,4.621830890091634
49160,737766.936454825,4.56788216990744,4.924663195711752,4.26685217424346,4.350454340883319
49167,737767.0506931262,4.56788216990744,4.924663195711752,4.26685217424346,4.350454340883319
49168,737767.051028075,4.56788216990744,4.924663195711752,4.26685217424346,4.350454340883319
49170,737767.1796083886,4.9261182262534895,4.7551492959725365,4.625088230589508,4.580832021285736
49201,737767.8794509955,4.935675405122564,4.563863624895012,4.511924773282329,4.275045889213608
49213,737768.0522400353,4.922832563151288,4.71361595660389,4.621802567487307,4.62254184505873
49286,737769.6820839479,4.930130954975529,4.944649880114719,4.507476441466425,4.5593393291704825
49301,737769.897497552,4.930130954975529,4.944649880114719,4.507476441466425,4.5593393291704825
49346,737770.7327614467,4.9273553856330485,4.94116529048812,4.626325389969067,4.563416355378937
49352,737770.8922781972,4.927920197149239,4.943008619011759,4.626890201485257,4.557756576609111
49400,737772.3943086393,4.927920197149239,4.943008619011759,4.626890201485257,4.557756576609111
49404,737772.5031699005,4.937011728021779,4.587738646899128,4.622534452338817,4.289464448867147
49414,737772.8364594524,4.937011728021779,4.587738646899128,4.622534452338817,4.289464448867147
49431,737773.5251346309,4.800861947584148,5.035308662149514,4.499831951920167,4.648426087418055
49507,737776.0789165907,4.800861947584148,5.035308662149514,4.499831951920167,4.648426087418055
49522,737776.6039912004,4.800861947584148,5.035308662149514,4.499831951920167,4.648426087418055
49580,737777.7772249703,4.800861947584148,5.035308662149514,4.499831951920167,4.648426087418055
49582,737777.7970365284,4.800861947584148,5.035308662149514,4.499831951920167,4.648426087418055
49614,737778.2412210112,4.639979861257422,4.570754280710499,4.338949865593441,4.269724285046518
49679,737780.0172816933,4.639979861257422,4.570754280710499,4.338949865593441,4.269724285046518
49683,737780.1721532564,4.800675425567646,4.668196503820543,4.499645429903665,4.741499807063266
49725,737781.0207758519,4.800675425567646,4.668196503820543,4.499645429903665,4.741499807063266
49780,737782.1478078371,4.800675425567646,4.668196503820543,4.499645429903665,4.741499807063266
49799,737783.0303289838,4.718609069240601,4.497358897244207,4.6478369864589,4.340704210885286
49820,737783.81312191,4.718609069240601,4.497358897244207,4.6478369864589,4.340704210885286
49823,737783.8601230186,4.718609069240601,4.497358897244207,4.6478369864589,4.340704210885286
49873,737784.9764894567,4.718609069240601,4.497358897244207,4.6478369864589,4.340704210885286
49928,737785.8329124356,4.714113652671286,4.399640179422447,4.431248225848288,4.153964825051235
50335,737788.7926017034,4.714113652671286,4.399640179422447,4.431248225848288,4.153964825051235
50341,737788.8681616988,4.700156509906827,4.703700323394086,4.414533663336229,4.33646096988546
50541,737791.1573583476,4.700156509906827,4.703700323394086,4.414533663336229,4.33646096988546
50605,737792.2216662947,4.702693255067542,4.692637781988262,4.281686563692236,4.103716724485576
50633,737792.655202757,4.702693255067542,4.692637781988262,4.281686563692236,4.103716724485576
50648,737792.87918249,4.702693255067542,4.692637781988262,4.281686563692236,4.103716724485576
50662,737793.0650176817,4.702214968643192,4.700414502826582,4.046531641203093,4.016350253883083
50665,737793.0733256174,4.702214968643192,4.700414502826582,4.046531641203093,4.016350253883083
50680,737793.2700717405,4.693370783491447,4.700206461395261,3.981407221860485,3.994020533676452
50687,737793.348511671,4.693370783491447,4.700206461395261,3.981407221860485,3.994020533676452
50796,737794.803683312,4.693370783491447,4.700206461395261,3.981407221860485,3.994020533676452
50799,737794.9192684164,4.6497622710532145,4.700077726904745,4.00188963665093,4.447543811054769
50861,737795.6398543301,4.699598320633092,4.67222373261364,4.39856832496911,3.941148507330076
50865,737795.6876251809,4.699598320633092,4.67222373261364,4.39856832496911,3.941148507330076
50869,737795.7159760024,4.699598320633092,4.67222373261364,4.39856832496911,3.941148507330076
50870,737795.7170451385,4.699598320633092,4.67222373261364,4.39856832496911,3.941148507330076
50874,737795.7546656344,4.699076014187661,4.672097959940358,4.398046018523679,3.9246066970365883
50877,737795.7636072034,4.699076014187661,4.672097959940358,4.398046018523679,3.9246066970365883
50879,737795.7695255828,4.699076014187661,4.672097959940358,4.398046018523679,3.9246066970365883
50880,737795.7764818135,4.699076014187661,4.672097959940358,4.398046018523679,3.9246066970365883
50887,737795.8552179011,4.699076014187661,4.672097959940358,4.398046018523679,3.9246066970365883
50888,737795.8561576216,4.699076014187661,4.672097959940358,4.398046018523679,3.9246066970365883
50896,737795.8987469522,4.699076014187661,4.672097959940358,4.398046018523679,3.9246066970365883
50898,737795.9134038732,4.70135313741759,4.674734144829666,4.400323141753609,3.9245360737111668
50905,737795.988167876,4.695197694911145,4.678679398167537,4.394167699247164,3.9316369238001805
50906,737795.9897270107,4.67537366283588,4.646850904366725,4.374343667171899,3.9186535329611027
50907,737795.9937870236,4.67537366283588,4.646850904366725,4.374343667171899,3.9186535329611027
50911,737796.027587094,4.67537366283588,4.646850904366725,4.374343667171899,3.9186535329611027
50933,737796.3471374974,4.67537366283588,4.646850904366725,4.374343667171899,3.9186535329611027
50938,737796.4172805367,4.67537366283588,4.646850904366725,4.374343667171899,3.9186535329611027
51016,737797.5355730753,4.67537366283588,4.646850904366725,4.374343667171899,3.9186535329611027
51022,737797.5917607743,4.67537366283588,4.646850904366725,4.374343667171899,3.9186535329611027
51089,737798.5926491377,4.672635699093009,4.672635699093009,4.3493001742835276,4.326796279623978
51147,737799.6747320147,4.672635699093009,4.672635699093009,4.3493001742835276,4.326796279623978
51154,737799.8250489559,4.676793365949715,4.717895909197385,4.064492082744125,4.034954773684545
51160,737800.0129800467,4.676793365949715,4.717895909197385,4.064492082744125,4.034954773684545
51167,737800.1455974776,4.67390142006959,4.677006326186458,4.372871424405608,4.2858403693968645
51202,737800.8924690884,4.719993241954005,4.72042949362004,4.052430183417999,4.004394987783735
51213,737801.165957481,4.719993241954005,4.72042949362004,4.052430183417999,4.004394987783735
51263,737802.1784225823,4.719993241954005,4.72042949362004,4.052430183417999,4.004394987783735
51265,737802.2292426825,4.678008816220231,4.682074201393856,3.9292436192579965,4.043871816743033
51296,737802.6927184693,4.678008816220231,4.682074201393856,3.9292436192579965,4.043871816743033
51298,737802.7074230708,4.725703746505172,4.69150227232256,4.42467375084119,4.351222091227605
51299,737802.7366405334,4.725703746505172,4.69150227232256,4.42467375084119,4.351222091227605
51300,737802.7469111951,4.725703746505172,4.69150227232256,4.42467375084119,4.351222091227605
51301,737802.7695567932,4.725703746505172,4.69150227232256,4.42467375084119,4.351222091227605
51303,737802.7738724996,4.725703746505172,4.69150227232256,4.42467375084119,4.351222091227605
51307,737802.8811540839,4.725703746505172,4.69150227232256,4.42467375084119,4.351222091227605
51397,737805.7310978405,4.675884711842147,4.683824208463611,4.374854716178166,4.3901461749554676
51413,737806.1397552766,4.688766132249754,4.691325744519704,4.387736136585772,4.390295748855722
51458,737807.3018545103,4.691697965400748,4.69462230193853,4.390667969736767,4.367035798904055
51474,737807.5136983256,4.33440167890901,4.231813546009702,4.405724103090817,3.9307835503457205
51492,737808.0845175928,4.967197186980724,4.794553742560123,4.666167191316743,4.551773957943907
51526,737809.2158767619,4.700000644750179,4.98813168838919,4.398970649086198,4.659295894691528
51537,737809.6289041797,4.700000644750179,4.98813168838919,4.398970649086198,4.659295894691528
51539,737809.6488043186,4.700000644750179,4.98813168838919,4.398970649086198,4.659295894691528
51554,737810.1697009229,4.700000644750179,4.98813168838919,4.398970649086198,4.659295894691528
51650,737812.3073804805,4.347711717238299,4.811246448202824,4.403531222428378,4.559768877408081
51670,737812.6472817144,4.83462801809706,4.786810078435442,4.665178451012149,4.551418153788914
51689,737813.14360758,4.83462801809706,4.786810078435442,4.665178451012149,4.551418153788914
51698,737813.3922875372,4.83462801809706,4.786810078435442,4.665178451012149,4.551418153788914
51699,737813.4118791252,4.83462801809706,4.786810078435442,4.665178451012149,4.551418153788914
51837,737816.5979558257,4.18134501059999,4.82165342468172,4.402833077694555,4.512993857860438
51864,737817.222494294,4.18134501059999,4.82165342468172,4.402833077694555,4.512993857860438
51881,737818.0710864944,4.792342879623149,4.810959334420265,4.664456583222042,4.50126546904203
51893,737818.435462367,4.792342879623149,4.810959334420265,4.664456583222042,4.50126546904203
51909,737819.0544256889,4.792342879623149,4.810959334420265,4.664456583222042,4.50126546904203
51925,737819.5404766386,5.582910821363666,5.58597790345453,5.307158768389595,5.282978714779801
51940,737819.7188176848,5.582910821363666,5.58597790345453,5.307158768389595,5.282978714779801
51946,737819.8342836769,5.582910821363666,5.58597790345453,5.307158768389595,5.282978714779801
51949,737819.9545177668,4.803048354564068,5.58116395134355,4.514186189705074,5.278678110105474
51950,737819.9951263125,4.803048354564068,5.58116395134355,4.514186189705074,5.278678110105474
51954,737820.1347774273,4.172343798740677,5.581223314459489,3.921882400497519,5.280151599890248
51956,737820.2012688582,5.582208623181177,5.5857731437175175,5.307916346404801,5.283884332157665
51960,737820.2962117614,5.58305044657242,5.586923709329116,5.2806476711562285,5.28434277674012
51962,737820.3416403374,5.58305044657242,5.586923709329116,5.2806476711562285,5.28434277674012
51965,737820.3859481318,5.5864532966625235,5.59214827948235,5.281587061978732,5.283275045697673
51967,737820.3925265002,5.586826966798267,5.586869784476462,5.287369961480136,5.283661425983517
51968,737820.455890265,5.591454355386529,5.5946950371320305,5.28656228368698,5.288679026806041
51969,737820.4580352018,5.591454355386529,5.5946950371320305,5.28656228368698,5.288679026806041
51971,737820.4792686561,5.591454355386529,5.5946950371320305,5.28656228368698,5.288679026806041
51972,737820.4848271225,5.591454355386529,5.5946950371320305,5.28656228368698,5.288679026806041
51974,737820.4966775338,5.590273175187914,5.596017670875651,5.2861910896445785,5.290194061866053
51975,737820.4983834218,5.601115161767595,5.605552009218662,5.298377938221738,5.299067821764715
51977,737820.4994295301,5.606662541361305,5.6056381633135794,5.3142422628724555,5.300461611145908
51979,737820.506354834,5.610734764221983,5.606957917527581,5.31124321880585,5.301747772834253
51980,737820.508910578,5.610734764221983,5.606957917527581,5.31124321880585,5.301747772834253
51982,737820.5180342722,5.610734764221983,5.606957917527581,5.31124321880585,5.301747772834253
51983,737820.5400960514,5.610734764221983,5.606957917527581,5.31124321880585,5.301747772834253
51984,737820.5483458866,5.610734764221983,5.606957917527581,5.31124321880585,5.301747772834253
51986,737820.5502663208,5.6095297676705576,5.607715542846193,5.312002355252395,5.302486158745331
51987,737820.5508141384,5.619865611703874,5.608182032972701,5.312469774507653,5.302940818916275
51988,737820.5542300654,5.6226341279078085,5.608648022564266,5.314368254686182,5.302043080463299
51991,737820.5636660141,5.626587605637174,5.608588281170877,5.312969667655203,5.302361635828662
51992,737820.6426569541,5.6357494029072965,5.608929275608084,5.314736196068017,5.302694921706917
51993,737820.6510815794,5.6357494029072965,5.608929275608084,5.314736196068017,5.302694921706917
51994,737820.6551199942,5.6357494029072965,5.608929275608084,5.314736196068017,5.302694921706917
51995,737820.6599046553,5.63602851508679,5.609206249168644,5.31358886298857,5.302735974043858
51997,737820.7287509717,5.636547768771077,5.609721527844099,5.315530815319276,5.3033854679432295
51998,737820.7306621128,5.636547768771077,5.609721527844099,5.315530815319276,5.3033854679432295
52000,737820.7676512277,5.641496104009968,5.611032374616771,5.316188095141807,5.30463755399927
52004,737820.9468430361,5.641496104009968,5.611032374616771,5.316188095141807,5.30463755399927
52010,737821.4952480757,5.62792185842532,5.611281471820404,5.319306063863391,5.305469437072635
52012,737821.8237233122,5.62792185842532,5.611281471820404,5.319306063863391,5.305469437072635
52044,737822.8560349473,5.62792185842532,5.611281471820404,5.319306063863391,5.305469437072635
52057,737823.0268675784,5.62792185842532,5.611281471820404,5.319306063863391,5.305469437072635
52061,737823.0880814968,5.62792185842532,5.611281471820404,5.319306063863391,5.305469437072635
52062,737823.0929362415,5.62792185842532,5.611281471820404,5.319306063863391,5.305469437072635
52063,737823.0973873755,5.62792185842532,5.611281471820404,5.319306063863391,5.305469437072635
52102,737824.162745609,5.655261531286673,5.59779528936547,5.350295178587419,5.338597082523126
52139,737825.1192173291,5.655261531286673,5.59779528936547,5.350295178587419,5.338597082523126
52245,737827.8201768433,5.655261531286673,5.59779528936547,5.350295178587419,5.338597082523126
52246,737827.8555774199,5.655261531286673,5.59779528936547,5.350295178587419,5.338597082523126
52252,737828.0014360605,5.655561954976151,5.628824634630251,5.35742308631768,5.3444117002676
52267,737828.4224612064,5.646424008056812,5.623534310129534,5.361359751478927,5.346531445427249
52270,737828.5169729828,5.6460892333935195,5.623678703363672,5.361770994236745,5.346934183628546
52290,737828.8823885939,5.6460892333935195,5.623678703363672,5.361770994236745,5.346934183628546
52310,737829.0481212458,5.6460892333935195,5.623678703363672,5.361770994236745,5.346934183628546
52341,737829.6181021363,5.6460892333935195,5.623678703363672,5.361770994236745,5.346934183628546
52344,737829.6941239662,5.645195336122418,5.62298733382707,5.3621679061977545,5.353074653527326
52345,737829.6943967413,5.645947443573025,5.623745412783622,5.3628567983766375,5.353750153728708
52359,737830.0306907925,5.645947443573025,5.623745412783622,5.3628567983766375,5.353750153728708
52380,737830.5672707404,5.643027199832052,5.622303761390521,5.36372585648239,5.349341085571638
52402,737831.150534284,5.643027199832052,5.622303761390521,5.36372585648239,5.349341085571638
52412,737831.3759938126,5.643027199832052,5.622303761390521,5.36372585648239,5.349341085571638
52414,737831.4492473272,5.643027199832052,5.622303761390521,5.36372585648239,5.349341085571638
52416,737831.4861250024,4.977124213731477,4.972198488650507,4.676094218067496,4.309353047744326
52427,737832.0730277484,4.937847295854874,4.979733916355248,4.636817300190892,4.328774025770323
52429,737832.1199913383,4.937847295854874,4.979733916355248,4.636817300190892,4.328774025770323
52433,737832.2634615891,4.937847295854874,4.979733916355248,4.636817300190892,4.328774025770323
52526,737834.681973667,5.582408359985398,5.582408359985398,5.281378364321417,4.506252693259509
52589,737836.2842404993,5.582408359985398,5.582408359985398,5.281378364321417,4.506252693259509
52608,737836.8257764863,5.582408359985398,5.582408359985398,5.281378364321417,4.506252693259509
52609,737836.9138706113,5.582408359985398,5.582408359985398,5.281378364321417,4.506252693259509
52637,737837.5444657248,4.810213795483649,4.695030486175493,5.39325004440952,5.3497978622225615
52641,737837.691286344,4.810213795483649,4.695030486175493,5.39325004440952,5.3497978622225615
52643,737837.7182163002,4.810213795483649,4.695030486175493,5.39325004440952,5.3497978622225615
52662,737838.1281527496,4.726333013017335,4.726333013017335,5.3140146814579445,5.301946689227092
52694,737839.7127924019,4.890945795926821,4.888637631363597,5.28554978789543,4.510938527463194
52725,737840.5883564472,4.712319089903296,4.9125859643373415,5.319229284698438,5.3226199925703
52734,737840.9403655893,4.712319089903296,4.9125859643373415,5.319229284698438,5.3226199925703
52759,737841.6541563832,4.710843551359707,4.667407884030814,5.315018680902574,5.295839726775504
52771,737841.9526953417,4.710843551359707,4.667407884030814,5.315018680902574,5.295839726775504
52773,737842.0602400696,4.710843551359707,4.667407884030814,5.315018680902574,5.295839726775504
52800,737843.1296497538,4.710843551359707,4.667407884030814,5.315018680902574,5.295839726775504
52802,737843.1311534346,4.710843551359707,4.667407884030814,5.315018680902574,5.295839726775504
52867,737844.9347334674,4.710843551359707,4.667407884030814,5.315018680902574,5.295839726775504
52930,737847.0257068493,4.710843551359707,4.667407884030814,5.315018680902574,5.295839726775504
52940,737847.3822451147,4.710843551359707,4.667407884030814,5.315018680902574,5.295839726775504
53040,737849.8405680385,4.710843551359707,4.667407884030814,5.315018680902574,5.295839726775504
53041,737849.8408615531,4.907150690810605,4.907150690810605,5.292071614518224,4.532795902822645
53042,737849.8452929454,4.907530352493125,4.907530352493125,5.286134889901652,4.535200674814375
53043,737849.8540412139,4.907530352493125,4.907530352493125,5.286134889901652,4.535200674814375
53047,737849.981036704,4.911890689106849,4.911890689106849,5.289924029678366,4.541868501813767
53048,737849.981575319,4.911890689106849,4.911890689106849,5.289924029678366,4.541868501813767
53080,737850.9181060196,4.908759355822167,4.908759355822167,4.607729360158186,4.405077523868073
53121,737851.8292635761,4.908759355822167,4.908759355822167,4.607729360158186,4.405077523868073
53131,737852.1063056873,4.908759355822167,4.908759355822167,4.607729360158186,4.405077523868073
53134,737852.1727922574,4.908759355822167,4.908759355822167,4.607729360158186,4.405077523868073
53157,737852.7181628515,4.908759355822167,4.908759355822167,4.607729360158186,4.405077523868073
53197,737854.3498935332,4.902353329162804,4.902353329162804,4.601323333498823,4.601323333498823
53212,737854.7060114898,4.902353329162804,4.902353329162804,4.601323333498823,4.601323333498823
53244,737855.7005612074,4.980223577363738,4.980223577363738,4.538407021015109,4.5151364257068565
53246,737855.762944586,4.783248139526866,4.783248139526866,4.482218143862885,4.6738243962779515
53290,737857.4202581117,4.696138989395178,4.792763397776008,4.3951089937311965,4.528019658891379
53291,737857.423987833,4.705735882848637,4.798578428974243,4.404705887184656,4.521368616773427
53333,737858.4604594762,4.68975755917412,4.799211052732273,4.388727563510138,4.537272504342213
53350,737858.9412837899,4.796915670144521,4.786819432144492,4.395713151994682,4.5331688951337465
53351,737858.9427851171,4.797846504121954,4.789623340441272,4.392979630440914,4.532696024228206
53353,737858.9906763049,4.797846504121954,4.789623340441272,4.392979630440914,4.532696024228206
53450,737862.1966738221,4.797846504121954,4.789623340441272,4.392979630440914,4.532696024228206
53486,737863.0328713168,4.797846504121954,4.789623340441272,4.392979630440914,4.532696024228206
53496,737863.2249219721,4.797846504121954,4.789623340441272,4.392979630440914,4.532696024228206
53498,737863.2666364147,4.797846504121954,4.789623340441272,4.392979630440914,4.532696024228206
53510,737863.5759524126,4.692290964882038,4.799330837005495,4.391260969218057,4.5056872145483355
53518,737863.7500224166,4.692290964882038,4.799330837005495,4.391260969218057,4.5056872145483355
53520,737863.7904312814,4.692290964882038,4.799330837005495,4.391260969218057,4.5056872145483355
53556,737864.6843786337,4.692290964882038,4.799330837005495,4.391260969218057,4.5056872145483355
53562,737864.8655569683,4.692290964882038,4.799330837005495,4.391260969218057,4.5056872145483355
53618,737866.1890754063,4.834379092091685,4.7348004732998605,4.5333490964277035,4.433770477635879
53621,737866.3387039349,4.626163122116193,4.826229109587188,4.6082783324967584,4.534019180774444
53622,737866.34322757,4.643639479067455,4.772334032615702,4.342609483403474,4.471304036951721
53627,737866.4013494969,4.867343962999528,4.500327987286164,4.566313967335547,4.199297991622183
53629,737866.408662845,5.166271337045878,5.127418396130223,4.865241341381898,4.826388400466242
53631,737866.4191256983,5.184218382732498,5.1474407091723755,4.883188387068516,4.846410713508394
53652,737867.571373599,4.767529479790033,4.523425638997027,4.661934189211876,4.497265007880568
53665,737867.9375642895,4.50921462768577,4.4913817540330685,4.5770685982914205,4.574363052135469
53676,737868.546614196,4.803561665221632,4.560901682718625,4.683942610431648,4.257632607603647
53688,737868.8013206827,4.803561665221632,4.560901682718625,4.683942610431648,4.257632607603647
53725,737870.0356335866,4.803561665221632,4.560901682718625,4.683942610431648,4.257632607603647
53728,737870.0876870444,4.803561665221632,4.560901682718625,4.683942610431648,4.257632607603647
53771,737871.0580895112,4.699931878291657,5.220808293626222,4.252536688835343,4.920331275400196
53775,737871.1345068153,4.699931878291657,5.220808293626222,4.252536688835343,4.920331275400196
53817,737872.2786497145,4.63970371592186,4.63970371592186,4.338673720257879,4.510989851295298
53819,737872.3088758539,4.5909821028259055,4.579204088066882,4.289952107161924,4.507636935217242
53820,737872.3453471921,4.640544999344524,4.5747814904903,4.3395150036805425,4.509127196858172
53841,737873.3045415854,4.642690962684204,4.577759833697178,4.341660967020223,4.5109275909392945
53858,737874.1821134276,4.6476630506614045,4.646486201745723,4.346633054997423,4.250003701082973
53864,737874.4363993293,5.146153668988642,4.653720308351573,4.845123673324661,4.255169735486611
53866,737874.6515233412,5.146153668988642,4.653720308351573,4.845123673324661,4.255169735486611
53887,737875.2669927389,5.146153668988642,4.653720308351573,4.845123673324661,4.255169735486611
53896,737875.5485778128,5.146153668988642,4.653720308351573,4.845123673324661,4.255169735486611
53904,737875.7597353245,5.146153668988642,4.653720308351573,4.845123673324661,4.255169735486611
53911,737876.0133016871,5.146153668988642,4.653720308351573,4.845123673324661,4.255169735486611
53912,737876.0753653271,5.146153668988642,4.653720308351573,4.845123673324661,4.255169735486611
53913,737876.088252573,5.196226265286967,5.150562586821049,4.282044854634145,4.258672880021167
53914,737876.1013383311,5.196226265286967,5.150562586821049,4.282044854634145,4.258672880021167
53938,737877.1959240624,5.196226265286967,5.150562586821049,4.282044854634145,4.258672880021167
53950,737877.3391542437,5.196226265286967,5.150562586821049,4.282044854634145,4.258672880021167
53959,737877.4756349949,5.196226265286967,5.150562586821049,4.282044854634145,4.258672880021167
53963,737877.6182088838,5.196226265286967,5.150562586821049,4.282044854634145,4.258672880021167
54015,737878.5559612772,5.196226265286967,5.150562586821049,4.282044854634145,4.258672880021167
54026,737878.9321033815,5.196226265286967,5.150562586821049,4.282044854634145,4.258672880021167
54038,737879.1897266548,4.653503880053725,5.205303035338003,4.200355679839186,4.926157850948856
54040,737879.2252025768,5.483811534076585,5.600814496552214,5.147945029317748,5.313817779070831
54041,737879.2338825657,5.487205173027785,5.619443094958818,5.145838885266807,5.326773173770611
54058,737879.4887138935,5.50117926904265,5.606140035946097,5.162121819029152,5.328678791991536
54065,737879.5957722141,5.202652821145858,5.44724587397317,4.50831024525552,5.178418264183451
54094,737880.5664305177,5.200648723333956,5.440306763311073,4.508208994669528,5.161600456354742
54100,737880.8776983478,5.200648723333956,5.440306763311073,4.508208994669528,5.161600456354742
54136,737882.058842561,5.593213948043986,5.601226993482788,5.207227238640027,5.322796833471407
54137,737882.0591990587,5.5921136452139075,5.601484268415966,5.212124065470096,5.323075175555818
54138,737882.1734194797,5.592510644379767,5.602821612435175,5.3483157032595185,5.323405753909065
54142,737882.2657950559,5.594159863757792,5.615677508033942,5.20575037661341,5.324245655202354
54147,737882.3652019494,5.642350350465999,5.648236467316847,5.260543459951379,5.355662441438752
54149,737882.3847739362,5.16030043040531,5.148305688000191,4.2929426756754605,4.262579110147208
54168,737882.9843109853,5.16030043040531,5.148305688000191,4.2929426756754605,4.262579110147208
54169,737883.0025940203,5.16030043040531,5.148305688000191,4.2929426756754605,4.262579110147208
54170,737883.0455311871,5.16030043040531,5.148305688000191,4.2929426756754605,4.262579110147208
54171,737883.0675768695,5.16030043040531,5.148305688000191,4.2929426756754605,4.262579110147208
54172,737883.0701505007,5.149806209314299,5.499390005271444,4.244689654273479,5.219733417700442
54182,737883.3708192188,5.6430445073391065,5.640332593916975,5.256858171050169,5.356154635692584
54183,737883.3729513785,5.640441475400475,5.644079711449542,5.28254328610189,5.359808553350264
54186,737883.3971272504,5.640441475400475,5.644079711449542,5.28254328610189,5.359808553350264
54191,737883.5430072151,5.47354142316078,5.152397041017556,5.172511427496799,4.851367045353576
54198,737883.7591196052,5.47354142316078,5.152397041017556,5.172511427496799,4.851367045353576
54203,737883.988183291,5.647699457345915,5.491963183359968,5.278212702683716,5.352322136502546
54204,737884.0077490616,5.647699457345915,5.491963183359968,5.278212702683716,5.352322136502546
54205,737884.0116878542,5.647699457345915,5.491963183359968,5.278212702683716,5.352322136502546
54208,737884.0873727121,5.647699457345915,5.491963183359968,5.278212702683716,5.352322136502546
54218,737884.2457196721,5.666807885446951,5.526748983059868,5.276608062167594,5.366283149436863
54237,737884.6594671924,5.666807885446951,5.526748983059868,5.276608062167594,5.366283149436863
54240,737884.720869733,5.667043800000429,5.526489101326169,5.276928375030924,5.3744913412290956
54259,737885.3419357435,5.141303294069432,5.110941177135425,4.236245403005615,4.247447941234948
54274,737885.7462473914,5.5446788434989225,5.54641495939723,5.406044818952196,5.362912119779977
54284,737885.9094147674,5.546028363123642,5.546865447694366,5.417176699694703,5.3627088400171266
54303,737886.3325182439,5.510626129850799,5.5084071268880646,5.292554616461948,5.351583083822089
54355,737886.9867273552,5.51481820563939,5.5410332351347185,5.292836801987511,5.363485839026728
54363,737887.0854949744,5.565412485512557,5.544667558366932,5.417308715172656,5.366008683688472
54364,737887.08734342,5.605320664565513,5.545801464292762,5.299968393652482,5.366785362221831
54429,737888.3070901269,6.173676086120472,6.1138269705167625,5.847438539355649,5.8199311642352125
54442,737888.417390763,6.174094039024435,6.1142445126391145,5.84731768313514,5.820304002764211
54454,737888.8298969114,6.1601070995163765,6.107668431317546,5.839584659269917,5.8047584821239155
54455,737888.8400498731,6.1601070995163765,6.107668431317546,5.839584659269917,5.8047584821239155
54457,737888.867767931,6.160236151765325,6.107797356834061,5.84084568980175,5.8171854161028245
54462,737888.9575510388,6.160236151765325,6.107797356834061,5.84084568980175,5.8171854161028245
54463,737888.9805585138,6.163899415053034,6.1114570383548745,5.845267034794751,5.820456354373558
54465,737888.9817043004,6.157669383353751,6.109747366213361,5.839328459391371,5.820169184133433
54467,737889.000628683,6.157821332277823,6.1098991673097185,5.838863869508034,5.80824284151808
54480,737889.4802965333,6.157821332277823,6.1098991673097185,5.838863869508034,5.80824284151808
54484,737889.5654925304,5.142470476949632,5.084764536225361,4.85285852468709,4.83373323619713
54494,737889.7421541996,6.158347783822915,6.110425107081316,5.840276969521401,5.820775292933615
54510,737890.0752498226,6.1584943460049875,6.1105715268977745,5.875390088795892,5.820906250414412
54521,737890.3538381926,6.156501860540215,6.110422195790132,5.8372437367761005,5.8092149530450525
54527,737890.7768785486,6.1567392548925515,6.110659359837894,5.874340187558795,5.821439692847068
54534,737891.1191760218,6.1567392548925515,6.110659359837894,5.874340187558795,5.821439692847068
54551,737891.7014779265,6.15688556641628,6.1108055294823185,5.839176980264307,5.821570450167523
54556,737891.9279831336,6.156733544616782,6.11087083294504,5.874559338361136,5.821656819079773
54560,737892.0358132707,6.156733544616782,6.11087083294504,5.874559338361136,5.821656819079773
54578,737892.3977238463,5.420036305534518,6.078627729160655,4.85210477682187,5.758370795449503
54611,737893.3991047442,6.15731540364523,6.111539036949773,5.839152253838206,5.8222546398217645
54631,737893.6805444749,5.472069106475795,5.454729382298661,5.171039110811813,4.833885659193721
54637,737893.8961971576,5.472069106475795,5.454729382298661,5.171039110811813,4.833885659193721
54645,737894.1934053929,6.15661012658256,6.110834584271503,5.839096719505318,5.822204208089694
54693,737895.1079185526,5.482041372672683,5.970120778433392,5.181011377008701,5.772020150841841
54698,737895.2119682013,5.4196394303734365,5.407529979058144,4.84671511318631,4.806784914952725
54715,737895.920805621,6.046004974774452,5.991346485715668,5.8727613050160725,5.816786546028826
54758,737896.7550711872,6.046004974774452,5.991346485715668,5.8727613050160725,5.816786546028826
54760,737896.7825785489,6.046004974774452,5.991346485715668,5.8727613050160725,5.816786546028826
54793,737897.6765943726,6.046004974774452,5.991346485715668,5.8727613050160725,5.816786546028826
54798,737897.8280698735,6.046004974774452,5.991346485715668,5.8727613050160725,5.816786546028826
54812,737898.6809577491,6.046004974774452,5.991346485715668,5.8727613050160725,5.816786546028826
54822,737898.9881218834,6.046004974774452,5.991346485715668,5.8727613050160725,5.816786546028826
54848,737899.9985779527,6.046004974774452,5.991346485715668,5.8727613050160725,5.816786546028826
54851,737900.0620602984,6.070369872740282,5.985751845375283,5.853952984660677,5.792420979769332
54853,737900.0838532234,6.0733669668956445,5.988761073646187,5.856180787233623,5.794645101975508
54878,737900.906145252,6.077558203343215,5.992801822635609,5.8593082963412995,5.79776747608615
54879,737900.9118065827,6.079687023959343,5.993324404887128,5.859004005613013,5.797785319674957
54895,737901.5076129484,6.079687023959343,5.993324404887128,5.859004005613013,5.797785319674957
54905,737901.7919290396,6.079687023959343,5.993324404887128,5.859004005613013,5.797785319674957
54914,737902.1455671685,6.035353124287713,5.983765334281268,5.8592451811735815,5.808086485433666
54919,737902.2314019781,6.035648304324423,5.984060241796967,5.8449276889181245,5.794753613332237
54921,737902.2736848299,6.027025814176845,5.981796306492488,5.8409387673884146,5.776773904669904
54922,737902.2999669908,6.02780076932624,5.982570547507396,5.841511222432663,5.794833085392343
54971,737904.0528729699,6.02780076932624,5.982570547507396,5.841511222432663,5.794833085392343
54972,737904.0929286822,5.96663979166881,4.450179729606816,5.125659434760128,5.75586328985243
54973,737904.1599115718,5.968076336913945,4.475974246689067,4.493352467730938,5.774189742810817
54988,737904.5054525769,4.453032766757512,4.484286250513588,5.813057996218999,5.772284712090848
54998,737904.8388693556,5.970303936969685,4.467159455050192,5.827453230234151,5.7723858128270855
55034,737905.9909869198,4.469107208020839,4.449700355512706,5.812418731942034,5.787328057090095
55035,737905.9973413263,4.4504088706702625,4.454374031183216,5.812523863546116,5.787432790980569
55042,737906.1785467737,4.4504088706702625,4.454374031183216,5.812523863546116,5.787432790980569
55057,737906.4663384226,4.354574521417518,4.347825190608669,5.1186799724137755,5.117339666173621
55086,737907.5530718643,4.505194920585948,4.520292962030503,5.814367852882436,5.789269820064154
55118,737908.7399979439,4.47087927563559,4.502902107817402,5.822147674148181,5.774167285881305
55132,737909.1122304467,4.486446531114117,4.509190310943834,5.833357806522502,5.789489445570894
55145,737909.8473723951,5.014716254521178,5.007038480114746,5.733131300684789,5.712936191112272
55146,737909.8501202377,5.1034162710418,5.11356723833103,5.747071548783798,5.723535143976986
55148,737909.8538141762,5.124163949377705,5.118942587218396,5.744246726772765,5.724170423108715
55154,737910.0122164882,4.33933727160879,5.11086746695961,5.111209499425707,5.702223551993138
55156,737910.0679548597,5.127054091347744,5.11831197516143,5.748548940987002,5.72283795879606
55169,737910.3455225931,4.718233666353,5.201746553729244,5.155383986964057,5.721223312735791
55196,737911.2609122926,4.753866210336417,5.212761397530892,4.567128566915787,5.723052061333781
55214,737911.8332592405,4.753866210336417,5.212761397530892,4.567128566915787,5.723052061333781
55226,737912.214201089,5.128347387109405,5.21440571067754,5.748955308107538,5.735820308197504
55264,737913.4958052939,5.178274352495169,5.254840705142293,5.738907638835072,5.734664008051663
55276,737913.6852036872,5.1803878504623455,5.256059938910417,5.739866448883781,5.73486505889034
55360,737916.017351519,5.1803878504623455,5.256059938910417,5.739866448883781,5.73486505889034
55361,737916.0212684663,4.763910007739157,4.7470253040523795,5.67571690457486,5.649709932550533
55374,737916.1689606372,4.765794977564444,4.748082377174659,5.674580239267465,4.3986891782700726
55375,737916.1982424441,5.199553672825288,5.1275723741485795,4.8985236771613065,5.728725753927101
55403,737917.1993081932,5.199553672825288,5.1275723741485795,4.8985236771613065,5.728725753927101
55515,737918.1786397005,5.346485588912259,5.380657287994101,5.767832569814584,5.753685150603157
55516,737918.1812236385,5.3669964080330965,5.399806667381595,5.774809346631396,5.7577559514232295
55582,737919.5093256774,5.422423131288747,5.412933702279002,5.154762748347506,5.142804290067685
55589,737919.8627656844,5.369685241398206,5.40975752503061,5.106025317086786,5.138762582471809
55592,737920.0682462578,5.369685241398206,5.40975752503061,5.106025317086786,5.138762582471809
55593,737920.0699794163,5.392035754436197,4.557766950472011,5.091005758772216,4.161220585018458
55627,737921.1382091573,5.392035754436197,4.557766950472011,5.091005758772216,4.161220585018458
55648,737921.6490170235,5.392035754436197,4.557766950472011,5.091005758772216,4.161220585018458
55649,737921.6505713556,5.361131589885349,5.403294333889968,5.104974792015594,5.137350083490796
55654,737921.7593393892,5.361131589885349,5.403294333889968,5.104974792015594,5.137350083490796
55666,737922.1066535575,5.362962782540716,5.411101067605741,5.1059161456506725,5.1376074085660095
55677,737922.4412542906,5.391495752738271,4.559659006409832,5.0904657570742895,3.9968924240211448
55688,737922.8490534448,5.385373081227119,4.555578334151993,5.0843430855631375,3.9859813476254726
55689,737922.8711825854,5.385373081227119,4.555578334151993,5.0843430855631375,3.9859813476254726
55705,737923.2477617338,5.3684901941426295,5.402500532478415,5.10651363910494,5.137745434938459
55706,737923.2511291802,5.367832881809313,5.40319421860111,5.10722269400664,5.138358899835841
55728,737923.8754128659,5.367832881809313,5.40319421860111,5.10722269400664,5.138358899835841
55732,737923.9586839915,5.367832881809313,5.40319421860111,5.10722269400664,5.138358899835841
55754,737924.683951325,5.199111178645354,5.078034739212814,4.8980811829813735,4.021911528337469
55764,737925.0452822775,5.373852655272542,5.404567669941938,5.124606696203948,5.13527811132609
55782,737925.3432630356,5.373852655272542,5.404567669941938,5.124606696203948,5.13527811132609
55801,737925.8933588751,5.373852655272542,5.404567669941938,5.124606696203948,5.13527811132609
55809,737926.0299552364,5.1602822412754366,5.226784690357269,4.41739923689897,5.147824094743582
55877,737928.9440404498,5.1602822412754366,5.226784690357269,4.41739923689897,5.147824094743582
55900,737929.8004454076,5.1602822412754366,5.226784690357269,4.41739923689897,5.147824094743582
55931,737930.3965562449,5.1602822412754366,5.226784690357269,4.41739923689897,5.147824094743582
55939,737930.5092702674,5.124857866212572,5.232368040347911,4.823827870548591,4.273195781333291
55958,737930.9776962382,5.055605770686593,5.383860214372037,4.754575775022611,5.082830218708056
55999,737931.8737771278,5.058013891539041,5.250237800824232,4.756983895875059,4.949207805160251
56007,737932.1182756076,5.111277698789579,5.110931635262134,4.810247703125598,4.408846358110533
56069,737934.639794976,5.111277698789579,5.110931635262134,4.810247703125598,4.408846358110533
56075,737934.8841465516,5.19191981112699,5.18539164993089,5.126049026936352,5.111666132686522
56093,737935.4229441235,5.190697725557941,5.1028811780950525,5.095763395873432,5.114338531706701
56097,737935.5150504892,5.104589449133504,5.087110228547408,5.127746333274111,5.113490935737156
56104,737936.1263474277,5.104589449133504,5.087110228547408,5.127746333274111,5.113490935737156
56138,737937.8400914766,5.104589449133504,5.087110228547408,5.127746333274111,5.113490935737156
56146,737938.1634507428,5.104589449133504,5.087110228547408,5.127746333274111,5.113490935737156
56185,737940.348121089,5.104539677507212,5.059904446753371,4.86381765016061,4.897916024268789
56206,737941.0454714983,4.524900480788584,4.524900480788584,4.923984274325924,4.896521883219177
56236,737941.719031307,5.677176639633348,5.749771825969557,5.376146643969368,5.4602012727702265
56241,737942.0371593975,4.498987153523444,4.498987153523444,4.955586013071869,4.808879784436707
56248,737942.3114702044,4.498987153523444,4.498987153523444,4.955586013071869,4.808879784436707
56275,737943.016804561,5.665939956796789,5.05848282905329,4.791634928083392,4.529144803726905
56291,737943.5716995111,5.063553149522921,5.054924470906371,4.941287426845642,4.917584697095153
56409,737948.1741811697,4.484492597339779,4.39817579609864,4.749097933060955,4.714471176613404
56435,737949.7847473425,4.490754323421866,4.490754323421866,4.772049459862233,4.772049459862233
56440,737950.0667297589,4.490754323421866,4.490754323421866,4.772049459862233,4.772049459862233
56482,737951.6641042853,4.450855254378212,4.441735140628841,4.742613540131649,4.741224343987451
56544,737954.7209264861,4.4709370854351524,4.452476345208185,4.781403096684524,4.0724056872415915
56588,737956.311231203,5.665445414288833,5.665266754738761,4.756836079481099,5.37450623312889
56592,737956.3951734703,5.676738178258314,5.6766708008824915,4.1567744093462204,4.153493708884016
56611,737957.0497012449,5.676738178258314,5.6766708008824915,4.1567744093462204,4.153493708884016
56717,737961.6562586837,5.672022125435446,5.6706818497371225,5.370992129771465,5.371538610307292
56771,737963.9180083921,5.660311007441495,5.660311007441495,4.078019505700366,5.365840559090495
56799,737965.1964665897,5.660311007441495,5.660311007441495,4.078019505700366,5.365840559090495
56808,737965.4740783987,5.665054253325388,5.665054253325388,4.1688715535636085,4.16553041034475
56812,737965.6742775618,5.743756964775014,5.741532155308127,5.442726969111033,4.793919115464633
56836,737966.7536204219,5.657155683762199,5.656590525298104,5.356125688098218,4.078828927198376
56846,737967.041514462,5.657155683762199,5.656590525298104,5.356125688098218,4.078828927198376
56852,737967.3042708682,5.663209729817748,5.737450295783868,4.174427294222991,4.791244295954768
56895,737969.0292679177,5.663209729817748,5.737450295783868,4.174427294222991,4.791244295954768
56896,737969.0324193112,5.663209729817748,5.737450295783868,4.174427294222991,4.791244295954768
56897,737969.0340965907,5.658425137121924,5.656727500184956,4.0903825485645395,5.364774896039247
56898,737969.0347943334,5.658425137121924,5.656727500184956,4.0903825485645395,5.364774896039247
56909,737969.4551662294,5.660681552088906,5.667781889085585,4.129131609936333,4.00968272044693
56932,737969.9615491114,5.660681552088906,5.667781889085585,4.129131609936333,4.00968272044693
56978,737971.859766568,5.667034194490633,5.743585569004034,5.365381611396431,5.441555097231138
57082,737976.0647686946,5.667034194490633,5.743585569004034,5.365381611396431,5.441555097231138
57128,737978.3678747836,5.667034194490633,5.743585569004034,5.365381611396431,5.441555097231138
57177,737980.0157648744,5.667810820218375,5.745272543574418,5.361225076010456,5.449586742877253
57225,737982.9165588609,5.667810820218375,5.745272543574418,5.361225076010456,5.449586742877253
57252,737983.9013210464,5.742254709027177,5.049540427660322,5.370245711531654,5.363886890640343
57290,737985.6011523528,5.078916217260659,5.081223781708216,5.375453808922114,5.450339858767769
57298,737986.0996391304,5.080970411477214,5.090075436799872,5.376184021025336,5.452282266698681
57299,737986.1264961143,5.088190367458012,5.090100698602951,5.375342373565203,5.45141830530681
57327,737987.1188390746,5.089960462270737,5.089960462270737,5.438718839863973,4.09267259815454
57404,737989.8789980133,5.0876043855583815,5.095889267660162,5.372134363919038,4.777016234640066
57406,737989.9196515734,5.099693210128872,5.059266303908994,5.365199725881104,5.366777452891219
57437,737991.2327114907,5.099693210128872,5.059266303908994,5.365199725881104,5.366777452891219
57445,737991.6204286707,5.1017041836797805,5.095880504156575,4.141023673456212,4.790720181091541
57449,737991.9839403509,5.049655382003506,5.06984149879187,5.367453203649693,4.012664212272801
57453,737992.0558117491,5.049655382003506,5.06984149879187,5.367453203649693,4.012664212272801
57454,737992.0585427993,5.049655382003506,5.06984149879187,5.367453203649693,4.012664212272801
57455,737992.0593826834,5.049655382003506,5.06984149879187,5.367453203649693,4.012664212272801
57457,737992.2440845158,5.049655382003506,5.06984149879187,5.367453203649693,4.012664212272801
57472,737992.7682760023,5.061606047167405,5.061858963147064,5.368508530668793,4.049957957136341
57478,737993.1553345859,5.092907458685463,5.092907458685463,4.791877463021482,5.435794355737933
57480,737993.1729655428,5.071612170851051,5.101478975267368,4.742455694378904,4.181427180578536
57492,737994.1896057958,5.095597647137823,5.094416543263051,4.784094729885433,4.79568125553194
57494,737994.5338560814,5.090201026292553,5.09047542597308,4.783775823458331,4.780886286658094
57509,737995.0689529878,5.090201026292553,5.09047542597308,4.783775823458331,4.780886286658094
57512,737995.1557607341,5.057951658691708,4.477407939097382,4.741831521524163,4.184872930467029
57525,737995.96410044,5.100790051559752,5.046785783813146,4.748210689763057,4.752873764066275
57588,737998.4560794128,5.095905966204562,5.100676742016638,4.794875970540581,4.799646746352658
57591,737998.9732645671,5.097338140305661,5.099838927535994,4.805957549734304,4.798808931872013
57606,737999.856494843,5.08890023295571,4.450230856756035,4.754806405729006,4.149200861092054
57678,738003.6453697138,5.098385502622895,4.481850422860099,4.792747404839933,4.180820427196117
57679,738003.7204783078,5.09237807322025,4.441664370591864,4.786338602176921,4.140634374927883
57687,738003.9173179602,4.227061477935813,4.415898250321699,3.9260314822718314,4.746273529416822
57698,738004.4663966576,4.227061477935813,4.415898250321699,3.9260314822718314,4.746273529416822
57704,738004.547801519,4.227061477935813,4.415898250321699,3.9260314822718314,4.746273529416822
57705,738004.5509704892,4.450584563253209,5.079818781324464,4.149554567589227,4.744150823933533
57727,738005.481762994,4.32161865991478,5.1154881013636695,4.020588664250798,4.814458105699688
57728,738005.5043457695,4.32161865991478,5.1154881013636695,4.020588664250798,4.814458105699688
57750,738006.4736800316,4.489921211547804,4.391305299226403,4.758813708185662,4.127398565455446
57781,738007.5260941056,4.477714448518638,4.265907473736183,4.756380969428539,4.176525707325724
57785,738007.6403903196,4.487533083929993,4.278916783453,4.790892352558606,4.185801200339093
57786,738007.7318552291,4.419496736471368,4.262508524997974,4.788665034364142,4.176647112927057
57799,738008.2129654711,4.419496736471368,4.262508524997974,4.788665034364142,4.176647112927057
57820,738008.8667081884,4.427238696619809,4.250866820485445,4.795137579186154,4.1870042020584926
57862,738010.0214530033,4.421632832316768,4.234945760844439,4.752703783263594,4.19895912047279
57879,738010.8528635202,4.420722366397965,4.339425799791087,4.790755745301646,4.059292193613943
57882,738010.9528819277,4.224192289593948,4.144244814161125,4.756958563421763,4.218918057685548
57925,738012.0498805922,4.224192289593948,4.144244814161125,4.756958563421763,4.218918057685548
57932,738012.2971139624,4.2295118498544975,4.229123908989846,4.783434057137944,3.935920265180819
57949,738012.7762268025,4.230837603833638,4.100510415749568,3.9316763659900302,4.2211942916045055
57970,738013.624329775,4.241348491590024,4.059481447339315,4.799855711753988,4.188250870369562
57971,738013.6626408325,4.236712826183915,4.0523420412392355,4.154631742520293,4.193335103171608
57972,738013.6946179427,4.236000022430244,4.057662442468891,4.178734519712525,4.201738930154818
57992,738014.8501169847,4.837538844639532,4.811221519634175,4.618112365214368,4.621081476856684
58011,738015.89665272,4.81134814689448,4.812604262956006,4.614762222002585,4.571021081658522
58015,738016.1087930893,4.812976651231571,4.823483404175752,4.616699472631547,4.568468441588235
58030,738016.7579654264,4.8259653047901745,4.814920923689794,4.5524659388808,4.578822400492642
58076,738019.097416836,4.829413809921657,4.83332729293685,4.554331046530365,4.576513599583317
58082,738019.2788476455,4.267168308314129,4.256299333920825,4.208790810078476,3.9816194529050626
58130,738022.0006738915,4.831494439782681,4.833902647053074,4.504788569880693,4.53930556463062
58131,738022.0075770182,4.831494439782681,4.833902647053074,4.504788569880693,4.53930556463062
58154,738022.8376580074,4.906167356873941,4.921058838298845,4.58502921427836,4.609767183676795
58155,738022.842107601,4.912071067569404,4.927978726684422,4.585692418377423,4.612955817070335
58156,738022.8426749848,4.916007768986679,4.919643953464708,4.629529507716603,4.617576422644112
58200,738025.2381078348,4.899347207274645,4.89711176118606,4.166037780821374,4.618321399772301
58210,738025.6144652048,4.912514167130892,4.924178061175089,4.622106956940365,4.624646063739314
58274,738028.1226320447,4.812144840371455,4.899170963222061,3.7964506195486987,4.620798203168901
58283,738028.4570047086,4.812144840371455,4.899170963222061,3.7964506195486987,4.620798203168901
58301,738029.0101803981,4.812144840371455,4.899170963222061,3.7964506195486987,4.620798203168901
58307,738029.1189939484,4.812144840371455,4.899170963222061,3.7964506195486987,4.620798203168901
58346,738030.39275643,4.812144840371455,4.899170963222061,3.7964506195486987,4.620798203168901
58372,738031.6322623861,4.907723391130527,4.89162186188077,4.62315570613848,4.614291077650326
58385,738032.1015840374,4.896877146209136,4.894580975699299,4.622693224480436,4.620057473695902
58389,738032.140426981,4.896877146209136,4.894580975699299,4.622693224480436,4.620057473695902
58432,738034.1423670136,4.9038344346818095,4.914376182975347,4.6243598251160405,4.63011043576685
58477,738037.0096715352,4.91292104529508,4.91800601039915,4.6315779028758195,4.627887849973986
58562,738040.4091379255,4.91292104529508,4.91800601039915,4.6315779028758195,4.627887849973986
58571,738041.0190781032,4.91292104529508,4.91800601039915,4.6315779028758195,4.627887849973986
58638,738044.1178562324,4.91292104529508,4.91800601039915,4.6315779028758195,4.627887849973986
58651,738045.0710472466,4.917694569819145,4.917694569819145,4.6033199538737675,4.6251181435585575
58692,738047.0456498988,4.917694569819145,4.917694569819145,4.6033199538737675,4.6251181435585575
58694,738047.0561743771,4.916376547440784,4.916376547440784,4.597773602724364,4.621520249434951
58712,738047.8727432835,4.917764903277863,4.9150867307279675,4.619461267402967,4.613583891542759
58721,738048.0691125304,4.501418698871079,4.501418698871079,4.200388703207098,4.538245088043128
58836,738053.9967665826,4.491169143862622,4.491169143862622,4.586930167485556,4.615313909169246
58840,738054.2278856965,4.477116693011537,4.477116693011537,4.176086697347555,4.176086697347555
58855,738054.443133849,4.481680906975397,4.424530683698767,4.593281676363785,4.1235006880347855
58994,738061.694452174,4.534971224166969,4.928670167531386,4.233941228502988,4.627640171867405
59107,738065.3405567198,4.498717971523134,4.498717971523134,4.197687975859153,4.197687975859153
59185,738069.4011543716,4.594055960787931,4.594055960787931,4.222329146020362,4.222329146020362
59192,738069.721584967,4.448452303706535,4.5889990512355485,4.238313992811969,4.279072175447715
59202,738070.0722080207,4.443256067063476,4.529379068630507,4.142226071399495,4.144463844230367
59203,738070.0819553315,4.443256067063476,4.529379068630507,4.142226071399495,4.144463844230367
59269,738072.7265250435,4.443256067063476,4.529379068630507,4.142226071399495,4.144463844230367
59376,738077.0874358434,4.476012299403357,4.476012299403357,4.262718789479992,4.265979937292446
59453,738080.6411796574,4.447213146812064,4.475802739791683,4.216142248256785,4.156127764668084
59457,738080.7658731136,5.796653345423931,5.794117966613227,5.49562334975995,5.4930879709492455
59461,738081.1354991234,5.796653345423931,5.794117966613227,5.49562334975995,5.4930879709492455
59634,738087.8658280248,5.790470922665394,5.790470922665394,5.489440927001413,4.23107457686597
59692,738090.9835380693,4.445481784182392,5.791568938865761,4.142806481868997,5.495118065363489
59761,738093.0033774951,5.789520610326058,5.790158013865743,5.488490614662076,5.489128018201762
59774,738093.547527751,5.789253426122105,5.790429747718644,5.488223430458124,5.489399752054664
59805,738095.0092286081,5.789253426122105,5.790429747718644,5.488223430458124,5.489399752054664
59806,738095.0147842501,5.789192032140816,5.790457678049128,4.137272450849579,5.4918692068998505
59827,738096.0974359162,5.789192032140816,5.790457678049128,4.137272450849579,5.4918692068998505
59911,738099.9238552253,5.788151566578146,5.787633489161765,5.487121570914165,5.486603493497784
59918,738100.1057859795,5.788151566578146,5.787633489161765,5.487121570914165,5.486603493497784
59935,738100.9296497857,5.788151566578146,5.787633489161765,5.487121570914165,5.486603493497784
59966,738102.2965459259,5.788151566578146,5.787633489161765,5.487121570914165,5.486603493497784
59972,738102.3745313383,5.787599942560562,5.787599942560562,5.486569946896581,4.145788225914439
60037,738104.0453863057,5.787599942560562,5.787599942560562,5.486569946896581,4.145788225914439
60038,738104.107054022,5.787648008629497,5.787524639006566,5.486618012965516,5.487189599056449
60079,738105.7176208086,5.857818263920917,5.857818263920917,5.556788268256936,4.833682218500528
60080,738105.7206083998,5.858690645274293,5.858690645274293,5.557660649610312,4.8363333909335475
60094,738106.381919339,5.859847857930569,5.858793826041838,5.558817862266587,4.834656671302235
60159,738106.7115143612,5.859847857930569,5.858793826041838,5.558817862266587,4.834656671302235
60259,738108.6497745854,5.86068797332697,5.86068797332697,5.559657977662988,4.155581554360826
60287,738109.0049383069,5.86068797332697,5.86068797332697,5.559657977662988,4.155581554360826
60308,738109.6834821642,5.85926008726184,5.788890696968941,5.490281265452472,5.49025622768336
60309,738109.686480877,5.85926008726184,5.788890696968941,5.490281265452472,5.49025622768336
60313,738109.7709349114,5.788721609758013,5.861657223891496,5.4876916140940315,5.562642230805076
60315,738109.8919716999,5.787516229372874,5.8618263596370435,5.48660090285509,5.558554527972745
60378,738111.59287096,5.787252990370387,5.86129664636793,5.486783580699022,5.560266650703949
60450,738114.0060286473,5.787252990370387,5.86129664636793,5.486783580699022,5.560266650703949
60462,738114.3912765179,5.853348111660328,5.784584721837681,5.552318115996346,5.485027652673506
60504,738116.4067347059,5.790965434983033,5.858730182039343,5.487151581969328,5.561443491516511
60514,738116.9410024236,5.790965434983033,5.858730182039343,5.487151581969328,5.561443491516511
60532,738117.9144318488,5.790965434983033,5.858730182039343,5.487151581969328,5.561443491516511
60541,738118.1295110664,5.790965434983033,5.858730182039343,5.487151581969328,5.561443491516511
60567,738119.1110519913,5.863984281188652,5.861099786334142,5.563836293406211,5.56090244999918
60646,738122.0703299601,5.856150129801008,5.856150129801008,5.487982566777028,5.5679473787701665
60833,738130.7669997038,5.083854556439789,5.0872516429771935,5.5632473745632804,5.560893037650487
60850,738131.4021736094,5.852976174850238,5.0806142773357035,5.554125779364921,5.55812619959262
60878,738132.3437049035,5.097786909034471,5.10425911723703,5.558073457382025,5.562930858267388
60888,738132.5958609651,5.184170202425315,5.185299158401854,5.571922885525244,5.576785174095141
60897,738133.0964106577,5.183261612260532,5.183261612260532,5.560391724024717,4.89147549759684
60898,738133.123808355,5.194334895178653,5.194334895178653,5.561050893075826,4.888440910359962
60940,738133.7202109556,5.193375126484657,5.206836149089874,5.574701672696272,4.89663621623381
60945,738134.1963495996,5.193375126484657,5.206836149089874,5.574701672696272,4.89663621623381
60950,738134.3862784691,5.094103385802425,5.096259078233021,5.561606508303012,4.800667884612394
60971,738135.1658983617,5.264493255028966,5.271279463585472,4.953717899340745,4.954858836007018
60972,738135.168084717,5.092461938166015,5.201002164545189,5.561183729896222,4.897146797949863
61187,738144.9172307883,5.09863994285098,5.111447785426611,4.785835092243526,4.8017961474743736
61194,738145.205566232,5.100757594187704,5.114942305885699,4.7997397073717964,4.813850525382393
61249,738147.9811290419,5.197844597797816,4.8366982880368035,4.896814602133834,4.883219386528476
61292,738150.811248841,4.868670193744204,4.868670193744204,4.953671630113549,4.971089983662504
61298,738150.9894062865,4.866630498822112,4.866630498822112,4.960593526325944,4.550488868390798
61300,738151.0640328442,4.866630498822112,4.866630498822112,4.960593526325944,4.550488868390798
61320,738151.8531493916,4.871297846124843,4.871297846124843,4.805773934101659,4.303975229481408
61375,738153.6226869953,4.872205187636561,4.872205187636561,4.545015125219582,4.553552667106821
61484,738160.5957819797,4.861447034419404,4.861447034419404,4.560417038755423,4.560417038755423
61556,738163.7517128048,4.874490800241085,4.874490800241085,4.54855360306252,4.5734608045771035
61595,738165.912078272,4.8787222245929085,4.8787222245929085,4.582874891130889,4.58160460161565
61597,738165.9798395896,4.879771321900148,4.878721168909462,4.578741326236167,4.577691173245481
61659,738169.1712282114,4.908155015130517,4.92099824111778,4.613452028257241,4.628997019130109
61702,738171.9495042288,4.866611147433619,4.90408434067186,4.565581151769638,4.6261659995653694
61705,738172.235132188,4.902446686867852,4.89720523482837,4.614993445014788,4.619974415544411
61707,738172.2607519688,4.764237741662071,4.754267983083714,4.5868958523392385,4.616521440332421
61728,738173.0092832193,4.764237741662071,4.754267983083714,4.5868958523392385,4.616521440332421
61729,738173.0121783403,4.764237741662071,4.754267983083714,4.5868958523392385,4.616521440332421
61746,738173.820364313,4.880071935570042,4.73896878122534,4.583420991090836,4.612108289186084
61761,738175.4478193186,4.871427024824979,4.74402932533366,4.59200968950719,4.452916586863617
61822,738178.3636300889,4.729730444782801,4.753502910556147,4.6062177629484395,4.617719775556407
61839,738179.7488550274,4.758434333160799,4.748411171846893,4.4574043374968175,4.45415229459672
61853,738180.0658619525,4.683334323634287,4.714742937912015,4.600165141959512,4.450223611618499
61876,738181.3867075437,4.719139629469753,4.500329336786554,4.455623480754147,4.230445822153899
61903,738182.567400451,4.498645912621435,4.498645912621435,4.197615916957454,4.197615916957454
61904,738182.5691709525,5.612794971129145,5.612794971129145,5.311764975465164,5.311764975465164
61906,738182.6309425057,5.609805987452965,5.606966079399068,5.308775991788984,5.305936083735086
61918,738183.1884573074,4.731720881911997,4.492194224716102,4.4306908862480165,4.4194136427936215
61950,738184.4855736861,4.728990673462821,4.4563153092406145,4.42796067779884,4.167867574447922
61985,738186.0073855858,4.728990673462821,4.4563153092406145,4.42796067779884,4.167867574447922
61989,738186.0874774957,5.609813834684254,5.609813834684254,5.308783839020273,5.308783839020273
62014,738186.8954580321,4.707489553944314,4.712405163346963,4.52183320327067,4.547090499180998
62032,738187.6149373646,4.707489553944314,4.712405163346963,4.52183320327067,4.547090499180998
62033,738187.8752183381,4.707489553944314,4.712405163346963,4.52183320327067,4.547090499180998
62048,738188.6315677776,4.707489553944314,4.712405163346963,4.52183320327067,4.547090499180998
62131,738193.1092458803,4.707489553944314,4.712405163346963,4.52183320327067,4.547090499180998
62180,738195.108989137,5.635186619283345,4.691200381193847,4.4299244022122,4.390170385529867
62184,738195.4701023166,5.625964822307589,5.625964822307589,5.324934826643608,4.554381891320711
62192,738195.9476142806,5.609306236538125,4.4819459146121785,4.1874596466077,4.159412891302464
62194,738196.0642128661,5.609306236538125,4.4819459146121785,4.1874596466077,4.159412891302464
62238,738197.8757964774,5.637402774094158,5.632962862194959,4.394585941506428,4.3536891412791885
62290,738199.604266899,5.637402774094158,5.632962862194959,4.394585941506428,4.3536891412791885
62298,738199.9633839038,5.616299718027689,5.632690238075179,4.189801055036021,4.155043763960135
62326,738200.8864395507,5.633220924271756,5.629192948632242,4.390149585967715,4.357789130700408
62349,738201.3180961935,5.633220924271756,5.629192948632242,4.390149585967715,4.357789130700408
62413,738203.2620055642,5.633220924271756,5.629192948632242,4.390149585967715,4.357789130700408
62443,738204.0894031439,5.61347240993496,5.62105772668392,4.393413828714916,4.3867736094360925
62468,738204.9439517894,5.61347240993496,5.62105772668392,4.393413828714916,4.3867736094360925
62477,738205.1952468099,5.61605922204067,5.624291771451317,4.176749316832614,4.157037836552779
62496,738205.9148110584,5.600451940084117,5.608209182645788,5.299421944420136,5.307179186981807
62500,738206.0411367966,5.600451940084117,5.608209182645788,5.299421944420136,5.307179186981807
62504,738206.2168785331,5.600451940084117,5.608209182645788,5.299421944420136,5.307179186981807
62505,738206.2173257135,5.5949896623368325,5.611094161020098,5.293959666672851,4.363978266931714
62510,738206.3590916373,5.623920165168211,5.612229945708555,4.202253609766366,4.093063602095418
62520,738207.0375893819,5.602317336968591,5.614684540447184,4.135119237283367,4.11969323298784
62533,738207.6797989293,5.619386708626109,5.622460468386715,4.442801714355768,4.432003497281121
62551,738208.3728398335,5.619386708626109,5.622460468386715,4.442801714355768,4.432003497281121
62576,738208.8813138066,5.619386708626109,5.622460468386715,4.442801714355768,4.432003497281121
62578,738208.9425621307,5.619386708626109,5.622460468386715,4.442801714355768,4.432003497281121
62626,738210.5399741719,5.588543955497117,5.602813510809846,5.317253522122447,4.1966209453295615
62635,738211.3041905382,5.604171412850172,5.596792616255598,5.30608422726495,5.289536714194011
62639,738211.4832719995,5.604171412850172,5.596792616255598,5.30608422726495,5.289536714194011
62641,738211.5416160735,5.604171412850172,5.596792616255598,5.30608422726495,5.289536714194011
62648,738212.0211955224,5.604171412850172,5.596792616255598,5.30608422726495,5.289536714194011
62680,738213.1102814504,5.604171412850172,5.596792616255598,5.30608422726495,5.289536714194011
62704,738213.9719272493,5.609149716642858,5.601478127896946,5.322437650449786,5.308069370476008
62706,738214.0816350323,5.6171433298474165,4.544870745136819,5.332802325527967,5.30805769008248
62707,738214.0853103359,5.6171433298474165,4.544870745136819,5.332802325527967,5.30805769008248
62712,738214.2839300619,5.608517668404731,4.543900081651292,5.3244277055604,5.307465688125685
62743,738215.2294909063,5.602969429183648,4.443025438047993,5.303629900785031,5.304222429728034
62763,738215.7413470084,5.602969429183648,4.443025438047993,5.303629900785031,5.304222429728034
62764,738215.743100632,5.602969429183648,4.443025438047993,5.303629900785031,5.304222429728034
62864,738219.7843382553,5.595578155961041,4.5440924609393925,5.316599721219052,5.315481145856184
62888,738220.7699196703,5.599641429504744,5.5926176654020505,5.298611433840763,5.2918954282294175
62899,738221.0661246327,5.599641429504744,5.5926176654020505,5.298611433840763,5.2918954282294175
62931,738221.9982013818,5.599641429504744,5.5926176654020505,5.298611433840763,5.2918954282294175
62935,738222.2170322121,4.5298767051423745,4.522514220203889,5.292859007683001,5.310287354475276
62951,738222.6071596001,4.571047698262592,4.27945277575471,5.319897371833421,4.280705837119964
62955,738222.7032003547,4.279932618549302,4.531494281193062,3.9789026228853213,5.294214300005738
62956,738222.7276543528,4.279932618549302,4.531494281193062,3.9789026228853213,5.294214300005738
62958,738222.7566359526,4.529307114170829,4.273688474381371,5.305132338268937,4.277098309115809
62962,738222.9288242621,4.529307114170829,4.273688474381371,5.305132338268937,4.277098309115809
62984,738223.7007411008,4.52813189513398,4.275186434415233,5.303333143818366,4.288825442760806
62986,738223.7314983627,4.534070808166268,4.281936668113154,5.3056304273556645,4.285531596070207
62988,738223.7735628219,4.534070808166268,4.281936668113154,5.3056304273556645,4.285531596070207
63032,738226.1488313738,4.204823171023879,4.272542797279517,5.3014023728985595,4.264587126736398
63062,738227.488957873,4.237648513341055,4.326766104795488,5.294227861087222,4.296216149784128
63064,738227.6798201115,4.292214599583776,4.326001413356534,5.319699440592581,4.027844942878832
63079,738228.3635255279,4.376254189879121,4.403469197876472,4.229846199115164,4.136717140903572
63142,738230.4269204454,4.2861531920256075,4.307262830145477,5.287225920532591,3.831264780176659
63171,738231.3983206091,4.201699737456535,4.201699737456535,5.29539385311054,5.289706469079815
63182,738231.8349015617,4.201699737456535,4.201699737456535,5.29539385311054,5.289706469079815
63187,738232.0887472217,4.201699737456535,4.201699737456535,5.29539385311054,5.289706469079815
63209,738232.736401984,4.201699737456535,4.201699737456535,5.29539385311054,5.289706469079815
63211,738232.9215472455,4.201699737456535,4.201699737456535,5.29539385311054,5.289706469079815
63227,738233.3820407197,4.331115059166298,4.434391355636249,4.210837864948273,4.141007352092675
63252,738234.8647715517,4.331115059166298,4.434391355636249,4.210837864948273,4.141007352092675
63273,738235.4099855076,4.259271841272264,4.297722987190056,4.127939498073723,3.8119939463084083
63330,738236.9612557945,4.316227134894624,4.42150311559023,4.288821292527174,4.105991489143918
63345,738237.3770044588,4.271049280070749,4.38381099358561,3.9057193113217057,4.071606612853498
63392,738238.8849403852,4.271049280070749,4.38381099358561,3.9057193113217057,4.071606612853498
63395,738239.0820862408,4.271049280070749,4.38381099358561,3.9057193113217057,4.071606612853498
63396,738239.0822546156,4.271049280070749,4.38381099358561,3.9057193113217057,4.071606612853498
63400,738239.118628509,4.271049280070749,4.38381099358561,3.9057193113217057,4.071606612853498
63461,738240.9742120425,4.271049280070749,4.38381099358561,3.9057193113217057,4.071606612853498
63490,738242.049270709,4.271049280070749,4.38381099358561,3.9057193113217057,4.071606612853498
63494,738242.2171510856,4.281903462131179,4.284146609822988,4.105116061935104,3.993296303630257
63511,738242.6794283679,4.2874596839881125,4.296125864857991,4.0483061513832554,4.010471652059035
63607,738245.7868347099,4.2874596839881125,4.296125864857991,4.0483061513832554,4.010471652059035
63643,738246.4738564894,4.779002935121539,4.781814693501582,4.470458125644222,4.463237252810771
63644,738246.4883560293,4.778887603005408,4.780933435041513,4.4711671199311604,4.462327550636497
63662,738247.0397151904,4.778887603005408,4.780933435041513,4.4711671199311604,4.462327550636497
63681,738247.5252441651,4.778887603005408,4.780933435041513,4.4711671199311604,4.462327550636497
63686,738247.7564948865,4.778887603005408,4.780933435041513,4.4711671199311604,4.462327550636497
63693,738248.2911653529,4.778887603005408,4.780933435041513,4.4711671199311604,4.462327550636497
63710,738249.2246244433,4.778887603005408,4.780933435041513,4.4711671199311604,4.462327550636497
63738,738249.9299551047,4.778887603005408,4.780933435041513,4.4711671199311604,4.462327550636497
63740,738249.9588695366,4.7799161795387635,4.7799161795387635,3.982152045638892,4.473931538863975
63768,738250.6510255445,4.325886329325568,4.770889853216006,4.016353428428189,4.500532058329164
63771,738250.754306176,4.325886329325568,4.770889853216006,4.016353428428189,4.500532058329164
63783,738251.1174256885,4.325886329325568,4.770889853216006,4.016353428428189,4.500532058329164
63794,738251.4531325073,4.334975885595659,4.774302965391825,4.115670805307997,4.504434734628995
63795,738251.4554896131,4.334975885595659,4.774302965391825,4.115670805307997,4.504434734628995
63803,738251.8872982711,4.778221673647776,4.778566715531502,4.472932324630406,4.4726710287678815
63847,738253.3870892553,4.7553214353522995,4.758313389717803,4.413100981627231,4.469234371996906
63867,738253.9681552271,4.7553214353522995,4.758313389717803,4.413100981627231,4.469234371996906
64064,738255.7779665717,4.773569864738188,4.773569864738188,3.959846191037029,3.956880383022965
64071,738255.8898886585,4.773569864738188,4.773569864738188,3.959846191037029,3.956880383022965
64083,738255.9935810979,4.773569864738188,4.773569864738188,3.959846191037029,3.956880383022965
64096,738256.2809202969,4.7720523301665425,4.7720523301665425,4.471022334502561,3.9875310186627724
64100,738256.325702117,4.762102576983051,4.764342313553599,4.477792048840084,4.476300791719778
64102,738256.3700969107,4.773873527607535,4.761082498490449,3.9862862087545694,4.453744622378963
64110,738256.5000202203,4.726992312113396,4.726992312113396,4.425962316449414,3.9705571915256277
64158,738257.9665692351,4.789863746671651,4.786795473292905,4.031275432608914,4.490797863914183
64237,738259.7578394104,4.772968883954529,4.758382777970489,3.952922207394735,4.447126057337632
64243,738259.8078558245,4.772968883954529,4.758382777970489,3.952922207394735,4.447126057337632
64360,738262.792916842,4.800974600803148,4.7999738567139465,4.079424148676095,4.503298738504085
64372,738263.0953391588,4.799787822614227,4.801563290680083,4.084974260762961,4.50192679651066
64454,738265.5982874085,4.786198860123587,4.753363818852048,3.9620156341446977,4.4523338231880665
64468,738265.9382867919,4.7896971843823275,4.75313026693643,4.031997735654236,4.452100271272449
64473,738266.1109376968,4.770891541402834,4.73647093318725,3.988160866676187,4.458141264163768
64492,738266.6096105389,5.030586127383385,5.051763009189276,4.558972785223463,4.750733013525295
64497,738266.7785722245,5.030586127383385,5.051763009189276,4.558972785223463,4.750733013525295
64538,738267.7980915187,5.030586127383385,5.051763009189276,4.558972785223463,4.750733013525295
64550,738267.9626370968,5.030586127383385,5.051763009189276,4.558972785223463,4.750733013525295
64551,738267.9771677476,5.030586127383385,5.051763009189276,4.558972785223463,4.750733013525295
64554,738267.9990596204,5.036698771118178,5.0534953586004345,4.574212203165282,4.752465362936453
64576,738268.5049865243,5.036698771118178,5.0534953586004345,4.574212203165282,4.752465362936453
64593,738268.9495155715,5.036698771118178,5.0534953586004345,4.574212203165282,4.752465362936453
64617,738269.482398286,4.740290178365741,5.034922862130751,4.486371639857996,4.755971274952011
64626,738269.6235931899,4.740290178365741,5.034922862130751,4.486371639857996,4.755971274952011
64633,738269.7539914096,4.803662217140591,4.882431310299898,4.173510191442983,4.793170337048509
64662,738270.3479937286,4.803662217140591,4.882431310299898,4.173510191442983,4.793170337048509
64665,738270.3768872964,4.8673170412956805,4.801064162298269,4.44805967122516,4.51340761412668
64672,738270.5054995116,5.030601228389105,4.885613695844835,4.56599563478271,4.78850373345977
64702,738271.0818223852,5.030601228389105,4.885613695844835,4.56599563478271,4.78850373345977
64731,738271.868932792,5.030601228389105,4.885613695844835,4.56599563478271,4.78850373345977
64802,738273.60673475,5.030601228389105,4.885613695844835,4.56599563478271,4.78850373345977
64811,738273.8527422015,4.738170422998998,5.02969507449735,4.4607057057952995,4.728347005231395
64812,738273.8545274674,4.738170422998998,5.02969507449735,4.4607057057952995,4.728347005231395
64813,738273.8550195878,4.738170422998998,5.02969507449735,4.4607057057952995,4.728347005231395
64814,738273.8557148882,4.738170422998998,5.02969507449735,4.4607057057952995,4.728347005231395
64815,738273.8602739539,4.738170422998998,5.02969507449735,4.4607057057952995,4.728347005231395
64816,738273.8624389801,4.738170422998998,5.02969507449735,4.4607057057952995,4.728347005231395
64817,738273.8663429039,4.738170422998998,5.02969507449735,4.4607057057952995,4.728347005231395
64820,738273.8739266775,4.159008362661532,4.825310605849291,4.430159774393138,4.732419330411425
64821,738273.8763869475,4.160842374438021,4.825705666513864,4.425801799167031,4.73072367492183
64824,738273.8841692769,4.160842374438021,4.825705666513864,4.425801799167031,4.73072367492183
64831,738274.174584587,4.160842374438021,4.825705666513864,4.425801799167031,4.73072367492183
64858,738274.6460812453,4.160842374438021,4.825705666513864,4.425801799167031,4.73072367492183
64860,738274.6592490296,4.160842374438021,4.825705666513864,4.425801799167031,4.73072367492183
64862,738274.6975851479,4.160842374438021,4.825705666513864,4.425801799167031,4.73072367492183
64867,738274.7119106643,4.872851355456549,4.870693781081785,4.803358513602668,4.784964565291188
64868,738274.7156233888,4.872851355456549,4.870693781081785,4.803358513602668,4.784964565291188
64870,738274.7183200311,4.942179191431977,4.938505231355605,4.8499373295572,4.8297085141643405
64871,738274.719099885,4.942179191431977,4.938505231355605,4.8499373295572,4.8297085141643405
64872,738274.7201370907,4.941983813623565,4.940504726440408,4.849911106027679,4.830881665752705
64873,738274.7204488632,4.941983813623565,4.940504726440408,4.849911106027679,4.830881665752705
64874,738274.723839552,4.943405143416329,4.950590165133331,4.8500398757591645,4.832179199794299
64878,738274.7422869736,4.93686882814149,4.940346930057078,4.833147152897076,4.8282411818643185
64879,738274.7490615643,4.945647746830447,4.937508737334127,4.67438044446999,4.827647291606386
64880,738274.7499581105,4.946250621971509,4.9401484920754655,4.6851668304106076,4.828335622840808
64882,738274.7851994298,4.9455436736685945,4.931127650244623,4.686806511364147,4.829431488366844
64895,738274.9155882318,4.95551140291509,4.9570437002899945,4.688019067628571,4.830246065053861
64896,738274.9303722624,4.95551140291509,4.9570437002899945,4.688019067628571,4.830246065053861
64899,738274.9759892332,4.95551140291509,4.9570437002899945,4.688019067628571,4.830246065053861
64901,738274.984052088,4.95551140291509,4.9570437002899945,4.688019067628571,4.830246065053861
64906,738275.1714381876,4.95551140291509,4.9570437002899945,4.688019067628571,4.830246065053861
64924,738275.4926934203,4.95551140291509,4.9570437002899945,4.688019067628571,4.830246065053861
64933,738275.65388852,4.948847004595449,4.961150538379543,4.6919197801687895,4.832871560942562
64934,738275.6626094013,4.948847004595449,4.961150538379543,4.6919197801687895,4.832871560942562
64940,738275.7645084929,4.948847004595449,4.961150538379543,4.6919197801687895,4.832871560942562
64984,738277.088930341,4.948847004595449,4.961150538379543,4.6919197801687895,4.832871560942562
64986,738277.1930390289,4.931602705112207,4.883895051892039,4.421451611560073,4.422072124325858
64987,738277.2201114378,4.475293116183069,4.869910605049956,4.453548444424981,4.416900864531697
64999,738277.4726092088,4.475293116183069,4.869910605049956,4.453548444424981,4.416900864531697
65008,738277.846570998,4.475293116183069,4.869910605049956,4.453548444424981,4.416900864531697
65009,738277.8769617694,4.894054143553193,4.954721108466342,4.593024147889212,4.674369061051763
65010,738277.8830717871,4.894054143553193,4.954721108466342,4.593024147889212,4.674369061051763
65017,738278.1108247708,4.894054143553193,4.954721108466342,4.593024147889212,4.674369061051763
65049,738279.036632773,4.894054143553193,4.954721108466342,4.593024147889212,4.674369061051763
65053,738279.1521470973,4.9799440152316095,4.950935114185241,4.696205761715643,4.677171600280661
65118,738281.5724966432,4.8980158250641646,4.996421202845887,4.596985829400183,4.3313216975107665
65140,738282.1640172612,4.477526596135014,4.90141412823748,3.8430435450724314,4.6143880835746565
65165,738283.1713562085,4.477526596135014,4.90141412823748,3.8430435450724314,4.6143880835746565
65167,738283.5056418815,4.477526596135014,4.90141412823748,3.8430435450724314,4.6143880835746565
65230,738285.6310706307,4.879746101976325,4.5033691478968,4.5228083781759185,4.660088275465707
65249,738286.1731870992,4.879746101976325,4.5033691478968,4.5228083781759185,4.660088275465707
65280,738287.4310146555,4.879746101976325,4.5033691478968,4.5228083781759185,4.660088275465707
65354,738289.5075965772,4.879746101976325,4.5033691478968,4.5228083781759185,4.660088275465707
65357,738289.5377266796,4.879746101976325,4.5033691478968,4.5228083781759185,4.660088275465707
65373,738289.8113696761,4.879746101976325,4.5033691478968,4.5228083781759185,4.660088275465707
65379,738289.951314701,4.879746101976325,4.5033691478968,4.5228083781759185,4.660088275465707
65406,738290.4129023236,4.879746101976325,4.5033691478968,4.5228083781759185,4.660088275465707
65438,738291.9288074002,4.879746101976325,4.5033691478968,4.5228083781759185,4.660088275465707
65453,738292.429595306,4.498931804577172,4.360492793757568,4.521484355300781,4.66618858110034
65481,738293.3345425891,4.498931804577172,4.360492793757568,4.521484355300781,4.66618858110034
65490,738293.5101389035,4.498931804577172,4.360492793757568,4.521484355300781,4.66618858110034
65508,738294.2742996565,4.440207934353897,4.45427739615583,4.6434465095134385,4.6797264904503715
65512,738294.3227109489,4.63287250362549,4.640902900926863,4.630282731783186,4.749971710663615
65569,738296.4139686705,4.63287250362549,4.640902900926863,4.630282731783186,4.749971710663615
65596,738296.8301605765,4.63287250362549,4.640902900926863,4.630282731783186,4.749971710663615
65618,738297.5411682919,4.45110838327932,4.651997018345748,4.661301923701847,4.458831886883178
65634,738298.1734182952,4.510030986770469,4.510030986770469,4.209000991106488,4.562387648135687
65656,738298.7753490256,4.487393651215064,4.547193849697996,4.695307531985265,4.478635630072931
65677,738299.4342895406,4.487393651215064,4.547193849697996,4.695307531985265,4.478635630072931
65692,738299.9779266939,4.27090699205922,4.547654361935638,4.261577251907508,4.407664134652822
65694,738300.0637136609,4.27061002796362,4.547024354127626,4.151113926129188,4.410649560007741
65711,738300.4446058697,4.27061002796362,4.547024354127626,4.151113926129188,4.410649560007741
65734,738300.9090092456,4.27061002796362,4.547024354127626,4.151113926129188,4.410649560007741
65737,738300.9155680486,4.27061002796362,4.547024354127626,4.151113926129188,4.410649560007741
65741,738301.1546652473,4.27061002796362,4.547024354127626,4.151113926129188,4.410649560007741
65775,738302.3584015957,4.27061002796362,4.547024354127626,4.151113926129188,4.410649560007741
65783,738302.4018801799,4.577132780049862,4.578290854831784,4.2761027843858805,4.2400118995224885
65785,738302.4442382199,4.581510322479499,4.581790704784304,4.239828013439973,4.250522425727188
65802,738302.9427003583,4.581510322479499,4.581790704784304,4.239828013439973,4.250522425727188
65803,738302.9440987402,4.581510322479499,4.581790704784304,4.239828013439973,4.250522425727188
65804,738302.948458151,4.581510322479499,4.581790704784304,4.239828013439973,4.250522425727188
65807,738302.9879590747,4.660548722368458,4.431311612894557,4.359518726704477,4.252269336648721
65813,738303.2206575715,4.660548722368458,4.431311612894557,4.359518726704477,4.252269336648721
65815,738303.3693498106,4.550191384397865,4.554748824397809,4.167971832897595,4.391709089248895
65854,738304.3843822593,4.550191384397865,4.554748824397809,4.167971832897595,4.391709089248895
65873,738304.9031628345,4.5492826689579156,4.5492826689579156,4.38630729123082,4.257023101829713
65878,738305.05259773,4.5492826689579156,4.5492826689579156,4.38630729123082,4.257023101829713
65886,738305.2519098646,4.645194628977051,4.663107782798563,4.308103018616292,4.34034541193393
65920,738305.8613398512,4.508691522159145,4.508691522159145,4.207661526495164,4.178427896450977
65973,738306.3490567633,4.28365816650714,4.275534946503834,4.182598315784351,3.9571586809319146
66018,738307.1342770131,4.28365816650714,4.275534946503834,4.182598315784351,3.9571586809319146
66023,738307.2545606613,4.28365816650714,4.275534946503834,4.182598315784351,3.9571586809319146
66033,738307.4409235613,4.275534946503834,4.268031342208448,3.9745049508398527,3.979742000701054
66043,738307.6709157194,4.56118428484018,4.559593528191098,4.175874780219003,4.258563532527117
66068,738308.2850598382,4.621053082705059,4.503610598955796,4.320023087041077,4.3242071448337684
66094,738308.7653724591,4.679717247698123,4.646793576519196,4.112547982702224,4.292851356975218
66098,738308.8658080676,4.507808434248908,4.521876737741894,4.328684340055046,4.146352150530947
66106,738309.1295289325,4.507808434248908,4.521876737741894,4.328684340055046,4.146352150530947
66129,738309.882171019,4.507808434248908,4.521876737741894,4.328684340055046,4.146352150530947
66130,738309.9401469021,4.507808434248908,4.521876737741894,4.328684340055046,4.146352150530947
66136,738310.0539033843,4.507808434248908,4.521876737741894,4.328684340055046,4.146352150530947
66137,738310.1510207494,4.515569549484157,4.519942267877228,4.214539553820176,4.218912272213247
66148,738310.3894843301,4.515569549484157,4.519942267877228,4.214539553820176,4.218912272213247
66213,738313.1213733368,4.515569549484157,4.519942267877228,4.214539553820176,4.218912272213247
66215,738313.1885310822,4.6577179432524245,4.608235577330857,4.215993723538575,3.846417080026386
66252,738313.9957133008,4.665996056073755,4.555578708695668,4.180308018738206,4.212139760974852
66253,738314.0119187539,4.665996056073755,4.555578708695668,4.180308018738206,4.212139760974852
66289,738315.2910986859,4.958639735304846,4.928290655687728,4.480814755076326,4.606899079872834
66297,738315.3578772028,4.666991662441755,4.6614714506134405,4.365961666777775,4.130583550792696
66381,738317.5962611645,4.62276817855994,4.602190140859636,4.321738182895959,4.219641281915388
66386,738317.6893803661,4.660756929294335,4.589211912972474,4.214024407885973,4.21390660815649
66408,738318.0650751321,4.660756929294335,4.589211912972474,4.214024407885973,4.21390660815649
66429,738319.13292576,4.660756929294335,4.589211912972474,4.214024407885973,4.21390660815649
66430,738319.1481465222,4.660756929294335,4.589211912972474,4.214024407885973,4.21390660815649
66431,738319.155578075,4.6773392949739705,4.913808679124713,4.113338328544445,4.6342545079035
66433,738319.2936048129,4.596784029353414,4.33456924729822,4.295754033689434,4.210836794883617
66434,738319.3382160426,4.617471423761644,4.373537848601365,4.316441428097662,4.231942015504786
66467,738320.771711977,4.915158692634832,4.907653980217567,4.473142760515472,4.603260795955168
66511,738322.0946395029,4.915158692634832,4.907653980217567,4.473142760515472,4.603260795955168
66555,738322.9413315785,4.915158692634832,4.907653980217567,4.473142760515472,4.603260795955168
66556,738322.9426480369,4.915158692634832,4.907653980217567,4.473142760515472,4.603260795955168
66557,738322.9528436693,4.384995150851208,4.063548392521859,4.233675622017395,4.174073966860012
66569,738323.3580301511,4.384995150851208,4.063548392521859,4.233675622017395,4.174073966860012
66588,738323.7178004072,4.338463002340884,4.069118145589763,4.2351981494777755,4.158153105935287
66616,738324.4904057278,4.338463002340884,4.069118145589763,4.2351981494777755,4.158153105935287
66639,738325.3315131636,4.338463002340884,4.069118145589763,4.2351981494777755,4.158153105935287
66689,738326.8918898681,4.338463002340884,4.069118145589763,4.2351981494777755,4.158153105935287
66723,738328.0699948755,4.338463002340884,4.069118145589763,4.2351981494777755,4.158153105935287
66739,738328.6811886204,4.642296786137306,4.546257275314476,4.510035474834083,4.4389041324169956
66788,738329.9427436657,4.876266341512271,4.876925525795142,4.502980421748365,4.437738568645543
66817,738330.660833187,4.88111395840089,4.884095659634574,4.385356261954529,4.248662559568302
66843,738332.0275055071,4.8741945677764855,4.714401353946005,4.294070613445044,4.076511397036294
66902,738335.0103584543,4.8741945677764855,4.714401353946005,4.294070613445044,4.076511397036294
66903,738335.0106575101,4.8741945677764855,4.714401353946005,4.294070613445044,4.076511397036294
66925,738335.5495287435,4.743442495065637,4.88853848316064,3.8534937100423527,4.290649737613032
67018,738338.0622405529,4.925557611764198,4.925557611764198,4.351363296868687,4.351784145712148
67028,738338.2929867038,4.928499491763098,4.928499491763098,4.360765647446997,4.3601840107903005
67029,738338.3029747662,4.928274811635533,4.928274811635533,4.36000351083353,4.363987217715124
67067,738339.7984701415,4.8896033515667545,4.924424287111769,4.436576052853287,4.363702255295535
67092,738340.4763609895,4.8896033515667545,4.924424287111769,4.436576052853287,4.363702255295535
67103,738340.7866356611,4.926477707415004,4.929028763047671,4.476623332587821,4.624696000908375
67105,738340.8123969992,4.67351303377992,4.67351303377992,4.49566438681423,4.414182789960223
67107,738340.8522347915,4.926829196172032,4.927969460870833,4.371916015172094,4.356717961647383
67114,738341.1147462074,4.6665532879832154,4.920186474747856,4.059397871850477,4.357378829588428
67116,738341.1191821373,4.664942738684207,4.6413074612368765,4.0088499689742845,4.35562137082518
67123,738341.3716825998,4.670485783780094,4.872292504715371,4.012033513826687,3.74670089096599
67137,738341.4523961885,4.892994492398226,4.65716041771022,4.452204453888275,4.36558539684932
67191,738342.8484719733,4.892994492398226,4.65716041771022,4.452204453888275,4.36558539684932
67193,738342.8694170989,4.892994492398226,4.65716041771022,4.452204453888275,4.36558539684932
67199,738342.9879330955,4.892994492398226,4.65716041771022,4.452204453888275,4.36558539684932
67220,738343.7997766363,4.892994492398226,4.65716041771022,4.452204453888275,4.36558539684932
67233,738344.4662307939,4.6576835030593955,4.655635500054238,4.495146600339123,4.359988799149417
67234,738344.5061460669,4.66850594120217,4.647670341504411,4.398269273795476,4.3561626908115825
67255,738345.2983837585,4.66850594120217,4.647670341504411,4.398269273795476,4.3561626908115825
67272,738345.8798911249,4.657096567087383,4.670007934509456,4.356066571423402,4.434238418773107
67284,738346.2948891844,4.657096567087383,4.670007934509456,4.356066571423402,4.434238418773107
67287,738346.4265250966,4.657096567087383,4.670007934509456,4.356066571423402,4.434238418773107
67306,738347.3915189885,5.578374923059649,5.589502499903069,5.281116393156989,5.284538641814894
67308,738347.4270018409,5.582220053990355,5.594526340003179,5.2811383891942905,5.289987016645587
67317,738347.6725621616,5.582930798399696,5.595452588240404,5.2820668656162555,5.291242802474376
67323,738347.8748758981,5.5959542359090655,5.60075440104091,5.291394407604744,5.299057551397345
67327,738348.0233855793,5.5959542359090655,5.60075440104091,5.291394407604744,5.299057551397345
67328,738348.0274561625,5.5959542359090655,5.60075440104091,5.291394407604744,5.299057551397345
67329,738348.0283023537,5.5959542359090655,5.60075440104091,5.291394407604744,5.299057551397345
67330,738348.0287035878,5.5959542359090655,5.60075440104091,5.291394407604744,5.299057551397345
67331,738348.0331910119,5.5959542359090655,5.60075440104091,5.291394407604744,5.299057551397345
67332,738348.0373127004,4.6568510954445985,5.565023078477605,4.495407219172161,5.2939479513788354
67333,738348.0401774233,4.6568510954445985,5.565023078477605,4.495407219172161,5.2939479513788354
67335,738348.0492467993,4.670622445904583,5.566275050064443,4.504449491355618,5.295655194004309
67338,738348.0652829588,4.670622445904583,5.566275050064443,4.504449491355618,5.295655194004309
67339,738348.066158137,4.670622445904583,5.566275050064443,4.504449491355618,5.295655194004309
67341,738348.0709834796,4.670622445904583,5.566275050064443,4.504449491355618,5.295655194004309
67342,738348.0721766168,4.670622445904583,5.566275050064443,4.504449491355618,5.295655194004309
67346,738348.1065453113,4.670622445904583,5.566275050064443,4.504449491355618,5.295655194004309
67347,738348.1068515391,4.676635847093559,5.569696526850894,4.075022004117712,5.296068465309415
67350,738348.1271249655,4.676635847093559,5.569696526850894,4.075022004117712,5.296068465309415
67354,738348.1810513882,4.695267255324914,5.576590328625109,4.104259931634362,5.2986373437864716
67359,738348.31571527,4.680355104102974,5.577417400653462,4.108942534714021,5.299401316261453
67360,738348.3162151047,4.695290354395322,5.57789261794253,4.115180899757315,5.299840328125619
67361,738348.3304132933,4.695290354395322,5.57789261794253,4.115180899757315,5.299840328125619
67363,738348.3552048248,4.845448940019463,5.600809000878785,4.382811338732839,5.321053566762877
67364,738348.367135601,5.57936801997168,5.588234030510716,4.566193463624026,5.294590265087209
67368,738348.3961890904,4.846168125907662,5.601362939013253,4.387633898014316,5.32156735790198
67369,738348.3966446846,4.652594765432381,5.601670570298366,4.390291799610864,5.321852713931823
67370,738348.3968492005,4.653304287172014,5.602048740751745,4.393302965681159,5.322203521511431
67372,738348.4492772603,4.650518904057249,5.602335392892018,4.395708484143392,5.322469447392318
67379,738348.6526381671,4.815819408471066,5.619460031559478,4.523640733865433,5.33837866272158
67392,738348.8998958931,4.815819408471066,5.619460031559478,4.523640733865433,5.33837866272158
67414,738349.217485444,4.82217853522821,5.62035054790962,4.5294840325709185,5.339207184842265
67418,738349.3032619811,4.980786630877405,5.6464311122297755,4.681859944764752,5.363236512216134
67426,738349.3726828409,4.982216363363147,5.647885263697883,4.674946283179616,5.362422596881626
67427,738349.3885496202,4.982216363363147,5.647885263697883,4.674946283179616,5.362422596881626
67430,738349.4603516451,4.982216363363147,5.647885263697883,4.674946283179616,5.362422596881626
67433,738349.5129455858,4.990169845407862,5.649437242479229,4.6826834170561735,5.363881336674776
67435,738349.6221197062,5.096647957765729,5.672531899776821,4.786608210776986,5.385624939409782
67436,738349.6227030379,5.966869455390844,6.0753740686121445,5.648781459228287,5.7732262326853885
67437,738349.6238977319,5.976100762206382,6.081844510738125,5.657986140881706,5.779546562924801
67438,738349.6253718393,5.977325160206572,6.082710016429431,5.659210551237899,5.780392154357139
67439,738349.6274742839,5.977325160206572,6.082710016429431,5.659210551237899,5.780392154357139
67440,738349.6287047011,5.9913657743420945,6.092638062131397,5.673211846953957,5.790094519893703
67441,738349.6311322796,5.9913657743420945,6.092638062131397,5.673211846953957,5.790094519893703
67442,738349.6360540125,5.991479361155539,6.092718761261105,5.673325120826978,5.790173405185819
67443,738349.6368931495,5.991479361155539,6.092718761261105,5.673325120826978,5.790173405185819
67444,738349.6380755279,5.9916512252637935,6.092840875819568,5.673496511591524,5.790292775657361
67445,738349.6465136611,5.9916512252637935,6.092840875819568,5.673496511591524,5.790292775657361
67446,738349.6470441084,5.9919587906929985,6.090545581912973,5.6738381097027535,5.7877594598077415
67447,738349.6537038648,5.992278365291313,6.093328996985723,5.674156805374818,5.790769935580241
67448,738349.659625215,6.004121790030062,6.1017814966499255,5.685968107865174,5.7990345237732
67451,738349.661573332,6.004491094346927,6.102046123219411,5.686336424516816,5.79929332484494
67452,738349.6658680984,6.005279601127178,6.102611344492557,5.687122825320677,5.799846114939115
67454,738349.6793953535,6.0060141892337064,6.103138176892654,5.687855454887254,5.800361374703907
67456,738349.6850854474,6.0062186332595005,6.103284845021176,5.6880593544170965,5.800504823497492
67457,738349.6946325128,6.006366326475903,6.103168298618869,5.688258772872569,5.800391059910418
67458,738349.6971655336,6.007207032488294,6.104180825799284,5.6890972446095045,5.801381160756803
67460,738349.7028495793,6.008822936895387,6.105341701899939,5.690708866654737,5.8025166446413206
67461,738349.711364126,6.0112573271457865,6.107092877428267,5.693136835376556,5.804229641539674
67462,738349.7135679651,6.012033191114727,6.107651572716113,5.693910660274273,5.8047761879645705
67463,738349.7170792376,6.012033191114727,6.107651572716113,5.693910660274273,5.8047761879645705
67465,738349.7184500147,6.0131651524841505,6.108467192622782,5.6950396532119045,5.805574099596705
67466,738349.7190806357,6.013493861682653,6.108247099443288,5.695379468098032,5.805355735921203
67467,738349.7206774163,6.01371660524343,6.108879534681821,5.695601628916392,5.8059775014943265
67470,738349.730979446,6.015422062280672,6.110109951829295,5.69730263399676,5.807181290759213
67471,738349.7334782479,6.015422062280672,6.110109951829295,5.69730263399676,5.807181290759213
67472,738349.7351763092,6.015849403363271,6.1104184716303225,5.697728862269581,5.80748314534248
67473,738349.7413311049,6.016173294480258,6.110652361731382,5.698051910691061,5.807711985601534
67475,738349.7610032521,6.507693176549111,6.511610925105065,6.188805825416573,6.202982955396182
67479,738349.7659237626,6.508612054223646,6.5124284998863216,6.189723931912596,6.203793434352943
67480,738349.7668110689,6.508655789091281,6.5125120749998775,6.189796986458901,6.203876284854325
67481,738349.7689098233,6.508699711127148,6.512551160497496,6.189840871681467,6.203915031520664
67483,738349.7696539962,6.508699711127148,6.512551160497496,6.189840871681467,6.203915031520664
67484,738349.7701089467,6.508768517093384,6.512612390670641,6.189909619985386,6.203975730951614
67485,738349.7710024653,6.50885008742408,6.512773401232319,6.190013700398241,6.204135346230179
67486,738349.7730972705,6.509160050708028,6.512896332254062,6.190325899676033,6.204257381541797
67487,738349.7758560862,6.509275406354108,6.513155733430709,6.190441158779713,6.204514367273346
67488,738349.7768177863,6.509275406354108,6.513155733430709,6.190441158779713,6.204514367273346
67489,738349.778610056,6.50928322106391,6.513189725259764,6.190466709686506,6.204548064858934
67491,738349.7889785243,6.521748314393448,6.524301661071588,6.202921521279196,6.2155650258389015
67492,738349.7900585207,6.5250431173873205,6.527244546325606,6.206213655491293,6.218483158905965
67493,738349.7906358201,6.5260245761375755,6.527565078173628,6.2072335742936895,6.218504099736252
67494,738349.7909081535,6.527107487239572,6.529149763610258,6.208315614751852,6.220372440144758
67497,738349.7974463773,6.52949451463157,6.531284428613808,6.210700730654066,6.22248933206443
67498,738349.7984613287,6.52949451463157,6.531284428613808,6.210700730654066,6.22248933206443
67499,738349.8042086264,6.526041421144437,6.526601581046757,6.205857679557252,6.2189811619237405
67500,738349.8069691454,6.526041421144437,6.526601581046757,6.205857679557252,6.2189811619237405
67501,738349.8081474281,6.527448626201619,6.531430818957809,6.208928613347896,6.222634506743123
67502,738349.808335993,6.535081337654373,6.538265131051374,6.21655528491027,6.229412514831872
67503,738349.8090166616,6.5364247094291175,6.539469279191544,6.217897604586229,6.230606833416218
67504,738349.8150984697,6.536824953188593,6.539828117295171,6.218297535511964,6.230962747520412
67505,738349.8168563073,6.536824953188593,6.539828117295171,6.218297535511964,6.230962747520412
67506,738349.8177071271,6.536977024896893,6.539964465985272,6.218449488435296,6.231097985798595
67507,738349.8212205948,6.536977024896893,6.539964465985272,6.218449488435296,6.231097985798595
67508,738349.8217011106,6.537048135904922,6.540028226368236,6.218520543911955,6.231161227041167
67509,738349.8238013492,6.537048135904922,6.540028226368236,6.218520543911955,6.231161227041167
67510,738349.8249940777,6.555153903658203,6.556297163294241,6.236612464258023,6.247300141802574
67513,738349.8289404241,6.555673378305039,6.556223020952146,6.237133614963511,6.246929407890566
67516,738349.8365554492,6.555673378305039,6.556223020952146,6.237133614963511,6.246929407890566
67517,738349.8416449324,6.555814048515218,6.556894838683784,6.23727417995732,6.247893131947398
67518,738349.8430115673,6.555900762360556,6.556972931912275,6.237360828960716,6.247970613466685
67519,738349.8444046214,6.555942740588361,6.557010737450787,6.237402775803142,6.248008122911223
67520,738349.8446958238,6.556023643221928,6.557083599284107,6.237483617957717,6.248080414160876
67521,738349.848009996,6.55605335354355,6.557110357076832,6.237513306072132,6.248106962436196
67524,738349.8557677476,6.556410391153874,6.557431927510441,6.237870076930654,6.248426015928191
67525,738349.8569621679,6.556410391153874,6.557431927510441,6.237870076930654,6.248426015928191
67527,738349.8631574807,6.556410391153874,6.557431927510441,6.237870076930654,6.248426015928191
67528,738349.8658684648,6.556453606179185,6.557321435737143,6.237920243945999,6.248313180234922
67529,738349.8695928369,6.556487683320049,6.557512405353517,6.237954295641661,6.24850586415796
67530,738349.877545732,6.556565739462107,6.557582712537593,6.238032293507173,6.248575621392968
67531,738349.8786967896,6.556565739462107,6.557582712537593,6.238032293507173,6.248575621392968
67532,738349.8830824349,6.556565739462107,6.557582712537593,6.238032293507173,6.248575621392968
67533,738349.8871962712,6.557983682845211,6.558860108961956,6.239449180076765,6.249843041275436
67534,738349.88771134,6.557007506633081,6.558641074725333,6.239234946189449,6.2493285205783975
67536,738349.9008779336,6.557032466678862,6.522509178881148,6.239312114079021,6.208463741082164
67538,738349.9066061543,6.557032466678862,6.522509178881148,6.239312114079021,6.208463741082164
67539,738349.9111271407,6.557032466678862,6.522509178881148,6.239312114079021,6.208463741082164
67540,738349.9146328685,6.557032466678862,6.522509178881148,6.239312114079021,6.208463741082164
67542,738349.923749413,6.55706304838711,6.559313946803399,6.239342673057,6.250293341620186
67543,738349.9349330985,6.55706304838711,6.559313946803399,6.239342673057,6.250293341620186
67544,738349.9353694195,6.5571180555120385,6.5593635156178625,6.239397639301163,6.250342524286365
67545,738349.9360228173,6.5571180555120385,6.5593635156178625,6.239397639301163,6.250342524286365
67546,738349.9422820088,6.5571180555120385,6.5593635156178625,6.239397639301163,6.250342524286365
67547,738349.9500397927,6.5571180555120385,6.5593635156178625,6.239397639301163,6.250342524286365
67549,738349.9591352975,6.5571180555120385,6.5593635156178625,6.239397639301163,6.250342524286365
67550,738349.9688495037,6.5571180555120385,6.5593635156178625,6.239397639301163,6.250342524286365
67551,738349.9718986083,6.557161244183855,6.559242918171377,6.239440795879202,6.250219657451883
67552,738349.9721992811,6.558308801402623,6.560436689779351,6.240587501507988,6.251407348978195
67553,738349.9728719237,6.558492501270449,6.560602277366259,6.240771065262759,6.251571650088804
67554,738349.9748910469,6.558492501270449,6.560602277366259,6.240771065262759,6.251571650088804
67556,738349.9785353958,6.558492501270449,6.560602277366259,6.240771065262759,6.251571650088804
67559,738350.0150518331,6.558545466457976,6.560650021620462,6.24082399121623,6.251619023500689
67560,738350.0158025927,6.558813895690952,6.560891999823416,6.241092221683284,6.251859122816525
67561,738350.018694257,6.559449779287773,6.561465282199599,6.241727634911909,6.252427957972942
67562,738350.0197724054,6.559524428012746,6.561532587354523,6.241802228463744,6.252494741392245
67563,738350.0201086027,6.559524428012746,6.561532587354523,6.241802228463744,6.252494741392245
67565,738350.0337190949,6.55955590327321,6.561560966576593,6.241833680463571,6.252522900648509
67566,738350.0361933173,6.55955590327321,6.561560966576593,6.241833680463571,6.252522900648509
67567,738350.0378393631,6.55955590327321,6.561560966576593,6.241833680463571,6.252522900648509
67568,738350.0391157748,6.55955590327321,6.561560966576593,6.241833680463571,6.252522900648509
67569,738350.0458850886,6.55955590327321,6.561560966576593,6.241833680463571,6.252522900648509
67570,738350.0776207428,6.55955590327321,6.561560966576593,6.241833680463571,6.252522900648509
67574,738350.0848235321,6.55955590327321,6.561560966576593,6.241833680463571,6.252522900648509
67576,738350.088744208,6.55955590327321,6.561560966576593,6.241833680463571,6.252522900648509
67579,738350.1483963392,6.55955590327321,6.561560966576593,6.241833680463571,6.252522900648509
67580,738350.166557748,6.564513332271806,6.561673927911249,6.245890952367295,6.2526349865673625
67581,738350.1865583813,6.5597418313467175,6.5617286101131596,6.242019471168118,6.25268924508008
67582,738350.1990239891,6.5597418313467175,6.5617286101131596,6.242019471168118,6.25268924508008
67584,738350.237660739,6.561408824836304,6.563231983126269,6.243685235657278,6.254180990351954
67585,738350.2441369953,6.561451588931864,6.563270557243245,6.243727968286739,6.254219266645148
67586,738350.2445215668,6.561506043044099,6.563180534586118,6.243782382335764,6.254130104392424
67587,738350.2622607793,6.561869808587881,6.563647819813219,6.244145880377161,6.254593617822349
67591,738350.3350552162,6.566769831867861,6.563708196496925,6.248145788540207,6.254653528802887
67597,738350.3914661031,6.561979448485283,6.563746728341596,6.244255439692538,6.254691763473659
67598,738350.4234651146,6.561979448485283,6.563746728341596,6.244255439692538,6.254691763473659
67601,738350.4346274713,6.561884591851725,6.5637814646104,6.24423563668146,6.254726231864073
67604,738350.4681465391,6.561985852549131,6.563344740333135,6.244336822979947,6.2539956398545025
67609,738350.5371631415,6.562050471213186,6.563931113922144,6.244401394176016,6.254874727356633
67610,738350.5383385418,6.568391377800557,6.569655786720028,6.250737676978564,6.2605555569610365
67611,738350.5531460593,6.568084038068118,6.569378128466898,6.2508275491688705,6.260636193917059
67612,738350.5695174439,6.56699043071833,6.5337995025874775,6.250402560354504,6.220051475977737
67613,738350.5740038182,6.567083570412135,6.569562300651078,6.250495547593982,6.260818814399957
67614,738350.5759729637,6.567114407461657,6.569590160004516,6.250526334175529,6.260846439087493
67615,738350.5806007527,6.567128892919401,6.533958808061956,6.250552230428474,6.220209298084697
67616,738350.5815066341,6.5672474596138235,6.569729264863387,6.250670603125522,6.260984372456656
67617,738350.5829267069,6.567347195984602,6.5698193748536635,6.250770176349812,6.2610737237724505
67619,738350.6596002587,6.567347195984602,6.5698193748536635,6.250770176349812,6.2610737237724505
67622,738350.741148569,6.567376966668285,6.569846272509955,6.250799898342538,6.261100394996139
67628,738350.7829398934,6.567918347910608,6.570180179852908,6.251340394718587,6.2614282908949415
67630,738350.7953265304,6.56802171495781,6.570491801519756,6.251445009580598,6.261740493917025
67631,738350.7974174507,6.56802171495781,6.570491801519756,6.251445009580598,6.261740493917025
67632,738350.798607167,6.568157543670875,6.570614543772373,6.251580616547972,6.261862204586294
67635,738350.8050980865,6.569198429572949,6.571555267877933,6.252619805459459,6.262795031997647
67639,738350.8512849247,6.569198429572949,6.571555267877933,6.252619805459459,6.262795031997647
67641,738350.9161138987,6.569198429572949,6.571555267877933,6.252619805459459,6.262795031997647
67645,738351.0661931796,6.569198429572949,6.571555267877933,6.252619805459459,6.262795031997647
67646,738351.0699926927,6.569198429572949,6.571555267877933,6.252619805459459,6.262795031997647
67647,738351.0705308563,6.569198429572949,6.571555267877933,6.252619805459459,6.262795031997647
67653,738351.2587390536,6.569294333156354,6.571132213904492,6.252715552892297,6.262078630576219
67656,738351.2988503646,6.569344079596762,6.564508517893093,6.249297532557774,6.2602565855544645
67658,738351.325858358,6.570495307735311,6.572727653978897,6.253914574952098,6.263957600482234
67659,738351.3851826184,6.570495307735311,6.572727653978897,6.253914574952098,6.263957600482234
67660,738351.3893257543,6.570543232715999,6.572770984902268,6.253962422129155,6.264000569053791
67667,738351.4920107471,6.570582183706736,6.572806202414141,6.2540013098913665,6.264035492088094
67670,738351.5095636408,6.990864342828582,6.9664795852941435,6.673846333922044,6.655539032339669
67671,738351.5117733729,6.9911842739891,6.96688386541438,6.6741660676464445,6.655642517029028
67672,738351.5122965113,6.992330639935496,6.967889203480421,6.675311727339104,6.656943873343659
67673,738351.5132703709,6.992496090209944,6.967996013229235,6.675477075836623,6.657050468940185
67674,738351.515079073,6.9929309680843454,6.968466379297749,6.6759116863801,6.657519097572468
67675,738351.5169542533,6.99299165842092,6.968524730755223,6.675972339429988,6.657577251871619
67676,738351.5185066552,6.992918532090664,6.968544729951057,6.67599312739244,6.657597183500102
67677,738351.5201298103,6.992918532090664,6.968544729951057,6.67599312739244,6.657597183500102
67678,738351.5212347825,6.992918532090664,6.968544729951057,6.67599312739244,6.657597183500102
67679,738351.529232428,6.993209140902104,6.968872703286462,6.676334030583897,6.657924049218765
67681,738351.531247403,6.993223854535499,6.968886850388522,6.676348735185897,6.657938148562622
67682,738351.5320632253,6.993329210686243,6.968988150462391,6.6764540266767805,6.658039106710026
67683,738351.5365108569,6.993450144221783,6.969104429377803,6.676574886011527,6.65815499323763
67684,738351.5398114098,6.993460554949285,6.969114439464272,6.676585290352318,6.658164969549561
67685,738351.5527664179,6.993460554949285,6.969114439464272,6.676585290352318,6.658164969549561
67686,738351.5877725444,6.9934725077560165,6.969125932296782,6.676597235826502,6.658176423605627
67687,738351.6174987783,6.993511184025951,6.96910819608663,6.676635888371543,6.658155486500397
67688,738351.625527405,6.993511184025951,6.96910819608663,6.676635888371543,6.658155486500397
67689,738351.6338927,6.993591054324702,6.969239917552769,6.67671570968274,6.6582900243344385
67690,738351.6507192177,6.998679491175928,6.969253109252278,6.6808110578594775,6.658303171538485
67691,738351.6634389233,6.993676767724847,6.969322333706683,6.676801370521543,6.658372162521614
67693,738351.6843315414,6.993700604513316,6.969345253646331,6.676825192694612,6.658395005168031
67697,738351.7399156248,6.9943796459226135,6.969998196987531,6.67750381808981,6.659045748286015
67700,738351.7777771344,6.994396493922804,6.970014397955596,6.67752065577635,6.659061894703582
67702,738351.7966216492,6.9945990002875815,6.970209129135935,6.677723038206381,6.659255970360597
67703,738351.8007396321,6.9945990002875815,6.970209129135935,6.677723038206381,6.659255970360597
67704,738351.8058889317,6.9945990002875815,6.970209129135935,6.677723038206381,6.659255970360597
67705,738351.8067067317,6.9945990002875815,6.970209129135935,6.677723038206381,6.659255970360597
67707,738351.8248636576,6.994681470325212,6.970288433754646,6.677805457788547,6.659335008100201
67708,738351.8514704388,6.994712820450674,6.97031858073071,6.6778367887364025,6.659365053637185
67710,738351.8823499278,6.994712820450674,6.97031858073071,6.6778367887364025,6.659365053637185
67712,738351.9062939463,6.9953236473569085,6.970905982092398,6.67844724226145,6.659950479900202
67714,738351.941316759,4.669566449950189,4.667393763070465,4.3685364542862075,4.366363767406484
67715,738351.9525883895,7.000418613576637,6.9709251967068235,6.682549115687303,6.659969629951702
67717,738352.0019887504,7.000418613576637,6.9709251967068235,6.682549115687303,6.659969629951702
67718,738352.0048980567,7.000418613576637,6.9709251967068235,6.682549115687303,6.659969629951702
67720,738352.0065100419,7.000418613576637,6.9709251967068235,6.682549115687303,6.659969629951702
67721,738352.0081384472,7.000418613576637,6.9709251967068235,6.682549115687303,6.659969629951702
67722,738352.01476766,6.995357772132141,6.970938799098171,6.678481346192649,6.6599831866394466
67723,738352.0174770546,7.000157282760644,6.970984359304695,6.682468896205244,6.660028593775515
67724,738352.0211578339,6.99516492532318,6.9709966211765515,6.678425972060586,6.660040814453401
67725,738352.0228095228,6.995227368833359,6.971056672228062,6.678488377438648,6.660100663779105
67727,738352.0297900413,6.995245376070477,6.971073989597919,6.678506373680378,6.66011792298095
67728,738352.0332093249,6.995245376070477,6.971073989597919,6.678506373680378,6.66011792298095
67730,738352.0391675059,6.995265348371059,6.971093196780743,6.6785263337862215,6.660137065650697
67731,738352.0532767969,6.995265348371059,6.971093196780743,6.6785263337862215,6.660137065650697
67734,738352.0854453905,6.995265348371059,6.971093196780743,6.6785263337862215,6.660137065650697
67735,738352.1177215027,6.9952860215741355,6.971113078050864,6.678546994367189,6.660156880146613
67736,738352.1820269949,6.9952860215741355,6.971113078050864,6.678546994367189,6.660156880146613
67753,738352.5341109025,6.9952860215741355,6.971113078050864,6.678546994367189,6.660156880146613
67754,738352.5387725246,6.995319547491574,6.971145319760648,6.67858049981652,6.660189013574289
67755,738352.5406438572,6.998367490373928,6.966418370150385,6.681757240618168,6.65663722655987
67756,738352.550922825,6.99839122643082,6.971178106329309,6.681780962182887,6.660221690039179
67757,738352.5818619517,6.9937407782693075,6.962511796202812,6.6778683606886124,6.646245198710015
67758,738352.5879678089,6.993935860689681,6.971379313294198,6.6780633240525855,6.660422221492735
67759,738352.5904670676,6.993946578726352,6.971389621018553,6.678074035549719,6.660432494619406
67762,738352.6713252692,6.995004810157111,6.97240738870751,6.679131622101254,6.661446850216873
67763,738352.6723278442,6.995057173271173,6.9724577520670925,6.679183953346338,6.661497044938889
67764,738352.6725241677,6.9950800286201735,6.972479734639891,6.679206794786434,6.661518953910961
67765,738352.6730890847,6.9950800286201735,6.972479734639891,6.679206794786434,6.661518953910961
67766,738352.6734198033,6.9950800286201735,6.972479734639891,6.679206794786434,6.661518953910961
67768,738352.6773731333,6.995146700560334,6.972543860834006,6.679273426156741,6.661582865422826
67770,738352.6892769656,6.995146700560334,6.972543860834006,6.679273426156741,6.661582865422826
67771,738352.6897358515,6.996358146097031,6.973709114949059,6.680484135612273,6.662744223987617
67773,738352.6917162812,6.996580777791433,6.973923271353115,6.677337108795427,6.662957665579883
67772,738352.6917269331,7.024297615684488,6.965292869045432,6.707913859573902,6.6494875760280285
67774,738352.694878013,7.024297615684488,6.965292869045432,6.707913859573902,6.6494875760280285
67776,738352.7212487935,7.024297615684488,6.965292869045432,6.707913859573902,6.6494875760280285
67781,738352.7832463755,7.024297615684488,6.965292869045432,6.707913859573902,6.6494875760280285
67785,738352.8760564632,7.024297615684488,6.965292869045432,6.707913859573902,6.6494875760280285
67791,738352.9537289827,7.024297615684488,6.965292869045432,6.707913859573902,6.6494875760280285
67792,738352.9640471131,7.024297615684488,6.965292869045432,6.707913859573902,6.6494875760280285
67793,738352.9686944442,6.996111880713453,6.974022573967222,6.682242045073969,6.663341660754174
67795,738352.9906464143,6.996111880713453,6.974022573967222,6.682242045073969,6.663341660754174
67797,738353.0185565492,6.996111880713453,6.974022573967222,6.682242045073969,6.663341660754174
67798,738353.0266542287,6.991726647803124,6.974154444973474,6.678458736863242,6.6634730992618465
67799,738353.0931901025,6.991726647803124,6.974154444973474,6.678458736863242,6.6634730992618465
67803,738353.1524396725,6.991726647803124,6.974154444973474,6.678458736863242,6.6634730992618465
67806,738353.2453395105,6.991726647803124,6.974154444973474,6.678458736863242,6.6634730992618465
67815,738353.487371786,6.991726647803124,6.974154444973474,6.678458736863242,6.6634730992618465
67824,738353.65421755,7.000401976922779,6.9786975681582195,6.683576890894902,6.668384427088327
67826,738353.6591640345,7.000681908607986,6.978966973097396,6.683856413554121,6.668652721372293
67829,738353.7309597386,7.000704394020401,6.97205076079392,6.685194042654651,6.655123414688424
67830,738353.7637224067,7.000714208893922,6.978998059161043,6.685203843908281,6.668810973645669
67831,738353.791398396,7.000187847544255,6.979007836819959,6.684956812982668,6.66882071169329
67839,738353.9306373204,7.000187847544255,6.979007836819959,6.684956812982668,6.66882071169329
67840,738354.0060563287,7.000187847544255,6.979007836819959,6.684956812982668,6.66882071169329
67843,738354.081941974,7.000187847544255,6.979007836819959,6.684956812982668,6.66882071169329
67845,738354.1276718578,7.000187847544255,6.979007836819959,6.684956812982668,6.66882071169329
67867,738354.6742000169,7.000187847544255,6.979007836819959,6.684956812982668,6.66882071169329
67868,738354.7014317096,7.000232706298718,6.97905100944022,6.685001609492957,6.668863709423065
67870,738354.7584825853,7.000232706298718,6.97905100944022,6.685001609492957,6.668863709423065
67874,738354.798787282,7.005551783597048,6.9821062858580865,6.685046401383062,6.668906702896232
67876,738354.9054215444,7.0055720501696435,6.982125790771209,6.685066639349632,6.668926128356646
67886,738355.0964673809,7.032382014460836,7.007957572318898,6.711839905366252,6.694655743398302
67887,738355.0977183151,7.032382014460836,7.007957572318898,6.711839905366252,6.694655743398302
67889,738355.1070601316,7.032428781171791,7.008002683056755,6.711886610017846,6.694700680962106
67890,738355.1140726226,7.032428781171791,7.008002683056755,6.711886610017846,6.694700680962106
67891,738355.1158331234,7.032428781171791,7.008002683056755,6.711886610017846,6.694700680962106
67895,738355.1955132822,7.032456635937955,7.008029551588905,6.711914427823944,6.69472744635809
67904,738355.3357032783,7.032456635937955,7.008029551588905,6.711914427823944,6.69472744635809
67933,738355.6721570207,7.032477047459694,7.00804924045306,6.711934812263451,6.694747059649621
67935,738355.7495579073,7.032477047459694,7.00804924045306,6.711934812263451,6.694747059649621
67942,738355.7857114024,7.0385281721592055,7.013887567033568,6.717977964051295,6.700563126614398
67956,738356.0869598843,7.0385281721592055,7.013887567033568,6.717977964051295,6.700563126614398
67959,738356.1535548924,5.683369225764778,7.021070835245771,4.966061164313612,6.703636026567217
67963,738356.2907835911,5.683369225764778,7.021070835245771,4.966061164313612,6.703636026567217
67967,738356.3459027738,5.683369225764778,7.021070835245771,4.966061164313612,6.703636026567217
67975,738356.5262363402,7.055348879344828,7.030971713277889,6.7221932602345404,6.7051156892466235
67986,738356.8184069631,7.055348879344828,7.030971713277889,6.7221932602345404,6.7051156892466235
67990,738356.9393367438,7.055348879344828,7.030971713277889,6.7221932602345404,6.7051156892466235
67991,738356.9696721621,7.055359689617534,7.030982038867773,6.718030275328,6.705125973361174
67993,738357.0437457245,7.055359689617534,7.030982038867773,6.718030275328,6.705125973361174
68000,738357.3401995281,7.055373456143602,7.030995188182918,6.718044021641559,6.705139069860204
68025,738357.9044489531,7.055373456143602,7.030995188182918,6.718044021641559,6.705139069860204
68026,738357.914017266,7.055373456143602,7.030995188182918,6.718044021641559,6.705139069860204
68044,738358.3582796133,5.549155391654241,5.562035638020959,4.368748837538368,5.2983744976905855
68064,738358.6567008658,7.053424640908637,7.029629759227361,6.71734381688874,6.705177275683597
68065,738358.6765480962,7.053424640908637,7.029629759227361,6.71734381688874,6.705177275683597
68068,738358.7488319067,7.053424640908637,7.029629759227361,6.71734381688874,6.705177275683597
68073,738358.7988292341,7.053424640908637,7.029629759227361,6.71734381688874,6.705177275683597
68083,738359.0141702683,7.053435082629931,7.029639732856441,6.717354243280964,6.704697576961072
68086,738359.0431409928,7.053453865306699,7.029657673551131,6.71737299838457,6.704715489001201
68096,738359.3491997182,7.053643821348757,7.029839116276544,6.717562675636106,6.704896641995899
68106,738359.5169596726,7.053643821348757,7.029839116276544,6.717562675636106,6.704896641995899
68122,738359.8857461013,7.065137134522511,7.046080251295319,6.716108797902145,6.704832005006242
68125,738359.9788884755,7.065137134522511,7.046080251295319,6.716108797902145,6.704832005006242
68129,738360.1053693243,7.065137134522511,7.046080251295319,6.716108797902145,6.704832005006242
68135,738360.3133978609,7.065178681440706,7.046119937992889,6.7161502824536345,6.704850348593192
68136,738360.3347452711,5.813373200777266,7.038420619586248,5.245380722133574,6.709930693342434
68137,738360.3398453962,5.813373200777266,7.038420619586248,5.245380722133574,6.709930693342434
68138,738360.3409468953,5.8962553460508165,7.032664199575448,5.344506660938667,6.7137052485707205
68139,738360.3461248127,5.8962553460508165,7.032664199575448,5.344506660938667,6.7137052485707205
68140,738360.3776556745,5.908672805748047,7.044067117650275,5.3602996952915145,6.715771898526595
68141,738360.3836789302,5.908672805748047,7.044067117650275,5.3602996952915145,6.715771898526595
68142,738360.3845065322,5.909698712741648,7.044117865017234,5.361876520020979,6.71582256751312
68143,738360.3864029591,5.909698712741648,7.044117865017234,5.361876520020979,6.71582256751312
68145,738360.4089583544,5.909698712741648,7.044117865017234,5.361876520020979,6.71582256751312
68148,738360.4379045286,5.909698712741648,7.044117865017234,5.361876520020979,6.71582256751312
68154,738360.6117139632,5.909698712741648,7.044117865017234,5.361876520020979,6.71582256751312
68156,738360.629268196,5.915262299663557,7.044334276315347,5.372409923118859,6.71603864466182
68159,738360.6441241798,5.915262299663557,7.044334276315347,5.372409923118859,6.71603864466182
68162,738360.7089148128,5.915262299663557,7.044334276315347,5.372409923118859,6.71603864466182
68163,738360.7158574748,5.915262299663557,7.044334276315347,5.372409923118859,6.71603864466182
68166,738360.8431553831,5.919985376801109,7.0443273491601985,5.370660359857969,6.7178342634093875
68168,738360.8624892007,5.943301295857961,7.044290024220408,5.389290968913978,6.717846380741253
68170,738360.8775717507,5.943301295857961,7.044290024220408,5.389290968913978,6.717846380741253
68173,738360.9965150963,5.943301295857961,7.044290024220408,5.389290968913978,6.717846380741253
68177,738361.0226122597,5.943301295857961,7.044290024220408,5.389290968913978,6.717846380741253
68178,738361.0860843203,5.704198301257487,7.044300377369562,5.389437551507028,6.717856719117501
68186,738361.2562366021,5.704198301257487,7.044300377369562,5.389437551507028,6.717856719117501
68190,738361.3220030451,5.704198301257487,7.044300377369562,5.389437551507028,6.717856719117501
68193,738361.341113175,5.704198301257487,7.044300377369562,5.389437551507028,6.717856719117501
68194,738361.3436437948,5.704198301257487,7.044300377369562,5.389437551507028,6.717856719117501
68196,738361.3737426363,5.704198301257487,7.044300377369562,5.389437551507028,6.717856719117501
68206,738361.4571210687,5.704198301257487,7.044300377369562,5.389437551507028,6.717856719117501
68223,738361.8851603848,5.704198301257487,7.044300377369562,5.389437551507028,6.717856719117501
68225,738361.9016170736,5.704946429080293,7.044226498415139,5.391470884608325,6.717871322042775
68229,738361.9521685935,5.704946429080293,7.044226498415139,5.391470884608325,6.717871322042775
68234,738362.1077441116,5.704946429080293,7.044226498415139,5.391470884608325,6.717871322042775
68241,738362.2573392676,5.724228805829595,7.045116943972682,5.388491246287607,6.718760498381364
68242,738362.2576385508,7.591941051054348,7.647111955985405,7.255797371845667,7.329376252980631
68244,738362.2594324008,7.591951244370275,7.65794666520241,7.263975643163427,7.331122381762689
68245,738362.2598275158,7.592209304474874,7.658089970039324,7.2961853536328665,7.33126563679014
68246,738362.2605289962,7.5971441864603655,7.658086842388118,7.315536654192741,7.331270660629391
68248,738362.2620127373,7.5971441864603655,7.658086842388118,7.315536654192741,7.331270660629391
68249,738362.264291566,7.5971441864603655,7.658086842388118,7.315536654192741,7.331270660629391
68250,738362.2662879445,7.597148910588511,7.658092815232322,7.315544443146002,7.331276631397953
68251,738362.2667333574,7.600053755583345,7.6581419233905,7.315608481945742,7.331325722491476
68252,738362.2675634744,7.617088761692963,7.658146777691086,7.3156148120082625,7.331330575105341
68253,738362.2681664849,7.667375393330875,7.658164200393809,7.315637531231283,7.331347991754359
68254,738362.2707450874,7.661047214787257,7.65801790614609,7.314459829343088,7.33135131034919
68255,738362.2714580003,7.661033584411429,7.65803416520355,7.314452713473952,7.331367563757529
68257,738362.2746761543,7.661033584411429,7.65803416520355,7.314452713473952,7.331367563757529
68258,738362.2757075481,7.661033584411429,7.65803416520355,7.314452713473952,7.331367563757529
68259,738362.2759741993,7.661033584411429,7.65803416520355,7.314452713473952,7.331367563757529
68260,738362.2768023825,7.661033584411429,7.65803416520355,7.314452713473952,7.331367563757529
68261,738362.2788160142,7.661033584411429,7.65803416520355,7.314452713473952,7.331367563757529
68262,738362.2798533281,7.661036757382738,7.65803659788935,7.3144558856333255,7.331369995598123
68264,738362.2834432139,7.661036757382738,7.65803659788935,7.3144558856333255,7.331369995598123
68265,738362.2845723252,7.66104040041265,7.658039390969556,7.3144595277310245,7.331372787707916
68266,738362.2850517714,7.653422470679546,7.65805013275911,7.290022197510404,7.331383525765453
68268,738362.2874264244,7.653422470679546,7.65805013275911,7.290022197510404,7.331383525765453
68269,738362.2884390708,7.653422470679546,7.65805013275911,7.290022197510404,7.331383525765453
68270,738362.2890546037,7.653422470679546,7.65805013275911,7.290022197510404,7.331383525765453
68271,738362.2897346629,7.653422470679546,7.65805013275911,7.290022197510404,7.331383525765453
68272,738362.290147569,7.653422470679546,7.65805013275911,7.290022197510404,7.331383525765453
68273,738362.2912064648,7.653422470679546,7.65805013275911,7.290022197510404,7.331383525765453
68274,738362.2944015068,7.653422470679546,7.65805013275911,7.290022197510404,7.331383525765453
68275,738362.2951266733,7.653425331202748,7.658052325918382,7.3144763944461095,7.3313857181627675
68276,738362.2963693151,7.653425331202748,7.658052325918382,7.3144763944461095,7.3313857181627675
68279,738362.3060955969,7.653434273303803,7.658059181836904,7.314485334259097,7.331392571699402
68281,738362.3124701452,7.653434273303803,7.658059181836904,7.314485334259097,7.331392571699402
68282,738362.3162502407,7.653456222778334,7.658076010662331,7.314507278117487,7.331409394678303
68284,738362.3225530587,7.653456222778334,7.658076010662331,7.314507278117487,7.331409394678303
68286,738362.3292727293,7.653456222778334,7.658076010662331,7.314507278117487,7.331409394678303
68287,738362.34443745,7.653456222778334,7.658076010662331,7.314507278117487,7.331409394678303
68291,738362.3635530631,7.653456222778334,7.658076010662331,7.314507278117487,7.331409394678303
68292,738362.3666387713,7.653456222778334,7.658076010662331,7.314507278117487,7.331409394678303
68293,738362.3722767862,7.653456222778334,7.658076010662331,7.314507278117487,7.331409394678303
68294,738362.3745337614,7.65346277532129,7.658081034584225,7.31451382898392,7.331414416854874
68296,738362.3820299067,7.65346277532129,7.658081034584225,7.31451382898392,7.331414416854874
68297,738362.3835309054,7.65346277532129,7.658081034584225,7.31451382898392,7.331414416854874
68298,738362.3871586189,7.65346277532129,7.658081034584225,7.31451382898392,7.331414416854874
68302,738362.4169811207,7.65346277532129,7.658081034584225,7.31451382898392,7.331414416854874
68307,738362.4382721761,7.588537903150703,7.655233611064677,7.271475189953238,7.336165227946464
68309,738362.4453739666,7.588537903150703,7.655233611064677,7.271475189953238,7.336165227946464
68310,738362.4483016285,7.588537903150703,7.655233611064677,7.271475189953238,7.336165227946464
68313,738362.4601332259,7.588537903150703,7.655233611064677,7.271475189953238,7.336165227946464
68314,738362.4623134925,7.588537903150703,7.655233611064677,7.271475189953238,7.336165227946464
68320,738362.4910755517,7.588537903150703,7.655233611064677,7.271475189953238,7.336165227946464
68321,738362.5003673581,7.588537903150703,7.655233611064677,7.271475189953238,7.336165227946464
68323,738362.5238978424,7.588537903150703,7.655233611064677,7.271475189953238,7.336165227946464
68325,738362.5255176636,7.643892149726073,7.654391198185616,7.310835959504407,7.330705434015275
68326,738362.5263508344,7.643892149726073,7.654391198185616,7.310835959504407,7.330705434015275
68327,738362.5282182591,7.643149766248443,7.643039575761596,7.310848585974907,7.3289350738359
68331,738362.5558183731,7.643149766248443,7.643039575761596,7.310848585974907,7.3289350738359
68332,738362.5745390183,7.6431531655139056,7.654403585995592,7.3108519843706885,7.3307177194904485
68333,738362.5756016687,7.6431531655139056,7.654403585995592,7.3108519843706885,7.3307177194904485
68334,738362.5765763377,7.6431531655139056,7.654403585995592,7.3108519843706885,7.3307177194904485
68338,738362.6127307527,7.6431531655139056,7.654403585995592,7.3108519843706885,7.3307177194904485
68343,738362.6478701284,7.6431531655139056,7.654403585995592,7.3108519843706885,7.3307177194904485
68345,738362.6645846944,7.6431531655139056,7.654403585995592,7.3108519843706885,7.3307177194904485
68347,738362.677204234,7.6431531655139056,7.654403585995592,7.3108519843706885,7.3307177194904485
68348,738362.6852715297,7.643157347487547,7.65474037182917,7.310856165274407,7.3307209248006675
68349,738362.6934988766,7.643157347487547,7.65474037182917,7.310856165274407,7.3307209248006675
68350,738362.7274525453,7.643157347487547,7.65474037182917,7.310856165274407,7.3307209248006675
68351,738362.7279880197,7.643157347487547,7.65474037182917,7.310856165274407,7.3307209248006675
68352,738362.7295602662,7.643157347487547,7.65474037182917,7.310856165274407,7.3307209248006675
68353,738362.7402626269,7.643157347487547,7.65474037182917,7.310856165274407,7.3307209248006675
68357,738362.7545495561,7.643157347487547,7.65474037182917,7.310856165274407,7.3307209248006675
68358,738362.7643820813,7.6422142696616495,7.643039148281329,7.3108631841018665,7.32894626549752
68359,738362.7726108294,7.6422142696616495,7.643039148281329,7.3108631841018665,7.32894626549752
68360,738362.7730319587,7.6422142696616495,7.643039148281329,7.3108631841018665,7.32894626549752
68362,738362.7919744203,7.6422142696616495,7.643039148281329,7.3108631841018665,7.32894626549752
68364,738362.8206244569,7.6422142696616495,7.643039148281329,7.3108631841018665,7.32894626549752
68365,738362.8221032318,7.6422142696616495,7.643039148281329,7.3108631841018665,7.32894626549752
68366,738362.8280830848,7.64223035255337,7.65475822784083,7.310879262879078,7.330738632821666
68367,738362.8651636804,7.64223035255337,7.65475822784083,7.310879262879078,7.330738632821666
68368,738362.8725523879,7.642238139231145,7.654764245978342,7.310887047564831,7.330744601082202
68369,738362.8785264853,7.642238139231145,7.654764245978342,7.310887047564831,7.330744601082202
68372,738362.8992311024,7.642238139231145,7.654764245978342,7.310887047564831,7.330744601082202
68373,738362.9089293783,7.642238139231145,7.654764245978342,7.310887047564831,7.330744601082202
68374,738362.9181589035,7.642238139231145,7.654764245978342,7.310887047564831,7.330744601082202
68375,738362.9295795668,7.642238139231145,7.654764245978342,7.310887047564831,7.330744601082202
68376,738362.9487670982,7.642238139231145,7.654764245978342,7.310887047564831,7.330744601082202
68377,738362.957545404,7.642238139231145,7.654764245978342,7.310887047564831,7.330744601082202
68378,738362.9812416508,7.642246482651762,7.671860924480581,7.310895388851037,7.330750996097558
68379,738362.9838563348,7.642246482651762,7.671860924480581,7.310895388851037,7.330750996097558
68381,738363.0022980184,7.642246482651762,7.671860924480581,7.310895388851037,7.330750996097558
68384,738363.0171781274,7.642246482651762,7.671860924480581,7.310895388851037,7.330750996097558
68385,738363.027131857,7.642246482651762,7.671860924480581,7.310895388851037,7.330750996097558
68386,738363.0280071353,7.642246482651762,7.671860924480581,7.310895388851037,7.330750996097558
68388,738363.0417783051,7.642246482651762,7.671860924480581,7.310895388851037,7.330750996097558
68389,738363.0547344658,7.64225259681331,7.67184215358141,7.310901501448488,7.330755682461913
68390,738363.0621678272,7.6422894547018965,7.671876001101512,7.310943365879166,7.33078924207367
68391,738363.0693776001,7.639418568040975,7.671711435537441,7.309792796821573,7.330792676058966
68393,738363.0931975407,7.639418568040975,7.671711435537441,7.309792796821573,7.330792676058966
68394,738363.1336447183,7.639418568040975,7.671711435537441,7.309792796821573,7.330792676058966
68396,738363.1519930734,7.639418568040975,7.671711435537441,7.309792796821573,7.330792676058966
68398,738363.2049384159,6.01636979240503,7.532787370830107,5.300640617816702,7.223698708753971
68399,738363.2099453157,7.639335141215401,7.646329509817851,7.309620317347051,7.329380970406762
68400,738363.2223845373,7.639306593749094,7.642158866276826,7.284997298246818,7.328682479356933
68401,738363.2258077576,7.639306593749094,7.642158866276826,7.284997298246818,7.328682479356933
68402,738363.232028927,7.640701637882211,7.643951887668725,7.287314700050265,7.330460169360753
68403,738363.2334488713,7.640705259946498,7.648129757148082,7.3119470671648115,7.331165824432376
68404,738363.2386664164,7.640705259946498,7.648129757148082,7.3119470671648115,7.331165824432376
68406,738363.2407166711,7.640705259946498,7.648129757148082,7.3119470671648115,7.331165824432376
68407,738363.242409949,7.640705259946498,7.648129757148082,7.3119470671648115,7.331165824432376
68408,738363.2447512139,7.640705259946498,7.648129757148082,7.3119470671648115,7.331165824432376
68410,738363.247712744,7.640705259946498,7.648129757148082,7.3119470671648115,7.331165824432376
68412,738363.2579613724,7.065082539645455,7.683469999675703,6.725732424706567,7.338225477058404
68413,738363.2593050828,7.065226599227881,7.683502559960991,6.72587621142593,7.338257759565263
68414,738363.2634509692,7.065226599227881,7.683502559960991,6.72587621142593,7.338257759565263
68415,738363.2659602911,7.640621939992123,7.6481956279642995,7.311952182113484,7.331231133208443
68416,738363.2664219928,7.640621939992123,7.6481956279642995,7.311952182113484,7.331231133208443
68417,738363.2732504572,7.06540999039946,7.683547981442813,6.726059255367215,7.338302793581658
68420,738363.3071252708,7.065435592401719,7.683553770710156,6.726084808906639,7.338308533466863
68424,738363.3312296919,7.065435592401719,7.683553770710156,6.726084808906639,7.338308533466863
68429,738363.3875358471,7.678021943706356,7.658776011813127,7.311963117477764,7.331286368001613
68431,738363.3895341812,7.678021943706356,7.658776011813127,7.311963117477764,7.331286368001613
68432,738363.3920912297,7.6816400169141446,7.653751933767287,7.364893060183285,7.330362239880736
68433,738363.3941565449,7.643418520648331,7.653755172527615,7.30499174340934,7.330371231481231
68436,738363.3977259628,7.638338071708755,7.650011404042294,7.26907236856018,7.329793396071319
68437,738363.3977268182,7.638430277000644,7.650207554338348,7.305323327328986,7.329987771557655
68438,738363.4001732555,7.637416803378645,7.654082791933128,7.305114848870938,7.330707081787226
68440,738363.4083697945,7.637416803378645,7.654082791933128,7.305114848870938,7.330707081787226
68442,738363.4198574099,7.637416803378645,7.654082791933128,7.305114848870938,7.330707081787226
68443,738363.4217071558,7.637416803378645,7.654082791933128,7.305114848870938,7.330707081787226
68444,738363.4246905317,7.637416803378645,7.654082791933128,7.305114848870938,7.330707081787226
68448,738363.4543471396,7.63742209370993,7.654084273886082,7.305120137810535,7.330711141493629
68451,738363.5921746258,7.63742209370993,7.654084273886082,7.305120137810535,7.330711141493629
68452,738363.6100237478,7.63742209370993,7.654084273886082,7.305120137810535,7.330711141493629
68454,738363.6280357662,7.63742209370993,7.654084273886082,7.305120137810535,7.330711141493629
68457,738363.6518767097,7.660954212768463,7.6724176477002555,7.328646231172126,7.34888200178325
68458,738363.653598863,7.658104556222099,7.672234355417657,7.326411423926265,7.348886173546466
68461,738363.656501679,7.658104556222099,7.672234355417657,7.326411423926265,7.348886173546466
68463,738363.6586386185,7.657874903898991,7.672236616182727,7.326352863606602,7.348888413899422
68464,738363.6627643377,7.657874903898991,7.672236616182727,7.326352863606602,7.348888413899422
68465,738363.6640219757,7.657874903898991,7.672236616182727,7.326352863606602,7.348888413899422
68467,738363.6657293193,7.657874903898991,7.672236616182727,7.326352863606602,7.348888413899422
68468,738363.6682434195,7.657883031002436,7.67224298782109,7.326360988684915,7.348894728009767
68469,738363.6714268787,7.657883031002436,7.67224298782109,7.326360988684915,7.348894728009767
68471,738363.6795002035,7.657337198927073,7.672186997494131,7.325728335885985,7.348899686009867
68472,738363.6815644584,7.657337198927073,7.672186997494131,7.325728335885985,7.348899686009867
68473,738363.68601671,7.657337198927073,7.672186997494131,7.325728335885985,7.348899686009867
68474,738363.6866666236,7.657337198927073,7.672186997494131,7.325728335885985,7.348899686009867
68475,738363.7035350644,7.657337198927073,7.672186997494131,7.325728335885985,7.348899686009867
68476,738363.704149294,7.657389667482588,7.672228133522733,7.32578079136835,7.348940450655349
68477,738363.7078566578,7.657389667482588,7.672228133522733,7.32578079136835,7.348940450655349
68478,738363.7102106516,7.655338813887685,7.671817432694141,7.325786744721986,7.348945077244918
68479,738363.7206898791,7.655341798345378,7.671819772586906,7.325789728436126,7.348947396014003
68480,738363.7212768726,7.655341798345378,7.671819772586906,7.325789728436126,7.348947396014003
68481,738363.7221366353,7.656583437442402,7.670170419980275,7.294898541161088,7.3503639951323025
68482,738363.7229007425,7.65643089752385,7.6704005495790915,7.295227312925053,7.350592057720688
68483,738363.7241349136,7.656437234546545,7.674159346422913,7.328410704968194,7.351265905381901
68485,738363.7367454704,7.6564455882281255,7.674165905638891,7.328419056582783,7.351272405699595
68486,738363.7386108511,7.6564455882281255,7.674165905638891,7.328419056582783,7.351272405699595
68487,738363.739915434,7.6564455882281255,7.674165905638891,7.328419056582783,7.351272405699595
68489,738363.7568517078,7.6564455882281255,7.674165905638891,7.328419056582783,7.351272405699595
68490,738363.7692019579,7.6564455882281255,7.674165905638891,7.328419056582783,7.351272405699595
68491,738363.7858877861,7.6564455882281255,7.674165905638891,7.328419056582783,7.351272405699595
68492,738363.7861062231,7.655113463221703,7.674144002786545,7.3280053457203405,7.351275053772932
68493,738363.7900075602,7.655113463221703,7.674144002786545,7.3280053457203405,7.351275053772932
68494,738363.7903423114,7.6549162803825235,7.674152953167168,7.327950162885562,7.351283923785791
68496,738363.7937552341,7.6549162803825235,7.674152953167168,7.327950162885562,7.351283923785791
68497,738363.8205480356,7.653128582555349,7.674172570065489,7.327445212071059,7.351365000713687
68498,738363.8254009371,7.699716932749318,7.674175335342498,7.38576522651591,7.351367741166393
68499,738363.8274301934,7.645289089003382,7.670443054982088,7.3243489555149,7.350702975546598
68502,738363.8372735855,7.645289089003382,7.670443054982088,7.3243489555149,7.350702975546598
68503,738363.8404098621,7.645289089003382,7.670443054982088,7.3243489555149,7.350702975546598
68504,738363.8446246507,7.644533708466119,7.674118955896535,7.323752135236677,7.35137365953123
68505,738363.8464662114,7.64462114250828,7.670462596045618,7.323839547654447,7.350773323489545
68506,738363.8505097876,7.64462114250828,7.670462596045618,7.323839547654447,7.350773323489545
68507,738363.8532844654,7.64462114250828,7.670462596045618,7.323839547654447,7.350773323489545
68508,738363.8536821521,7.64462114250828,7.670462596045618,7.323839547654447,7.350773323489545
68509,738363.8585746544,7.64462114250828,7.670462596045618,7.323839547654447,7.350773323489545
68510,738363.8591268366,7.64462114250828,7.670462596045618,7.323839547654447,7.350773323489545
68512,738363.8829477902,7.64462114250828,7.670462596045618,7.323839547654447,7.350773323489545
68513,738363.8907885117,7.64462114250828,7.670462596045618,7.323839547654447,7.350773323489545
68514,738363.8971499847,7.64462114250828,7.670462596045618,7.323839547654447,7.350773323489545
68515,738363.8992648954,7.64463293568873,7.674196875817501,7.323851337918512,7.351450880027367
68516,738363.9098085396,7.64463293568873,7.674196875817501,7.323851337918512,7.351450880027367
68519,738363.9468861315,7.64463293568873,7.674196875817501,7.323851337918512,7.351450880027367
68520,738363.9489618225,7.64463293568873,7.674196875817501,7.323851337918512,7.351450880027367
68522,738363.9700299232,7.64463293568873,7.674196875817501,7.323851337918512,7.351450880027367
68524,738363.9925806621,7.64463293568873,7.674196875817501,7.323851337918512,7.351450880027367
68526,738364.0217283902,7.64463293568873,7.674196875817501,7.323851337918512,7.351450880027367
68527,738364.0300235188,7.64463293568873,7.674196875817501,7.323851337918512,7.351450880027367
68528,738364.0455920149,7.64463293568873,7.674196875817501,7.323851337918512,7.351450880027367
68529,738364.048068149,7.64463293568873,7.674196875817501,7.323851337918512,7.351450880027367
68530,738364.0495290552,7.64463293568873,7.674196875817501,7.323851337918512,7.351450880027367
68531,738364.0512461918,7.64463293568873,7.674196875817501,7.323851337918512,7.351450880027367
68533,738364.0700340702,7.64463293568873,7.674196875817501,7.323851337918512,7.351450880027367
68534,738364.0749243515,5.516641783188918,4.874053512388923,5.215611787524937,4.516216187186823
68535,738364.0888058537,5.516641783188918,4.874053512388923,5.215611787524937,4.516216187186823
68537,738364.1006783015,7.644672436434643,7.670502876510576,7.29445154203146,7.350813242432375
68538,738364.1018329234,7.644672436434643,7.670502876510576,7.29445154203146,7.350813242432375
68539,738364.103848009,7.644672436434643,7.670502876510576,7.29445154203146,7.350813242432375
68540,738364.1067242927,7.644672436434643,7.670502876510576,7.29445154203146,7.350813242432375
68541,738364.1281671094,7.644675297871164,7.674230142630358,7.323893689625682,7.351483848268523
68542,738364.1325828371,7.644675297871164,7.674230142630358,7.323893689625682,7.351483848268523
68543,738364.1337241727,7.644675297871164,7.674230142630358,7.323893689625682,7.351483848268523
68544,738364.1426473708,7.644675297871164,7.674230142630358,7.323893689625682,7.351483848268523
68546,738364.1509605135,7.644675297871164,7.674230142630358,7.323893689625682,7.351483848268523
68547,738364.1515414687,7.644675297871164,7.674230142630358,7.323893689625682,7.351483848268523
68548,738364.1517199874,7.644675297871164,7.674230142630358,7.323893689625682,7.351483848268523
68549,738364.1534549873,7.644675297871164,7.674230142630358,7.323893689625682,7.351483848268523
68550,738364.1809809791,7.644675297871164,7.674230142630358,7.323893689625682,7.351483848268523
68551,738364.2164340855,7.644685219380018,7.674237934043003,7.323903608681307,7.351491569756034
68552,738364.2247888736,7.644685219380018,7.674237934043003,7.323903608681307,7.351491569756034
68553,738364.2256803536,7.644685219380018,7.674237934043003,7.323903608681307,7.351491569756034
68554,738364.2344727671,7.644685219380018,7.674237934043003,7.323903608681307,7.351491569756034
68555,738364.2641514956,7.644685219380018,7.674237934043003,7.323903608681307,7.351491569756034
68556,738364.2659470451,7.644685219380018,7.674237934043003,7.323903608681307,7.351491569756034
68558,738364.307108844,7.644685219380018,7.674237934043003,7.323903608681307,7.351491569756034
68559,738364.3099861229,7.644685219380018,7.674237934043003,7.323903608681307,7.351491569756034
68560,738364.3568134137,7.644685219380018,7.674237934043003,7.323903608681307,7.351491569756034
68569,738364.3992268429,7.644706430429543,7.673988742036829,7.323924814486294,7.351508077543114
68573,738364.4320716425,7.644706430429543,7.673988742036829,7.323924814486294,7.351508077543114
68575,738364.4413404661,7.644706430429543,7.673988742036829,7.323924814486294,7.351508077543114
68577,738364.44707242,7.644706430429543,7.673988742036829,7.323924814486294,7.351508077543114
68580,738364.4606865982,7.644706430429543,7.673988742036829,7.323924814486294,7.351508077543114
68582,738364.4763480414,7.644706430429543,7.673988742036829,7.323924814486294,7.351508077543114
68586,738364.5233960953,7.644706430429543,7.673988742036829,7.323924814486294,7.351508077543114
68589,738364.5564729932,7.644706430429543,7.673988742036829,7.323924814486294,7.351508077543114
68590,738364.5618804314,7.644706430429543,7.673988742036829,7.323924814486294,7.351508077543114
68592,738364.6208797545,7.644520410275573,7.670252220412943,7.294452213595277,7.350843187267283
68594,738364.6433809025,7.644520410275573,7.670252220412943,7.294452213595277,7.350843187267283
68596,738364.7168294635,7.644520410275573,7.670252220412943,7.294452213595277,7.350843187267283
68598,738364.7376112506,7.644520410275573,7.670252220412943,7.294452213595277,7.350843187267283
68599,738364.7435956794,7.644527195179105,7.6623064414719835,7.3236636513887605,7.350848467727029
68601,738364.7467873469,7.644527195179105,7.6623064414719835,7.3236636513887605,7.350848467727029
68603,738364.7726749083,7.644527195179105,7.6623064414719835,7.3236636513887605,7.350848467727029
68604,738364.7777880877,7.644527195179105,7.6623064414719835,7.3236636513887605,7.350848467727029
68605,738364.7813795457,7.64453026094333,7.646717053969342,7.323666716395,7.351519232859671
68607,738364.798198083,7.64453026094333,7.646717053969342,7.323666716395,7.351519232859671
68608,738364.7995280322,7.64453026094333,7.646717053969342,7.323666716395,7.351519232859671
68612,738364.8813194995,7.64453026094333,7.646717053969342,7.323666716395,7.351519232859671
68613,738364.8825809498,7.64453026094333,7.646717053969342,7.323666716395,7.351519232859671
68614,738364.8944615659,7.64453026094333,7.646717053969342,7.323666716395,7.351519232859671
68615,738364.9151303234,7.64453026094333,7.646717053969342,7.323666716395,7.351519232859671
68616,738364.9292727546,7.64453026094333,7.646717053969342,7.323666716395,7.351519232859671
68617,738364.9379078058,7.64453026094333,7.646717053969342,7.323666716395,7.351519232859671
68618,738364.9465546936,7.64453026094333,7.646717053969342,7.323666716395,7.351519232859671
68619,738364.9530077137,7.64453026094333,7.646717053969342,7.323666716395,7.351519232859671
68620,738364.9579764341,7.64453026094333,7.646717053969342,7.323666716395,7.351519232859671
68621,738364.9619706395,7.64453026094333,7.646717053969342,7.323666716395,7.351519232859671
68623,738364.9668358582,7.64453026094333,7.646717053969342,7.323666716395,7.351519232859671
68624,738365.0008734077,7.64453026094333,7.646717053969342,7.323666716395,7.351519232859671
68625,738365.0028810046,7.64453026094333,7.646717053969342,7.323666716395,7.351519232859671
68628,738365.0231532645,7.64453026094333,7.646717053969342,7.323666716395,7.351519232859671
68629,738365.0244060438,7.64453026094333,7.646717053969342,7.323666716395,7.351519232859671
68630,738365.0250828578,7.64453026094333,7.646717053969342,7.323666716395,7.351519232859671
68631,738365.02645712,7.64453026094333,7.646717053969342,7.323666716395,7.351519232859671
68632,738365.0401921143,7.64453026094333,7.646717053969342,7.323666716395,7.351519232859671
68633,738365.0420728237,7.64453026094333,7.646717053969342,7.323666716395,7.351519232859671
68634,738365.0440190902,7.64453026094333,7.646717053969342,7.323666716395,7.351519232859671
68638,738365.0672210505,7.64453026094333,7.646717053969342,7.323666716395,7.351519232859671
68640,738365.0871798913,7.64453026094333,7.646717053969342,7.323666716395,7.351519232859671
68641,738365.0924842899,7.644539519271908,7.6435928153858015,7.323675972434567,7.3515264383882775
68644,738365.1153023357,7.644539519271908,7.6435928153858015,7.323675972434567,7.3515264383882775
68647,738365.1345519772,7.644539519271908,7.6435928153858015,7.323675972434567,7.3515264383882775
68649,738365.1955776641,7.644544491207279,7.6435827372942695,7.323680943140707,7.351530307936909
68656,738365.2664973646,7.644544491207279,7.6435827372942695,7.323680943140707,7.351530307936909
68658,738365.2762133951,7.644547664582324,7.643421544470566,7.323684115731192,7.351532777710483
68660,738365.2885617097,7.644547664582324,7.643421544470566,7.323684115731192,7.351532777710483
68661,738365.307762474,7.644547664582324,7.643421544470566,7.323684115731192,7.351532777710483
68662,738365.3281261973,7.644547664582324,7.643421544470566,7.323684115731192,7.351532777710483
68664,738365.3480571662,7.644547664582324,7.643421544470566,7.323684115731192,7.351532777710483
68667,738365.3869749889,7.644547664582324,7.643421544470566,7.323684115731192,7.351532777710483
68669,738365.3949327682,7.644547664582324,7.643421544470566,7.323684115731192,7.351532777710483
68673,738365.4336534698,7.6438239176713365,7.643405671002435,7.323384918986009,7.351535004375015
68674,738365.4377804284,5.518571941184497,7.572715155752221,5.501489989925743,7.2944319365884995
68676,738365.4644213947,5.518571941184497,7.572715155752221,5.501489989925743,7.2944319365884995
68679,738365.5503678609,7.670237756055618,7.6416681805238555,7.385774081881495,7.351414855166432
68682,738365.56673665,7.639840295503959,7.64166345816929,7.322840573949633,7.3514170062501805
68683,738365.5761167213,7.639846849272826,7.641867698785614,7.3228471260983135,7.35142210723103
68684,738365.5768248424,7.6706385976391855,7.641875007301243,7.38578817135049,7.35142883154186
68685,738365.5938892999,7.6706385976391855,7.641875007301243,7.38578817135049,7.35142883154186
68687,738365.6029912086,7.6322153820716885,7.641863776184723,7.316479779380197,7.351436823264859
68688,738365.6411214963,7.6322153820716885,7.641863776184723,7.316479779380197,7.351436823264859
68689,738365.6675029377,7.632223170772878,7.641870365396443,7.316487566156023,7.3514428855086225
68690,738365.7117268892,7.632223170772878,7.641870365396443,7.316487566156023,7.3514428855086225
68691,738365.7260769134,7.632223170772878,7.641870365396443,7.316487566156023,7.3514428855086225
68692,738365.7294889047,7.632228497475907,7.641874871777519,7.316492891542312,7.351447031499014
68693,738365.7315326927,7.632228497475907,7.641874871777519,7.316492891542312,7.351447031499014
68694,738365.7450566641,7.632228497475907,7.641874871777519,7.316492891542312,7.351447031499014
68695,738365.7468470422,7.632228497475907,7.641874871777519,7.316492891542312,7.351447031499014
68696,738365.7859102401,7.632228497475907,7.641874871777519,7.316492891542312,7.351447031499014
68697,738365.7956370482,7.632228497475907,7.641874871777519,7.316492891542312,7.351447031499014
68699,738365.8279094308,7.632228497475907,7.641874871777519,7.316492891542312,7.351447031499014
68700,738365.9022430151,7.632228497475907,7.641874871777519,7.316492891542312,7.351447031499014
68701,738365.9078509379,7.632228497475907,7.641874871777519,7.316492891542312,7.351447031499014
68703,738365.9319609238,7.632228497475907,7.641874871777519,7.316492891542312,7.351447031499014
68704,738365.9461621646,7.632228497475907,7.641874871777519,7.316492891542312,7.351447031499014
68705,738365.952398691,7.632228497475907,7.641874871777519,7.316492891542312,7.351447031499014
68708,738366.0189933004,7.632228497475907,7.641874871777519,7.316492891542312,7.351447031499014
68709,738366.0221503278,7.632228497475907,7.641874871777519,7.316492891542312,7.351447031499014
68710,738366.0232678296,7.632228497475907,7.641874871777519,7.316492891542312,7.351447031499014
68711,738366.0262975531,7.632228497475907,7.641874871777519,7.316492891542312,7.351447031499014
68712,738366.0969767604,7.632228497475907,7.641874871777519,7.316492891542312,7.351447031499014
68713,738366.0998487801,7.632228497475907,7.641874871777519,7.316492891542312,7.351447031499014
68714,738366.123648967,7.632228497475907,7.641874871777519,7.316492891542312,7.351447031499014
68717,738366.1723823444,7.632228497475907,7.641874871777519,7.316492891542312,7.351447031499014
68721,738366.2451564851,7.632228497475907,7.641874871777519,7.316492891542312,7.351447031499014
68727,738366.3007390667,7.632228497475907,7.641874871777519,7.316492891542312,7.351447031499014
68735,738366.4236660259,7.632228497475907,7.641874871777519,7.316492891542312,7.351447031499014
68736,738366.4308494619,7.632228497475907,7.641874871777519,7.316492891542312,7.351447031499014
68737,738366.4310410711,7.632228497475907,7.641874871777519,7.316492891542312,7.351447031499014
68739,738366.4379281014,7.632228497475907,7.641874871777519,7.316492891542312,7.351447031499014
68740,738366.4538331915,7.6322312609439065,7.64165738566072,7.316495654327199,7.351449182423398
68743,738366.4662889695,7.6322312609439065,7.64165738566072,7.316495654327199,7.351449182423398
68744,738366.4703264065,7.6322312609439065,7.64165738566072,7.316495654327199,7.351449182423398
68745,738366.4782854577,7.6322312609439065,7.64165738566072,7.316495654327199,7.351449182423398
68750,738366.5207291072,7.632236406715263,7.581056592321163,7.316500798826566,7.351453187603638
68755,738366.6503587668,7.6317686249767265,7.580947871604987,7.3162626671798865,7.35139710759133
68758,738366.7091446611,7.6317686249767265,7.580947871604987,7.3162626671798865,7.35139710759133
68759,738366.723410805,7.635273646616731,7.580731117332682,7.319766825906843,7.353443398336452
68760,738366.7257996696,7.635273646616731,7.580731117332682,7.319766825906843,7.353443398336452
68762,738366.7599683176,7.635273646616731,7.580731117332682,7.319766825906843,7.353443398336452
68766,738366.7859646052,7.635163759553587,7.580585530378708,7.289854767604294,7.353460375907427
68765,738366.7859693231,7.656517031113029,7.58993654814904,7.300172191662034,7.3629617109780945
68767,738366.7880237413,7.656517031113029,7.58993654814904,7.300172191662034,7.3629617109780945
68768,738366.7891125447,7.656517031113029,7.58993654814904,7.300172191662034,7.3629617109780945
68769,738366.8019351272,7.630561656009068,7.611475981855428,7.320468575075109,7.379919526050363
68770,738366.8045997231,7.630561656009068,7.611475981855428,7.320468575075109,7.379919526050363
68771,738366.8075437613,7.630561656009068,7.611475981855428,7.320468575075109,7.379919526050363
68772,738366.8192373067,7.630561656009068,7.611475981855428,7.320468575075109,7.379919526050363
68773,738366.8247525061,7.630561656009068,7.611475981855428,7.320468575075109,7.379919526050363
68774,738366.8273182324,7.630561656009068,7.611475981855428,7.320468575075109,7.379919526050363
68775,738366.8282031213,7.630561656009068,7.611475981855428,7.320468575075109,7.379919526050363
68776,738366.8462801886,7.630561656009068,7.611475981855428,7.320468575075109,7.379919526050363
68778,738366.8735970291,7.630561656009068,7.611475981855428,7.320468575075109,7.379919526050363
68779,738366.880271717,7.630561656009068,7.611475981855428,7.320468575075109,7.379919526050363
68780,738366.8933166055,7.630561656009068,7.611475981855428,7.320468575075109,7.379919526050363
68781,738366.8937363398,7.651224586465322,7.614445909860686,7.337143010580071,7.380567585844171
68782,738366.9092237714,7.651235749193192,7.611334522228755,7.337154170783689,7.379935335611517
68783,738366.9140372295,7.651235749193192,7.611334522228755,7.337154170783689,7.379935335611517
68784,738366.9283850028,7.651235749193192,7.611334522228755,7.337154170783689,7.379935335611517
68785,738366.9327864468,7.651235749193192,7.611334522228755,7.337154170783689,7.379935335611517
68786,738366.957491715,7.651235749193192,7.611334522228755,7.337154170783689,7.379935335611517
68787,738366.9633815504,7.651239198747855,7.614320072860438,7.337157619558311,7.380579178192559
68789,738366.9729703544,7.651239198747855,7.614320072860438,7.337157619558311,7.380579178192559
68791,738366.9786220707,7.651239198747855,7.614320072860438,7.337157619558311,7.380579178192559
68792,738366.9824639078,7.651239198747855,7.614320072860438,7.337157619558311,7.380579178192559
68793,738366.9905525632,7.651239198747855,7.614320072860438,7.337157619558311,7.380579178192559
68796,738367.0514183166,7.651239198747855,7.614320072860438,7.337157619558311,7.380579178192559
68797,738367.0553815998,7.651489024030785,7.611538638603607,7.337407388365127,7.380136277195459
68799,738367.0640496816,7.651489024030785,7.611538638603607,7.337407388365127,7.380136277195459
68802,738367.075336099,7.651489024030785,7.611538638603607,7.337407388365127,7.380136277195459
68803,738367.1207866793,7.651489024030785,7.611538638603607,7.337407388365127,7.380136277195459
68804,738367.1294495619,7.651489024030785,7.611538638603607,7.337407388365127,7.380136277195459
68805,738367.1315421952,7.651489024030785,7.611538638603607,7.337407388365127,7.380136277195459
68806,738367.1367367532,7.651489024030785,7.611538638603607,7.337407388365127,7.380136277195459
68807,738367.1463311369,7.651489024030785,7.611538638603607,7.337407388365127,7.380136277195459
68808,738367.1807437756,7.651489024030785,7.611538638603607,7.337407388365127,7.380136277195459
68809,738367.1856694783,7.651489024030785,7.611538638603607,7.337407388365127,7.380136277195459
68812,738367.2315735712,7.651489024030785,7.611538638603607,7.337407388365127,7.380136277195459
68813,738367.2374797198,7.651489024030785,7.611538638603607,7.337407388365127,7.380136277195459
68817,738367.3296787778,7.651489024030785,7.611538638603607,7.337407388365127,7.380136277195459
68818,738367.3343027644,7.651489024030785,7.611538638603607,7.337407388365127,7.380136277195459
68819,738367.3479454364,7.651489024030785,7.611538638603607,7.337407388365127,7.380136277195459
68821,738367.3577278843,7.651489024030785,7.611538638603607,7.337407388365127,7.380136277195459
68822,738367.364430419,7.651496144488653,7.614527623041752,7.337414507213803,7.380783033885506
68829,738367.4564570913,7.651496144488653,7.614527623041752,7.337414507213803,7.380783033885506
68834,738367.5077131917,7.651754593651536,7.61179346117469,7.337672897986165,7.380346999137347
68835,738367.5124463835,7.651754593651536,7.61179346117469,7.337672897986165,7.380346999137347
68836,738367.5161360445,7.651754593651536,7.61179346117469,7.337672897986165,7.380346999137347
68837,738367.5202465638,7.651754593651536,7.61179346117469,7.337672897986165,7.380346999137347
68838,738367.5283266985,7.651763974480575,7.611802624775261,7.337682276696479,7.380354443045013
68847,738367.648788059,6.009051434470825,5.947616133145256,4.405885259102238,5.285850651319698
68848,738367.6555698122,6.009051434470825,5.947616133145256,4.405885259102238,5.285850651319698
68854,738367.7622617352,6.009051434470825,5.947616133145256,4.405885259102238,5.285850651319698
68856,738367.8211459366,7.651773036646293,7.6142118373962,7.319694962738055,7.380361634117391
68857,738367.831191922,7.651773036646293,7.6142118373962,7.319694962738055,7.380361634117391
68860,738367.8889093713,7.651773036646293,7.6142118373962,7.319694962738055,7.380361634117391
68862,738367.8958809362,7.651773036646293,7.6142118373962,7.319694962738055,7.380361634117391
68863,738367.9550191568,7.651776603010442,7.617233458990362,7.337694902374178,7.381005572595991
68864,738367.9688145895,7.651776603010442,7.617233458990362,7.337694902374178,7.381005572595991
68866,738368.009388816,6.554436999908985,5.9906062442668775,4.646616381552572,6.693162675866441
68868,738368.0266443945,7.651780294673507,7.61723468470284,7.337698593203492,7.381008502061042
68869,738368.0316665741,7.651780294673507,7.61723468470284,7.337698593203492,7.381008502061042
68870,738368.0586024661,7.651810647911975,7.614215509049407,7.327961796610609,7.380391480000034
68871,738368.0702207164,7.651810647911975,7.614215509049407,7.327961796610609,7.380391480000034
68872,738368.0809235306,7.68423539660173,7.648989376642326,7.370357755925758,7.406900916354028
68873,738368.0818045489,7.6842444073447345,7.648998208186408,7.3703667662649055,7.4069081755883035
68874,738368.084018307,7.6842444073447345,7.648998208186408,7.3703667662649055,7.4069081755883035
68875,738368.0892285196,7.684261775248896,7.649015230700955,7.3703841333906706,7.406922167600881
68876,738368.1008030054,7.684723632515499,7.649467908133859,7.370845969969114,7.407294291116994
68877,738368.1019641969,7.684723632515499,7.649467908133859,7.370845969969114,7.407294291116994
68878,738368.1022146291,7.684723632515499,7.649467908133859,7.370845969969114,7.407294291116994
68879,738368.1141914754,7.684723632515499,7.649467908133859,7.370845969969114,7.407294291116994
68881,738368.1294730905,7.684723632515499,7.649467908133859,7.370845969969114,7.407294291116994
68885,738368.1515850928,7.684723632515499,7.649467908133859,7.370845969969114,7.407294291116994
68886,738368.1554528243,7.684723632515499,7.649467908133859,7.370845969969114,7.407294291116994
68888,738368.170176645,7.684723632515499,7.649467908133859,7.370845969969114,7.407294291116994
68889,738368.194861748,7.6847403923024205,7.646465977972813,7.360812627132826,7.406666537706654
68893,738368.2450359983,7.6847403923024205,7.646465977972813,7.360812627132826,7.406666537706654
68896,738368.2551232146,7.6847403923024205,7.646465977972813,7.360812627132826,7.406666537706654
68899,738368.2859067898,7.6847403923024205,7.646465977972813,7.360812627132826,7.406666537706654
68900,738368.2939705449,7.69064653174881,7.655273928667419,7.377062544334487,7.4120634436285755
68901,738368.2972783896,7.69064653174881,7.655273928667419,7.377062544334487,7.4120634436285755
68904,738368.3404866627,7.69064653174881,7.655273928667419,7.377062544334487,7.4120634436285755
68916,738368.4803917669,6.014869973101255,7.653363752144401,6.723883559891369,7.413697656615149
68922,738368.6280225145,6.014869973101255,7.653363752144401,6.723883559891369,7.413697656615149
68927,738368.6810902028,5.9517781873237645,7.660185293060368,6.7239119189071666,7.413887843012851
68928,738368.7263197358,5.9517781873237645,7.660185293060368,6.7239119189071666,7.413887843012851
68929,738368.7403113317,7.69064968205233,7.654109641130514,7.377063683898401,7.4120872295041345
68935,738368.8244559747,7.69064968205233,7.654109641130514,7.377063683898401,7.4120872295041345
68941,738368.9674553762,7.69064968205233,7.654109641130514,7.377063683898401,7.4120872295041345
68942,738368.9996173594,7.69064968205233,7.654109641130514,7.377063683898401,7.4120872295041345
68943,738369.0149316125,7.710527736991775,7.673650825096477,7.396941512725741,7.42821663888091
68944,738369.0164621818,7.710527736991775,7.673650825096477,7.396941512725741,7.42821663888091
68945,738369.0187885582,7.710527736991775,7.673650825096477,7.396941512725741,7.42821663888091
68946,738369.0204626689,7.710527736991775,7.673650825096477,7.396941512725741,7.42821663888091
68949,738369.0323849192,7.710527736991775,7.673650825096477,7.396941512725741,7.42821663888091
68951,738369.0484472023,7.710527736991775,7.673650825096477,7.396941512725741,7.42821663888091
68952,738369.056885514,7.710527736991775,7.673650825096477,7.396941512725741,7.42821663888091
68953,738369.0596651906,7.7160955658756665,7.679128116486275,7.402509280109214,7.432759248696041
68954,738369.0642243584,7.7160955658756665,7.679128116486275,7.402509280109214,7.432759248696041
68955,738369.0668641183,7.7160955658756665,7.679128116486275,7.402509280109214,7.432759248696041
68956,738369.0718634457,7.7160955658756665,7.679128116486275,7.402509280109214,7.432759248696041
68957,738369.0791526939,7.7160955658756665,7.679128116486275,7.402509280109214,7.432759248696041
68958,738369.0849357521,7.7160955658756665,7.679128116486275,7.402509280109214,7.432759248696041
68959,738369.0981372696,7.7160955658756665,7.679128116486275,7.402509280109214,7.432759248696041
68960,738369.1082767309,7.7160955658756665,7.679128116486275,7.402509280109214,7.432759248696041
68961,738369.1196300237,7.716115422024128,7.6791476517964306,7.4025291360397585,7.432775467842676
68962,738369.1594985004,7.716115422024128,7.6791476517964306,7.4025291360397585,7.432775467842676
68964,738369.1703955431,7.716115422024128,7.6791476517964306,7.4025291360397585,7.432775467842676
68965,738369.2007140826,7.716115422024128,7.6791476517964306,7.4025291360397585,7.432775467842676
68966,738369.2086566298,7.716115422024128,7.6791476517964306,7.4025291360397585,7.432775467842676
68967,738369.2252805379,7.716115422024128,7.6791476517964306,7.4025291360397585,7.432775467842676
68968,738369.2284847068,7.716115422024128,7.6791476517964306,7.4025291360397585,7.432775467842676
68969,738369.2345911314,7.716115422024128,7.6791476517964306,7.4025291360397585,7.432775467842676
68975,738369.3446849635,7.716115422024128,7.6791476517964306,7.4025291360397585,7.432775467842676
68980,738369.3819638016,7.716559708323757,7.679584763031381,7.402973417466053,7.433138410827506
68986,738369.4292891433,7.716559708323757,7.679584763031381,7.402973417466053,7.433138410827506
68992,738369.5076332144,7.716559708323757,7.679584763031381,7.402973417466053,7.433138410827506
68993,738369.5277575377,5.508320187872002,5.4924454527796005,5.207290192208021,4.52768668669699
68997,738369.5701539505,5.508320187872002,5.4924454527796005,5.207290192208021,4.52768668669699
68999,738369.6405031466,7.716562120669716,7.679587136438526,7.402975829785564,7.433140381688354
69002,738369.7662864035,7.716564617776624,7.679580775179464,7.402978326865096,7.433142421800102
69003,738369.7667069167,7.716564617776624,7.679580775179464,7.402978326865096,7.433142421800102
69004,738369.7690859636,7.716564617776624,7.679580775179464,7.402978326865096,7.433142421800102
69005,738369.7713935038,7.716564617776624,7.679580775179464,7.402978326865096,7.433142421800102
69006,738369.7888231024,7.716564617776624,7.679580775179464,7.402978326865096,7.433142421800102
69007,738369.8033376299,7.716567030095312,7.679574330418334,7.402980739157338,7.434606549412608
69008,738369.8232130862,7.717215827398751,7.680212688919221,7.403629529353249,7.435136685767022
69009,738369.8324388692,7.717215827398751,7.680212688919221,7.403629529353249,7.435136685767022
69011,738369.8690427585,7.717215827398751,7.680212688919221,7.403629529353249,7.435136685767022
69014,738369.8865127056,7.717215827398751,7.680212688919221,7.403629529353249,7.435136685767022
69019,738369.9938369053,7.717215827398751,7.680212688919221,7.403629529353249,7.435136685767022
69020,738370.0078775616,6.009806579837695,5.946019227221442,4.376070798462913,5.294841981369468
69021,738370.0084542844,6.009806579837695,5.946019227221442,4.376070798462913,5.294841981369468
69024,738370.0506554804,6.009806579837695,5.946019227221442,4.376070798462913,5.294841981369468
69025,738370.0887975798,6.009806579837695,5.946019227221442,4.376070798462913,5.294841981369468
69030,738370.123564295,6.009806579837695,5.946019227221442,4.376070798462913,5.294841981369468
69035,738370.166980844,6.009806579837695,5.946019227221442,4.376070798462913,5.294841981369468
69037,738370.1862718179,6.009806579837695,5.946019227221442,4.376070798462913,5.294841981369468
69039,738370.2633585135,6.009806579837695,5.946019227221442,4.376070798462913,5.294841981369468
69051,738370.4374400419,6.009806579837695,5.946019227221442,4.376070798462913,5.294841981369468
69052,738370.4506460382,7.717348175739845,7.6718705848454,7.393405472997573,7.434815200934092
69053,738370.4696367831,7.717348175739845,7.6718705848454,7.393405472997573,7.434815200934092
69056,738370.5168424076,7.717348175739845,7.6718705848454,7.393405472997573,7.434815200934092
69061,738370.6278789,7.717348175739845,7.6718705848454,7.393405472997573,7.434815200934092
69062,738370.6506649371,7.717348175739845,7.6718705848454,7.393405472997573,7.434815200934092
69063,738370.6588130349,7.717348175739845,7.6718705848454,7.393405472997573,7.434815200934092
69064,738370.6710961969,7.717348175739845,7.6718705848454,7.393405472997573,7.434815200934092
69069,738370.8148085345,7.717348175739845,7.6718705848454,7.393405472997573,7.434815200934092
69070,738370.83267562,7.717348175739845,7.6718705848454,7.393405472997573,7.434815200934092
69071,738370.8385878382,7.717348175739845,7.6718705848454,7.393405472997573,7.434815200934092
69078,738370.9307945401,7.717480483760954,7.673699343843354,7.404455571643387,7.439292694108606
69077,738370.9308086768,7.69716810029008,7.673822710516658,7.469348811496121,7.439393587413622
69080,738371.0428289456,7.69716810029008,7.673822710516658,7.469348811496121,7.439393587413622
69081,738371.0462257259,7.69716810029008,7.673822710516658,7.469348811496121,7.439393587413622
69082,738371.0587916604,7.69716810029008,7.673822710516658,7.469348811496121,7.439393587413622
69089,738371.262818254,7.69716810029008,7.673822710516658,7.469348811496121,7.439393587413622
69092,738371.302768215,7.69716810029008,7.673822710516658,7.469348811496121,7.439393587413622
69103,738371.4383559775,7.69716810029008,7.673822710516658,7.469348811496121,7.439393587413622
69104,738371.449747322,7.716589793342988,7.672809188035024,7.404580901208307,7.442104332999873
69105,738371.4515863771,7.716589793342988,7.672809188035024,7.404580901208307,7.442104332999873
69110,738371.5340750144,7.7165965917523645,7.673169719098693,7.4045876836870255,7.443464407086819
69112,738371.5523912867,7.716602311818544,7.670131844562993,7.404593390349612,7.440928612877561
69116,738371.6754368534,7.716602311818544,7.670131844562993,7.404593390349612,7.440928612877561
69130,738372.0549647184,7.716602311818544,7.670131844562993,7.404593390349612,7.440928612877561
69132,738372.1704962928,7.716602311818544,7.670131844562993,7.404593390349612,7.440928612877561
69140,738372.3177712333,7.716602311818544,7.670131844562993,7.404593390349612,7.440928612877561
69141,738372.3537668369,5.431682716048036,7.672705105785649,6.7427182990267625,7.4476968003708395
69150,738372.4040833549,5.43149956054301,7.672707056367011,6.742727168540713,7.447698393297935
69153,738372.454410275,7.716605603338919,7.675242071379673,7.404596674157184,7.445125260858566
69162,738372.7086040283,7.716605603338919,7.675242071379673,7.404596674157184,7.445125260858566
69164,738372.7224927042,7.716605603338919,7.675242071379673,7.404596674157184,7.445125260858566
69165,738372.7921128115,7.716605603338919,7.675242071379673,7.404596674157184,7.445125260858566
69168,738372.911611074,7.716605603338919,7.675242071379673,7.404596674157184,7.445125260858566
69171,738372.9793961815,7.716605603338919,7.675242071379673,7.404596674157184,7.445125260858566
69173,738373.018035662,7.716605603338919,7.675242071379673,7.404596674157184,7.445125260858566
69174,738373.0212203095,7.716605603338919,7.675242071379673,7.404596674157184,7.445125260858566
69179,738373.1008899213,7.716605603338919,7.675242071379673,7.404596674157184,7.445125260858566
69191,738373.334520284,7.716657767090719,7.672244100054341,7.393729031011663,7.442627170998916
69195,738373.4003644439,5.452816266620283,7.6758009671093355,6.73324037094742,7.449807965382853
69201,738373.4630723033,5.452816266620283,7.6758009671093355,6.73324037094742,7.449807965382853
69203,738373.5140056052,5.452816266620283,7.6758009671093355,6.73324037094742,7.449807965382853
69218,738373.9910781361,5.4547219043315005,7.675811414374841,6.737121051567558,7.448020832494486
69219,738373.999344694,5.4547219043315005,7.675811414374841,6.737121051567558,7.448020832494486
69220,738374.0125014376,6.583006358664906,4.616485948793393,4.02371167332098,5.269433173687253
69222,738374.0727557115,6.583006358664906,4.616485948793393,4.02371167332098,5.269433173687253
69223,738374.0739846156,6.583006358664906,4.616485948793393,4.02371167332098,5.269433173687253
69232,738374.3902060532,6.583006358664906,4.616485948793393,4.02371167332098,5.269433173687253
69234,738374.4171751934,6.583006358664906,4.616485948793393,4.02371167332098,5.269433173687253
69235,738374.4216274208,6.583006358664906,4.616485948793393,4.02371167332098,5.269433173687253
69236,738374.428650237,6.583006358664906,4.616485948793393,4.02371167332098,5.269433173687253
69238,738374.6925067297,7.715580348894303,7.67176605813388,7.404653859927523,7.448379316341722
69242,738374.8004970662,7.715580348894303,7.67176605813388,7.404653859927523,7.448379316341722
69252,738375.0904247236,7.715580348894303,7.67176605813388,7.404653859927523,7.448379316341722
69264,738375.3452721935,7.712672288953235,7.673369385616433,7.404656184364149,7.448381209117062
69274,738375.4291257644,7.712672288953235,7.673369385616433,7.404656184364149,7.448381209117062
69289,738375.7798151487,5.477893753364924,4.599051819965471,5.176863757700943,5.266284481926805
69294,738375.8387063318,7.712755590040465,7.673452257811561,7.404919929627324,7.4485959875795045
69300,738375.9609044435,7.712755590040465,7.673452257811561,7.404919929627324,7.4485959875795045
69303,738376.0946179753,7.712755590040465,7.673452257811561,7.404919929627324,7.4485959875795045
69304,738376.1237762929,7.712755590040465,7.673452257811561,7.404919929627324,7.4485959875795045
69305,738376.1930558695,7.712755590040465,7.673452257811561,7.404919929627324,7.4485959875795045
69306,738376.2102787897,7.712755590040465,7.673452257811561,7.404919929627324,7.4485959875795045
69326,738376.6424507964,7.709789656246114,7.663045724406722,7.481797608399299,7.440703852797318
69328,738376.6477086773,7.707918211235676,7.673440098605215,7.399755894390537,7.448605879710502
69332,738376.731881513,7.707951719953352,7.673473434814889,7.399789085675053,7.4486329105750695
69333,738376.738915303,7.707951719953352,7.673473434814889,7.399789085675053,7.4486329105750695
69336,738376.8284215992,7.707953985327403,7.673475688526926,7.399791329589748,7.4486347380250875
69337,738376.8561087217,7.70795658631025,7.67347827612014,7.399793905934233,7.44863683620896
69343,738376.9100403338,7.70795658631025,7.67347827612014,7.399793905934233,7.44863683620896
69344,738376.9302035696,7.70795658631025,7.67347827612014,7.399793905934233,7.44863683620896
69345,738376.9514547891,7.707955063613015,7.673476761261609,7.399795793932974,7.448638373803141
69356,738377.1668941077,4.312280325344327,7.6523333512688065,5.24917962956198,7.35310798483815
69385,738377.9085208102,4.254850570615747,4.59901561293062,5.645110227188201,4.519049593992372
69387,738377.9821457141,4.254850570615747,4.59901561293062,5.645110227188201,4.519049593992372
69391,738378.0256124147,7.141509547305512,7.107498269066451,7.399799074879226,7.442867218122808
69400,738378.1481734259,7.141509547305512,7.107498269066451,7.399799074879226,7.442867218122808
69431,738378.8629702089,7.141509547305512,7.107498269066451,7.399799074879226,7.442867218122808
69433,738378.9609663603,7.141509547305512,7.107498269066451,7.399799074879226,7.442867218122808
69446,738379.4587514127,7.141509547305512,7.107498269066451,7.399799074879226,7.442867218122808
69454,738379.6708468236,7.141509547305512,7.107498269066451,7.399799074879226,7.442867218122808
69458,738379.7002797861,7.141509547305512,7.107498269066451,7.399799074879226,7.442867218122808
69460,738379.7968220653,7.141509547305512,7.107498269066451,7.399799074879226,7.442867218122808
69461,738379.8177356767,7.141509547305512,7.107498269066451,7.399799074879226,7.442867218122808
69464,738379.9096181196,7.141509547305512,7.107498269066451,7.399799074879226,7.442867218122808
69474,738380.1602355046,7.616531356389814,7.579796152899511,7.605998669785089,7.596211189911082
69475,738380.1610967745,7.617698373833352,7.580956060264917,7.606581809347017,7.596743662013323
69476,738380.1621164571,7.617698373833352,7.580956060264917,7.606581809347017,7.596743662013323
69477,738380.1627817767,7.617703700938952,7.580961354958535,7.60658447301222,7.599240139212854
69479,738380.1736621537,7.617703700938952,7.580961354958535,7.60658447301222,7.599240139212854
69480,738380.1797136647,7.617706280152805,7.580963918479686,7.606585762679438,7.599236116563993
69481,738380.1841743425,7.617706280152805,7.580963918479686,7.606585762679438,7.599236116563993
69482,738380.1848984389,7.617706280152805,7.580963918479686,7.606585762679438,7.599236116563993
69484,738380.1979866725,7.59674704286186,7.580966456099756,7.588688665093341,7.596742989717926
69487,738380.2651526466,7.59674704286186,7.580966456099756,7.588688665093341,7.596742989717926
69491,738380.3283273691,7.59674704286186,7.580966456099756,7.588688665093341,7.596742989717926
69492,738380.3456327613,7.6173113425988745,7.58096577877703,7.6065907710372525,7.599146798077799
69494,738380.359669444,7.6173113425988745,7.58096577877703,7.6065907710372525,7.599146798077799
69501,738380.5138929245,7.6173113425988745,7.58096577877703,7.6065907710372525,7.599146798077799
69503,738380.5179174995,7.6173113425988745,7.58096577877703,7.6065907710372525,7.599146798077799
69504,738380.5310296827,7.617312963944968,7.583481247391653,7.606593012187057,7.599317434589279
69509,738380.7534156388,7.617312963944968,7.583481247391653,7.606593012187057,7.599317434589279
69511,738380.7737477291,7.635099395411828,7.58439920548257,7.606594833853488,7.599159587707314
69512,738380.7794436945,6.600928542153893,7.576482156681558,6.583279311706398,7.590989865945917
69514,738380.8240437213,6.600928542153893,7.576482156681558,6.583279311706398,7.590989865945917
69518,738380.9261059298,7.635102256548688,7.579470309573942,7.606596264285528,7.5959223812772185
69523,738380.9882379099,7.635108373487601,7.579476387403633,7.606599322479198,7.595925176607037
69527,738381.1515705078,7.635108373487601,7.579476387403633,7.606599322479198,7.595925176607037
69528,738381.2066924148,7.635108373487601,7.579476387403633,7.606599322479198,7.595925176607037
69532,738381.2578367958,7.635108373487601,7.579476387403633,7.606599322479198,7.595925176607037
69533,738381.2697403298,7.635114490340359,7.579482465148268,7.606602380651333,7.593878046659493
69536,738381.4292552037,7.635114490340359,7.579482465148268,7.606602380651333,7.593878046659493
69544,738381.7119621114,7.635114490340359,7.579482465148268,7.606602380651333,7.593878046659493
69546,738381.8019976603,7.635114490340359,7.579482465148268,7.606602380651333,7.593878046659493
69554,738382.0366045462,7.635114490340359,7.579482465148268,7.606602380651333,7.593878046659493
69555,738382.0931820159,7.635114490340359,7.579482465148268,7.606602380651333,7.593878046659493
69574,738382.5156893133,7.635114490340359,7.579482465148268,7.606602380651333,7.593878046659493
69581,738382.8138705373,7.635114490340359,7.579482465148268,7.606602380651333,7.593878046659493
69585,738382.9586061725,7.609263344454706,7.541359138014745,7.60660386132604,7.565193034103246
69594,738383.0882477354,7.609263344454706,7.541359138014745,7.60660386132604,7.565193034103246
69595,738383.1409254378,7.609263344454706,7.541359138014745,7.60660386132604,7.565193034103246
69597,738383.1662633109,7.609263344454706,7.541359138014745,7.60660386132604,7.565193034103246
69624,738383.8704980105,7.590858862693967,7.524020965434774,7.620362062522546,7.578360143696102
69625,738383.892149471,7.590858862693967,7.524020965434774,7.620362062522546,7.578360143696102
69626,738383.8926700684,7.590282922736319,7.523552165896751,7.62037307018775,7.578371008193284
69628,738383.9327857998,7.593440991509697,7.526704043710607,7.621709730971392,7.579690310680307
69629,738383.9346839673,7.593440991509697,7.526704043710607,7.621709730971392,7.579690310680307
69630,738383.9482740281,7.593440991509697,7.526704043710607,7.621709730971392,7.579690310680307
69632,738383.9735221025,7.593440991509697,7.526704043710607,7.621709730971392,7.579690310680307
69635,738384.0082909422,7.593440991509697,7.526704043710607,7.621709730971392,7.579690310680307
69636,738384.0266083083,7.593440991509697,7.526704043710607,7.621709730971392,7.579690310680307
69637,738384.0269448103,7.593440991509697,7.526704043710607,7.621709730971392,7.579690310680307
69642,738384.068173094,7.593440991509697,7.526704043710607,7.621709730971392,7.579690310680307
69644,738384.0786743358,7.555989351242108,7.4895348153439585,7.62172070453185,7.579701141952782
69645,738384.0809969781,7.555989351242108,7.4895348153439585,7.62172070453185,7.579701141952782
69646,738384.105417622,7.555989351242108,7.4895348153439585,7.62172070453185,7.579701141952782
69647,738384.1063299434,7.555989351242108,7.4895348153439585,7.62172070453185,7.579701141952782
69656,738384.3657385388,7.555989351242108,7.4895348153439585,7.62172070453185,7.579701141952782
69676,738384.6336298737,7.555989351242108,7.4895348153439585,7.62172070453185,7.579701141952782
69679,738384.7263210053,7.555989351242108,7.4895348153439585,7.62172070453185,7.579701141952782
69682,738384.8099912413,7.555989351242108,7.4895348153439585,7.62172070453185,7.579701141952782
69683,738384.8458761574,7.555989351242108,7.4895348153439585,7.62172070453185,7.579701141952782
69684,738384.8969445103,7.555989351242108,7.4895348153439585,7.62172070453185,7.579701141952782
69685,738384.8998687188,7.555989351242108,7.4895348153439585,7.62172070453185,7.579701141952782
69686,738384.9494615755,7.555989351242108,7.4895348153439585,7.62172070453185,7.579701141952782
69692,738385.1505858246,7.555989351242108,7.4895348153439585,7.62172070453185,7.579701141952782
69703,738385.4137834134,7.555989351242108,7.4895348153439585,7.62172070453185,7.579701141952782
69705,738385.5457263336,7.5540286159082966,7.487589541601565,7.621732462606006,7.576337994616873
69706,738385.5610130517,7.5540286159082966,7.487589541601565,7.621732462606006,7.576337994616873
69708,738385.7357420943,7.5540286159082966,7.487589541601565,7.621732462606006,7.576337994616873
69711,738385.9089349022,7.554040218341463,7.487601052338644,7.6217369328176,7.575548313511063
69714,738386.0714975003,7.554040218341463,7.487601052338644,7.6217369328176,7.575548313511063
69717,738386.1436356832,7.554040218341463,7.487601052338644,7.6217369328176,7.575548313511063
69721,738386.2354171744,7.554040218341463,7.487601052338644,7.6217369328176,7.575548313511063
69740,738386.492448114,5.541942677687119,5.540957603596078,5.6411870969708175,5.148086330215425
69743,738386.6896795528,5.541942677687119,5.540957603596078,5.6411870969708175,5.148086330215425
69749,738386.9933799618,5.541942677687119,5.540957603596078,5.6411870969708175,5.148086330215425
69761,738387.2942993501,5.541942677687119,5.540957603596078,5.6411870969708175,5.148086330215425
69763,738387.3233893816,5.426164765875974,7.469445882924013,6.27989323254265,7.566073743022544
69765,738387.3323669201,5.426164765875974,7.469445882924013,6.27989323254265,7.566073743022544
69766,738387.3422203418,5.541342122566056,5.4447942493564945,5.64540857936821,5.147712743219598
69774,738387.4653124681,5.541342122566056,5.4447942493564945,5.64540857936821,5.147712743219598
69796,738387.9514130158,5.541342122566056,5.4447942493564945,5.64540857936821,5.147712743219598
69811,738388.2274710445,5.541342122566056,5.4447942493564945,5.64540857936821,5.147712743219598
69824,738388.7063763735,5.541342122566056,5.4447942493564945,5.64540857936821,5.147712743219598
69834,738388.8765928837,7.556936225014755,7.4843973483022594,7.6211181821165335,7.574599652369646
69876,738389.8016792666,6.4297486394572045,5.437804665745649,6.234751823721547,4.3039237248372135
69884,738390.0242775225,6.4297486394572045,5.437804665745649,6.234751823721547,4.3039237248372135
69892,738390.1663566872,6.4297486394572045,5.437804665745649,6.234751823721547,4.3039237248372135
69929,738390.8419980794,6.4297486394572045,5.437804665745649,6.234751823721547,4.3039237248372135
69957,738391.437545149,6.4297486394572045,5.437804665745649,6.234751823721547,4.3039237248372135
69961,738391.5640547334,6.4297486394572045,5.437804665745649,6.234751823721547,4.3039237248372135
69983,738392.2912540192,7.61928166558753,7.506772209331671,7.361572550157872,7.320174292301803
69984,738392.3040791242,7.61928166558753,7.506772209331671,7.361572550157872,7.320174292301803
69987,738392.3607012072,7.61928166558753,7.506772209331671,7.361572550157872,7.320174292301803
69998,738392.551802781,4.670754257869692,7.492145522958698,3.977823245945271,7.315744450441424
69999,738392.5650502046,4.670754257869692,7.492145522958698,3.977823245945271,7.315744450441424
70020,738393.5673692492,4.670754257869692,7.492145522958698,3.977823245945271,7.315744450441424
70026,738393.8537893371,4.670754257869692,7.492145522958698,3.977823245945271,7.315744450441424
70037,738394.3677331877,4.670754257869692,7.492145522958698,3.977823245945271,7.315744450441424
70070,738394.9837677486,4.670754257869692,7.492145522958698,3.977823245945271,7.315744450441424
70071,738394.9908178573,4.670754257869692,7.492145522958698,3.977823245945271,7.315744450441424
70082,738395.3113245795,6.602933690784139,6.462345437076095,7.346768134433003,7.298026277141421
70083,738395.3158678609,6.602933690784139,6.462345437076095,7.346768134433003,7.298026277141421
70084,738395.3176675679,6.58751340121221,6.462801923568302,7.3467811890962995,7.298039253213507
70088,738395.3854688656,6.58751340121221,6.462801923568302,7.3467811890962995,7.298039253213507
70095,738395.582792636,6.58751340121221,6.462801923568302,7.3467811890962995,7.298039253213507
70097,738395.6091493078,6.58751340121221,6.462801923568302,7.3467811890962995,7.298039253213507
70107,738395.7847708699,6.58751340121221,6.462801923568302,7.3467811890962995,7.298039253213507
70109,738395.8039838035,6.58751340121221,6.462801923568302,7.3467811890962995,7.298039253213507
70110,738395.8159402226,6.58751340121221,6.462801923568302,7.3467811890962995,7.298039253213507
70117,738395.914138821,6.58751340121221,6.462801923568302,7.3467811890962995,7.298039253213507
70129,738396.330160978,6.435526418772927,6.4444184035535885,6.258263586228113,7.289022694373584
70148,738396.7699513326,6.435526418772927,6.4444184035535885,6.258263586228113,7.289022694373584
70182,738397.7820990871,6.435526418772927,6.4444184035535885,6.258263586228113,7.289022694373584
70183,738397.7845654711,6.435526418772927,6.4444184035535885,6.258263586228113,7.289022694373584
70187,738397.8921723649,6.435526418772927,6.4444184035535885,6.258263586228113,7.289022694373584
70189,738397.945120717,6.512907226549182,6.465600509285635,7.341031780193115,7.262276536195271
70201,738398.1399488725,6.512907226549182,6.465600509285635,7.341031780193115,7.262276536195271
70207,738398.2918073385,6.514834709292456,6.465638717746572,7.300378100603793,7.222339402318866
70208,738398.3138267046,6.514834709292456,6.465638717746572,7.300378100603793,7.222339402318866
70238,738398.8366053844,6.514834709292456,6.465638717746572,7.300378100603793,7.222339402318866
70272,738399.48183409,6.514834709292456,6.465638717746572,7.300378100603793,7.222339402318866
70287,738399.7491584008,6.513206720391036,6.474468430531246,7.254248825935716,7.177101827587272
70293,738399.8203927191,6.513206720391036,6.474468430531246,7.254248825935716,7.177101827587272
70322,738399.9528103368,6.513206720391036,6.474468430531246,7.254248825935716,7.177101827587272
70328,738399.9891063276,6.513206720391036,6.474468430531246,7.254248825935716,7.177101827587272
70331,738400.0167628481,6.4302087307018185,6.448865246525907,5.089934560149869,7.131853300598631
70334,738400.031948994,6.4302087307018185,6.448865246525907,5.089934560149869,7.131853300598631
70336,738400.0359029043,6.4302087307018185,6.448865246525907,5.089934560149869,7.131853300598631
70337,738400.0399192456,6.4302087307018185,6.448865246525907,5.089934560149869,7.131853300598631
70348,738400.0753704823,6.4302087307018185,6.448865246525907,5.089934560149869,7.131853300598631
70352,738400.0883641866,6.4302087307018185,6.448865246525907,5.089934560149869,7.131853300598631
70362,738400.1274276467,5.529710296134083,6.464519961229955,5.303693600930396,7.1850428160653
70387,738400.3592069912,5.527876487160602,6.416977431291141,5.22684649149662,5.071454810739713
70388,738400.3602050162,5.026925935687079,6.4149434161484,5.232102605538974,5.071396663238335
70392,738400.3773937995,5.026925935687079,6.4149434161484,5.232102605538974,5.071396663238335
70399,738400.414796797,5.026925935687079,6.4149434161484,5.232102605538974,5.071396663238335
70400,738400.4238283659,5.026925935687079,6.4149434161484,5.232102605538974,5.071396663238335
70407,738400.5599779264,6.513188960595259,6.451979343053894,7.25300533059421,7.172985032610312
70416,738400.7435912056,6.513188960595259,6.451979343053894,7.25300533059421,7.172985032610312
70421,738400.9371988097,6.513188960595259,6.451979343053894,7.25300533059421,7.172985032610312
70422,738400.9735228696,6.513188960595259,6.451979343053894,7.25300533059421,7.172985032610312
70434,738401.3271236484,5.029008113231333,6.41055074803812,4.727978117567352,5.072395190481503
70460,738401.8865818023,5.029008113231333,6.41055074803812,4.727978117567352,5.072395190481503
70466,738401.9968752927,5.029008113231333,6.41055074803812,4.727978117567352,5.072395190481503
70482,738402.7475404997,5.029008113231333,6.41055074803812,4.727978117567352,5.072395190481503
70486,738402.9856660618,5.029008113231333,6.41055074803812,4.727978117567352,5.072395190481503
70488,738403.0498535963,5.029008113231333,6.41055074803812,4.727978117567352,5.072395190481503
70504,738403.1971186954,6.471874802784619,5.529015923475757,7.256398588257906,7.16946212804442
70507,738403.3371616949,6.471874802784619,5.529015923475757,7.256398588257906,7.16946212804442
70524,738403.7801093686,6.471874802784619,5.529015923475757,7.256398588257906,7.16946212804442
70549,738404.7169041893,6.471874802784619,5.529015923475757,7.256398588257906,7.16946212804442
70553,738404.8291363317,5.018975068416898,5.521296838790856,7.125691906049103,5.167674408299726
70562,738405.1051996435,6.43539332738682,4.992767194758554,4.313704436220041,7.162302146021396
70564,738405.1136534123,5.009779719104152,4.990839719466443,7.188577526245212,7.162065059916402
70569,738405.2626185026,5.009973946850248,4.988095455954952,7.19991507400912,7.162069166298711
70570,738405.3181615671,5.537833325811416,4.99112654274912,7.221980528637909,7.172842421659687
70581,738405.4943987398,5.537833325811416,4.99112654274912,7.221980528637909,7.172842421659687
70583,738405.5849887822,5.537833325811416,4.99112654274912,7.221980528637909,7.172842421659687
70594,738405.9795225326,6.43506467489378,5.027886287611693,4.3143127266309005,7.154878000130374
70598,738406.0830343404,5.02381300972837,4.996262845283031,7.2220996164226765,7.172449468334825
70602,738406.1238522149,5.019078320603708,4.995362089832278,7.222071090212899,7.17245328399162
70615,738406.4076162858,5.019078320603708,4.995362089832278,7.222071090212899,7.17245328399162
70616,738406.4134737849,5.019078320603708,4.995362089832278,7.222071090212899,7.17245328399162
70629,738406.8732693862,5.019078320603708,4.995362089832278,7.222071090212899,7.17245328399162
70630,738406.8850683189,5.019078320603708,4.995362089832278,7.222071090212899,7.17245328399162
70637,738407.0649071725,5.019078320603708,4.995362089832278,7.222071090212899,7.17245328399162
70640,738407.1364135674,5.005949468741999,5.003711505858002,7.206605428146952,7.165072632806642
70647,738407.3198172707,5.098309786405534,5.095806882731201,7.206948922186921,7.170395865524388
70649,738407.3250586444,5.098066150705811,5.099204379356319,7.206963171177462,7.170410106457597
70650,738407.3399519494,5.108972150304812,5.101286088849051,7.206872531912287,7.170418887113104
70672,738407.5992836138,5.541045146815923,5.102904468996218,4.3228875604978505,7.169723518497304
70673,738407.6053749416,5.541045146815923,5.102904468996218,4.3228875604978505,7.169723518497304
70674,738407.6722847619,5.119025744632965,5.112462508444457,7.206921933793481,7.170473141633891
70678,738407.7782530385,5.119025744632965,5.112462508444457,7.206921933793481,7.170473141633891
70685,738407.8913509577,5.119025744632965,5.112462508444457,7.206921933793481,7.170473141633891
70687,738407.9264644139,5.119025744632965,5.112462508444457,7.206921933793481,7.170473141633891
70697,738408.198365036,5.119025744632965,5.112462508444457,7.206921933793481,7.170473141633891
70731,738408.7730535843,5.119025744632965,5.112462508444457,7.206921933793481,7.170473141633891
70744,738409.0437121188,5.130862810166974,5.121479381906901,7.22732444236537,7.177479366950051
70745,738409.0444898349,5.141777764063705,5.133938492526589,7.22737922944797,7.177534124404415
70746,738409.0937212956,5.141777764063705,5.133938492526589,7.22737922944797,7.177534124404415
70748,738409.1046000915,5.182538073738556,5.141707793353795,7.227414194429173,7.177569070478905
70751,738409.1505593791,5.182538073738556,5.141707793353795,7.227414194429173,7.177569070478905
70755,738409.2373319042,5.182538073738556,5.141707793353795,7.227414194429173,7.177569070478905
70837,738409.9901656187,5.182538073738556,5.141707793353795,7.227414194429173,7.177569070478905
70839,738410.1917982401,5.182538073738556,5.141707793353795,7.227414194429173,7.177569070478905
70862,738410.8027460417,5.102304362831614,4.71310202779523,6.133256873301553,6.136301352048674
70866,738411.0362538105,5.529759623552107,4.781962951893757,6.127570532421783,6.12359412616053
70874,738411.1372589873,5.10289112582973,4.720942924629108,5.154811616259641,6.136328022595976
70890,738411.3889892411,5.10289112582973,4.720942924629108,5.154811616259641,6.136328022595976
70903,738411.7042211712,5.10289112582973,4.720942924629108,5.154811616259641,6.136328022595976
70909,738411.8906601233,4.721242459492473,4.785750654180219,6.157255407199977,6.130109448453276
70934,738412.4583074582,4.721242459492473,4.785750654180219,6.157255407199977,6.130109448453276
70937,738412.5731480292,4.721242459492473,4.785750654180219,6.157255407199977,6.130109448453276
70944,738412.7023033146,5.227513398000175,5.204895243249548,6.1950173872986705,6.160421606495656
70949,738412.8869142922,5.227513398000175,5.204895243249548,6.1950173872986705,6.160421606495656
70951,738412.9535184605,5.227513398000175,5.204895243249548,6.1950173872986705,6.160421606495656
70952,738412.9728897343,5.227513398000175,5.204895243249548,6.1950173872986705,6.160421606495656
70955,738413.0357558758,5.001102797296425,5.029117732442099,6.129161813024232,4.112673082645132
70956,738413.0362007119,5.238121950672738,5.215234115597294,6.19562824071643,6.161031213978425
70957,738413.0395689897,5.238121950672738,5.215234115597294,6.19562824071643,6.161031213978425
70966,738413.1535324531,5.238121950672738,5.215234115597294,6.19562824071643,6.161031213978425
70988,738413.3784779344,5.238121950672738,5.215234115597294,6.19562824071643,6.161031213978425
70991,738413.3978927005,4.998709686864306,5.218698732400924,6.131368548096833,6.1514875130502675
70992,738413.4145899173,4.998709686864306,5.218698732400924,6.131368548096833,6.1514875130502675
71017,738413.9824597191,4.998709686864306,5.218698732400924,6.131368548096833,6.1514875130502675
71029,738414.4041475762,5.2370820411023615,5.2185092859779125,5.1331886261057855,5.110023570482826
71030,738414.4046118569,5.2370820411023615,5.2185092859779125,5.1331886261057855,5.110023570482826
71049,738415.0045635375,5.2370820411023615,5.2185092859779125,5.1331886261057855,5.110023570482826
71052,738415.0342106177,5.2370820411023615,5.2185092859779125,5.1331886261057855,5.110023570482826
71053,738415.0859146285,5.2370820411023615,5.2185092859779125,5.1331886261057855,5.110023570482826
71066,738415.3502546154,5.022329901722778,4.36249723014735,6.141635254356756,4.097336252245122
71081,738415.6760050621,5.022329901722778,4.36249723014735,6.141635254356756,4.097336252245122
71087,738415.8983433511,5.022329901722778,4.36249723014735,6.141635254356756,4.097336252245122
71090,738415.9411895816,5.022329901722778,4.36249723014735,6.141635254356756,4.097336252245122
71092,738415.9831707155,5.022329901722778,4.36249723014735,6.141635254356756,4.097336252245122
71095,738416.039049061,5.022329901722778,4.36249723014735,6.141635254356756,4.097336252245122
71108,738416.3602000144,5.229282868033002,5.226039525361096,5.129455976274932,5.106531851791349
71122,738416.867873583,5.229282868033002,5.226039525361096,5.129455976274932,5.106531851791349
71125,738416.9010019404,5.229282868033002,5.226039525361096,5.129455976274932,5.106531851791349
71127,738416.9269937504,4.702993960954639,4.363879384188066,6.126286181921677,4.088089496431131
71132,738417.1627539971,4.702993960954639,4.363879384188066,6.126286181921677,4.088089496431131
71151,738417.6864878441,4.702993960954639,4.363879384188066,6.126286181921677,4.088089496431131
71152,738417.7056283937,4.7010697987492875,5.213312526792605,4.791524565376473,5.100059894339409
71153,738417.7065362204,4.7010697987492875,5.213312526792605,4.791524565376473,5.100059894339409
71187,738418.4713462858,4.390807193614605,5.22402088351844,3.885236537464715,5.1028337790284315
71213,738419.2069185021,4.390807193614605,5.22402088351844,3.885236537464715,5.1028337790284315
71255,738420.0147163194,4.390807193614605,5.22402088351844,3.885236537464715,5.1028337790284315
71276,738420.8013599624,4.390807193614605,5.22402088351844,3.885236537464715,5.1028337790284315
71317,738421.9439433675,5.227848039191253,5.211210239826611,5.120584619664818,5.095229613212251
71342,738422.7108886015,4.706125515795909,5.134202716047348,4.696697619638179,5.087605573695819
71349,738422.9547249817,4.706125515795909,5.134202716047348,4.696697619638179,5.087605573695819
71351,738423.1299048845,4.706125515795909,5.134202716047348,4.696697619638179,5.087605573695819
71359,738423.4353402986,4.706125515795909,5.134202716047348,4.696697619638179,5.087605573695819
71370,738423.60811851,4.706125515795909,5.134202716047348,4.696697619638179,5.087605573695819
71375,738423.7873689821,5.120879401317448,5.205720619600042,4.791830863347368,5.101801273268579
71377,738423.7908128125,5.120879401317448,5.205720619600042,4.791830863347368,5.101801273268579
71378,738423.8022188657,5.120879401317448,5.205720619600042,4.791830863347368,5.101801273268579
71379,738423.8149910186,5.120223108253816,5.205075268882765,4.792705861430017,5.1013066426788685
71381,738423.8484708419,5.120223108253816,5.205075268882765,4.792705861430017,5.1013066426788685
71382,738423.9191049049,5.146765003400329,5.232148077197488,4.8277670723242485,5.1197833537502495
71383,738423.919700075,5.148408922675416,5.171201914620811,4.421009728205259,5.123991727480459
71385,738423.924782928,5.148408922675416,5.171201914620811,4.421009728205259,5.123991727480459
71387,738423.9271519467,5.148408922675416,5.171201914620811,4.421009728205259,5.123991727480459
71388,738423.9307419095,5.148408922675416,5.171201914620811,4.421009728205259,5.123991727480459
71389,738423.9442241071,5.148408922675416,5.171201914620811,4.421009728205259,5.123991727480459
71392,738424.0136344742,5.148408922675416,5.171201914620811,4.421009728205259,5.123991727480459
71393,738424.0149039598,5.1459766602569985,5.1771081702237245,4.43521989246588,5.128773826557058
71394,738424.0170416707,5.2377224710415415,5.167660360957515,5.121321112187359,5.128206085196716
71399,738424.1495104564,5.139286994748039,5.189202476565317,4.438006569621129,5.1299820990515625
71405,738424.3026293177,5.136593040683719,5.179987200682049,4.43756844016956,5.130466914779912
71424,738424.6396020246,5.136593040683719,5.179987200682049,4.43756844016956,5.130466914779912
71430,738424.8778534262,5.136593040683719,5.179987200682049,4.43756844016956,5.130466914779912
71440,738425.056594525,5.136593040683719,5.179987200682049,4.43756844016956,5.130466914779912
71442,738425.0981116467,5.136593040683719,5.179987200682049,4.43756844016956,5.130466914779912
71464,738425.6756148724,5.136593040683719,5.179987200682049,4.43756844016956,5.130466914779912
71469,738425.8177101419,5.136593040683719,5.179987200682049,4.43756844016956,5.130466914779912
71475,738425.9319440334,5.136593040683719,5.179987200682049,4.43756844016956,5.130466914779912
71478,738425.9626089856,4.6960001645980345,5.119416660417941,4.694231874345582,4.945737718828538
71480,738426.0193984126,4.6960001645980345,5.119416660417941,4.694231874345582,4.945737718828538
71484,738426.1116551656,4.6960001645980345,5.119416660417941,4.694231874345582,4.945737718828538
71492,738426.2897534661,5.1512719152751,5.162858830970063,4.469435929601498,4.9778036455662455
71500,738426.3727684536,5.16294666563616,5.159342719882176,4.476268592107981,4.981045799787437
71504,738426.3993305942,5.16294666563616,5.159342719882176,4.476268592107981,4.981045799787437
71525,738426.7562715821,5.16294666563616,5.159342719882176,4.476268592107981,4.981045799787437
71528,738426.8394240277,5.16294666563616,5.159342719882176,4.476268592107981,4.981045799787437
71538,738427.1890407461,5.16294666563616,5.159342719882176,4.476268592107981,4.981045799787437
71563,738427.8858660657,5.16294666563616,5.159342719882176,4.476268592107981,4.981045799787437
71573,738428.1427376001,5.16294666563616,5.159342719882176,4.476268592107981,4.981045799787437
71608,738428.6904795283,5.16294666563616,5.159342719882176,4.476268592107981,4.981045799787437
71651,738429.8701524915,5.16294666563616,5.159342719882176,4.476268592107981,4.981045799787437
71653,738429.8722478368,5.16294666563616,5.159342719882176,4.476268592107981,4.981045799787437
71656,738430.0048418833,5.16294666563616,5.159342719882176,4.476268592107981,4.981045799787437
71664,738430.2110620409,5.16294666563616,5.159342719882176,4.476268592107981,4.981045799787437
71676,738430.575317502,5.134324550912512,4.507954433610354,4.926511356675289,4.976967390168122
71683,738430.8810886149,5.135318927070137,4.4940753808681375,4.941340847090208,4.982932295343143
71684,738430.8876166196,5.135318927070137,4.4940753808681375,4.941340847090208,4.982932295343143
71687,738430.973992697,5.135318927070137,4.4940753808681375,4.941340847090208,4.982932295343143
71690,738431.0541412696,5.135318927070137,4.4940753808681375,4.941340847090208,4.982932295343143
71707,738431.3985542945,5.135318927070137,4.4940753808681375,4.941340847090208,4.982932295343143
71712,738431.6172788062,5.099045075884133,4.4912049013091835,4.839562739100288,4.983356001309727
71714,738431.6295189838,5.095626276074531,4.484883521546028,4.9416768128830135,4.984575305041599
71755,738432.9959628902,5.095626276074531,4.484883521546028,4.9416768128830135,4.984575305041599
71757,738433.0407013717,5.095626276074531,4.484883521546028,4.9416768128830135,4.984575305041599
71773,738433.1745358832,5.095626276074531,4.484883521546028,4.9416768128830135,4.984575305041599
71853,738434.0008316974,5.095626276074531,4.484883521546028,4.9416768128830135,4.984575305041599
71876,738434.6717387468,4.488521780934477,4.4972169318771735,4.997624111697686,4.974677552812209
71877,738434.7141538525,4.565117336659169,4.51089660607439,4.323344869254825,4.522337855993389
71879,738434.7712262751,4.565117336659169,4.51089660607439,4.323344869254825,4.522337855993389
71888,738434.9827240405,4.565117336659169,4.51089660607439,4.323344869254825,4.522337855993389
71899,738435.2358545515,4.565117336659169,4.51089660607439,4.323344869254825,4.522337855993389
71935,738435.9012621691,4.565117336659169,4.51089660607439,4.323344869254825,4.522337855993389
71939,738436.0278373866,4.565117336659169,4.51089660607439,4.323344869254825,4.522337855993389
71978,738437.0368896644,4.494604302951397,5.135312865622731,4.193574307287416,4.8151543331993105
71979,738437.0603450494,4.511472475626049,4.5083020612849465,4.210442479962068,4.499381344158672
72043,738438.4438276008,4.511472475626049,4.5083020612849465,4.210442479962068,4.499381344158672
72079,738439.4205711212,4.489237330740146,4.515658124645001,4.323098110469528,4.867205819492172
72087,738439.5566700416,4.395531486024786,4.390537739050213,4.067601976964087,4.790870083369743
72094,738439.6499391968,4.395531486024786,4.390537739050213,4.067601976964087,4.790870083369743
72105,738439.6982388928,4.50243835186871,4.497930384320243,4.836198562250816,4.871454494045498
72119,738439.8510978129,4.637824044113369,4.638238079461727,4.864019670369092,4.904390797953863
72120,738439.8516282333,4.637824044113369,4.638238079461727,4.864019670369092,4.904390797953863
72121,738439.8611655144,4.637824044113369,4.638238079461727,4.864019670369092,4.904390797953863
72134,738440.0031906709,4.638209117468679,4.63796386181871,4.858557889554718,4.905113132258245
72138,738440.0554857131,4.638209117468679,4.63796386181871,4.858557889554718,4.905113132258245
72140,738440.0773888676,4.638209117468679,4.63796386181871,4.858557889554718,4.905113132258245
72141,738440.0785356219,4.636411383638001,4.637848898288455,4.85796616434962,4.905730107644665
72146,738440.1451516692,4.644949550770313,4.501788111938418,4.847138404394226,4.906691657666886
72197,738440.9239588605,4.644949550770313,4.501788111938418,4.847138404394226,4.906691657666886
72200,738440.9449998992,4.644949550770313,4.501788111938418,4.847138404394226,4.906691657666886
72207,738441.055256197,4.644949550770313,4.501788111938418,4.847138404394226,4.906691657666886
72240,738441.6073899193,4.492449332416304,4.47983997564144,4.379900920895263,4.900160372810903
72244,738441.6999676533,4.492449332416304,4.47983997564144,4.379900920895263,4.900160372810903
72251,738441.985235591,4.492449332416304,4.47983997564144,4.379900920895263,4.900160372810903
72252,738441.9923455309,4.492449332416304,4.47983997564144,4.379900920895263,4.900160372810903
72316,738443.2678130983,4.492449332416304,4.47983997564144,4.379900920895263,4.900160372810903
72346,738444.0063572159,4.489857762529772,4.499509799731592,4.090700198392478,4.0400541562880266
72350,738444.055844174,4.489857762529772,4.499509799731592,4.090700198392478,4.0400541562880266
72352,738444.1180660457,4.489857762529772,4.499509799731592,4.090700198392478,4.0400541562880266
72387,738444.4654052306,4.532687594081322,4.485829720796619,4.797808921663214,4.1584215491304155
72390,738444.515507746,4.532687594081322,4.485829720796619,4.797808921663214,4.1584215491304155
72397,738444.6930014362,4.538227943909208,4.493146541451277,4.808719224082379,4.364667126859268
72441,738445.8096699921,4.538227943909208,4.493146541451277,4.808719224082379,4.364667126859268
72499,738446.8109317485,4.538227943909208,4.493146541451277,4.808719224082379,4.364667126859268
72512,738447.1622212852,4.538227943909208,4.493146541451277,4.808719224082379,4.364667126859268
72536,738447.9942404937,4.509417328934487,4.510379079373617,4.2083873332705055,4.198875493506649
72538,738448.0714528272,4.4336166155599015,4.4890470155024,4.310033775911932,4.115096068731436
72543,738448.1624342374,4.4336166155599015,4.4890470155024,4.310033775911932,4.115096068731436
72547,738448.2597613467,4.4970414699769945,4.454460406694072,4.193533331151619,4.415726927324098
72552,738448.3104033791,4.49024925310762,4.437876170124606,4.18805760930605,4.420385518315799
72561,738448.4678652756,4.499067918242963,4.441260606574778,4.196232977278291,4.421324921262972
72562,738448.4800262103,4.874107514688564,4.839293306213419,4.572294386758685,4.674035886673926
72563,738448.4807660307,4.803256925880485,4.838757025207288,4.584483916113759,4.67695947259696
72564,738448.4826258947,7.461041546730461,7.444615623498498,7.171130517542513,7.14012754338003
72565,738448.4835382918,7.461774615535224,7.445394237608447,7.1971224509223,7.14090539692193
72567,738448.4856386937,7.466974276632588,7.4453961672678615,7.197136605196992,7.140919538630854
72568,738448.4866719798,7.473279139658696,7.4487726711517555,7.218334506356829,7.144591418103452
72569,738448.4876122212,7.473326236226669,7.435173556088084,7.218369247997516,7.132045889950608
72571,738448.4884474763,7.477530293047056,7.459904468117218,7.197268560053804,7.1533856512742515
72572,738448.4888845002,7.483183197944822,7.459732801120107,7.21844105577902,7.153279330865715
72573,738448.489754773,7.4834456324434635,7.450377844917794,7.2184510732048865,7.14640337174907
72574,738448.4903438509,7.47718791166099,7.448078083581576,7.21172727159109,7.1445967770651215
72575,738448.4909734918,7.474025493288102,7.444891526271672,7.190592926839438,7.1409939280172585
72576,738448.4915445292,7.4801489987466825,7.448100597115474,7.21174978388923,7.144619268635692
72577,738448.4921740567,7.496270760720838,7.458861219596051,7.190646909786857,7.15329884929545
72578,738448.4958475785,7.496718292943364,7.445392665334922,7.1910940396143115,7.141494596354979
72579,738448.4961142747,7.4968825478808325,7.445556787144356,7.191258146967146,7.141658558272262
72580,738448.4972004058,7.496916076799225,7.445590288893864,7.191291645766339,7.141692027390827
72581,738448.4974186011,7.496653877941631,7.44574318512694,7.191315359537972,7.141879751364085
72582,738448.49776019,7.496714182326495,7.44560608953967,7.191375609759899,7.14177591700061
72583,738448.4979508715,7.521263931337838,7.459155144255854,7.212468433405641,7.1539256613596445
72584,738448.4985141587,7.496250460318255,7.445546983402851,7.191397665352447,7.14179795305647
72585,738448.4986834993,7.5206427852613515,7.458786287962304,7.21250748158742,7.153964674799293
72586,738448.4996717552,7.496018423223542,7.445344716129169,7.191436710745544,7.141836963865867
72587,738448.5014101897,7.5206602442351675,7.450406693991419,7.2125249248827865,7.147144326032136
72588,738448.5032653527,7.520641212337888,7.458800362316476,7.212543540253513,7.154000701385873
72589,738448.503864185,7.5029760915434665,7.452376515210169,7.198479016571278,7.1488730826400255
72591,738448.5060656478,7.527675642535594,7.465829113027166,7.2195717046496934,7.1610226637248715
72592,738448.5064604634,7.5276819262286745,7.45560567621476,7.219577982790886,7.152509535316059
72593,738448.5066899138,7.5030063427625615,7.4524067423204805,7.198509241063538,7.148903280793851
72595,738448.5085312305,7.52045379394913,7.440702294931472,7.213259677585613,7.138894983454441
72596,738448.5091721385,7.496814097987285,7.4489769432280495,7.192844534277636,7.146671879376508
72597,738448.5103528064,7.52018778476533,7.456870772264574,7.213388866406235,7.1539785045769
72598,738448.5120971805,7.496351466272746,7.4488941377613855,7.192815650163779,7.146681119624395
72599,738448.5124408491,7.496351466272746,7.4488941377613855,7.192815650163779,7.146681119624395
72600,738448.5128402659,7.520197898786701,7.454943961579537,7.213398971497103,7.152201956837174
72601,738448.5132100523,7.496645330701249,7.449187768219217,7.193109255213936,7.146974469065133
72602,738448.5140033206,7.52030338684786,7.4627966667811165,7.213540202562672,7.159232807685463
72604,738448.5181189305,7.52030338684786,7.4627966667811165,7.213540202562672,7.159232807685463
72605,738448.5218951304,7.4964623316242545,7.4491639857951775,7.193035969185127,7.146953171240712
72606,738448.5267318974,7.496496419500627,7.457960550623569,7.1930700269861125,7.148021534215729
72607,738448.5280234858,7.5177232304151715,7.457060075221327,7.212179368105496,7.154182370007462
72608,738448.5287133598,7.496299793053377,7.449123821705281,7.192810669690923,7.146873915913789
72609,738448.5319669676,7.503203993847733,7.456022571480207,7.199708827516632,7.153766118491724
72610,738448.5329931186,7.503368273488289,7.456186722470097,7.199872964535704,7.153930114957643
72611,738448.5338092687,7.503368273488289,7.456186722470097,7.199872964535704,7.153930114957643
72612,738448.5355416886,7.503744382326206,7.456562536952712,7.20024874705279,7.154305575885941
72613,738448.5381823272,7.525197597288275,7.470143916222543,7.219652856574569,7.166511360004737
72614,738448.5385312706,7.525197597288275,7.470143916222543,7.219652856574569,7.166511360004737
72615,738448.5403313683,7.503806341809327,7.47017978814408,7.200312781287419,7.166547198196099
72616,738448.5429950596,7.523966545695728,7.472368298517353,7.218961244556403,7.168564862149177
72617,738448.543462039,7.502593331882477,7.456331180306892,7.199541193716376,7.154116730712232
72618,738448.5486480476,7.502616242022952,7.456354072528915,7.199564083992542,7.154139601412124
72619,738448.5493269357,7.523898145225597,7.469614547976488,7.218913976231691,7.166100417270235
72620,738448.550437605,7.502666777021906,7.456404568006835,7.199614575178671,7.154190049420711
72621,738448.5540205594,7.503761787164734,7.457498722921543,7.2007086372196705,7.155283177105178
72622,738448.5617344164,7.503977443846768,7.457714211424558,7.200924107459219,7.1554984636047525
72623,738448.5697374567,7.504041804866193,7.471019786102663,7.200988412854288,7.1675043364416515
72624,738448.5709826837,7.508522531459097,7.462255773911181,7.205465287131636,7.160035791947375
72625,738448.5802600964,7.50856609149484,7.46229930034021,7.205508809911096,7.160079278009914
72626,738448.5807621491,7.508584459299991,7.47555907455267,7.205527162007642,7.172039393336024
72627,738448.5921065224,7.508584459299991,7.47555907455267,7.205527162007642,7.172039393336024
72629,738448.5955558252,7.529794034599741,7.470151438222253,7.224844781062232,7.167321418372516
72630,738448.5965443362,7.508652591312709,7.462396862585566,7.205607610102658,7.160177994864771
72631,738448.6028892316,7.529912888686118,7.475696455682011,7.224963533518736,7.17217909820853
72633,738448.608549462,7.5087245694865485,7.4624687852480145,7.205679526736768,7.160249850850026
72636,738448.6148298242,7.5087245694865485,7.4624687852480145,7.205679526736768,7.160249850850026
72637,738448.6213301857,7.508743575283351,7.462487776388598,7.2056985162857385,7.160268824386374
72638,738448.6224389559,7.5087280658772775,7.475731661427509,7.205704804133396,7.172216891733016
72640,738448.6305571877,7.5087280658772775,7.475731661427509,7.205704804133396,7.172216891733016
72641,738448.6307625275,7.529957823260476,7.475745105890338,7.225014802468484,7.172230323733436
72642,738448.6332276564,7.529957823260476,7.475745105890338,7.225014802468484,7.172230323733436
72643,738448.6360437843,7.529957823260476,7.475745105890338,7.225014802468484,7.172230323733436
72644,738448.6368833993,7.508755447006046,7.4625200923943895,7.205732161855949,7.160302441587231
72645,738448.6384117664,7.529976692023469,7.47576396003285,7.225033655101616,7.1722491603996605
72646,738448.6462733014,7.529976692023469,7.47576396003285,7.225033655101616,7.1722491603996605
72647,738448.6488586062,7.529976692023469,7.47576396003285,7.225033655101616,7.1722491603996605
72649,738448.6549666176,7.529976692023469,7.47576396003285,7.225033655101616,7.1722491603996605
72653,738448.6616429444,7.529976692023469,7.47576396003285,7.225033655101616,7.1722491603996605
72654,738448.6626910566,7.499295472343918,7.4625317673881,7.197099542918548,7.160314105759781
72655,738448.6639712147,7.499295472343918,7.4625317673881,7.197099542918548,7.160314105759781
72656,738448.6659113955,7.522969818263653,7.470355488169888,7.218854444308217,7.167528557875452
72657,738448.6697556276,7.505935829706716,7.462722699075043,7.203211266429078,7.160504860519766
72658,738448.6709543499,7.523152683514768,7.47596512998213,7.2190371532808575,7.172450143927602
72659,738448.6715947385,7.505965245570728,7.462752092268769,7.203240657160892,7.160534226483175
72660,738448.6755933047,7.5059705374274825,7.476246306277041,7.203245944496593,7.172663331354177
72661,738448.680730372,7.505974415388998,7.476000193286333,7.203249819145039,7.172485174747965
72663,738448.7054881437,7.506399415495096,7.463185927764449,7.203674456338772,7.160967660280885
72664,738448.7096289598,7.506399415495096,7.463185927764449,7.203674456338772,7.160967660280885
72666,738448.718076195,7.7053065166289425,7.661889654474004,7.402508965647908,7.359585504532574
72667,738448.7204968552,7.705343994821913,7.661927114430927,7.4025464236238365,7.359622942571633
72668,738448.7208974888,7.705382786673358,7.661965887408785,7.402585194551443,7.359661692865367
72669,738448.7217494202,7.705386895511729,7.661969994248161,7.402589301173667,7.3596657973021555
72671,738448.7238272447,7.705395093605929,7.661978188353957,7.402597494846199,7.359673986614295
72672,738448.7240204064,7.702941618272064,7.651206439624992,7.391993520908059,7.34962049585926
72673,738448.7242726661,7.7029563648158685,7.661635460726831,7.400110131306505,7.359591664277034
72674,738448.7247145814,7.703013074145962,7.674676444308805,7.4001668100543485,7.371639926817333
72675,738448.7251652909,7.70303121330268,7.661710272805212,7.400184939429812,7.359666432596191
72676,738448.7261491388,7.70303121330268,7.661710272805212,7.400184939429812,7.359666432596191
72677,738448.7264511449,7.70303121330268,7.661710272805212,7.400184939429812,7.359666432596191
72678,738448.7273942566,7.703035769533793,7.661714826820248,7.400189493204112,7.359670983947726
72679,738448.7300708893,7.703046207076091,7.66172525928598,7.400199925118374,7.359681410311944
72680,738448.7304029736,7.703046207076091,7.66172525928598,7.400199925118374,7.359681410311944
72681,738448.7313322974,7.703496368141223,7.6621752015197755,7.40064984358035,7.36013108953258
72682,738448.7322829218,7.703498898264042,7.662177730413298,7.400652372340333,7.360133616948611
72683,738448.7329060785,7.718855071905543,7.67021808627882,7.414750676042492,7.367680286475641
72684,738448.7333974349,7.7188573530102875,7.670220366243511,7.414752955918521,7.367682565108282
72685,738448.7339451637,7.7188573530102875,7.670220366243511,7.414752955918521,7.367682565108282
72686,738448.7343809196,7.7188573530102875,7.670220366243511,7.414752955918521,7.367682565108282
72687,738448.7353294393,7.7188617498627075,7.6546209942119985,7.414757350402598,7.352923365398509
72688,738448.7357815778,7.70354870844044,7.662227516390147,7.400702155688366,7.360183373840031
72689,738448.7369307621,7.703586125686472,7.66239787952887,7.4007395527830395,7.3603436540507925
72690,738448.7379981988,7.703586125686472,7.66239787952887,7.4007395527830395,7.3603436540507925
72691,738448.7394812956,7.703586125686472,7.66239787952887,7.4007395527830395,7.3603436540507925
72692,738448.7399033743,7.703586125686472,7.66239787952887,7.4007395527830395,7.3603436540507925
72693,738448.7423691673,7.718940265319112,7.6546994682613665,7.414835823571088,7.353001793606096
72695,738448.7434563676,7.703753670514359,7.662432378915422,7.400907007399588,7.360388116717777
72696,738448.7437691962,7.7038257562812165,7.675488749096321,7.40097905436393,7.372451756924562
72697,738448.7444280431,7.70395099853026,7.662629611134841,7.401104229212553,7.360585233799341
72698,738448.7470355079,7.70395099853026,7.662629611134841,7.401104229212553,7.360585233799341
72700,738448.7502601846,7.703969734616217,7.655080524618944,7.401122955217161,7.353382627481604
72701,738448.7523181293,7.719330286094205,7.668769727620934,7.415225634396732,7.366307243924453
72702,738448.7537132298,7.719332203306456,7.670694979348602,7.415227550577407,7.368156901076949
72703,738448.7540259401,7.719332203306456,7.670694979348602,7.415227550577407,7.368156901076949
72704,738448.7558165736,7.719332203306456,7.670694979348602,7.415227550577407,7.368156901076949
72705,738448.756941485,7.719332203306456,7.670694979348602,7.415227550577407,7.368156901076949
72707,738448.7594753989,7.719332203306456,7.670694979348602,7.415227550577407,7.368156901076949
72709,738448.7613861626,7.719332203306456,7.670694979348602,7.415227550577407,7.368156901076949
72710,738448.764198622,7.719334644869912,7.67069741969315,7.415229990827161,7.368159339997311
72712,738448.765313314,7.719337648630353,7.670700421954026,7.415232992971415,7.3681623405060765
72715,738448.7699267427,7.719337648630353,7.670700421954026,7.415232992971415,7.3681623405060765
72716,738448.7713663949,7.704005253165341,7.662683839438645,7.4011584546559686,7.3606394304555565
72718,738448.7808159476,7.704005253165341,7.662683839438645,7.4011584546559686,7.3606394304555565
72720,738448.7840055395,7.704005253165341,7.662683839438645,7.4011584546559686,7.3606394304555565
72722,738448.7868981101,7.70400858460781,7.655119355073972,7.401161784306077,7.353421435276187
72723,738448.7875024264,7.70400858460781,7.655119355073972,7.401161784306077,7.353421435276187
72724,738448.7876609334,7.70400858460781,7.655119355073972,7.401161784306077,7.353421435276187
72725,738448.7964761383,7.704020135748583,7.675683038413202,7.401173329232285,7.372645932837529
72726,738448.7981533868,7.719375494643934,7.655134468193047,7.415270818622737,7.353436539576186
72727,738448.7991970575,7.704026232382719,7.675689132220455,7.4011794225864715,7.372652023088735
72729,738448.8037590015,7.704026232382719,7.675689132220455,7.4011794225864715,7.372652023088735
72733,738448.8146639599,7.704026232382719,7.675689132220455,7.4011794225864715,7.372652023088735
72734,738448.8174916956,7.704139096677174,7.662817618006575,7.401292226168985,7.360773130967321
72735,738448.8203478672,7.704139096677174,7.662817618006575,7.401292226168985,7.360773130967321
72736,738448.8212106037,7.719494457447111,7.670857152501569,7.4153897174320065,7.368318979603013
72737,738448.8230670821,7.719494457447111,7.670857152501569,7.4153897174320065,7.368318979603013
72738,738448.8252361133,7.719494457447111,7.670857152501569,7.4153897174320065,7.368318979603013
72739,738448.825470241,7.719494457447111,7.670857152501569,7.4153897174320065,7.368318979603013
72741,738448.8309929564,7.704176353630129,7.662854856885172,7.401329463084147,7.3608103481223175
72742,738448.8319221346,7.704245924606315,7.6629243941147385,7.401398996647788,7.360879844791764
72743,738448.835613293,7.704245924606315,7.6629243941147385,7.401398996647788,7.360879844791764
72744,738448.844301093,7.704266692044595,7.675929480417848,7.401419752919313,7.372892231070407
72745,738448.8472824239,7.704375664831345,7.663054071421436,7.401528667119608,7.361009446476787
72746,738448.8480834321,7.718872263231217,7.6703330294758985,7.414917893905796,7.368097556246006
72747,738448.8489984267,7.718872263231217,7.6703330294758985,7.414917893905796,7.368097556246006
72748,738448.8495859742,7.703635927835556,7.675636874636882,7.401168392188465,7.372861903618717
72749,738448.8504812849,7.703718572447785,7.675599799603393,7.401250992379497,7.372838354128512
72751,738448.856750584,7.703718572447785,7.675599799603393,7.401250992379497,7.372838354128512
72752,738448.8576084424,7.7188905000828765,7.675604834255805,7.415010229794554,7.372843385845954
72753,738448.8581188763,7.703729806199241,7.663074038486026,7.401262220093502,7.361145068620118
72754,738448.8624996619,7.703742170108496,7.662894383720921,7.401274577358096,7.360986382574683
72755,738448.8646457923,7.703742170108496,7.662894383720921,7.401274577358096,7.360986382574683
72756,738448.8697917082,7.703742170108496,7.662894383720921,7.401274577358096,7.360986382574683
72759,738448.8841704574,7.703742170108496,7.662894383720921,7.401274577358096,7.360986382574683
72760,738448.8863877532,7.703742170108496,7.662894383720921,7.401274577358096,7.360986382574683
72762,738448.9015725155,7.7187286037292715,7.684291340426817,7.415051790856209,7.373842074099548
72763,738448.9087224469,7.7187286037292715,7.684291340426817,7.415051790856209,7.373842074099548
72765,738448.9160432259,7.704180843857446,7.663475706812623,7.401868549303564,7.361580039778287
72767,738448.9188317305,7.704180843857446,7.663475706812623,7.401868549303564,7.361580039778287
72768,738448.9205623722,7.704180843857446,7.663475706812623,7.401868549303564,7.361580039778287
72769,738448.9250285366,7.719307767419439,7.663483583454629,7.41563064351074,7.361587911835211
72770,738448.9253779487,7.704191425448148,7.663486283280901,7.401879125215387,7.361590610089902
72771,738448.9256806278,7.719315675197821,7.669089137102072,7.415638547045177,7.366994781145965
72772,738448.9320580963,7.719315675197821,7.669089137102072,7.415638547045177,7.366994781145965
72774,738448.9375840131,7.7042188408748515,7.6635136854366985,7.401906525929554,7.36161799629534
72775,738448.9377668803,7.70424523480979,7.676257408245214,7.401932905701016,7.373519920817949
72776,738448.944028661,7.70424523480979,7.676257408245214,7.401932905701016,7.373519920817949
72780,738448.9557262906,7.719369668148158,7.676262794505703,7.41569251102064,7.373525303943422
72781,738448.959429661,7.719375246336248,7.676268369980693,7.415698086215446,7.373530876173307
72782,738448.9699063215,7.719375246336248,7.676268369980693,7.415698086215446,7.373530876173307
72783,738448.9752738158,7.719375246336248,7.676268369980693,7.415698086215446,7.373530876173307
72784,738448.9836861881,7.719375246336248,7.676268369980693,7.415698086215446,7.373530876173307
72785,738448.984588191,7.704260016472443,7.663554841104111,7.40194767943193,7.361659128008582
72786,738448.9873894227,7.719380973272698,7.671089046406773,7.415703810078834,7.36888304504742
72787,738448.9915044766,7.704267506326099,7.676279669461659,7.401955165266686,7.37354216907774
72788,738449.0054575243,7.704270501811282,7.663565321368045,7.401958159144572,7.361669602172964
72789,738449.0065399515,7.704270501811282,7.663565321368045,7.401958159144572,7.361669602172964
72791,738449.0136830949,7.704270501811282,7.663565321368045,7.401958159144572,7.361669602172964
72796,738449.0326042544,7.704270501811282,7.663565321368045,7.401958159144572,7.361669602172964
72799,738449.0558857605,7.704270501811282,7.663565321368045,7.401958159144572,7.361669602172964
72801,738449.0601079605,7.704270501811282,7.663565321368045,7.401958159144572,7.361669602172964
72802,738449.0728964912,7.704273110752976,7.663567929047031,7.401960766686388,7.361672208334294
72803,738449.0740746696,7.704273110752976,7.663567929047031,7.401960766686388,7.361672208334294
72804,738449.0974499983,7.704273110752976,7.663567929047031,7.401960766686388,7.361672208334294
72805,738449.1060875679,7.704273110752976,7.663567929047031,7.401960766686388,7.361672208334294
72806,738449.124140924,7.704294561990084,7.663589369902182,7.401982206413735,7.361693636711322
72807,738449.1298913172,7.719416308166865,7.6763094118408635,7.415739126013263,7.373571894147082
72808,738449.1319051873,7.719416308166865,7.6763094118408635,7.415739126013263,7.373571894147082
72809,738449.1394431586,7.719416308166865,7.6763094118408635,7.415739126013263,7.373571894147082
72810,738449.1455087011,7.719416308166865,7.6763094118408635,7.415739126013263,7.373571894147082
72815,738449.2005973989,7.719416308166865,7.6763094118408635,7.415739126013263,7.373571894147082
72816,738449.2232674612,7.719418917010193,7.669192326891679,7.4157417334568185,7.367097910876147
72817,738449.2594297776,7.719418917010193,7.669192326891679,7.4157417334568185,7.367097910876147
72818,738449.260078241,7.704316142768497,7.66361094023646,7.402003775613457,7.361715194492745
72819,738449.2633562105,7.7194390033411615,7.676332095978158,7.415761809010763,7.373594565083158
72820,738449.2747093557,7.70435474264374,7.67636686544037,7.402042354780218,7.3736293143123355
72821,738449.2778324353,7.70435474264374,7.67636686544037,7.402042354780218,7.3736293143123355
72823,738449.2805488093,7.70435474264374,7.67636686544037,7.402042354780218,7.3736293143123355
72826,738449.2989480811,7.70435474264374,7.67636686544037,7.402042354780218,7.3736293143123355
72828,738449.3058391783,7.70435474264374,7.67636686544037,7.402042354780218,7.3736293143123355
72831,738449.324618031,7.719490631321423,7.663666354482412,7.41581340929308,7.361770576493236
72832,738449.3261340884,7.7214634944740705,7.680750155205497,7.419142106671143,7.378844629677942
72833,738449.3301796806,7.72146618149681,7.680884792756425,7.419144792308042,7.37897056616408
72834,738449.3316361516,7.72146618149681,7.680884792756425,7.419144792308042,7.37897056616408
72835,738449.3323317418,7.72146618149681,7.680884792756425,7.419144792308042,7.37897056616408
72838,738449.3615036315,7.736600227082361,7.680767431157064,7.432914004813096,7.378861895965023
72837,738449.3615094521,7.7193997894100495,7.692297817495664,7.417088622940086,7.389886418056529
72839,738449.3621165975,7.7345300262511785,7.680150228682144,7.430876033162378,7.378404984773182
72840,738449.3740779742,7.719405113213167,7.680152129915103,7.417093943997639,7.378406884942622
72841,738449.374740881,7.719405113213167,7.680152129915103,7.417093943997639,7.378406884942622
72847,738449.4007164579,7.719405113213167,7.680152129915103,7.417093943997639,7.378406884942622
72848,738449.4011499138,7.734018693974995,7.700034072299671,7.430718470481085,7.390700162654128
72849,738449.4091270773,7.718799374043478,7.700008419766286,7.416767534278904,7.390685337720859
72850,738449.4177519585,7.733882137043485,7.694921117577651,7.430593342330047,7.392390871945429
72853,738449.4372297188,7.733882137043485,7.694921117577651,7.430593342330047,7.392390871945429
72855,738449.4761108574,7.733882137043485,7.694921117577651,7.430593342330047,7.392390871945429
72856,738449.49906543,7.73388945226975,7.692013081581701,7.430600653783838,7.389714667772053
72857,738449.5038773643,7.73388945226975,7.692013081581701,7.430600653783838,7.389714667772053
72860,738449.5666805633,7.718691878142648,7.680010653876014,7.4166597070930385,7.3783227240713325
72862,738449.5854120186,7.718691878142648,7.680010653876014,7.4166597070930385,7.3783227240713325
72863,738449.590394928,7.718691878142648,7.680010653876014,7.4166597070930385,7.3783227240713325
72867,738449.6039599437,7.733900345573184,7.672601090463043,7.4306115414696965,7.371207926934287
72868,738449.6244640814,7.733900345573184,7.672601090463043,7.4306115414696965,7.371207926934287
72871,738449.6592249838,7.733903126642556,7.67260387012814,7.43061432110492,7.371210705044637
72872,738449.6649976753,7.7187035953789875,7.680022365662158,7.41667141828711,7.378334429306588
72873,738449.6745803525,7.7187035953789875,7.680022365662158,7.41667141828711,7.378334429306588
72874,738449.6884626277,7.72304408125999,7.692136208057961,7.4166765940186705,7.389835687702474
72876,738449.7052214188,7.72304408125999,7.692136208057961,7.4166765940186705,7.389835687702474
72879,738449.7275556191,7.743917990775485,7.692026722868043,7.41668657019617,7.389745580100664
72880,738449.7592821808,7.744126486054139,7.680228628675181,7.416894949693306,7.378557847007748
72881,738449.7651252054,7.744214377788571,7.6924324861821765,7.416982792636377,7.390141760445108
72882,738449.7985595758,7.744214377788571,7.6924324861821765,7.416982792636377,7.390141760445108
72883,738449.8226381738,7.744214377788571,7.6924324861821765,7.416982792636377,7.390141760445108
72884,738449.8427311985,7.744214377788571,7.6924324861821765,7.416982792636377,7.390141760445108
72885,738449.843819503,7.744214377788571,7.6924324861821765,7.416982792636377,7.390141760445108
72886,738449.8508112507,7.744225441441869,7.692334036940289,7.4169938501486055,7.39005271012281
72887,738449.8609751514,7.744233833893169,7.680335926612612,7.417002237941637,7.378665080701906
72888,738449.8751304388,7.744233833893169,7.680335926612612,7.417002237941637,7.378665080701906
72889,738449.8755036357,7.744233833893169,7.680335926612612,7.417002237941637,7.378665080701906
72891,738449.9188408373,7.744233833893169,7.680335926612612,7.417002237941637,7.378665080701906
72892,738449.9282989396,7.744238832881628,7.685676521737913,7.43095225324172,7.383883984163304
72897,738450.0360715558,7.744242896169603,7.68034498467693,7.4170112951881135,7.37867413334355
72899,738450.0638234011,7.744242896169603,7.68034498467693,7.4170112951881135,7.37867413334355
72900,738450.0642202215,7.744242896169603,7.68034498467693,7.4170112951881135,7.37867413334355
72903,738450.1155950438,7.744245316498362,7.680531379113434,7.4170137141735015,7.378842905299926
72904,738450.1234261876,7.744245316498362,7.680531379113434,7.4170137141735015,7.378842905299926
72906,738450.1362857012,7.744245316498362,7.680531379113434,7.4170137141735015,7.378842905299926
72909,738450.1831673089,7.744245316498362,7.680531379113434,7.4170137141735015,7.378842905299926
72913,738450.2436889054,7.744245316498362,7.680531379113434,7.4170137141735015,7.378842905299926
72915,738450.2772180875,7.744248855423547,7.68035094116108,7.417017251134469,7.378680086261871
72919,738450.3247206274,7.744251636512906,7.680359329259496,7.417025638475559,7.3786884693388615
72920,738450.332195336,7.744251636512906,7.680359329259496,7.417025638475559,7.3786884693388615
72921,738450.3415574176,7.721957667731808,7.68036192139695,7.411603744314422,7.378691059924585
72922,738450.3435802021,7.721957667731808,7.68036192139695,7.411603744314422,7.378691059924585
72924,738450.3583367227,7.7442567351420415,7.680364425518923,7.417030734274873,7.378693562547527
72926,738450.3638688555,7.7442567351420415,7.680364425518923,7.417030734274873,7.378693562547527
72927,738450.3652145719,7.744261088796376,7.685704375718078,7.430976940888605,7.383911821468973
72928,738450.3664714997,7.7442717755654344,7.692385958904763,7.417045766350784,7.390104601004122
72929,738450.366792547,7.744276949709228,7.692391130750891,7.417050937622977,7.39010976975432
72931,738450.3826407851,7.744276949709228,7.692391130750891,7.417050937622977,7.39010976975432
72936,738450.4710350016,7.744285635944008,7.680393312889082,7.417059619037057,7.378722432625585
72938,738450.5076006056,7.744302378387792,7.680410047552131,7.417076352189366,7.3787391572717205
72943,738450.5762849876,7.744319120186163,7.680426781570368,7.4170930846969805,7.378755881273816
72946,738450.6091046019,7.744319120186163,7.680426781570368,7.4170930846969805,7.378755881273816
72947,738450.631746845,7.7443616577356575,7.680469299353449,7.417135598642133,7.378798373609625
72949,738450.6465642408,7.7443616577356575,7.680469299353449,7.417135598642133,7.378798373609625
72952,738450.7168408368,7.744248964406469,7.680471981904601,7.417138280951153,7.378801054555329
72953,738450.7311392385,7.744248964406469,7.680471981904601,7.417138280951153,7.378801054555329
72954,738450.7622593606,7.744248964406469,7.680471981904601,7.417138280951153,7.378801054555329
72955,738450.767205955,7.744248964406469,7.680471981904601,7.417138280951153,7.378801054555329
72957,738450.799982213,7.744251648188082,7.680474664439182,7.431017677656965,7.3788037354844835
72961,738450.8598998075,7.744251648188082,7.680474664439182,7.431017677656965,7.3788037354844835
72962,738450.8665291975,7.744251648188082,7.680474664439182,7.431017677656965,7.3788037354844835
72964,738450.8714409074,7.744255065968225,7.680478080631251,7.417144379127326,7.378807149632063
72966,738450.8888367461,7.744255065968225,7.680478080631251,7.417144379127326,7.378807149632063
72967,738450.9047584158,7.744255065968225,7.680478080631251,7.417144379127326,7.378807149632063
72968,738450.9087321141,7.744258603828238,7.6804816168474055,7.4171479150243025,7.378810683731916
72971,738450.9296800792,7.744258603828238,7.6804816168474055,7.4171479150243025,7.378810683731916
72976,738451.0292245746,7.744260503759661,7.692490018001907,7.4310265285179815,7.390208597817308
72977,738451.0578533541,7.744300197052562,7.680523190746546,7.431066200697926,7.37885223275182
72978,738451.0621376635,7.744300197052562,7.680523190746546,7.431066200697926,7.37885223275182
72980,738451.0712977345,7.744300197052562,7.680523190746546,7.431066200697926,7.37885223275182
72981,738451.0836563382,7.744303173483391,7.685861764972321,7.431069175545662,7.384069116523857
72984,738451.1094005668,7.744303173483391,7.685861764972321,7.431069175545662,7.384069116523857
72985,738451.1256105686,7.744303173483391,7.685861764972321,7.431069175545662,7.384069116523857
72986,738451.1937872859,7.744303173483391,7.685861764972321,7.431069175545662,7.384069116523857
72989,738451.280149245,7.744305856930033,7.685864447182629,7.431071857565053,7.384071797129126
72991,738451.3234694763,7.744315826734427,7.680538813166974,7.417205106181703,7.3788678458238754
72992,738451.3255548367,7.744315826734427,7.680538813166974,7.417205106181703,7.3788678458238754
72993,738451.340855613,7.744330916208665,7.673137499734066,7.417220187284595,7.371761293178703
72995,738451.3502716622,7.744334977503629,7.680557955039223,7.417224246326482,7.378886976242189
72996,738451.3531167898,7.745032107692757,7.681254761626487,7.417920990081826,7.379583366224076
73000,738451.3805912858,7.745034607831567,7.69326377870606,7.431800221189865,7.390981895859042
73002,738451.3981658908,7.745038952540623,7.693268121489669,7.43180456359198,7.390986236048251
73004,738451.4211548044,7.745043449886388,7.6932726168423615,7.4318090585497805,7.390990728715426
73006,738451.4562972672,5.059039504675763,4.430960898698124,4.7580095090117815,4.1299309030341425
73008,738451.4673011544,7.745251347773922,7.6934804226190945,7.418140108761735,7.391198410379582
73010,738451.4833124813,7.745251347773922,7.6934804226190945,7.418140108761735,7.391198410379582
73011,738451.5004209845,7.745265399805129,7.693494468426029,7.432030890650074,7.39121244779976
73012,738451.5005605285,7.7452821000842365,7.6935111613080975,7.432047582066549,7.391229130714856
73014,738451.5086689286,7.7452899111712155,7.681512445566222,7.418178650811398,7.3798408962693545
73015,738451.5313604991,7.74529887932577,7.69363753363923,7.418187614001702,7.3913460873812475
73017,738451.5826090493,7.746638644071021,7.68286055423829,7.419526638280545,7.381188201307473
73018,738451.5839146116,7.746638644071021,7.68286055423829,7.419526638280545,7.381188201307473
73019,738451.5870415112,7.746642825808301,7.682864734043167,7.419530817710218,7.3811923786245615
73020,738451.5983772654,7.746642825808301,7.682864734043167,7.419530817710218,7.3811923786245615
73022,738451.6172743825,7.746642825808301,7.682864734043167,7.419530817710218,7.3811923786245615
73024,738451.6300378729,7.746642825808301,7.682864734043167,7.419530817710218,7.3811923786245615
73025,738451.6353043248,7.746642825808301,7.682864734043167,7.419530817710218,7.3811923786245615
73026,738451.6406315138,7.746642825808301,7.682864734043167,7.419530817710218,7.3811923786245615
73027,738451.6537978493,7.746642825808301,7.682864734043167,7.419530817710218,7.3811923786245615
73028,738451.6681512522,7.746652405463191,7.6828743092713205,7.419540392078854,7.3812019481537
73029,738451.6713105149,7.746652405463191,7.6828743092713205,7.419540392078854,7.3812019481537
73030,738451.6813253594,7.746654294951153,7.682876197886165,7.419542280524171,7.381203835644488
73031,738451.6939747151,7.746654294951153,7.682876197886165,7.419542280524171,7.381203835644488
73032,738451.6980903721,7.746662081397425,7.682883980734425,7.4195500626738236,7.381211613860642
73033,738451.7042581964,7.746662081397425,7.682883980734425,7.4195500626738236,7.381211613860642
73034,738451.7425500868,7.746662081397425,7.682883980734425,7.4195500626738236,7.381211613860642
73036,738451.7479617315,7.746671021261756,7.694899468286106,7.433435767351551,7.392616610102235
73037,738451.7540011826,7.746671021261756,7.694899468286106,7.433435767351551,7.392616610102235
73038,738451.7571212461,7.746671021261756,7.694899468286106,7.433435767351551,7.392616610102235
73039,738451.7781781316,7.7466743046694875,7.694902750244196,7.433439049022419,7.392619890107031
73040,738451.799571771,7.7466777034371335,7.694906147511279,7.433442445992192,7.392623285352209
73041,738451.8161913735,7.7466777034371335,7.694906147511279,7.433442445992192,7.392623285352209
73042,738451.8238243696,7.7466777034371335,7.694906147511279,7.433442445992192,7.392623285352209
73043,738451.8348691807,7.746679799087019,7.695017948449125,7.433444540533532,7.3927256792663725
73047,738451.9182437252,7.746679799087019,7.695017948449125,7.433444540533532,7.3927256792663725
73051,738451.9736347161,4.32796631193814,7.687084581892852,3.9644729113408217,7.383512958357439
73054,738451.9799433788,4.32796631193814,7.687084581892852,3.9644729113408217,7.383512958357439
73058,738452.0341592426,4.32796631193814,7.687084581892852,3.9644729113408217,7.383512958357439
73059,738452.0351417649,4.32796631193814,7.687084581892852,3.9644729113408217,7.383512958357439
73060,738452.0356309887,7.746683197811667,7.682112693752991,7.420795263303148,7.380722969797415
73062,738452.064563791,7.746683197811667,7.682112693752991,7.420795263303148,7.380722969797415
73063,738452.0721073083,7.746683197811667,7.682112693752991,7.420795263303148,7.380722969797415
73065,738452.1107676988,7.746683197811667,7.682112693752991,7.420795263303148,7.380722969797415
73068,738452.1828373953,7.746683197811667,7.682112693752991,7.420795263303148,7.380722969797415
73070,738452.1981940072,7.746683197811667,7.682112693752991,7.420795263303148,7.380722969797415
73077,738452.2674138627,7.746685293435041,7.695291396142074,7.420797357780312,7.380725063203988
73079,738452.3666547016,7.746691407205499,7.6954101136841775,7.420803468206849,7.380845922358358
73089,738452.4613219132,7.746691407205499,7.6954101136841775,7.420803468206849,7.380845922358358
73092,738452.5910670732,7.746697313337092,7.695303411215716,7.435885886741673,7.392265879657741
73093,738452.5922539184,7.746700711924679,7.69530680843811,7.435889283547958,7.392269274720149
73094,738452.5962910997,7.746705349537081,7.6953114441876265,7.435893918729671,7.392273907522238
73095,738452.6366310336,7.746709677564125,7.695315770476163,7.420821728572797,7.392278231060131
73096,738452.6500231143,7.746709677564125,7.695315770476163,7.420821728572797,7.392278231060131
73098,738452.6604669127,7.746716458418403,7.688536643544246,7.435905021788658,7.386204726506721
73099,738452.6711227769,7.746716458418403,7.688536643544246,7.435905021788658,7.386204726506721
73102,738452.7228946419,7.746716458418403,7.688536643544246,7.435905021788658,7.386204726506721
73110,738452.7692097377,7.746716458418403,7.688536643544246,7.435905021788658,7.386204726506721
73112,738452.7902626497,7.746716458418403,7.688536643544246,7.435905021788658,7.386204726506721
73113,738452.8260908852,7.746716458418403,7.688536643544246,7.435905021788658,7.386204726506721
73122,738453.0014750028,7.746716458418403,7.688536643544246,7.435905021788658,7.386204726506721
73123,738453.0051368267,7.746716458418403,7.688536643544246,7.435905021788658,7.386204726506721
73125,738453.0309875847,7.746716458418403,7.688536643544246,7.435905021788658,7.386204726506721
73126,738453.0906989023,7.746716458418403,7.688536643544246,7.435905021788658,7.386204726506721
73130,738453.1973577545,7.74636973645387,7.696379207263828,7.420830460249027,7.392961124129472
73141,738453.3401893516,7.74636973645387,7.696379207263828,7.420830460249027,7.392961124129472
73151,738453.3941654968,7.74637752175065,7.695332285590886,7.435727409803284,7.392294735674842
73161,738453.5835266554,7.746379410917584,7.695334173999002,7.435729297980114,7.392296622882367
73165,738453.8050734444,7.74638552408563,7.695340284711606,7.42084357222183,7.380771254024321
73167,738453.853157536,7.746390667608865,7.695345426168897,7.420846545138249,7.392303035451696
73170,738453.8646037614,7.7464056731144035,7.695360425647476,7.420861542604601,7.380789215222724
73171,738453.866732149,7.7464056731144035,7.695360425647476,7.420861542604601,7.380789215222724
73173,738453.9061525168,7.7464056731144035,7.695360425647476,7.420861542604601,7.380789215222724
73174,738453.9397718676,7.7464056731144035,7.695360425647476,7.420861542604601,7.380789215222724
73176,738453.9679477003,7.745140118370084,7.695362313933238,7.41502298214082,7.380664694554766
73177,738453.9784841614,7.745140118370084,7.695362313933238,7.41502298214082,7.380664694554766
73178,738453.9817290772,7.745140118370084,7.695362313933238,7.41502298214082,7.380664694554766
73179,738453.9976096805,7.745140118370084,7.695362313933238,7.41502298214082,7.380664694554766
73182,738454.0532960409,7.745140118370084,7.695362313933238,7.41502298214082,7.380664694554766
73184,738454.0655109542,7.745140118370084,7.695362313933238,7.41502298214082,7.380664694554766
73189,738454.2763123016,7.73897974165197,7.688599490967356,7.420454244703585,7.3731548895652645
73192,738454.2931136368,7.738983259134593,7.695373347322738,7.41966710502195,7.381184735719812
73193,738454.302932562,7.738985927399029,7.695376014515519,7.419666709777185,7.381184340674024
73205,738454.4061976722,7.738989828844874,7.688594008372719,7.432811111596209,7.386900100592224
73226,738455.0200108618,4.099953791946415,4.442388189888939,4.1948554357325,3.948216537967154
73229,738455.0625965955,4.099953791946415,4.442388189888939,4.1948554357325,3.948216537967154
73232,738455.1235078038,4.099953791946415,4.442388189888939,4.1948554357325,3.948216537967154
73233,738455.1246892313,4.099953791946415,4.442388189888939,4.1948554357325,3.948216537967154
73234,738455.1443736734,4.099953791946415,4.442388189888939,4.1948554357325,3.948216537967154
73240,738455.3123401742,4.099953791946415,4.442388189888939,4.1948554357325,3.948216537967154
73253,738455.460951916,7.750546790129605,7.702094424212087,7.419749335222027,7.381266924526945
73255,738455.4941286242,7.750551426170008,7.694630855994151,7.432894473364353,7.3869834188175
73259,738455.538487926,7.7505569360499935,7.702104568828784,7.419759479317959,7.3932576891744075
73264,738455.6580274493,7.7505569360499935,7.702104568828784,7.419759479317959,7.3932576891744075
73269,738455.7181911413,7.7505569360499935,7.702104568828784,7.419759479317959,7.3932576891744075
73271,738455.7849531284,7.750561414597084,7.702109046800418,7.432904460223191,7.393262164754473
73274,738455.85403986,7.750561414597084,7.702109046800418,7.432904460223191,7.393262164754473
73282,738456.0393635576,7.750561414597084,7.702109046800418,7.432904460223191,7.393262164754473
73283,738456.0423300097,7.750561414597084,7.702109046800418,7.432904460223191,7.393262164754473
73284,738456.1313576576,7.750561414597084,7.702109046800418,7.432904460223191,7.393262164754473
73289,738456.2261596705,7.75056343824006,7.705902375971246,7.432906483548448,7.389125399501202
73290,738456.2464541661,7.75056343824006,7.705902375971246,7.432906483548448,7.389125399501202
73291,738456.3025352042,7.750565262690078,7.70590420016679,7.432863009035218,7.389081947445679
73301,738456.4221068987,7.750567431043019,7.702115062473298,7.419713682377474,7.381231289628318
73302,738456.4231222912,7.750567431043019,7.702115062473298,7.419713682377474,7.381231289628318
73303,738456.4240915665,7.750567431043019,7.702115062473298,7.419713682377474,7.381231289628318
73304,738456.4262953546,7.750571071258307,7.684281205985481,7.414252179148542,7.378760834673824
73306,738456.4326555986,7.7506179635872385,7.694697383749928,7.4197642123842185,7.374192552872687
73307,738456.434693135,7.750621731288607,7.694701150904258,7.4329084831516665,7.374196318425707
73309,738456.4449041234,7.750758506123712,7.70230611300825,7.419904747864947,7.381422258959812
73312,738456.4483255988,7.7507677516830755,7.706106660923428,7.433054499546664,7.376136929085324
73313,738456.4595384704,7.7507783667628205,7.7023259710966565,7.419924607507164,7.381442108609853
73314,738456.5113264666,7.7507783667628205,7.7023259710966565,7.419924607507164,7.381442108609853
73316,738456.5390614828,7.743047675222852,7.6805943913444095,7.420718226181721,7.371206303798368
73321,738456.6018307717,7.743047675222852,7.6805943913444095,7.420718226181721,7.371206303798368
73322,738456.604284999,7.743054934800693,7.704155227219343,7.431870148656963,7.394123874975687
73323,738456.6097187595,7.7430679935386495,7.706860308422914,7.431883207037326,7.389307211467419
73325,738456.6137878168,7.743073313298384,7.706865627558252,7.43188852665139,7.389312528334825
73327,738456.6516345461,4.44846254015776,4.436632797505764,4.258621218260385,4.114724712707914
73329,738456.7393940086,7.743076593403171,7.695284212091736,7.43189180666636,7.387185828793441
73330,738456.7507704812,7.7430892081857765,7.7028324418061755,7.419313460456957,7.381486574401292
73342,738456.8642392411,7.7430892081857765,7.7028324418061755,7.419313460456957,7.381486574401292
73343,738456.88694764,7.7430892081857765,7.7028324418061755,7.419313460456957,7.381486574401292
73344,738456.8919078183,7.7430892081857765,7.7028324418061755,7.419313460456957,7.381486574401292
73348,738456.9181189531,7.7430936839914795,7.6953013005762445,7.431908896786693,7.37440180290603
73349,738456.920535232,7.74309585103635,7.702839083950052,7.419320102974141,7.381493213576805
73350,738456.9219448862,7.743105095084487,7.702848327014783,7.4319203075672515,7.381502452510901
73351,738456.9241389851,7.7431211589309425,7.702864389152376,7.419345409598636,7.381518507470691
73352,738456.9246359074,7.7431211589309425,7.702864389152376,7.419345409598636,7.381518507470691
73353,738456.9259811456,7.743790283393039,7.703533442489478,7.420014500506991,7.382187262058729
73354,738456.9279742526,7.74379475197938,7.703537910601196,7.4200189688694245,7.3821917281768705
73357,738456.9410889217,7.74379475197938,7.703537910601196,7.4200189688694245,7.3821917281768705
73358,738456.9418656962,7.74379475197938,7.703537910601196,7.4200189688694245,7.3821917281768705
73361,738456.9633303662,7.74379475197938,7.703537910601196,7.4200189688694245,7.3821917281768705
73364,738456.9870300528,7.74379475197938,7.703537910601196,7.4200189688694245,7.3821917281768705
73365,738456.9906193325,7.74379475197938,7.703537910601196,7.4200189688694245,7.3821917281768705
73366,738457.0031369729,7.743803981163387,7.703547138804957,7.420028197590993,7.382200952263265
73367,738457.0057774428,7.743803981163387,7.703547138804957,7.420028197590993,7.382200952263265
73370,738457.032972803,7.743806933441141,7.707599161666948,7.432622126722574,7.390045749950669
73371,738457.0711615348,7.743819969587264,7.703563125530729,7.420044185213776,7.382216931856414
73373,738457.1114256517,7.743823729180175,7.7035668847243475,7.420047944618318,7.382220689372873
73374,738457.129472387,7.743951101557423,7.703694243575923,7.420175310614731,7.382347991412007
73376,738457.176165778,7.74642722857053,7.698634436384694,7.435242350437848,7.390534630164282
73377,738457.1786691988,7.7465413792146,7.706284247030274,7.422765458914726,7.3849368431190054
73378,738457.1795339625,7.746543385627396,7.7062862532313074,7.422767465227621,7.384938848430561
73379,738457.1909088258,7.746548310747472,7.706547261325696,7.422772390102474,7.385061331242845
73380,738457.2087534661,7.746548310747472,7.706547261325696,7.422772390102474,7.385061331242845
73381,738457.2104705095,7.746548310747472,7.706547261325696,7.422772390102474,7.385061331242845
73386,738457.2376340536,7.746548310747472,7.706547261325696,7.422772390102474,7.385061331242845
73387,738457.2378625799,7.746550865877954,7.698758058591542,7.435365984386265,7.390658200075371
73391,738457.3367134905,7.74681225114581,7.710604128441111,7.435627362555895,7.393049442072314
73403,738457.5760247428,7.7468143267731495,7.706557165790135,7.423038392887287,7.385209640914123
73410,738457.7040159586,7.7468143267731495,7.706557165790135,7.423038392887287,7.385209640914123
73412,738457.7104651856,7.7468143267731495,7.706557165790135,7.423038392887287,7.385209640914123
73417,738457.8379552207,7.746816134560906,7.699023294890121,7.435631245865564,7.390923324221542
73418,738457.840646477,7.746816134560906,7.699023294890121,7.435631245865564,7.390923324221542
73422,738457.9214814091,7.746816134560906,7.699023294890121,7.435631245865564,7.390923324221542
73423,738457.9338062672,7.7468201353396715,7.706562973743991,7.435635246535718,7.397196152567174
73425,738457.9495538593,7.7468201353396715,7.706562973743991,7.435635246535718,7.397196152567174
73428,738457.9906936013,4.610950799591628,4.432820120064229,4.042978699886026,4.237396510279492
73430,738457.9950653526,4.610950799591628,4.432820120064229,4.042978699886026,4.237396510279492
73433,738458.06448301,4.610950799591628,4.432820120064229,4.042978699886026,4.237396510279492
73434,738458.0739504109,4.610950799591628,4.432820120064229,4.042978699886026,4.237396510279492
73435,738458.1321590226,4.610950799591628,4.432820120064229,4.042978699886026,4.237396510279492
73436,738458.157276711,4.610950799591628,4.432820120064229,4.042978699886026,4.237396510279492
73437,738458.1628994351,4.610950799591628,4.432820120064229,4.042978699886026,4.237396510279492
73438,738458.1664461308,4.610950799591628,4.432820120064229,4.042978699886026,4.237396510279492
73439,738458.1756959747,4.610950799591628,4.432820120064229,4.042978699886026,4.237396510279492
73449,738458.3216445828,4.449655028722611,7.691890266120162,4.253039219496383,7.385961294988817
73469,738458.6491420155,4.449655028722611,7.691890266120162,4.253039219496383,7.385961294988817
73470,738458.6868861769,4.449655028722611,7.691890266120162,4.253039219496383,7.385961294988817
73476,738458.787230525,4.449655028722611,7.691890266120162,4.253039219496383,7.385961294988817
73477,738458.7923675699,4.449655028722611,7.691890266120162,4.253039219496383,7.385961294988817
73478,738458.802259818,4.449655028722611,7.691890266120162,4.253039219496383,7.385961294988817
73479,738458.814632049,4.449655028722611,7.691890266120162,4.253039219496383,7.385961294988817
73480,738458.8557678908,4.449655028722611,7.691890266120162,4.253039219496383,7.385961294988817
73481,738458.9024058442,4.449655028722611,7.691890266120162,4.253039219496383,7.385961294988817
73482,738458.9292092248,4.449655028722611,7.691890266120162,4.253039219496383,7.385961294988817
73483,738458.9317377213,4.449655028722611,7.691890266120162,4.253039219496383,7.385961294988817
73485,738458.9387397827,4.449655028722611,7.691890266120162,4.253039219496383,7.385961294988817
73486,738458.9418519114,4.449655028722611,7.691890266120162,4.253039219496383,7.385961294988817
73487,738458.9451466508,4.449655028722611,7.691890266120162,4.253039219496383,7.385961294988817
73488,738458.9513833778,7.746825230290401,7.692434145470327,7.435640341348132,7.38651574422175
73489,738458.972690314,7.746825230290401,7.692434145470327,7.435640341348132,7.38651574422175
73490,738458.9838551949,7.746825230290401,7.692434145470327,7.435640341348132,7.38651574422175
73491,738458.9961338764,7.746825230290401,7.692434145470327,7.435640341348132,7.38651574422175
73492,738459.0028380348,7.746827235392255,7.700931425000653,7.435642346395554,7.388734468366183
73493,738459.0028389933,7.74655684403834,7.700378919563944,7.42305323778931,7.384448235079764
73494,738459.0258944305,7.74655684403834,7.700378919563944,7.42305323778931,7.384448235079764
73498,738459.0634865704,7.74655684403834,7.700378919563944,7.42305323778931,7.384448235079764
73499,738459.0656320151,7.74655684403834,7.700378919563944,7.42305323778931,7.384448235079764
73500,738459.067611332,7.74655684403834,7.700378919563944,7.42305323778931,7.384448235079764
73503,738459.0984812641,7.74655684403834,7.700378919563944,7.42305323778931,7.384448235079764
73507,738459.1417631983,7.74655684403834,7.700378919563944,7.42305323778931,7.384448235079764
73514,738459.1630799888,7.74655684403834,7.700378919563944,7.42305323778931,7.384448235079764
73520,738459.3078967108,7.74655684403834,7.700378919563944,7.42305323778931,7.384448235079764
73523,738459.3462826052,7.746592090528427,7.6994564171421,7.423088482525683,7.384056111819641
73524,738459.373888301,7.746647307253365,7.7009936982539005,7.435564056547159,7.3888268173255645
73532,738459.4269591093,7.746481222670844,7.699485450842419,7.422983000171449,7.384112587400884
73540,738459.5297324423,7.746481222670844,7.699485450842419,7.422983000171449,7.384112587400884
73551,738459.7657081005,7.746481222670844,7.699485450842419,7.422983000171449,7.384112587400884
73552,738459.7730209368,7.746481222670844,7.699485450842419,7.422983000171449,7.384112587400884
73556,738459.8233082322,7.746481222670844,7.699485450842419,7.422983000171449,7.384112587400884
73557,738459.8449110464,7.746481222670844,7.699485450842419,7.422983000171449,7.384112587400884
73558,738459.8480181849,7.746481222670844,7.699485450842419,7.422983000171449,7.384112587400884
73560,738459.923632109,7.746481222670844,7.699485450842419,7.422983000171449,7.384112587400884
73562,738459.9599217947,7.746488670557265,7.700448971825807,7.422990447687365,7.384120031084027
73563,738459.9769536594,7.746488670557265,7.700448971825807,7.422990447687365,7.384120031084027
73565,738460.0801369334,4.541722333349236,4.424317022487343,3.9525681680866462,4.036292115258768
73566,738460.113241785,4.541722333349236,4.424317022487343,3.9525681680866462,4.036292115258768
73590,738460.532424133,7.746491601638503,7.700451902826848,7.417822777388828,7.384122960511104
73599,738460.7425413053,7.746518332504242,7.700478632961227,7.423020108158834,7.384147740959741
73604,738460.8570923925,7.746518332504242,7.700478632961227,7.423020108158834,7.384147740959741
73611,738460.9715766388,7.746527494605308,7.700487794811627,7.423029269804161,7.384150635392683
73613,738460.9795035927,7.746545774822734,7.700506074528941,7.423047549112323,7.384168905639603
73614,738460.9930834136,7.746545774822734,7.700506074528941,7.423047549112323,7.384168905639603
73619,738461.064294516,7.746545774822734,7.700506074528941,7.423047549112323,7.384168905639603
73642,738461.1233095565,7.746545774822734,7.700506074528941,7.423047549112323,7.384168905639603
73652,738461.2611361839,7.746548240697316,7.69263471957667,7.435528920805029,7.386669476778937
73653,738461.2663679253,7.746554726541458,7.700515026002769,7.4230565003857985,7.392894800222805
73655,738461.2802954412,7.746554726541458,7.700515026002769,7.4230565003857985,7.392894800222805
73658,738461.338475747,7.746554726541458,7.700515026002769,7.4230565003857985,7.392894800222805
73665,738461.3765463906,7.746554726541458,7.700515026002769,7.4230565003857985,7.392894800222805
73666,738461.380184557,7.746554726541458,7.700515026002769,7.4230565003857985,7.392894800222805
73674,738461.4187505114,7.738111728750657,7.69454788627925,7.4196527253664994,7.383191572396111
73678,738461.4737589555,7.7381184387810755,7.700421848319271,7.419935870423895,7.384444538906273
73679,738461.4989026547,7.74327026150021,7.719437095814084,7.417900587655771,7.393443004890002
73680,738461.5106890751,7.74327026150021,7.719437095814084,7.417900587655771,7.393443004890002
73686,738461.6154926904,7.74327026150021,7.719437095814084,7.417900587655771,7.393443004890002
73691,738461.781601016,7.74327026150021,7.719437095814084,7.417900587655771,7.393443004890002
73693,738461.8640888217,7.74327026150021,7.719437095814084,7.417900587655771,7.393443004890002
73695,738461.8852389671,7.74327026150021,7.719437095814084,7.417900587655771,7.393443004890002
73696,738461.9488065847,7.735231034983278,7.699500321831928,7.42765099589048,7.383563860807759
73697,738461.9684490947,7.735231034983278,7.699500321831928,7.42765099589048,7.383563860807759
73702,738462.0588065754,7.735231034983278,7.699500321831928,7.42765099589048,7.383563860807759
73707,738462.300532029,7.735243968072078,7.691372288559679,7.41907847561689,7.376638253171436
73708,738462.302335742,5.277659727127361,7.446181692279905,4.055904518296501,7.139418573459798
73760,738462.830266151,5.277659727127361,7.446181692279905,4.055904518296501,7.139418573459798
73763,738462.9557102812,5.277659727127361,7.446181692279905,4.055904518296501,7.139418573459798
73764,738462.9909615197,6.346447808157709,7.706202932421089,4.215183477054197,7.399228868802088
73786,738463.3368011828,5.271085466378592,5.056713033111371,3.9076058145949597,4.414807490003019
73800,738463.6293248803,7.346282450072939,7.314276541934697,7.419410758563184,7.377852878650842
73804,738463.7065072089,7.346282450072939,7.314276541934697,7.419410758563184,7.377852878650842
73808,738463.8596894854,7.346282450072939,7.314276541934697,7.419410758563184,7.377852878650842
73810,738463.8755822158,7.346282450072939,7.314276541934697,7.419410758563184,7.377852878650842
73811,738463.9034210966,5.248494777556288,5.291500395750678,3.934342700688347,4.423786620515686
73814,738463.9486481819,5.248494777556288,5.291500395750678,3.934342700688347,4.423786620515686
73816,738463.9692801876,5.248494777556288,5.291500395750678,3.934342700688347,4.423786620515686
73817,738463.9807402942,5.241590386171173,4.585696213082187,3.9392442110810038,4.42665961479246
73824,738464.2069305085,6.4921883952314445,6.457607532128363,7.419435666024699,7.377913154800736
73825,738464.2243261774,6.492180195713175,6.457599336438776,7.428023128464417,7.384348338191914
73826,738464.2330669215,6.492180195713175,6.457599336438776,7.428023128464417,7.384348338191914
73827,738464.2348256251,6.492180195713175,6.457599336438776,7.428023128464417,7.384348338191914
73843,738464.4947774753,6.004046826891361,5.968580721316763,7.428082188714911,7.384407369786227
73849,738464.5662969337,6.004046826891361,5.968580721316763,7.428082188714911,7.384407369786227
73855,738464.6626930283,6.004046826891361,5.968580721316763,7.428082188714911,7.384407369786227
73863,738464.8928568239,5.358926940652015,5.9475649629964655,4.482578391259803,7.384725807626254
73865,738464.8967148383,5.9846225737863294,5.946791734080928,7.429615665618572,7.372728058669338
73867,738464.9294864393,5.9846225737863294,5.946791734080928,7.429615665618572,7.372728058669338
73895,738465.6215793295,5.9846225737863294,5.946791734080928,7.429615665618572,7.372728058669338
73903,738465.6738352263,5.9774602539428185,5.939598242540902,7.429618694411309,7.384467904279187
73913,738466.01451816,5.224483038896797,5.07713861663361,3.9121947753921344,4.485767995233771
73914,738466.0282359719,5.224483038896797,5.07713861663361,3.9121947753921344,4.485767995233771
73915,738466.057761347,5.224483038896797,5.07713861663361,3.9121947753921344,4.485767995233771
73917,738466.0940801695,5.224483038896797,5.07713861663361,3.9121947753921344,4.485767995233771
73926,738466.3229882151,5.224483038896797,5.07713861663361,3.9121947753921344,4.485767995233771
73933,738466.5725054706,5.224483038896797,5.07713861663361,3.9121947753921344,4.485767995233771
73934,738466.6733051677,5.224483038896797,5.07713861663361,3.9121947753921344,4.485767995233771
73936,738466.7373931546,5.224483038896797,5.07713861663361,3.9121947753921344,4.485767995233771
73938,738466.9095259506,5.224483038896797,5.07713861663361,3.9121947753921344,4.485767995233771
73950,738467.1391201261,5.224483038896797,5.07713861663361,3.9121947753921344,4.485767995233771
73951,738467.1492595776,5.224483038896797,5.07713861663361,3.9121947753921344,4.485767995233771
73987,738467.9014168187,5.224483038896797,5.07713861663361,3.9121947753921344,4.485767995233771
73988,738467.9233730346,4.781986248020633,5.764406638714092,4.455465756568579,7.38469454342257
73992,738468.054359302,4.781986248020633,5.764406638714092,4.455465756568579,7.38469454342257
74005,738468.498575862,4.781986248020633,5.764406638714092,4.455465756568579,7.38469454342257
74006,738468.5036076605,4.781986248020633,5.764406638714092,4.455465756568579,7.38469454342257
74017,738468.6957462894,4.517563039838432,5.761544268416654,3.912704015219506,7.383239945322907
74019,738468.7463540118,4.517563039838432,5.761544268416654,3.912704015219506,7.383239945322907
74029,738469.0106211096,4.517563039838432,5.761544268416654,3.912704015219506,7.383239945322907
74055,738469.4971035997,5.800874899391792,5.763134671206454,7.434643615667333,7.380718904898133
74057,738469.5820635392,5.801600168647839,5.76384732803559,7.434651862022325,7.384924841974072
74058,738469.6185983053,5.8017951706989175,5.7640389425313865,7.434654081530728,7.384927060155027
74059,738469.6426400092,5.8017951706989175,5.7640389425313865,7.434654081530728,7.384927060155027
74063,738469.7914438022,5.802968324556639,5.765191747996743,7.434667455151286,7.3849332480642556
74073,738469.9434259321,5.790013956066372,5.76955548221289,7.4201113985824625,7.385377923816579
74072,738469.9434294653,5.8059900687335935,5.765788668492309,7.434702067089355,7.3852696060625584
74075,738469.9917857738,5.806682538000491,5.768841893361429,7.434710032418301,7.384873235756156
74077,738470.0212577375,5.807041356555636,5.769194550975901,7.434714164773712,7.385199466148081
74079,738470.0966159052,5.807041356555636,5.769194550975901,7.434714164773712,7.385199466148081
74082,738470.1404745596,5.807041356555636,5.769194550975901,7.434714164773712,7.385199466148081
74083,738470.1893574707,5.80786224659595,5.770001365075256,7.43472363130484,7.385297801594468
74085,738470.2406884137,5.80786224659595,5.770001365075256,7.43472363130484,7.385297801594468
74086,738470.2506683855,5.80905974713691,5.7711783787124515,7.434737472679151,7.385311638427034
74088,738470.2999464613,5.80905974713691,5.7711783787124515,7.434737472679151,7.385311638427034
74089,738470.3082767074,5.809724017578806,5.771831308699595,7.434745166967284,7.385319330190517
74107,738470.5922063446,4.537100658544295,4.816234661083936,4.236070662880314,4.398772056959484
74118,738470.738437344,4.537100658544295,4.816234661083936,4.236070662880314,4.398772056959484
74125,738470.8500570754,5.80194350114641,5.764106754686204,7.43474716758264,7.385321330149438
74126,738470.9273517504,5.802152319303264,5.764311947498786,7.434749545306462,7.385323707093094
74130,738470.9863879884,5.802152319303264,5.764311947498786,7.434749545306462,7.385323707093094
74133,738471.0885610894,5.802152319303264,5.764311947498786,7.434749545306462,7.385323707093094
74136,738471.1297207316,5.802152319303264,5.764311947498786,7.434749545306462,7.385323707093094
74176,738471.6760287106,5.950049576388,5.899204839154986,7.43681552866467,7.387379596217292
74177,738471.6798082913,5.950049576388,5.899204839154986,7.43681552866467,7.387379596217292
74178,738471.6806394741,5.950049576388,5.899204839154986,7.43681552866467,7.387379596217292
74179,738471.6985272642,5.950049576388,5.899204839154986,7.43681552866467,7.387379596217292
74180,738471.7197955577,5.950049576388,5.899204839154986,7.43681552866467,7.387379596217292
74182,738471.7358326417,5.950049576388,5.899204839154986,7.43681552866467,7.387379596217292
74183,738471.747456175,5.950049576388,5.899204839154986,7.43681552866467,7.387379596217292
74191,738471.8943704228,5.950049576388,5.899204839154986,7.43681552866467,7.387379596217292
74195,738472.0280856238,5.902595757639464,5.851422115652086,7.43682373388286,7.387387798933911
74196,738472.1044851843,5.902595757639464,5.851422115652086,7.43682373388286,7.387387798933911
74204,738472.3354240614,5.902595757639464,5.851422115652086,7.43682373388286,7.387387798933911
74207,738472.3938110479,5.607667013855078,5.562122087479863,7.436825592051397,7.387389656535945
74210,738472.4262088287,5.607667013855078,5.562122087479863,7.436825592051397,7.387389656535945
74219,738472.6745725191,5.607667013855078,5.562122087479863,7.436825592051397,7.387389656535945
74230,738473.0390067513,5.6091328032129555,5.563547383389053,7.436843750347517,7.387407809296238
74237,738473.3555149045,5.610216196111797,5.569355928259217,7.43685140740992,7.387415464024341
74243,738473.4870201531,5.432522544289546,5.503058174651934,3.781071963836605,7.38208724834398
74261,738473.7788428549,5.432522544289546,5.503058174651934,3.781071963836605,7.38208724834398
74268,738473.8251703384,5.565546630396193,5.543602219877744,7.432801928552799,7.368549537624402
74269,738473.8318877149,5.561780244318074,5.543999564377574,7.430476256477557,7.36855244751241
74273,738473.9325948432,5.561780244318074,5.543999564377574,7.430476256477557,7.36855244751241
74276,738474.0453252532,5.561780244318074,5.543999564377574,7.430476256477557,7.36855244751241
74285,738474.3030378988,5.561780244318074,5.543999564377574,7.430476256477557,7.36855244751241
74305,738474.4908626754,5.574007147386379,5.54550046569953,7.426609270500429,7.379742886668285
74315,738474.5617586557,5.574007147386379,5.54550046569953,7.426609270500429,7.379742886668285
74319,738474.5678871644,5.574007147386379,5.54550046569953,7.426609270500429,7.379742886668285
74320,738474.5795516536,5.420242463720056,4.63561209733303,5.119212468056075,3.8005196645861936
74324,738474.8510996533,5.420242463720056,4.63561209733303,5.119212468056075,3.8005196645861936
74336,738475.346431055,5.420242463720056,4.63561209733303,5.119212468056075,3.8005196645861936
74384,738476.2845579223,5.420242463720056,4.63561209733303,5.119212468056075,3.8005196645861936
74386,738476.2927857949,5.420242463720056,4.63561209733303,5.119212468056075,3.8005196645861936
74387,738476.293756115,5.594747000677755,5.539730700967477,7.436869077207161,7.387762567751755
74397,738476.4019346379,5.594747000677755,5.539730700967477,7.436869077207161,7.387762567751755
74410,738476.8968981397,5.602966466518155,5.492239930579739,7.436871701663644,7.379665699805441
74441,738477.9368175763,5.602966466518155,5.492239930579739,7.436871701663644,7.379665699805441
74478,738478.7194663276,5.602966466518155,5.492239930579739,7.436871701663644,7.379665699805441
74484,738478.8933964395,5.602966466518155,5.492239930579739,7.436871701663644,7.379665699805441
74496,738479.0693596861,5.494080825746398,5.442458280218419,6.216970131599878,6.161422739549326
74497,738479.0709488505,5.494080825746398,5.442458280218419,6.216970131599878,6.161422739549326
74498,738479.0731496903,5.494080825746398,5.442458280218419,6.216970131599878,6.161422739549326
74499,738479.0770890875,5.494080825746398,5.442458280218419,6.216970131599878,6.161422739549326
74502,738479.1084934784,5.494080825746398,5.442458280218419,6.216970131599878,6.161422739549326
74503,738479.1127502478,5.494080825746398,5.442458280218419,6.216970131599878,6.161422739549326
74514,738479.4148709413,5.494080825746398,5.442458280218419,6.216970131599878,6.161422739549326
74515,738479.4247410032,5.494080825746398,5.442458280218419,6.216970131599878,6.161422739549326
74518,738479.4527081832,5.495285612372575,5.439240626320112,5.797063436541743,5.744330673763562
74520,738479.4633805319,5.495285612372575,5.439240626320112,5.797063436541743,5.744330673763562
74522,738479.476946721,5.495285612372575,5.439240626320112,5.797063436541743,5.744330673763562
74536,738479.7351355437,4.9478309363582085,5.431573640408005,4.996283585940657,5.758943250448939
74546,738480.005000149,4.9478309363582085,5.431573640408005,4.996283585940657,5.758943250448939
74547,738480.0288852331,4.9478309363582085,5.431573640408005,4.996283585940657,5.758943250448939
74599,738480.9603256751,4.9478309363582085,5.431573640408005,4.996283585940657,5.758943250448939
74607,738481.2085754406,5.490768236648787,5.425889500021629,5.779325699591093,5.739979116191891
74611,738481.3173400284,5.490768236648787,5.425889500021629,5.779325699591093,5.739979116191891
74615,738481.3712407955,5.490768236648787,5.425889500021629,5.779325699591093,5.739979116191891
74617,738481.3768436146,4.490311282561682,4.783167327814049,4.236394026613224,3.7558888509796535
74657,738482.64081825,4.490311282561682,4.783167327814049,4.236394026613224,3.7558888509796535
74660,738482.6969685983,4.490311282561682,4.783167327814049,4.236394026613224,3.7558888509796535
74670,738482.9611234678,4.800215257810904,5.41876730252961,4.321822067749671,5.6108355554281175
74671,738482.9627109738,4.800215257810904,5.41876730252961,4.321822067749671,5.6108355554281175
74675,738483.1337192788,4.798662590858371,5.419678322442345,4.269642406894814,5.611183298269836
74676,738483.1398521119,4.798662590858371,5.419678322442345,4.269642406894814,5.611183298269836
74683,738483.320864769,5.5068568777657,5.4404224790310405,5.639066787498261,5.609981085594906
74684,738483.3210304066,5.417330549058702,5.435678701100846,5.394251094069461,5.608086162063887
74685,738483.3278995435,5.417330549058702,5.435678701100846,5.394251094069461,5.608086162063887
74691,738483.4909557728,5.454586849537671,5.424644527588107,5.6391429299019755,5.607693788811396
74698,738483.6371419706,5.459939751935637,5.429925267792626,5.640734345055268,5.6088764171301655
74700,738483.6598981677,5.467932359573987,5.431287890487491,5.644903159770947,5.6096947159016235
74703,738483.8257436752,4.290399923164351,5.3854586958282,3.9893699275003693,5.238833264895062
74706,738483.952202618,4.290399923164351,5.3854586958282,3.9893699275003693,5.238833264895062
74707,738483.9986310868,4.290399923164351,5.3854586958282,3.9893699275003693,5.238833264895062
74711,738484.1269306687,4.290399923164351,5.3854586958282,3.9893699275003693,5.238833264895062
74713,738484.1528949564,4.290399923164351,5.3854586958282,3.9893699275003693,5.238833264895062
74716,738484.2474135432,4.289933119009716,5.3842345008799075,5.334625144422629,3.801053146697243
74718,738484.2653748249,4.289933119009716,5.3842345008799075,5.334625144422629,3.801053146697243
74733,738484.5021934311,5.468530548148503,5.432020296486751,5.642680962371921,5.607511170504181
74734,738484.503671808,5.477618006710186,5.447542997923986,5.644080491386403,5.612553499839465
74735,738484.5076799429,5.4780429474361645,5.447962775432093,5.644220742259681,5.612691552078427
74737,738484.5219190257,5.4780429474361645,5.447962775432093,5.644220742259681,5.612691552078427
74739,738484.5531092698,5.4780429474361645,5.447962775432093,5.644220742259681,5.612691552078427
74740,738484.5673664939,5.490828150157882,5.460594943634203,5.648483614051456,5.616887929599768
74741,738484.5794941854,5.491335230920383,5.4610960461115035,5.648654413779986,5.61666898396291
74747,738484.7349564148,5.491335230920383,5.4610960461115035,5.648654413779986,5.61666898396291
74753,738484.8871237506,5.491335230920383,5.4610960461115035,5.648654413779986,5.61666898396291
74754,738484.8917702234,5.495203134741298,5.457313582012013,5.6524988276982535,5.617159725798957
74763,738485.2766408812,5.411591419219127,5.441497412711456,4.345240164733654,5.619873122378381
74784,738486.0610262658,5.411591419219127,5.441497412711456,4.345240164733654,5.619873122378381
74785,738486.0827241073,5.411591419219127,5.441497412711456,4.345240164733654,5.619873122378381
74795,738486.4939083885,5.396555708313022,5.439549930022542,4.2676126993520755,5.59888088793411
74796,738486.5062368747,5.4861345640874575,5.457612259919836,5.634508105019582,5.6080967705279186
74811,738487.0095986648,5.4861345640874575,5.457612259919836,5.634508105019582,5.6080967705279186
74825,738487.540275796,4.518772459320203,4.611407775449309,4.478873590336744,5.298349836613344
74829,738487.5730832267,4.518772459320203,4.611407775449309,4.478873590336744,5.298349836613344
74855,738487.922322449,4.518772459320203,4.611407775449309,4.478873590336744,5.298349836613344
74881,738488.2361266267,4.518772459320203,4.611407775449309,4.478873590336744,5.298349836613344
74896,738488.5149257929,4.518772459320203,4.611407775449309,4.478873590336744,5.298349836613344
74899,738488.5629294988,4.518772459320203,4.611407775449309,4.478873590336744,5.298349836613344
74901,738488.6055162903,4.518772459320203,4.611407775449309,4.478873590336744,5.298349836613344
74902,738488.8472868319,4.518772459320203,4.611407775449309,4.478873590336744,5.298349836613344
74906,738488.9146188186,4.518772459320203,4.611407775449309,4.478873590336744,5.298349836613344
74908,738488.9627924773,4.759523340648418,4.749410521099587,5.326493288321634,5.301572274709096
74909,738488.9717240363,4.762330031049937,4.751523695429442,5.326784959882721,5.301854288695952
74914,738489.1518032715,4.762330031049937,4.751523695429442,5.326784959882721,5.301854288695952
74923,738489.2077642474,4.762330031049937,4.751523695429442,5.326784959882721,5.301854288695952
74930,738489.3984473489,4.762330031049937,4.751523695429442,5.326784959882721,5.301854288695952
74939,738489.7739710192,4.762330031049937,4.751523695429442,5.326784959882721,5.301854288695952
74959,738490.3049509806,4.7338063022412795,4.739686484509058,5.318324933579423,5.2892269203706705
74993,738490.90830767,4.7338063022412795,4.739686484509058,5.318324933579423,5.2892269203706705
75015,738491.4558637459,4.7338063022412795,4.739686484509058,5.318324933579423,5.2892269203706705
75028,738491.719091947,4.7338063022412795,4.739686484509058,5.318324933579423,5.2892269203706705
75038,738491.9536116698,5.418893895224849,4.821888819611314,4.469473538966407,5.273257177386771
75040,738491.9567076392,5.418893895224849,4.821888819611314,4.469473538966407,5.273257177386771
75043,738491.9671968078,4.452201638297271,4.8241983549081695,4.4668553647675,5.273661129659866
75051,738492.1484827761,4.452201638297271,4.8241983549081695,4.4668553647675,5.273661129659866
75059,738492.2793162424,5.393765666822204,4.451143965245201,4.340059584568904,4.227012175898058
75072,738492.4625216179,4.759319650793825,4.854231116376465,5.28858810590784,5.263898428585778
75076,738492.5220652538,4.759319650793825,4.854231116376465,5.28858810590784,5.263898428585778
75077,738492.5232792555,4.759319650793825,4.854231116376465,5.28858810590784,5.263898428585778
75089,738492.9094516952,4.759319650793825,4.854231116376465,5.28858810590784,5.263898428585778
75093,738493.0967303665,4.759319650793825,4.854231116376465,5.28858810590784,5.263898428585778
75107,738493.406393603,4.759319650793825,4.854231116376465,5.28858810590784,5.263898428585778
75115,738493.7622938175,4.759319650793825,4.854231116376465,5.28858810590784,5.263898428585778
75118,738493.8031100105,4.759319650793825,4.854231116376465,5.28858810590784,5.263898428585778
75124,738494.062722121,4.759319650793825,4.854231116376465,5.28858810590784,5.263898428585778
75139,738494.4679644577,4.759319650793825,4.854231116376465,5.28858810590784,5.263898428585778
75157,738495.12138681,4.7283669517941105,4.848248000251679,5.231553097639495,5.216274727355122
75158,738495.1267694291,4.7283669517941105,4.848248000251679,5.231553097639495,5.216274727355122
75168,738495.3027714607,4.8441292777072285,4.850545225450036,5.214905521676784,5.205785735884284
75197,738495.8534014893,4.8441292777072285,4.850545225450036,5.214905521676784,5.205785735884284
75206,738496.0230890191,4.8441292777072285,4.850545225450036,5.214905521676784,5.205785735884284
75213,738496.3481304798,4.8441292777072285,4.850545225450036,5.214905521676784,5.205785735884284
75242,738496.7807770589,4.8441292777072285,4.850545225450036,5.214905521676784,5.205785735884284
75248,738496.8858332044,4.563417750546952,4.828845392314305,5.11589488594168,5.198511425499386
75257,738497.2699045236,4.563417750546952,4.828845392314305,5.11589488594168,5.198511425499386
75272,738497.4618953373,4.563417750546952,4.828845392314305,5.11589488594168,5.198511425499386
75280,738497.6927017422,4.770333629423276,4.876910592331255,5.230148237774029,5.216498636289686
75284,738497.8374589678,4.770333629423276,4.876910592331255,5.230148237774029,5.216498636289686
75286,738497.9130433453,4.770333629423276,4.876910592331255,5.230148237774029,5.216498636289686
75289,738498.0845658825,4.770333629423276,4.876910592331255,5.230148237774029,5.216498636289686
75318,738498.6025083008,4.831521949666782,4.868191559294753,5.235023014573609,5.2158734929055095
75323,738498.8152745925,4.831521949666782,4.868191559294753,5.235023014573609,5.2158734929055095
75342,738499.3644502916,4.819328519406575,4.8784802654513815,5.255937058802663,5.227882523293926
75343,738499.3650658629,4.831724409988889,4.880274343309116,5.271051437507204,5.228386196371311
75344,738499.3675040144,4.831724409988889,4.880274343309116,5.271051437507204,5.228386196371311
75358,738499.7435905735,4.831724409988889,4.880274343309116,5.271051437507204,5.228386196371311
75367,738499.9567489072,4.831724409988889,4.880274343309116,5.271051437507204,5.228386196371311
75378,738500.3514963987,4.649870033246921,4.872701727039153,4.3488400375829395,5.235982808579882
75382,738500.3867342001,4.65788720481374,4.825503312844753,4.356857209149759,5.236282832182265
75392,738500.7137465208,4.8014096815080585,4.809869885240548,5.2310446597000055,5.21775883004485
75405,738501.0613788418,4.648161011154463,4.692641432817439,4.148651244915003,4.254793237232546
75408,738501.1752507372,4.6569945952134555,4.697608471707955,4.140137155152282,4.260685040008153
75410,738501.266487553,4.6569945952134555,4.697608471707955,4.140137155152282,4.260685040008153
75434,738501.7537818806,4.6569945952134555,4.697608471707955,4.140137155152282,4.260685040008153
75438,738501.8938289715,4.762782752503385,4.8125048785770765,4.646194846154782,4.714418343663344
75445,738501.9617197325,4.862068442334944,4.9296541781694385,4.7212226036974325,4.784905648088374
75446,738502.0309437653,4.836220035222956,4.927794699706691,4.700872505422343,4.7824174008067155
75447,738502.037606105,4.836220035222956,4.927794699706691,4.700872505422343,4.7824174008067155
75508,738503.7697495483,4.825082070386544,4.767124920297209,3.9232284170514204,4.667218273260872
75543,738504.7033672672,4.825082070386544,4.767124920297209,3.9232284170514204,4.667218273260872
75544,738504.7037583455,4.825082070386544,4.767124920297209,3.9232284170514204,4.667218273260872
75545,738504.7061231785,4.825082070386544,4.767124920297209,3.9232284170514204,4.667218273260872
75546,738504.7079088456,4.825082070386544,4.767124920297209,3.9232284170514204,4.667218273260872
75547,738504.7085555773,4.825082070386544,4.767124920297209,3.9232284170514204,4.667218273260872
75548,738504.7301061483,4.825082070386544,4.767124920297209,3.9232284170514204,4.667218273260872
75549,738504.7305988441,4.825082070386544,4.767124920297209,3.9232284170514204,4.667218273260872
75555,738504.9910796852,4.825082070386544,4.767124920297209,3.9232284170514204,4.667218273260872
75556,738505.0467554638,4.825082070386544,4.767124920297209,3.9232284170514204,4.667218273260872
75565,738505.213123504,4.825082070386544,4.767124920297209,3.9232284170514204,4.667218273260872
75593,738505.6250568985,4.825082070386544,4.767124920297209,3.9232284170514204,4.667218273260872
75594,738505.6410742737,4.825082070386544,4.767124920297209,3.9232284170514204,4.667218273260872
75609,738506.1639130734,4.825082070386544,4.767124920297209,3.9232284170514204,4.667218273260872
75628,738506.7422978255,4.825082070386544,4.767124920297209,3.9232284170514204,4.667218273260872
75633,738506.9641239903,4.825082070386544,4.767124920297209,3.9232284170514204,4.667218273260872
75644,738507.1823725431,4.825082070386544,4.767124920297209,3.9232284170514204,4.667218273260872
75645,738507.2100715926,4.883480270418222,4.81944466806587,4.677824535587646,4.764928606320872
75649,738507.264329082,4.831742747525539,4.818752369305181,4.7151872320582005,4.765610048921043
75659,738507.3159241201,4.831742747525539,4.818752369305181,4.7151872320582005,4.765610048921043
75670,738507.5260047163,4.831742747525539,4.818752369305181,4.7151872320582005,4.765610048921043
75675,738507.7569849712,4.815362781435566,4.6270535240022745,4.134579881430663,4.152704263924097
75679,738507.7714104827,4.693599655387498,4.7168927926188235,4.157431463838455,4.288626483165426
75691,738507.8287053113,4.693599655387498,4.7168927926188235,4.157431463838455,4.288626483165426
75692,738507.8316798635,4.694846444401668,4.720755507222725,4.159133650923423,4.293509592091788
75693,738507.8384630554,4.694846444401668,4.720755507222725,4.159133650923423,4.293509592091788
75695,738507.8451370113,4.702590694021134,4.761730052198713,4.4015606983571525,4.420697137668004
75708,738508.2020724219,4.702590694021134,4.761730052198713,4.4015606983571525,4.420697137668004
75709,738508.2174730971,4.647250018484884,4.719958376710222,4.173648715554784,4.779371480598093
75710,738508.274473335,4.647250018484884,4.719958376710222,4.173648715554784,4.779371480598093
75712,738508.3065552197,4.647250018484884,4.719958376710222,4.173648715554784,4.779371480598093
75714,738508.3273434234,4.647250018484884,4.719958376710222,4.173648715554784,4.779371480598093
75718,738508.3526437024,4.647250018484884,4.719958376710222,4.173648715554784,4.779371480598093
75722,738508.3988172186,4.647250018484884,4.719958376710222,4.173648715554784,4.779371480598093
75723,738508.3991255973,4.647250018484884,4.719958376710222,4.173648715554784,4.779371480598093
75724,738508.3996866003,4.647250018484884,4.719958376710222,4.173648715554784,4.779371480598093
75729,738508.5453137523,4.647250018484884,4.719958376710222,4.173648715554784,4.779371480598093
75731,738508.7142221082,4.691966426825792,4.642161479481025,3.8750674595168486,4.160247391077725
75736,738508.7701349272,4.691966426825792,4.642161479481025,3.8750674595168486,4.160247391077725
75737,738508.7721526929,4.832394445873122,4.7263531893697985,4.716862811844094,4.766795997328282
75742,738508.9344229018,4.832394445873122,4.7263531893697985,4.716862811844094,4.766795997328282
75745,738509.0483165366,4.832394445873122,4.7263531893697985,4.716862811844094,4.766795997328282
75746,738509.0865136988,4.557845960142081,4.636382109185532,4.1192755668038625,4.173605953197734
75748,738509.1727043133,4.557845960142081,4.636382109185532,4.1192755668038625,4.173605953197734
75761,738509.4323368609,4.561049911767538,4.541126064823734,4.125335164493758,4.293354171159075
75767,738509.6278793114,4.634208012962202,4.520784399744111,4.0315491684292395,4.266496461234357
75768,738509.6296618044,4.634208012962202,4.520784399744111,4.0315491684292395,4.266496461234357
75773,738509.8495224826,4.634208012962202,4.520784399744111,4.0315491684292395,4.266496461234357
75777,738510.0262306855,4.7273986505051395,4.818994829896069,4.065159530875422,4.687613333109658
75787,738510.4496517642,4.602186282675224,4.525622373308276,4.037687822970217,4.26832508773109
75801,738510.976996314,4.602186282675224,4.525622373308276,4.037687822970217,4.26832508773109
75811,738511.0253042611,4.749182346278764,4.733091461946401,4.6630502901304265,4.706338274952345
75832,738511.7146588679,4.749182346278764,4.733091461946401,4.6630502901304265,4.706338274952345
75834,738511.769649119,4.737744701725274,4.703758677808272,4.711234791741697,4.758629753687982
75835,738511.7730549694,4.864558751689711,4.847789085429797,4.788976124595586,4.828757952268732
75836,738511.774403349,4.864558751689711,4.847789085429797,4.788976124595586,4.828757952268732
75838,738511.7773121088,4.882297404256303,4.866469418000999,4.814171056074625,4.838340919908202
75839,738511.7777319648,4.899671231754818,4.881240320290079,4.825159638289185,4.848196326046407
75840,738511.7788891445,4.937861954084843,4.906913989248509,4.826200363955583,4.859775621871839
75841,738511.7793455075,4.939593199862407,4.905971035986943,4.8258840263791924,4.861497890139082
75842,738511.7796725543,4.939593199862407,4.905971035986943,4.8258840263791924,4.861497890139082
75843,738511.7852244917,4.942120743838054,4.911681998932138,4.828887058301483,4.862421402528949
75844,738511.7856418453,4.958095119434524,4.927310691342475,4.8390772082492575,4.870998517863227
75845,738511.7890861814,4.96943939328985,4.938416924357455,4.8463958585814835,4.877178201533246
75846,738511.7897699605,4.96943939328985,4.938416924357455,4.8463958585814835,4.877178201533246
75847,738511.7909033999,4.96943939328985,4.938416924357455,4.8463958585814835,4.877178201533246
75848,738511.791889105,4.96943939328985,4.938416924357455,4.8463958585814835,4.877178201533246
75849,738511.803373242,4.96943939328985,4.938416924357455,4.8463958585814835,4.877178201533246
75850,738511.807592291,4.96943939328985,4.938416924357455,4.8463958585814835,4.877178201533246
75851,738511.8089779802,5.215176254429475,5.180248610591083,5.0205037437246665,5.028536192658257
75852,738511.8099593248,5.215948923732696,5.181012115799104,5.021973740362573,5.029062523577726
75853,738511.8118925444,5.262114689202837,5.226658584809586,5.056829012092876,5.061044594359982
75854,738511.8122596934,5.262114689202837,5.226658584809586,5.056829012092876,5.061044594359982
75855,738511.8139331804,5.262114689202837,5.226658584809586,5.056829012092876,5.061044594359982
75856,738511.8141725173,5.261509088101998,5.227091914893865,5.057378766168945,5.061536616082634
75857,738511.8208366185,5.257000723876713,5.225317081883117,5.054147773761229,5.061104935245231
75858,738511.8287758364,5.257000723876713,5.225317081883117,5.054147773761229,5.061104935245231
75859,738511.8292688348,5.257000723876713,5.225317081883117,5.054147773761229,5.061104935245231
75860,738511.8330696255,5.263507369478909,5.2257899384430235,5.0646425872988345,5.064019916184829
75861,738511.8357746036,5.263507369478909,5.2257899384430235,5.0646425872988345,5.064019916184829
75862,738511.8444508358,5.263507369478909,5.2257899384430235,5.0646425872988345,5.064019916184829
75863,738511.8627838021,5.263507369478909,5.2257899384430235,5.0646425872988345,5.064019916184829
75866,738511.8758680682,5.263507369478909,5.2257899384430235,5.0646425872988345,5.064019916184829
75868,738511.8926439623,5.269364684839771,5.240957521878203,5.062612162163935,5.069855634732431
75869,738511.8931440581,5.341910345584897,5.312951046135189,5.120805978687423,5.12262956037025
75870,738511.893882271,5.341910345584897,5.312951046135189,5.120805978687423,5.12262956037025
75871,738511.8949732243,5.341910345584897,5.312951046135189,5.120805978687423,5.12262956037025
75872,738511.8975060298,5.3521663309310235,5.313865867578355,5.132824898057726,5.123314980498864
75873,738511.9013689732,5.3581856414913664,5.329114551253102,5.134119096117636,5.134792884751605
75874,738511.9034843914,5.3581856414913664,5.329114551253102,5.134119096117636,5.134792884751605
75876,738511.904794571,5.3581856414913664,5.329114551253102,5.134119096117636,5.134792884751605
75877,738511.9052660384,5.3581856414913664,5.329114551253102,5.134119096117636,5.134792884751605
75878,738511.9069603952,5.3581856414913664,5.329114551253102,5.134119096117636,5.134792884751605
75879,738511.919981167,5.3581856414913664,5.329114551253102,5.134119096117636,5.134792884751605
75880,738511.9204960701,5.3581856414913664,5.329114551253102,5.134119096117636,5.134792884751605
75881,738511.9228438843,5.36195858484735,5.332862167955847,5.13876564238313,5.137628958216279
75882,738511.924934346,5.36195858484735,5.332862167955847,5.13876564238313,5.137628958216279
75883,738511.9254602457,5.36195858484735,5.332862167955847,5.13876564238313,5.137628958216279
75884,738511.9263745624,5.36195858484735,5.332862167955847,5.13876564238313,5.137628958216279
75885,738511.9296665278,5.689772148698439,5.659134832775691,5.424214728003685,5.404386016119824
75886,738511.9298746239,6.1961622432991765,6.155837646170132,5.899536160053642,5.864036862645818
75887,738511.931110054,6.192793158064125,6.155923424141867,5.897514021145399,5.864118751054658
75888,738511.9316555072,6.192793158064125,6.155923424141867,5.897514021145399,5.864118751054658
75889,738511.9323401595,6.193112165710093,6.161534148474936,5.896921024074926,5.865864302839133
75890,738511.9345487951,6.193197987721048,6.161619885390471,5.899667265747226,5.865946153829891
75891,738511.9354332295,6.193337138678505,6.161758898410755,5.899802184883562,5.866078867804871
75892,738511.9357534965,6.193337138678505,6.161758898410755,5.899802184883562,5.866078867804871
75893,738511.9364956515,6.196857557950882,6.156531596188333,5.900208284832386,5.864699366841798
75894,738511.9372889237,6.196857557950882,6.156531596188333,5.900208284832386,5.864699366841798
75895,738511.9413377214,6.196857557950882,6.156531596188333,5.900208284832386,5.864699366841798
75896,738511.9425699196,6.19365237412307,6.162073821532868,5.900107838334732,5.866379528050491
75897,738511.9433858469,6.193773445324716,6.162194772842276,5.900225231210981,5.866495004095811
75898,738511.943906684,6.193773445324716,6.162194772842276,5.900225231210981,5.866495004095811
75900,738511.949509964,6.193773445324716,6.162194772842276,5.900225231210981,5.866495004095811
75901,738511.9501180317,6.193773445324716,6.162194772842276,5.900225231210981,5.866495004095811
75903,738511.9506415764,6.193773445324716,6.162194772842276,5.900225231210981,5.866495004095811
75904,738511.9510701778,6.197958177711341,6.15763006031086,5.90127227042685,5.865748152854365
75905,738511.9535684803,6.197958177711341,6.15763006031086,5.90127227042685,5.865748152854365
75906,738511.9551749872,6.194571795032465,6.162992332809921,5.898335557733155,5.867256496282838
75907,738511.9556674681,6.194571795032465,6.162992332809921,5.898335557733155,5.867256496282838
75908,738511.9580373244,6.194571795032465,6.162992332809921,5.898335557733155,5.867256496282838
75909,738511.9593156996,6.194571795032465,6.162992332809921,5.898335557733155,5.867256496282838
75910,738511.9621163018,6.194571795032465,6.162992332809921,5.898335557733155,5.867256496282838
75911,738511.9627089818,6.194571795032465,6.162992332809921,5.898335557733155,5.867256496282838
75912,738511.9663696318,6.194571795032465,6.162992332809921,5.898335557733155,5.867256496282838
75913,738511.9692604475,6.194720425434194,6.163140816344188,5.901143474916747,5.8673982719774
75914,738511.9709446036,6.194720425434194,6.163140816344188,5.901143474916747,5.8673982719774
75915,738511.9736115335,6.194720425434194,6.163140816344188,5.901143474916747,5.8673982719774
75916,738511.97665944,6.195049177849318,6.163469244084614,5.898798223518872,5.86771187055844
75918,738511.9889738752,6.195049177849318,6.163469244084614,5.898798223518872,5.86771187055844
75919,738511.9895324309,6.195049177849318,6.163469244084614,5.898798223518872,5.86771187055844
75920,738511.995149138,6.195049177849318,6.163469244084614,5.898798223518872,5.86771187055844
75921,738511.9957917852,6.195049177849318,6.163469244084614,5.898798223518872,5.86771187055844
75922,738511.9960560454,6.195109666561926,6.163529673085527,5.898856848569692,5.867769572237109
75923,738512.0039667422,6.195642237893479,6.164061719045436,5.899373022192391,5.868277621175455
75925,738512.019082315,6.195642237893479,6.164061719045436,5.899373022192391,5.868277621175455
75926,738512.0279085392,6.216189556197347,6.1811273518330845,5.918909699384533,5.884588250213036
75927,738512.0292911425,6.218368045950313,6.183302703082044,5.921018817669891,5.886669383698848
75928,738512.0302564051,6.218368045950313,6.183302703082044,5.921018817669891,5.886669383698848
75930,738512.0320090858,6.218368045950313,6.183302703082044,5.921018817669891,5.886669383698848
75931,738512.037121831,6.218368045950313,6.183302703082044,5.921018817669891,5.886669383698848
75932,738512.0395994144,6.218368045950313,6.183302703082044,5.921018817669891,5.886669383698848
75933,738512.0446359251,6.218368045950313,6.183302703082044,5.921018817669891,5.886669383698848
75934,738512.057923831,6.218368045950313,6.183302703082044,5.921018817669891,5.886669383698848
75935,738512.0670656601,6.218368045950313,6.183302703082044,5.921018817669891,5.886669383698848
75937,738512.0830341525,6.218368045950313,6.183302703082044,5.921018817669891,5.886669383698848
75938,738512.0848263563,6.218368045950313,6.183302703082044,5.921018817669891,5.886669383698848
75939,738512.0904531851,6.218368045950313,6.183302703082044,5.921018817669891,5.886669383698848
75940,738512.1127761161,6.218368045950313,6.183302703082044,5.921018817669891,5.886669383698848
75941,738512.113352882,6.218368045950313,6.183302703082044,5.921018817669891,5.886669383698848
75942,738512.1137253289,6.218590354196785,6.178222820241057,5.921234065695279,5.885431485092473
75943,738512.1188175863,6.215239225138081,6.1836398150746055,5.9183799851178565,5.8869919352240325
75945,738512.1284531825,6.215239225138081,6.1836398150746055,5.9183799851178565,5.8869919352240325
75946,738512.1400796085,6.215239225138081,6.1836398150746055,5.9183799851178565,5.8869919352240325
75948,738512.1625528357,6.215239225138081,6.1836398150746055,5.9183799851178565,5.8869919352240325
75950,738512.1725398671,6.215239225138081,6.1836398150746055,5.9183799851178565,5.8869919352240325
75952,738512.1986820701,6.215239225138081,6.1836398150746055,5.9183799851178565,5.8869919352240325
75953,738512.1996378052,6.215239225138081,6.1836398150746055,5.9183799851178565,5.8869919352240325
75954,738512.2021380397,6.215652565535082,6.184052766116308,5.9187811567193656,5.887387064905708
75955,738512.2035538391,6.215652565535082,6.184052766116308,5.9187811567193656,5.887387064905708
75958,738512.2058953209,6.215652565535082,6.184052766116308,5.9187811567193656,5.887387064905708
75959,738512.2063981647,6.215652565535082,6.184052766116308,5.9187811567193656,5.887387064905708
75961,738512.2617404467,6.215652565535082,6.184052766116308,5.9187811567193656,5.887387064905708
75962,738512.2873362154,6.215723534049413,6.184123667817478,5.918850037041771,5.887454908395985
75964,738512.3122103711,6.215723534049413,6.184123667817478,5.918850037041771,5.887454908395985
75966,738512.317730307,6.215723534049413,6.184123667817478,5.918850037041771,5.887454908395985
75967,738512.3217409339,6.215606813954493,6.1841802895220885,5.921460745389435,5.887556269285285
75975,738512.4045664035,6.215670771362922,6.1842441867421645,5.918895800466193,5.887617411480124
75977,738512.4114885061,6.219917699922718,6.179790663539079,5.922646381314133,5.886954687307921
75978,738512.411891595,6.216630309379337,6.185202822829037,5.922454678667951,5.888534761051321
75980,738512.4340097677,6.216630309379337,6.185202822829037,5.922454678667951,5.888534761051321
75981,738512.4346275796,6.216630309379337,6.185202822829037,5.922454678667951,5.888534761051321
75982,738512.4348914396,6.216630309379337,6.185202822829037,5.922454678667951,5.888534761051321
75985,738512.4495514091,4.9952840009977875,4.671788362861772,3.9889523691163276,3.858796273263234
75988,738512.4543241903,4.9952840009977875,4.671788362861772,3.9889523691163276,3.858796273263234
75989,738512.4564403438,6.216766714645381,6.185339100040824,5.919959550836342,5.888665176156262
75991,738512.4647259644,6.216873794899923,6.1854460797989335,5.922691141427291,5.8887675553013485
75992,738512.4650458938,6.216873794899923,6.1854460797989335,5.922691141427291,5.8887675553013485
75993,738512.4691439953,6.216873794899923,6.1854460797989335,5.922691141427291,5.8887675553013485
75994,738512.4800937452,6.216873794899923,6.1854460797989335,5.922691141427291,5.8887675553013485
75995,738512.4811280303,6.217080120296757,6.185652211626061,5.922891518850537,5.888964825585994
75996,738512.482304218,6.217210317078355,6.185983642543258,5.920548719547986,5.889295802376987
75997,738512.4832021439,6.217210317078355,6.185983642543258,5.920548719547986,5.889295802376987
75999,738512.4895827868,6.2171318117625445,6.185892578560074,5.923116030579406,5.889322396306895
76000,738512.5041615044,6.22660099377536,6.185970847389759,5.932987712352601,5.889397304505893
76004,738512.5612885912,6.22660099377536,6.185970847389759,5.932987712352601,5.889397304505893
76009,738512.6275284565,4.6203227665314754,4.594489639695665,4.319292770867494,4.202892609072874
76012,738512.7243279214,6.242506062531319,6.211237649179388,5.9467628268454025,5.915192018151583
76013,738512.7246608377,6.654548474200735,6.617879283233611,6.347725872697726,6.310032412901685
76014,738512.7260434226,6.649409195860805,6.617907249036187,6.345328994714999,6.310059881914945
76015,738512.7270220255,6.649409195860805,6.617907249036187,6.345328994714999,6.310059881914945
76016,738512.7286717665,6.649435302488609,6.6179333466172805,6.348098017832954,6.310085515922473
76017,738512.7290884673,6.649435302488609,6.6179333466172805,6.348098017832954,6.310085515922473
76018,738512.7306068859,6.649528991979444,6.618027003646443,6.34544729510163,6.3101775095390895
76019,738512.7316240666,6.650154641581225,6.618652436651599,6.3488085185295144,6.310791843457041
76020,738512.7325232241,6.650154641581225,6.618652436651599,6.3488085185295144,6.310791843457041
76021,738512.7388242589,6.650269711246327,6.618767466514134,6.346178775052063,6.310904833680282
76022,738512.7391754095,6.650269711246327,6.618767466514134,6.346178775052063,6.310904833680282
76023,738512.7404834918,6.650329397383426,6.618827132009965,6.348981129319363,6.310963441432958
76024,738512.7408422981,6.650329397383426,6.618827132009965,6.348981129319363,6.310963441432958
76025,738512.7422552783,6.6512742653157515,6.619771673555941,6.3471708237154285,6.3118912572556205
76026,738512.7439913148,6.6513890387491355,6.619886407391392,6.3472841701846665,6.312003961843614
76027,738512.7475050426,6.6513890387491355,6.619886407391392,6.3472841701846665,6.312003961843614
76028,738512.7482595698,6.6513890387491355,6.619886407391392,6.3472841701846665,6.312003961843614
76029,738512.7489634126,6.669638902308469,6.614133226042316,6.3556757851918375,6.31039306348413
76030,738512.7489646914,6.675400038262135,6.620125665785489,6.3523271818254265,6.3122389902722675
76031,738512.7493386215,6.675400038262135,6.620125665785489,6.3523271818254265,6.3122389902722675
76034,738512.7549072459,6.64702419070873,6.620146770735865,6.347436280723235,6.312259722207824
76035,738512.7557468392,6.64702419070873,6.620146770735865,6.347436280723235,6.312259722207824
76036,738512.7584492487,6.647052998444898,6.620175568540686,6.347464730566816,6.312288011060882
76037,738512.7618442328,6.65001915557781,6.620601296432109,6.350245734760796,6.312706218809064
76038,738512.7648254441,6.65001915557781,6.620601296432109,6.350245734760796,6.312706218809064
76039,738512.7669120698,6.65001915557781,6.620601296432109,6.350245734760796,6.312706218809064
76040,738512.777426352,6.647527183930044,6.615231895898231,6.344623713573123,6.31118026060646
76041,738512.7805652337,6.647527183930044,6.615231895898231,6.344623713573123,6.31118026060646
76042,738512.7877353147,6.647527183930044,6.615231895898231,6.344623713573123,6.31118026060646
76043,738512.7883990216,6.647999012903367,6.621121257230241,6.348399005242283,6.313217004732905
76044,738512.7889817246,6.647999012903367,6.621121257230241,6.348399005242283,6.313217004732905
76045,738512.7902858008,6.647999012903367,6.621121257230241,6.348399005242283,6.313217004732905
76046,738512.794470093,6.648382152580371,6.621504265171215,6.348777397440651,6.313593261275018
76047,738512.8098316697,6.648382152580371,6.621504265171215,6.348777397440651,6.313593261275018
76048,738512.8128689923,6.648382152580371,6.621504265171215,6.348777397440651,6.313593261275018
76049,738512.8193167181,6.648382152580371,6.621504265171215,6.348777397440651,6.313593261275018
76050,738512.827316301,6.648382152580371,6.621504265171215,6.348777397440651,6.313593261275018
76051,738512.8277674437,6.648415124868539,6.6215372261278524,6.348809961362904,6.313625641492025
76054,738512.8315526076,6.648415124868539,6.6215372261278524,6.348809961362904,6.313625641492025
76056,738512.8327669977,6.648415124868539,6.6215372261278524,6.348809961362904,6.313625641492025
76057,738512.834263199,6.65125622561805,6.62183771823754,6.351466406335212,6.3139208412226004
76059,738512.8553387009,6.648749825000153,6.621871811282309,6.349140517924026,6.313954334035144
76060,738512.855872797,6.651469309109995,6.622050690258196,6.351676669866008,6.314130064478316
76061,738512.8569620748,6.651469309109995,6.622050690258196,6.351676669866008,6.314130064478316
76062,738512.895078528,6.651469309109995,6.622050690258196,6.351676669866008,6.314130064478316
76064,738512.899462784,6.651519159910409,6.616682592761805,6.351725861134646,6.312605393120332
76065,738512.9074753072,6.6490566854980875,6.622178566444442,6.349443582274955,6.314255690636648
76066,738512.9079853503,6.6490566854980875,6.622178566444442,6.349443582274955,6.314255690636648
76067,738512.9249506039,6.6490566854980875,6.622178566444442,6.349443582274955,6.314255690636648
76070,738512.9325996359,6.649292392878407,6.622414192964154,6.349676375536258,6.314487172926373
76071,738512.9616213079,6.64935804103087,6.622479818603497,6.349741212339558,6.314387804900241
76072,738512.968342942,6.64935804103087,6.622479818603497,6.349741212339558,6.314387804900241
76074,738512.9756548519,6.64935804103087,6.622479818603497,6.349741212339558,6.314387804900241
76075,738512.9833272643,6.64935804103087,6.622479818603497,6.349741212339558,6.314387804900241
76076,738512.9912600997,6.64935804103087,6.622479818603497,6.349741212339558,6.314387804900241
76078,738513.0275166194,6.64935804103087,6.622479818603497,6.349741212339558,6.314387804900241
76079,738513.0594384425,6.64935804103087,6.622479818603497,6.349741212339558,6.314387804900241
76080,738513.0700435226,6.64935804103087,6.622479818603497,6.349741212339558,6.314387804900241
76081,738513.0708468551,6.658710865054556,6.6225056428597675,6.3617719268078305,6.314413184730408
76082,738513.0802118479,6.64940637259548,6.622528133595643,6.35252695754563,6.314435288430017
76083,738513.0818965253,6.658757472149334,6.622552231560739,6.361817966712936,6.314458971722386
76084,738513.0830600425,6.658757472149334,6.622552231560739,6.361817966712936,6.314458971722386
76085,738513.0836627235,6.658757472149334,6.622552231560739,6.361817966712936,6.314458971722386
76086,738513.0838248103,6.658757472149334,6.622552231560739,6.361817966712936,6.314458971722386
76087,738513.0842524475,6.649460134132338,6.622581876700314,6.352580064898404,6.31448810676564
76088,738513.0844308027,6.649460134132338,6.622581876700314,6.352580064898404,6.31448810676564
76089,738513.0848719651,6.649460134132338,6.622581876700314,6.352580064898404,6.31448810676564
76090,738513.086577784,6.649460134132338,6.622581876700314,6.352580064898404,6.31448810676564
76091,738513.0869704847,6.649615734202728,6.622737423435946,6.352733772038234,6.314640977609196
76093,738513.0939667971,6.649615734202728,6.622737423435946,6.352733772038234,6.314640977609196
76094,738513.099897764,6.656053116839972,6.629172616202484,6.359093425956544,6.320966286458667
76095,738513.1086061527,6.665406783831506,6.62919893916564,6.364491023484532,6.3209921632236545
76098,738513.1225520852,6.665406783831506,6.62919893916564,6.364491023484532,6.3209921632236545
76099,738513.1567769755,6.656227493867373,6.629346934360473,6.356526431272229,6.321594257519352
76100,738513.1575182326,6.656227493867373,6.629346934360473,6.356526431272229,6.321594257519352
76101,738513.1701372617,6.656227493867373,6.629346934360473,6.356526431272229,6.321594257519352
76102,738513.1703322744,6.656227493867373,6.629346934360473,6.356526431272229,6.321594257519352
76103,738513.1768139625,6.656227493867373,6.629346934360473,6.356526431272229,6.321594257519352
76104,738513.1808140641,6.656227493867373,6.629346934360473,6.356526431272229,6.321594257519352
76105,738513.2022598961,6.656227493867373,6.629346934360473,6.356526431272229,6.321594257519352
76109,738513.2766534536,6.6562547401093015,6.623955120192178,6.353242837308641,6.319833856969369
76114,738513.3700601022,5.023557196773764,4.529274427876941,4.426507577417028,4.238112998067826
76123,738513.5075381153,5.023557196773764,4.529274427876941,4.426507577417028,4.238112998067826
76124,738513.5082667829,5.023557196773764,4.529274427876941,4.426507577417028,4.238112998067826
76125,738513.5147811999,6.670901193792372,6.623997783860901,6.3683432238900215,6.322872714546967
76127,738513.5608837116,6.670901193792372,6.623997783860901,6.3683432238900215,6.322872714546967
76129,738513.6075787408,6.670901193792372,6.623997783860901,6.3683432238900215,6.322872714546967
76130,738513.6113382212,6.670901193792372,6.623997783860901,6.3683432238900215,6.322872714546967
76131,738513.6210278232,6.670901193792372,6.623997783860901,6.3683432238900215,6.322872714546967
76133,738513.6445287605,6.670901193792372,6.623997783860901,6.3683432238900215,6.322872714546967
76134,738513.6503265183,6.656512045003265,6.62908960214166,6.356013218818852,6.324006373359202
76143,738513.7136174238,6.656543346276251,6.629120892843623,6.355959915554722,6.323953320309776
76146,738513.7625154437,6.656543346276251,6.629120892843623,6.355959915554722,6.323953320309776
76147,738513.766991729,6.656592383043434,6.629169913051711,6.356008393726565,6.324001570915472
76150,738513.7954440158,6.656614538782153,6.629192061309331,6.3587694861487405,6.324023371480211
76151,738513.8232262955,6.656614538782153,6.629192061309331,6.3587694861487405,6.324023371480211
76155,738513.837290501,6.656614538782153,6.629192061309331,6.3587694861487405,6.324023371480211
76157,738513.8607834852,6.656614538782153,6.629192061309331,6.3587694861487405,6.324023371480211
76158,738513.8676303778,6.6566769760568,6.629254477503479,6.358831223871572,6.324084807931973
76159,738513.8696482385,6.6566769760568,6.629254477503479,6.358831223871572,6.324084807931973
76160,738513.876143479,6.6566769760568,6.629254477503479,6.358831223871572,6.324084807931973
76162,738513.885887368,6.6566769760568,6.629254477503479,6.358831223871572,6.324084807931973
76165,738513.9148682484,6.6566769760568,6.629254477503479,6.358831223871572,6.324084807931973
76167,738513.9412480962,6.6566769760568,6.629254477503479,6.358831223871572,6.324084807931973
76168,738513.973542678,6.6566769760568,6.629254477503479,6.358831223871572,6.324084807931973
76169,738513.9893871509,6.6566769760568,6.629254477503479,6.358831223871572,6.324084807931973
76170,738514.0195062524,6.6566769760568,6.629254477503479,6.358831223871572,6.324084807931973
76171,738514.0256030484,6.6566769760568,6.629254477503479,6.358831223871572,6.324084807931973
76172,738514.0277752558,6.656751171224657,6.623909603418318,6.35616537352267,6.3227251820242785
76173,738514.0301463595,6.656751171224657,6.623909603418318,6.35616537352267,6.3227251820242785
76175,738514.0987707357,6.656751171224657,6.623909603418318,6.35616537352267,6.3227251820242785
76176,738514.1114727476,6.656751171224657,6.623909603418318,6.35616537352267,6.3227251820242785
76177,738514.1346086509,6.656751171224657,6.623909603418318,6.35616537352267,6.3227251820242785
76178,738514.135163945,6.656751171224657,6.623909603418318,6.35616537352267,6.3227251820242785
76180,738514.2083371609,6.656751171224657,6.623909603418318,6.35616537352267,6.3227251820242785
76182,738514.252591117,6.656751171224657,6.623909603418318,6.35616537352267,6.3227251820242785
76185,738514.3605472413,6.656751171224657,6.623909603418318,6.35616537352267,6.3227251820242785
76186,738514.3716312305,6.656160066186524,6.628737742247152,6.358943981571891,6.324197015501173
76188,738514.4035433608,6.656160066186524,6.628737742247152,6.358943981571891,6.324197015501173
76190,738514.4416300153,6.656160066186524,6.628737742247152,6.358943981571891,6.324197015501173
76194,738514.4644196313,6.656160066186524,6.628737742247152,6.358943981571891,6.324197015501173
76196,738514.498421329,6.656160066186524,6.628737742247152,6.358943981571891,6.324197015501173
76199,738514.5472717216,6.656160066186524,6.628737742247152,6.358943981571891,6.324197015501173
76206,738514.6325594931,6.656160066186524,6.628737742247152,6.358943981571891,6.324197015501173
76210,738514.6895965823,6.656160066186524,6.628737742247152,6.358943981571891,6.324197015501173
76216,738514.7772124851,6.656160066186524,6.628737742247152,6.358943981571891,6.324197015501173
76217,738514.893577605,6.656202813443885,6.62878047505646,6.357429096047705,6.322272450436955
76220,738514.9706927593,6.656202813443885,6.62878047505646,6.357429096047705,6.322272450436955
76221,738514.9763514451,6.656202813443885,6.62878047505646,6.357429096047705,6.322272450436955
76223,738514.9879900952,6.656202813443885,6.62878047505646,6.357429096047705,6.322272450436955
76224,738515.0456962953,6.656202813443885,6.62878047505646,6.357429096047705,6.322272450436955
76227,738515.1063496348,6.656202813443885,6.62878047505646,6.357429096047705,6.322272450436955
76230,738515.1501117942,6.656202813443885,6.62878047505646,6.357429096047705,6.322272450436955
76231,738515.1717552025,6.6562413495309265,6.62881899811999,6.354673573605373,6.322310485903438
76233,738515.2044970413,6.6562413495309265,6.62881899811999,6.354673573605373,6.322310485903438
76234,738515.2241803237,4.555933828380741,6.6574233002749255,4.25490383271676,6.354865107515415
76235,738515.224640775,4.560982088381721,6.657403160187615,4.2599520927177394,6.354857073997737
76236,738515.2250086807,4.5686811869714,6.656926844518218,4.267651191307419,6.35439387202721
76237,738515.2255140278,4.278159866367747,6.637148117809971,3.9771298707037657,6.337228268497056
76240,738515.3304764157,6.6793077621687695,6.625478439541698,6.378269651942417,6.319457761283165
76246,738515.3968274528,6.6793077621687695,6.625478439541698,6.378269651942417,6.319457761283165
76248,738515.4882604054,6.6793077621687695,6.625478439541698,6.378269651942417,6.319457761283165
76256,738515.6696146346,6.6793315655316485,6.630422118532435,6.354668458179461,6.319481183707671
76257,738515.6698755269,6.6793315655316485,6.630422118532435,6.354668458179461,6.319481183707671
76258,738515.6749732005,6.6793315655316485,6.630422118532435,6.354668458179461,6.319481183707671
76261,738515.740011086,6.6793315655316485,6.630422118532435,6.354668458179461,6.319481183707671
76264,738515.8419680482,6.6793315655316485,6.630422118532435,6.354668458179461,6.319481183707671
76265,738515.8458471575,6.661533016990155,6.6348407807119205,6.353710685897779,6.330131065072444
76266,738515.8463318489,6.661533016990155,6.6348407807119205,6.353710685897779,6.330131065072444
76267,738515.9134401501,6.661533016990155,6.6348407807119205,6.353710685897779,6.330131065072444
76272,738515.9925953547,6.664762955571992,6.629308432160913,6.3531713372154766,6.319538626283851
76273,738516.0414612319,6.664762955571992,6.629308432160913,6.3531713372154766,6.319538626283851
76275,738516.0966032392,6.664762955571992,6.629308432160913,6.3531713372154766,6.319538626283851
76276,738516.1209195962,6.664762955571992,6.629308432160913,6.3531713372154766,6.319538626283851
76278,738516.1641546099,6.664762955571992,6.629308432160913,6.3531713372154766,6.319538626283851
76279,738516.164997856,6.664762955571992,6.629308432160913,6.3531713372154766,6.319538626283851
76298,738516.5545181197,6.664762955571992,6.629308432160913,6.3531713372154766,6.319538626283851
76301,738516.5746005989,6.664762955571992,6.629308432160913,6.3531713372154766,6.319538626283851
76302,738516.5782158512,6.664762955571992,6.629308432160913,6.3531713372154766,6.319538626283851
76303,738516.5783769684,6.664762955571992,6.629308432160913,6.3531713372154766,6.319538626283851
76309,738516.6982929584,6.664762955571992,6.629308432160913,6.3531713372154766,6.319538626283851
76312,738516.756640496,6.665753973195338,6.620984794587227,6.3540942816848025,6.320567494151621
76313,738516.7604898841,6.797949177306985,6.748260070958284,6.482472888269699,6.446240302383902
76314,738516.7618404451,6.793211877958179,6.748277157371502,6.478392322955343,6.446257203316469
76315,738516.7622938458,6.821389955463544,6.757631594451948,6.500750210978615,6.4480478946190525
76316,738516.7656132068,6.821389955463544,6.757631594451948,6.500750210978615,6.4480478946190525
76317,738516.7659002513,6.793201529098593,6.757660279377881,6.482725527385367,6.448076268155289
76318,738516.7666335894,6.793201529098593,6.757660279377881,6.482725527385367,6.448076268155289
76319,738516.7692560409,6.793201529098593,6.757660279377881,6.482725527385367,6.448076268155289
76320,738516.7725688656,6.797972621102958,6.748362901646151,6.482574986026317,6.446342016907685
76321,738516.7747885032,6.797972621102958,6.748362901646151,6.482574986026317,6.446342016907685
76323,738516.7843694352,6.797972621102958,6.748362901646151,6.482574986026317,6.446342016907685
76324,738516.7849771448,6.793254819595486,6.7577135164304885,6.480513696941939,6.448128927346087
76325,738516.7961113135,6.793725565444162,6.75818379045925,6.480980805906552,6.448594099825526
76327,738516.8099919645,6.793725565444162,6.75818379045925,6.480980805906552,6.448594099825526
76329,738516.826375004,6.793725565444162,6.75818379045925,6.480980805906552,6.448594099825526
76330,738516.8296732474,6.8219587656900345,6.748869348316235,6.484770726436678,6.446842970222177
76331,738516.8298616641,6.798801386448308,6.749190632627542,6.483396823582109,6.447160772891435
76332,738516.8302862009,6.798801386448308,6.749190632627542,6.483396823582109,6.447160772891435
76333,738516.8306278078,6.798801386448308,6.749190632627542,6.483396823582109,6.447160772891435
76334,738516.8316437353,6.798801386448308,6.749190632627542,6.483396823582109,6.447160772891435
76335,738516.8351915551,6.7940881081575455,6.758545970150827,6.4836053826181255,6.448952354301946
76336,738516.8599485139,6.7940881081575455,6.758545970150827,6.4836053826181255,6.448952354301946
76338,738516.8867641337,6.7940881081575455,6.758545970150827,6.4836053826181255,6.448952354301946
76342,738517.0369219888,6.7940881081575455,6.758545970150827,6.4836053826181255,6.448952354301946
76344,738517.1399064728,6.7940881081575455,6.758545970150827,6.4836053826181255,6.448952354301946
76345,738517.1546812813,6.793266992789915,6.757057117986417,6.481356356175436,6.448968094685937
76350,738517.2956519146,6.793266992789915,6.757057117986417,6.481356356175436,6.448968094685937
76352,738517.339322601,6.825725990034143,6.7477576544633076,6.492156639945206,6.447231506044792
76355,738517.3560887777,6.793267942303475,6.757210399119711,6.481618608083479,6.449119191287347
76361,738517.386683136,6.793267942303475,6.757210399119711,6.481618608083479,6.449119191287347
76364,738517.416778629,6.793267942303475,6.757210399119711,6.481618608083479,6.449119191287347
76376,738517.6308481876,6.793267942303475,6.757210399119711,6.481618608083479,6.449119191287347
76379,738517.6909851949,6.818767888010217,6.7573462371420066,6.483177934173939,6.449680799777469
76380,738517.7323619839,6.818767888010217,6.7573462371420066,6.483177934173939,6.449680799777469
76382,738517.7867629181,6.818767888010217,6.7573462371420066,6.483177934173939,6.449680799777469
76385,738517.7977385195,6.793424972973335,6.757367272161321,6.49215951382381,6.4497015372784405
76386,738517.8070938935,6.793424972973335,6.757367272161321,6.49215951382381,6.4497015372784405
76390,738517.8901899143,6.793424972973335,6.757367272161321,6.49215951382381,6.4497015372784405
76391,738517.893106882,6.793424972973335,6.757367272161321,6.49215951382381,6.4497015372784405
76393,738517.9060581408,6.823681854462656,6.757821951310095,6.502433255362537,6.450149788937437
76394,738517.9072223684,6.823681854462656,6.757821951310095,6.502433255362537,6.450149788937437
76396,738518.0082655858,6.823681854462656,6.757821951310095,6.502433255362537,6.450149788937437
76398,738518.0221034045,6.823681854462656,6.757821951310095,6.502433255362537,6.450149788937437
76399,738518.0359759857,6.823681854462656,6.757821951310095,6.502433255362537,6.450149788937437
76400,738518.0406230745,6.793895560551812,6.757863874735177,6.482265040859742,6.450191120053558
76402,738518.0860337957,6.793895560551812,6.757863874735177,6.482265040859742,6.450191120053558
76404,738518.1132539163,6.793895560551812,6.757863874735177,6.482265040859742,6.450191120053558
76407,738518.1572609696,6.793895560551812,6.757863874735177,6.482265040859742,6.450191120053558
76411,738518.1796793443,6.793895560551812,6.757863874735177,6.482265040859742,6.450191120053558
76412,738518.1840407891,6.793895560551812,6.757863874735177,6.482265040859742,6.450191120053558
76413,738518.2003490913,6.793895560551812,6.757863874735177,6.482265040859742,6.450191120053558
76414,738518.2110005682,6.793895560551812,6.757863874735177,6.482265040859742,6.450191120053558
76416,738518.2312258801,6.819234872134184,6.75789914576657,6.505778578891788,6.45022589280702
76417,738518.2467742366,6.819234872134184,6.75789914576657,6.505778578891788,6.45022589280702
76418,738518.2539561939,6.819234872134184,6.75789914576657,6.505778578891788,6.45022589280702
76421,738518.3266026635,6.819234872134184,6.75789914576657,6.505778578891788,6.45022589280702
76422,738518.3312200205,6.819234872134184,6.75789914576657,6.505778578891788,6.45022589280702
76423,738518.3332539842,4.57040914457366,6.753649538343576,4.388258706312591,6.451668036183239
76424,738518.3459618153,6.7988276594613035,6.748366187789488,6.484300824575404,6.44843847563871
76434,738518.4489333403,6.794128617305766,6.750746783263556,6.484650368540483,6.449487373163526
76436,738518.4675078938,6.794128617305766,6.750746783263556,6.484650368540483,6.449487373163526
76437,738518.468170696,6.819568344826082,6.750882320051537,6.484055038084716,6.449620996775997
76438,738518.4728546976,6.819568344826082,6.750882320051537,6.484055038084716,6.449620996775997
76439,738518.4863936536,6.819568344826082,6.750882320051537,6.484055038084716,6.449620996775997
76440,738518.4890119506,6.819568344826082,6.750882320051537,6.484055038084716,6.449620996775997
76441,738518.4992919335,6.819568344826082,6.750882320051537,6.484055038084716,6.449620996775997
76447,738518.595812847,6.819568344826082,6.750882320051537,6.484055038084716,6.449620996775997
76449,738518.6644175958,6.819568344826082,6.750882320051537,6.484055038084716,6.449620996775997
76453,738518.6914487819,6.819568344826082,6.750882320051537,6.484055038084716,6.449620996775997
76460,738518.7771068496,6.819713710835859,6.769280495037752,6.487006282717584,6.449764131442083
76462,738518.7956646495,6.819713710835859,6.769280495037752,6.487006282717584,6.449764131442083
76468,738518.9496269376,6.825965667466746,6.766018558080233,6.493451358181103,6.448898280698386
76469,738518.9669926831,6.825965667466746,6.766018558080233,6.493451358181103,6.448898280698386
76473,738519.096827487,6.825965667466746,6.766018558080233,6.493451358181103,6.448898280698386
76474,738519.1347319374,6.825965667466746,6.766018558080233,6.493451358181103,6.448898280698386
76476,738519.2331747595,6.8238011230914575,6.769345855111454,6.501990038095534,6.448501555285558
76477,738519.3032896857,6.823017866595711,6.769306393653899,6.502111435899134,6.448622302039736
76487,738519.4056206753,6.823017866595711,6.769306393653899,6.502111435899134,6.448622302039736
76496,738519.5738047194,6.823017866595711,6.769306393653899,6.502111435899134,6.448622302039736
76500,738519.6582884185,4.629248717483801,6.754279134450156,4.393540995272044,6.451069196846618
76501,738519.658707728,4.629248717483801,6.754279134450156,4.393540995272044,6.451069196846618
76503,738519.7213622957,4.629248717483801,6.754279134450156,4.393540995272044,6.451069196846618
76506,738519.8248014539,6.818730466120592,6.7649053874318845,6.505565318679301,6.447929731540002
76507,738519.8376059062,6.818730466120592,6.7649053874318845,6.505565318679301,6.447929731540002
76509,738519.8783891986,6.818730466120592,6.7649053874318845,6.505565318679301,6.447929731540002
76511,738519.9003017226,6.818730466120592,6.7649053874318845,6.505565318679301,6.447929731540002
76516,738520.0474902483,4.572617835232738,6.754318926945018,4.320509337748666,6.451108534031608
76532,738520.4647841046,4.572617835232738,6.754318926945018,4.320509337748666,6.451108534031608
76537,738520.6146626766,6.776068438623683,6.757738043629095,6.4700696674835685,6.450392036826433
76538,738520.6156247995,6.776068438623683,6.757738043629095,6.4700696674835685,6.450392036826433
76541,738520.6209780858,6.772083245315801,6.754463285974065,6.46680576467836,6.447663945935978
76544,738520.8112833627,6.772083245315801,6.754463285974065,6.46680576467836,6.447663945935978
76545,738520.8203349878,6.772083245315801,6.754463285974065,6.46680576467836,6.447663945935978
76548,738520.8239645659,6.772083245315801,6.754463285974065,6.46680576467836,6.447663945935978
76551,738520.9394469645,6.772083245315801,6.754463285974065,6.46680576467836,6.447663945935978
76552,738520.9681967369,6.043541546179882,6.751602866929852,5.736810418355734,6.446755815226239
76553,738521.0086667677,6.804698530823851,6.752790980396612,6.494746980727965,6.441618460936376
76557,738521.1948440942,6.804698530823851,6.752790980396612,6.494746980727965,6.441618460936376
76558,738521.2683082403,6.804698530823851,6.752790980396612,6.494746980727965,6.441618460936376
76567,738521.4900972487,6.804698530823851,6.752790980396612,6.494746980727965,6.441618460936376
76570,738521.586660691,6.804698530823851,6.752790980396612,6.494746980727965,6.441618460936376
76571,738521.6127560615,6.804698530823851,6.752790980396612,6.494746980727965,6.441618460936376
76572,738521.6358801443,6.804698530823851,6.752790980396612,6.494746980727965,6.441618460936376
76573,738521.6489085859,6.781259872270223,6.752808621212318,6.47002656683277,6.441635903675921
76574,738521.6546634242,6.781259872270223,6.752808621212318,6.47002656683277,6.441635903675921
76575,738521.6791271826,6.801280178535147,6.755613693598223,6.492756992790128,6.442540572914751
76583,738521.8328955137,4.395558288755217,6.747020819939535,4.34914414273822,6.440505123157606
76584,738521.8765659446,4.395558288755217,6.747020819939535,4.34914414273822,6.440505123157606
76586,738521.9439237289,4.395558288755217,6.747020819939535,4.34914414273822,6.440505123157606
76587,738522.0775909226,6.787718272087962,6.7587024481599505,6.475011519206777,6.4493594310965285
76589,738522.0974579178,6.787734401213925,6.758718555967721,6.475027511801223,6.44937539855603
76590,738522.1034600021,6.787734401213925,6.758718555967721,6.475027511801223,6.44937539855603
76602,738522.3893407225,6.787734401213925,6.758718555967721,6.475027511801223,6.44937539855603
76611,738522.578304461,6.787734401213925,6.758718555967721,6.475027511801223,6.44937539855603
76617,738522.7916645209,6.788056026621821,6.75903975644185,6.475399940946101,6.449474248173001
76620,738522.8414110458,4.488863675181277,6.749823794405085,4.239482042111546,6.448755222835061
76625,738522.9852313437,5.159883553667941,6.786059997684853,4.427910092967523,6.470954141244676
76627,738523.1168254543,5.14660151792056,4.192590370165744,4.845571522256579,4.324166412328549
76645,738523.7177432484,5.14660151792056,4.192590370165744,4.845571522256579,4.324166412328549
76655,738524.0692235501,5.14660151792056,4.192590370165744,4.845571522256579,4.324166412328549
76659,738524.2208592952,6.79102002526285,6.753228206584485,6.482176564835942,6.445722096293075
76668,738524.4109401429,4.953087784053974,4.890456555719592,4.392121538523478,4.323195634202611
76682,738524.85117142,4.953087784053974,4.890456555719592,4.392121538523478,4.323195634202611
76683,738524.8827737154,4.953087784053974,4.890456555719592,4.392121538523478,4.323195634202611
76690,738525.2152292527,4.953087784053974,4.890456555719592,4.392121538523478,4.323195634202611
76691,738525.2829499674,4.953087784053974,4.890456555719592,4.392121538523478,4.323195634202611
76692,738525.295319023,4.953087784053974,4.890456555719592,4.392121538523478,4.323195634202611
76693,738525.2976377691,4.953087784053974,4.890456555719592,4.392121538523478,4.323195634202611
76694,738525.2995279252,4.953087784053974,4.890456555719592,4.392121538523478,4.323195634202611
76695,738525.3024702423,4.953087784053974,4.890456555719592,4.392121538523478,4.323195634202611
76696,738525.3049609744,4.953087784053974,4.890456555719592,4.392121538523478,4.323195634202611
76697,738525.3149376644,4.953087784053974,4.890456555719592,4.392121538523478,4.323195634202611
76698,738525.3174444074,6.814495033060007,6.75355786816794,6.484607147119222,6.44564748273029
76699,738525.3187306301,6.814495033060007,6.75355786816794,6.484607147119222,6.44564748273029
76700,738525.3201846844,6.79408206502924,6.754066452153756,6.482666518671039,6.446151885378773
76701,738525.3216223256,6.789010922442967,6.754479406385053,6.477452025174766,6.446561448066082
76702,738525.3223628282,6.794619025985265,6.7546026129515635,6.483199226157478,6.446683643371043
76703,738525.3243530253,6.794619025985265,6.7546026129515635,6.483199226157478,6.446683643371043
76704,738525.3321402185,6.794619025985265,6.7546026129515635,6.483199226157478,6.446683643371043
76705,738525.3349813543,6.789153415100048,6.754621692263714,6.477593389694583,6.44670256610842
76706,738525.3398164562,6.789153415100048,6.754621692263714,6.477593389694583,6.44670256610842
76707,738525.3403513118,6.789153415100048,6.754621692263714,6.477593389694583,6.44670256610842
76708,738525.3423379875,6.789153415100048,6.754621692263714,6.477593389694583,6.44670256610842
76710,738525.3449881276,6.789153415100048,6.754621692263714,6.477593389694583,6.44670256610842
76711,738525.3482630842,6.789153415100048,6.754621692263714,6.477593389694583,6.44670256610842
76714,738525.3567815302,6.789153415100048,6.754621692263714,6.477593389694583,6.44670256610842
76716,738525.3648950601,6.789153415100048,6.754621692263714,6.477593389694583,6.44670256610842
76717,738525.3655580562,6.789153415100048,6.754621692263714,6.477593389694583,6.44670256610842
76718,738525.3684373823,6.794669121136071,6.754652633502902,6.483248924751777,6.446733253442185
76719,738525.3766356701,6.794669121136071,6.754652633502902,6.483248924751777,6.446733253442185
76724,738525.3961582184,6.794684123576399,6.754667613603936,6.483263808440631,6.446748110622173
76725,738525.3989804686,6.794684123576399,6.754667613603936,6.483263808440631,6.446748110622173
76726,738525.4006353172,6.794684123576399,6.754667613603936,6.483263808440631,6.446748110622173
76727,738525.400837109,6.794684123576399,6.754667613603936,6.483263808440631,6.446748110622173
76729,738525.4188275207,6.794684123576399,6.754667613603936,6.483263808440631,6.446748110622173
76730,738525.4190528608,6.794684123576399,6.754667613603936,6.483263808440631,6.446748110622173
76731,738525.4287138158,6.794711109725386,6.7546945595712975,6.483290580991614,6.4467748354916985
76732,738525.4320363185,6.794711109725386,6.7546945595712975,6.483290580991614,6.4467748354916985
76733,738525.4338690452,6.794711109725386,6.7546945595712975,6.483290580991614,6.4467748354916985
76736,738525.4511692504,6.794925408785731,6.754908539634798,6.484754287138903,6.446496975881643
76737,738525.4698348807,6.794925408785731,6.754908539634798,6.484754287138903,6.446496975881643
76738,738525.4840769318,6.794925408785731,6.754908539634798,6.484754287138903,6.446496975881643
76740,738525.5112609599,6.794925408785731,6.754908539634798,6.484754287138903,6.446496975881643
76741,738525.529723072,6.789494489945779,6.754962272433268,6.47793176568694,6.446550262151038
76742,738525.5323612888,6.789494489945779,6.754962272433268,6.47793176568694,6.446550262151038
76743,738525.5325472567,6.7895135811417076,6.754981335951839,6.478867743956648,6.446569167261559
76744,738525.5347486744,6.789584504309809,6.755052156310106,6.478938115165797,6.446639399199403
76745,738525.5352614669,6.789584504309809,6.755052156310106,6.478938115165797,6.446639399199403
76746,738525.5381831055,6.789584504309809,6.755052156310106,6.478938115165797,6.446639399199403
76747,738525.5429352104,6.789584504309809,6.755052156310106,6.478938115165797,6.446639399199403
76748,738525.5460861691,6.789584504309809,6.755052156310106,6.478938115165797,6.446639399199403
76752,738525.5571791999,6.789584504309809,6.755052156310106,6.478938115165797,6.446639399199403
76755,738525.5754026662,6.79845049169624,6.758428397744647,6.4870004923539835,6.450478167858535
76756,738525.5778218536,6.79845049169624,6.758428397744647,6.4870004923539835,6.450478167858535
76757,738525.5788949304,6.79845049169624,6.758428397744647,6.4870004923539835,6.450478167858535
76758,738525.5811789939,6.79845049169624,6.758428397744647,6.4870004923539835,6.450478167858535
76759,738525.5814097569,6.79845049169624,6.758428397744647,6.4870004923539835,6.450478167858535
76760,738525.5824910703,6.79845049169624,6.758428397744647,6.4870004923539835,6.450478167858535
76761,738525.5864613814,6.79845049169624,6.758428397744647,6.4870004923539835,6.450478167858535
76763,738525.592756249,6.79845049169624,6.758428397744647,6.4870004923539835,6.450478167858535
76764,738525.5971454162,6.793150673309963,6.758613177367022,6.4815591501472385,6.450170955389487
76766,738525.6038773416,6.793150673309963,6.758613177367022,6.4815591501472385,6.450170955389487
76771,738525.6618887311,6.798672035345541,6.7586496144389585,6.487220297872773,6.450697585341378
76775,738525.9076154499,6.798672035345541,6.7586496144389585,6.487220297872773,6.450697585341378
76781,738526.056280124,6.81947035373328,6.759240002658617,6.4878562561632425,6.451332422039835
76782,738526.0569375126,6.81947035373328,6.759240002658617,6.4878562561632425,6.451332422039835
76785,738526.0841714961,6.81947035373328,6.759240002658617,6.4878562561632425,6.451332422039835
76787,738526.1233767903,6.81474095075487,6.759310132006136,6.482300960020677,6.45140197407913
76789,738526.2009099781,6.814765020777837,6.759334167481522,6.483242430709858,6.4509352387722965
76791,738526.2403569691,6.814765020777837,6.759334167481522,6.483242430709858,6.4509352387722965
76792,738526.2491487989,6.814765020777837,6.759334167481522,6.483242430709858,6.4509352387722965
76805,738526.5578888289,6.819678531337647,6.759447873602555,6.48806278005068,6.451538582049077
76811,738526.711802015,4.970159743727799,4.117303612973381,4.3625945737077565,4.1995337946230125
76812,738526.7822258163,4.970159743727799,4.117303612973381,4.3625945737077565,4.1995337946230125
76816,738526.9456319496,4.970159743727799,4.117303612973381,4.3625945737077565,4.1995337946230125
76824,738527.116957516,4.970159743727799,4.117303612973381,4.3625945737077565,4.1995337946230125
76826,738527.134602311,6.6954305336157764,6.635350913365554,6.4880780169483385,6.454575760202588
76827,738527.158000991,6.6954305336157764,6.635350913365554,6.4880780169483385,6.454575760202588
76828,738527.1824769992,6.6954305336157764,6.635350913365554,6.4880780169483385,6.454575760202588
76829,738527.1974706161,6.6954305336157764,6.635350913365554,6.4880780169483385,6.454575760202588
76830,738527.2029600483,6.690513420124812,6.635240593277938,6.482476100361857,6.454598781945306
76831,738527.2217037558,6.695423686329711,6.635344079499061,6.488178315239276,6.454675887937802
76832,738527.33596688,6.695423686329711,6.635344079499061,6.488178315239276,6.454675887937802
76837,738527.4609752445,6.695423686329711,6.635344079499061,6.488178315239276,6.454675887937802
76839,738527.4652321872,6.69014085830021,6.634868743333633,6.482568049947561,6.454690578629139
76840,738527.4671916468,6.69014085830021,6.634868743333633,6.482568049947561,6.454690578629139
76846,738527.6040318186,6.69014085830021,6.634868743333633,6.482568049947561,6.454690578629139
76849,738527.7673568117,6.69014085830021,6.634868743333633,6.482568049947561,6.454690578629139
76855,738527.8779810565,6.69014085830021,6.634868743333633,6.482568049947561,6.454690578629139
76891,738528.8835288999,6.69014085830021,6.634868743333633,6.482568049947561,6.454690578629139
76895,738529.0499686296,6.285920930228078,6.225367590218398,6.482934472391574,6.455056392074543
76897,738529.1941771595,4.917892283955744,6.2438553670390355,3.980601269393376,6.4792002790217165
76923,738529.5975472024,4.917892283955744,6.2438553670390355,3.980601269393376,6.4792002790217165
76927,738529.6385149728,4.917892283955744,6.2438553670390355,3.980601269393376,6.4792002790217165
76930,738529.6480764664,4.917892283955744,6.2438553670390355,3.980601269393376,6.4792002790217165
76932,738529.6817998118,4.917892283955744,6.2438553670390355,3.980601269393376,6.4792002790217165
76933,738529.6977493743,4.917892283955744,6.2438553670390355,3.980601269393376,6.4792002790217165
76934,738529.7035277185,4.917892283955744,6.2438553670390355,3.980601269393376,6.4792002790217165
76935,738529.717995192,4.917892283955744,6.2438553670390355,3.980601269393376,6.4792002790217165
76941,738529.9429251129,6.288941659200589,6.225337360764493,6.497148058207544,6.45464809425201
76948,738530.0350764003,6.289319175150394,6.225712893742921,6.48824285989982,6.454756990330481
76958,738530.260469847,6.289319175150394,6.225712893742921,6.48824285989982,6.454756990330481
76960,738530.2940699941,6.289319175150394,6.225712893742921,6.48824285989982,6.454756990330481
76963,738530.3193737331,6.289319175150394,6.225712893742921,6.48824285989982,6.454756990330481
76965,738530.3578613782,6.289319175150394,6.225712893742921,6.48824285989982,6.454756990330481
76989,738530.7227533051,6.289319175150394,6.225712893742921,6.48824285989982,6.454756990330481
77003,738531.043997465,6.310629937122421,6.232512503006805,6.49886100025372,6.454495872217106
77004,738531.0443661712,6.310718487389235,6.232600806177098,6.498886606318436,6.4545214330765095
77009,738531.1729142604,6.310718487389235,6.232600806177098,6.498886606318436,6.4545214330765095
77013,738531.2393116952,6.310718487389235,6.232600806177098,6.498886606318436,6.4545214330765095
77032,738531.5158582448,6.310718487389235,6.232600806177098,6.498886606318436,6.4545214330765095
77045,738531.6834677266,6.310718487389235,6.232600806177098,6.498886606318436,6.4545214330765095
77047,738531.8094120704,6.310718487389235,6.232600806177098,6.498886606318436,6.4545214330765095
77065,738532.3568396543,6.310718487389235,6.232600806177098,6.498886606318436,6.4545214330765095
77085,738532.8143516877,5.482542835514088,5.401595419239469,6.497533461731807,6.453170680999057
77094,738533.2947198633,5.469965388769839,5.390114947172473,6.517553201453031,6.453194608726844
77099,738533.3567450313,5.469965388769839,5.390114947172473,6.517553201453031,6.453194608726844
77105,738533.5549277446,5.462513033318542,5.382974217381598,6.517575572155614,6.45321693819251
77118,738533.865521581,5.462513033318542,5.382974217381598,6.517575572155614,6.45321693819251
77147,738535.0382837256,5.459411183589169,5.3758024267205196,6.517638615162176,6.459078546827422
77225,738535.2420167985,5.459411183589169,5.3758024267205196,6.517638615162176,6.459078546827422
77283,738535.5447094801,5.459411183589169,5.3758024267205196,6.517638615162176,6.459078546827422
77301,738535.8731755029,5.445607387057226,5.368437877708579,6.490360365825038,6.446241120485389
77312,738535.9707832595,5.445607387057226,5.368437877708579,6.490360365825038,6.446241120485389
77362,738536.7754572568,5.445607387057226,5.368437877708579,6.490360365825038,6.446241120485389
77364,738536.9489853235,5.455069040094945,5.386166861019322,6.493800239137416,6.457001082104795
77365,738536.9810288275,4.441458710466826,5.147471866789429,4.285996368584649,3.9807443629243386
77366,738536.9829799447,4.459388666163467,5.379706790092754,4.166218100482374,6.455080411323211
77374,738537.1086933216,4.429491694871531,5.0529944831818225,3.8619212712384385,6.450702746853309
77386,738537.3817656151,4.446761504491898,5.05885041326765,4.171719041411614,6.452921967949854
77405,738537.7991457555,4.446761504491898,5.05885041326765,4.171719041411614,6.452921967949854
77443,738538.5896685668,4.40235142302559,5.049043237590447,4.623468055989842,6.461503052123812
77447,738538.6938532307,4.40235142302559,5.049043237590447,4.623468055989842,6.461503052123812
77493,738539.7357076342,4.40235142302559,5.049043237590447,4.623468055989842,6.461503052123812
77497,738539.8517023398,4.40235142302559,5.049043237590447,4.623468055989842,6.461503052123812
77499,738539.9241458678,4.40235142302559,5.049043237590447,4.623468055989842,6.461503052123812
77500,738539.9269568797,4.41965565479025,4.86299661690624,3.9798234806228,3.94652776191377
77501,738539.9278296833,4.41965565479025,4.86299661690624,3.9798234806228,3.94652776191377
77535,738540.7615409705,4.41965565479025,4.86299661690624,3.9798234806228,3.94652776191377
77540,738540.895371911,4.41965565479025,4.86299661690624,3.9798234806228,3.94652776191377
77552,738541.1470473295,4.41965565479025,4.86299661690624,3.9798234806228,3.94652776191377
77567,738541.4701722595,4.434260066674382,4.859690771685011,3.8374158635186535,3.7277506426164333
77568,738541.4750656277,4.422157251413285,4.851888626262838,3.8260564603619964,3.7492740883990647
77592,738541.9403724985,4.422157251413285,4.851888626262838,3.8260564603619964,3.7492740883990647
77618,738542.440434823,4.031183368329993,4.4221656894781445,4.713703592128406,3.8345520515179214
77621,738542.4969023367,4.434735417764754,4.414557488636166,3.823279574376211,3.8170490407145157
77625,738542.6556279069,4.490234641546617,4.4827951324853235,6.343234031706136,6.330044236415968
77626,738542.6801878886,4.532346425164191,4.477485339301376,6.385475831984182,6.3300858543283605
77627,738542.7860640723,4.532346425164191,4.477485339301376,6.385475831984182,6.3300858543283605
77653,738543.5103985954,4.476000748465222,4.4931278319223,3.971699370111208,5.917207598608852
77676,738544.0641097607,4.476000748465222,4.4931278319223,3.971699370111208,5.917207598608852
77681,738544.2016827337,4.395757831409295,4.237776507563514,4.152029694747774,5.9274158724011725
77722,738545.1871790027,4.395757831409295,4.237776507563514,4.152029694747774,5.9274158724011725
77750,738545.5799517252,4.4679925532787825,4.511863598661449,3.9543620083067386,5.9277696975678404
77762,738545.944951652,4.26895400707326,4.467068225359857,4.839830887741365,3.915586819196003
77787,738546.399332429,4.528595885955706,4.316547209929083,5.95793354632781,5.919969536899871
77791,738546.5367320097,4.528595885955706,4.316547209929083,5.95793354632781,5.919969536899871
77792,738546.5371030481,4.528595885955706,4.316547209929083,5.95793354632781,5.919969536899871
77793,738546.5393515198,4.486125496854073,4.31422984441591,5.982316575892034,5.920019821869971
77794,738546.5405102769,4.486125496854073,4.31422984441591,5.982316575892034,5.920019821869971
77795,738546.5421489174,4.486125496854073,4.31422984441591,5.982316575892034,5.920019821869971
77796,738546.5447887292,4.486125496854073,4.31422984441591,5.982316575892034,5.920019821869971
77797,738546.5452749695,4.486125496854073,4.31422984441591,5.982316575892034,5.920019821869971
77798,738546.5481766897,4.486125496854073,4.31422984441591,5.982316575892034,5.920019821869971
77799,738546.550539822,4.486125496854073,4.31422984441591,5.982316575892034,5.920019821869971
77800,738546.5509920424,4.486125496854073,4.31422984441591,5.982316575892034,5.920019821869971
77801,738546.5542119583,4.486125496854073,4.31422984441591,5.982316575892034,5.920019821869971
77803,738546.5597625762,4.562406907850576,4.2896200971056615,5.97721678053537,5.920110263385755
77805,738546.5678159739,4.562406907850576,4.2896200971056615,5.97721678053537,5.920110263385755
77806,738546.5691527494,4.561825933452146,4.2834683786822385,5.9667684382460395,5.920210556811252
77807,738546.5707113486,4.561825933452146,4.2834683786822385,5.9667684382460395,5.920210556811252
77809,738546.5739360615,4.561825933452146,4.2834683786822385,5.9667684382460395,5.920210556811252
77810,738546.5777329602,4.561825933452146,4.2834683786822385,5.9667684382460395,5.920210556811252
77811,738546.5785490186,4.561825933452146,4.2834683786822385,5.9667684382460395,5.920210556811252
77813,738546.5798939777,4.561825933452146,4.2834683786822385,5.9667684382460395,5.920210556811252
77817,738546.6161801,4.561825933452146,4.2834683786822385,5.9667684382460395,5.920210556811252
77819,738546.7714393688,4.252430570358306,4.350461320091893,4.279258983154029,5.141239112288343
77827,738547.0539468194,4.252430570358306,4.350461320091893,4.279258983154029,5.141239112288343
77834,738547.2359100786,4.546465168932949,4.360999225897377,5.168819637590454,5.122532729932686
77854,738547.9235157181,4.546465168932949,4.360999225897377,5.168819637590454,5.122532729932686
77885,738549.1264545714,4.151696987561212,4.2949278026773845,4.685614914973379,4.021823020831512
77891,738549.2468647405,4.468612621111592,4.38591949331988,4.848032281529144,5.109319468159374
77899,738549.4144552422,4.468612621111592,4.38591949331988,4.848032281529144,5.109319468159374
77909,738549.5863020422,4.468612621111592,4.38591949331988,4.848032281529144,5.109319468159374
77929,738550.0495069704,4.468612621111592,4.38591949331988,4.848032281529144,5.109319468159374
77930,738550.0602468916,4.468612621111592,4.38591949331988,4.848032281529144,5.109319468159374
77931,738550.1394294996,4.468612621111592,4.38591949331988,4.848032281529144,5.109319468159374
77946,738550.5547672019,4.468612621111592,4.38591949331988,4.848032281529144,5.109319468159374
77950,738550.7562876336,4.468612621111592,4.38591949331988,4.848032281529144,5.109319468159374
77953,738550.8364172622,4.468612621111592,4.38591949331988,4.848032281529144,5.109319468159374
77957,738550.8906703552,4.468612621111592,4.38591949331988,4.848032281529144,5.109319468159374
77960,738551.0200776513,4.468612621111592,4.38591949331988,4.848032281529144,5.109319468159374
78015,738552.790817169,4.468612621111592,4.38591949331988,4.848032281529144,5.109319468159374
78039,738554.367359637,4.015729212069425,4.053970650871809,3.7146992164054433,4.1300729253236
78079,738555.0679740824,4.015729212069425,4.053970650871809,3.7146992164054433,4.1300729253236
78084,738555.2651721468,4.402660694318363,4.392973195960595,4.800648711482264,4.790541814705402
78086,738555.3433418252,4.402660694318363,4.392973195960595,4.800648711482264,4.790541814705402
78091,738555.6071677153,4.402660694318363,4.392973195960595,4.800648711482264,4.790541814705402
78092,738555.6445458564,4.158180779314171,4.18716558919494,4.6483477223718435,4.5955818551621315
78093,738555.7055322212,4.133491028317076,4.163141272278106,4.625315784690609,4.585724610503433
78094,738555.7084641366,4.051030827203185,4.234765229077433,4.131810840473667,3.9709501180701263
