Index,Time[d.s],logM_T(15)_S(17)_EvLim(20),logM_T(15)_S(33)_EvLim(20),logM_T(30)_S(17)_EvLim(20),logM_T(30)_S(33)_EvLim(20)
78747,736352.5208303089,1.150215428178566,1.150215428178566,0.575107714089283,0.5736587976067846
78847,736356.3225489159,1.1866691732382546,1.1865774788029155,0.5933345866191273,0.5931968259983716
78851,736356.7119766026,1.1875208063701925,1.1875208063701925,0.5937604031850963,0.568448082700493
78855,736356.9591998712,1.1875208063701925,1.1875208063701925,0.5937604031850963,0.568448082700493
78863,736357.4772848444,1.1875208063701925,1.1875208063701925,0.5937604031850963,0.568448082700493
79235,736365.4647004525,1.1427040444149859,1.184727034375436,0.5707916443800525,0.592363517187718
79297,736366.1926795649,1.1891303748013748,1.1891303748013748,0.5708388862815406,0.5934420158744876
79343,736367.3530752623,1.1870991319694078,1.1870991319694078,0.5930344803320479,0.5935043956346592
79592,736369.8707583396,1.1870991319694078,1.1870991319694078,0.5930344803320479,0.5935043956346592
79715,736371.6285873421,1.189679579774245,1.189679579774245,0.593419573137233,0.5944449891891146
79717,736371.7193502259,1.189679579774245,1.189679579774245,0.593419573137233,0.5944449891891146
79746,736372.5010638057,1.1893920564934441,1.1895468137451013,0.5724268867769037,0.5932382866977587
79759,736372.824233219,1.1895958932649775,1.1897495676859147,0.5728954933687154,0.5933509605781322
79760,736372.8249402477,1.1897495676859147,1.1899024307496286,0.5732411171239975,0.5934358513057567
79761,736372.8315747085,1.1901932961851183,1.1902373442350744,0.5742047140742107,0.5936807066069396
79788,736373.7391788458,1.1901932961851183,1.1902373442350744,0.5742047140742107,0.5936807066069396
79826,736375.0299575755,1.187947145945955,1.1900542818159436,0.5758265091697112,0.5936260989275054
79836,736375.9561327159,1.187947145945955,1.1900542818159436,0.5758265091697112,0.5936260989275054
79845,736376.9179841441,1.187947145945955,1.1900542818159436,0.5758265091697112,0.5936260989275054
79880,736378.337519875,1.1903658406274786,1.1880687549760973,0.5937976149938032,0.5944542485368267
79896,736378.8573860006,1.1879096034382706,1.1902657388771039,0.5939548017191353,0.5760779161372164
79966,736381.0981808496,1.1907039168144578,1.187998284611286,0.5953519584072289,0.5945874577781235
79969,736381.3049713935,1.1888052231826456,1.1888052231826456,0.5944026115913228,0.5947078665253424
79993,736382.1916868547,1.1907631273976034,1.1889885355800882,0.5953815636988017,0.5935176240784437
79995,736382.2109098262,1.1882496353275716,1.188985125856881,0.5941248176637858,0.5934124151732417
80093,736386.6214556714,1.1893503483416041,1.1886394684000627,0.5946547986583041,0.5941620529162731
80098,736386.9389379278,1.1872890238193754,1.1879205025358743,0.5936445119096877,0.5939602512679372
80129,736388.2270279784,1.1872890238193754,1.1879205025358743,0.5936445119096877,0.5939602512679372
81754,736392.808184974,1.1881021526041773,1.188708477232106,0.5951766671791676,0.594300119332626
82889,736396.5206712282,1.2017592960679973,1.2017592960679973,0.6010966571107219,0.6012895053594682
83382,736399.3214619871,1.1845235500907223,1.1508427472594043,0.5922617750453611,0.5942702772841464
83542,736400.1788471275,1.1515713164875407,1.1847531708853274,0.5949402998714284,0.6015284184875249
84051,736403.9798852889,1.1837343474347826,1.1837632657646349,0.5945370094176464,0.6010193257081112
84206,736405.2172648703,1.1837343474347826,1.1837632657646349,0.5945370094176464,0.6010193257081112
84259,736405.6927815959,1.1837343474347826,1.1837632657646349,0.5945370094176464,0.6010193257081112
84260,736405.6943377539,1.184517097758408,1.183052928326495,0.601241396424865,0.6007983662304056
84302,736406.2053082178,1.184517097758408,1.183052928326495,0.601241396424865,0.6007983662304056
84342,736406.8073902237,1.149184687091391,1.183455785868582,0.5941956284473929,0.592396372123968
84506,736409.4114442819,1.1843518534793203,1.184463788971245,0.5950818571711962,0.5775507123092514
84615,736411.0301297993,1.1843518534793203,1.184463788971245,0.5950818571711962,0.5775507123092514
84616,736411.0358808687,1.1843518534793203,1.184463788971245,0.5950818571711962,0.5775507123092514
84617,736411.0361628748,1.1843204221147587,1.183074748486534,0.5932317529512879,0.6006130052874027
84660,736411.7344468365,1.1839220037801013,1.1848039737223615,0.5760097170941763,0.5925859460515963
84744,736413.0346659237,1.1839220037801013,1.1848039737223615,0.5760097170941763,0.5925859460515963
84796,736413.8770996481,1.1839220037801013,1.1848039737223615,0.5760097170941763,0.5925859460515963
84889,736415.6531676596,1.1839943732105036,1.1849394954675476,0.5734469772343924,0.5924665675892288
84918,736416.0591277172,1.1839943732105036,1.1849394954675476,0.5734469772343924,0.5924665675892288
84966,736416.9249881544,1.1838551528009815,1.1845125392413844,0.573303313865402,0.5924280922755231
85013,736417.5895696637,1.1841947791828937,1.184579253211289,0.5736857499602178,0.5924191017790902
85017,736417.6677688587,1.1838643777171194,1.1844106971318173,0.5736293018670443,0.5922999766322093
85085,736418.8662566455,1.1842347024182802,1.1842347024182802,0.5921173512091401,0.5921173512091401
85094,736418.980096847,1.1833385352806627,1.1843636158932045,0.592252419424843,0.5921959563960068
85121,736419.5695053007,1.1833385352806627,1.1843636158932045,0.592252419424843,0.5921959563960068
85129,736419.8824112739,1.1833385352806627,1.1843636158932045,0.592252419424843,0.5921959563960068
85162,736420.4753203047,1.1836720466178998,1.1837322867960391,0.5747555276051484,0.5736080392468696
85169,736420.6046937226,1.1836970118007908,1.1838403411893366,0.5918485059003954,0.5916549441939091
85222,736421.5890243981,1.1836970118007908,1.1838403411893366,0.5918485059003954,0.5916549441939091
85298,736423.5219607478,1.1828679435584197,1.1836122686036217,0.5916227652452248,0.5918307218728925
85395,736425.4954203919,1.225023220503271,1.224938255353101,0.6124408426841835,0.6124628696574431
85514,736428.8661635749,1.225023220503271,1.224938255353101,0.6124408426841835,0.6124628696574431
85553,736429.8949614189,1.1836953186433803,1.1836953186433803,0.5923171219022897,0.5923171219022897
85582,736430.457789359,1.1844184846167383,1.1851244660732827,0.5924673769039174,0.5925622330366414
85609,736430.9630623359,1.1834551806983908,1.2251956105295234,0.5917013492093702,0.6125944672270397
85610,736430.9654603208,1.1829033672047067,1.2251726546849935,0.591985661116712,0.6126138800627727
85617,736431.0194263319,1.1829033672047067,1.2251726546849935,0.591985661116712,0.6126138800627727
85624,736431.1813445565,1.2197058368573226,1.1852825201152484,0.5917408048875412,0.592588027865498
85758,736433.7673682701,1.219699518907534,1.2247665809708574,0.5919282131419619,0.6124251714104366
85775,736433.9940583762,1.219699518907534,1.2247665809708574,0.5919282131419619,0.6124251714104366
85796,736434.2966482104,1.219699518907534,1.2247665809708574,0.5919282131419619,0.6124251714104366
85856,736435.3743735303,1.2248534324911065,1.2191879257076077,0.6123906826756509,0.6123322265326829
85875,736435.8750407825,1.21988085838107,1.1515746753083493,0.592202075565577,0.5924277672644375
85950,736437.418688408,1.21988085838107,1.1515746753083493,0.592202075565577,0.5924277672644375
85972,736437.9878239571,1.21988085838107,1.1515746753083493,0.592202075565577,0.5924277672644375
85999,736438.4781176616,1.21988085838107,1.1515746753083493,0.592202075565577,0.5924277672644375
86086,736440.1748110827,1.2202198256752872,1.2201419391747488,0.5928721788629842,0.6100109665943317
86140,736441.047356516,1.2202198256752872,1.2201419391747488,0.5928721788629842,0.6100109665943317
86205,736442.7546663126,1.2202198256752872,1.2201419391747488,0.5928721788629842,0.6100109665943317
86310,736445.4466078234,1.2199205382824656,1.2198509024767807,0.5921468072811197,0.5927552509327737
86411,736446.7019615702,1.2199205382824656,1.2198509024767807,0.5921468072811197,0.5927552509327737
86461,736447.4914611196,1.2200653132319854,1.2200732579237843,0.5931975822748699,0.5779754658168891
86503,736448.3912684021,1.2201495107909481,1.2199167473858232,0.6098799958211166,0.5921450886125899
86505,736448.3931699167,1.2203323096103977,1.2202212694496415,0.6100197309177707,0.5923126822580055
86577,736449.8439159422,1.2200009924243875,1.2200009924243875,0.5778933928984399,0.6100216370780104
86587,736450.1064885663,1.2200009924243875,1.2200009924243875,0.5778933928984399,0.6100216370780104
86690,736452.1868877016,1.2200340244346985,1.220001411529909,0.5779033823111,0.5768860765405744
86722,736452.748121311,1.2203658425913924,1.2199461226687105,0.6098948480455769,0.6099333054251753
86735,736453.0113888994,1.2203658425913924,1.2199461226687105,0.6098948480455769,0.6099333054251753
86737,736453.0416733748,1.2203658425913924,1.2199461226687105,0.6098948480455769,0.6099333054251753
86835,736454.6887224431,1.2203658425913924,1.2199461226687105,0.6098948480455769,0.6099333054251753
86858,736455.3413526501,1.2203658425913924,1.2199461226687105,0.6098948480455769,0.6099333054251753
86872,736455.5298389825,1.2204003713897238,1.2204003713897238,0.6102001856948619,0.6098295466696037
86903,736456.0070090202,1.2204003713897238,1.2204003713897238,0.6102001856948619,0.6098295466696037
86936,736456.8171144929,1.2199848693585007,1.220019989098814,0.6099951034313479,0.6099430990345825
86981,736457.6590609616,1.2199848693585007,1.220019989098814,0.6099951034313479,0.6099430990345825
87010,736458.4040822939,1.2200249376556969,1.220019989098814,0.6099265020755048,0.6099754772591353
87025,736458.8119854907,1.2200249376556969,1.220019989098814,0.6099265020755048,0.6099754772591353
87072,736459.9835299482,1.2200249376556969,1.220019989098814,0.6099265020755048,0.6099754772591353
87102,736460.8914842231,1.2200249376556969,1.220019989098814,0.6099265020755048,0.6099754772591353
87340,736467.058445922,1.2200249376556969,1.220019989098814,0.6099265020755048,0.6099754772591353
87357,736467.5327648005,1.1573254414130714,1.2204201539303023,0.6100726027930142,0.6103159116849931
87376,736468.1047825807,1.1573254414130714,1.2204201539303023,0.6100726027930142,0.6103159116849931
87380,736468.1982527536,1.1561118465349374,1.1561118465349374,0.6101671324715148,0.6101267603861625
87445,736470.3820840215,1.1561118465349374,1.1561118465349374,0.6101671324715148,0.6101267603861625
87461,736470.8697845849,1.1550171041640833,1.153700467393048,0.6100187482992238,0.6098712791631955
87550,736473.5567323213,1.1550171041640833,1.153700467393048,0.6100187482992238,0.6098712791631955
87554,736473.5975869038,1.1550171041640833,1.153700467393048,0.6100187482992238,0.6098712791631955
87568,736474.2223289666,1.1550171041640833,1.153700467393048,0.6100187482992238,0.6098712791631955
87614,736475.300525995,1.1519986754365539,1.1519986754365539,0.5759993377182769,0.5759993377182769
87681,736476.7510027162,1.1519986754365539,1.1519986754365539,0.5759993377182769,0.5759993377182769
87799,736480.8957777733,1.1633986016586018,1.1633986016586018,0.610713591086954,0.5809524801705194
87843,736482.8510954143,1.164705425276091,1.1538498215572583,0.5823527126380456,0.6101777853214277
87846,736482.8682994661,1.164705425276091,1.1538498215572583,0.5823527126380456,0.6101777853214277
87917,736484.3835923877,1.164705425276091,1.1538498215572583,0.5823527126380456,0.6101777853214277
87968,736485.9350469727,1.164705425276091,1.1538498215572583,0.5823527126380456,0.6101777853214277
87986,736486.1722589106,1.164705425276091,1.1538498215572583,0.5823527126380456,0.6101777853214277
87999,736486.4052327774,1.1655517266626243,1.1531709226190443,0.5768220910419323,0.5752396972447601
88091,736487.9738153875,1.1655517266626243,1.1531709226190443,0.5768220910419323,0.5752396972447601
88147,736489.2820873555,1.165491707420695,1.165491707420695,0.5784843878814389,0.5764863937834147
88160,736489.6877414532,1.165491707420695,1.165491707420695,0.5784843878814389,0.5764863937834147
88282,736493.9619593289,1.165491707420695,1.165491707420695,0.5784843878814389,0.5764863937834147
88304,736494.9470456415,1.2345322125665452,1.2345322125665452,0.6172661062832726,0.617284391112682
88326,736495.8790748728,1.2345322125665452,1.2345322125665452,0.6172661062832726,0.617284391112682
88336,736496.1550135624,1.2345322125665452,1.2345322125665452,0.6172661062832726,0.617284391112682
88351,736496.480736277,1.2345322125665452,1.2345322125665452,0.6172661062832726,0.617284391112682
88382,736497.6618780275,1.2345023224277398,1.165547724509122,0.6172511612138699,0.576718654108225
88390,736498.2192494282,1.2355953268146276,1.2355903468783465,0.58364648168817,0.6178714309063251
88399,736498.5724484586,1.235529834039685,1.2345169228425463,0.6177649170198425,0.617329668598518
88482,736501.3428934601,1.235529834039685,1.2345169228425463,0.6177649170198425,0.617329668598518
88536,736503.1056744078,1.235529834039685,1.2345169228425463,0.6177649170198425,0.617329668598518
88564,736503.882392948,1.235529834039685,1.2345169228425463,0.6177649170198425,0.617329668598518
88683,736509.0385553177,1.235529834039685,1.2345169228425463,0.6177649170198425,0.617329668598518
88719,736510.0396047777,1.2354877223826988,1.2354877223826988,0.6172549449278535,0.6177777719995039
88720,736510.0540690928,1.2354877223826988,1.2354877223826988,0.6172549449278535,0.6177777719995039
88729,736510.3829276747,1.2356825237773095,1.2356406337810077,0.5884412272038717,0.6178089039053247
88738,736510.7070188278,1.2356598764274884,1.2354842924468634,0.6178299382137442,0.6177518251894601
88749,736511.2657459968,1.235502274735171,1.2354956375135795,0.5874237905474513,0.6177241162671075
88774,736512.1397826882,1.2353218089557272,1.2355283571776816,0.6171371435905412,0.6177268307607056
88791,736512.9639626238,1.2353218089557272,1.2355283571776816,0.6171371435905412,0.6177268307607056
88818,736514.428647577,1.23544199966478,1.23544199966478,0.6177395973357048,0.6177125546664362
88819,736514.4292483274,1.2358798638806354,1.2358798638806354,0.6179528496566474,0.6179262027959318
88831,736514.7895584878,1.235919706882837,1.235919706882837,0.6179598534414185,0.5827177908712109
88835,736515.0352045733,1.235919706882837,1.235919706882837,0.6179598534414185,0.5827177908712109
88861,736515.9391275949,1.2359490248695602,1.2359385311675253,0.5880770843370142,0.6179160808541357
88891,736517.054936807,1.2358770020823242,1.235770285266111,0.6178484597537357,0.6179188998897838
88895,736517.130847869,1.2358770020823242,1.235770285266111,0.6178484597537357,0.6179188998897838
88898,736517.3837417592,1.2357027338815507,1.23577231877459,0.5877191126432574,0.6179160808541357
88908,736517.619385023,1.2358190424765032,1.235797850054684,0.5866694262972151,0.5880894138011767
88967,736520.0908094575,1.2350083874242506,1.2350083874242506,0.6172313313221244,0.6171742079677177
89009,736521.4639314775,1.2351977716371845,1.2359781155662992,0.6175988858185922,0.6179681025812961
89021,736521.8137933289,1.2349568814722962,1.2355440377044964,0.6174784407361481,0.6177720188522482
89026,736521.9533529107,1.2349568814722962,1.2355440377044964,0.6174784407361481,0.6177720188522482
89039,736522.5078261271,1.235324137353169,1.2353001240872887,0.6176620686765845,0.6170561050095879
89043,736522.7212418765,1.2349542921400236,1.235335139087677,0.6174771460700118,0.6176675695438385
89050,736523.1675381766,1.2361928069623664,1.2352094767905002,0.6180701163259976,0.6176689883091778
89105,736524.9425618487,1.2353367463145992,1.2352485480276196,0.6170804321222323,0.6180050498816028
89111,736525.1752902973,1.2354489410421072,1.2351140991123362,0.6176502885677473,0.6175570495561681
89112,736525.1756720291,1.2354640919112092,1.2350318210887825,0.6176538483012736,0.6175159105443913
89123,736525.5204627361,1.2353215412591596,1.2350114898056408,0.6176263441869833,0.6175057449028204
89125,736525.560331676,1.2353860867697435,1.168833696266609,0.6176547904643127,0.5844168481333045
89132,736525.7554356907,1.235372075731818,1.1684204796707762,0.6176569867997515,0.5842102398353881
89138,736525.9882629773,1.235372075731818,1.1684204796707762,0.6176569867997515,0.5842102398353881
89145,736526.1254452915,1.235372075731818,1.1684204796707762,0.6176569867997515,0.5842102398353881
89170,736527.1424619737,1.235372075731818,1.1684204796707762,0.6176569867997515,0.5842102398353881
89172,736527.1619856302,1.2360160754946425,1.1556917180076385,0.6179871100214651,0.5849590058310435
89258,736530.7100049923,1.2360160754946425,1.1556917180076385,0.6179871100214651,0.5849590058310435
89264,736530.9996887255,1.2351272693104822,1.1542902457821274,0.6176659122068818,0.5789555910761889
89267,736531.0617183,1.2351272693104822,1.1542902457821274,0.6176659122068818,0.5789555910761889
89270,736531.0781621075,1.23507180340291,1.154253876513119,0.6175925506092727,0.5789395453841307
89271,736531.0844113867,1.1719632453777902,1.1591005507006655,0.617707589624798,0.5814558217814073
89272,736531.0882375385,1.171650537563314,1.1593384201614463,0.6176902017171321,0.5817003423694913
89274,736531.1402654202,1.148431095716943,1.1532523900345817,0.6176024342430411,0.6173024217626234
89283,736531.3896900871,1.148431095716943,1.1532523900345817,0.6176024342430411,0.6173024217626234
89284,736531.427248794,1.148431095716943,1.1532523900345817,0.6176024342430411,0.6173024217626234
89285,736531.4279774594,1.148431095716943,1.1532523900345817,0.6176024342430411,0.6173024217626234
89287,736531.4495728661,1.148431095716943,1.1532523900345817,0.6176024342430411,0.6173024217626234
89290,736531.5049262152,1.148431095716943,1.1532523900345817,0.6176024342430411,0.6173024217626234
89297,736531.618806706,1.1591689858551049,1.1518257161977694,0.5858915825650687,0.5820579365222266
89300,736531.633205841,1.1675360534514698,1.1635072613201736,0.5887837291332524,0.5858192213126792
89301,736531.634466834,1.1675360534514698,1.1635072613201736,0.5887837291332524,0.5858192213126792
89304,736531.6390862837,1.1675145783230434,1.1620572391660653,0.5838675879443457,0.5860047654665889
89305,736531.6594342384,1.1651647241096665,1.1623909186194084,0.5835398351358119,0.5861232717249132
89306,736531.6601880488,1.165309572270207,1.1631577863377913,0.5837095480023036,0.5863971175524788
89307,736531.6615943122,1.1656578385786664,1.163886216791556,0.5840717346947056,0.5866591467477734
89310,736531.7738507763,1.1813865928388294,1.1824575116394818,0.5932628043631215,0.593901511375165
89312,736531.7771046906,1.1813865928388294,1.1824575116394818,0.5932628043631215,0.593901511375165
89314,736531.7862564953,1.1812165488773805,1.1827443763436691,0.593387515979605,0.5940208624184581
89316,736531.8166269195,1.1812165488773805,1.1827443763436691,0.593387515979605,0.5940208624184581
89317,736531.8202881927,1.1813777008473045,1.1828972667463395,0.5934540492995993,0.5940845539161411
89320,736532.0520941163,1.1634612045733048,1.18236548301554,0.6178137611052924,0.5939416765822331
89332,736532.4729395615,1.1808796323532311,1.1838571893483192,0.5931404976430427,0.5946034788955217
89335,736532.5860459295,1.161301280408497,1.182596060851034,0.5845696928904887,0.5940276573204369
89336,736532.5920842444,1.1981363959149058,1.1999454525899191,0.6006953122834529,0.6015670886601426
89337,736532.598546194,1.1981363959149058,1.1999454525899191,0.6006953122834529,0.6015670886601426
89338,736532.6044601053,1.1983350768313308,1.200239021114179,0.6007841241156167,0.6016986346349522
89339,736532.6830609036,1.1989294868337554,1.200691118671361,0.6011206984047778,0.6019679549822441
89341,736532.7815807697,1.1895681583836144,1.2008780229670124,0.5970253379353051,0.6020206548374378
89342,736532.9424849227,1.1895681583836144,1.2008780229670124,0.5970253379353051,0.6020206548374378
89345,736532.9983769623,1.1988368832146719,1.200815469337829,0.6010794084721424,0.6020235511691506
89346,736533.0011258114,1.1992301090315651,1.2009003530236013,0.601254837501488,0.60206151647627
89347,736533.0065926781,1.1992301090315651,1.2009003530236013,0.601254837501488,0.60206151647627
89348,736533.0086325315,1.199370451278266,1.2011062384330455,0.6013175100714516,0.6021536500029876
89349,736533.0125118606,1.19945967225102,1.2011170959449398,0.6013573702935211,0.6021585106369476
89351,736533.0299207296,1.19945967225102,1.2011170959449398,0.6013573702935211,0.6021585106369476
89353,736533.1137098613,1.199545603934767,1.2012712279001312,0.6013957733485494,0.6022275321666418
89357,736533.2663576276,1.200317759763343,1.2019992640113195,0.6017413904985834,0.6025540672569337
89358,736533.2691174197,1.200317759763343,1.2019992640113195,0.6017413904985834,0.6025540672569337
89359,736533.269632341,1.2003956248080125,1.2020727412617187,0.6017762963028734,0.6025870696861603
89364,736533.3798431634,1.2286777162995361,1.2293206116710644,0.6149535371207303,0.6152852900912407
89365,736533.3806583483,1.229170691134638,1.229802850378743,0.6151898608140051,0.6155163021048329
89366,736533.4031910516,1.229170691134638,1.229802850378743,0.6151898608140051,0.6155163021048329
89367,736533.4459941807,1.2292388655271862,1.229880749211388,0.6152225554660775,0.6155536339040492
89369,736533.4746987019,1.2293569585042166,1.230023269416063,0.6152791971934931,0.6156219452636902
89372,736533.5196498061,1.2296078325655801,1.2302038015787633,0.6153995567273027,0.6157084960581248
89375,736533.5532155291,1.2296078325655801,1.2302038015787633,0.6153995567273027,0.6157084960581248
89376,736533.5549945682,1.2296078325655801,1.2302038015787633,0.6153995567273027,0.6157084960581248
89378,736533.6671741942,1.2296078325655801,1.2302038015787633,0.6153995567273027,0.6157084960581248
89380,736533.7264737037,1.2296078325655801,1.2302038015787633,0.6153995567273027,0.6157084960581248
89381,736533.7540036256,1.2298172457487113,1.2304355925802573,0.6155000571702748,0.6158196538412536
89382,736533.7699374128,1.2263499839021443,1.2304521385731257,0.6138107305304129,0.6158275900331989
89388,736533.92646471,1.2299939833664624,1.2306086067799193,0.6155848987864498,0.6159026482371053
89391,736533.9425645863,1.2299939833664624,1.2306086067799193,0.6155848987864498,0.6159026482371053
89396,736534.0326512572,1.2300272136502959,1.230614698687458,0.615600853049821,0.6159055708736597
89398,736534.074759683,1.2300868947974106,1.2306995697053489,0.6156295085215409,0.6159462909434072
89400,736534.1567671583,1.2302015857511361,1.2308118638285597,0.6156845831302007,0.6160001756852386
89401,736534.1657942403,1.2369442522073044,1.184202530594745,0.6184721261036522,0.6185714600640831
89404,736534.2697452123,1.2302357375121404,1.2308823491889032,0.6157009844772858,0.6160340026366746
89418,736534.626982807,1.2303713001070444,1.230978048478834,0.6157660957952693,0.6160799354077898
89419,736534.6359431725,1.2303970591867672,1.2310401176611174,0.6157784693523508,0.6161097299899906
89421,736534.6427831699,1.2311471252638477,1.2317379936480628,0.6161389570430672,0.6164449002328914
89428,736534.9419454143,1.2311471252638477,1.2317379936480628,0.6161389570430672,0.6164449002328914
89433,736535.0968168818,1.2311471252638477,1.2317379936480628,0.6161389570430672,0.6164449002328914
89434,736535.1026384982,1.2311471252638477,1.2317379936480628,0.6161389570430672,0.6164449002328914
89437,736535.1953372092,1.2336897201374113,1.2342313743671567,0.6173635613911165,0.6176449279991375
89438,736535.1982296938,1.2339377396080784,1.2344516559581384,0.6174832244314105,0.6177511293764859
89450,736535.3795719789,1.2339864096680675,1.2344994704511076,0.6175067106977739,0.6177741853407283
89464,736535.7508388509,1.2314324566095782,1.234538277436806,0.6162761839799045,0.6177982370348655
89465,736535.9661542462,1.234110179839567,1.234644096477939,0.6175664435327832,0.6178439316911942
89473,736536.2429413312,1.234110179839567,1.234644096477939,0.6175664435327832,0.6178439316911942
89481,736536.386557448,1.224155656813404,1.233993850848442,0.6175017020346715,0.6175198562013072
89496,736536.879125895,1.234183376499501,1.234503829956716,0.6176017732122802,0.6178848662684089
89535,736537.9893088602,1.234183376499501,1.234503829956716,0.6176017732122802,0.6178848662684089
89539,736538.065074721,1.2351753079924968,1.2354850261377421,0.618080848656491,0.6183655248646776
89541,736538.2624402998,1.2357095881079811,1.2360136729503273,0.6184720109206093,0.6187491701997927
89543,736538.2784995637,1.2357508680989788,1.2360545219620926,0.6184917899970565,0.6187832767491295
89561,736538.8617705797,1.2358176915281698,1.2361206490161625,0.6185238105597678,0.618789594389632
89564,736539.1632053533,1.2358176915281698,1.2361206490161625,0.6185238105597678,0.618789594389632
89584,736539.9971800576,1.2358176915281698,1.2361206490161625,0.6185238105597678,0.618789594389632
89607,736541.1524755289,1.2358176915281698,1.2361206490161625,0.6185238105597678,0.618789594389632
89661,736542.9454125544,1.2358176915281698,1.2361206490161625,0.6185238105597678,0.618789594389632
89667,736543.1489054929,1.2358176915281698,1.2361206490161625,0.6185238105597678,0.618789594389632
89669,736543.1719097913,1.2358176915281698,1.2361206490161625,0.6185238105597678,0.618789594389632
89700,736544.4867473473,1.1976262025223996,1.235755826351683,0.5768472189727037,0.6182485105658613
89740,736546.3920555343,1.1976262025223996,1.235755826351683,0.5768472189727037,0.6182485105658613
89741,736546.3940687936,1.23556227243116,1.235643147338038,0.6182458255877172,0.6185303852835876
89742,736546.4012959917,1.235879141813986,1.2359591376440235,0.6183992817781987,0.6186808699578636
89754,736546.8764807603,1.235879141813986,1.2359591376440235,0.6183992817781987,0.6186808699578636
89762,736547.2235102421,1.1993696613194695,1.2323589317189325,0.5868896734622532,0.6185968013624839
89764,736547.3531436219,1.1993696613194695,1.2323589317189325,0.5868896734622532,0.6185968013624839
89766,736547.3874971789,1.1993696613194695,1.2323589317189325,0.5868896734622532,0.6185968013624839
89769,736547.440625756,1.2323143602433888,1.2324264710913355,0.618388877246835,0.6186797945657652
89774,736547.675535104,1.2323143602433888,1.2324264710913355,0.618388877246835,0.6186797945657652
89776,736547.7327140614,1.2323143602433888,1.2324264710913355,0.618388877246835,0.6186797945657652
89846,736550.0932324639,1.1919996568519338,1.1920122381746359,0.577994112818979,0.5878122028686725
89848,736550.0957442175,1.1919996568519338,1.1920122381746359,0.577994112818979,0.5878122028686725
89866,736550.4930347695,1.1924034351311097,1.1987851227753443,0.5754880390708897,0.5876171100630597
89877,736550.9711162201,1.199295878144995,1.1908548121758924,0.6183765366076738,0.6186676995496768
89891,736551.4562926443,1.1910186434301737,1.1906626341373516,0.6184111184500899,0.6186911278119805
89892,736551.4609856658,1.1917909784019862,1.1914758428556163,0.6185048579542091,0.6187934768406708
89893,736551.4611946797,1.1919087876949583,1.189104498656692,0.6185708553775922,0.6188581744043141
89898,736551.6488433549,1.1919087876949583,1.189104498656692,0.6185708553775922,0.6188581744043141
89903,736551.9612821264,1.1919087876949583,1.189104498656692,0.6185708553775922,0.6188581744043141
89906,736552.0374282054,1.1919087876949583,1.189104498656692,0.6185708553775922,0.6188581744043141
89928,736553.0215513845,1.1919087876949583,1.189104498656692,0.6185708553775922,0.6188581744043141
89944,736553.4869733127,1.191944235710426,1.1749313911938943,0.6184529104853647,0.6186297358685058
89991,736556.4515481262,1.1760058837082767,1.1742809870044937,0.6173374893106461,0.6185739642177684
89994,736556.6005075778,1.1743554136458316,1.1741340139062875,0.618539836789235,0.6185873993698596
90001,736556.9021778416,1.1742438141959066,1.1740936774627555,0.6185552977336249,0.6186028096275522
90002,736556.9768927252,1.1742438141959066,1.1740936774627555,0.6185552977336249,0.6186028096275522
90038,736558.5567108204,1.1742438141959066,1.1740936774627555,0.6185552977336249,0.6186028096275522
90046,736558.7681398918,1.1932624048488556,1.1910236386989808,0.578680692341977,0.5890354608053711
90129,736561.7067146968,1.1932624048488556,1.1910236386989808,0.578680692341977,0.5890354608053711
90130,736561.7100454981,1.1932624048488556,1.1910236386989808,0.578680692341977,0.5890354608053711
90145,736562.4954129651,1.1766299057432676,1.170284711118364,0.616544719525078,0.6167065804527255
90146,736562.5021582837,1.1688864575865217,1.1688864575865217,0.6165853369201716,0.6166292511832558
90247,736565.6858197935,1.1629725000207334,1.1765533528256287,0.5814862500103667,0.5938341951630368
90252,736566.0291191844,1.1629725000207334,1.1765533528256287,0.5814862500103667,0.5938341951630368
90271,736567.004606243,1.170192894917619,1.170192894917619,0.5952413997457459,0.5954941439125837
90274,736567.0567893562,1.170192894917619,1.170192894917619,0.5952413997457459,0.5954941439125837
90298,736568.2207161903,1.1600416640112172,1.1600416640112172,0.5870772382403973,0.5869130084681385
90307,736568.6487473024,1.1597494084606566,1.1597494084606566,0.5870152635541573,0.5822688806655998
90308,736568.7014437177,1.1643952047518247,1.1643952047518247,0.5884684982270343,0.5799079657196992
90313,736568.7979365704,1.165408788796259,1.165408788796259,0.5849349082719347,0.5805295870087291
90340,736569.87474297,1.165408788796259,1.165408788796259,0.5849349082719347,0.5805295870087291
90345,736570.0908091071,1.165408788796259,1.165408788796259,0.5849349082719347,0.5805295870087291
90361,736570.7018004595,1.165408788796259,1.165408788796259,0.5849349082719347,0.5805295870087291
90371,736571.128358066,1.1629287185332065,1.1667253262992352,0.5990099497933368,0.5871039058198512
90433,736573.0358422975,1.1629287185332065,1.1667253262992352,0.5990099497933368,0.5871039058198512
90447,736573.2864838976,1.1847378834593838,1.1847378834593838,0.5923689417296919,0.5923689417296919
90460,736573.6989127132,1.1824968127510163,1.1613778761171185,0.5912484063755081,0.5820252667603067
90466,736573.7732888788,1.161108627444778,1.1626907872645054,0.5808256141016012,0.5815847589717882
90472,736574.3568239529,1.1846955914384685,1.1843571046025487,0.5923477957192342,0.5917894351200741
90498,736575.9057967131,1.1846955914384685,1.1843571046025487,0.5923477957192342,0.5917894351200741
90515,736576.6961068588,1.1846955914384685,1.1843571046025487,0.5923477957192342,0.5917894351200741
90521,736577.1037042324,1.1846955914384685,1.1843571046025487,0.5923477957192342,0.5917894351200741
90580,736580.1041091786,1.1846955914384685,1.1843571046025487,0.5923477957192342,0.5917894351200741
90583,736580.2603650658,1.2259703617629978,1.222263580830976,0.614080418987712,0.6112145792032878
90669,736583.6599951778,1.2259703617629978,1.222263580830976,0.614080418987712,0.6112145792032878
90674,736584.0200608515,1.2259703617629978,1.222263580830976,0.614080418987712,0.6112145792032878
90768,736587.1075575147,1.2259703617629978,1.222263580830976,0.614080418987712,0.6112145792032878
90786,736587.8323290587,1.1824565083527896,1.2259434292322589,0.580554313722389,0.6110803197481735
90816,736588.8837080221,1.2258880059447013,1.225874072140345,0.6129440029723506,0.611088201699345
90844,736589.9525260375,1.2258880059447013,1.225874072140345,0.6129440029723506,0.611088201699345
90878,736591.3617660737,1.2258702751544701,1.2257663444776867,0.5808887766836808,0.6111329906802354
90938,736593.8417799555,1.2258702751544701,1.2257663444776867,0.5808887766836808,0.6111329906802354
91086,736600.5283611461,1.2258702751544701,1.2257663444776867,0.5808887766836808,0.6111329906802354
91098,736601.367498431,1.2257626627299192,1.2257626627299192,0.6129756012821626,0.612962126098591
91135,736602.4285229068,1.2257663444776867,1.2258975020031633,0.5906594881260848,0.6129444597756584
91136,736602.4302722516,1.225850900206185,1.225716633714771,0.5908515034936694,0.6129836295948666
91153,736603.051666217,1.2258757207391515,1.2258757207391515,0.5911240896549633,0.5915325408610648
91155,736603.191377241,1.2258871125893442,1.2258871125893442,0.5909457048756669,0.5907993221640757
91283,736608.6497220247,1.2257181360291132,1.2257181360291132,0.6129246761053435,0.6128590680145566
91286,736608.7415245904,1.225788802642359,1.225788802642359,0.6128944013211794,0.6128944013211794
91287,736608.742176761,1.225788802642359,1.225788802642359,0.6128944013211794,0.6128944013211794
91319,736610.6766023437,1.225788802642359,1.225788802642359,0.6128944013211794,0.6128944013211794
91320,736610.6816192965,1.225788802642359,1.225788802642359,0.6128944013211794,0.6128944013211794
91321,736610.7160353315,1.225788802642359,1.225788802642359,0.6128944013211794,0.6128944013211794
91322,736610.7178453509,1.225788802642359,1.225788802642359,0.6128944013211794,0.6128944013211794
91323,736610.7211747511,1.225788802642359,1.225788802642359,0.6128944013211794,0.6128944013211794
91325,736610.7482080461,1.225788802642359,1.225788802642359,0.6128944013211794,0.6128944013211794
91326,736610.764366411,1.225788802642359,1.225788802642359,0.6128944013211794,0.6128944013211794
91327,736610.7649157089,1.225788802642359,1.225788802642359,0.6128944013211794,0.6128944013211794
91334,736610.8755126395,1.2258797731775561,1.2255938085495954,0.6129086192295633,0.6127969042747977
91426,736615.0220728782,1.2258371125882237,1.2258371125882237,0.6129185562941118,0.6128877571841154
91447,736615.4999280784,1.2253949138733387,1.2258437970455938,0.6126974569366693,0.6129218985227969
91565,736620.3190132481,1.2257762945850519,1.225842448624928,0.6128881472925259,0.612921224312464
91568,736620.4385340188,1.2259235445675671,1.225406378068592,0.6129617722837836,0.612703189034296
91661,736624.3128316766,1.2259235445675671,1.225406378068592,0.6129617722837836,0.612703189034296
91664,736624.5486469888,1.2211819213002066,1.2252958221225796,0.6126956032995402,0.6126479110612898
91680,736625.3987497254,1.2247734371401953,1.2283090043484146,0.6144167143144987,0.6141545021742073
91712,736626.8176881145,1.2247338354193822,1.2247216317813712,0.6143995057234499,0.6141139399150569
91734,736627.9458284309,1.2247143600909054,1.2247143600909054,0.6141674717868749,0.6140489881145703
91752,736628.9088266515,1.2247143600909054,1.2247143600909054,0.6141674717868749,0.6140489881145703
91787,736629.8030299932,1.2247143600909054,1.2247143600909054,0.6141674717868749,0.6140489881145703
91850,736633.1363246363,1.2211165495580985,1.1751368720073776,0.6125467367371923,0.6122909813428905
91893,736634.8296150251,1.175281515566051,1.1753382492941895,0.6141998472251335,0.6123706619967788
91902,736635.3731619627,1.2247040364548973,1.1748723655047768,0.6144431575638106,0.6122622410381454
91914,736635.6530322629,1.1754201410198388,1.175135036517345,0.6126173993197532,0.5873375022289723
91915,736635.683083171,1.1749217111200314,1.174653909321416,0.6104975155483096,0.5873321928843663
91969,736637.3853787923,1.1763028060062515,1.174789668341495,0.6126609872330385,0.5875776252505465
92024,736640.1081713797,1.1763028060062515,1.174789668341495,0.6126609872330385,0.5875776252505465
92045,736640.6097530443,1.1763028060062515,1.174789668341495,0.6126609872330385,0.5875776252505465
92077,736641.4061373838,1.1753988589306965,1.1742239973069948,0.5876994294653483,0.5871119986534974
92161,736644.5985170908,1.1753988589306965,1.1742239973069948,0.5876994294653483,0.5871119986534974
92162,736644.6028176739,1.1745006855233955,1.1731524080398161,0.5874692229349118,0.5865762040199081
92171,736645.0719296568,1.1745006855233955,1.1731524080398161,0.5874692229349118,0.5865762040199081
92188,736646.1225921417,1.1778728143672488,1.1766747616124276,0.5890536814939705,0.5883373808062138
92206,736646.6395309594,1.180287506676995,1.180287506676995,0.5901437533384974,0.6109960123615684
92215,736647.1674365103,1.1813448613442217,1.1783263455127928,0.5906724306721108,0.5891631727563964
92218,736647.3006301812,1.1744028075235318,1.1782533371668835,0.5872014037617659,0.5776333687673005
92223,736647.4202972717,1.1744028075235318,1.1782533371668835,0.5872014037617659,0.5776333687673005
92224,736647.4224569686,1.1770433985620992,1.1784730902794516,0.5894743988677345,0.5892365451397258
92230,736647.6121129603,1.1773606347456065,1.178387813977388,0.5892281058039742,0.589193906988694
92233,736647.6756192764,1.1769440096158468,1.177704737814497,0.5885708210465606,0.5888523689072485
92237,736647.7853836801,1.1743011875716938,1.178363342886835,0.5871505937858469,0.5893281616708512
92271,736648.8587979982,1.1743011875716938,1.178363342886835,0.5871505937858469,0.5893281616708512
92281,736649.163193036,1.1743011875716938,1.178363342886835,0.5871505937858469,0.5893281616708512
92296,736649.6827636502,1.1743011875716938,1.178363342886835,0.5871505937858469,0.5893281616708512
92298,736649.7967743728,1.1743011875716938,1.178363342886835,0.5871505937858469,0.5893281616708512
92299,736649.815712794,1.1743011875716938,1.178363342886835,0.5871505937858469,0.5893281616708512
92300,736649.8351515669,1.1743011875716938,1.178363342886835,0.5871505937858469,0.5893281616708512
92303,736649.9312829381,1.177345044621237,1.1769087156826792,0.5885444126666016,0.5886005210366684
92304,736649.9331846839,1.177345044621237,1.1769087156826792,0.5885444126666016,0.5886005210366684
92306,736649.9447707812,1.177345044621237,1.1769087156826792,0.5885444126666016,0.5886005210366684
92310,736650.1453718771,1.1739346767698506,1.1771177852769454,0.5869673383849253,0.5889207488742153
92311,736650.1488295464,1.1729556073987728,1.1771177852769454,0.5864778036993864,0.5767629968217077
92333,736650.7667747336,1.1766504020203388,1.1477582085093903,0.5887920827370375,0.5884363652863163
92343,736651.1432199292,1.1808744038983625,1.1769724069857646,0.5904372019491813,0.5884129999792477
92361,736651.7305846169,1.1808744038983625,1.1769724069857646,0.5904372019491813,0.5884129999792477
92363,736651.852568373,1.1803450438902965,1.17639873801156,0.5901725219451482,0.5882724417313576
92364,736651.8623872211,1.1587820794995507,1.1765218362668075,0.5793910397497753,0.5883613811260573
92365,736651.8720054963,1.1587820794995507,1.1765218362668075,0.5793910397497753,0.5883613811260573
92366,736651.8804691005,1.1581978643676303,1.1760544328298161,0.5790989321838151,0.5885416583415372
92367,736651.9191863874,1.158073377975745,1.1757731166532004,0.5790366889878725,0.5883652511825982
92390,736653.1344441696,1.1577121755155244,1.1803420547948493,0.5788560877577622,0.5774109983278917
92401,736653.4011197438,1.1771094236978816,1.1524728190092,0.588993961033689,0.5898701715123942
92403,736653.4345697174,1.1600458668149605,1.1809512559203497,0.5800229334074802,0.5898379225690253
92408,736653.5804636354,1.1870381080394057,1.171614890612571,0.5937718906361504,0.5942248601789483
92409,736653.5882194081,1.1864591406002944,1.171373871109936,0.5937276832473561,0.5942709098278539
92410,736653.5896205985,1.1864591406002944,1.171373871109936,0.5937276832473561,0.5942709098278539
92411,736653.5920100054,1.1864591406002944,1.171373871109936,0.5937276832473561,0.5942709098278539
92412,736653.5952813454,1.1864591406002944,1.171373871109936,0.5937276832473561,0.5942709098278539
92413,736653.598847433,1.1864591406002944,1.171373871109936,0.5937276832473561,0.5942709098278539
92420,736653.6777975807,1.1864591406002944,1.171373871109936,0.5937276832473561,0.5942709098278539
92422,736653.7284802445,1.1864591406002944,1.171373871109936,0.5937276832473561,0.5942709098278539
92426,736653.9062645815,1.1864591406002944,1.171373871109936,0.5937276832473561,0.5942709098278539
92429,736654.1189682126,1.1864591406002944,1.171373871109936,0.5937276832473561,0.5942709098278539
92433,736654.208417735,1.1592999273982854,1.1719229070319777,0.5863275820690941,0.587300559103674
92435,736654.2506712374,1.159344215312427,1.1723491416947236,0.585982227974654,0.5948399554361341
92438,736654.3014470815,1.1608424693292156,1.1737802689763652,0.5864710870536461,0.5952375918917688
92441,736654.3743636251,1.1624063080298632,1.1749715756692154,0.5705655694981283,0.5955752372437918
92442,736654.3752623084,1.1634963993067724,1.1762695677993165,0.5817481996533862,0.5959499488055253
92448,736654.4563351423,1.1634963993067724,1.1762695677993165,0.5817481996533862,0.5959499488055253
92450,736654.5175373246,1.1624484438124123,1.1763219871182167,0.5719025828640878,0.5893186750523287
92451,736654.6089269678,1.1642687631304744,1.1774638753800473,0.5723140956122319,0.5963009780224214
92452,736654.6098478021,1.1649249835218922,1.1780948243140865,0.5824624917609461,0.5964888287613866
92453,736654.6104022472,1.1675671653877226,1.1801133927147573,0.5837835826938613,0.5971008762719264
92454,736654.6147278058,1.1586624580597713,1.1804658192372048,0.5793312290298857,0.5892754669111604
92458,736654.8626915345,1.1863764945281003,1.1784961293520522,0.5935164726485042,0.5967526082329899
92466,736654.9936307685,1.1614064885218993,1.1810710310834145,0.5802752944179994,0.5973970847778822
92471,736655.1069413294,1.1610768271549858,1.1594900480821495,0.5805384135774929,0.5802405642126467
92488,736655.6805495307,1.1610768271549858,1.1594900480821495,0.5805384135774929,0.5802405642126467
92496,736656.0609481996,1.1610768271549858,1.1594900480821495,0.5805384135774929,0.5802405642126467
92509,736656.4987483463,1.1784216000726386,1.1814032740927125,0.5891350535396623,0.5919403752780565
92510,736656.4996637667,1.1777224163305615,1.1815934767761411,0.5891149982595907,0.5920277008134035
92513,736656.5240831461,1.1785540755795807,1.1828585578065867,0.5892948752610712,0.5926097006799879
92514,736656.5411469316,1.1781267040200376,1.1834861999194723,0.5890814545653333,0.5928991920618347
92518,736656.5775334246,1.1729344198905371,1.1831731676276585,0.5867571732481852,0.5927547493630755
92524,736656.6722383343,1.174112629255576,1.1834638446034342,0.5870156897766035,0.5928888726443399
92526,736656.6921736173,1.1777460820322228,1.1870274922622819,0.5888559153554558,0.5945413474116771
92527,736656.6947463852,1.1800344985494688,1.1886683201988795,0.5900630421242835,0.5953070037307265
92528,736656.7035856612,1.1647263742254872,1.1888382982283976,0.5818836843043316,0.5953864841579356
92529,736656.7281941244,1.1647263742254872,1.1888382982283976,0.5818836843043316,0.5953864841579356
92530,736656.749142252,1.1647263742254872,1.1888382982283976,0.5818836843043316,0.5953864841579356
92531,736656.7843241763,1.1792209041758002,1.1890728825324755,0.5902358951623049,0.595496223497853
92532,736656.8155350983,1.1646086121096677,1.189298914596223,0.5822773375426067,0.5956020160456685
92534,736656.8703892636,1.176128375971035,1.1905276800790907,0.5885487717844564,0.5960626393620816
92535,736656.9509405926,1.177147219901264,1.1914130417520068,0.5891067554687698,0.5964818959059754
92537,736657.0041214902,1.177147219901264,1.1914130417520068,0.5891067554687698,0.5964818959059754
92539,736657.05940571,1.1799812680648603,1.1906149477104095,0.5905037964130089,0.5961536846895684
92541,736657.0598623918,1.1637134840808205,1.1907404657076561,0.582631616380374,0.5962128876002535
92545,736657.1611974831,1.184750527086975,1.1940000401356943,0.5928116525695234,0.5977552504993047
92548,736657.2355147646,1.184750527086975,1.1940000401356943,0.5928116525695234,0.5977552504993047
92551,736657.3135263778,1.184750527086975,1.1940000401356943,0.5928116525695234,0.5977552504993047
92552,736657.3280480033,1.1846989110767743,1.1941367081978593,0.5927866115928863,0.5978201187452387
92553,736657.3625864736,1.1850142966671302,1.1943647063467613,0.5929396383186287,0.5979283704406627
92556,736657.3675229222,1.1855401755648964,1.1944545500394819,0.5931949063699187,0.59797103928616
92561,736657.379121097,1.1726214215279422,1.1946741256742237,0.5869690654599604,0.5980753486989526
92562,736657.3811849335,1.172780341793519,1.1950821001993248,0.5870450021293372,0.5982692612593241
92563,736657.383252799,1.1755564610412592,1.195425516527996,0.588374405541414,0.5984325929658815
92564,736657.3880449024,1.1756229356782875,1.1954291149479814,0.588406303348602,0.5984343049042381
92565,736657.4051180107,1.1755466673563961,1.1960618881696023,0.5883697062982833,0.598735504433966
92568,736657.4451868767,1.1755466673563961,1.1960618881696023,0.5883697062982833,0.598735504433966
92572,736657.5110212789,1.1776119371059983,1.1964497444214979,0.5893620608299677,0.5989202787471485
92573,736657.521359287,1.1767293333378428,1.1966502088351225,0.588937635667033,0.599015825395857
92595,736658.1650618791,1.1538470308270694,1.198485962150584,0.5775235101310098,0.5997181962800524
92613,736658.7309524496,1.177066791284276,1.1971036030426399,0.5889769654467707,0.5991711388064469
92617,736658.842136782,1.177066791284276,1.1971036030426399,0.5889769654467707,0.5991711388064469
92618,736658.8614703115,1.1782998670714009,1.197204866965277,0.5895752778071779,0.5992196538476156
92622,736658.966935078,1.177571915101017,1.1972615935679556,0.5892219701598982,0.5992468343772682
92623,736658.9764900579,1.1811764231502375,1.162389745587987,0.5905882115751188,0.5820989088752936
92626,736659.1806328432,1.1718422098962442,1.197329438484716,0.5859643199115414,0.5992793451561124
92684,736661.0188421181,1.1882461069710144,1.2027898173792857,0.5944698927648919,0.6019319216008954
92685,736661.0194918804,1.1960670468304095,1.2029429318466225,0.5982990076911027,0.6020056980235865
92686,736661.0210001416,1.1880817525271234,1.2031351022369468,0.5943896664134858,0.6020983130856554
92689,736661.0457730772,1.196589933404649,1.2033560692844019,0.5985557419428736,0.6022048338254641
92690,736661.0553200478,1.1886820391790847,1.2035709045559237,0.594682736469706,0.6023084265029192
92691,736661.0581524951,1.1969492871333276,1.2036409021244638,0.5987322306101457,0.6023421849409943
92692,736661.0818778758,1.189612491803196,1.203624327684403,0.5951372783230365,0.6023341911561978
92694,736661.0979614796,1.1890468265621472,1.2038009448174551,0.5948609012563446,0.602419381199747
92695,736661.1068285073,1.1890468265621472,1.2038009448174551,0.5948609012563446,0.602419381199747
92696,736661.1071579951,1.1890468265621472,1.2038009448174551,0.5948609012563446,0.602419381199747
92697,736661.1134535519,1.1972318611794115,1.203865390740134,0.5988710377868469,0.6024504708039446
92704,736661.3242095201,1.1861268925177473,1.2025927011150073,0.5947622563857026,0.602594055667446
92709,736661.4302636721,1.1861268925177473,1.2025927011150073,0.5947622563857026,0.602594055667446
92716,736661.6505828011,1.1942066704110093,1.1975960491818285,0.598344231812619,0.6003276676817576
92718,736661.7396636135,1.1942066704110093,1.1975960491818285,0.598344231812619,0.6003276676817576
92722,736662.1291395065,1.1602187807585562,1.1525616035141941,0.5801093903792781,0.5893225101218573
92723,736662.1298008509,1.1602187807585562,1.1525616035141941,0.5801093903792781,0.5893225101218573
92724,736662.1315986471,1.1602187807585562,1.1525616035141941,0.5801093903792781,0.5893225101218573
92726,736662.3381018403,1.1602187807585562,1.1525616035141941,0.5801093903792781,0.5893225101218573
92728,736662.5263809053,1.3320581935475473,1.3320581935475473,0.6660290967737736,0.6660719966414814
92730,736662.799788578,1.3320581935475473,1.3320581935475473,0.6660290967737736,0.6660719966414814
92759,736663.9044059365,1.3320581935475473,1.3320581935475473,0.6660290967737736,0.6660719966414814
92791,736665.0432720908,1.3320923872682437,1.332224190301366,0.6660461936341219,0.6661151960116348
92800,736665.2377072998,1.1553888598822888,1.2021991554176106,0.5792701629512265,0.6031025585514527
92810,736665.4085734315,1.1378744407323602,1.1949991077394082,0.5689372203661801,0.5992449335192986
92820,736665.7886053589,1.1378744407323602,1.1949991077394082,0.5689372203661801,0.5992449335192986
92822,736665.8114013899,1.1378744407323602,1.1949991077394082,0.5689372203661801,0.5992449335192986
92824,736665.9281391812,1.1893835482894608,1.201021883932672,0.596909406836066,0.6023155604868685
92842,736666.9769983668,1.3320403442886737,1.3320366929875034,0.6660201721443368,0.6660357270145709
92848,736667.1929340076,1.1625227732733,1.1952520140416454,0.58126138663665,0.5999935501837875
92854,736667.4168388161,1.1625227732733,1.1952520140416454,0.58126138663665,0.5999935501837875
92859,736667.5642487953,1.1608741244928749,1.1956419598838444,0.5842618572890579,0.6000287018531616
92881,736668.3418516555,1.1360174143162562,1.195418609354214,0.5680087071581281,0.5992695968390328
92889,736668.4009292887,1.158877676926457,1.2026887504604316,0.5837691910506718,0.6033835861837832
92891,736668.4098800025,1.175586473817183,1.2025507434844454,0.5839851365297483,0.6034396025528225
92906,736669.1749907831,1.175586473817183,1.2025507434844454,0.5839851365297483,0.6034396025528225
92909,736669.3720042554,1.175586473817183,1.2025507434844454,0.5839851365297483,0.6034396025528225
92911,736669.3846104707,1.1659165977760575,1.192446634638262,0.5916235583031783,0.6023805604546926
92912,736669.3860146528,1.1623744941143104,1.192572252402298,0.5878293689023266,0.6024216404039034
92913,736669.3933906598,1.1623744941143104,1.192572252402298,0.5878293689023266,0.6024216404039034
92914,736669.4106631156,1.163512179360438,1.1928679783510343,0.590300755251335,0.6025185928445241
92916,736669.442652208,1.1814964181121341,1.1935119029143102,0.597202856576208,0.6027308767755059
92922,736669.7227241506,1.1621396540547506,1.1914228519037227,0.588805146619562,0.6028135749058098
92923,736669.7243117247,1.1527469862781443,1.1914228519037227,0.5862402964303709,0.6028135749058098
92945,736671.1887713127,1.316109067226086,1.3163849311969038,0.6581066495136819,0.6583205543355777
92946,736671.2063333199,1.3161122808508432,1.3163997498229933,0.658107312062262,0.658327898396332
92948,736671.2196212906,1.3161122808508432,1.3163997498229933,0.658107312062262,0.658327898396332
92952,736671.2590278322,1.3161113572802683,1.3164098800884454,0.6581191980950108,0.6583329189405258
92953,736671.2605574953,1.3161055274130646,1.3164211121792941,0.6581248474955879,0.6583384855657898
92956,736671.3026014729,1.332090293706848,1.1620343903039918,0.5706844195807752,0.5896660755274452
92957,736671.303490292,1.3161078769065107,1.3164252364336073,0.6581259845867499,0.6583405295513788
92964,736671.3858041229,1.3161078769065107,1.3164252364336073,0.6581259845867499,0.6583405295513788
92967,736671.4097777467,1.3161014512421532,1.316429360100518,0.658128376781793,0.6583419631568599
92970,736671.5147286803,1.31610293170538,1.316414281452419,0.6581229048687571,0.6583384298935677
92980,736672.0980559239,1.31610293170538,1.316414281452419,0.6581229048687571,0.6583384298935677
93010,736672.5731707116,1.3161104058553543,1.3160934746797188,0.5903451303751116,0.6581268944342408
93017,736673.0654163036,1.3161104058553543,1.3160934746797188,0.5903451303751116,0.6581268944342408
93020,736673.1729679968,1.3161104058553543,1.3160934746797188,0.5903451303751116,0.6581268944342408
93022,736673.3010524359,1.3161104058553543,1.3160934746797188,0.5903451303751116,0.6581268944342408
93063,736675.0023696773,1.3160975073199699,1.3162326997885117,0.6581352521212226,0.6583521734650005
93070,736675.2934648121,1.3160975073199699,1.3162326997885117,0.6581352521212226,0.6583521734650005
93074,736675.3524691676,1.3160975073199699,1.316234172750394,0.6581369242740114,0.6583528980460707
93082,736675.4792859817,1.3321048370699526,1.1670153117837245,0.5823957518117191,0.6003787345080379
93083,736675.5432825444,1.3320904664313318,1.3321037583599966,0.5802107003855618,0.5835103383347898
93088,736675.5750807096,1.3160976375324926,1.3162361143778234,0.6581378937583239,0.6583538531745357
93089,736675.7611827701,1.3160981239636869,1.3162379262925181,0.6581387984751614,0.6583547444954384
93090,736675.8323519767,1.3160981239636869,1.3162379262925181,0.6581387984751614,0.6583547444954384
93097,736676.2620367485,1.3160981239636869,1.3162379262925181,0.6581387984751614,0.6583547444954384
93112,736676.5996626377,1.3160981239636869,1.3162379262925181,0.6581387984751614,0.6583547444954384
93117,736676.640838644,1.3160981239636869,1.3162379262925181,0.6581387984751614,0.6583547444954384
93120,736676.6864253135,1.3160981239636869,1.3162379262925181,0.6581387984751614,0.6583547444954384
93129,736677.1533388586,1.3161054306475237,1.316122963576401,0.6581267489439996,0.6583428734466003
93133,736677.2530322876,1.3161054306475237,1.316122963576401,0.6581267489439996,0.6583428734466003
93147,736677.5390467908,1.3205338602511603,1.320551037451912,0.6603294305115777,0.6605079550456556
93150,736677.621181732,1.3205338602511603,1.320551037451912,0.6603294305115777,0.6605079550456556
93153,736677.713082032,1.3205338602511603,1.320551037451912,0.6603294305115777,0.6605079550456556
93162,736677.938918942,1.3205338602511603,1.320551037451912,0.6603294305115777,0.6605079550456556
93164,736677.97619792,1.320534759082915,1.3205519357505748,0.6603227142149604,0.6605063088501892
93204,736678.8435793854,1.320534759082915,1.3205519357505748,0.6603227142149604,0.6605063088501892
93206,736678.8717825643,1.320534759082915,1.3205519357505748,0.6603227142149604,0.6605063088501892
93207,736678.9094647306,1.3205357560118223,1.3205529320882283,0.6603227310731103,0.6605067991553183
93243,736679.6407908335,1.3205357560118223,1.3205529320882283,0.6603227310731103,0.6605067991553183
93250,736679.7671394559,1.3205357560118223,1.3205529320882283,0.6603227310731103,0.6605067991553183
93252,736679.9395849196,1.3205357560118223,1.3205529320882283,0.6603227310731103,0.6605067991553183
93253,736679.9621223322,1.3205357560118223,1.3205529320882283,0.6603227310731103,0.6605067991553183
93261,736680.047979642,1.3205357560118223,1.3205529320882283,0.6603227310731103,0.6605067991553183
93264,736680.1300378882,1.3205357560118223,1.3205529320882283,0.6603227310731103,0.6605067991553183
93265,736680.1302791379,1.3205357560118223,1.3205529320882283,0.6603227310731103,0.6605067991553183
93266,736680.1308715509,1.3205357560118223,1.3205529320882283,0.6603227310731103,0.6605067991553183
93267,736680.1350239025,1.3205357560118223,1.3205529320882283,0.6603227310731103,0.6605067991553183
93279,736680.541722698,1.3161064314056696,1.3320464370101996,0.6660450015972892,0.6661353662928348
93289,736680.7647823596,1.3205439518852269,1.3205562812880376,0.6603251753266827,0.6605071188642544
93320,736681.6172339013,1.3320414924677568,1.320550651456463,0.5976601350164945,0.660470146744874
93335,736682.4152437566,1.3320414924677568,1.320550651456463,0.5976601350164945,0.660470146744874
93342,736682.5147795121,1.3205504095607081,1.3205618382508346,0.6604549410820624,0.6605126155523536
93411,736685.914052255,1.3205366003427155,1.3205375921201359,0.6602665177352876,0.6602945714066265
93412,736685.9297979983,1.3161048385853535,1.3205334659699899,0.666046337915535,0.6602866379940447
93417,736686.1357314774,1.3208083910420898,1.320818362197366,0.6604583644691846,0.6605723054139221
93418,736686.1390632248,1.3208083910420898,1.320818362197366,0.6604583644691846,0.6605723054139221
93419,736686.1477206387,1.3208068013115626,1.3208207031900785,0.6605263566880789,0.6605734627954145
93420,736686.1479232465,1.320808704916206,1.320822605880948,0.6604728409268869,0.6605744034822415
93421,736686.1497959842,1.3208109671918054,1.3208248670706815,0.6604436336256234,0.6605755214111405
93423,736686.1754697906,1.3208109671918054,1.3208248670706815,0.6604436336256234,0.6605755214111405
93425,736686.2269340231,1.266408536689093,1.2664994170296444,0.6605424478011284,0.6605768048588002
93426,736686.2280160934,1.266408536689093,1.2664994170296444,0.6605424478011284,0.6605768048588002
93428,736686.2747718265,1.266408536689093,1.2664994170296444,0.6605424478011284,0.6605768048588002
93432,736686.3873593073,1.266408536689093,1.2664994170296444,0.6605424478011284,0.6605768048588002
93434,736686.4773929503,1.2663188496818387,1.266363568438846,0.6604775839272901,0.6605791133290569
93440,736686.6604800855,1.2665276414436104,1.2665689969606184,0.6605406616472298,0.6605824626719062
93442,736686.675566621,1.2665276414436104,1.2665689969606184,0.6605406616472298,0.6605824626719062
93443,736686.6821050779,1.2665276414436104,1.2665689969606184,0.6605406616472298,0.6605824626719062
93444,736686.6825925709,1.2665126079464355,1.2665747927771391,0.6605406183061197,0.6605791592923121
93449,736686.714262537,1.2665126079464355,1.2665747927771391,0.6605406183061197,0.6605791592923121
93450,736686.7159231311,1.2665126079464355,1.2665747927771391,0.6605406183061197,0.6605791592923121
93451,736686.720579168,1.2664905964637614,1.2665812199940278,0.6604673794097627,0.6605559647834001
93453,736686.7386317933,1.2666937430902658,1.2667837339755388,0.6605467359438919,0.6605714085217953
93454,736686.7454262614,1.2666937430902658,1.2667837339755388,0.6605467359438919,0.6605714085217953
93455,736686.7542926993,1.2667210380323881,1.2668109442517022,0.6604593965273158,0.6605715474984978
93458,736686.908676214,1.2667512828260559,1.2668410953221771,0.6604617237945297,0.6605735891190382
93459,736686.9235051936,1.2667572446492925,1.2668470386823059,0.6605381297198648,0.6605740445772651
93460,736686.9783003652,1.2667676021911871,1.2668573641570473,0.6605516865624242,0.6605704401597726
93464,736687.0827439702,1.2667744433190864,1.2668641841109507,0.6605301303688277,0.6605680502908822
93466,736687.089371288,1.2667744433190864,1.2668641841109507,0.6605301303688277,0.6605680502908822
93467,736687.1793509454,1.2667880883354496,1.2668777869094743,0.6605314285218472,0.6605500887392368
93469,736687.2174145861,1.26750340087423,1.2675909138096528,0.6605676438316064,0.6606054657456109
93470,736687.2178375833,1.2680166017012138,1.2681025793885716,0.6606204189965152,0.6606459132964625
93471,736687.219447142,1.268030608502632,1.2681165446676073,0.6606231566977995,0.660647025716931
93472,736687.2217930965,1.26806379680122,1.268149634661244,0.6605647611849492,0.6606496633399246
93474,736687.224099891,1.2680816042841727,1.2681673894440781,0.6605661858043408,0.6606510796290216
93475,736687.2491253476,1.2680982133197072,1.2681839493553435,0.6605669546191997,0.6606524012619274
93477,736687.2626716126,1.268113179383847,1.2681988711786623,0.660630496176943,0.6606535927045897
93478,736687.2703801363,1.2681297703212027,1.2682154130985899,0.6606249088426538,0.6606549141080941
93480,736687.2781574199,1.2684862788629183,1.268570875084848,0.6606554174506718,0.6606834628734737
93481,736687.2787221244,1.268503828463662,1.2685883734985999,0.6606006627455684,0.660684875859853
93482,736687.2815254271,1.2685158247175974,1.2686003347808095,0.6606559009749132,0.6606858421382864
93483,736687.2825325935,1.268543287826046,1.268627717882617,0.6606028196767756,0.6606880555112026
93487,736687.468178765,1.2685523759778348,1.2686367795750926,0.6606476018696603,0.6606755588240248
93488,736687.4766345425,1.2688383069267823,1.2689218822773838,0.6606708231752809,0.6606987353638251
93489,736687.4772993091,1.2688694875343105,1.2689529730572897,0.6606315754985226,0.6607012743650482
93490,736687.4836305173,1.2688765441718934,1.268960009378921,0.6606783951840742,0.6607018492966775
93491,736687.4863868124,1.2690453076815529,1.2691282884891166,0.660644389293022,0.660715634106825
93495,736687.50584302,1.2690453076815529,1.2691282884891166,0.660644389293022,0.660715634106825
93497,736687.5246170282,1.2690453076815529,1.2691282884891166,0.660644389293022,0.660715634106825
93499,736687.5676224848,1.2690453076815529,1.2691282884891166,0.660644389293022,0.660715634106825
93500,736687.5818876192,1.2690588256692912,1.269115780482131,0.660647116922736,0.6607128283727767
93504,736687.7074856195,1.2690588256692912,1.269115780482131,0.660647116922736,0.6607128283727767
93505,736687.7202466542,1.2690588256692912,1.269115780482131,0.660647116922736,0.6607128283727767
93506,736687.809335628,1.2690680671455954,1.269125003799831,0.6606467653110375,0.6607135856708394
93507,736687.8106026176,1.2691000879226704,1.269156961703912,0.6606483429727381,0.660716211195507
93508,736687.8393552862,1.269126089321227,1.2691829120995932,0.6606504867546896,0.660718344951304
93509,736687.8562290345,1.269126089321227,1.2691829120995932,0.6606504867546896,0.660718344951304
93513,736688.0201213338,1.2691321812669045,1.2691889921022623,0.6606504690952363,0.6607188451069845
93520,736688.2224945178,1.2691916466562152,1.2692483410437598,0.6607008196313833,0.6607218089021961
93521,736688.2553667102,1.2691981594826622,1.2692548411309927,0.6607081991146833,0.660722344699782
93522,736688.266525085,1.269338656306922,1.2693950638359366,0.6606686297226786,0.6607339276438666
93524,736688.28342823,1.2694377098681462,1.2694939249329942,0.6606763048825841,0.6607421221409315
93533,736688.3959944827,1.2694377098681462,1.2694939249329942,0.6606763048825841,0.6607421221409315
93535,736688.5026811718,1.2694765996671067,1.2695327393473361,0.6607233580313966,0.6607453458143364
93536,736688.5297404578,1.2694820259615938,1.2695381551314378,0.6606799953810558,0.6607457959007784
93561,736688.9243731309,1.2694820259615938,1.2695381551314378,0.6606799953810558,0.6607457959007784
93562,736688.9354338759,1.2694820259615938,1.2695381551314378,0.6606799953810558,0.6607457959007784
93567,736689.008647888,1.3161053174976265,1.3161053174976265,0.6660450625543988,0.6660463554122846
93572,736689.0692565632,1.269488043481431,1.2695441609980227,0.6606804968634296,0.6607434143222405
93577,736689.1209321095,1.269488043481431,1.2695441609980227,0.6606804968634296,0.6607434143222405
93578,736689.1337865122,1.269488043481431,1.2695441609980227,0.6606804968634296,0.6607434143222405
93579,736689.1553610646,1.269488043481431,1.2695441609980227,0.6606804968634296,0.6607434143222405
93583,736689.2272975299,1.2694938555243003,1.2695499617878516,0.6606798235720233,0.6607432608108741
93589,736689.2747011683,1.2694938555243003,1.2695499617878516,0.6606798235720233,0.6607432608108741
93594,736689.34444005,1.2695076333879116,1.2695637129843302,0.6606836586532224,0.6607444046055619
93596,736689.3687902805,1.2695076333879116,1.2695637129843302,0.6606836586532224,0.6607444046055619
93598,736689.4028456766,1.2695076333879116,1.2695637129843302,0.6606836586532224,0.6607444046055619
93599,736689.4217618578,1.2695155587499412,1.2695716230125142,0.6607307518247812,0.6607455976873744
93602,736689.4626909519,1.2695155587499412,1.2695716230125142,0.6607307518247812,0.6607455976873744
93603,736689.467897505,1.2695155587499412,1.2695716230125142,0.6607307518247812,0.6607455976873744
93611,736689.5719390581,1.2695155587499412,1.2695716230125142,0.6607307518247812,0.6607455976873744
93614,736689.6899085362,1.2695155587499412,1.2695716230125142,0.6607307518247812,0.6607455976873744
93616,736689.7292447116,1.2695155587499412,1.2695716230125142,0.6607307518247812,0.6607455976873744
93620,736689.8977238998,1.2695356871242234,1.2695917124616116,0.6606854234460946,0.6607467349415495
93628,736690.0356782735,1.2694771793562871,1.269533317913602,0.6607343119857032,0.6607472886137306
93633,736690.1036117974,1.2694771793562871,1.269533317913602,0.6607343119857032,0.6607472886137306
93634,736690.1043446058,1.269486939633613,1.2695430592876844,0.6607296136445339,0.6607480981424397
93638,736690.1564488144,1.269543689293855,1.2695996991637775,0.660736252397721,0.6607528095366019
93639,736690.1634506638,1.2695786254938433,1.2696345678852252,0.6606933660724955,0.6607557137946791
93640,736690.165529682,1.2695838491489144,1.2696397814578975,0.6606953777010751,0.6607561482900215
93642,736690.1735307387,1.2695838491489144,1.2696397814578975,0.6606953777010751,0.6607561482900215
93643,736690.1944637911,1.2695838491489144,1.2696397814578975,0.6606953777010751,0.6607561482900215
93647,736690.2605841106,1.2695838491489144,1.2696397814578975,0.6606953777010751,0.6607561482900215
93672,736690.5969784386,1.2695838491489144,1.2696397814578975,0.6606953777010751,0.6607561482900215
93679,736690.9473818298,1.2695838491489144,1.2696397814578975,0.6606953777010751,0.6607561482900215
93680,736690.9497531715,1.2695630676102938,1.2696190400413663,0.6607375098903668,0.6607565980407357
93681,736690.954177141,1.2695630676102938,1.2696190400413663,0.6607375098903668,0.6607565980407357
93683,736690.9996631396,1.2695630676102938,1.2696190400413663,0.6607375098903668,0.6607565980407357
93684,736691.048782387,1.2695877883589652,1.2696437130659122,0.6606963405232651,0.6607131158041494
93688,736691.2779963737,1.2696006051734199,1.2696565051531377,0.6606963549435279,0.6607098326879369
93690,736691.3324477016,1.2930454153311903,1.293070302308369,0.6634379290359845,0.6634486958322783
93691,736691.3362991388,1.2930553222252408,1.2930802006919067,0.6634394689699082,0.6634502346213721
93692,736691.3369236329,1.2934006809671637,1.2934252645648872,0.6634933790634175,0.6635041047132163
93693,736691.3407377052,1.2934176851317631,1.2934422543018262,0.6634960448274109,0.6635067685030538
93695,736691.3523940142,1.2934385911329551,1.2934631425763345,0.6635001762135143,0.6635100450081893
93698,736691.3563982876,1.2934385911329551,1.2934631425763345,0.6635001762135143,0.6635100450081893
93700,736691.3580436973,1.2934444131104148,1.2934689596194806,0.6635002371784532,0.6635109577501471
93701,736691.360295701,1.2934476490662503,1.2934721928331676,0.6635015972961175,0.6635119070106721
93705,736691.3726674726,1.2934476490662503,1.2934721928331676,0.6635015972961175,0.6635119070106721
93707,736691.3838307487,1.2935776668676426,1.2936021007104463,0.6635211780226146,0.6635318831034878
93709,736691.387698126,1.2935776668676426,1.2936021007104463,0.6635211780226146,0.6635318831034878
93710,736691.3924825339,1.2935776668676426,1.2936021007104463,0.6635211780226146,0.6635318831034878
93712,736691.4010852921,1.2935776668676426,1.2936021007104463,0.6635211780226146,0.6635318831034878
93714,736691.4063759927,1.293583664544538,1.2936080933284704,0.6635221221129558,0.6635328264959731
93717,736691.456484621,1.2935880590005868,1.2936124840785843,0.6635228139264293,0.6635335177980984
93719,736691.47650536,1.2935880590005868,1.2936124840785843,0.6635228139264293,0.6635335177980984
93721,736691.4969423289,1.2935927670049507,1.2936171881132152,0.6635235551812315,0.6635342585050353
93723,736691.4992881307,1.29359701094966,1.2936214284800334,0.6635250744309317,0.6635349262725455
93726,736691.5110668542,1.2937674069088299,1.2937916812175811,0.6635511098636228,0.6635617928414975
93730,736691.5559940692,1.293770292005106,1.2937945638961126,0.6635515660296288,0.6635622486710038
93731,736691.5574167658,1.293770292005106,1.2937945638961126,0.6635515660296288,0.6635622486710038
93733,736691.5979174762,1.2937756635397988,1.2937999309300372,0.6635524154121798,0.6635630974270187
93735,736691.6353443961,1.2937756635397988,1.2937999309300372,0.6635524154121798,0.6635630974270187
93736,736691.6860896845,1.2937794656927433,1.2938037298976903,0.6635523942812092,0.6635630763116346
93737,736691.6886554272,1.2937794656927433,1.2938037298976903,0.6635523942812092,0.6635630763116346
93738,736691.6918754468,1.2937794656927433,1.2938037298976903,0.6635523942812092,0.6635630763116346
93739,736691.6992986664,1.2937818098324196,1.293806072073749,0.6635527650350568,0.6635634467920116
93742,736691.7188305671,1.2938189366243449,1.2938431677868094,0.6635586398201034,0.6635693172447101
93744,736691.7251858902,1.293826005591838,1.2938502308413757,0.6635597589669484,0.6635704355664417
93748,736691.7616789145,1.293828513341382,1.2938527364936279,0.6635601560344393,0.6635708323412021
93750,736691.8069783741,1.293831200202388,1.2938554211077478,0.6635605814878345,0.6635712574809485
93751,736691.8118856049,1.293831200202388,1.2938554211077478,0.6635605814878345,0.6635712574809485
93759,736691.9156832864,1.2938375707573826,1.2938617863362023,0.663561590346849,0.6635722655962586
93762,736691.9568018556,1.2938656844971674,1.2938898765835456,0.6635660443296402,0.6635767162963087
93763,736691.9574705933,1.2938656844971674,1.2938898765835456,0.6635660443296402,0.6635767162963087
93765,736691.9840602475,1.2938656844971674,1.2938898765835456,0.6635660443296402,0.6635767162963087
93766,736691.9966826753,1.2938656844971674,1.2938898765835456,0.6635660443296402,0.6635767162963087
93767,736691.9989530151,1.293872502491703,1.2938966888842525,0.6635671249310195,0.6635777961013992
93768,736692.0055270393,1.2938861013835306,1.293910276423403,0.6635692807732283,0.6635799503551577
93771,736692.0423286312,1.2938861013835306,1.293910276423403,0.6635692807732283,0.6635799503551577
93772,736692.0544829067,1.2938914514774396,1.2939156220523873,0.6635701291170634,0.6635807980739876
93774,736692.0849605656,1.2938914514774396,1.2939156220523873,0.6635701291170634,0.6635807980739876
93775,736692.1016473064,1.2939853409541875,1.2940094333076266,0.6635850342408446,0.6635956922226035
93776,736692.1044449096,1.2939853409541875,1.2940094333076266,0.6635850342408446,0.6635956922226035
93778,736692.1248491105,1.2939853409541875,1.2940094333076266,0.6635850342408446,0.6635956922226035
93779,736692.1333740242,1.2939954266292129,1.2940056993292117,0.6635866373225584,0.6636018240219349
93782,736692.2262092624,1.2939954266292129,1.2940056993292117,0.6635866373225584,0.6636018240219349
93791,736692.4035675391,1.2940197719618989,1.2940438356935187,0.6635931564347729,0.6636038084406268
93801,736692.6336974595,1.2813497025232574,1.281386968712151,0.6635938448619981,0.6636044963614958
93803,736692.7661617516,1.2813497025232574,1.281386968712151,0.6635938448619981,0.6636044963614958
93804,736692.8134279829,1.2813497025232574,1.281386968712151,0.6635938448619981,0.6636044963614958
93805,736692.8225298357,1.2813538369614679,1.2813910978326104,0.6635951162072424,0.6636049205137734
93806,736692.8229359679,1.2813538369614679,1.2813910978326104,0.6635951162072424,0.6636049205137734
93807,736692.9211567891,1.2813538369614679,1.2813910978326104,0.6635951162072424,0.6636049205137734
93808,736693.0583583218,1.2813538369614679,1.2813910978326104,0.6635951162072424,0.6636049205137734
93811,736693.1231547507,1.2813538369614679,1.2813910978326104,0.6635951162072424,0.6636049205137734
93815,736693.2711916127,1.2813651946317637,1.2814024408984726,0.6635957927200649,0.663606442786992
93817,736693.299517566,1.2813651946317637,1.2814024408984726,0.6635957927200649,0.663606442786992
93819,736693.3842942923,1.2645862059508362,1.2813745319012568,0.6322931029754181,0.6407454285628214
93824,736693.6022570612,1.2813785641222866,1.281465347858176,0.6635971660303581,0.6636129125275928
93825,736693.6841611754,1.2813852624185484,1.2814720261093093,0.6635978542669385,0.6636136000159828
93826,736693.7224461193,1.2813852624185484,1.2814720261093093,0.6635978542669385,0.6636136000159828
93828,736693.8097798126,1.2813852624185484,1.2814720261093093,0.6635978542669385,0.6636136000159828
93829,736693.8114273052,1.2813852624185484,1.2814720261093093,0.6635978542669385,0.6636136000159828
93832,736693.9093324571,1.2813852624185484,1.2814720261093093,0.6635978542669385,0.6636136000159828
93833,736693.9101502047,1.2813852624185484,1.2814720261093093,0.6635978542669385,0.6636136000159828
93834,736693.9150020095,1.2813852624185484,1.2814720261093093,0.6635978542669385,0.6636136000159828
93836,736693.954025489,1.2813852624185484,1.2814720261093093,0.6635978542669385,0.6636136000159828
93837,736693.9788764121,1.2813852624185484,1.2814720261093093,0.6635978542669385,0.6636136000159828
93838,736694.0340576945,1.2813852624185484,1.2814720261093093,0.6635978542669385,0.6636136000159828
93840,736694.0748002512,1.2813852624185484,1.2814720261093093,0.6635978542669385,0.6636136000159828
93841,736694.1152809906,1.2813852624185484,1.2814720261093093,0.6635978542669385,0.6636136000159828
93842,736694.1399753009,1.2813852624185484,1.2814720261093093,0.6635978542669385,0.6636136000159828
93843,736694.1627104736,1.281400280681704,1.2814869994460447,0.6635997938051276,0.6636155374458671
93844,736694.169778349,1.281416707960642,1.2815033776101576,0.6636014828605741,0.6636172246655169
93845,736694.1795414466,1.28142214549045,1.2815087988887774,0.6636020421159685,0.6636177833131163
93847,736694.2031592444,1.28142214549045,1.2815087988887774,0.6636020421159685,0.6636177833131163
93850,736694.2159008995,1.28142214549045,1.2815087988887774,0.6636020421159685,0.6636177833131163
93851,736694.2184207799,1.28142214549045,1.2815087988887774,0.6636020421159685,0.6636177833131163
93854,736694.3973075392,1.28142214549045,1.2815087988887774,0.6636020421159685,0.6636177833131163
93864,736694.6954284963,1.28142214549045,1.2815087988887774,0.6636020421159685,0.6636177833131163
93865,736694.8146219115,1.2814267198106535,1.2815133595400305,0.663602512654004,0.6636182533397924
93867,736694.8987514494,1.2814341369531954,1.2815207545232967,0.6636032757448267,0.6636190156013577
4,736695.0651185716,1.2814341369531954,1.2815207545232967,0.6636032757448267,0.6636190156013577
6,736695.1408295396,1.2814950519261255,1.2815814877220815,0.6636095486783741,0.6636252817197092
8,736695.1621067033,1.2814990260140129,1.2815854499642827,0.663609958288281,0.6636256908847004
14,736695.4334089383,1.2814990260140129,1.2815854499642827,0.663609958288281,0.6636256908847004
19,736695.6586526487,1.2815110242575285,1.2815974124540974,0.663611195220078,0.6636250052418394
20,736695.6754751247,1.2815110242575285,1.2815974124540974,0.663611195220078,0.6636250052418394
21,736695.6933269013,1.2815110242575285,1.2815974124540974,0.663611195220078,0.6636250052418394
28,736695.900850029,1.2815110242575285,1.2815974124540974,0.663611195220078,0.6636250052418394
29,736695.9295567916,1.2815010493014616,1.2815874672214786,0.6636127784262288,0.6636265869384734
35,736696.0796966067,1.2815205043084885,1.2816068642657925,0.663614784050696,0.6636285906509037
36,736696.0903085272,1.2815205043084885,1.2816068642657925,0.663614784050696,0.6636285906509037
43,736696.4205857127,1.2815205043084885,1.2816068642657925,0.663614784050696,0.6636285906509037
44,736696.5499224704,1.2815374382664282,1.2816237478036343,0.6636165306502133,0.6636303355855379
45,736696.5739767652,1.2815432404031923,1.2816295326715592,0.6636171292797725,0.6636309336445211
49,736696.6555878585,1.2815437955001119,1.2816300861165302,0.6636188163139166,0.6636326190708175
50,736696.6568927286,1.2815437955001119,1.2816300861165302,0.6636188163139166,0.6636326190708175
51,736696.6582209292,1.2815580328558052,1.2816442811131574,0.6636202854990638,0.6636340868558931
52,736696.6635962662,1.2815717802203785,1.2816579875961922,0.6636217046650835,0.663635504669642
53,736696.6683416115,1.2816162211361284,1.281702296487086,0.6636262960430329,0.6636400916735445
55,736696.6904186853,1.2816162211361284,1.281702296487086,0.6636262960430329,0.6636400916735445
56,736696.7000029833,1.281622421300928,1.2817084782485215,0.663626937052672,0.663640732072626
57,736696.7096994307,1.281622421300928,1.2817084782485215,0.663626937052672,0.663640732072626
59,736696.7162113368,1.281622421300928,1.2817084782485215,0.663626937052672,0.663640732072626
60,736696.7270373651,1.281622421300928,1.2817084782485215,0.663626937052672,0.663640732072626
61,736696.7289626632,1.2816339630111702,1.281719985711058,0.663628130592846,0.663641924476033
62,736696.7466609849,1.2816339630111702,1.281719985711058,0.663628130592846,0.663641924476033
64,736696.7477956496,1.2816339630111702,1.281719985711058,0.663628130592846,0.663641924476033
65,736696.748441005,1.2816339630111702,1.281719985711058,0.663628130592846,0.663641924476033
66,736696.7503044208,1.2816339630111702,1.281719985711058,0.663628130592846,0.663641924476033
69,736696.8015765945,1.2816339630111702,1.281719985711058,0.663628130592846,0.663641924476033
80,736697.0482072401,1.2816339630111702,1.281719985711058,0.663628130592846,0.663641924476033
83,736697.1784262529,1.2817631486848342,1.2818487889796037,0.6636415155920081,0.6636552967332897
85,736697.183411025,1.2834329400100237,1.283513787631181,0.6638188345171353,0.6638324479650192
86,736697.1838582024,1.2835543593837686,1.2836348691360608,0.6638320444270928,0.6638456454640902
87,736697.1879842123,1.2835640936821018,1.2836445764082798,0.6638331053548444,0.6638467053955768
88,736697.188537048,1.2835640936821018,1.2836445764082798,0.6638331053548444,0.6638467053955768
89,736697.217336168,1.2835640936821018,1.2836445764082798,0.6638331053548444,0.6638467053955768
90,736697.2310712218,1.2835691425473528,1.2836496112595293,0.6638336557335723,0.663846904303123
91,736697.2345466252,1.2835691425473528,1.2836496112595293,0.6638336557335723,0.663846904303123
92,736697.2631628783,1.2835691425473528,1.2836496112595293,0.6638336557335723,0.663846904303123
93,736697.2671625753,1.2835691425473528,1.2836496112595293,0.6638336557335723,0.663846904303123
94,736697.2675507521,1.283583367447382,1.283663796688983,0.6638352067990021,0.663848453949776
95,736697.2698799974,1.2836170720903621,1.2836974078870824,0.6638388842905995,0.6638521280781374
99,736697.34544854,1.2836357916904404,1.2837160756345964,0.6638409282198956,0.663854170138535
103,736697.3857519818,1.2836357916904404,1.2837160756345964,0.6638409282198956,0.663854170138535
114,736697.5343603707,1.2836294867632911,1.28364819834095,0.6638420713548826,0.6638573348267752
119,736697.6775968316,1.2836294867632911,1.28364819834095,0.6638420713548826,0.6638573348267752
121,736697.7393439732,1.2836294867632911,1.28364819834095,0.6638420713548826,0.6638573348267752
122,736697.7547741223,1.2836294867632911,1.28364819834095,0.6638420713548826,0.6638573348267752
123,736697.7920137866,1.2836335814439803,1.2837138715086922,0.6638422371491538,0.6638554778710918
124,736697.7971484552,1.2836472929920302,1.2837275450946044,0.6638437346720771,0.6638569740250228
125,736697.8000056774,1.2836472929920302,1.2837275450946044,0.6638437346720771,0.6638569740250228
126,736697.8007816429,1.2836472929920302,1.2837275450946044,0.6638437346720771,0.6638569740250228
127,736697.8018472189,1.2836523273709353,1.2837325655397003,0.6638442846468471,0.6638575234970571
132,736697.9231698865,1.2836523273709353,1.2837325655397003,0.6638442846468471,0.6638575234970571
133,736698.0953218101,1.2074599998854985,1.173672768068357,0.6322956256795377,0.6580596540039253
135,736698.1459244792,1.2074599998854985,1.173672768068357,0.6322956256795377,0.6580596540039253
137,736698.1917378429,1.2836737931738789,1.2837539719581705,0.6638466304919335,0.6638598671980049
138,736698.2063595364,1.207474125377868,1.1732284184231987,0.6322574269473329,0.6580566639111343
145,736698.5009107128,1.2837321576172258,1.2838121751599132,0.6638530156016121,0.6638635029823601
150,736698.6097533739,1.283737353648031,1.2838173568515152,0.6638535845384498,0.6638640715071928
152,736698.7214087547,1.283737353648031,1.2838173568515152,0.6638535845384498,0.6638640715071928
158,736698.8769909572,1.283737353648031,1.2838173568515152,0.6638535845384498,0.6638640715071928
159,736698.8845593323,1.2837484594378856,1.2838284320019295,0.6638548008288414,0.6638652869168425
161,736699.067225867,1.2837484594378856,1.2838284320019295,0.6638548008288414,0.6638652869168425
166,736699.3172488107,1.2838365248765014,1.2839162548938787,0.6638644585387896,0.6638749376360601
167,736699.321053482,1.283839717305416,1.2839194385441315,0.6638648090678612,0.663875287911489
168,736699.3299054798,1.283867828961961,1.2839474729398392,0.6638678970335364,0.6638783736429784
172,736699.4693804912,1.2838711300025152,1.283950764912866,0.6638622657862996,0.6638727464703844
173,736699.4772789205,1.2839001975290452,1.2839797526391912,0.6638654628193547,0.6638759411899446
175,736699.7965563278,1.2839001975290452,1.2839797526391912,0.6638654628193547,0.6638759411899446
177,736699.8808823023,1.2839001975290452,1.2839797526391912,0.6638654628193547,0.6638759411899446
179,736699.963734309,1.2839001975290452,1.2839797526391912,0.6638654628193547,0.6638759411899446
181,736699.9904910485,1.2839001975290452,1.2839797526391912,0.6638654628193547,0.6638759411899446
186,736700.1128344737,1.2839001975290452,1.2839797526391912,0.6638654628193547,0.6638759411899446
188,736700.1513677194,1.2105295950948602,1.2841331735167398,0.6580882445274446,0.6638909544283287
190,736700.1639952821,1.2104043890222604,1.2841430504329734,0.6580885035444762,0.6638920481782062
191,736700.164252193,1.2102634787619841,1.2841498034313803,0.6580887434093066,0.6638927961589052
192,736700.1685312352,1.2102634787619841,1.2841498034313803,0.6580887434093066,0.6638927961589052
193,736700.1707876709,1.2102634787619841,1.2841498034313803,0.6580887434093066,0.6638927961589052
196,736700.191118254,1.2102634787619841,1.2841498034313803,0.6580887434093066,0.6638927961589052
212,736700.8139550469,1.2839072466866326,1.2842173105807941,0.6638634753045207,0.6638994600636242
220,736700.982246792,1.1701847690888374,1.2104741786314968,0.5850923845444187,0.6580876656195198
223,736701.0635213538,1.1701847690888374,1.2104741786314968,0.5850923845444187,0.6580876656195198
226,736701.1401509905,1.279925704298214,1.2829562894378717,0.6405325610197483,0.6638730206418999
232,736701.2622168217,1.282875852509844,1.2831186336707059,0.647912665965709,0.6480054663784323
234,736701.2736062407,1.282875852509844,1.2831186336707059,0.647912665965709,0.6480054663784323
236,736701.3883042628,1.282875852509844,1.2831186336707059,0.647912665965709,0.6480054663784323
241,736701.7083559277,1.282875852509844,1.2831186336707059,0.647912665965709,0.6480054663784323
242,736701.7306777586,1.282875852509844,1.2831186336707059,0.647912665965709,0.6480054663784323
245,736701.8005439806,1.282599324085146,1.282888297360948,0.647901981813088,0.6480100954739754
247,736701.9664963023,1.282599324085146,1.282888297360948,0.647901981813088,0.6480100954739754
254,736702.1790070629,1.282599324085146,1.282888297360948,0.647901981813088,0.6480100954739754
270,736702.8097757607,1.282599324085146,1.282888297360948,0.647901981813088,0.6480100954739754
273,736702.8442262692,1.282599324085146,1.282888297360948,0.647901981813088,0.6480100954739754
274,736702.8553099337,1.2811323698831645,1.2814362832155168,0.6479079180955146,0.6480108559071546
275,736702.8562180917,1.2811323698831645,1.2814362832155168,0.6479079180955146,0.6480108559071546
276,736702.8759951474,1.2811323698831645,1.2814362832155168,0.6479079180955146,0.6480108559071546
277,736702.8914072841,1.2817926767152519,1.2820897724184057,0.6481076402476221,0.6482091725825511
280,736702.9357958995,1.2817926767152519,1.2820897724184057,0.6481076402476221,0.6482091725825511
283,736702.9699315508,1.2817926767152519,1.2820897724184057,0.6481076402476221,0.6482091725825511
284,736702.9780307193,1.2817926767152519,1.2820897724184057,0.6481076402476221,0.6482091725825511
285,736702.986791513,1.2817944361855966,1.2820949046704162,0.6481081748342317,0.6482107370423652
289,736703.057471654,1.2818365340093485,1.2821331823152562,0.6481221634097702,0.6482235942918845
300,736703.2709141312,1.2818365340093485,1.2821331823152562,0.6481221634097702,0.6482235942918845
317,736703.4869677182,1.2816681329634108,1.2819665028260963,0.6481313226775883,0.6482326896287897
322,736703.6736098623,1.2816681329634108,1.2819665028260963,0.6481313226775883,0.6482326896287897
330,736704.0442534585,1.2816681329634108,1.2819665028260963,0.6481313226775883,0.6482326896287897
331,736704.1395784294,1.165764504848749,1.2817241928374983,0.6323062605348393,0.6481632987893943
332,736704.1826149058,1.281675076153722,1.2820254585301756,0.6481433880958662,0.6482604501377612
337,736704.3711172484,1.281675076153722,1.2820254585301756,0.6481433880958662,0.6482604501377612
347,736704.5601112023,1.281675076153722,1.2820254585301756,0.6481433880958662,0.6482604501377612
349,736704.6203426569,1.2816609517482547,1.282011504065964,0.64814458028053,0.6482616327212568
351,736704.6358790786,1.2816651857108885,1.2820156870780395,0.6481458576204582,0.6482628997750955
354,736704.6600398825,1.2816651857108885,1.2820156870780395,0.6481458576204582,0.6482628997750955
355,736704.665594627,1.2101327292837134,1.281940131858361,0.6580875406613892,0.6482409104695013
358,736704.7449546199,1.2816713754000963,1.282027508182899,0.6481477251148886,0.6482664808329002
360,736704.8206121922,1.2816713754000963,1.282027508182899,0.6481477251148886,0.6482664808329002
361,736704.8208371856,1.2816713754000963,1.282027508182899,0.6481477251148886,0.6482664808329002
367,736704.9450051066,1.2816718403942238,1.282027967492495,0.6481518572005897,0.648270579165071
369,736705.0512243186,1.2816718403942238,1.282027967492495,0.6481518572005897,0.648270579165071
378,736705.2002089528,1.2828195603922916,1.2829271436094565,0.6485054746252653,0.6485578069279504
377,736705.2002165153,1.225937464724973,1.2836553548729983,0.6129687323624865,0.6487773785312595
383,736705.2821626879,1.282577779091296,1.2836884964990916,0.6484361971197329,0.6487883371293902
394,736705.3922064686,1.2825873210525993,1.2836944712636102,0.648437672106405,0.6487887835907252
405,736705.8085626701,1.2825873210525993,1.2836944712636102,0.648437672106405,0.6487887835907252
406,736705.8653171266,1.2825873210525993,1.2836944712636102,0.648437672106405,0.6487887835907252
417,736706.1882216155,1.2825873210525993,1.2836944712636102,0.648437672106405,0.6487887835907252
422,736706.3435756858,1.2825873210525993,1.2836944712636102,0.648437672106405,0.6487887835907252
423,736706.3599628136,1.2333994813535532,1.2389934985401199,0.6484362609804464,0.6487874062800003
429,736706.4155927057,1.2333994813535532,1.2389934985401199,0.6484362609804464,0.6487874062800003
430,736706.514354339,1.2333994813535532,1.2389934985401199,0.6484362609804464,0.6487874062800003
444,736706.8862915352,1.230679880213364,1.2367705838559708,0.6484642607954696,0.6488147357281301
449,736706.9299879471,1.2306620384757432,1.2367561277539723,0.6484662183139446,0.6488166464273396
452,736707.0138131918,1.2306620384757432,1.2367561277539723,0.6484662183139446,0.6488166464273396
455,736707.0753314638,1.2306620384757432,1.2367561277539723,0.6484662183139446,0.6488166464273396
460,736707.2366692184,1.2145388165415532,1.1736287120866797,0.6322902595078286,0.6323091028200037
468,736707.3953504374,1.2338420153419218,1.2356872623164155,0.6486970656020365,0.6488133950294109
477,736707.6363031969,1.2338420153419218,1.2356872623164155,0.6486970656020365,0.6488133950294109
478,736707.6837708645,1.2338420153419218,1.2356872623164155,0.6486970656020365,0.6488133950294109
480,736707.7112611225,1.2338420153419218,1.2356872623164155,0.6486970656020365,0.6488133950294109
485,736707.8509526119,1.2338420153419218,1.2356872623164155,0.6486970656020365,0.6488133950294109
498,736708.7559589501,1.2073780184726643,1.23499961686466,0.5817054451160862,0.6433730921514428
506,736708.9691149567,1.2258746896622401,1.2348013008768308,0.6129373448311201,0.6433333802931916
509,736709.0445972898,1.2258746896622401,1.2348013008768308,0.6129373448311201,0.6433333802931916
512,736709.1432374439,1.2258746896622401,1.2348013008768308,0.6129373448311201,0.6433333802931916
517,736709.3219183384,1.2284153289178517,1.2347594278976812,0.6428632510959987,0.643381187534381
518,736709.3395433064,1.2325291393921605,1.2381086237961394,0.6431654030184328,0.6436728264686096
519,736709.3528566387,1.2325768262010457,1.2381479578453267,0.6431691238940432,0.6436764191968727
520,736709.3576675942,1.2328935372111374,1.238409481382539,0.6431939676143152,0.6437004081114119
523,736709.3683062115,1.2328935372111374,1.238409481382539,0.6431939676143152,0.6437004081114119
536,736709.4759435694,1.2328935372111374,1.238409481382539,0.6431939676143152,0.6437004081114119
539,736709.5330778604,1.2328935372111374,1.238409481382539,0.6431939676143152,0.6437004081114119
541,736709.6318067061,1.2329134046085917,1.2384259034435101,0.6431955337180901,0.6437019203772063
542,736709.7433220166,1.2329134046085917,1.2384259034435101,0.6431955337180901,0.6437019203772063
543,736709.8161167806,1.2329134046085917,1.2384259034435101,0.6431955337180901,0.6437019203772063
544,736709.8300350822,1.2329088309754355,1.2384221227811119,0.6431970996524582,0.6437034324850404
554,736710.2555043038,1.2142211467457675,1.1899733645009105,0.6071105733728838,0.586033996040347
556,736710.2946539754,1.2325488467301646,1.2381248778465215,0.6431993890210798,0.6437056431703299
560,736710.3702001269,1.2325488467301646,1.2381248778465215,0.6431993890210798,0.6437056431703299
564,736710.3952102475,1.2325825915598458,1.2381527141200759,0.6432020171215495,0.6437081809604019
569,736710.4998612182,1.2326109538597025,1.2381761147109789,0.6432042280229713,0.6437103159000532
575,736710.5683173301,1.2491235158514384,1.2523998782858998,0.6448437288172674,0.6452964654085709
583,736710.7665991749,1.2491235158514384,1.2523998782858998,0.6448437288172674,0.6452964654085709
584,736710.7966913166,1.2491235158514384,1.2523998782858998,0.6448437288172674,0.6452964654085709
585,736710.811802465,1.2491012416416005,1.2523799880931292,0.64483361036292,0.6452866586066246
586,736710.8432523063,1.2491012416416005,1.2523799880931292,0.64483361036292,0.6452866586066246
588,736710.8701322646,1.2491012416416005,1.2523799880931292,0.64483361036292,0.6452866586066246
589,736710.8712757448,1.2491012416416005,1.2523799880931292,0.64483361036292,0.6452866586066246
590,736710.9160293533,1.249130079176171,1.2524057394478583,0.6448371634139815,0.6452901021982541
591,736710.9214312276,1.249130079176171,1.2524057394478583,0.6448371634139815,0.6452901021982541
594,736711.0382186646,1.2258245621209167,1.2522879663966326,0.6129122810604584,0.6452521737896826
596,736711.077759782,1.2490779575893614,1.2523768246687803,0.644838883389852,0.6452941235656218
606,736711.2665432679,1.2490779575893614,1.2523768246687803,0.644838883389852,0.6452941235656218
613,736711.3581721331,1.2490779575893614,1.2523768246687803,0.644838883389852,0.6452941235656218
640,736711.8675269765,1.2490779575893614,1.2523768246687803,0.644838883389852,0.6452941235656218
643,736712.0014212801,1.230997687967594,1.251928384896241,0.615498843983797,0.6452590413931073
663,736713.2996504772,1.2420482450083346,1.2462644944571106,0.6449214372264321,0.6453819688848378
672,736713.6711235949,1.2420482450083346,1.2462644944571106,0.6449214372264321,0.6453819688848378
674,736713.6776223844,1.2418082116034832,1.2460571065552393,0.6449242104082326,0.6453846552416329
679,736714.1030519407,1.2418082116034832,1.2460571065552393,0.6449242104082326,0.6453846552416329
680,736714.1056870844,1.2418082116034832,1.2460571065552393,0.6449242104082326,0.6453846552416329
683,736714.1477884152,1.2418082116034832,1.2460571065552393,0.6449242104082326,0.6453846552416329
689,736714.3160782394,1.2418619512199718,1.2461035170419388,0.644933821939064,0.6453939659715918
703,736714.6485272044,1.2418619512199718,1.2461035170419388,0.644933821939064,0.6453939659715918
706,736715.0164250984,1.2418619512199718,1.2461035170419388,0.644933821939064,0.6453939659715918
709,736715.1712312633,1.2371502016665814,1.2447240944830855,0.6445692730734721,0.6453094580390981
711,736715.2521121314,1.2412631403137289,1.2447017765708257,0.6449389440743409,0.6453989278843787
722,736715.6999315992,1.203142262503776,1.2446169220487944,0.5990055127611177,0.6453661874936898
724,736715.7667648405,1.2425915414589113,1.24591031664211,0.6450651803603786,0.6455239562846242
725,736715.771344203,1.2425915414589113,1.24591031664211,0.6450651803603786,0.6455239562846242
739,736716.8753653942,1.242630553690755,1.245933286691782,0.6445468913456831,0.645007013816714
740,736716.9512209843,1.2427102864170605,1.2460044342559244,0.6445465483863958,0.6450066815868006
751,736717.5123416658,1.2138990130886917,1.2460459822378442,0.6047761319321946,0.644461234122691
756,736717.7404630361,1.2427898001726179,1.2462961597190023,0.6439888564680413,0.644493295963985
794,736720.0334814112,1.2427898001726179,1.2462961597190023,0.6439888564680413,0.644493295963985
801,736720.4361674155,1.2305032236826543,1.191137747690812,0.6152516118413272,0.6120548428023272
805,736720.6308328375,1.2068988613267504,1.2350919480276932,0.5829546247555334,0.644223076824953
806,736720.671092548,1.2068988613267504,1.2064019339785437,0.603616776851404,0.6037287572683507
807,736720.6732632617,1.2068988613267504,1.2064019339785437,0.603616776851404,0.6037287572683507
811,736720.9212029392,1.2068988613267504,1.2064019339785437,0.603616776851404,0.6037287572683507
812,736720.9232153485,1.2068988613267504,1.2064019339785437,0.603616776851404,0.6037287572683507
827,736721.4922285563,1.2085646995856534,1.2354012086278217,0.59414432990177,0.6281103912570718
829,736721.5028145574,1.2284851126822678,1.2354207308161564,0.6160928289630809,0.6280988710131479
830,736721.5042457217,1.2284851126822678,1.2354207308161564,0.6160928289630809,0.6280988710131479
833,736721.514481939,1.2284851126822678,1.2354207308161564,0.6160928289630809,0.6280988710131479
838,736722.7662502392,1.2284851126822678,1.2354207308161564,0.6160928289630809,0.6280988710131479
906,736726.104598194,1.2284851126822678,1.2354207308161564,0.6160928289630809,0.6280988710131479
938,736727.1348843658,1.2284851126822678,1.2354207308161564,0.6160928289630809,0.6280988710131479
946,736727.3617935538,1.2305203673460356,1.1792812184915236,0.6239349017340998,0.6241662725482655
985,736728.5454205048,1.2305203673460356,1.1792812184915236,0.6239349017340998,0.6241662725482655
1000,736729.1850183114,1.2305203673460356,1.1792812184915236,0.6239349017340998,0.6241662725482655
1021,736729.5256180555,1.1806908275174632,1.1798603925145166,0.6003606943416661,0.6235684332404604
1030,736729.7761158914,1.1806908275174632,1.1798603925145166,0.6003606943416661,0.6235684332404604
1042,736730.3463141656,1.2300701173856605,1.177421022350368,0.6195585877108343,0.6231440850957001
1049,736730.426178085,1.2300701173856605,1.177421022350368,0.6195585877108343,0.6231440850957001
1052,736730.7291564929,1.2300898905099513,1.1807241193817992,0.6214830853862268,0.6233365166092727
1066,736731.1379428904,1.17738859306336,1.1801710904360572,0.6214946188253095,0.6233316267239448
1069,736731.2500305716,1.17738859306336,1.1801710904360572,0.6214946188253095,0.6233316267239448
1075,736731.3845104483,1.17738859306336,1.1801710904360572,0.6214946188253095,0.6233316267239448
1087,736731.5982893001,1.1772566120654084,1.1795359489312958,0.6214918023267518,0.6232878022719143
1091,736731.9285630799,1.1772566120654084,1.1795359489312958,0.6214918023267518,0.6232878022719143
1098,736732.3771301714,1.1772566120654084,1.1795359489312958,0.6214918023267518,0.6232878022719143
1111,736732.7852317052,1.1772566120654084,1.1795359489312958,0.6214918023267518,0.6232878022719143
1112,736732.802304915,1.1772566120654084,1.1795359489312958,0.6214918023267518,0.6232878022719143
1164,736734.4667989287,1.1734873688319456,1.173524243991299,0.6177918322133549,0.6219366967576409
1176,736734.9352994396,1.1734873688319456,1.173524243991299,0.6177918322133549,0.6219366967576409
1180,736735.124702095,1.1734873688319456,1.173524243991299,0.6177918322133549,0.6219366967576409
1206,736735.6103203425,1.1732605265359832,1.1737039065597097,0.6176998463638215,0.6181415843975757
1214,736736.0045434892,1.1732605265359832,1.1737039065597097,0.6176998463638215,0.6181415843975757
1217,736736.0189698514,1.1805523652178642,1.1805523652178642,0.6031812042447535,0.6031672179034193
1221,736736.1211885372,1.1805523652178642,1.1805523652178642,0.6031812042447535,0.6031672179034193
1224,736736.2740032981,1.1805523652178642,1.1805523652178642,0.6031812042447535,0.6031672179034193
1229,736736.6233665241,1.1728407847828533,1.1735344144721276,0.6177284847354386,0.6181510392313144
1250,736737.4417635615,1.1740004312869146,1.1803120390733677,0.6027815416946984,0.6031704644852522
1263,736738.3141871082,1.1740004312869146,1.1803120390733677,0.6027815416946984,0.6031704644852522
1284,736739.0565095777,1.1800015416810468,1.1546426267893364,0.6155616462151159,0.6178451250157557
1303,736739.9160606596,1.1800015416810468,1.1546426267893364,0.6155616462151159,0.6178451250157557
1313,736740.37130553,1.1798825546620726,1.1520117820515579,0.5902246497659518,0.6157477765404604
1318,736740.5011265283,1.1463022984798021,1.1463022984798021,0.5731511492399011,0.5898247391622535
1331,736741.0734638503,1.179984027832897,1.1699232225820024,0.5902545415228406,0.5854304472094662
1335,736741.3045425114,1.172704353927079,1.152562460490859,0.5899750221233409,0.5920179542192631
1346,736741.5417773589,1.1727603922327896,1.1512053440355152,0.5900651915171332,0.5920962879649979
1357,736742.6874214272,1.1727603922327896,1.1512053440355152,0.5900651915171332,0.5920962879649979
1384,736744.2989413928,1.1702806227431046,1.1428158429332587,0.5900197242475727,0.5882784218747382
1416,736745.4381681293,1.1436881567062434,1.1533567532607278,0.5902270432291413,0.5852002937825115
1422,736745.5748175798,1.1436881567062434,1.1533567532607278,0.5902270432291413,0.5852002937825115
1425,736745.7509438898,1.1436881567062434,1.1533567532607278,0.5902270432291413,0.5852002937825115
1430,736746.0620077248,1.1436881567062434,1.1533567532607278,0.5902270432291413,0.5852002937825115
1431,736746.0672211448,1.143704452555977,1.15465755911162,0.5718522262779885,0.5902747237932366
1434,736746.1426296578,1.143704452555977,1.15465755911162,0.5718522262779885,0.5902747237932366
1454,736746.820714994,1.152641808849941,1.1422869841924055,0.5863044388193782,0.5783913428617772
1512,736748.8760335962,1.152641808849941,1.1422869841924055,0.5863044388193782,0.5783913428617772
1517,736749.0544919606,1.161276440666549,1.1535524922621658,0.5886281952315939,0.5767762461310829
1520,736749.096416601,1.1432820754732307,1.1430317803881076,0.5903724643160363,0.5850952834751774
1528,736749.3404934036,1.1436881567062434,1.1564699723729939,0.5718440783531217,0.5800602460688868
1529,736749.3444576167,1.1894441515668475,1.1922909119582694,0.5947220757834237,0.5966992443601776
1530,736749.3480963397,1.1891849019612524,1.192094941471527,0.5986795681681757,0.5961721869578486
1537,736749.5778034584,1.1890074239159103,1.1921037443801468,0.5945037119579551,0.5960099451342724
1539,736749.6147821718,1.1890200018646708,1.192095529111184,0.5945100009323354,0.59579342747131
1540,736749.776622114,1.1532217529597457,1.1527959366217664,0.5770769414095746,0.5785510040220346
1586,736752.337293991,1.1891344140314541,1.1918143341826055,0.5945672070157271,0.5960955245961923
1593,736752.5502128828,1.153314649719895,1.1537375233592124,0.5856639629282323,0.5777064231965936
1600,736752.8121224252,1.172476998878932,1.1755025827339967,0.5923941622342437,0.5884019887697995
1601,736752.813405917,1.1717520543145084,1.1756378145302517,0.5923084461278054,0.5885538070714454
1605,736753.0479006169,1.1550748361259513,1.1986481155361421,0.5778830111830074,0.6007366354702158
1635,736754.3789322505,1.1927663999878197,1.1907628786080484,0.5965690759192392,0.5966009083006338
1663,736755.8856405263,1.1561307561576533,1.1990700473278657,0.577966501207514,0.6009323649464764
1670,736756.1553249018,1.1560738085829336,1.1990017990552237,0.577903684755097,0.6009634267092407
1675,736756.2172598612,1.1560738085829336,1.1990017990552237,0.577903684755097,0.6009634267092407
1680,736756.3011942953,1.1465137402816907,1.174172799395401,0.5853747585639749,0.5903022353977263
1704,736757.8925674387,1.1495603091153817,1.199084901935443,0.5789518441827334,0.6010373045761719
1705,736757.9420193671,1.1495603091153817,1.199084901935443,0.5789518441827334,0.6010373045761719
1719,736758.5330760543,1.1991372048064268,1.171099017041983,0.5995686024032134,0.586694666096044
1723,736758.7180191244,1.156698093837323,1.2006293893540974,0.5817997882144174,0.6017355814596236
1725,736758.741266698,1.156698093837323,1.2006293893540974,0.5817997882144174,0.6017355814596236
1729,736758.8903669409,1.199236440201418,1.171277097356535,0.599618220100709,0.5860893095846631
1760,736759.7689335758,1.198765324478432,1.189932393543416,0.599382662239216,0.5949800506331758
1804,736760.8841354011,1.1981668275106963,1.1670854454394664,0.5863388529881596,0.5835776713877504
1871,736763.4966825705,1.1752031307654571,1.1735023895159673,0.5776162144629343,0.5862086262368734
1877,736763.7426277266,1.1752031307654571,1.1560456775199035,0.572857305044418,0.5739045144203007
1892,736764.4615040696,1.1900429729148108,1.1931193898287331,0.5947090664443792,0.5974434986138687
1900,736764.8265019119,1.1900429729148108,1.1931193898287331,0.5947090664443792,0.5974434986138687
1929,736765.9938140605,1.1756075385302245,1.1990111473857112,0.57579430670739,0.5866699141108209
1966,736767.1859252846,1.1766689475612726,1.199032745123011,0.5883344737806363,0.5723208402585731
2008,736769.1139677181,1.1739240829939386,1.1751311176752688,0.5990520731574123,0.5898516078760674
2072,736771.8676389836,1.182799874520316,1.1814847801981139,0.6012145475601015,0.58993060337894
2095,736772.6148999507,1.182849566284541,1.1841992525926832,0.6012317042196701,0.5920459459520886
2096,736772.6196020863,1.182849566284541,1.1841992525926832,0.6012317042196701,0.5920459459520886
2102,736773.0629928993,1.1764595341006607,1.1974818331681343,0.5882297670503304,0.5717491936839868
2103,736773.1230880957,1.1986198125899497,1.1747561171918248,0.5783079711927634,0.6007491930509397
2142,736774.9409691931,1.1986198125899497,1.1747561171918248,0.5783079711927634,0.6007491930509397
2149,736775.231653162,1.1765492325424842,1.153950028729709,0.5872773671096011,0.5966994810634254
2194,736776.9171069425,1.176307488219411,1.1762657848567761,0.5778635632307254,0.5965662334628995
2213,736777.9383165571,1.1674662967128169,1.151338147406047,0.5778525197544813,0.600873292880899
2214,736777.9569947177,1.1674662967128169,1.151338147406047,0.5778525197544813,0.600873292880899
2226,736778.9083191054,1.1675362311289657,1.1492496486929695,0.5992780314160573,0.5899525717245405
2264,736779.9622654979,1.1675362311289657,1.1492496486929695,0.5992780314160573,0.5899525717245405
2276,736780.4052408708,1.1677338481665507,1.1515300339979193,0.5993119525972838,0.5876140448672774
2279,736780.4851198059,1.1682185807594847,1.1680063788499995,0.599402319095838,0.5868726580165254
2293,736781.1394401732,1.1765252738686045,1.1508085897633633,0.5873243942657783,0.587288683124062
2308,736781.5629076044,1.1651361999482281,1.1561566742258096,0.5996602851237789,0.5989665617708176
2359,736784.1416613744,1.1651361999482281,1.1561566742258096,0.5996602851237789,0.5989665617708176
2386,736785.2635115742,1.1651361999482281,1.1561566742258096,0.5996602851237789,0.5989665617708176
2387,736785.2650416065,1.1651361999482281,1.1561566742258096,0.5996602851237789,0.5989665617708176
2389,736785.2723883479,1.1651361999482281,1.1561566742258096,0.5996602851237789,0.5989665617708176
2397,736785.660641164,1.1651361999482281,1.1561566742258096,0.5996602851237789,0.5989665617708176
2399,736785.784680458,1.1651361999482281,1.1561566742258096,0.5996602851237789,0.5989665617708176
2401,736785.8778224883,1.1651361999482281,1.1561566742258096,0.5996602851237789,0.5989665617708176
2491,736789.758888465,1.1651361999482281,1.1561566742258096,0.5996602851237789,0.5989665617708176
2494,736789.8308053411,1.1649264578305156,1.1649264578305156,0.5878784774204439,0.5851440932730897
2496,736789.9108525867,1.1649264578305156,1.1649264578305156,0.5878784774204439,0.5851440932730897
2516,736790.4572197654,1.1646644251644216,1.1651361999482281,0.5841812922060756,0.576778638165835
2525,736790.880593327,1.1646644251644216,1.1651361999482281,0.5841812922060756,0.576778638165835
2653,736795.7634432189,1.1659364561537329,1.1663013292403552,0.5856585885464802,0.5846925728269342
2772,736796.8591857594,1.1659364561537329,1.1663013292403552,0.5856585885464802,0.5846925728269342
2814,736797.418011555,1.1659364561537329,1.1663013292403552,0.5856585885464802,0.5846925728269342
2883,736799.1707974476,1.1659364561537329,1.1663013292403552,0.5856585885464802,0.5846925728269342
2904,736799.7362738324,1.1659364561537329,1.1663013292403552,0.5856585885464802,0.5846925728269342
2906,736799.744627032,1.1659364561537329,1.1663013292403552,0.5856585885464802,0.5846925728269342
2907,736799.7453510765,1.1659364561537329,1.1663013292403552,0.5856585885464802,0.5846925728269342
2908,736799.7459379926,1.1659364561537329,1.1663013292403552,0.5856585885464802,0.5846925728269342
2910,736799.7481007886,1.1659364561537329,1.1663013292403552,0.5856585885464802,0.5846925728269342
2912,736799.7530436021,1.1659364561537329,1.1663013292403552,0.5856585885464802,0.5846925728269342
2913,736799.7535368212,1.1659364561537329,1.1663013292403552,0.5856585885464802,0.5846925728269342
2947,736801.0700048455,1.166612604266326,1.1658822709051373,0.5853922971547109,0.5852510841601375
2949,736801.1511413852,1.166612604266326,1.1658822709051373,0.5853922971547109,0.5852510841601375
2989,736802.4299311154,1.1659852079669022,1.1659852079669022,0.5829926039834511,0.5840649600851432
3005,736803.1751668935,1.1678579396098039,1.1678579396098039,0.5839289698049019,0.5837797484395418
3006,736803.2659663088,1.1678579396098039,1.1678579396098039,0.5839289698049019,0.5837797484395418
3076,736806.2496210369,1.1678579396098039,1.1678579396098039,0.5839289698049019,0.5837797484395418
3612,736811.1238992646,1.1678579396098039,1.1678579396098039,0.5839289698049019,0.5837797484395418
3659,736811.5777758555,1.1678579396098039,1.1678579396098039,0.5839289698049019,0.5837797484395418
3769,736813.0912988893,1.1678579396098039,1.1678579396098039,0.5839289698049019,0.5837797484395418
3778,736813.2157514676,1.1678579396098039,1.1678579396098039,0.5839289698049019,0.5837797484395418
4025,736817.8818554026,1.1665790546657546,1.1665790546657546,0.583664137860539,0.583664137860539
4082,736819.3272730346,1.1668103723069072,1.1668103723069072,0.582338435261606,0.582052676661059
4092,736819.6126469916,1.1668103723069072,1.1668103723069072,0.582338435261606,0.582052676661059
4095,736819.6312271084,1.1668103723069072,1.1668103723069072,0.582338435261606,0.582052676661059
4101,736819.881221302,1.1491514726085468,1.1491514726085468,0.5745757363042734,0.5826984476011299
4133,736820.7617043257,1.1493214458602155,1.1493214458602155,0.5746607229301077,0.5821638275546817
4157,736821.8925490396,1.1495102652956979,1.148972188205224,0.5826947503853572,0.5830081450326304
4186,736822.5470007921,1.1495102652956979,1.148972188205224,0.5826947503853572,0.5830081450326304
4195,736822.8369438696,1.1495102652956979,1.148972188205224,0.5826947503853572,0.5830081450326304
4200,736822.9436173924,1.1495102652956979,1.148972188205224,0.5826947503853572,0.5830081450326304
4318,736825.3397470207,1.1494221571212588,1.1494221571212588,0.5747110785606294,0.5821775890066142
4348,736825.8515769177,1.1494448281391791,1.1475803669644338,0.5829466802602951,0.5832817376933122
4350,736825.8671120126,1.1494448281391791,1.1475803669644338,0.5829466802602951,0.5832817376933122
4354,736825.9538504663,1.1494448281391791,1.1475803669644338,0.5829466802602951,0.5832817376933122
4363,736826.1139435326,1.1666327380130792,1.147540765813371,0.5833163690065396,0.5832714625395188
4369,736826.2454962061,1.1605523190822524,1.1601609829352626,0.5802761595411262,0.5800804914676313
4395,736826.8362321479,1.1503083404009096,1.1502697231965873,0.5751541702004548,0.5750351113326383
4544,736830.0313164161,1.1494135905018585,1.1595810330991363,0.5822199379061819,0.5797194925978234
4576,736830.8081785135,1.1476198891314653,1.1473308274914686,0.5738099445657326,0.5735635969919562
4860,736838.8269817987,1.1476198891314653,1.1473308274914686,0.5738099445657326,0.5735635969919562
4894,736839.9850027009,1.1476198891314653,1.1473308274914686,0.5738099445657326,0.5735635969919562
4898,736840.0964485278,1.1486608946565815,1.1479966984802767,0.5743304473282907,0.5742301064852716
4941,736841.7220836063,1.1486608946565815,1.1479966984802767,0.5743304473282907,0.5742301064852716
5011,736843.7144555199,1.1486608946565815,1.1479966984802767,0.5743304473282907,0.5742301064852716
5094,736845.8023805865,1.1570125097589934,1.1570125097589934,0.5743642244141488,0.5792219734485478
5115,736846.3914312493,1.1575742615391673,1.1572559960732582,0.5745003074330072,0.5737412076286736
5152,736847.2028023215,1.1568867088980297,1.155597930581846,0.5745244776905186,0.5798888439094675
5200,736848.430508306,1.1568867088980297,1.155597930581846,0.5745244776905186,0.5798888439094675
5237,736849.8240146696,1.1568867088980297,1.155597930581846,0.5745244776905186,0.5798888439094675
5238,736849.8248445435,1.1536051041363031,1.1536051041363031,0.5751748311979795,0.5743258283208394
5239,736849.8636655475,1.1536051041363031,1.1536051041363031,0.5751748311979795,0.5743258283208394
5241,736849.897304794,1.1536051041363031,1.1536051041363031,0.5751748311979795,0.5743258283208394
5242,736849.9006765365,1.1522447213411173,1.1522447213411173,0.5747072144023689,0.5747480528238326
5243,736849.9018800388,1.1522447213411173,1.1522447213411173,0.5747072144023689,0.5747480528238326
5276,736850.5949023024,1.1535228363934806,1.1535228363934806,0.5767614181967403,0.5755207640786342
5281,736850.7381469153,1.1506044763820926,1.1506044763820926,0.5753022381910463,0.5753022381910463
5296,736851.8552522883,1.1539492505508813,1.1539492505508813,0.5807352084333072,0.5809685484514389
5295,736851.8552581115,1.1577778062849609,1.1598613874612527,0.5821961998707315,0.5821228320175542
5304,736852.0141781771,1.1577778062849609,1.1598613874612527,0.5821961998707315,0.5821228320175542
5309,736852.334773336,1.222167724928966,1.222362786758683,0.6115276283307339,0.6115367567154691
5310,736852.3617588381,1.222167724928966,1.222362786758683,0.6115276283307339,0.6115367567154691
5335,736853.1133746039,1.222167724928966,1.222362786758683,0.6115276283307339,0.6115367567154691
5353,736853.5624709704,1.222167724928966,1.222362786758683,0.6115276283307339,0.6115367567154691
5361,736853.716687638,1.222167724928966,1.222362786758683,0.6115276283307339,0.6115367567154691
5362,736853.7259084295,1.222167724928966,1.222362786758683,0.6115276283307339,0.6115367567154691
5365,736853.8683231621,1.222167724928966,1.222362786758683,0.6115276283307339,0.6115367567154691
5377,736854.4117472345,1.222167724928966,1.222362786758683,0.6115276283307339,0.6115367567154691
5383,736854.7679201605,1.2221312168887795,1.2221103233597388,0.5795187324054256,0.6110682676559751
5391,736855.2525330675,1.2094522238883516,1.2091649806605056,0.604311611054975,0.60397953495365
5427,736856.499051587,1.1513457727656813,1.151541582211916,0.5756728863828406,0.5794678422078099
5478,736858.5766326222,1.1513457727656813,1.151541582211916,0.5756728863828406,0.5794678422078099
5486,736859.0125266548,1.1565249278580638,1.2347453545611067,0.5800487626635475,0.6174029647064323
5538,736860.7974789707,1.1565249278580638,1.2347453545611067,0.5800487626635475,0.6174029647064323
5549,736861.2344277094,1.1565249278580638,1.2347453545611067,0.5800487626635475,0.6174029647064323
5646,736864.5068876889,1.2349201324112014,1.1514045471439946,0.6174600662056007,0.5757022735719973
5694,736865.5748503775,1.234273872510253,1.2100412944689611,0.5779510858452463,0.6047414229700723
5823,736868.9608702582,1.234273872510253,1.2100412944689611,0.5779510858452463,0.6047414229700723
5913,736871.5227477485,1.2342264363496689,1.2342264363496689,0.5760252861373463,0.5747884693973788
5943,736872.671296879,1.234408243287273,1.2344446736983334,0.6112028087028575,0.6111698906849771
5993,736875.0151571633,1.2348182881979135,1.2348182881979135,0.5791506446218924,0.5810713802961415
6049,736878.1171477019,1.234213448867154,1.2347639143072544,0.617106724433577,0.6113407726749728
6080,736878.6587907488,1.235019907451718,1.234247242127258,0.576263157845856,0.5756251500224265
6102,736879.6388932064,1.235019907451718,1.234247242127258,0.576263157845856,0.5756251500224265
6116,736880.117940676,1.235019907451718,1.234247242127258,0.576263157845856,0.5756251500224265
6231,736883.9565180864,1.235019907451718,1.234247242127258,0.576263157845856,0.5756251500224265
6303,736886.905389403,1.2351237714714036,1.2351237714714036,0.6174974007293929,0.617463481334515
6382,736891.66116843,1.2351943626955455,1.2351943626955455,0.6175971813477728,0.6175867750289388
6383,736891.6632616991,1.2352295202377477,1.2352295202377477,0.6176147601188738,0.6175901334248657
6386,736891.8730438292,1.23520729690127,1.23520729690127,0.617603648450635,0.6175914437005647
6448,736893.6306074971,1.235155785016492,1.235155785016492,0.6171633549769331,0.6172535388126799
6458,736894.001773209,1.2367107533879726,1.2367002077449913,0.6182648013944217,0.6182650689723456
6459,736894.0080167146,1.2367107533879726,1.2367002077449913,0.6182648013944217,0.6182650689723456
6527,736895.7590074835,1.2365656829894454,1.2365656829894454,0.6172267100651329,0.6172267100651329
6530,736895.9126100499,1.2368383971998187,1.2368149442325764,0.6183307078159489,0.6183356905194306
6546,736896.5207283454,1.2352004094499784,1.2364691344048782,0.6176002047249892,0.6183462639069461
6547,736896.5220888157,1.235449581078707,1.214152386133609,0.6177247905393535,0.6184646172250313
6574,736897.5384653956,1.235449581078707,1.214152386133609,0.6177247905393535,0.6184646172250313
6577,736897.7356935954,1.236447642241968,1.2365527825150686,0.617276286320106,0.6183792234808986
6708,736904.6500548259,1.2377640053920358,1.1853634195060545,0.6189888319997736,0.6083518914122654
6719,736905.3502435408,1.2377640053920358,1.1853634195060545,0.6189888319997736,0.6083518914122654
6765,736907.3879280741,1.2364827885934895,1.2160813498035696,0.6182413942967447,0.6189693098742645
6773,736907.9444805181,1.2364827885934895,1.2160813498035696,0.6182413942967447,0.6189693098742645
6787,736908.8652175264,1.2364827885934895,1.2160813498035696,0.6182413942967447,0.6189693098742645
6799,736909.5300821769,1.216277336474038,1.1865118950727271,0.6189951199214225,0.5930820761993779
6801,736909.9576731521,1.216277336474038,1.1865118950727271,0.6189951199214225,0.5930820761993779
6802,736909.9645505417,1.216277336474038,1.1865118950727271,0.6189951199214225,0.5930820761993779
6818,736910.702349969,1.1870687133906794,1.1861914467930674,0.6176503385437097,0.5930957233965337
6840,736913.0804206206,1.1870687133906794,1.1861914467930674,0.6176503385437097,0.5930957233965337
6850,736913.3751927494,1.1912199052599854,1.1916116092402251,0.5956099526299927,0.6189714168115296
6854,736913.508277298,1.1916819406071155,1.1910623202281672,0.5958409703035578,0.5955311601140836
6857,736913.5558628433,1.1897530399401512,1.1897530399401512,0.5893376228769486,0.6069435330019775
6945,736919.0117913424,1.1897530399401512,1.1897530399401512,0.5893376228769486,0.6069435330019775
7014,736921.8390458352,1.1871432860355298,1.1871432860355298,0.6175559834944673,0.6066963822444521
7019,736922.0236717669,1.1871432860355298,1.1871432860355298,0.6175559834944673,0.6066963822444521
7025,736922.2350012854,1.1871432860355298,1.1871432860355298,0.6175559834944673,0.6066963822444521
7041,736922.593787368,1.1903390599097832,1.1877360285728211,0.5951695299548916,0.5930095322480603
7069,736923.3568015319,1.1915886925641976,1.1909548517218458,0.5954835258806492,0.5914959432394167
7078,736923.5928814624,1.1874005670099195,1.1849040724436404,0.5932256258820734,0.5924520362218202
7091,736924.1228159587,1.189034260942362,1.1892932296048229,0.594517130471181,0.5915833789392381
7199,736925.9070853634,1.189034260942362,1.1892932296048229,0.594517130471181,0.5915833789392381
7409,736928.1421171317,1.189034260942362,1.1892932296048229,0.594517130471181,0.5915833789392381
7411,736928.1613015026,1.18944965983808,1.1888714928488786,0.5931047892326287,0.5931102334581968
7412,736928.2056343456,1.18944965983808,1.1888714928488786,0.5931047892326287,0.5931102334581968
7423,736928.7891528399,1.1890195853282366,1.1890195853282366,0.5927487903202057,0.5939503260609157
7480,736930.1713705354,1.1885693186233794,1.1885693186233794,0.5942846593116897,0.591436250945436
7504,736930.8717007448,1.1885693186233794,1.1885693186233794,0.5942846593116897,0.591436250945436
7547,736932.1115346509,1.1885693186233794,1.1885693186233794,0.5942846593116897,0.591436250945436
7558,736932.66021259,1.18533234416549,1.1929650864564592,0.5951748473048313,0.5940914258543252
7562,736932.7444309421,1.1857476783264078,1.1938009213055778,0.5928738391632039,0.5944425165957768
7575,736932.8603806335,1.1889542034411842,1.18888358289284,0.5930635398777946,0.594124959389923
7578,736932.9522906431,1.189171703681113,1.1860235083436699,0.5916238448625581,0.5934195832449095
7605,736934.0608856382,1.189171703681113,1.1860235083436699,0.5916238448625581,0.5934195832449095
7668,736936.1428895305,1.1836310633461087,1.189281190839394,0.5918155316730543,0.5955767774318359
7690,736936.4364977571,1.1887339752000565,1.1794717347445158,0.5905873302729788,0.5934772070944548
7693,736936.5706995276,1.1887339752000565,1.1794717347445158,0.5905873302729788,0.5934772070944548
7762,736938.5437245552,1.1832334802437796,1.184402338607979,0.5955266600544483,0.5926766286522599
7809,736941.0349220616,1.1861205031949942,1.1861205031949942,0.5969255209115386,0.5969865271661386
7858,736942.1477656581,1.1861205031949942,1.1861205031949942,0.5969255209115386,0.5969865271661386
7877,736942.5847229777,1.1861205031949942,1.1861205031949942,0.5969255209115386,0.5969865271661386
7885,736943.0208834152,1.1726563367167548,1.1842285038030882,0.5863281683583774,0.5921142519015441
7937,736944.6632398121,1.1754458936283412,1.1742888890072343,0.5946217003457406,0.5894382282388096
7942,736944.9064994955,1.1754458936283412,1.1742888890072343,0.5946217003457406,0.5894382282388096
7945,736945.12201516,1.1748288403946665,1.1737833845876344,0.5890617443210161,0.5878338663953482
8017,736948.3029130786,1.1748288403946665,1.1737833845876344,0.5890617443210161,0.5878338663953482
8052,736950.0047377901,1.1951351841106646,1.1951351841106646,0.6035428061572553,0.6012518082793157
8054,736950.0109775739,1.1750938172979337,1.175908170664276,0.588472448741847,0.5893607134208064
8081,736950.5148803302,1.1744267081253843,1.1637710927277323,0.5900980782971937,0.5935991492463928
8126,736952.2959784113,1.1972951295054215,1.195586057741565,0.5986475647527107,0.6013574185216999
8145,736952.8462833177,1.164658662572841,1.1962472390813041,0.587909291961463,0.6003744538292097
8182,736954.3404016211,1.1950811074405436,1.1962413475840514,0.6000203374278514,0.5983820706534274
8196,736954.6959207894,1.1945843846797166,1.1960514935294273,0.6000099341260658,0.5981603805322485
8221,736955.9453817296,1.1621627784893698,1.1621627784893698,0.5871444445036171,0.5894971741975163
8244,736956.8104740977,1.1636941700813694,1.1627259555723215,0.583955550103082,0.5737799196335552
8258,736957.2961945086,1.1646349666760742,1.163718654365192,0.5845688882040834,0.5735634393316479
8341,736960.6342143664,1.196362897589034,1.1963534690855477,0.5818197776780951,0.5980707632745321
8348,736960.9238714436,1.196362897589034,1.1963534690855477,0.5818197776780951,0.5980707632745321
8350,736960.9791398305,1.196362897589034,1.1963534690855477,0.5818197776780951,0.5980707632745321
8426,736962.5898665525,1.197572150306373,1.1956269855488946,0.5987860751531865,0.5978134927744473
8548,736966.2657435605,1.197572150306373,1.1956269855488946,0.5987860751531865,0.5978134927744473
8571,736967.0172678061,1.197572150306373,1.1956269855488946,0.5987860751531865,0.5978134927744473
8589,736967.751925373,1.197572150306373,1.1956269855488946,0.5987860751531865,0.5978134927744473
8740,736970.0065470936,1.197572150306373,1.1956269855488946,0.5987860751531865,0.5978134927744473
8754,736970.1105939114,1.1932530755144017,1.1932530755144017,0.5972999994884598,0.5982073647900112
8788,736970.41421259,1.1932530755144017,1.1932530755144017,0.5972999994884598,0.5982073647900112
8789,736970.4226458335,1.192900191010628,1.1927237218370657,0.5821204694263966,0.5821268604238069
8836,736971.2066139679,1.1930308888074308,1.1924232705930948,0.5972120751593105,0.5958454994421643
8875,736971.8932685002,1.1930308888074308,1.1924232705930948,0.5972120751593105,0.5958454994421643
8899,736972.412382014,1.1930308888074308,1.1924232705930948,0.5972120751593105,0.5958454994421643
8911,736972.6370488394,1.193209235343584,1.1931471945255891,0.596604617671792,0.5798906535853807
8912,736972.6375302022,1.192910583701809,1.192910583701809,0.5964552918509045,0.5798252822842792
8925,736973.1253394019,1.1936465601594375,1.1936465601594375,0.598745640297049,0.598745640297049
8933,736973.4635538998,1.1936465601594375,1.1936465601594375,0.598745640297049,0.598745640297049
8934,736973.4695479622,1.1936465601594375,1.1936465601594375,0.598745640297049,0.598745640297049
8955,736973.9910661146,1.192910880046908,1.1925501189766672,0.5823630184296622,0.5956833670784618
8964,736974.2839578395,1.1930308888074308,1.1929864838334714,0.5971823307971067,0.5960171039083243
8987,736974.8862689319,1.1930308888074308,1.1929864838334714,0.5971823307971067,0.5960171039083243
9046,736976.1574088108,1.1571882637245718,1.1571882637245718,0.5785941318622859,0.598423924947181
9168,736978.7663721207,1.2006956854159223,1.2010894953931108,0.6003478427079612,0.5999789981104732
9182,736979.658156459,1.193608202876158,1.1934387362701364,0.5984782038764507,0.5959924449375793
9187,736979.86484603,1.2006195588459343,1.1780089715396551,0.6001121441146159,0.6005941660832261
9193,736980.1012685031,1.2006085131068112,1.175283233384045,0.6000315903294471,0.600588750670332
9242,736981.6835195122,1.2006085131068112,1.175283233384045,0.6000315903294471,0.600588750670332
9294,736982.8489845303,1.2006085131068112,1.175283233384045,0.6000315903294471,0.600588750670332
9303,736982.9957563272,1.1519103337712246,1.193881550793972,0.5759551668856123,0.5968005187195343
9363,736984.8673198418,1.1519103337712246,1.193881550793972,0.5759551668856123,0.5968005187195343
9392,736986.3837680295,1.1519103337712246,1.193881550793972,0.5759551668856123,0.5968005187195343
9400,736986.4979899334,1.1538003720304673,1.1717076636121242,0.5961983637586915,0.5873484082921124
9405,736986.5879244673,1.170913779373899,1.1731597984760258,0.6001395239765641,0.5858169007601494
9451,736987.8185696682,1.1713790025682878,1.1708972936745181,0.6001940007145969,0.5867270848642743
9482,736988.8842450465,1.1713790025682878,1.1708972936745181,0.6001940007145969,0.5867270848642743
9483,736988.8868029857,1.1451117269909494,1.1732339727320047,0.5962327857750336,0.5850473121859695
9484,736988.8916162625,1.1451117269909494,1.1732339727320047,0.5962327857750336,0.5850473121859695
9485,736988.8980814584,1.1451117269909494,1.1732339727320047,0.5962327857750336,0.5850473121859695
9521,736990.1341952087,1.1755816414927918,1.1753487150414368,0.5877908207463959,0.570703717102673
9534,736990.4720965339,1.1774854175519345,1.1772673702482883,0.577136918465756,0.5744933945736056
9542,736990.8059022693,1.1772765494757853,1.1770569174779937,0.5886382747378927,0.5757496523920779
9569,736992.2790432805,1.1772765494757853,1.1770569174779937,0.5886382747378927,0.5757496523920779
9582,736993.1594325472,1.1749134999142339,1.174948821655092,0.575127174171156,0.5969778820933643
9591,736993.8129410145,1.1756667058891763,1.1752473792437963,0.5748683772863944,0.5787073377263235
9602,736994.3482343022,1.1734572605784082,1.1777655568924856,0.5966995729203738,0.5755563093368603
9633,736995.515507049,1.17351555516221,1.174256188264842,0.5876754521777109,0.5859774110642253
9637,736995.6021467294,1.17351555516221,1.174256188264842,0.5876754521777109,0.5859774110642253
9642,736995.8744426988,1.1835548884456208,1.1840478600912576,0.5986117187568644,0.5834852288382647
9646,736996.0293799578,1.1835548884456208,1.1840478600912576,0.5986117187568644,0.5834852288382647
9668,736996.5215816841,1.1770927946604262,1.1836670173361499,0.5780370436641872,0.5819286233583251
9700,736997.2158498481,1.1770927946604262,1.1836670173361499,0.5780370436641872,0.5819286233583251
9794,736999.9104303173,1.1770927946604262,1.1836670173361499,0.5780370436641872,0.5819286233583251
9897,737002.9905232812,1.1770927946604262,1.1836670173361499,0.5780370436641872,0.5819286233583251
9899,737002.99896987,1.1770927946604262,1.1836670173361499,0.5780370436641872,0.5819286233583251
9907,737003.0986855294,1.1770927946604262,1.1836670173361499,0.5780370436641872,0.5819286233583251
10034,737007.2574225854,1.1770927946604262,1.1836670173361499,0.5780370436641872,0.5819286233583251
10051,737007.7492307681,1.1770927946604262,1.1836670173361499,0.5780370436641872,0.5819286233583251
10053,737007.8082436123,1.1770927946604262,1.1836670173361499,0.5780370436641872,0.5819286233583251
10081,737008.5826254747,1.1770927946604262,1.1836670173361499,0.5780370436641872,0.5819286233583251
10100,737009.3396402573,1.1770927946604262,1.1836670173361499,0.5780370436641872,0.5819286233583251
10110,737009.5695132432,1.1770927946604262,1.1836670173361499,0.5780370436641872,0.5819286233583251
10167,737012.0585946633,1.1839050642277067,1.1839050642277067,0.5865713939233134,0.5866414181079526
10177,737012.4424060729,1.1826242615537275,1.1826242615537275,0.5903653114847803,0.591700040678134
10186,737013.0466165999,1.1662490270582018,1.1827769085898983,0.5831245135291009,0.5861760007799347
10187,737013.2112979315,1.2032529094526747,1.2032529094526747,0.6040559190151877,0.6045968924746181
10189,737013.336869225,1.2029657046512834,1.2029657046512834,0.6040388980109204,0.6043751377480401
10191,737013.3726677924,1.20286795928359,1.20286795928359,0.6040203442411514,0.604313062395524
10193,737013.3928906093,1.2039498348644904,1.2039498348644904,0.6044334292256948,0.6047569599152386
10194,737013.4036319586,1.2039498348644904,1.2039498348644904,0.6044334292256948,0.6047569599152386
10195,737013.4087289849,1.2052892735491285,1.2052892735491285,0.6050410986929902,0.6051010540988634
10198,737013.5521895352,1.2053772747743952,1.2053772747743952,0.604864781556649,0.6024670108859481
10199,737013.598983059,1.2054056290028035,1.2054056290028035,0.6048223507292696,0.6023577078478746
10200,737013.604165442,1.205138680020056,1.2053989226337627,0.5891419833902768,0.602551626845539
10202,737013.6755874564,1.205138680020056,1.2053989226337627,0.5891419833902768,0.602551626845539
10209,737013.8631689118,1.205138680020056,1.2053989226337627,0.5891419833902768,0.602551626845539
10229,737014.540670835,1.205138680020056,1.2053989226337627,0.5891419833902768,0.602551626845539
10231,737014.6704916754,1.2049954116232107,1.2052921198663382,0.5873402102863825,0.6010798231138594
10236,737014.8486763018,1.2049954116232107,1.2052921198663382,0.5873402102863825,0.6010798231138594
10237,737015.099724363,1.2047656896727268,1.2051210822718132,0.6023828448363634,0.6025822577140035
10240,737015.2866873223,1.2047656896727268,1.2051210822718132,0.6023828448363634,0.6025822577140035
10268,737016.1694962257,1.2047656896727268,1.2051210822718132,0.6023828448363634,0.6025822577140035
10273,737016.3254574301,1.2047656896727268,1.2051210822718132,0.6023828448363634,0.6025822577140035
10279,737016.7939281112,1.2052609119444189,1.2039990115278913,0.601846643539386,0.6025554750953663
10281,737016.8036304523,1.2037504107536814,1.2048222019643282,0.6018752053768407,0.6021437417232066
10283,737016.8501242572,1.2037504107536814,1.2048222019643282,0.6018752053768407,0.6021437417232066
10286,737016.8744384139,1.20407388855194,1.2038559800996735,0.5869851576309381,0.602924694098764
10290,737017.0064843345,1.20407388855194,1.2038559800996735,0.5869851576309381,0.602924694098764
10350,737018.9101604215,1.20407388855194,1.2038559800996735,0.5869851576309381,0.602924694098764
10352,737018.9598718497,1.20407388855194,1.2038559800996735,0.5869851576309381,0.602924694098764
10359,737019.3608348075,1.20407388855194,1.2038559800996735,0.5869851576309381,0.602924694098764
10361,737019.374054987,1.2061769114753964,1.2050443135443527,0.6031093952043491,0.6029941759758476
10362,737019.3740752462,1.2067352434622485,1.206656892046224,0.5939887477859763,0.6037104135907584
10411,737021.6351444984,1.2154253306292104,1.2152501920425005,0.6081752363754303,0.6077013516695547
10419,737021.8848963602,1.2149085400575883,1.2150475840685824,0.6073564051729622,0.6076951642168555
10429,737022.2452856216,1.215263331759816,1.2151600490327226,0.6079303690430357,0.6076494235435994
10442,737022.5836810328,1.215263331759816,1.2151600490327226,0.6079303690430357,0.6076494235435994
10444,737022.7982352487,1.215263331759816,1.2151600490327226,0.6079303690430357,0.6076494235435994
10454,737023.0751646596,1.215263331759816,1.2151600490327226,0.6079303690430357,0.6076494235435994
10455,737023.0768821572,1.2130768607624036,1.1659483362778422,0.6065384303812018,0.5772597123653238
10468,737023.3128345032,1.2130545933701997,1.165734706646479,0.6065272966850999,0.5766248182800532
10489,737023.9966650619,1.2053955806369785,1.2152446383485926,0.5900411533398309,0.6076415581291248
10537,737025.5743528062,1.2044959280934007,1.2052576825886094,0.5844910468511616,0.6026559973707658
10538,737025.5745863956,1.2043308012888225,1.2052387986795305,0.58452080512023,0.6026811781316315
10540,737025.5807741227,1.2043546172924098,1.2024121371042298,0.5846632941837183,0.6026580919787784
10545,737025.7485460052,1.2043546172924098,1.2024121371042298,0.5846632941837183,0.6026580919787784
10555,737026.1813304638,1.2043546172924098,1.2024121371042298,0.5846632941837183,0.6026580919787784
10571,737026.5009438122,1.2009032717535897,1.2053023823549558,0.6004516358767948,0.6026511911774779
10583,737027.676640852,1.2012357434180072,1.2021850006282255,0.6006178717090036,0.6010535081444447
10611,737028.7356660904,1.189870270246449,1.2036766492553665,0.5949351351232245,0.6019763084916346
10619,737029.04546809,1.189870270246449,1.2036766492553665,0.5949351351232245,0.6019763084916346
10630,737029.380725664,1.1909639517203734,1.166169132693418,0.5954819758601867,0.6016205524568121
10659,737030.7245258312,1.190652448410684,1.1667537950527815,0.595326224205342,0.6017038814143878
10708,737032.1504009309,1.1927722746268214,1.1940335386497078,0.6021362404706923,0.6069199541705758
10729,737033.0826209727,1.2132157646674528,1.19095057763773,0.6076000114201883,0.6074518605384581
10738,737033.5133427794,1.2023540524218679,1.1912114306102144,0.6025992027612919,0.6074232578688561
10863,737038.8691925076,1.189870270246449,1.1898001041427315,0.600436127141535,0.6004543023965978
10868,737038.9097580386,1.1896809426156933,1.1893460776618485,0.6004435879142932,0.6005012193755929
10915,737041.0470211221,1.1989537922866196,1.1989939757143675,0.5898395393410653,0.6044766575214292
10920,737041.1626397858,1.1989537922866196,1.1989939757143675,0.5898395393410653,0.6044766575214292
10956,737042.3755778236,1.1911401849325833,1.1912704238908989,0.6074248794959483,0.6066890465310243
10972,737042.661539347,1.19887308996966,1.1984396895602396,0.60383809355176,0.6049666807965275
10975,737042.6833246434,1.179466165824295,1.1788945281764438,0.591283440065443,0.6055395316116328
10987,737043.0822944856,1.179395047738262,1.1794907034764661,0.589697523869131,0.6040503022433502
11011,737043.6851373033,1.180559452647336,1.180559452647336,0.5920117824994933,0.591678913167612
11039,737045.2427202716,1.1807140837423493,1.1802032403541003,0.589356786017852,0.5914996309249426
11043,737045.3930157186,1.1930572848658905,1.1934500627442526,0.5965286424329452,0.5820982296493357
11080,737047.0702859609,1.1909895133716728,1.1822949343732938,0.6058891136600065,0.6024225494678368
11130,737049.4271337667,1.1821700901933514,1.1823515005717693,0.5967035920990983,0.6008132034598108
11257,737053.9328059879,1.1821700901933514,1.1823515005717693,0.5967035920990983,0.6008132034598108
11278,737055.8145552992,1.1822025341184323,1.1822025341184323,0.5966805465826983,0.5808078310362019
11386,737060.8420721802,1.1822111394230888,1.1822367869717223,0.5903528167058139,0.5891653035094777
11415,737062.4812681429,1.1841072789589437,1.1841072789589437,0.5920536394794719,0.595167207842305
11467,737064.3996866569,1.1831858090319158,1.1831858090319158,0.5764955967488713,0.5904815976254706
11512,737066.110204479,1.1862456125567316,1.1853907242971782,0.5902917577627741,0.5916685072268284
11533,737066.9900138669,1.1868710865725682,1.1850946208798807,0.5934355432862841,0.5905222933717845
11547,737067.8848635445,1.1873497109770392,1.1826686813185125,0.5936748554885196,0.5913628947236655
11559,737068.4284108958,1.1872484133557855,1.1809785988642356,0.5909709342717696,0.5895409587011907
11574,737068.927926039,1.1872484133557855,1.1809785988642356,0.5909709342717696,0.5895409587011907
11583,737069.1422843132,1.2687801297514705,1.2687576866267805,0.6343900648757352,0.6343788433133902
11585,737069.1515613213,1.2687801297514705,1.2687576866267805,0.6343900648757352,0.6343788433133902
11586,737069.1524319651,1.2687801297514705,1.2687576866267805,0.6343900648757352,0.6343788433133902
11588,737069.1869287118,1.187607839247063,1.1831768850670847,0.5914568157590215,0.5915796552658895
11645,737071.8064075351,1.1880369263594788,1.1880369263594788,0.5940184631797394,0.5916777418841884
11646,737071.8295619658,1.2681019459448295,1.1737909098564423,0.5917856412709779,0.5913991643206856
11649,737072.0176094834,1.268124694428858,1.1736797419611815,0.591688285470895,0.5913099387565739
11720,737076.2346535197,1.191812705474016,1.1796062340216955,0.595906352737008,0.5935508886403001
11726,737076.578366551,1.2679749380627854,1.1729967990318007,0.5908385618336446,0.5910160890680117
11758,737080.6248455418,1.187212539255295,1.1722658949548064,0.5936062696276475,0.5905660993082456
11779,737081.643145655,1.187212539255295,1.1722658949548064,0.5936062696276475,0.5905660993082456
11791,737082.1696838668,1.187212539255295,1.1722658949548064,0.5936062696276475,0.5905660993082456
11852,737084.6968175701,1.268145449794442,1.268145449794442,0.5932326415335986,0.5924388355220347
11875,737085.6381048317,1.2683160443736021,1.2682327812365632,0.5893270916327225,0.5934854749880787
11899,737086.9063808689,1.268145842377585,1.2678950487124745,0.6340729211887925,0.5928820880393513
11946,737088.4237795466,1.2681641933082255,1.2679836305269132,0.6339954411104117,0.5845914292075661
11950,737088.4729315335,1.2683180296962613,1.2683027804999898,0.5944879677686478,0.5959268173477525
12059,737092.842651891,1.2683180296962613,1.2683027804999898,0.5944879677686478,0.5959268173477525
12068,737093.3948870326,1.2680529158435347,1.268069967846728,0.5863912231834518,0.5850706408156967
12072,737093.6120011826,1.2680529158435347,1.268069967846728,0.5863912231834518,0.5850706408156967
12077,737094.007759267,1.2680529158435347,1.268069967846728,0.5863912231834518,0.5850706408156967
12099,737095.0481334833,1.2680529158435347,1.268069967846728,0.5863912231834518,0.5850706408156967
12205,737096.1501640591,1.2679680848836152,1.2679680848836152,0.6339840424418076,0.6339545533118115
12362,737099.6905012432,1.2679680848836152,1.2679680848836152,0.6339840424418076,0.6339545533118115
12365,737099.7447056898,1.2679606793408134,1.2683913212300555,0.6339803396704067,0.6340790945171874
12557,737102.8772803501,1.2680483449322923,1.2682684747178092,0.6339878585203702,0.6342033014468497
12612,737104.7412440984,1.2680483449322923,1.2682684747178092,0.6339878585203702,0.6342033014468497
12653,737105.9869556539,1.2680419183762435,1.268063206560581,0.6339959936550503,0.63416180969926
12654,737106.0096334385,1.2680419183762435,1.268063206560581,0.6339959936550503,0.63416180969926
12666,737106.4494607385,1.2680419183762435,1.268063206560581,0.6339959936550503,0.63416180969926
12678,737106.9150657436,1.2680419183762435,1.268063206560581,0.6339959936550503,0.63416180969926
12748,737109.8520221935,1.2680640267207584,1.2680760835876894,0.6341817328448465,0.6341762754924082
12769,737110.5481733726,1.2680967502114473,1.2680842630638993,0.6340483751057236,0.6341678686985908
12775,737110.6386772041,1.2680967502114473,1.2680842630638993,0.6340483751057236,0.6341678686985908
12777,737110.6653494668,1.2680502230871586,1.17298594328997,0.6341120010853813,0.6340412950421415
12787,737111.0010989362,1.268012660256871,1.1715833137444187,0.6339725751140731,0.6338468479480721
12806,737111.3841362236,1.268012660256871,1.1715833137444187,0.6339725751140731,0.6338468479480721
12841,737112.3086253428,1.268012660256871,1.1715833137444187,0.6339725751140731,0.6338468479480721
12843,737112.3346285007,1.268012660256871,1.1715833137444187,0.6339725751140731,0.6338468479480721
12876,737114.0189541681,1.2680090240179132,1.1715048396793284,0.6339140386255386,0.5862139994631733
12930,737116.0708827486,1.1704210567260673,1.2680214487383739,0.6339880495039759,0.6339255339361112
12931,737116.1391692058,1.1705041683204465,1.1700696541007358,0.6338333741502983,0.5858644857865477
12951,737117.1760580325,1.1705041683204465,1.1700696541007358,0.6338333741502983,0.5858644857865477
12977,737118.5173667378,1.16973365262362,1.1696034246015188,0.58486682631181,0.5850109922916386
12991,737119.3114870611,1.16973365262362,1.1696034246015188,0.58486682631181,0.5850109922916386
13002,737120.0736749992,1.1701157616436155,1.160655674687147,0.585199871069484,0.5847739157574345
13017,737121.0012234449,1.161536993368507,1.1717618600106698,0.5807684966842535,0.6340030678784964
13019,737121.0302427025,1.161536993368507,1.1717618600106698,0.5807684966842535,0.6340030678784964
13086,737123.5605611574,1.17217118261,1.1621015695257542,0.6340158042950047,0.5839890915049513
13091,737123.7223836624,1.17217118261,1.1621015695257542,0.6340158042950047,0.5839890915049513
13093,737123.9024709192,1.17217118261,1.1621015695257542,0.6340158042950047,0.5839890915049513
13117,737124.5761638337,1.17217118261,1.1621015695257542,0.6340158042950047,0.5839890915049513
13138,737126.0163896759,1.1623930796408255,1.162150777494707,0.58537027075835,0.5840492441504193
13151,737126.8417188735,1.1623930796408255,1.162150777494707,0.58537027075835,0.5840492441504193
13155,737127.1448373348,1.1623930796408255,1.162150777494707,0.58537027075835,0.5840492441504193
13170,737127.6460527994,1.1623930796408255,1.162150777494707,0.58537027075835,0.5840492441504193
13176,737127.9455216877,1.1624452760189563,1.162073692184504,0.585146144904524,0.5792093229378633
13191,737128.3591681457,1.1624452760189563,1.162073692184504,0.585146144904524,0.5792093229378633
13208,737129.0206504875,1.1624452760189563,1.162073692184504,0.585146144904524,0.5792093229378633
13273,737130.9547651415,1.1624452760189563,1.162073692184504,0.585146144904524,0.5792093229378633
13293,737131.6519219037,1.1624452760189563,1.162073692184504,0.585146144904524,0.5792093229378633
13298,737131.7899679844,1.1624452760189563,1.162073692184504,0.585146144904524,0.5792093229378633
13311,737132.3903927498,1.161746290608827,1.162090093849535,0.5807860623224824,0.5792140559858219
13359,737134.1288035524,1.1456261171118214,1.1626922116383112,0.5869845796536708,0.5811020231504577
13374,737135.0312758138,1.1456261171118214,1.1626922116383112,0.5869845796536708,0.5811020231504577
13375,737135.0424149503,1.1456261171118214,1.1626922116383112,0.5869845796536708,0.5811020231504577
13381,737135.8182821849,1.1390051690599126,1.1390051690599126,0.5811282921365372,0.5812084205428995
13382,737135.8239241614,1.1390313055949453,1.1390313055949453,0.5811605447903856,0.5721426974275652
13383,737135.9404857699,1.1382124025550862,1.1382124025550862,0.5811827181018328,0.568654848949969
13724,737140.1378853859,1.1385957283432477,1.1359342306351754,0.5850814404146758,0.571202169246842
13756,737140.4195284802,1.2971177819143034,1.297112930767416,0.6486295632996336,0.648555385229241
13889,737142.0877293217,1.2971177819143034,1.297112930767416,0.6486295632996336,0.648555385229241
13921,737142.78148374,1.2971177819143034,1.297112930767416,0.6486295632996336,0.648555385229241
13930,737142.9285171822,1.2971177819143034,1.297112930767416,0.6486295632996336,0.648555385229241
13931,737142.9326284009,1.2971177819143034,1.297112930767416,0.6486295632996336,0.648555385229241
13958,737143.1588953229,1.2971177819143034,1.297112930767416,0.6486295632996336,0.648555385229241
14073,737143.6956933147,1.1428054438232074,1.2971034236421306,0.5714027219116037,0.6485499482329747
14424,737145.1453761306,1.2970831154740963,1.1360631275849007,0.5813512787288807,0.5680315637924503
14490,737145.666399582,1.1352801285716325,1.1352801285716325,0.581021967369891,0.5809738255460191
14518,737145.8818767689,1.1352801285716325,1.1352801285716325,0.581021967369891,0.5809738255460191
14781,737147.3551557369,1.1352801285716325,1.1352801285716325,0.581021967369891,0.5809738255460191
14849,737147.8648571887,1.1352801285716325,1.1352801285716325,0.581021967369891,0.5809738255460191
14862,737147.9434278106,1.1352801285716325,1.1352801285716325,0.581021967369891,0.5809738255460191
15098,737152.1446076875,1.1352801285716325,1.1352801285716325,0.581021967369891,0.5809738255460191
15137,737152.7510403087,1.2970809357485875,1.2970830609328554,0.5677451829831596,0.6485415304664277
15145,737152.8600809233,1.2970809357485875,1.2970830609328554,0.5677451829831596,0.6485415304664277
15268,737154.0906463866,1.2970850108066292,1.2970872117619134,0.6485486470483378,0.6485436058809567
15355,737155.0484386616,1.2970850108066292,1.2970872117619134,0.6485486470483378,0.6485436058809567
15423,737155.9457251813,1.2970850108066292,1.2970872117619134,0.6485486470483378,0.6485436058809567
15467,737156.6080006982,1.2970862761318567,1.2970865773784455,0.6485431380659283,0.6485432886892227
15746,737158.7275947654,1.2970862761318567,1.2970865773784455,0.6485431380659283,0.6485432886892227
15762,737158.8382085591,1.297083383460678,1.2970841727440576,0.648541691730339,0.5672284432269677
15899,737160.3594766629,1.2972070139860417,1.2972070139860417,0.6486035069930208,0.648601582834155
15905,737160.5097988232,1.2972112774819382,1.29721048987886,0.6486056387409691,0.5797758759425122
16036,737162.5794326169,1.2972112774819382,1.29721048987886,0.6486056387409691,0.5797758759425122
17094,737170.009686664,1.2972112774819382,1.29721048987886,0.6486056387409691,0.5797758759425122
17249,737172.9367888352,1.2972112774819382,1.29721048987886,0.6486056387409691,0.5797758759425122
17307,737173.7655115551,1.2972112774819382,1.29721048987886,0.6486056387409691,0.5797758759425122
17388,737175.1575386111,1.2972088704542761,1.2972088704542761,0.6486044352271381,0.6486044352271381
17396,737175.2097801078,1.299573601978711,1.299573601978711,0.6497328977343103,0.6497326615306365
17397,737175.2110852409,1.299584145183921,1.299584145183921,0.6497359948344711,0.6497379126695864
17398,737175.2165064529,1.2998983600084684,1.2998983600084684,0.6498936219553056,0.6498956867127492
17399,737175.216880082,1.299900312227732,1.299900312227732,0.6498944864863015,0.6498951298309403
17400,737175.2304385175,1.299900312227732,1.299900312227732,0.6498944864863015,0.6498951298309403
17401,737175.2328769147,1.2998970749879335,1.2998970749879335,0.6498992943093781,0.6498960719624217
17404,737175.238793773,1.2998970749879335,1.2998970749879335,0.6498992943093781,0.6498960719624217
17420,737175.3761705796,1.299900590484366,1.299900590484366,0.6485437168448663,0.6498979170297698
17421,737175.3909392811,1.299913850505615,1.2999168078416454,0.6499063315896346,0.6499063341612029
17459,737175.9300263404,1.299913850505615,1.2999168078416454,0.6499063315896346,0.6499063341612029
17461,737175.940609483,1.299913850505615,1.2999168078416454,0.6499063315896346,0.6499063341612029
17472,737176.0237675118,1.299913850505615,1.2999168078416454,0.6499063315896346,0.6499063341612029
17565,737177.5176847088,1.2999136521657244,1.2999171656500381,0.6499027283263199,0.6499066700887359
17573,737177.688953699,1.2999136521657244,1.2999171656500381,0.6499027283263199,0.6499066700887359
17588,737177.8934535219,1.2999136521657244,1.2999171656500381,0.6499027283263199,0.6499066700887359
17656,737179.0015312603,1.2999136521657244,1.2999171656500381,0.6499027283263199,0.6499066700887359
17658,737179.0456053846,1.2999141074695941,1.2999166245767277,0.6499033168670844,0.6499005501526762
17728,737180.1910132861,1.2999141074695941,1.2999166245767277,0.6499033168670844,0.6499005501526762
17729,737180.1935250778,1.2320390984219296,1.2320390984219296,0.6160195492109648,0.6160195492109648
17859,737183.1442050732,1.2999333414669634,1.2323867813409195,0.6499666707334817,0.6499188480176791
17884,737183.9455011445,1.299913991642318,1.2323997965600486,0.649956995821159,0.6499174234924385
17902,737184.7164425226,1.2999136619139142,1.2323846393848392,0.6499568309569571,0.6161923196924196
17916,737185.055739237,1.2999136619139142,1.2323846393848392,0.6499568309569571,0.6161923196924196
17923,737185.1165619921,1.2320432273427795,1.2324061804163937,0.6160216136713897,0.6156140400022033
17939,737185.7523723571,1.2323918775029816,1.2324175561262016,0.6161959387514908,0.6162087780631008
17953,737186.3349227612,1.2995765921915463,1.2324081528792756,0.6485467218670663,0.6156185340524456
17967,737186.891989172,1.2340855940649036,1.2341289931642412,0.6500039676733216,0.6165133939071531
17998,737187.6823558592,1.233343159878084,1.233343159878084,0.616671579939042,0.616671579939042
18000,737187.7251871196,1.233343159878084,1.233343159878084,0.616671579939042,0.616671579939042
18016,737188.2043829915,1.2972018186828178,1.2972312186479655,0.6486009093414089,0.6486156093239828
18041,737188.7833001076,1.2339443360412659,1.232692611829577,0.6169721680206329,0.6163463059147885
18045,737188.889556369,1.2323404572253716,1.2341165021921465,0.6161702286126858,0.6170582510960733
18064,737189.1767361187,1.2323404572253716,1.2341165021921465,0.6161702286126858,0.6170582510960733
18223,737194.139013977,1.2323404572253716,1.2341165021921465,0.6161702286126858,0.6170582510960733
18244,737194.8227019515,1.192259678069212,1.192259678069212,0.596129839034606,0.649949531367795
18264,737195.3002237993,1.2345014260885727,1.2340314081886465,0.6171078145956376,0.6170195671464075
18276,737195.732465798,1.2334172711743563,1.233112024364305,0.6167086355871781,0.6165560121821525
18356,737199.3843391237,1.233433885819482,1.1930753134806318,0.6171046271288723,0.6170164619802668
18400,737201.4751457477,1.1768185605674688,1.1768185605674688,0.5884092802837344,0.5884092802837344
18410,737201.6185687712,1.2335249431803281,1.1914369142028332,0.6167624715901641,0.5957184571014166
18415,737202.085085928,1.2335249431803281,1.1914369142028332,0.6167624715901641,0.5957184571014166
18459,737204.406205429,1.2335249431803281,1.1914369142028332,0.6167624715901641,0.5957184571014166
18561,737209.7370143707,1.214326978445207,1.2144145054762867,0.6213445479027725,0.6094333085427209
18593,737210.9348829385,1.2149068490076986,1.2149068490076986,0.6096688604315513,0.6069140130460731
18605,737211.4086953445,1.2149068490076986,1.2149068490076986,0.6096688604315513,0.6069140130460731
18608,737211.4828582052,1.2149068490076986,1.2149068490076986,0.6096688604315513,0.6069140130460731
18621,737212.0968787005,1.2149068490076986,1.2149068490076986,0.6096688604315513,0.6069140130460731
18629,737212.3646358656,1.2151039782438882,1.2151039782438882,0.5884515651626658,0.6086465378058895
18646,737213.1095670288,1.1771532788588501,1.1771532788588501,0.6167995517468916,0.6167796401606328
18648,737213.1272911779,1.1771532788588501,1.1771532788588501,0.6167995517468916,0.6167796401606328
18660,737213.3931565451,1.2150959240455896,1.2146612179256777,0.609665381243007,0.6070021084970858
18674,737213.8117560421,1.2149704858838881,1.2151462939882094,0.607148448662762,0.607224988216516
18675,737213.9239283315,1.2149704858838881,1.2151462939882094,0.607148448662762,0.607224988216516
18676,737213.9265554604,1.2150161665315584,1.215193785830266,0.6071645340593433,0.6072459899970293
18679,737213.9687467549,1.2150161665315584,1.215193785830266,0.6071645340593433,0.6072459899970293
18686,737214.1483255052,1.2151134367352556,1.2152742656749025,0.6071312919134686,0.607149602880361
18708,737215.2440231324,1.2151837099673979,1.2153491725616625,0.6071494566627265,0.6071971005490495
18745,737216.7163221767,1.2151837099673979,1.2153491725616625,0.6071494566627265,0.6071971005490495
18752,737216.9999992034,1.2151837099673979,1.2153491725616625,0.6071494566627265,0.6071971005490495
18786,737218.7492526202,1.2138392078692257,1.2167855464081918,0.6069196039346129,0.5917029331310655
18802,737219.8606928729,1.2145556032325318,1.2153363099387502,0.5879123183652256,0.6075680864213383
18812,737220.6704952389,1.2148514870293714,1.2148514870293714,0.5883014440848283,0.5883014440848283
18843,737222.0881774208,1.212562786898953,1.2148437300757542,0.6062813934494765,0.5878600021302837
18880,737224.1734979097,1.212773449695575,1.213975524902666,0.6063867248477876,0.606987762451333
18897,737225.0253987748,1.212773449695575,1.213975524902666,0.6063867248477876,0.606987762451333
18899,737225.273485286,1.2148957996564957,1.2148716313733625,0.5878103101622391,0.5878103101622391
18902,737225.6544008395,1.2126331603238054,1.2126484457189721,0.6063165801619027,0.6063242228594861
18925,737227.9170108408,1.2126331603238054,1.2126484457189721,0.6063165801619027,0.6063242228594861
18940,737229.1137493947,1.212431491553378,1.2125668386630062,0.606215745776689,0.5884562546503468
18952,737229.7179349802,1.212431491553378,1.2125668386630062,0.606215745776689,0.5884562546503468
19014,737232.8731136196,1.2132656973768332,1.2130481522269119,0.6066328486884166,0.6058032516775426
19015,737232.8759406888,1.2131005619598951,1.2131378984828847,0.6065502809799476,0.6058276181243845
19090,737236.5912402234,1.2126843847482751,1.2126097876247983,0.6075280341266905,0.6085193388221055
19092,737236.7239000692,1.2445579766427566,1.2445511721191913,0.6222789883213783,0.6226584378409574
19101,737237.3723385999,1.235897835935483,1.213016771024077,0.6179489179677415,0.6065218234419745
19116,737238.2761719415,1.2379621988448906,1.2460105701612632,0.6085845112916648,0.6228466336017429
19163,737241.0144258344,1.2379621988448906,1.2460105701612632,0.6085845112916648,0.6228466336017429
19182,737242.0235248478,1.2379621988448906,1.2460105701612632,0.6085845112916648,0.6228466336017429
19302,737247.3391978063,1.2358308654398162,1.1847355533392148,0.6063631870414382,0.5931678734583101
19342,737248.9966769518,1.2378252751128689,1.2377663042000289,0.6086009481458238,0.6229863240965694
19430,737253.9865604037,1.2375569512177746,1.2375569512177746,0.5854625111899728,0.6188838325426107
19531,737259.493059796,1.2380489185488004,1.237825018771768,0.6190244592744002,0.5919416134227916
19571,737260.407289176,1.237561781970691,1.2377905915852445,0.5838082188176283,0.5919035275928423
19574,737260.5713919401,1.2533368221021073,1.2533368221021073,0.6266684110510536,0.6261332191593835
19637,737263.1475255367,1.2527870119148357,1.2375399137244911,0.6263935059574178,0.6189079189018506
19723,737266.268576215,1.237492904402792,1.2377436897451377,0.582936975714444,0.5917359417085358
19750,737267.097229406,1.2368315789649649,1.2368315789649649,0.6188982907700076,0.6184157894824824
19768,737267.8923447023,1.2527901531420893,1.2527901531420893,0.6263950765710447,0.6263950765710447
19843,737272.1495565054,1.2527492464215186,1.2377711175589956,0.6263746232107593,0.6189186698473009
19873,737274.9594785781,1.2528082662389037,1.2527958896484983,0.6264041331194519,0.6265840917186564
19878,737275.302055375,1.2369452276492299,1.2369218801216464,0.6189292347146285,0.6184609400608232
19934,737279.7342866713,1.2528459454242789,1.2528442967354254,0.6189255377207382,0.618509342973218
20013,737284.5516442715,1.2526928556910764,1.2526928556910764,0.6263464278455382,0.6184615049703901
20029,737285.9580250883,1.252689432364298,1.252783322286374,0.626344716182149,0.626391661143187
20072,737287.040691235,1.252890058546257,1.2527803081353697,0.6264713522822128,0.6264706062306907
20152,737289.170501476,1.2529237522634002,1.2527710744692404,0.6264886702413109,0.6264660149882862
20170,737289.9456997153,1.2528849348160498,1.2327874941123844,0.6264424674080249,0.6265026238004882
20203,737291.38818864,1.2325667194162144,1.2325667194162144,0.6162833597081072,0.6264781566064409
20241,737293.3136975565,1.253427259144122,1.2319470719757222,0.626713629572061,0.6171992001790325
20302,737295.8577626543,1.253427259144122,1.2319470719757222,0.626713629572061,0.6171992001790325
20307,737296.0466736527,1.232534944213978,1.2319433400048192,0.6263898486961162,0.6171483442066514
20313,737296.1620443759,1.2319812502537923,1.2533867321960523,0.6159906251268962,0.6267838814658346
20352,737297.1592750677,1.2319650736583154,1.2319854835862751,0.617109045777604,0.6159337028589988
20392,737299.1694895659,1.231749635860496,1.231749635860496,0.6263896443760991,0.6264143780148861
20471,737303.168450628,1.2316650147381671,1.2316650147381671,0.6169028160885462,0.6159400172992565
20482,737303.811754334,1.1715147591948132,1.1713193307761058,0.5857573795974066,0.6263560053936903
20523,737305.6852811493,1.230123942460341,1.2317278787486594,0.6150394670132745,0.615854491152738
20529,737306.3796577603,1.1727322841288768,1.1718689977576517,0.5863661420644384,0.615893295174684
20542,737307.0430835335,1.1726270595740587,1.1729793503728987,0.5863135297870293,0.5864896751864493
20611,737310.1490675475,1.1726270595740587,1.1729793503728987,0.5863135297870293,0.5864896751864493
20614,737310.4101989954,1.1790610249027713,1.1785862453668543,0.5895305124513857,0.6163327576176177
20616,737310.5202601544,1.23257043941508,1.1827510086099475,0.616546936140396,0.6165060325148695
20660,737313.7767871273,1.1904044474111983,1.1903939390816174,0.6166500933234822,0.6165115440804478
20667,737314.1089504156,1.1906394764005546,1.1904756224089206,0.6166744532808798,0.6165333175506454
20685,737314.9329499695,1.1906394764005546,1.1904756224089206,0.6166744532808798,0.6165333175506454
20687,737314.9474127552,1.1905852448547356,1.1904114251157554,0.6166603786988637,0.5901099871883128
20717,737316.6278935964,1.183735303750028,1.1832939666028999,0.6167021027230027,0.5915632025000098
20720,737316.7878896577,1.1721594808821543,1.193649074381524,0.6156625334018352,0.5970027936585137
20721,737316.9188519332,1.1904418630963882,1.1904313683403265,0.6164935337351218,0.5902612476117156
20751,737318.876437516,1.1830180998575293,1.1830180998575293,0.5915090499287646,0.5915003682226025
20811,737321.3921157506,1.2051641200366086,1.2050899461704476,0.6003195125417011,0.6003783288682172
20855,737323.0944487244,1.2051641200366086,1.2050899461704476,0.6003195125417011,0.6003783288682172
20874,737325.1433505899,1.2051641200366086,1.2050899461704476,0.6003195125417011,0.6003783288682172
20901,737326.6706743406,1.2050208395226965,1.2040994136831253,0.6002075776184594,0.6002038595273088
20947,737328.6804327728,1.1963794152334295,1.1997331241572051,0.5861950865588967,0.60180880103704
20987,737330.4631476817,1.2006605657381537,1.2006605657381537,0.6003302828690769,0.6003302828690769
21006,737332.0126992192,1.1994208052952235,1.1995391505506097,0.6001965733036699,0.6002468605544519
21053,737333.7192538367,1.1993131414418106,1.1993711905473567,0.6001412700146153,0.5997391762735038
21071,737334.6211330097,1.2004369912478021,1.2004369912478021,0.6002184956239011,0.5899276485901274
21073,737334.6387499433,1.2022348380041619,1.2022348380041619,0.5990524114289252,0.5930743394154874
21083,737335.066056406,1.1996459787858371,1.2018491232826192,0.5945141301359805,0.6004836998084024
21091,737335.3783560963,1.1992217145826554,1.1991934513808018,0.5997099534204401,0.59911279838952
21093,737335.4247369465,1.202898283094856,1.202277807934959,0.5937456967480336,0.5932032807105415
21108,737335.9032789867,1.201277681450589,1.201277681450589,0.6006388407252945,0.5906396019139657
21109,737335.9040886428,1.2013491683746949,1.2013491683746949,0.6006745841873474,0.5930707434030377
21162,737338.0538770999,1.2019674856159142,1.2016066322893881,0.5961962073316849,0.600985935183272
21211,737340.9762379605,1.2022895101129158,1.2022338481695185,0.6011447550564579,0.5963650570244241
21266,737343.5081197914,1.202108048456349,1.1984237199780488,0.5963905910373251,0.600928626138538
21328,737346.8820564371,1.202108048456349,1.1984237199780488,0.5963905910373251,0.600928626138538
21342,737347.4674131724,1.203059210257657,1.1851476917416381,0.6015075764611115,0.5967472950894466
21343,737347.4945388511,1.1979277855511614,1.1849820721996176,0.6013989333187982,0.5964651928739433
21370,737349.6525827919,1.1995669060422325,1.1852398087031295,0.5997834530211162,0.6013622226716101
21395,737350.7594354211,1.1893914402561774,1.1893914402561774,0.6017073688364938,0.5926782468221821
21412,737352.125027738,1.205040445906437,1.205040445906437,0.6084407766664649,0.6055230012178903
21416,737352.3358575216,1.1850819539324167,1.1895873563399335,0.5995009555468042,0.5926071508274849
21460,737355.467938636,1.1871404440181672,1.2050917922712563,0.5925527578444967,0.6081765483219939
21522,737360.0930035556,1.1871404440181672,1.2050917922712563,0.5925527578444967,0.6081765483219939
21525,737360.1760560671,1.2049434695692554,1.2049434695692554,0.6010039921132103,0.6010039921132103
21540,737360.7139453515,1.1679534065226584,1.2049212092106265,0.5923803094154756,0.6055119424280165
21564,737362.8044758133,1.1679534065226584,1.2049212092106265,0.5923803094154756,0.6055119424280165
21647,737366.7719573564,1.1679534065226584,1.2049212092106265,0.5923803094154756,0.6055119424280165
21711,737369.2351380317,1.2053320600165767,1.204449684416641,0.5864628336701586,0.5850529396664704
21751,737370.6172157719,1.2050988040186426,1.2049536596318773,0.6025494020093213,0.6028461349161798
21800,737372.4943822838,1.2029566028539196,1.2049919502715258,0.6021621123523782,0.6014288908453618
21805,737372.6472185432,1.2029566028539196,1.2049919502715258,0.6021621123523782,0.6014288908453618
21808,737372.8356692186,1.2029566028539196,1.2049919502715258,0.6021621123523782,0.6014288908453618
21809,737372.8767866476,1.2032304746774463,1.2032304746774463,0.6026704083900065,0.6022441736205218
21827,737373.4642743127,1.2033178197579442,1.2051274713898485,0.5937447876307201,0.5844936100030735
21851,737374.6823007411,1.2052570615944234,1.2052570615944234,0.602255100493504,0.5865324276963503
21857,737375.2339348608,1.2052570615944234,1.2052570615944234,0.602255100493504,0.5865324276963503
21882,737376.5410203296,1.202924993464932,1.2033697229650502,0.5844511180713022,0.6012376208468613
21921,737378.4554173789,1.202253977061609,1.2030770186046278,0.5840402635430626,0.6011357117432996
22021,737385.0419739912,1.2153041832695333,1.2147930987194273,0.6081537576463174,0.6074066717417543
22023,737385.0709998744,1.2153041832695333,1.2147930987194273,0.6081537576463174,0.6074066717417543
22096,737392.7053789386,1.2147447141952115,1.2147447141952115,0.6076074979207122,0.607399388241306
22097,737392.7066222137,1.2147447141952115,1.2147447141952115,0.6076074979207122,0.607399388241306
22099,737392.959479093,1.2146873359117432,1.2146873359117432,0.607300882673628,0.6073057890271603
22111,737394.7310105476,1.214170888508537,1.214170888508537,0.6014051614100282,0.6014051614100282
22150,737397.744891839,1.214170888508537,1.214170888508537,0.6014051614100282,0.6014051614100282
22162,737398.7979004729,1.214062704465596,1.214062704465596,0.6073074002758451,0.6072769675269479
22206,737401.5148459013,1.214062704465596,1.214062704465596,0.6073074002758451,0.6072769675269479
22220,737403.4604440226,1.2142240414854975,1.21415509140158,0.6074174769258609,0.6070442418910321
22266,737407.0899637317,1.2142240414854975,1.21415509140158,0.6074174769258609,0.6070442418910321
22274,737407.9388725585,1.2132377083623898,1.2132377083623898,0.6066188541811949,0.6066188541811949
22305,737410.1306204934,1.192548075743624,1.2132738214850844,0.596274037871812,0.6071138961812897
22321,737410.9358083443,1.1923539442786315,1.1923887647767928,0.5961769721393158,0.5961943823883964
22367,737413.0549299506,1.1922195070437638,1.2130889740053752,0.5961097535218819,0.6065444870026876
22443,737415.66406398,1.1922195070437638,1.2130889740053752,0.5961097535218819,0.6065444870026876
22479,737418.8080105062,1.1910813585873576,1.1910813585873576,0.6070774241404816,0.5961958597723818
22487,737419.8558654889,1.1911070978499791,1.1911070978499791,0.5955535489249896,0.5961675635306942
22696,737421.9734140788,1.1911070978499791,1.1911070978499791,0.5955535489249896,0.5961675635306942
22733,737423.4657748555,1.191082770345439,1.1930373438720538,0.6067403507531389,0.5965631174971301
22751,737424.6219008099,1.1910233025807573,1.1910338515103254,0.606581690267326,0.5964376736856088
22776,737426.0348896802,1.1907252632828829,1.1907252632828829,0.5953626316414414,0.5953626316414414
22909,737434.691400935,1.1906377280838583,1.1909727195710587,0.5956456961037192,0.5963106178535013
22947,737438.3549186557,1.1905434021833246,1.1905434021833246,0.5961726940820278,0.5956189492366634
22971,737439.28193225,1.195003491127287,1.195003491127287,0.5974213481126466,0.5975017455636435
22993,737440.3147716776,1.1948102791659074,1.190469895259664,0.5962007030479114,0.595589582784043
23081,737447.3858364178,1.28415314765508,1.28415314765508,0.64207657382754,0.6420751737449564
23085,737447.5567506497,1.28418289601464,1.28418289601464,0.64209144800732,0.6420831176324522
23091,737447.852828923,1.2832770907159952,1.2832770907159952,0.6416385453579976,0.6421051148794485
23095,737448.4705453824,1.2833526658075896,1.2833526658075896,0.6416763329037948,0.6421414295264576
23427,737448.9099072171,1.1961609727674727,1.1961609727674727,0.5980234764750334,0.5980234764750334
23544,737448.966811297,1.2277493392509962,1.2277493392509962,0.6138779338955626,0.6138400570889606
23545,737448.9677642543,1.223329140771526,1.223329140771526,0.6150382352881667,0.6149983389955349
23851,737449.1250633427,1.223477613232915,1.223477613232915,0.6150555439971171,0.6150555439971171
23914,737449.1586532273,1.2866271280916612,1.2236399841304189,0.6433135640458306,0.6151003257344235
24083,737449.2606463307,1.2866326866642652,1.2866326866642652,0.6433163433321326,0.6433163433321326
24254,737449.3797015887,1.2240650788140595,1.2241114853080075,0.6153013892532949,0.6119624358453823
24975,737449.8904903819,1.2866943821693388,1.2240932518186227,0.6112297367421823,0.6120107240372274
24984,737449.8955982208,1.2867095368993018,1.2835629854046753,0.6433547684496509,0.6417783525499593
24990,737449.9002938827,1.224499292394245,1.2251241266823338,0.615463951071701,0.6125274187755557
25143,737450.0094729994,1.2866955716258865,1.2835719103600438,0.6433477858129433,0.6417828159955733
25588,737450.3856575895,1.283357435859523,1.2835619772876314,0.6416787179297615,0.6417809886438157
25817,737450.6506796472,1.2868400197056789,1.2836505807555787,0.5955907197782512,0.5963377478572159
26228,737451.0842481636,1.2836088736600386,1.2243520758966555,0.6418044368300193,0.6121088060282099
26344,737451.1933302416,1.1648969497377566,1.2255379146709766,0.5980965177789137,0.612692586349853
26765,737451.7775344796,1.1648969497377566,1.2255379146709766,0.5980965177789137,0.612692586349853
27501,737452.8855649699,1.225891981415213,1.2260597097012063,0.6129131009045268,0.6129548514465739
28406,737454.6505298378,1.2258829109557607,1.2869090987745508,0.6129414554778804,0.5868896279832225
28418,737454.7298357759,1.286923983084571,1.2867627791334897,0.613102100415987,0.6131535457608752
28704,737456.0489081074,1.286803922729287,1.2869052785607853,0.6434019613646434,0.6130879493569313
28901,737456.8829902593,1.2866557539311791,1.2866655635320476,0.6433278769655896,0.6127565798117964
28907,737456.9016180586,1.286916469752641,1.2256355530372436,0.6131198139829312,0.6130850331929215
28909,737456.9031693124,1.2869416803476552,1.2257046436559627,0.6132355507798075,0.6131189473367146
28965,737457.0209720262,1.2868499399634188,1.2866721089707869,0.6434249699817094,0.6433360544853934
28985,737457.0539895268,1.2868010085775257,1.225895204818733,0.6132726902666454,0.6132124947233392
28991,737457.0766096093,1.28398482612261,1.2840017819451854,0.6418969976244426,0.6419072353449518
29059,737457.3177774164,1.28398482612261,1.2840017819451854,0.6418969976244426,0.6419072353449518
29180,737457.7364134925,1.2866897617396496,1.2252020109609658,0.6433448808698248,0.6126010054804829
29270,737457.9889410018,1.2967447098531886,1.2684536412895093,0.6483723549265943,0.6343222281099212
29276,737458.0018306184,1.286689370738447,1.2249932317412953,0.6433446853692235,0.6124966158706476
29280,737458.0158836239,1.286689370738447,1.2249932317412953,0.6433446853692235,0.6124966158706476
29296,737458.0517308748,1.2967479704184435,1.2683280536058268,0.6483739852092217,0.6343293220873002
29458,737458.5331109698,1.2683632063742674,1.2683463192607456,0.6341816031871337,0.6343383512597826
29552,737458.9184239502,1.2839776030956414,1.2840024916606805,0.6419006391048474,0.6419091709168633
29673,737459.3803237731,1.2838312739632347,1.2685255685670433,0.5881435123189722,0.6344269621218165
29830,737459.8902311432,1.2869668486350705,1.2684960448936269,0.6130315909616019,0.6344123668373495
30462,737464.9128682882,1.2622809669122617,1.2622798268977347,0.6342479286241863,0.6344561585044601
30506,737465.3159027634,1.2866736545278714,1.2619896925671499,0.6418107883379173,0.6343472584626654
30530,737465.6086161407,1.2622882595951899,1.2619496462371922,0.6312476357017721,0.634467880037549
30546,737465.7240047298,1.1749068010616535,1.261960810449937,0.588571486203783,0.6344828907558634
30549,737465.7488625178,1.262404346197711,1.2621178096348644,0.6313171731396029,0.6345513055002361
30591,737466.026009349,1.2621169859508838,1.2620445667519973,0.6313345369176282,0.6345605096954539
30653,737466.3682510727,1.1750452635596318,1.2621276139586655,0.5918267074260596,0.6344455646364523
30862,737467.6614949093,1.2659895214574308,1.265815700183798,0.635718965578389,0.6360045320408005
30887,737467.7806650713,1.2659067279518865,1.265861315993269,0.6359911888377803,0.6360229503937376
30893,737467.8084402819,1.1952262979957022,1.2673659797584367,0.600107404379466,0.6366897556537161
31001,737468.5279686258,1.1950163676739531,1.2672088094357454,0.6003493991312095,0.6367092396525185
31017,737468.6479049508,1.1950163676739531,1.2672088094357454,0.6003493991312095,0.6367092396525185
31020,737468.6547082763,1.1965392080566988,1.2673541778962265,0.600978030006765,0.6367679217108553
31023,737468.6969773911,1.1967784560759875,1.267371807727397,0.6011402764450835,0.6367750423436704
31025,737468.7121814463,1.1967784560759875,1.267371807727397,0.6011402764450835,0.6367750423436704
31042,737468.7639521438,1.1948153644775419,1.2674214376569444,0.6014613236123909,0.6367950921879476
31073,737468.9109636019,1.1948153644775419,1.2674214376569444,0.6014613236123909,0.6367950921879476
31075,737468.9245939517,1.187803797758393,1.187803797758393,0.6419975925013144,0.6420118341730264
31086,737468.9524330491,1.26739504563263,1.2674286043323737,0.6340739782641094,0.6367979879765431
31127,737469.1418717426,1.1877613282695598,1.1877613282695598,0.6419996397379845,0.6420163519585448
31173,737469.4146000601,1.2674016807009312,1.2674410543684147,0.6339089945581876,0.6366638125962473
31272,737470.1696701078,1.1900641479640983,1.1900641479640983,0.6420555775213587,0.6420663305192965
31303,737470.4061990438,1.2023998964429026,1.2681376160829985,0.6033856373203803,0.6369807589857754
31306,737470.4191831748,1.2045357773087793,1.2683656071106943,0.604308583124105,0.637074050076165
31406,737470.9877150751,1.2658308075596083,1.2684103653728183,0.6358380196420792,0.6370377551143472
31420,737471.0452050966,1.205558242350596,1.268540550334198,0.6047536200411413,0.6371457249441181
31513,737471.5884668172,1.2650642187816428,1.2685367362435505,0.6328092535211727,0.6371506364835273
31524,737471.6262033494,1.2685328773120945,1.268565143476779,0.6345322800147637,0.6371622769221111
31525,737471.6284978642,1.20629651410752,1.2686095945728488,0.6050762110406186,0.6371804957921213
31608,737472.0614496951,1.2251876189480837,1.2628517048903707,0.6128606341732653,0.6130079533146083
31625,737472.145804805,1.2684172620590992,1.268449657254732,0.6345578753468033,0.6371836233205717
31789,737473.0968038554,1.205504699352204,1.225465359620858,0.6054189433536518,0.6371861649734167
31954,737473.9551704418,1.2626204681257944,1.225400535652838,0.6120524440437369,0.6345356883382721
31955,737473.9610005646,1.2626691775397556,1.2259155468929028,0.6120227508081922,0.6345930644983794
31988,737474.0927609983,1.2626579858634108,1.225944569883307,0.5915836206032793,0.637152071999791
31993,737474.1122145884,1.2253192487138285,1.226100645937453,0.6370167155396174,0.6372591600920146
31994,737474.1159638237,1.2627879462626979,1.2265487512219397,0.5858323586160297,0.6346647015719846
32004,737474.1633352838,1.262769711827007,1.2265980790249307,0.5853569953809218,0.6346703332463043
32014,737474.1989672189,1.2627484743352535,1.22680047552993,0.5854675584739402,0.6346935181469561
32070,737474.5607715201,1.2627688974157114,1.2268293279190254,0.5859980262116756,0.6347191908953214
32274,737476.0861863054,1.1893084862049303,1.2627045050205643,0.5864968142494581,0.584264215601861
32277,737476.0964224946,1.1893084862049303,1.2627045050205643,0.5864968142494581,0.584264215601861
32289,737476.1467068082,1.1866485746925255,1.2617907466547202,0.6126538678804362,0.5838052730157565
32340,737476.6199767744,1.175016389431409,1.2214846797122167,0.6417483625270269,0.6421183942086393
32341,737476.6217570965,1.1730119830334693,1.222003462614031,0.6420103019443955,0.6421478552919327
32468,737477.6927014043,1.2409035111576656,1.2419867202307104,0.6389241963476222,0.6390895293005309
32610,737478.588733191,1.2205685823185761,1.2220012874803132,0.614326589209664,0.614349120422329
32710,737479.4277849449,1.2211961858623086,1.2046581706570525,0.6433550520246264,0.6043036691975666
32732,737479.6725156151,1.220585858908442,1.2220956118442705,0.6142541638857948,0.6141702431406771
32809,737480.39167297,1.164164506338639,1.2420602702285504,0.5848118430736772,0.6367672294812378
32813,737480.5005119776,1.22162417076237,1.2703851953477518,0.610812085381185,0.6352903252345805
32851,737480.922193474,1.2405086802852179,1.2418291277197382,0.6366277252013616,0.6368597233112891
32879,737480.993046227,1.221263491875237,1.2058793082257757,0.6106317459376185,0.6040714889895142
32937,737481.3963647417,1.2404750372927154,1.2417828651337015,0.636627895516022,0.6368569061467073
33037,737482.0796102517,1.2404750372927154,1.2417828651337015,0.636627895516022,0.6368569061467073
33258,737484.0184417295,1.2404750372927154,1.2417828651337015,0.636627895516022,0.6368569061467073
33277,737484.1766640086,1.1868801300412868,1.170794759546713,0.584751830300549,0.5804700632859469
33360,737484.9804290476,1.2247244944930846,1.2246460059052955,0.6365139793321098,0.6365423394068384
33394,737485.2633848165,1.1733765069419775,1.2257853907805765,0.5819933836013168,0.6368005917617016
33417,737485.546886248,1.2248222742079415,1.2214102998753562,0.635142318535576,0.6367925555330056
33442,737485.9658330246,1.2248222742079415,1.2214102998753562,0.635142318535576,0.6367925555330056
33479,737486.2882290691,1.2248222742079415,1.2214102998753562,0.635142318535576,0.6367925555330056
33507,737486.4993002301,1.1894315004116494,1.2210206548399016,0.6310149094419922,0.6368580240353455
33581,737487.0534555581,1.2245132887800243,1.2202148918383622,0.6364762277443538,0.6367551943299513
33586,737487.0881885194,1.2245132887800243,1.2202148918383622,0.6364762277443538,0.6367551943299513
33590,737487.093266664,1.1678915265406684,1.2203157795804485,0.5920663367539626,0.6367515475986872
33591,737487.0942868647,1.1678915265406684,1.2203157795804485,0.5920663367539626,0.6367515475986872
33592,737487.0969588881,1.224435339478876,1.2203243085486901,0.6364512170873403,0.6367364644751524
33594,737487.097959065,1.2244206478577682,1.220370704534577,0.6364549934169843,0.6367401671329943
33595,737487.1043850329,1.2244206478577682,1.220370704534577,0.6364549934169843,0.6367401671329943
33599,737487.1184232278,1.2244206478577682,1.220370704534577,0.6364549934169843,0.6367401671329943
33601,737487.1328000248,1.223569029243954,1.2209234635739477,0.636460908005453,0.6367846657025757
33669,737487.7255160252,1.1637067907917913,1.2204803156150206,0.5918170905006426,0.6367679021227197
33820,737489.684065026,1.1639526707879013,1.2190650875893856,0.582022227935893,0.6215027969634053
33821,737489.6926730435,1.1648728568807127,1.219384613185579,0.5824528664554116,0.6215868045338396
33899,737490.3874193561,1.1648728568807127,1.219384613185579,0.5824528664554116,0.6215868045338396
33902,737490.4372101768,1.2205349310846711,1.2208060943138455,0.6025815381763243,0.6216068859136005
33935,737490.7849219411,1.1659406924376028,1.2191979521849674,0.5832872880444463,0.6216665075789698
34019,737491.7257392437,1.2209025855880795,1.2209519310937689,0.6208057474216034,0.6209169969906561
34066,737492.1664175154,1.2215245866607527,1.2198604904493944,0.5828676172335534,0.621673678257691
34097,737492.5830604176,1.221287135630644,1.221287135630644,0.6103362911545039,0.6110726057732737
34098,737492.5902013927,1.2212509968481775,1.2212509968481775,0.6103545946814442,0.6111155981053639
34248,737494.0356339423,1.2212509968481775,1.2212509968481775,0.6103545946814442,0.6111155981053639
34303,737494.6721071841,1.2220838811215475,1.221496855856096,0.6106241383305288,0.5857157252750455
34323,737494.9006360555,1.2220838811215475,1.221496855856096,0.6106241383305288,0.5857157252750455
34332,737495.0084158102,1.2208036423417525,1.2208036423417525,0.6207839854248511,0.6208954017149078
34334,737495.0217845854,1.2219880062348736,1.2216039911378755,0.6109940031174368,0.6025133900381058
34341,737495.0933396711,1.2219880062348736,1.2216039911378755,0.6109940031174368,0.6025133900381058
34412,737495.8111199242,1.1596322042124536,1.221821285325666,0.6103754960699099,0.5993953225728711
34445,737496.119272797,1.1596322042124536,1.221821285325666,0.6103754960699099,0.5993953225728711
34497,737496.8519957215,1.2220500998360007,1.1688236682704727,0.5884090615726753,0.6219253359490136
34529,737497.3634406988,1.2200097253747049,1.1710118215205554,0.6163386369112925,0.6220827659546084
34626,737499.1454796487,1.2200097253747049,1.1710118215205554,0.6163386369112925,0.6220827659546084
34633,737499.2215029917,1.2200097253747049,1.1710118215205554,0.6163386369112925,0.6220827659546084
34693,737499.8911321763,1.2210375126982584,1.1764609454885446,0.5836372646339462,0.5992269470268644
34702,737500.0367475691,1.2210375126982584,1.1764609454885446,0.5836372646339462,0.5992269470268644
34704,737500.0589729836,1.2417115235460012,1.2426060227892786,0.6266215157613964,0.6270026221712226
34705,737500.0599318631,1.2417115235460012,1.2426060227892786,0.6266215157613964,0.6270026221712226
34716,737500.145644673,1.2432509360209245,1.2432509360209245,0.6271695047353333,0.6272209203978547
34718,737500.1520263071,1.2432509360209245,1.2432509360209245,0.6271695047353333,0.6272209203978547
34719,737500.1544041539,1.2432509360209245,1.2432509360209245,0.6271695047353333,0.6272209203978547
34729,737500.2597297364,1.2431842075616366,1.2440035959184483,0.627187096686408,0.6275537841318664
34731,737500.2898682338,1.2431842075616366,1.2440035959184483,0.627187096686408,0.6275537841318664
34742,737500.4066632513,1.2431842075616366,1.2440035959184483,0.627187096686408,0.6275537841318664
34745,737500.4407243531,1.2431842075616366,1.2440035959184483,0.627187096686408,0.6275537841318664
34748,737500.4545794161,1.160230082653115,1.16165470865951,0.6106637890436056,0.5854648229947065
34755,737500.5722186784,1.160230082653115,1.16165470865951,0.6106637890436056,0.5854648229947065
34766,737500.7726103921,1.243280511663164,1.2438955468316506,0.6262104923309256,0.6274351025428825
34772,737500.8588239239,1.243280511663164,1.2438955468316506,0.6262104923309256,0.6274351025428825
34781,737500.9704877532,1.243280511663164,1.2438955468316506,0.6262104923309256,0.6274351025428825
34822,737501.358166601,1.1620399265956893,1.1605378465181988,0.5863186971879075,0.5865797031182972
34855,737501.7255012285,1.1620399265956893,1.1605378465181988,0.5863186971879075,0.5865797031182972
34858,737501.7575749605,1.1620399265956893,1.1605378465181988,0.5863186971879075,0.5865797031182972
34860,737501.7673405105,1.2430195314332946,1.2430195314332946,0.626171553911841,0.6262266320169761
34949,737502.9119655762,1.2430195314332946,1.2430195314332946,0.626171553911841,0.6262266320169761
34966,737503.108594033,1.2429563581553773,1.2429563581553773,0.6261910707941744,0.6262195484146886
34976,737503.2131932287,1.2429563581553773,1.2429563581553773,0.6261910707941744,0.6262195484146886
34995,737503.4778012893,1.170938836119556,1.1704048306843147,0.5895586516741432,0.6119926381829522
34996,737503.4811992527,1.2430179417725102,1.2430179417725102,0.6262237627167444,0.6262521761624348
35005,737503.5592359569,1.2430179417725102,1.2430179417725102,0.6262237627167444,0.6262521761624348
35009,737503.5864606799,1.2429963741291834,1.2442665737995995,0.6214722002912317,0.627433641345306
35098,737503.971073374,1.2429963741291834,1.2442665737995995,0.6214722002912317,0.627433641345306
35119,737504.0507927894,1.242892791836389,1.2437964405944835,0.6262459096438344,0.6266110803010211
35158,737504.3194428701,1.242892791836389,1.2437964405944835,0.6262459096438344,0.6266110803010211
35160,737504.3315437216,1.242892791836389,1.2437964405944835,0.6262459096438344,0.6266110803010211
35186,737504.5554673611,1.242892791836389,1.2437964405944835,0.6262459096438344,0.6266110803010211
35214,737504.7333555336,1.242892791836389,1.2437964405944835,0.6262459096438344,0.6266110803010211
35219,737504.769854786,1.242877340422706,1.242877340422706,0.6262322301377627,0.6262606269853249
35273,737505.1724691835,1.242916626824282,1.242916626824282,0.6262523393232352,0.626280696790893
35279,737505.2168946275,1.242916626824282,1.242916626824282,0.6262523393232352,0.626280696790893
35310,737505.5265930254,1.168186810964805,1.2441425695390487,0.611615926213923,0.6271010490311387
35319,737505.6137580759,1.2430263099270253,1.2430263099270253,0.6262585480099071,0.6262868933300932
35325,737505.6461591978,1.2430263099270253,1.2430263099270253,0.6262585480099071,0.6262868933300932
35333,737505.7056988203,1.2430263099270253,1.2430263099270253,0.6262585480099071,0.6262868933300932
35361,737505.9968070543,1.2430263099270253,1.2430263099270253,0.6262585480099071,0.6262868933300932
35365,737506.0389210037,1.2430263099270253,1.2430263099270253,0.6262585480099071,0.6262868933300932
35366,737506.047940177,1.2430263099270253,1.2430263099270253,0.6262585480099071,0.6262868933300932
35371,737506.0723192743,1.2430080051907713,1.2431035334583198,0.6262519542472138,0.6263435038918829
35391,737506.1974276656,1.1596007980440872,1.1608468501162794,0.6108734133169839,0.5866211952663204
35396,737506.2366483457,1.1596007980440872,1.1608468501162794,0.6108734133169839,0.5866211952663204
35397,737506.237129997,1.160907018382137,1.1597220990980994,0.5866408090550429,0.5855893294249074
35419,737506.4184833351,1.243005734818945,1.243005734818945,0.6262800977244835,0.6263084009223625
35420,737506.4186801927,1.2428498933706322,1.2428498933706322,0.6262847987175217,0.6263130927348824
35421,737506.4192608359,1.2428498933706322,1.2428498933706322,0.6262847987175217,0.6263130927348824
35473,737506.9620992091,1.2426388400004993,1.2435347680377662,0.6263196001378724,0.626732420056615
35501,737507.2583637894,1.2426388400004993,1.2435347680377662,0.6263196001378724,0.626732420056615
35504,737507.2976554825,1.1607868425001544,1.1627917871966318,0.6106782743903452,0.6109251721193835
35520,737507.5474545171,1.1607868425001544,1.1627917871966318,0.6106782743903452,0.6109251721193835
35638,737508.9407682719,1.1607868425001544,1.1627917871966318,0.6106782743903452,0.6109251721193835
35639,737508.9416149743,1.2425671557977767,1.2435729606890835,0.6215314977004873,0.6226287164291815
35642,737508.9681493738,1.2425671557977767,1.2435729606890835,0.6215314977004873,0.6226287164291815
35658,737509.0746474204,1.2425671557977767,1.2435729606890835,0.6215314977004873,0.6226287164291815
35814,737510.644081276,1.2433959814277322,1.2433959814277322,0.6215380232973113,0.6215380232973113
35914,737512.0319900376,1.2433959814277322,1.2433959814277322,0.6215380232973113,0.6215380232973113
35939,737512.3636889628,1.2432729623968164,1.2431647713282328,0.6217566671408218,0.6227203180922628
35941,737512.3744660707,1.2432729623968164,1.2431647713282328,0.6217566671408218,0.6227203180922628
36071,737513.7296248599,1.2432729623968164,1.2431647713282328,0.6217566671408218,0.6227203180922628
36107,737514.0681705354,1.24301784336869,1.2431592157837714,0.6217802031342313,0.6223049117770755
36116,737514.2914929539,1.24301784336869,1.2431592157837714,0.6217802031342313,0.6223049117770755
36153,737514.9493374705,1.24301784336869,1.2431592157837714,0.6217802031342313,0.6223049117770755
36209,737515.6344143575,1.24301784336869,1.2431592157837714,0.6217802031342313,0.6223049117770755
36217,737515.7729382253,1.24301784336869,1.2431592157837714,0.6217802031342313,0.6223049117770755
36235,737515.8326888988,1.1784017888575986,1.157691088736738,0.6217293638280227,0.621771081884178
36333,737517.1269884323,1.1590650326393306,1.1763338657147897,0.580568739494483,0.5813781731250905
36482,737519.1976863996,1.1580061571159501,1.1539735653251397,0.580286403277012,0.5817667082673158
36540,737519.8346811425,1.2438151940281363,1.1602574213980683,0.6214146137213988,0.6226088245422581
36547,737519.8880490585,1.2438151940281363,1.1602574213980683,0.6214146137213988,0.6226088245422581
36574,737520.2894102617,1.2438151940281363,1.1602574213980683,0.6214146137213988,0.6226088245422581
36576,737520.3161319398,1.1559520323744936,1.1608448696085973,0.6217635207209373,0.6219116135904187
36628,737521.029293806,1.1648911996446236,1.1487010379664473,0.5794077046140816,0.6219672618216869
36723,737522.17861259,1.1645717691649216,1.153447931725444,0.5862290822845135,0.5859947182642163
36774,737522.9700050872,1.1645717691649216,1.153447931725444,0.5862290822845135,0.5859947182642163
36815,737523.4989369208,1.153094608267297,1.1626586271265007,0.6219579993632117,0.62207057490908
36916,737524.4319905393,1.153094608267297,1.1626586271265007,0.6219579993632117,0.62207057490908
36925,737524.55249945,1.1580524673109478,1.1596770082418266,0.5780902368623441,0.5811528345046763
36981,737525.0892819603,1.161140002661191,1.1621380458657293,0.5805700013305956,0.5817227320186136
36983,737525.0950205297,1.1621526456098537,1.161091092191249,0.5810763228049268,0.5795599757962601
37001,737525.2569665366,1.1627643643762469,1.1623571276597047,0.5813821821881234,0.5802601976240865
37029,737525.7360724263,1.1627643643762469,1.1623571276597047,0.5813821821881234,0.5802601976240865
37050,737526.012019052,1.1627643643762469,1.1623571276597047,0.5813821821881234,0.5802601976240865
37113,737526.8163325747,1.1627643643762469,1.1623571276597047,0.5813821821881234,0.5802601976240865
37126,737526.9959350262,1.1627643643762469,1.1623571276597047,0.5813821821881234,0.5802601976240865
37127,737527.0365838566,1.1658255174826,1.1601328242964186,0.5829127587413,0.6213837979415294
37128,737527.0375872393,1.1658255174826,1.1601328242964186,0.5829127587413,0.6213837979415294
37149,737527.3940725029,1.1585367042926222,1.1631329721261388,0.6215416176918573,0.6217411020337641
37157,737527.7349117039,1.164287229034153,1.1627764710127728,0.5821436145170765,0.622040224318438
37166,737528.0435223331,1.1631197774561577,1.1621697616315563,0.5815598887280788,0.6220721380459922
37248,737529.4555923148,1.1631197774561577,1.1621697616315563,0.5815598887280788,0.6220721380459922
37291,737529.9881474257,1.1591631354397434,1.163913977364936,0.621575807886402,0.6217657559727663
37294,737529.9944074792,1.1591631354397434,1.163913977364936,0.621575807886402,0.6217657559727663
37314,737530.1301016887,1.1589269015758206,1.1632650234184527,0.5887571706185551,0.5904939108308392
37317,737530.1567680313,1.1589269015758206,1.1632650234184527,0.5887571706185551,0.5904939108308392
37339,737530.3640690893,1.1579290215798452,1.163151426650479,0.5789645107899226,0.5817392865510872
37379,737530.7102547078,1.1585483378585235,1.161550438354562,0.5779113364764445,0.5813671724906211
37383,737530.779793011,1.1563835208694777,1.161763895733747,0.5776556523633114,0.581166165732393
37409,737531.290387095,1.1563835208694777,1.161763895733747,0.5776556523633114,0.581166165732393
37410,737531.3200629028,1.1600762106609426,1.1557984156005554,0.5806147279540811,0.5831109243353854
37424,737531.5237442116,1.1600762106609426,1.1557984156005554,0.5806147279540811,0.5831109243353854
37436,737531.7362185522,1.163883987597906,1.160868313318453,0.576553742681511,0.5757817136865782
37452,737531.9753027157,1.163883987597906,1.160868313318453,0.576553742681511,0.5757817136865782
37479,737532.4008368982,1.163883987597906,1.160868313318453,0.576553742681511,0.5757817136865782
37481,737532.4224132319,1.163883987597906,1.160868313318453,0.576553742681511,0.5757817136865782
37484,737532.4486921651,1.163883987597906,1.160868313318453,0.576553742681511,0.5757817136865782
37487,737532.4823846939,1.163883987597906,1.160868313318453,0.576553742681511,0.5757817136865782
37502,737532.6929335599,1.163883987597906,1.160868313318453,0.576553742681511,0.5757817136865782
37623,737534.7292174222,1.163883987597906,1.160868313318453,0.576553742681511,0.5757817136865782
37682,737535.4682073042,1.163366028946367,1.1586040757871987,0.5781153547155912,0.5817142267583406
37805,737537.0258783862,1.163366028946367,1.1586040757871987,0.5781153547155912,0.5817142267583406
38053,737541.0815166532,1.163366028946367,1.1586040757871987,0.5781153547155912,0.5817142267583406
38210,737543.7319532427,1.163366028946367,1.1586040757871987,0.5781153547155912,0.5817142267583406
38214,737543.7762397273,1.163366028946367,1.1586040757871987,0.5781153547155912,0.5817142267583406
38249,737544.297060389,1.163366028946367,1.1586040757871987,0.5781153547155912,0.5817142267583406
38271,737544.444876499,1.147751206553049,1.1538513361621305,0.5808416548208511,0.5791490883126637
38282,737544.6094997696,1.147751206553049,1.1538513361621305,0.5808416548208511,0.5791490883126637
38351,737545.9666174907,1.1449761667451095,1.1477608395846568,0.5788460925586499,0.5818591539102335
38379,737546.4454273488,1.1449761667451095,1.1477608395846568,0.5788460925586499,0.5818591539102335
38413,737546.9785516238,1.145530807652481,1.145530807652481,0.5803238082954785,0.5785508270387189
38437,737547.367090316,1.145530807652481,1.145530807652481,0.5803238082954785,0.5785508270387189
38450,737547.6120339562,1.1539794883799244,1.1539794883799244,0.5829436978524811,0.5763360567902504
38457,737547.7023469394,1.1612382595659911,1.1612382595659911,0.5840287607282886,0.5801559624642938
38497,737548.4053302034,1.1577986971466068,1.1577986971466068,0.5740313336749251,0.582167346616877
38501,737548.5329693552,1.1568774016780556,1.1568774016780556,0.5830411421605233,0.5798634337072222
38509,737548.6320490724,1.1568774016780556,1.1568774016780556,0.5830411421605233,0.5798634337072222
38530,737548.9219108475,1.1574554538411534,1.1588974499930988,0.5823376865181695,0.580280994679763
38541,737548.9455053012,1.157244987237715,1.1574445953066579,0.5823750862663974,0.5804190840437077
38545,737548.9619106386,1.157244987237715,1.1574445953066579,0.5823750862663974,0.5804190840437077
38548,737548.9716321346,1.157244987237715,1.1574445953066579,0.5823750862663974,0.5804190840437077
38555,737549.0091196676,1.157244987237715,1.1574445953066579,0.5823750862663974,0.5804190840437077
38574,737549.1526812043,1.1578093696172034,1.1578561338701365,0.5818025921402755,0.5831485915168878
38575,737549.1530043449,1.1578093696172034,1.1578561338701365,0.5818025921402755,0.5831485915168878
38619,737549.9553345905,1.1578093696172034,1.1578561338701365,0.5818025921402755,0.5831485915168878
38726,737552.1546873568,1.153486287098614,1.1608861816495732,0.576743143549307,0.5806422384747036
38731,737552.2261261971,1.1575725731984992,1.1587373014757718,0.5787862865992496,0.581038726391124
38761,737552.8764685313,1.1575725731984992,1.1587373014757718,0.5787862865992496,0.581038726391124
38775,737553.0499899192,1.1575725731984992,1.1587373014757718,0.5787862865992496,0.581038726391124
38872,737554.8464954247,1.1575725731984992,1.1587373014757718,0.5787862865992496,0.581038726391124
38884,737555.3677553522,1.1575850114028108,1.1432091325424023,0.5815152271012988,0.5756784006295235
38972,737556.880001605,1.1573586775262157,1.1404184482578466,0.5737936159635395,0.5757469739561188
39025,737558.0412705445,1.1573586775262157,1.1404184482578466,0.5737936159635395,0.5757469739561188
39063,737558.7355887296,1.1573586775262157,1.1404184482578466,0.5737936159635395,0.5757469739561188
39068,737558.8777774618,1.1573586775262157,1.1404184482578466,0.5737936159635395,0.5757469739561188
39103,737559.9100992074,1.1573586775262157,1.1404184482578466,0.5737936159635395,0.5757469739561188
39195,737561.6407444333,1.1573586775262157,1.1404184482578466,0.5737936159635395,0.5757469739561188
39206,737561.7982188456,1.1573586775262157,1.1404184482578466,0.5737936159635395,0.5757469739561188
39212,737561.9394371819,1.1591845444622664,1.1587570110956338,0.5734451057087891,0.5707695731135414
39236,737562.3847316845,1.1804077925327805,1.1791002725418094,0.5902038962663902,0.5895501362709047
39298,737563.8388569194,1.1804077925327805,1.1791002725418094,0.5902038962663902,0.5895501362709047
39308,737563.9358491885,1.1804077925327805,1.1791002725418094,0.5902038962663902,0.5895501362709047
39331,737564.6360661832,1.1610838344892598,1.1610838344892598,0.5805419172446299,0.5729019322265229
39338,737564.7203275441,1.1610205025612084,1.1610205025612084,0.5724413127889084,0.572818353990108
39430,737566.6271000964,1.1610205025612084,1.1610205025612084,0.5724413127889084,0.572818353990108
39454,737567.1055596201,1.1808103340969083,1.1612320215301042,0.5724784390922113,0.5708505742139535
39477,737567.6517006962,1.1808103340969083,1.1612320215301042,0.5724784390922113,0.5708505742139535
39480,737567.9112347655,1.1610838344892598,1.1618496511152154,0.5801829042726179,0.5729921331434134
39492,737568.1672814746,1.1610838344892598,1.1618496511152154,0.5801829042726179,0.5729921331434134
39543,737569.694542731,1.1809516888576588,1.1809516888576588,0.5779269598036515,0.5791354291619122
39617,737570.9549299481,1.1603194974808657,1.1597066241122642,0.5794937402431604,0.5723318464102104
39660,737571.5183814501,1.1603194974808657,1.1597066241122642,0.5794937402431604,0.5723318464102104
39670,737571.6452268185,1.1594936383136158,1.1595155579992817,0.5797468191568079,0.5720910554906887
39778,737574.1738566828,1.1778417177509841,1.1603482720034861,0.577990436459204,0.5798916132404799
39812,737574.929826024,1.1748517137638295,1.1810218326430777,0.5793231285531167,0.58987976971467
39816,737574.9595507921,1.1748517137638295,1.1810218326430777,0.5793231285531167,0.58987976971467
39826,737575.1034821114,1.1748517137638295,1.1810218326430777,0.5793231285531167,0.58987976971467
39854,737575.5760839138,1.1752066475417535,1.1814220989659503,0.5797575555318929,0.5900685232370886
39859,737575.6899996311,1.1599601346750217,1.1603682192539126,0.5799800673375108,0.5726961957650583
39888,737576.2032684799,1.1803753188184218,1.1807542922106171,0.5901876594092109,0.5901108514615477
39903,737576.5462125345,1.1803753188184218,1.1807542922106171,0.5901876594092109,0.5901108514615477
39917,737576.9152799695,1.1803753188184218,1.1807542922106171,0.5901876594092109,0.5901108514615477
39946,737577.2286457655,1.1803753188184218,1.1807542922106171,0.5901876594092109,0.5901108514615477
39971,737577.9078861298,1.174360110007602,1.1750698639117383,0.5784957938119805,0.5903583788337887
40098,737579.1905672594,1.174360110007602,1.1750698639117383,0.5784957938119805,0.5903583788337887
40149,737580.2079367057,1.1779502624518827,1.1744241192055158,0.5802732891504597,0.5770720101312982
40220,737581.5015437687,1.1779502624518827,1.1744241192055158,0.5802732891504597,0.5770720101312982
40461,737582.4229892176,1.1748138022985761,1.174909777350301,0.5874069011492881,0.5904931242922284
40510,737582.8467530617,1.1807319739699864,1.1732199156222964,0.5802066205522645,0.5722285658565458
40512,737582.8497796125,1.1807319739699864,1.1732199156222964,0.5802066205522645,0.5722285658565458
40513,737582.8559630676,1.2069215274314287,1.2041137558921888,0.6001291516801235,0.598485849885129
40546,737583.0384876479,1.2069215274314287,1.2041137558921888,0.6001291516801235,0.598485849885129
40555,737583.0970301332,1.2069215274314287,1.2041137558921888,0.6001291516801235,0.598485849885129
40559,737583.1187776652,1.2043532471344989,1.2043532471344989,0.6021766235672494,0.578797211635372
40625,737584.0113397291,1.204181976768118,1.204181976768118,0.602090988384059,0.602090988384059
40876,737587.9012333466,1.1757277679431497,1.1755270447423385,0.5878638839715749,0.5907934391502212
40893,737588.1746932236,1.1751634148512344,1.2044275922152496,0.5875817074256172,0.6022225367634717
40934,737588.9304422359,1.1751634148512344,1.2044275922152496,0.5875817074256172,0.6022225367634717
40959,737589.5948086736,1.1758178263390158,1.1760152779152078,0.5879089131695079,0.5897306147752431
41075,737591.1168278947,1.1968589073380567,1.1968589073380567,0.5984294536690283,0.5904688522090834
41082,737591.2294704632,1.197238965963357,1.175693005009741,0.5876421795094794,0.5812715961507648
41108,737591.6940617322,1.197238965963357,1.175693005009741,0.5876421795094794,0.5812715961507648
41112,737591.7851430529,1.197238965963357,1.175693005009741,0.5876421795094794,0.5812715961507648
41257,737594.5492551766,1.1885372129164569,1.204469698749429,0.594247293841017,0.6053324290745016
41269,737594.8592991688,1.1978737547765417,1.1763682858413513,0.5883823956992462,0.5879362074291145
41302,737595.8955833033,1.188439226443206,1.2040853183343094,0.5942376818866655,0.6052743678226224
41324,737596.3423510983,1.1969225697445944,1.1739825180416368,0.5876805810215041,0.5944658062879135
41325,737596.3430767738,1.1969118850239153,1.174377670210749,0.5877491580696361,0.5875304785073932
41326,737596.3455251749,1.1968729319320583,1.1744566285309086,0.5878431100775704,0.5869582168265073
41342,737596.7487162405,1.196993818335238,1.1741788686210208,0.5876336931301055,0.5870284358985489
41343,737596.7503310731,1.1970777823999386,1.174093384384032,0.5875847887402336,0.5870683543135462
41381,737597.9036624485,1.2048291471762727,1.204276195723552,0.6022360241918894,0.6020000793414818
41451,737599.4483108744,1.2048805317344249,1.2049019302014317,0.6021793850317569,0.6053242849266882
41594,737602.8366809302,1.2049355247589661,1.2047867829575603,0.5876335312870473,0.6023387144248341
41603,737603.1826717951,1.2049355247589661,1.2047867829575603,0.5876335312870473,0.6023387144248341
41607,737603.3924686078,1.2045431815739185,1.2043619235479202,0.6021756877157909,0.6020148057798561
41654,737605.1168641035,1.1753362428365315,1.2045448648513462,0.5876681214182657,0.5873025717099323
41804,737608.8829310585,1.2050397948886449,1.204529651724765,0.5742079146712402,0.5876174808005216
41808,737608.9602886151,1.204925876563832,1.2048716482203181,0.6022037891692131,0.5988359633979429
41851,737609.5971353196,1.1762447193536192,1.1762447193536192,0.5876183731763839,0.5986577621273447
41855,737609.8235600718,1.2049557712119858,1.1756349870902862,0.5940803357130707,0.6020458479055909
41880,737610.3196024053,1.204969441309644,1.205189090066934,0.6020400488538897,0.6021688985760224
41893,737611.5629689621,1.204969441309644,1.205189090066934,0.6020400488538897,0.6021688985760224
41914,737612.1507985204,1.1766337150490378,1.1759492377990408,0.6020570234399806,0.6021260644788773
41915,737612.2183562545,1.1766337150490378,1.1759492377990408,0.6020570234399806,0.6021260644788773
41929,737612.4721930008,1.1783017176449802,1.1780801819763875,0.602447215529711,0.602418001820711
41932,737612.5776982652,1.1784780922492937,1.1773505448450774,0.6023638525854912,0.6024066146386527
41937,737612.6558333662,1.1784780922492937,1.1773505448450774,0.6023638525854912,0.6024066146386527
41939,737612.6877185708,1.177629993633593,1.1776130572887518,0.6023271153125618,0.6023883768071557
41983,737613.6994629623,1.2050288261958664,1.1769099711160824,0.6024261505858874,0.5884549855580412
42027,737614.969742037,1.1777357700189586,1.176731164780149,0.6022781914419804,0.6023861612710306
42029,737614.9739388741,1.1777357700189586,1.176731164780149,0.6022781914419804,0.6023861612710306
42084,737616.0367161286,1.1777357700189586,1.176731164780149,0.6022781914419804,0.6023861612710306
42096,737616.1793532145,1.1777357700189586,1.176731164780149,0.6022781914419804,0.6023861612710306
42200,737618.1555439035,1.176558971495649,1.176558971495649,0.5986133545249869,0.5984938180837901
42227,737619.1022599422,1.1759535419037408,1.1764613870846368,0.599078301346692,0.5989978681784904
42231,737619.2352412743,1.1759535419037408,1.1764613870846368,0.599078301346692,0.5989978681784904
42324,737621.9059612708,1.1759535419037408,1.1764613870846368,0.599078301346692,0.5989978681784904
42329,737621.9625883894,1.1759535419037408,1.1764613870846368,0.599078301346692,0.5989978681784904
42333,737622.0620563193,1.1759535419037408,1.1764613870846368,0.599078301346692,0.5989978681784904
42383,737623.1584196761,1.154979167374256,1.1767430885871306,0.5883247691239447,0.5886318943854333
42410,737623.7708756452,1.1546517241422347,1.1531650307194135,0.5773258620711174,0.5885917885208981
42460,737624.6711335266,1.1546517241422347,1.1531650307194135,0.5773258620711174,0.5885917885208981
42546,737626.3203261236,1.1551236257261988,1.155324405488461,0.5775618128630994,0.5777811240185831
42651,737628.9323301878,1.1524110289670852,1.1538805586767862,0.5878385948198376,0.5878636234479454
42672,737629.4818042265,1.1563405894393177,1.1559729122684834,0.5781702947196589,0.5885703505616854
42817,737632.6585579677,1.1584513591732142,1.156064318881789,0.5888277164122016,0.5773201542671527
42819,737632.6876001318,1.1584513591732142,1.156064318881789,0.5888277164122016,0.5773201542671527
42820,737632.7160664019,1.1603987699815645,1.1567510558092577,0.5801993849907823,0.5783755279046289
42832,737633.0399874724,1.1603987699815645,1.1567510558092577,0.5801993849907823,0.5783755279046289
42930,737635.2823396912,1.15900596224172,1.153135913949899,0.5766455695197393,0.5766807410996801
42972,737636.1101176722,1.15900596224172,1.153135913949899,0.5766455695197393,0.5766807410996801
43338,737641.9605406347,1.155131153084196,1.155131153084196,0.5759941479427222,0.5762163613799657
43369,737642.0480073609,1.1553189894603149,1.1562009965321454,0.5759231950421433,0.5763704190401397
43626,737644.9299403665,1.1572997194989905,1.155948465289162,0.5777446061606014,0.576854279059173
43669,737645.3998022128,1.1572328953576303,1.154638243961023,0.5765700436322998,0.574350761329861
43804,737648.5484691749,1.1549892465217946,1.1546528281907604,0.5776495725143493,0.5762075382340853
43829,737649.0349510015,1.1549892465217946,1.1546528281907604,0.5776495725143493,0.5762075382340853
43906,737650.485465017,1.1582729545660682,1.1557829404889368,0.5781451938372387,0.5761670681517973
43919,737650.6741111676,1.1639234827824878,1.1599815140294618,0.5819835432740615,0.581314009838527
43920,737650.674660335,1.1614455607601246,1.1607553171958176,0.5819835432740615,0.5811607228492437
43921,737650.6747579388,1.1608144943985337,1.1603438574953318,0.5817093976646889,0.5811324361619935
43927,737650.8205952151,1.1608144943985337,1.1603438574953318,0.5817093976646889,0.5811324361619935
43931,737650.9473082396,1.1608144943985337,1.1603438574953318,0.5817093976646889,0.5811324361619935
43964,737651.92312452,1.15811539758696,1.1502128886995386,0.5762081120841347,0.5757863007546502
43966,737652.0339910404,1.1596534415060726,1.1601684025252232,0.5798267207530363,0.5820848335966751
43967,737652.036539185,1.1604450677400344,1.1599002315403255,0.5802225338700172,0.582477567713478
43971,737652.083233162,1.159448862386076,1.1609645545659733,0.579724431193038,0.5816885443006057
44029,737653.965757272,1.159448862386076,1.1609645545659733,0.579724431193038,0.5816885443006057
44035,737654.0950736286,1.159448862386076,1.1609645545659733,0.579724431193038,0.5816885443006057
44050,737654.5057028453,1.154844644801855,1.1603382372794355,0.5774223224009275,0.5816727894550697
44105,737656.3714095422,1.1614630841100078,1.1616311474185734,0.5807315420550039,0.5799660143523984
44110,737656.4860829536,1.1623311663993996,1.1615658509243605,0.5811655831996998,0.5796976229272811
44127,737656.8557306546,1.1623311663993996,1.1615658509243605,0.5811655831996998,0.5796976229272811
44190,737658.5505696425,1.1623311663993996,1.1615658509243605,0.5811655831996998,0.5796976229272811
44212,737659.2745094447,1.1626592668925635,1.1616109304987448,0.5811953895816039,0.5805958877727903
44281,737661.5210842036,1.1626592668925635,1.1616109304987448,0.5811953895816039,0.5805958877727903
44304,737661.861161766,1.1626592668925635,1.1616109304987448,0.5811953895816039,0.5805958877727903
44379,737663.8322142172,1.1626592668925635,1.1616109304987448,0.5811953895816039,0.5805958877727903
44414,737664.7105666181,1.16134288427298,1.1587226561842499,0.5811551825047128,0.5802954653543331
44601,737669.0137865806,1.16134288427298,1.1587226561842499,0.5811551825047128,0.5802954653543331
44638,737669.9663936589,1.1545524669361595,1.1545524669361595,0.5743818124947678,0.5794448810186189
44658,737670.7099567583,1.1545524669361595,1.1545524669361595,0.5743818124947678,0.5794448810186189
44662,737670.8024973166,1.1563719831126553,1.1544522087159084,0.5760185336312176,0.5788712021156189
44796,737674.8412183254,1.1563719831126553,1.1544522087159084,0.5760185336312176,0.5788712021156189
44800,737674.929058367,1.1563719831126553,1.1544522087159084,0.5760185336312176,0.5788712021156189
44824,737675.4662144069,1.1625066212889716,1.1625949716938893,0.5812533106444858,0.5787983905494127
44827,737675.5735150516,1.1623990087693892,1.1626210930571503,0.5811995043846946,0.5813105465285752
44838,737676.0139058155,1.1625368826341556,1.1625567396582812,0.5812684413170778,0.5785223033725326
44847,737676.1887968733,1.1625056516049597,1.1624697519917535,0.5812528258024798,0.5817114777128409
44896,737676.8133747941,1.1625056516049597,1.1624697519917535,0.5812528258024798,0.5817114777128409
44927,737677.3650727277,1.1625056516049597,1.1624697519917535,0.5812528258024798,0.5817114777128409
44928,737677.3690175853,1.1625056516049597,1.1624697519917535,0.5812528258024798,0.5817114777128409
44931,737677.4052362012,1.1625056516049597,1.1624697519917535,0.5812528258024798,0.5817114777128409
44942,737677.7960753458,1.1625056516049597,1.1624697519917535,0.5812528258024798,0.5817114777128409
44958,737678.0367498775,1.1625056516049597,1.1624697519917535,0.5812528258024798,0.5817114777128409
44960,737678.0769158144,1.1625056516049597,1.1624697519917535,0.5812528258024798,0.5817114777128409
45055,737680.0770080416,1.1625056516049597,1.1624697519917535,0.5812528258024798,0.5817114777128409
45076,737680.6663374403,1.1625056516049597,1.1624697519917535,0.5812528258024798,0.5817114777128409
45086,737680.891438029,1.1625056516049597,1.1624697519917535,0.5812528258024798,0.5817114777128409
45103,737681.2108407202,1.1625056516049597,1.1624697519917535,0.5812528258024798,0.5817114777128409
45106,737681.259293775,1.1625056516049597,1.1624697519917535,0.5812528258024798,0.5817114777128409
45146,737682.1951745116,1.1624862148353066,1.1625696049967116,0.5812431074176533,0.5812848024983558
45199,737683.5948988828,1.1624862148353066,1.1625696049967116,0.5812431074176533,0.5812848024983558
45216,737683.9919707908,1.1614640300968682,1.162707633761031,0.5807320150484341,0.5813538168805155
45224,737684.1625192682,1.1614640300968682,1.162707633761031,0.5807320150484341,0.5813538168805155
45271,737685.0253844768,1.1614640300968682,1.162707633761031,0.5807320150484341,0.5813538168805155
45306,737685.8358888357,1.1515456999430256,1.1515456999430256,0.5773016500540058,0.5757728499715128
45454,737686.9182896225,1.1692213152660316,1.1604865001713358,0.5849990581334583,0.5802432500856679
45636,737688.8060289917,1.1619269887108288,1.1627077169420805,0.5780880033280926,0.5779439037671451
45689,737689.1632377442,1.1630252676434685,1.153073609172453,0.5778396032558606,0.5786219312502332
45700,737689.3443426488,1.1629785170546059,1.1628397473204202,0.5778579949756202,0.5824610265255704
45761,737690.1272398726,1.1629785170546059,1.1628397473204202,0.5778579949756202,0.5824610265255704
45841,737691.2862977933,1.1629785170546059,1.1628397473204202,0.5778579949756202,0.5824610265255704
46189,737698.5396794651,1.1640070449187954,1.1640070449187954,0.5797377011570689,0.5791928504509233
46195,737698.6627589348,1.1609746177753104,1.1612028089205837,0.5804873088876552,0.5805556182114796
46198,737698.765816506,1.1612353798311932,1.163239038487942,0.5847862643113627,0.581619519243971
46239,737699.2973669061,1.1612353798311932,1.163239038487942,0.5847862643113627,0.581619519243971
46289,737700.2220908646,1.1622051309650678,1.1622051309650678,0.5811025654825339,0.5811644879002821
46399,737703.0330513832,1.1613039397079703,1.1609700193755421,0.5812313710983873,0.580593389783343
46409,737703.2566899487,1.1639441958574783,1.1623130926373553,0.5751098231466438,0.5806078640109585
46463,737704.5993371478,1.1640549797392088,1.1640549797392088,0.5820274898696044,0.5820274898696044
46515,737705.7147775013,1.1640549797392088,1.1640549797392088,0.5820274898696044,0.5820274898696044
46518,737705.7681897391,1.1608941801312365,1.1608941801312365,0.5807171579138852,0.5805872031375244
46533,737706.0735082777,1.1608941801312365,1.1608941801312365,0.5807171579138852,0.5805872031375244
46539,737706.1518410118,1.163833745602925,1.163833745602925,0.5819168728014625,0.5772789582801772
46580,737706.9784673417,1.163833745602925,1.163833745602925,0.5819168728014625,0.5772789582801772
46608,737707.7074511496,1.163833745602925,1.163833745602925,0.5819168728014625,0.5772789582801772
46722,737710.4392159975,1.1533195162736258,1.1643383791201125,0.5766597581368129,0.5821691895600563
46747,737711.0453175692,1.1533195162736258,1.1643383791201125,0.5766597581368129,0.5821691895600563
46795,737711.9849315718,1.1615652130321874,1.1611162089662281,0.5805761877049875,0.5800584998514507
46831,737713.1246856166,1.1615652130321874,1.1611162089662281,0.5805761877049875,0.5800584998514507
46876,737714.1158217099,1.1615652130321874,1.1611162089662281,0.5805761877049875,0.5800584998514507
46905,737714.7872385288,1.1615652130321874,1.1611162089662281,0.5805761877049875,0.5800584998514507
46951,737715.5951473555,1.1609291150680074,1.161009925344851,0.5804645575340037,0.5801167299993131
47015,737717.2397810515,1.1531237399576355,1.1531237399576355,0.5765618699788178,0.5811322617364258
47073,737718.5610029249,1.1541726696610717,1.1537747348936807,0.5821821083580583,0.5808070427374541
47086,737718.885109471,1.1546274934601566,1.153988660698406,0.581039391973804,0.5809692774468559
47143,737720.00290132,1.1546215406431897,1.1549396841587727,0.580926973767579,0.5772275982606002
47203,737720.9868636904,1.1527066433070676,1.1535174237946484,0.5817173275849572,0.580963100798068
47262,737721.9196061789,1.1527066433070676,1.1535174237946484,0.5817173275849572,0.580963100798068
47302,737723.0661797185,1.1527066433070676,1.1535174237946484,0.5817173275849572,0.580963100798068
47303,737723.0820113252,1.1382027639873031,1.154439362734585,0.5803354497260204,0.5767276944685519
47384,737724.8777562857,1.1382027639873031,1.154439362734585,0.5803354497260204,0.5767276944685519
47385,737724.8798057485,1.13567163055981,1.1528918763764573,0.567835815279905,0.5804978087363444
47406,737725.255991983,1.1383895918747895,1.1550210178169196,0.5810598865972557,0.5808497129995575
47445,737725.7900618213,1.1354342967534499,1.1547929102199832,0.5677171483767249,0.5770859168882817
47526,737727.7048838767,1.1354342967534499,1.1547929102199832,0.5677171483767249,0.5770859168882817
47569,737728.9964029314,1.1549384998044268,1.1435907360717585,0.5774321552271863,0.5782140674592456
47590,737730.0139061062,1.1549384998044268,1.1435907360717585,0.5774321552271863,0.5782140674592456
47592,737730.0382488184,1.1549924224865908,1.1407331095220077,0.5774262175580198,0.5780077907843595
47594,737730.0940385704,1.13369846202138,1.135697672810661,0.5809734082476812,0.5715709336370127
47610,737730.6302378875,1.1384446622056161,1.1303172674927817,0.5763336073074845,0.5767704278028069
47653,737731.9059309105,1.1384446622056161,1.1303172674927817,0.5763336073074845,0.5767704278028069
47664,737732.1531516504,1.1368800270231028,1.1368800270231028,0.5805548309220705,0.5767829192431948
47766,737734.5832981324,1.1368800270231028,1.1368800270231028,0.5805548309220705,0.5767829192431948
47775,737734.7402341238,1.1368800270231028,1.1368800270231028,0.5805548309220705,0.5767829192431948
47808,737735.2802338048,1.1776045427682198,1.1782838796509265,0.5888022713841099,0.5921448931800194
47855,737735.857838381,1.1776045427682198,1.1782838796509265,0.5888022713841099,0.5921448931800194
47877,737736.2608693014,1.1776045427682198,1.1782838796509265,0.5888022713841099,0.5921448931800194
47897,737736.7911704376,1.1776045427682198,1.1782838796509265,0.5888022713841099,0.5921448931800194
47928,737737.6502101087,1.1776045427682198,1.1782838796509265,0.5888022713841099,0.5921448931800194
47942,737737.9234662656,1.1776045427682198,1.1782838796509265,0.5888022713841099,0.5921448931800194
47944,737737.9346291386,1.1776045427682198,1.1782838796509265,0.5888022713841099,0.5921448931800194
48047,737740.0999303901,1.1363373499323366,1.1363373499323366,0.5686311698608442,0.566383928734569
48054,737740.3310269282,1.1630454087188207,1.1876588216037436,0.5811213828427263,0.5940159123214007
48081,737741.0406794145,1.1630454087188207,1.1876588216037436,0.5811213828427263,0.5940159123214007
48122,737742.2164480678,1.178426796496029,1.136032292080531,0.5680715538828595,0.5657281772480225
48201,737744.2327024831,1.1876613962740203,1.1784531734866166,0.5938306981370102,0.5894283909110434
48327,737747.682868354,1.1876613962740203,1.1784531734866166,0.5938306981370102,0.5894283909110434
48390,737749.2907684424,1.1876827628196638,1.178310589818896,0.5938413814098319,0.5889440875759628
48430,737750.4346592263,1.18827381037961,1.1881609183490458,0.5695754813282647,0.582089740061722
48461,737751.7939094105,1.18827381037961,1.1881609183490458,0.5695754813282647,0.582089740061722
48472,737752.0000628089,1.1946431528495,1.1870508635557222,0.581608163014543,0.5806255270091888
48501,737752.9582800069,1.1945487295166588,1.1869829382369654,0.5813655583117671,0.5806510440859655
48509,737753.2581065838,1.1954120919659608,1.1894311132854558,0.590052043191691,0.5946361289347093
48666,737756.4337921265,1.1954120919659608,1.1894311132854558,0.590052043191691,0.5946361289347093
48783,737758.0157997039,1.1954120919659608,1.1894311132854558,0.590052043191691,0.5946361289347093
48789,737758.0996401436,1.1954120919659608,1.1894311132854558,0.590052043191691,0.5946361289347093
48795,737758.2955774913,1.1954120919659608,1.1894311132854558,0.590052043191691,0.5946361289347093
48825,737758.8727015399,1.1947064437762829,1.1944607384947687,0.5973532218881414,0.5818554489976567
48839,737759.1783994127,1.1947064437762829,1.1944607384947687,0.5973532218881414,0.5818554489976567
48845,737759.3334899254,1.196637226399748,1.190370802277046,0.5943751540100595,0.5952179560180196
48847,737759.3546901218,1.1966317107165971,1.1892536718037559,0.5677379465416444,0.5901644986332438
48890,737760.3757877848,1.1883950021746164,1.1904029337523487,0.5941975010873082,0.595276216724228
48898,737760.4416328449,1.1878264867393156,1.1943183482829505,0.5939132433696578,0.5936960941954716
48925,737761.1148112747,1.1948151170611674,1.1943569349163776,0.5974075585305837,0.5819717758861004
49056,737764.5369835985,1.1964466721687024,1.1956617423107072,0.5938733893622637,0.5902435168210787
49080,737765.1372183827,1.1964466721687024,1.1956617423107072,0.5938733893622637,0.5902435168210787
49086,737765.4343565659,1.1964466721687024,1.1956617423107072,0.5938733893622637,0.5902435168210787
49089,737765.4961590897,1.1966660119882309,1.1957620492283156,0.5941572360653226,0.5949837926955195
49090,737765.5053547603,1.1966688142608894,1.1951569632603396,0.5983344071304447,0.5973610189681376
49092,737765.5204363465,1.1966802243104833,1.1957767121700102,0.5939571003100053,0.5947201213714701
49093,737765.5454020032,1.196976366813262,1.1960821925129206,0.5941675565474469,0.5946581453395072
49095,737765.5745517259,1.1975662751972438,1.1958546838915656,0.5946113235298892,0.5977004321653275
49096,737765.5823555588,1.1975662751972438,1.1958546838915656,0.5946113235298892,0.5977004321653275
49114,737766.0174458709,1.1829433927067357,1.195821500694896,0.5946113235298892,0.5977063925316884
49123,737766.1527990677,1.1947112251346632,1.1956636404408079,0.5973556125673316,0.5976849939758003
49160,737766.936454825,1.1716925998598777,1.1965066423641753,0.5858462999299389,0.5892183288306353
49167,737767.0506931262,1.1716925998598777,1.1965066423641753,0.5858462999299389,0.5892183288306353
49168,737767.051028075,1.1716925998598777,1.1965066423641753,0.5858462999299389,0.5892183288306353
49170,737767.1796083886,1.1965544823725947,1.184356226303112,0.5982772411862973,0.5964975760468918
49201,737767.8794509955,1.197164841274958,1.1711933351250103,0.594455348738993,0.5861720717569803
49213,737768.0522400353,1.1961189205236906,1.1816637472828981,0.5980594602618453,0.5977413660427259
49286,737769.6820839479,1.1968403891397703,1.197794152942897,0.5944653899978718,0.5960267919046397
49301,737769.897497552,1.1968403891397703,1.197794152942897,0.5944653899978718,0.5960267919046397
49346,737770.7327614467,1.1966566836868393,1.1975831436874385,0.5983283418434197,0.5961361639002075
49352,737770.8922781972,1.1966901316380492,1.1976400889862142,0.5983450658190246,0.5959358024754223
49400,737772.3943086393,1.1966901316380492,1.1976400889862142,0.5983450658190246,0.5959358024754223
49404,737772.5031699005,1.1971547252807317,1.1731648933659475,0.5981799616143156,0.5867674089915922
49414,737772.8364594524,1.1971547252807317,1.1731648933659475,0.5981799616143156,0.5867674089915922
49431,737773.5251346309,1.1875225910993257,1.204057923014021,0.5937612955496628,0.5990757820170507
49507,737776.0789165907,1.1875225910993257,1.204057923014021,0.5937612955496628,0.5990757820170507
49522,737776.6039912004,1.1875225910993257,1.204057923014021,0.5937612955496628,0.5990757820170507
49580,737777.7772249703,1.1875225910993257,1.204057923014021,0.5937612955496628,0.5990757820170507
49582,737777.7970365284,1.1875225910993257,1.204057923014021,0.5937612955496628,0.5990757820170507
49614,737778.2412210112,1.1772005669633303,1.1721080597472817,0.5886002834816652,0.5860540298736409
49679,737780.0172816933,1.1772005669633303,1.1721080597472817,0.5886002834816652,0.5860540298736409
49683,737780.1721532564,1.1874754248685713,1.1787479513845995,0.5937377124342856,0.6021636260617778
49725,737781.0207758519,1.1874754248685713,1.1787479513845995,0.5937377124342856,0.6021636260617778
49780,737782.1478078371,1.1874754248685713,1.1787479513845995,0.5937377124342856,0.6021636260617778
49799,737783.0303289838,1.1823665345079537,1.1667956630271767,0.5990268513284049,0.587797685507868
49820,737783.81312191,1.1823665345079537,1.1667956630271767,0.5990268513284049,0.587797685507868
49823,737783.8601230186,1.1823665345079537,1.1667956630271767,0.5990268513284049,0.587797685507868
49873,737784.9764894567,1.1823665345079537,1.1667956630271767,0.5990268513284049,0.587797685507868
49928,737785.8329124356,1.1820705917881633,1.1607215219869877,0.5914185220406483,0.5818522771844741
50335,737788.7926017034,1.1820705917881633,1.1607215219869877,0.5914185220406483,0.5818522771844741
50341,737788.8681616988,1.1811856056405483,1.1814090627540197,0.5910235699704676,0.5877361486544036
50541,737791.1573583476,1.1811856056405483,1.1814090627540197,0.5910235699704676,0.5877361486544036
50605,737792.2216662947,1.1813669191336698,1.1806838856795532,0.5861687914672594,0.5803078984349924
50633,737792.655202757,1.1813669191336698,1.1806838856795532,0.5861687914672594,0.5803078984349924
50648,737792.87918249,1.1813669191336698,1.1806838856795532,0.5861687914672594,0.5803078984349924
50662,737793.0650176817,1.1813669191336698,1.1811907307018379,0.5785264742960605,0.5773058153991825
50665,737793.0733256174,1.1813669191336698,1.1811907307018379,0.5785264742960605,0.5773058153991825
50680,737793.2700717405,1.18077730679022,1.1811768612730833,0.5763556603179737,0.5765180600274239
50687,737793.348511671,1.18077730679022,1.1811768612730833,0.5763556603179737,0.5765180600274239
50796,737794.803683312,1.18077730679022,1.1811768612730833,0.5763556603179737,0.5765180600274239
50799,737794.9192684164,1.1777936011228092,1.1811838567318393,0.577118954686633,0.5919465626433451
50861,737795.6398543301,1.181166779450942,1.1794297100156745,0.590583389725471,0.5746083534122567
50865,737795.6876251809,1.181166779450942,1.1794297100156745,0.590583389725471,0.5746083534122567
50869,737795.7159760024,1.181166779450942,1.1794297100156745,0.590583389725471,0.5746083534122567
50870,737795.7170451385,1.181166779450942,1.1794297100156745,0.590583389725471,0.5746083534122567
50874,737795.7546656344,1.1811485807614353,1.1793996694760822,0.5905742903807176,0.57390061930154
50877,737795.7636072034,1.1811485807614353,1.1793996694760822,0.5905742903807176,0.57390061930154
50879,737795.7695255828,1.1811485807614353,1.1793996694760822,0.5905742903807176,0.57390061930154
50880,737795.7764818135,1.1811485807614353,1.1793996694760822,0.5905742903807176,0.57390061930154
50887,737795.8552179011,1.1811485807614353,1.1793996694760822,0.5905742903807176,0.57390061930154
50888,737795.8561576216,1.1811485807614353,1.1793996694760822,0.5905742903807176,0.57390061930154
50896,737795.8987469522,1.1811485807614353,1.1793996694760822,0.5905742903807176,0.57390061930154
50898,737795.9134038732,1.1813091875271662,1.1795859561673132,0.5906545937635831,0.57390061930154
50905,737795.988167876,1.1809055788391807,1.179618373928571,0.5904527894195903,0.5740887575590855
50906,737795.9897270107,1.1795839767008298,1.1774964743418503,0.5897919883504149,0.573514886967764
50907,737795.9937870236,1.1795839767008298,1.1774964743418503,0.5897919883504149,0.573514886967764
50911,737796.027587094,1.1795839767008298,1.1774964743418503,0.5897919883504149,0.573514886967764
50933,737796.3471374974,1.1795839767008298,1.1774964743418503,0.5897919883504149,0.573514886967764
50938,737796.4172805367,1.1795839767008298,1.1774964743418503,0.5897919883504149,0.573514886967764
51016,737797.5355730753,1.1795839767008298,1.1774964743418503,0.5897919883504149,0.573514886967764
51022,737797.5917607743,1.1795839767008298,1.1774964743418503,0.5897919883504149,0.573514886967764
51089,737798.5926491377,1.1796722746501265,1.1796722746501265,0.5888428064612982,0.5881065542359392
51147,737799.6747320147,1.1796722746501265,1.1796722746501265,0.5888428064612982,0.5881065542359392
51154,737799.8250489559,1.179973757513117,1.182689621990418,0.5791326007630615,0.5782156287239213
51160,737800.0129800467,1.179973757513117,1.182689621990418,0.5791326007630615,0.5782156287239213
51167,737800.1455974776,1.1796497278963558,1.1797038622315674,0.5898248639481779,0.5869381776316109
51202,737800.8924690884,1.1825464943768311,1.1826131118499992,0.5784710865171847,0.577083900153759
51213,737801.165957481,1.1825464943768311,1.1826131118499992,0.5784710865171847,0.577083900153759
51263,737802.1784225823,1.1825464943768311,1.1826131118499992,0.5784710865171847,0.577083900153759
51265,737802.2292426825,1.179747532661246,1.1797103512683351,0.574352804066989,0.5784407378765901
51296,737802.6927184693,1.179747532661246,1.1797103512683351,0.574352804066989,0.5784407378765901
51298,737802.7074230708,1.182673151312174,1.1809280692680688,0.591336575656087,0.58913918984546
51299,737802.7366405334,1.182673151312174,1.1809280692680688,0.591336575656087,0.58913918984546
51300,737802.7469111951,1.182673151312174,1.1809280692680688,0.591336575656087,0.58913918984546
51301,737802.7695567932,1.182673151312174,1.1809280692680688,0.591336575656087,0.58913918984546
51303,737802.7738724996,1.182673151312174,1.1809280692680688,0.591336575656087,0.58913918984546
51307,737802.8811540839,1.182673151312174,1.1809280692680688,0.591336575656087,0.58913918984546
51397,737805.7310978405,1.179609679753272,1.1804146846031964,0.589804839876636,0.590425203548054
51413,737806.1397552766,1.180820938770191,1.1808795423127172,0.5904104693850954,0.5904397711563586
51458,737807.3018545103,1.1809195899664684,1.1812425308833037,0.5904597949832342,0.5896880250630409
51474,737807.5136983256,1.1564648469501309,1.1488033570899718,0.5907899774301987,0.5744016785449859
51492,737808.0845175928,1.1988561949801644,1.1866041881384566,0.5994280974900822,0.5952265795912932
51526,737809.2158767619,1.1814675460639181,1.2006580390350114,0.5907337730319591,0.5994453789391121
51537,737809.6289041797,1.1814675460639181,1.2006580390350114,0.5907337730319591,0.5994453789391121
51539,737809.6488043186,1.1814675460639181,1.2006580390350114,0.5907337730319591,0.5994453789391121
51554,737810.1697009229,1.1814675460639181,1.2006580390350114,0.5907337730319591,0.5994453789391121
51650,737812.3073804805,1.157311427944191,1.187931640728426,0.5906426534885106,0.5958500815697748
51670,737812.6472817144,1.1899119420711979,1.1865757354998674,0.5993878426346231,0.5951550026155707
51689,737813.14360758,1.1899119420711979,1.1865757354998674,0.5993878426346231,0.5951550026155707
51698,737813.3922875372,1.1899119420711979,1.1865757354998674,0.5993878426346231,0.5951550026155707
51699,737813.4118791252,1.1899119420711979,1.1865757354998674,0.5993878426346231,0.5951550026155707
51837,737816.5979558257,1.1460894876665135,1.1885535997073085,0.5906171133024138,0.5942454346492719
51864,737817.222494294,1.1460894876665135,1.1885535997073085,0.5906171133024138,0.5942454346492719
51881,737818.0710864944,1.1870911201217154,1.1876425008099016,0.5995538439848477,0.5937888813770381
51893,737818.435462367,1.1870911201217154,1.1876425008099016,0.5995538439848477,0.5937888813770381
51909,737819.0544256889,1.1870911201217154,1.1876425008099016,0.5995538439848477,0.5937888813770381
51925,737819.5404766386,1.2392032316725536,1.239301909986807,0.6207279668111965,0.6196357749943867
51940,737819.7188176848,1.2392032316725536,1.239301909986807,0.6207279668111965,0.6196357749943867
51946,737819.8342836769,1.2392032316725536,1.239301909986807,0.6207279668111965,0.6196357749943867
51949,737819.9545177668,1.187524676119776,1.2390981988880745,0.5941309635851207,0.6193418255895794
51950,737819.9951263125,1.187524676119776,1.2390981988880745,0.5941309635851207,0.6193418255895794
51954,737820.1347774273,1.1453735431066554,1.239102156429137,0.5742052786407411,0.6193425414376159
51956,737820.2012688582,1.2391982785898485,1.2392643652045847,0.6207227710834012,0.6197089407969111
51960,737820.2962117614,1.2392125400198037,1.2392754834571005,0.6197462296638022,0.6197242222829928
51962,737820.3416403374,1.2392125400198037,1.2392754834571005,0.6197462296638022,0.6197242222829928
51965,737820.3859481318,1.2392081359472151,1.2392582794757705,0.6197430653040341,0.6196858715797338
51967,737820.3925265002,1.2392169281423002,1.2388569394782782,0.6197293854683138,0.6196987509225952
51968,737820.455890265,1.2395212199002514,1.2391527931109356,0.6195398107544487,0.6198662094116423
51969,737820.4580352018,1.2395212199002514,1.2391527931109356,0.6195398107544487,0.6198662094116423
51971,737820.4792686561,1.2395212199002514,1.2391527931109356,0.6195398107544487,0.6198662094116423
51972,737820.4848271225,1.2395212199002514,1.2391527931109356,0.6195398107544487,0.6198662094116423
51974,737820.4966775338,1.239478319698187,1.2391472125474665,0.6195369183435153,0.619919265120524
51975,737820.4983834218,1.2401375237329684,1.2397828351036673,0.619871104215568,0.6202125025769314
51977,737820.4994295301,1.240112939865466,1.2397754139801116,0.6198532310949907,0.6202615167631857
51979,737820.506354834,1.2401839165305344,1.2398633975943782,0.6199028281717232,0.6203043888194639
51980,737820.508910578,1.2401839165305344,1.2398633975943782,0.6199028281717232,0.6203043888194639
51982,737820.5180342722,1.2401839165305344,1.2398633975943782,0.6199028281717232,0.6203043888194639
51983,737820.5400960514,1.2401839165305344,1.2398633975943782,0.6199028281717232,0.6203043888194639
51984,737820.5483458866,1.2401839165305344,1.2398633975943782,0.6199028281717232,0.6203043888194639
51986,737820.5502663208,1.2398205542840999,1.2399139059489523,0.6199281327199414,0.6203290016831665
51987,737820.5508141384,1.2398236267294032,1.2399450052907197,0.6199437133617833,0.6203441570221979
51988,737820.5542300654,1.2398257100030186,1.2399760712634906,0.6199447527058769,0.620311472738588
51991,737820.5636660141,1.2397935639284146,1.2399911005809683,0.6199668068506342,0.6203266915087366
51992,737820.6426569541,1.2397910639813745,1.2400138335434485,0.6199636903456855,0.6203378010380118
51993,737820.6510815794,1.2397910639813745,1.2400138335434485,0.6199636903456855,0.6203378010380118
51994,737820.6551199942,1.2397910639813745,1.2400138335434485,0.6199636903456855,0.6203378010380118
51995,737820.6599046553,1.2398096714600075,1.2400322984474859,0.6199874466950797,0.6203389657641623
51997,737820.7287509717,1.239844288372293,1.2400666503591828,0.619990177654061,0.620347632761744
51998,737820.7306621128,1.239844288372293,1.2400666503591828,0.619990177654061,0.620347632761744
52000,737820.7676512277,1.2398638479120623,1.2400860603050428,0.6200120869814786,0.6204048632905954
52004,737820.9468430361,1.2398638479120623,1.2400860603050428,0.6200120869814786,0.6204048632905954
52010,737821.4952480757,1.23989673938912,1.2401026667852848,0.6200294062695828,0.620432821488721
52012,737821.8237233122,1.23989673938912,1.2401026667852848,0.6200294062695828,0.620432821488721
52044,737822.8560349473,1.23989673938912,1.2401026667852848,0.6200294062695828,0.620432821488721
52057,737823.0268675784,1.23989673938912,1.2401026667852848,0.6200294062695828,0.620432821488721
52061,737823.0880814968,1.23989673938912,1.2401026667852848,0.6200294062695828,0.620432821488721
52062,737823.0929362415,1.23989673938912,1.2401026667852848,0.6200294062695828,0.620432821488721
52063,737823.0973873755,1.23989673938912,1.2401026667852848,0.6200294062695828,0.620432821488721
52102,737824.162745609,1.2386599943631884,1.2388460353278254,0.6212109905483747,0.6215343360468045
52139,737825.1192173291,1.2386599943631884,1.2388460353278254,0.6212109905483747,0.6215343360468045
52245,737827.8201768433,1.2386599943631884,1.2388460353278254,0.6212109905483747,0.6215343360468045
52246,737827.8555774199,1.2386599943631884,1.2388460353278254,0.6212109905483747,0.6215343360468045
52252,737828.0014360605,1.2386800226091534,1.2387278295896804,0.6212073610110954,0.6215146785127571
52267,737828.4224612064,1.2388441801923216,1.2388917171054667,0.6212826803601581,0.6215853366847455
52270,737828.5169729828,1.23887535447874,1.2389228402773325,0.6212963884520855,0.6215987612914553
52290,737828.8823885939,1.23887535447874,1.2389228402773325,0.6212963884520855,0.6215987612914553
52310,737829.0481212458,1.23887535447874,1.2389228402773325,0.6212963884520855,0.6215987612914553
52341,737829.6181021363,1.23887535447874,1.2389228402773325,0.6212963884520855,0.6215987612914553
52344,737829.6941239662,1.238905438582975,1.2389528751065888,0.6213096188507857,0.6215940344863609
52345,737829.6943967413,1.238957644516995,1.2390049956533444,0.6213325819234151,0.6216165511597402
52359,737830.0306907925,1.238957644516995,1.2390049956533444,0.6213325819234151,0.6216165511597402
52380,737830.5672707404,1.2389820307924235,1.2390293420955762,0.6213269718100385,0.6214410171031902
52402,737831.150534284,1.2389820307924235,1.2390293420955762,0.6213269718100385,0.6214410171031902
52412,737831.3759938126,1.2389820307924235,1.2390293420955762,0.6213269718100385,0.6214410171031902
52414,737831.4492473272,1.2389820307924235,1.2390293420955762,0.6213269718100385,0.6214410171031902
52416,737831.4861250024,1.1944928252198463,1.1991362657481504,0.5972464126099232,0.5875868214218062
52427,737832.0730277484,1.1919665394283145,1.1996551161923148,0.5959832697141573,0.5882401610311311
52429,737832.1199913383,1.1919665394283145,1.1996551161923148,0.5959832697141573,0.5882401610311311
52433,737832.2634615891,1.1919665394283145,1.1996551161923148,0.5959832697141573,0.5882401610311311
52526,737834.681973667,1.2394349556917192,1.2394349556917192,0.6197174778458596,0.5937740830260818
52589,737836.2842404993,1.2394349556917192,1.2394349556917192,0.6197174778458596,0.5937740830260818
52608,737836.8257764863,1.2394349556917192,1.2394349556917192,0.6197174778458596,0.5937740830260818
52609,737836.9138706113,1.2394349556917192,1.2394349556917192,0.6197174778458596,0.5937740830260818
52637,737837.5444657248,1.181798987478701,1.176542655681293,0.6212330350151947,0.6213758807524808
52641,737837.691286344,1.181798987478701,1.176542655681293,0.6212330350151947,0.6213758807524808
52643,737837.7182163002,1.181798987478701,1.176542655681293,0.6212330350151947,0.6213758807524808
52662,737838.1281527496,1.1765265084672416,1.1765265084672416,0.6195463946247803,0.6196149265804342
52694,737839.7127924019,1.1917062630317041,1.1916349069910745,0.6197120949492402,0.5939796807313278
52725,737840.5883564472,1.1767198118934121,1.1916813850605548,0.6195584690423102,0.6207463175029648
52734,737840.9403655893,1.1767198118934121,1.1916813850605548,0.6195584690423102,0.6207463175029648
52759,737841.6541563832,1.1765011395363876,1.1758366056820677,0.6194989945577005,0.619626765844588
52771,737841.9526953417,1.1765011395363876,1.1758366056820677,0.6194989945577005,0.619626765844588
52773,737842.0602400696,1.1765011395363876,1.1758366056820677,0.6194989945577005,0.619626765844588
52800,737843.1296497538,1.1765011395363876,1.1758366056820677,0.6194989945577005,0.619626765844588
52802,737843.1311534346,1.1765011395363876,1.1758366056820677,0.6194989945577005,0.619626765844588
52867,737844.9347334674,1.1765011395363876,1.1758366056820677,0.6194989945577005,0.619626765844588
52930,737847.0257068493,1.1765011395363876,1.1758366056820677,0.6194989945577005,0.619626765844588
52940,737847.3822451147,1.1765011395363876,1.1758366056820677,0.6194989945577005,0.619626765844588
53040,737849.8405680385,1.1765011395363876,1.1758366056820677,0.6194989945577005,0.619626765844588
53041,737849.8408615531,1.1931017923478722,1.1931017923478722,0.6198452255809107,0.5939670387859561
53042,737849.8452929454,1.1931762799510686,1.1931762799510686,0.619651660114871,0.5940670734479411
53043,737849.8540412139,1.1931762799510686,1.1931762799510686,0.619651660114871,0.5940670734479411
53047,737849.981036704,1.1935244376815952,1.1935244376815952,0.6196905070358487,0.5943011860264664
53048,737849.981575319,1.1935244376815952,1.1935244376815952,0.6196905070358487,0.5943011860264664
53080,737850.9181060196,1.1933833237937137,1.1933833237937137,0.5966916618968569,0.5895171355820137
53121,737851.8292635761,1.1933833237937137,1.1933833237937137,0.5966916618968569,0.5895171355820137
53131,737852.1063056873,1.1933833237937137,1.1933833237937137,0.5966916618968569,0.5895171355820137
53134,737852.1727922574,1.1933833237937137,1.1933833237937137,0.5966916618968569,0.5895171355820137
53157,737852.7181628515,1.1933833237937137,1.1933833237937137,0.5966916618968569,0.5895171355820137
53197,737854.3498935332,1.193608787842064,1.193608787842064,0.596804393921032,0.596804393921032
53212,737854.7060114898,1.193608787842064,1.193608787842064,0.596804393921032,0.596804393921032
53244,737855.7005612074,1.1981454367108553,1.1981454367108553,0.5930896646208921,0.5931857656433065
53246,737855.762944586,1.1855503457368213,1.1855503457368213,0.5927751728684106,0.5991167629655307
53290,737857.4202581117,1.1794492149611424,1.186184696286764,0.5897246074805712,0.5939682275926987
53291,737857.423987833,1.1800214062435965,1.1865705003998408,0.5900107031217983,0.5937267752903198
53333,737858.4604594762,1.1790392108617997,1.186612675317043,0.5895196054308999,0.5942150563413758
53350,737858.9412837899,1.1865275737406422,1.1852224409317025,0.5881332237080288,0.5932344747823587
53351,737858.9427851171,1.1865964502712265,1.1853236161181249,0.5880611868199027,0.5932344747823587
53353,737858.9906763049,1.1865964502712265,1.1853236161181249,0.5880611868199027,0.5932344747823587
53450,737862.1966738221,1.1865964502712265,1.1853236161181249,0.5880611868199027,0.5932344747823587
53486,737863.0328713168,1.1865964502712265,1.1853236161181249,0.5880611868199027,0.5932344747823587
53496,737863.2249219721,1.1865964502712265,1.1853236161181249,0.5880611868199027,0.5932344747823587
53498,737863.2666364147,1.1865964502712265,1.1853236161181249,0.5880611868199027,0.5932344747823587
53510,737863.5759524126,1.1792057818691755,1.186612675317043,0.5896028909345877,0.5933522265856018
53518,737863.7500224166,1.1792057818691755,1.186612675317043,0.5896028909345877,0.5933522265856018
53520,737863.7904312814,1.1792057818691755,1.186612675317043,0.5896028909345877,0.5933522265856018
53556,737864.6843786337,1.1792057818691755,1.186612675317043,0.5896028909345877,0.5933522265856018
53562,737864.8655569683,1.1792057818691755,1.186612675317043,0.5896028909345877,0.5933522265856018
53618,737866.1890754063,1.1892415647506929,1.1826029901645714,0.5946207823753464,0.5913014950822857
53621,737866.3387039349,1.1750124929323746,1.1885234537159175,0.5966218120286413,0.5942101868200016
53622,737866.34322757,1.1765047034490819,1.185122421138064,0.5882523517245409,0.592561210569032
53627,737866.4013494969,1.191499259624327,1.166994749141839,0.5957496298121635,0.5834973745709195
53629,737866.408662845,1.2113932932697125,1.2082959279895051,0.6056966466348562,0.6041479639947526
53631,737866.4191256983,1.2120825937629902,1.2094711114234993,0.6060412968814951,0.6047355557117496
53652,737867.571373599,1.1846862258712716,1.1684143825471802,0.5983702574366916,0.5932003123430654
53665,737867.9375642895,1.168208213513955,1.1665051011844851,0.595842960777561,0.5958664834045496
53676,737868.546614196,1.1870883715667118,1.1709461239051997,0.5991679686014965,0.5852824240078616
53688,737868.8013206827,1.1870883715667118,1.1709461239051997,0.5991679686014965,0.5852824240078616
53725,737870.0356335866,1.1870883715667118,1.1709461239051997,0.5991679686014965,0.5852824240078616
53728,737870.0876870444,1.1870883715667118,1.1709461239051997,0.5991679686014965,0.5852824240078616
53771,737871.0580895112,1.1795777467862545,1.2139866920824631,0.5847882319053305,0.6070117786224967
53775,737871.1345068153,1.1795777467862545,1.2139866920824631,0.5847882319053305,0.6070117786224967
53817,737872.2786497145,1.1763378884798066,1.1763378884798066,0.5881689442399033,0.5937559528978995
53819,737872.3088758539,1.1725819038890941,1.1723992371999001,0.5862909519445471,0.5938137254283921
53820,737872.3453471921,1.1763458756576413,1.171934943091076,0.5881729378288206,0.5936769802622812
53841,737873.3045415854,1.1764795641770716,1.172129545275401,0.5882397820885358,0.5937393492854957
53858,737874.1821134276,1.1764675299451333,1.1766013784156493,0.5882337649725666,0.5850326223753977
53864,737874.4363993293,1.2105344052321578,1.1769882295392706,0.6052672026160789,0.5854629785006148
53866,737874.6515233412,1.2105344052321578,1.1769882295392706,0.6052672026160789,0.5854629785006148
53887,737875.2669927389,1.2105344052321578,1.1769882295392706,0.6052672026160789,0.5854629785006148
53896,737875.5485778128,1.2105344052321578,1.1769882295392706,0.6052672026160789,0.5854629785006148
53904,737875.7597353245,1.2105344052321578,1.1769882295392706,0.6052672026160789,0.5854629785006148
53911,737876.0133016871,1.2105344052321578,1.1769882295392706,0.6052672026160789,0.5854629785006148
53912,737876.0753653271,1.2105344052321578,1.1769882295392706,0.6052672026160789,0.5854629785006148
53913,737876.088252573,1.2136067531100068,1.2106672569430832,0.5863286440076582,0.5854147441575778
53914,737876.1013383311,1.2136067531100068,1.2106672569430832,0.5863286440076582,0.5854147441575778
53938,737877.1959240624,1.2136067531100068,1.2106672569430832,0.5863286440076582,0.5854147441575778
53950,737877.3391542437,1.2136067531100068,1.2106672569430832,0.5863286440076582,0.5854147441575778
53959,737877.4756349949,1.2136067531100068,1.2106672569430832,0.5863286440076582,0.5854147441575778
53963,737877.6182088838,1.2136067531100068,1.2106672569430832,0.5863286440076582,0.5854147441575778
54015,737878.5559612772,1.2136067531100068,1.2106672569430832,0.5863286440076582,0.5854147441575778
54026,737878.9321033815,1.2136067531100068,1.2106672569430832,0.5863286440076582,0.5854147441575778
54038,737879.1897266548,1.1765693849403354,1.2135048115752192,0.5834030822658421,0.607205997807452
54040,737879.2252025768,1.2304853796479476,1.2398722423228332,0.6144916101731275,0.620127995411518
54041,737879.2338825657,1.2315615313107249,1.2406869006121612,0.6145094418091814,0.6205598419015106
54058,737879.4887138935,1.2312713270405926,1.2397753664721545,0.6148896720879683,0.6206233625088747
54065,737879.5957722141,1.2133281306290762,1.2298470486012187,0.5933717535706847,0.6159098903905632
54094,737880.5664305177,1.2131945241082827,1.2297940795933613,0.5933952890805725,0.6156386777891395
54100,737880.8776983478,1.2131945241082827,1.2297940795933613,0.5933952890805725,0.6156386777891395
54136,737882.058842561,1.2395235781174998,1.239447830307934,0.6156185944756402,0.6204355419208114
54137,737882.0591990587,1.239450922517307,1.2394310170120362,0.615621374353704,0.6204448199902918
54138,737882.1734194797,1.2394377878199696,1.2394165960670598,0.6200565075907233,0.6204558392687335
54142,737882.2657950559,1.2394805375490279,1.2394618843779093,0.6154615961320659,0.6204939823353924
54147,737882.3652019494,1.2416502860428786,1.2416179444970945,0.6171125136290498,0.6215412085432722
54149,737882.3847739362,1.2108518075984174,1.2104269812109045,0.5862698225313572,0.5855737219203551
54168,737882.9843109853,1.2108518075984174,1.2104269812109045,0.5862698225313572,0.5855737219203551
54169,737883.0025940203,1.2108518075984174,1.2104269812109045,0.5862698225313572,0.5855737219203551
54170,737883.0455311871,1.2108518075984174,1.2104269812109045,0.5862698225313572,0.5855737219203551
54171,737883.0675768695,1.2108518075984174,1.2104269812109045,0.5862698225313572,0.5855737219203551
54172,737883.0701505007,1.210203060492617,1.232160529527167,0.5847200007553898,0.6168000087775638
54182,737883.3708192188,1.2416975490989999,1.2406289471920722,0.6169110040340242,0.6216065771801563
54183,737883.3729513785,1.2415220439575028,1.2407525086343365,0.617041278004314,0.6217283744354124
54186,737883.3971272504,1.2415220439575028,1.2407525086343365,0.617041278004314,0.6217283744354124
54191,737883.5430072151,1.2314740646863562,1.2111848060979293,0.6157370323431781,0.6055924030489647
54198,737883.7591196052,1.2314740646863562,1.2111848060979293,0.6157370323431781,0.6055924030489647
54203,737883.988183291,1.240722930673614,1.2318976972345774,0.6165175692181558,0.6220125653417566
54204,737884.0077490616,1.240722930673614,1.2318976972345774,0.6165175692181558,0.6220125653417566
54205,737884.0116878542,1.240722930673614,1.2318976972345774,0.6165175692181558,0.6220125653417566
54208,737884.0873727121,1.240722930673614,1.2318976972345774,0.6165175692181558,0.6220125653417566
54218,737884.2457196721,1.2412894512701298,1.2323743400162215,0.616401658844458,0.6219441943049657
54237,737884.6594671924,1.2412894512701298,1.2323743400162215,0.616401658844458,0.6219441943049657
54240,737884.720869733,1.241164723080484,1.2323570145673084,0.6164123359399023,0.6219244036468407
54259,737885.3419357435,1.2103808968305205,1.2081600239496761,0.584730312487827,0.5854633580823371
54274,737885.7462473914,1.2328780004084743,1.2323660941588572,0.6210755014617602,0.6214685445457875
54284,737885.9094147674,1.2323627957860082,1.2318794780549556,0.621068597572559,0.6214618256215177
54303,737886.3325182439,1.2320177047484446,1.232239568312244,0.6167369492543011,0.6215935850180835
54355,737886.9867273552,1.2319871941141065,1.2319300359431529,0.6167463554384865,0.6214877255885045
54363,737887.0854949744,1.2321363227831317,1.2321760140029165,0.621181609332932,0.6215718204105625
54364,737887.08734342,1.2321461016186008,1.2322516077313053,0.6171616141214602,0.6215977096950078
54429,737888.3070901269,1.2700965314003811,1.270125015274967,0.6351348508366231,0.6367025697621205
54442,737888.417390763,1.270124394927312,1.2701528514164573,0.6352290514767408,0.6367149977130871
54454,737888.8298969114,1.2701302804221941,1.2701587311301956,0.6353258301389111,0.6367445518863855
54455,737888.8400498731,1.2701302804221941,1.2701587311301956,0.6353258301389111,0.6367445518863855
54457,737888.867767931,1.2701388839054573,1.2701673261646298,0.6353045784010224,0.6367158489169283
54462,737888.9575510388,1.2701388839054573,1.2701673261646298,0.6353045784010224,0.6367158489169283
54463,737888.9805585138,1.2703831014579712,1.2704113049326842,0.635271084958364,0.6368248801926194
54465,737888.9817043004,1.2704007136913618,1.270428900023323,0.6352798428412427,0.636832747002296
54467,737889.000628683,1.2704108436196333,1.2704390200964137,0.6354383775184878,0.6368695340957713
54480,737889.4802965333,1.2704108436196333,1.2704390200964137,0.6354383775184878,0.6368695340957713
54484,737889.5654925304,1.2106520770999258,1.2070495047821566,0.6054923941363356,0.6050673327285168
54494,737889.7421541996,1.270445940389306,1.2704740827478536,0.6353818384712814,0.6368529506289687
54510,737890.0752498226,1.270455711201444,1.2704838440689508,0.6367227572573654,0.6368573158783286
54521,737890.3538381926,1.27047968172903,1.2705077913259157,0.6354974313764077,0.6369129700795928
54527,737890.7768785486,1.270495508019186,1.270523602262433,0.6367407046173081,0.6368750972927504
54534,737891.1191760218,1.270495508019186,1.270523602262433,0.6367407046173081,0.6368750972927504
54551,737891.7014779265,1.270505262120768,1.270533346905395,0.6354111759391686,0.636879455870099
54556,737891.9279831336,1.2705117047894714,1.2705397833283432,0.6367480096440529,0.6368823348338406
54560,737892.0358132707,1.2705117047894714,1.2705397833283432,0.6367480096440529,0.6368823348338406
54578,737892.3977238463,1.2287157785642984,1.2705975989704226,0.6051334858056964,0.6355343899545957
54611,737893.3991047442,1.270550495391368,1.2705843302619921,0.6355070913991552,0.6369022621919069
54631,737893.6805444749,1.2314583430927617,1.2311000617796604,0.6157291715463808,0.6051146110581745
54637,737893.8961971576,1.2314583430927617,1.2311000617796604,0.6157291715463808,0.6051146110581745
54645,737894.1934053929,1.2705034769205232,1.2705373667501074,0.6355052402547255,0.6369005811341713
54693,737895.1079185526,1.2313624562410768,1.2633767841920045,0.6156812281205384,0.6354860853759832
54698,737895.2119682013,1.228309613808156,1.2278685988466926,0.6050753658235865,0.6039315329154475
54715,737895.920805621,1.2633207381479863,1.2633666943051272,0.6367670283446364,0.6369101296802654
54758,737896.7550711872,1.2633207381479863,1.2633666943051272,0.6367670283446364,0.6369101296802654
54760,737896.7825785489,1.2633207381479863,1.2633666943051272,0.6367670283446364,0.6369101296802654
54793,737897.6765943726,1.2633207381479863,1.2633666943051272,0.6367670283446364,0.6369101296802654
54798,737897.8280698735,1.2633207381479863,1.2633666943051272,0.6367670283446364,0.6369101296802654
54812,737898.6809577491,1.2633207381479863,1.2633666943051272,0.6367670283446364,0.6369101296802654
54822,737898.9881218834,1.2633207381479863,1.2633666943051272,0.6367670283446364,0.6369101296802654
54848,737899.9985779527,1.2633207381479863,1.2633666943051272,0.6367670283446364,0.6369101296802654
54851,737900.0620602984,1.2618278432846661,1.2618549130084942,0.6352931077553559,0.6353171043126792
54853,737900.0838532234,1.262028645507433,1.2620555282265544,0.6353673678411208,0.6353912417195516
54878,737900.906145252,1.262297852137041,1.2623244861716902,0.63547161814471,0.6354953208565731
54879,737900.9118065827,1.2622924319992788,1.262319071018124,0.6354745793607506,0.6354982772286013
54895,737901.5076129484,1.2622924319992788,1.262319071018124,0.6354745793607506,0.6354982772286013
54905,737901.7919290396,1.2622924319992788,1.262319071018124,0.6354745793607506,0.6354982772286013
54914,737902.1455671685,1.2621699820336276,1.2621967339025646,0.6354752691077146,0.6354910046448422
54919,737902.2314019781,1.2621896607027416,1.2622163944036113,0.6354851123189873,0.6355087929648441
54921,737902.2736848299,1.2622080138473217,1.2622347306150117,0.635491888859436,0.6355648966319981
54922,737902.2999669908,1.2622596775239479,1.262286346682672,0.6355109706942442,0.635534609113184
54971,737904.0528729699,1.2622596775239479,1.262286346682672,0.6355109706942442,0.635534609113184
54972,737904.0929286822,1.261768693404038,1.1621689495541618,0.6143458433423231,0.6355987259262421
54973,737904.1599115718,1.2621060210491415,1.163261063101446,0.5927804725173538,0.6355770474123783
54988,737904.5054525769,1.1610028560658245,1.1638151966897474,0.6355245497797147,0.635599314723973
54998,737904.8388693556,1.2622534114535575,1.162673410325521,0.635471201877671,0.6356026847485144
55034,737905.9909869198,1.1610743454463583,1.1610524537697173,0.6355332817858236,0.6355881569016366
55035,737905.9973413263,1.1598277896229867,1.1613640321477514,0.6355367861726262,0.6355916480313191
55042,737906.1785467737,1.1598277896229867,1.1613640321477514,0.6355367861726262,0.6355916480313191
55057,737906.4663384226,1.155476682758107,1.1554089696840701,0.6141571581608886,0.6139574871368332
55086,737907.5530718643,1.1639844587338966,1.1657586275375704,0.6355982524838368,0.6356528823341052
55118,737908.7399979439,1.1631075506434638,1.1651272215486506,0.6354181394788934,0.6356779334638912
55132,737909.1122304467,1.1638205808351685,1.1646351259248042,0.635598493549388,0.6356602031843299
55145,737909.8473723951,1.1978824788862406,1.1978250038695317,0.6330849052875601,0.6331059945686266
55146,737909.8501202377,1.2044882116916091,1.2049791471526639,0.6334237044627294,0.633483401452521
55148,737909.8538141762,1.2052509512728062,1.205337503745155,0.6334840612816779,0.6335045774235787
55154,737910.0122164882,1.1543046243636401,1.205456107344392,0.6138642110197868,0.6335473049369653
55156,737910.0679548597,1.2050631238349088,1.2058556226662311,0.633472950869503,0.6335356052159825
55169,737910.3455225931,1.180146599117635,1.2114514298283026,0.6152657288879669,0.6339471682633213
55196,737911.2609122926,1.1825683843544608,1.2122857565220084,0.5949900806661917,0.634008126549921
55214,737911.8332592405,1.1825683843544608,1.2122857565220084,0.5949900806661917,0.634008126549921
55226,737912.214201089,1.205045395956885,1.2123768383246853,0.6334575280467198,0.6339652119006298
55264,737913.4958052939,1.208477807911404,1.2150725046223354,0.633140306564259,0.6336459297638108
55276,737913.6852036872,1.2085147601804145,1.2151537868735436,0.6331428173435981,0.6336526314584334
55360,737916.017351519,1.2085147601804145,1.2151537868735436,0.6331428173435981,0.6336526314584334
55361,737916.0212684663,1.1827330211909823,1.1816443421452525,0.6313728075784809,0.631326930603666
55374,737916.1689606372,1.182923632683536,1.1816897780706705,0.6313775596629958,0.5896677257902514
55375,737916.1982424441,1.211587185853145,1.205732342793478,0.6057935929265725,0.6330703577768514
55403,737917.1993081932,1.211587185853145,1.205732342793478,0.6057935929265725,0.6330703577768514
55515,737918.1786397005,1.2197162231461611,1.223734649149357,0.6340860450850221,0.6345355822559129
55516,737918.1812236385,1.221096980571786,1.2250112744418569,0.6341965313436249,0.6346712756165819
55582,737919.5093256774,1.225194494148184,1.2250308645152286,0.6140026315381454,0.6141652851900125
55589,737919.8627656844,1.2211958804712688,1.2249436140948475,0.6119510686626982,0.6140369983049676
55592,737920.0682462578,1.2211958804712688,1.2249436140948475,0.6119510686626982,0.6140369983049676
55593,737920.0699794163,1.225116102652467,1.169956714858931,0.6125580513262335,0.5820054130950549
55627,737921.1382091573,1.225116102652467,1.169956714858931,0.6125580513262335,0.5820054130950549
55648,737921.6490170235,1.225116102652467,1.169956714858931,0.6125580513262335,0.5820054130950549
55649,737921.6505713556,1.2210005372149848,1.2249270129258807,0.6118810737939621,0.6139764157988491
55654,737921.7593393892,1.2210005372149848,1.2249270129258807,0.6118810737939621,0.6139764157988491
55666,737922.1066535575,1.2210694701699873,1.2249908433725856,0.6118717459503886,0.6139849933013563
55677,737922.4412542906,1.2251389290866146,1.1701261525659488,0.6125694645433073,0.5765488910334979
55688,737922.8490534448,1.225153549610573,1.1701979690685709,0.6125767748052865,0.5763428146573356
55689,737922.8711825854,1.225153549610573,1.1701979690685709,0.6125767748052865,0.5763428146573356
55705,737923.2477617338,1.2210413589777127,1.224418294374556,0.6118916623988643,0.6139895941804379
55706,737923.2511291802,1.220956447118006,1.2244645401160692,0.6119152975622542,0.6140100430103507
55728,737923.8754128659,1.220956447118006,1.2244645401160692,0.6119152975622542,0.6140100430103507
55732,737923.9586839915,1.220956447118006,1.2244645401160692,0.6119152975622542,0.6140100430103507
55754,737924.683951325,1.2129630836482534,1.2039694373606291,0.6064815418241267,0.5771301854160149
55764,737925.0452822775,1.220939735109224,1.2244172471534893,0.611779090964723,0.6139073500600255
55782,737925.3432630356,1.220939735109224,1.2244172471534893,0.611779090964723,0.6139073500600255
55801,737925.8933588751,1.220939735109224,1.2244172471534893,0.611779090964723,0.6139073500600255
55809,737926.0299552364,1.2090119975821376,1.211950753294795,0.589892448956702,0.6143919728263147
55877,737928.9440404498,1.2090119975821376,1.211950753294795,0.589892448956702,0.6143919728263147
55900,737929.8004454076,1.2090119975821376,1.211950753294795,0.589892448956702,0.6143919728263147
55931,737930.3965562449,1.2090119975821376,1.211950753294795,0.589892448956702,0.6143919728263147
55939,737930.5092702674,1.2082205132458204,1.2136738261306168,0.6041102566229102,0.5853278905602504
55958,737930.9776962382,1.2040977839044837,1.2253165376625157,0.6020488919522419,0.6126582688312578
55999,737931.8737771278,1.2044040480320746,1.2166321505179813,0.6022020240160373,0.6083160752589907
56007,737932.1182756076,1.2073352424398924,1.2073318059626206,0.6036676212199462,0.5898573158044378
56069,737934.639794976,1.2073352424398924,1.2073318059626206,0.6036676212199462,0.5898573158044378
56075,737934.8841465516,1.2114895479414336,1.2111495634962504,0.6105354115766127,0.6126515374252313
56093,737935.4229441235,1.2113977536410105,1.2056476521690023,0.6106594135292652,0.6127406173925707
56097,737935.5150504892,1.2057557325551045,1.2046897068067715,0.6106847878654073,0.6127806896042637
56104,737936.1263474277,1.2057557325551045,1.2046897068067715,0.6106847878654073,0.6127806896042637
56138,737937.8400914766,1.2057557325551045,1.2046897068067715,0.6106847878654073,0.6127806896042637
56146,737938.1634507428,1.2057557325551045,1.2046897068067715,0.6106847878654073,0.6127806896042637
56185,737940.348121089,1.2067021272970098,1.203922504579537,0.6045645316518196,0.6057372890247764
56206,737941.0454714983,1.1686180604131389,1.1686180604131389,0.6053627153457172,0.6051973825141738
56236,737941.719031307,1.2459565499520828,1.2504264121107633,0.6229782749760414,0.6255889900636462
56241,737942.0371593975,1.166878802468587,1.166878802468587,0.6053832175053679,0.6022362073185372
56248,737942.3114702044,1.166878802468587,1.166878802468587,0.6053832175053679,0.6022362073185372
56275,737943.016804561,1.2455412908114571,1.2045472988447703,0.6032715184270036,0.5946291076409003
56291,737943.5716995111,1.2041397962170806,1.2040331083915288,0.607003119086703,0.6065663244282142
56409,737948.1741811697,1.1659781577633546,1.160599961049321,0.6015526486998636,0.6001678598183698
56435,737949.7847473425,1.1667765341109517,1.1667765341109517,0.6017406421094013,0.6017406421094013
56440,737950.0667297589,1.1667765341109517,1.1667765341109517,0.6017406421094013,0.6017406421094013
56482,737951.6641042853,1.164093395749196,1.1635303913431285,0.6011131121226463,0.6010572352165177
56544,737954.7209264861,1.1649697741063685,1.1640169344130922,0.6023751516824091,0.5793712382639356
56588,737956.311231203,1.2455586784199728,1.2455473054267465,0.6020503260155937,0.622898551587724
56592,737956.3951734703,1.2458054343421552,1.2458009425171002,0.5822783362289977,0.582153399458208
56611,737957.0497012449,1.2458054343421552,1.2458009425171002,0.5822783362289977,0.582153399458208
56717,737961.6562586837,1.2455716589350285,1.2455822864275592,0.6227858294675143,0.6229381587389542
56771,737963.9180083921,1.2453133478425544,1.2453133478425544,0.5798037587782222,0.6227438345998432
56799,737965.1964665897,1.2453133478425544,1.2453133478425544,0.5798037587782222,0.6227438345998432
56808,737965.4740783987,1.245327941442081,1.245327941442081,0.5824503691795988,0.5824779358998976
56812,737965.6742775618,1.2503820373835604,1.250641111733943,0.6251910186917802,0.6033831529057206
56836,737966.7536204219,1.2452116723474018,1.245119142908551,0.6226058361737009,0.5798287783174294
56846,737967.041514462,1.2452116723474018,1.245119142908551,0.6226058361737009,0.5798287783174294
56852,737967.3042708682,1.2453408125210246,1.2504973924758858,0.5826419634346617,0.6033894593729147
56895,737969.0292679177,1.2453408125210246,1.2504973924758858,0.5826419634346617,0.6033894593729147
56896,737969.0324193112,1.2453408125210246,1.2504973924758858,0.5826419634346617,0.6033894593729147
56897,737969.0340965907,1.2451852213980523,1.2451282745676748,0.5801909146328781,0.6227828786250533
56898,737969.0347943334,1.2451852213980523,1.2451282745676748,0.5801909146328781,0.6227828786250533
56909,737969.4551662294,1.245323592493173,1.2452666057023871,0.5814335168139289,0.5774011522041825
56932,737969.9615491114,1.245323592493173,1.2452666057023871,0.5814335168139289,0.5774011522041825
56978,737971.859766568,1.245006278630328,1.250374353115235,0.6226440962902682,0.6253040154236641
57082,737976.0647686946,1.245006278630328,1.250374353115235,0.6226440962902682,0.6253040154236641
57128,737978.3678747836,1.245006278630328,1.250374353115235,0.6226440962902682,0.6253040154236641
57177,737980.0157648744,1.2450675597574645,1.250486818086594,0.6225616384679152,0.625262104353789
57225,737982.9165588609,1.2450675597574645,1.250486818086594,0.6225616384679152,0.625262104353789
57252,737983.9013210464,1.250522634069573,1.2041083156957828,0.6226120592404701,0.6225786482228017
57290,737985.6011523528,1.2060847416905205,1.2062385793203574,0.6227851540424473,0.6254119649941079
57298,737986.0996391304,1.206221687971624,1.2064224489903574,0.6228094944458881,0.6254767119251383
57299,737986.1264961143,1.2062967777009002,1.2062967777009002,0.6227814395305502,0.6254479132120759
57327,737987.1188390746,1.2063917809920741,1.2063917809920741,0.6252073869089306,0.5801134589094488
57404,737989.8789980133,1.2061303568312622,1.2064148187451822,0.6227276612689036,0.6027893410728297
57406,737989.9196515734,1.2066590829655743,1.2044645323281782,0.6225638112906124,0.6226450389002091
57437,737991.2327114907,1.2066590829655743,1.2044645323281782,0.6225638112906124,0.6226450389002091
57445,737991.6204286707,1.2070703433726888,1.2065131870677193,0.5815087140823952,0.6031700837761652
57449,737991.9839403509,1.2041159793186618,1.2045682205295343,0.6226162607535347,0.5772396050659394
57453,737992.0558117491,1.2041159793186618,1.2045682205295343,0.6226162607535347,0.5772396050659394
57454,737992.0585427993,1.2041159793186618,1.2045682205295343,0.6226162607535347,0.5772396050659394
57455,737992.0593826834,1.2041159793186618,1.2045682205295343,0.6226162607535347,0.5772396050659394
57457,737992.2440845158,1.2041159793186618,1.2045682205295343,0.6226162607535347,0.5772396050659394
57472,737992.7682760023,1.2044993682747676,1.2040360514865474,0.6226492930416032,0.5782402862887525
57478,737993.1553345859,1.2065856587736343,1.2065856587736343,0.6032928293868172,0.625239301043848
57480,737993.1729655428,1.2047521826625374,1.2066615399201364,0.6018816417728619,0.5826410916986337
57492,737994.1896057958,1.2064771256092799,1.2063699032231452,0.6031076271472986,0.6032308505691895
57494,737994.5338560814,1.206357476398574,1.2062847550553226,0.6030563471942566,0.6028501148524004
57509,737995.0689529878,1.206357476398574,1.2062847550553226,0.6030563471942566,0.6028501148524004
57512,737995.1557607341,1.2038469075417901,1.1649504235311623,0.6018608360110372,0.5827750598092252
57525,737995.96410044,1.2065910413508214,1.203501052054656,0.6020441664401152,0.6021864323413755
57588,737998.4560794128,1.2068199320479776,1.206827006303428,0.6034099660239888,0.603413503151714
57591,737998.9732645671,1.206441265336768,1.2065706676582986,0.6035422795048048,0.6032853338291493
57606,737999.856494843,1.2057505242838313,1.1628590911758638,0.6018425316197551,0.5814295455879319
57678,738003.6453697138,1.2066286361975795,1.1647863012859825,0.6032437491856659,0.5823931506429912
57679,738003.7204783078,1.2061325689798919,1.1618053877449064,0.602994493034163,0.5809026938724532
57687,738003.9173179602,1.1487935369546063,1.1614728726513457,0.5743967684773031,0.6019658926369633
57698,738004.4663966576,1.1487935369546063,1.1614728726513457,0.5743967684773031,0.6019658926369633
57704,738004.547801519,1.1487935369546063,1.1614728726513457,0.5743967684773031,0.6019658926369633
57705,738004.5509704892,1.1633160471524044,1.2055640920680297,0.5816580235762022,0.6017223217695484
57727,738005.481762994,1.1555151602354543,1.2077551146367542,0.5777575801177272,0.6038775573183771
57728,738005.5043457695,1.1555151602354543,1.2077551146367542,0.5777575801177272,0.6038775573183771
57750,738006.4736800316,1.165443020403557,1.159242334345746,0.6018691367665715,0.5809141749883239
57781,738007.5260941056,1.1646292362016126,1.1504278839125612,0.6018160024215828,0.5823565478232202
57785,738007.6403903196,1.1654093219298785,1.1510082601821547,0.6029735666580618,0.5825344129717421
57786,738007.7318552291,1.1611850327316897,1.1504075923493902,0.603005811327511,0.5824119253841441
57799,738008.2129654711,1.1611850327316897,1.1504075923493902,0.603005811327511,0.5824119253841441
57820,738008.8667081884,1.1617011634082524,1.150267182864319,0.6030620436405992,0.5827571616885252
57862,738010.0214530033,1.1609308678646484,1.1486428472859598,0.6016639040251673,0.5830758187072219
57879,738010.8528635202,1.1614239316253578,1.1557703302520224,0.602963348014444,0.578421640399863
57882,738010.9528819277,1.1481234946725218,1.1426084243408687,0.6016986099901583,0.5837939510153008
57925,738012.0498805922,1.1481234946725218,1.1426084243408687,0.6016986099901583,0.5837939510153008
57932,738012.2971139624,1.1493617957009858,1.1491534675264363,0.602923825507084,0.5743596685990681
57949,738012.7762268025,1.1485854866342045,1.1399129165980655,0.574071344813914,0.5841215022171167
57970,738013.624329775,1.1493053497589114,1.1368852856059966,0.6030809272368057,0.5828004762208309
57971,738013.6626408325,1.1489963053985042,1.1364093251993246,0.5812021336595851,0.5829699506475657
57972,738013.6946179427,1.1489235748063593,1.1367014680770875,0.5819330100231255,0.5832500782136728
57992,738014.8501169847,1.1887222346457018,1.1863771868626105,0.5964380656228735,0.5971689985925421
58011,738015.89665272,1.1869404737347233,1.1863814706869544,0.5958928444508789,0.5955003187526035
58015,738016.1087930893,1.186997244182708,1.186540893648151,0.5959574194718443,0.5954152307502605
58030,738016.7579654264,1.1864516175508697,1.1860848002677502,0.593871584014103,0.5959300605333646
58076,738019.097416836,1.1878053134063757,1.1883766201157768,0.5939337542690885,0.5959057480672826
58082,738019.2788476455,1.1516093388779396,1.1508202273204335,0.5835234798978056,0.5759340803887283
58130,738022.0006738915,1.1881229891674459,1.188012228169135,0.5930914351467498,0.5943569100881334
58131,738022.0075770182,1.1881229891674459,1.188012228169135,0.5930914351467498,0.5943569100881334
58154,738022.8376580074,1.1931228514555197,1.1931492520972513,0.595762765077039,0.5965861476374046
58155,738022.842107601,1.1931852028312921,1.1932439239003487,0.595532851172022,0.5966924354171892
58156,738022.8426749848,1.1933998689470848,1.191418931939719,0.5960160419222366,0.5968464556029819
58200,738025.2381078348,1.1926711695701557,1.1921968624172314,0.5822381521010859,0.5966749121552674
58210,738025.6144652048,1.1916619017481842,1.1921814816523864,0.5956789728955977,0.5973087312100726
58274,738028.1226320447,1.186025068518699,1.1917709452381973,0.5697473536616615,0.597340421782393
58283,738028.4570047086,1.186025068518699,1.1917709452381973,0.5697473536616615,0.597340421782393
58301,738029.0101803981,1.186025068518699,1.1917709452381973,0.5697473536616615,0.597340421782393
58307,738029.1189939484,1.186025068518699,1.1917709452381973,0.5697473536616615,0.597340421782393
58346,738030.39275643,1.186025068518699,1.1917709452381973,0.5697473536616615,0.597340421782393
58372,738031.6322623861,1.1916895028472168,1.1919626289283847,0.5957997448424394,0.5966180557937364
58385,738032.1015840374,1.1911874024203775,1.191522387125609,0.5961698189928685,0.5968727135410465
58389,738032.140426981,1.1911874024203775,1.191522387125609,0.5961698189928685,0.5968727135410465
58432,738034.1423670136,1.191846731883377,1.192541885799651,0.5958063391427818,0.5966540427288703
58477,738037.0096715352,1.1918820937617518,1.1925256901453196,0.5958082546010054,0.5965017967544937
58562,738040.4091379255,1.1918820937617518,1.1925256901453196,0.5958082546010054,0.5965017967544937
58571,738041.0190781032,1.1918820937617518,1.1925256901453196,0.5958082546010054,0.5965017967544937
58638,738044.1178562324,1.1918820937617518,1.1925256901453196,0.5958082546010054,0.5965017967544937
58651,738045.0710472466,1.192761046904213,1.192761046904213,0.5957888424149208,0.5956571727800352
58692,738047.0456498988,1.192761046904213,1.192761046904213,0.5957888424149208,0.5956571727800352
58694,738047.0561743771,1.1927705886769917,1.1927705886769917,0.5963669442265012,0.5960583691623023
58712,738047.8727432835,1.192765735801461,1.1926846008961371,0.5956972856376039,0.596034098733756
58721,738048.0691125304,1.1656949859845331,1.1656949859845331,0.5828474929922666,0.5942744967488794
58836,738053.9967665826,1.1656696007544824,1.1656696007544824,0.5960179174156083,0.5968352981244462
58840,738054.2278856965,1.1654456916870737,1.1654456916870737,0.5827228458435368,0.5827228458435368
58855,738054.443133849,1.1657499726179978,1.161462168106903,0.5961098702343698,0.5807310840534515
58994,738061.694452174,1.1695873318236658,1.1942277931412248,0.5847936659118329,0.5971138965706124
59107,738065.3405567198,1.1673951585455138,1.1673951585455138,0.5836975792727569,0.5836975792727569
59185,738069.4011543716,1.1738794821763663,1.1738794821763663,0.5833600733011174,0.5833600733011174
59192,738069.721584967,1.1641760828612315,1.1731539184072763,0.5839012841239085,0.5855792268624179
59202,738070.0722080207,1.1640059490356405,1.1696809271656101,0.5820029745178202,0.5817152870029284
59203,738070.0819553315,1.1640059490356405,1.1696809271656101,0.5820029745178202,0.5817152870029284
59269,738072.7265250435,1.1640059490356405,1.1696809271656101,0.5820029745178202,0.5817152870029284
59376,738077.0874358434,1.166013415907686,1.166013415907686,0.5847147773461759,0.5848474493538445
59453,738080.6411796574,1.1644809968110756,1.1662305980697476,0.5843076761331006,0.5823362657301634
59457,738080.7658731136,1.2542906758456172,1.2543118533741333,0.6271453379228086,0.6271559266870667
59461,738081.1354991234,1.2542906758456172,1.2543118533741333,0.6271453379228086,0.6271559266870667
59634,738087.8658280248,1.2543351721935416,1.2543351721935416,0.6271675860967708,0.5849554028236006
59692,738090.9835380693,1.1644227554758042,1.2543183576035692,0.5820697166615126,0.6271077015736194
59761,738093.0033774951,1.2543176591862384,1.254314311606898,0.6271588295931192,0.627157155803449
59774,738093.547527751,1.254299846905975,1.2543324271970915,0.6271499234529875,0.6271662135985457
59805,738095.0092286081,1.254299846905975,1.2543324271970915,0.6271499234529875,0.6271662135985457
59806,738095.0147842501,1.254295753973889,1.254277989768512,0.5817971652625704,0.6271530902616594
59827,738096.0974359162,1.254295753973889,1.254277989768512,0.5817971652625704,0.6271530902616594
59911,738099.9238552253,1.2542977932521546,1.2542632547577293,0.6271488966260773,0.6271316273788646
59918,738100.1057859795,1.2542977932521546,1.2542632547577293,0.6271488966260773,0.6271316273788646
59935,738100.9296497857,1.2542977932521546,1.2542632547577293,0.6271488966260773,0.6271316273788646
59966,738102.2965459259,1.2542977932521546,1.2542632547577293,0.6271488966260773,0.6271316273788646
59972,738102.3745313383,1.2542853073954905,1.2542853073954905,0.6271426536977452,0.5821399928988241
60037,738104.0453863057,1.2542853073954905,1.2542853073954905,0.6271426536977452,0.5821399928988241
60038,738104.107054022,1.254264222722245,1.2542559980807162,0.6271321113611225,0.627129598724106
60079,738105.7176208086,1.2589422397416727,1.2589422397416727,0.6294711198708364,0.6050797499320034
60080,738105.7206083998,1.2588048736281308,1.2588048736281308,0.6294024368140654,0.6051681223464376
60094,738106.381919339,1.258811752345967,1.258811752345967,0.6294058761729835,0.6051122316920605
60159,738106.7115143612,1.258811752345967,1.258811752345967,0.6294058761729835,0.6051122316920605
60259,738108.6497745854,1.2588441685578324,1.2588441685578324,0.6294220842789162,0.5826042340979855
60287,738109.0049383069,1.2588441685578324,1.2588441685578324,0.6294220842789162,0.5826042340979855
60308,738109.6834821642,1.2586882572753875,1.2542756649624307,0.6271505895434744,0.6271497549511706
60309,738109.686480877,1.2586882572753875,1.2542756649624307,0.6271505895434744,0.6271497549511706
60313,738109.7709349114,1.254264392481702,1.2588009393746993,0.627132196240851,0.6293910635762031
60315,738109.8919716999,1.25425543743847,1.2588122150910692,0.6271315410241082,0.6294067555717503
60378,738111.59287096,1.254070802582668,1.2588104614275595,0.6271376302855727,0.6294052307137797
60450,738114.0060286473,1.254070802582668,1.2588104614275595,0.6271376302855727,0.6294052307137797
60462,738114.3912765179,1.2583714352977107,1.2540952189974621,0.6291857176488553,0.6271497526215633
60504,738116.4067347059,1.2541544998242857,1.258437319640464,0.627066354200098,0.6293146603599405
60514,738116.9410024236,1.2541544998242857,1.258437319640464,0.627066354200098,0.6293146603599405
60532,738117.9144318488,1.2541544998242857,1.258437319640464,0.627066354200098,0.6293146603599405
60541,738118.1295110664,1.2541544998242857,1.258437319640464,0.627066354200098,0.6293146603599405
60567,738119.1110519913,1.258673177413752,1.258390107318749,0.6294186746721462,0.6292150299917025
60646,738122.0703299601,1.2583626996873842,1.2583626996873842,0.6270446996566649,0.6294131253619594
60833,738130.7669997038,1.2068787346305307,1.2067711132854508,0.6293463583414964,0.6291601044593282
60850,738131.4021736094,1.2583050716257984,1.2067301890741113,0.6291586516895855,0.6292015904032601
60878,738132.3437049035,1.2074543582393786,1.2075501470724324,0.6292457398074127,0.6292405498321648
60888,738132.5958609651,1.2128689068200345,1.2129244955653897,0.6297073874121867,0.6297023603597566
60897,738133.0964106577,1.2128808449441044,1.2128808449441044,0.6294094686591627,0.6063535287045602
60898,738133.123808355,1.213128325156393,1.213128325156393,0.6294314409608663,0.6065160743500054
60940,738133.7202109556,1.2135269832780875,1.213812695939214,0.629762019510112,0.6066778338741518
60945,738134.1963495996,1.2135269832780875,1.213812695939214,0.629762019510112,0.6066778338741518
60950,738134.3862784691,1.2068942570513772,1.2071006861485183,0.6292221108821475,0.6034450983614412
60971,738135.1658983617,1.2176287331145952,1.2176067168491151,0.6086699669282591,0.6086937874405043
60972,738135.168084717,1.2069513054702066,1.2132509061476655,0.629311000595841,0.6065746761000139
61187,738144.9172307883,1.2072437012101982,1.2076226865084543,0.6035734548894491,0.6037345600205717
61194,738145.205566232,1.207400587212164,1.2076852122734256,0.6036679534146441,0.6038426061367128
61249,738147.9811290419,1.213165626410041,1.189067144083802,0.6065828132050205,0.6061481377321482
61292,738150.811248841,1.190737031185129,1.190737031185129,0.608772988283199,0.6089040966616086
61298,738150.9894062865,1.1907699637540565,1.1907699637540565,0.6087884663895247,0.5949612658869108
61300,738151.0640328442,1.1907699637540565,1.1907699637540565,0.6087884663895247,0.5949612658869108
61320,738151.8531493916,1.1911335025455652,1.1911335025455652,0.6037918728151366,0.5868867119052913
61375,738153.6226869953,1.1911416096750196,1.1911416096750196,0.5948735896064216,0.594977828846379
61484,738160.5957819797,1.1912529015096582,1.1912529015096582,0.5956264507548291,0.5956264507548291
61556,738163.7517128048,1.1913292482119406,1.1913292482119406,0.5949271364038107,0.5956646241059703
61595,738165.912078272,1.1915909035353613,1.1915909035353613,0.5957746521747276,0.5957621386260465
61597,738165.9798395896,1.1915524187362392,1.1914578140411851,0.5957762093681196,0.5957289070205926
61659,738169.1712282114,1.194385625722183,1.1952172257301121,0.5970293797467119,0.5975726859379374
61702,738171.9495042288,1.1916045802334905,1.1940912370592422,0.5958022901167452,0.5972296027062817
61705,738172.235132188,1.1939981348179391,1.1935331510874447,0.5970125996484907,0.5972448371849801
61707,738172.2607519688,1.1847681304585895,1.183995177554108,0.59590587536661,0.5973024671787619
61728,738173.0092832193,1.1847681304585895,1.183995177554108,0.59590587536661,0.5973024671787619
61729,738173.0121783403,1.1847681304585895,1.183995177554108,0.59590587536661,0.5973024671787619
61746,738173.820364313,1.192472232485539,1.183101189806297,0.5959265089401373,0.596843896969155
61761,738175.4478193186,1.1918959051025348,1.1834385594135184,0.5962109129617171,0.5915375068917393
61822,738178.3636300889,1.1824837186789359,1.1839441727189368,0.5968376047478272,0.5972391837192952
61839,738179.7488550274,1.1844273833142789,1.1836362115973071,0.5922136916571394,0.5917858654317666
61853,738180.0658619525,1.179356391689822,1.1814861335854088,0.59622664834129,0.5916868182449408
61876,738181.3867075437,1.181761589645768,1.1667004527025064,0.5917559414019916,0.5842787708520113
61903,738182.567400451,1.167240806823356,1.167240806823356,0.583620403411678,0.583620403411678
61904,738182.5691709525,1.2412564569529148,1.2412564569529148,0.6206282284764574,0.6206282284764574
61906,738182.6309425057,1.2412032505343435,1.2412820679261833,0.6206016252671718,0.6206410339630917
61918,738183.1884573074,1.1826464865643587,1.166678042751299,0.5913232432821793,0.5908794384188438
61950,738184.4855736861,1.182464472667747,1.1644361681920625,0.5912322363338735,0.5825845848758832
61985,738186.0073855858,1.182464472667747,1.1644361681920625,0.5912322363338735,0.5825845848758832
61989,738186.0874774957,1.2412622598381697,1.2412622598381697,0.6206311299190849,0.6206311299190849
62014,738186.8954580321,1.181059351907313,1.1811013867996605,0.5943582521806884,0.5952026523261414
62032,738187.6149373646,1.181059351907313,1.1811013867996605,0.5943582521806884,0.5952026523261414
62033,738187.8752183381,1.181059351907313,1.1811013867996605,0.5943582521806884,0.5952026523261414
62048,738188.6315677776,1.181059351907313,1.1811013867996605,0.5943582521806884,0.5952026523261414
62131,738193.1092458803,1.181059351907313,1.1811013867996605,0.5943582521806884,0.5952026523261414
62180,738195.108989137,1.242343163503313,1.1793395092850962,0.5913095192036819,0.5896697546425481
62184,738195.4701023166,1.242295916255485,1.242295916255485,0.6211479581277425,0.5956267999445647
62192,738195.9476142806,1.2410000919721385,1.16530584665153,0.5832155352941688,0.5820938210676498
62194,738196.0642128661,1.2410000919721385,1.16530584665153,0.5832155352941688,0.5820938210676498
62238,738197.8757964774,1.242327663934685,1.2422616657504222,0.5899259856965489,0.5886170731102284
62290,738199.604266899,1.242327663934685,1.2422616657504222,0.5899259856965489,0.5886170731102284
62298,738199.9633839038,1.2416182219742244,1.2421653691784278,0.5831382434860716,0.5818122619671645
62326,738200.8864395507,1.2422508353162096,1.2421688216040847,0.5898531460262355,0.5888143162792974
62349,738201.3180961935,1.2422508353162096,1.2421688216040847,0.5898531460262355,0.5888143162792974
62413,738203.2620055642,1.2422508353162096,1.2421688216040847,0.5898531460262355,0.5888143162792974
62443,738204.0894031439,1.2416487772751494,1.2416260729507163,0.5898122770425237,0.5896478076706835
62468,738204.9439517894,1.2416487772751494,1.2416260729507163,0.5898122770425237,0.5896478076706835
62477,738205.1952468099,1.2416021889084234,1.24157766506476,0.582431220442435,0.581816960231341
62496,738205.9148110584,1.2411787250806898,1.2416134375598296,0.6205893625403449,0.6208067187799148
62500,738206.0411367966,1.2411787250806898,1.2416134375598296,0.6205893625403449,0.6208067187799148
62504,738206.2168785331,1.2411787250806898,1.2416134375598296,0.6205893625403449,0.6208067187799148
62505,738206.2173257135,1.2411775810332244,1.2416057336408848,0.6205887905166122,0.5890681613671179
62510,738206.3590916373,1.242256298269067,1.24126954225534,0.5839649611549806,0.5797815223599173
62520,738207.0375893819,1.241316905872245,1.2415650258477677,0.5814224634923737,0.5809129709152073
62533,738207.6797989293,1.2419121288526256,1.2421589072635237,0.5914104513173264,0.5911022596012412
62551,738208.3728398335,1.2419121288526256,1.2421589072635237,0.5914104513173264,0.5911022596012412
62576,738208.8813138066,1.2419121288526256,1.2421589072635237,0.5914104513173264,0.5911022596012412
62578,738208.9425621307,1.2419121288526256,1.2421589072635237,0.5914104513173264,0.5911022596012412
62626,738210.5399741719,1.2411305269956778,1.241671935085836,0.6210789291846834,0.5835474987424534
62635,738211.3041905382,1.2413015674570973,1.2411658774203942,0.6204129156665649,0.6201078064456238
62639,738211.4832719995,1.2413015674570973,1.2411658774203942,0.6204129156665649,0.6201078064456238
62641,738211.5416160735,1.2413015674570973,1.2411658774203942,0.6204129156665649,0.6201078064456238
62648,738212.0211955224,1.2413015674570973,1.2411658774203942,0.6204129156665649,0.6201078064456238
62680,738213.1102814504,1.2413015674570973,1.2411658774203942,0.6204129156665649,0.6201078064456238
62704,738213.9719272493,1.241740467815267,1.2416394668846276,0.6210743236108379,0.6208158264556506
62706,738214.0816350323,1.2417391342344992,1.1711985891986378,0.6210736661551349,0.6207987998144776
62707,738214.0853103359,1.2417391342344992,1.1711985891986378,0.6210736661551349,0.6207987998144776
62712,738214.2839300619,1.2416852014295532,1.1710788407797181,0.620901612199153,0.6207628720659794
62743,738215.2294909063,1.2411922829757878,1.1642166364212967,0.6206554920433788,0.6205461317694413
62763,738215.7413470084,1.2411922829757878,1.1642166364212967,0.6206554920433788,0.6205461317694413
62764,738215.743100632,1.2411922829757878,1.1642166364212967,0.6206554920433788,0.6205461317694413
62864,738219.7843382553,1.2416021150916388,1.170770218659075,0.620933498801751,0.6208282570642576
62888,738220.7699196703,1.241189380977948,1.2411982495669491,0.620594690488974,0.6205969734598376
62899,738221.0661246327,1.241189380977948,1.2411982495669491,0.620594690488974,0.6205969734598376
62931,738221.9982013818,1.241189380977948,1.2411982495669491,0.620594690488974,0.6205969734598376
62935,738222.2170322121,1.1705642017228783,1.1695555995229556,0.6205633537816057,0.6208081460094341
62951,738222.6071596001,1.1732236986838855,1.1532764419590558,0.6209721370815513,0.5864973178571216
62955,738222.7032003547,1.153223201686322,1.170858960672431,0.576611600843161,0.6205900234351648
62956,738222.7276543528,1.153223201686322,1.170858960672431,0.576611600843161,0.6205900234351648
62958,738222.7566359526,1.170495699302546,1.1528517704261485,0.6207758073759615,0.5863805358973916
62962,738222.9288242621,1.170495699302546,1.1528517704261485,0.6207758073759615,0.5863805358973916
62984,738223.7007411008,1.1701379732379424,1.152804940807283,0.6205927014841901,0.5866771641578967
62986,738223.7314983627,1.1708154389173575,1.15294459082789,0.6207992607770204,0.5866403818062182
62988,738223.7735628219,1.1708154389173575,1.15294459082789,0.6207992607770204,0.5866403818062182
63032,738226.1488313738,1.14852272065426,1.1528137036535573,0.620554073585236,0.5861535063967989
63062,738227.488957873,1.150033811227996,1.1561243083410655,0.6206124341341753,0.586986011223326
63064,738227.6798201115,1.1541519433102871,1.1559448130481653,0.6209632813586443,0.5779963486410544
63079,738228.3635255279,1.159392892697635,1.160829248904118,0.5850326878740465,0.5815982179518898
63142,738230.4269204454,1.1537852955165062,1.1549811288546628,0.6205601469053528,0.5713514878188962
63171,738231.3983206091,1.1478401177333875,1.1478401177333875,0.6205776683077567,0.6205985242643329
63182,738231.8349015617,1.1478401177333875,1.1478401177333875,0.6205776683077567,0.6205985242643329
63187,738232.0887472217,1.1478401177333875,1.1478401177333875,0.6205776683077567,0.6205985242643329
63209,738232.736401984,1.1478401177333875,1.1478401177333875,0.6205776683077567,0.6205985242643329
63211,738232.9215472455,1.1478401177333875,1.1478401177333875,0.6205776683077567,0.6205985242643329
63227,738233.3820407197,1.156577486261925,1.1629006582555355,0.5846720500377997,0.5814161801593823
63252,738234.8647715517,1.156577486261925,1.1629006582555355,0.5846720500377997,0.5814161801593823
63273,738235.4099855076,1.152023341200686,1.1545107036730344,0.5820089810726866,0.5710059240356329
63330,738236.9612557945,1.1553366906057618,1.1622454885742302,0.5872412275479836,0.5805895502364745
63345,738237.3770044588,1.1525788292450396,1.1597591957546953,0.5739929922320434,0.5796352376815933
63392,738238.8849403852,1.1525788292450396,1.1597591957546953,0.5739929922320434,0.5796352376815933
63395,738239.0820862408,1.1525788292450396,1.1597591957546953,0.5739929922320434,0.5796352376815933
63396,738239.0822546156,1.1525788292450396,1.1597591957546953,0.5739929922320434,0.5796352376815933
63400,738239.118628509,1.1525788292450396,1.1597591957546953,0.5739929922320434,0.5796352376815933
63461,738240.9742120425,1.1525788292450396,1.1597591957546953,0.5739929922320434,0.5796352376815933
63490,738242.049270709,1.1525788292450396,1.1597591957546953,0.5739929922320434,0.5796352376815933
63494,738242.2171510856,1.1531766506639909,1.1528540389377577,0.5807013354213237,0.576475425979803
63511,738242.6794283679,1.152957368475398,1.1536526559400915,0.5788076717362621,0.5770479375940955
63607,738245.7868347099,1.152957368475398,1.1536526559400915,0.5788076717362621,0.5770479375940955
63643,738246.4738564894,1.1860210001606153,1.1862084507192847,0.5929342164715315,0.5924588004000978
63644,738246.4883560293,1.1860133113528732,1.1860434071998067,0.5929194314983468,0.5924271217631812
63662,738247.0397151904,1.1860133113528732,1.1860434071998067,0.5929194314983468,0.5924271217631812
63681,738247.5252441651,1.1860133113528732,1.1860434071998067,0.5929194314983468,0.5924271217631812
63686,738247.7564948865,1.1860133113528732,1.1860434071998067,0.5929194314983468,0.5924271217631812
63693,738248.2911653529,1.1860133113528732,1.1860434071998067,0.5929194314983468,0.5924271217631812
63710,738249.2246244433,1.1860133113528732,1.1860434071998067,0.5929194314983468,0.5924271217631812
63738,738249.9299551047,1.1860133113528732,1.1860434071998067,0.5929194314983468,0.5924271217631812
63740,738249.9588695366,1.1859460036352527,1.1859460036352527,0.5765986189425603,0.5923976499412853
63768,738250.6510255445,1.1558373401351154,1.1853408829603511,0.5777135422407945,0.5934385978554739
63771,738250.754306176,1.1558373401351154,1.1853408829603511,0.5777135422407945,0.5934385978554739
63783,738251.1174256885,1.1558373401351154,1.1853408829603511,0.5777135422407945,0.5934385978554739
63794,738251.4531325073,1.156569497415275,1.1854394604664624,0.580890069485953,0.5935961678610101
63795,738251.4554896131,1.156569497415275,1.1854394604664624,0.580890069485953,0.5935961678610101
63803,738251.8872982711,1.1858695966644774,1.1855587720503113,0.5929782716549884,0.5927902236875806
63847,738253.3870892553,1.1844451615369778,1.1844944135283562,0.5910292307267857,0.5926413341166773
63867,738253.9681552271,1.1844451615369778,1.1844944135283562,0.5910292307267857,0.5926413341166773
64064,738255.7779665717,1.1855097404242743,1.1855097404242743,0.5759944227998133,0.5756194957769093
64071,738255.8898886585,1.1855097404242743,1.1855097404242743,0.5759944227998133,0.5756194957769093
64083,738255.9935810979,1.1855097404242743,1.1855097404242743,0.5759944227998133,0.5756194957769093
64096,738256.2809202969,1.1858807883073321,1.1858807883073321,0.5929403941536661,0.5768268616317566
64100,738256.325702117,1.1845399226842928,1.1846827620981764,0.5930150049859673,0.5929276493720589
64102,738256.3700969107,1.1855017786444226,1.1848327720760812,0.5767177842452418,0.5922859893374349
64110,738256.5000202203,1.182983046533117,1.182983046533117,0.5914915232665585,0.5764059487400235
64158,738257.9665692351,1.1863119074596546,1.186290131416797,0.5780924276058433,0.5931013513200348
64237,738259.7578394104,1.185491123889996,1.1845300925659712,0.575467336754906,0.5920100274376239
64243,738259.8078558245,1.185491123889996,1.1845300925659712,0.575467336754906,0.5920100274376239
64360,738262.792916842,1.1870576635784715,1.1868843343420756,0.57981068344612,0.5935526372183931
64372,738263.0953391588,1.1868756382968426,1.1869940028345662,0.5799883300247798,0.5934617745879537
64454,738265.5982874085,1.1862503572055092,1.1838877096076794,0.5757417783961352,0.5919438548038397
64468,738265.9382867919,1.1860858671751908,1.1837557337036844,0.5778791494385543,0.5918778668518422
64473,738266.1109376968,1.1853217186561942,1.18282569807032,0.5767109958175548,0.5921376795986463
64492,738266.6096105389,1.2028492342261246,1.2029856009529518,0.5955033642319184,0.6014928004764759
64497,738266.7785722245,1.2028492342261246,1.2029856009529518,0.5955033642319184,0.6014928004764759
64538,738267.7980915187,1.2028492342261246,1.2029856009529518,0.5955033642319184,0.6014928004764759
64550,738267.9626370968,1.2028492342261246,1.2029856009529518,0.5955033642319184,0.6014928004764759
64551,738267.9771677476,1.2028492342261246,1.2029856009529518,0.5955033642319184,0.6014928004764759
64554,738267.9990596204,1.2032377859160241,1.2029441700109225,0.59589443406916,0.6014720850054612
64576,738268.5049865243,1.2032377859160241,1.2029441700109225,0.59589443406916,0.6014720850054612
64593,738268.9495155715,1.2032377859160241,1.2029441700109225,0.59589443406916,0.6014720850054612
64617,738269.482398286,1.1834747013853881,1.203089051958435,0.5929664152922504,0.6016010382080352
64626,738269.6235931899,1.1834747013853881,1.203089051958435,0.5929664152922504,0.6016010382080352
64633,738269.7539914096,1.1876946314064944,1.1929230798554367,0.5825736533367445,0.6025782293283435
64662,738270.3479937286,1.1876946314064944,1.1929230798554367,0.5825736533367445,0.6025782293283435
64665,738270.3768872964,1.1921793937541347,1.1876711419468067,0.5921787064564957,0.5939157083446799
64672,738270.5054995116,1.2028862778351566,1.1929773071762233,0.5955979796436954,0.6026512474942094
64702,738271.0818223852,1.2028862778351566,1.1929773071762233,0.5955979796436954,0.6026512474942094
64731,738271.868932792,1.2028862778351566,1.1929773071762233,0.5955979796436954,0.6026512474942094
64802,738273.60673475,1.2028862778351566,1.1929773071762233,0.5955979796436954,0.6026512474942094
64811,738273.8527422015,1.183305943070347,1.2028179778468022,0.5923355750074808,0.6011593109717184
64812,738273.8545274674,1.183305943070347,1.2028179778468022,0.5923355750074808,0.6011593109717184
64813,738273.8550195878,1.183305943070347,1.2028179778468022,0.5923355750074808,0.6011593109717184
64814,738273.8557148882,1.183305943070347,1.2028179778468022,0.5923355750074808,0.6011593109717184
64815,738273.8602739539,1.183305943070347,1.2028179778468022,0.5923355750074808,0.6011593109717184
64816,738273.8624389801,1.183305943070347,1.2028179778468022,0.5923355750074808,0.6011593109717184
64817,738273.8663429039,1.183305943070347,1.2028179778468022,0.5923355750074808,0.6011593109717184
64820,738273.8739266775,1.144695139047849,1.189192346603598,0.5913194767760402,0.6012356781176535
64821,738273.8763869475,1.1448174064996153,1.1892186839812362,0.591128414232021,0.6011791562680003
64824,738273.8841692769,1.1448174064996153,1.1892186839812362,0.591128414232021,0.6011791562680003
64831,738274.174584587,1.1448174064996153,1.1892186839812362,0.591128414232021,0.6011791562680003
64858,738274.6460812453,1.1448174064996153,1.1892186839812362,0.591128414232021,0.6011791562680003
64860,738274.6592490296,1.1448174064996153,1.1892186839812362,0.591128414232021,0.6011791562680003
64862,738274.6975851479,1.1448174064996153,1.1892186839812362,0.591128414232021,0.6011791562680003
64867,738274.7119106643,1.192321198569987,1.1923085121189563,0.6026013396512153,0.6025982932154818
64868,738274.7156233888,1.192321198569987,1.1923085121189563,0.6026013396512153,0.6025982932154818
64870,738274.7183200311,1.1967310696320048,1.1966714170935047,0.6040733694795741,0.6040947823505357
64871,738274.719099885,1.1967310696320048,1.1966714170935047,0.6040733694795741,0.6040947823505357
64872,738274.7201370907,1.196665058931308,1.1965921741888057,0.6040342866820835,0.6041338874034812
64873,738274.7204488632,1.196665058931308,1.1965921741888057,0.6040342866820835,0.6041338874034812
64874,738274.723839552,1.1966116540292586,1.1963679403814462,0.6040385790064664,0.604177138538201
64878,738274.7422869736,1.1966330573013773,1.1963439809727672,0.6038771400456544,0.604169221000796
64879,738274.7490615643,1.1964975787151282,1.1965148756664377,0.5985629740025521,0.6043214207745017
64880,738274.7499581105,1.1964372904731593,1.1964189698757275,0.5985605292562712,0.6043443651489824
64882,738274.7851994298,1.1963904146728386,1.1958177668106602,0.5986158664150577,0.6043814994256593
64895,738274.9155882318,1.1963073536641493,1.1958147795199465,0.5986562849572051,0.6044086519818932
64896,738274.9303722624,1.1963073536641493,1.1958147795199465,0.5986562849572051,0.6044086519818932
64899,738274.9759892332,1.1963073536641493,1.1958147795199465,0.5986562849572051,0.6044086519818932
64901,738274.984052088,1.1963073536641493,1.1958147795199465,0.5986562849572051,0.6044086519818932
64906,738275.1714381876,1.1963073536641493,1.1958147795199465,0.5986562849572051,0.6044086519818932
64924,738275.4926934203,1.1963073536641493,1.1958147795199465,0.5986562849572051,0.6044086519818932
64933,738275.65388852,1.19586306044284,1.1960885687259164,0.5987863087085458,0.6044961685115166
64934,738275.6626094013,1.19586306044284,1.1960885687259164,0.5987863087085458,0.6044961685115166
64940,738275.7645084929,1.19586306044284,1.1960885687259164,0.5987863087085458,0.6044961685115166
64984,738277.088930341,1.19586306044284,1.1960885687259164,0.5987863087085458,0.6044961685115166
64986,738277.1930390289,1.1957345412687024,1.1921389173265409,0.5913092664209023,0.5911553651501668
64987,738277.2201114378,1.166027517404549,1.192071683154525,0.592299726397781,0.5909234686781072
64999,738277.4726092088,1.166027517404549,1.192071683154525,0.592299726397781,0.5909234686781072
65008,738277.846570998,1.166027517404549,1.192071683154525,0.592299726397781,0.5909234686781072
65009,738277.8769617694,1.1939562137679378,1.195402608908032,0.5969781068839689,0.5990931397176829
65010,738277.8830717871,1.1939562137679378,1.195402608908032,0.5969781068839689,0.5990931397176829
65017,738278.1108247708,1.1939562137679378,1.195402608908032,0.5969781068839689,0.5990931397176829
65049,738279.036632773,1.1939562137679378,1.195402608908032,0.5969781068839689,0.5990931397176829
65053,738279.1521470973,1.1960790140702822,1.1957768870523346,0.5989291747601075,0.5993457386870773
65118,738281.5724966432,1.1941146876326623,1.1970783726592842,0.5970573438163311,0.5864747568955178
65140,738282.1640172612,1.1664798398573817,1.192680581688977,0.571994270126898,0.5969367668467698
65165,738283.1713562085,1.1664798398573817,1.192680581688977,0.571994270126898,0.5969367668467698
65167,738283.5056418815,1.1664798398573817,1.192680581688977,0.571994270126898,0.5969367668467698
65230,738285.6310706307,1.1920117229576026,1.1668640524068972,0.5945035765969062,0.5985952564840685
65249,738286.1731870992,1.1920117229576026,1.1668640524068972,0.5945035765969062,0.5985952564840685
65280,738287.4310146555,1.1920117229576026,1.1668640524068972,0.5945035765969062,0.5985952564840685
65354,738289.5075965772,1.1920117229576026,1.1668640524068972,0.5945035765969062,0.5985952564840685
65357,738289.5377266796,1.1920117229576026,1.1668640524068972,0.5945035765969062,0.5985952564840685
65373,738289.8113696761,1.1920117229576026,1.1668640524068972,0.5945035765969062,0.5985952564840685
65379,738289.951314701,1.1920117229576026,1.1668640524068972,0.5945035765969062,0.5985952564840685
65406,738290.4129023236,1.1920117229576026,1.1668640524068972,0.5945035765969062,0.5985952564840685
65438,738291.9288074002,1.1920117229576026,1.1668640524068972,0.5945035765969062,0.5985952564840685
65453,738292.429595306,1.1677622704174113,1.158010138311265,0.5948127188005569,0.5985621033004715
65481,738293.3345425891,1.1677622704174113,1.158010138311265,0.5948127188005569,0.5985621033004715
65490,738293.5101389035,1.1677622704174113,1.158010138311265,0.5948127188005569,0.5985621033004715
65508,738294.2742996565,1.1640082936007141,1.1647321547164653,0.5983149650584784,0.5992150018831397
65512,738294.3227109489,1.176635724684906,1.1772543165317222,0.5980829654766198,0.6017887748380125
65569,738296.4139686705,1.176635724684906,1.1772543165317222,0.5980829654766198,0.6017887748380125
65596,738296.8301605765,1.176635724684906,1.1772543165317222,0.5980829654766198,0.6017887748380125
65618,738297.5411682919,1.1647566572340076,1.1781492329051027,0.5978487308852048,0.5919686789274741
65634,738298.1734182952,1.1689391911578106,1.1689391911578106,0.5844695955789053,0.5959846439001782
65656,738298.7753490256,1.1671756750963906,1.1711623549952526,0.5982271669446539,0.5926288037004659
65677,738299.4342895406,1.1671756750963906,1.1711623549952526,0.5982271669446539,0.5926288037004659
65692,738299.9779266939,1.1527432311526675,1.1711930558110955,0.5847583760890972,0.5904376071881838
65694,738300.0637136609,1.1527251798521267,1.1711528015963941,0.5807652789122797,0.5903644195409687
65711,738300.4446058697,1.1527251798521267,1.1711528015963941,0.5807652789122797,0.5903644195409687
65734,738300.9090092456,1.1527251798521267,1.1711528015963941,0.5807652789122797,0.5903644195409687
65737,738300.9155680486,1.1527251798521267,1.1711528015963941,0.5807652789122797,0.5903644195409687
65741,738301.1546652473,1.1527251798521267,1.1711528015963941,0.5807652789122797,0.5903644195409687
65775,738302.3584015957,1.1527251798521267,1.1711528015963941,0.5807652789122797,0.5903644195409687
65783,738302.4018801799,1.1731434099816722,1.1732211697844503,0.5865717049908361,0.5849398057654366
65785,738302.4442382199,1.1734524382650704,1.1734716773965994,0.5849423950034474,0.584929491171685
65802,738302.9427003583,1.1734524382650704,1.1734716773965994,0.5849423950034474,0.584929491171685
65803,738302.9440987402,1.1734524382650704,1.1734716773965994,0.5849423950034474,0.584929491171685
65804,738302.948458151,1.1734524382650704,1.1734716773965994,0.5849423950034474,0.584929491171685
65807,738302.9879590747,1.1787001080840962,1.1636700306654977,0.5893500540420481,0.5851243637157523
65813,738303.2206575715,1.1787001080840962,1.1636700306654977,0.5893500540420481,0.5851243637157523
65815,738303.3693498106,1.171363936947743,1.1711528015963941,0.58278610457939,0.5894551674167148
65854,738304.3843822593,1.171363936947743,1.1711528015963941,0.58278610457939,0.5894551674167148
65873,738304.9031628345,1.1707883912337345,1.1707883912337345,0.5892008348752114,0.58508774052284
65878,738305.05259773,1.1707883912337345,1.1707883912337345,0.5892008348752114,0.58508774052284
65886,738305.2519098646,1.1776740732422577,1.1785071717651578,0.5867124088040521,0.5875706162167589
65920,738305.8613398512,1.1689498658081183,1.1689498658081183,0.5844749329040592,0.583060140860632
65973,738306.3490567633,1.1536202498448358,1.1525488881268635,0.583311385345765,0.5757967308506838
66018,738307.1342770131,1.1536202498448358,1.1525488881268635,0.583311385345765,0.5757967308506838
66023,738307.2545606613,1.1536202498448358,1.1525488881268635,0.583311385345765,0.5757967308506838
66033,738307.4409235613,1.1525488881268635,1.152210238669054,0.5762744440634318,0.5764546819236133
66043,738307.6709157194,1.1715791659346724,1.1714797110281354,0.5828937740216048,0.5857398555140677
66068,738308.2850598382,1.1754197235977522,1.1684936580747383,0.5877098617988761,0.5882071472016122
66094,738308.7653724591,1.1786507500699328,1.1774360852604608,0.5810067620342649,0.5867417760442971
66098,738308.8658080676,1.1685149935937147,1.1689151585521589,0.5882111405708199,0.5817379577112681
66106,738309.1295289325,1.1685149935937147,1.1689151585521589,0.5882111405708199,0.5817379577112681
66129,738309.882171019,1.1685149935937147,1.1689151585521589,0.5882111405708199,0.5817379577112681
66130,738309.9401469021,1.1685149935937147,1.1689151585521589,0.5882111405708199,0.5817379577112681
66136,738310.0539033843,1.1685149935937147,1.1689151585521589,0.5882111405708199,0.5817379577112681
66137,738310.1510207494,1.1695560106222986,1.1694368291708395,0.5847780053111493,0.5847184145854197
66148,738310.3894843301,1.1695560106222986,1.1694368291708395,0.5847780053111493,0.5847184145854197
66213,738313.1213733368,1.1695560106222986,1.1694368291708395,0.5847780053111493,0.5847184145854197
66215,738313.1885310822,1.178422932349856,1.1750880259206962,0.5846211296295973,0.5724200908827114
66252,738313.9957133008,1.1779876685117008,1.1709452879050863,0.5832725734078992,0.5841068586128765
66253,738314.0119187539,1.1779876685117008,1.1709452879050863,0.5832725734078992,0.5841068586128765
66289,738315.2910986859,1.1971117806970626,1.1950873346488842,0.5931534712772558,0.596579039705509
66297,738315.3578772028,1.1791972115208542,1.1788291973989664,0.5895986057604271,0.5816176120005865
66381,738317.5962611645,1.1755340633214109,1.174411506229187,0.5877670316607054,0.5844326910096354
66386,738317.6893803661,1.1781742728663742,1.1738432271091361,0.5844501344294871,0.5845589529200231
66408,738318.0650751321,1.1781742728663742,1.1738432271091361,0.5844501344294871,0.5845589529200231
66429,738319.13292576,1.1781742728663742,1.1738432271091361,0.5844501344294871,0.5845589529200231
66430,738319.1481465222,1.1781742728663742,1.1738432271091361,0.5844501344294871,0.5845589529200231
66431,738319.155578075,1.1784747240330804,1.1945051816281433,0.5811550926791038,0.5975839995275795
66433,738319.2936048129,1.1740113665661114,1.1569447679178133,0.5870056832830557,0.5842980657189693
66434,738319.3382160426,1.1754708972208183,1.1596076954774222,0.5877354486104092,0.585030082025693
66467,738320.771711977,1.195077328194298,1.1945770140331469,0.5929985657972691,0.5965178449694029
66511,738322.0946395029,1.195077328194298,1.1945770140331469,0.5929985657972691,0.5965178449694029
66555,738322.9413315785,1.195077328194298,1.1945770140331469,0.5929985657972691,0.5965178449694029
66556,738322.9426480369,1.195077328194298,1.1945770140331469,0.5929985657972691,0.5965178449694029
66557,738322.9528436693,1.1596201059270208,1.1388017441509668,0.5849210163220745,0.5829336524030818
66569,738323.3580301511,1.1596201059270208,1.1388017441509668,0.5849210163220745,0.5829336524030818
66588,738323.7178004072,1.1570849893173039,1.1389410821749606,0.5850839272798326,0.5823757781790175
66616,738324.4904057278,1.1570849893173039,1.1389410821749606,0.5850839272798326,0.5823757781790175
66639,738325.3315131636,1.1570849893173039,1.1389410821749606,0.5850839272798326,0.5823757781790175
66689,738326.8918898681,1.1570849893173039,1.1389410821749606,0.5850839272798326,0.5823757781790175
66723,738328.0699948755,1.1570849893173039,1.1389410821749606,0.5850839272798326,0.5823757781790175
66739,738328.6811886204,1.1775069579841841,1.1708889731074956,0.5940978226657533,0.5916939629379239
66788,738329.9427436657,1.1931581075007947,1.193227758501155,0.5938749526740937,0.5916181303108604
66817,738330.660833187,1.1935666843354655,1.1935362624182764,0.589907721285017,0.5855174944995597
66843,738332.0275055071,1.1931770682875633,1.182429205908384,0.5872416852986414,0.5800357765786786
66902,738335.0103584543,1.1931770682875633,1.182429205908384,0.5872416852986414,0.5800357765786786
66903,738335.0106575101,1.1931770682875633,1.182429205908384,0.5872416852986414,0.5800357765786786
66925,738335.5495287435,1.1841923562411956,1.194089738860537,0.5723627517417981,0.5869235859897053
67018,738338.0622405529,1.1963750098282127,1.1963750098282127,0.5887428475899784,0.5888872310746595
67028,738338.2929867038,1.1965711351614727,1.1965711351614727,0.5890531992462545,0.5890303035332015
67029,738338.3029747662,1.1965561564863016,1.1965561564863016,0.5890277946924722,0.5889766975592958
67067,738339.7984701415,1.1940610734266797,1.196264312728174,0.5919484587542362,0.5888191547820529
67092,738340.4763609895,1.1940610734266797,1.196264312728174,0.5919484587542362,0.5888191547820529
67103,738340.7866356611,1.1964012074150563,1.1964003959175877,0.5932699945641724,0.5978657755592253
67105,738340.8123969992,1.1795256532169125,1.1795256532169125,0.5939046963717194,0.591133162310537
67107,738340.8522347915,1.1962537581258783,1.1963675934869378,0.5891183004635556,0.5888814167105559
67114,738341.1147462074,1.178930961201211,1.1961940786116003,0.5793152601686342,0.5888123771403132
67116,738341.1191821373,1.1786946990772256,1.1774138382362598,0.5776335606518899,0.5887246451012512
67123,738341.3716825998,1.178845227919174,1.193117158581687,0.5777445939276432,0.5689353193541822
67137,738341.4523961885,1.1943362384926854,1.1779159982852347,0.5923443561992048,0.5890839561618669
67191,738342.8484719733,1.1943362384926854,1.1779159982852347,0.5923443561992048,0.5890839561618669
67193,738342.8694170989,1.1943362384926854,1.1779159982852347,0.5923443561992048,0.5890839561618669
67199,738342.9879330955,1.1943362384926854,1.1779159982852347,0.5923443561992048,0.5890839561618669
67220,738343.7997766363,1.1943362384926854,1.1779159982852347,0.5923443561992048,0.5890839561618669
67233,738344.4662307939,1.1782070787191687,1.177611344758688,0.5936671533532206,0.5888792112792453
67234,738344.5061460669,1.1787153167854727,1.1772251357868282,0.5905849268327077,0.5889290000064169
67255,738345.2983837585,1.1787153167854727,1.1772251357868282,0.5905849268327077,0.5889290000064169
67272,738345.8798911249,1.1783482282815783,1.179206397981344,0.5891741141407891,0.5919245458253202
67284,738346.2948891844,1.1783482282815783,1.179206397981344,0.5891741141407891,0.5919245458253202
67287,738346.4265250966,1.1783482282815783,1.179206397981344,0.5891741141407891,0.5919245458253202
67306,738347.3915189885,1.239617245014418,1.2398092589917737,0.6200224521453629,0.6198615440706161
67308,738347.4270018409,1.2395536050651121,1.2398025745094468,0.6200229884415814,0.6198298403348655
67317,738347.6725621616,1.2396097328539328,1.2398676456867783,0.6200563665391987,0.6198578016981504
67323,738347.8748758981,1.2400869952341118,1.240219511996538,0.6203031974704817,0.6201214158931426
67327,738348.0233855793,1.2400869952341118,1.240219511996538,0.6203031974704817,0.6201214158931426
67328,738348.0274561625,1.2400869952341118,1.240219511996538,0.6203031974704817,0.6201214158931426
67329,738348.0283023537,1.2400869952341118,1.240219511996538,0.6203031974704817,0.6201214158931426
67330,738348.0287035878,1.2400869952341118,1.240219511996538,0.6203031974704817,0.6201214158931426
67331,738348.0331910119,1.2400869952341118,1.240219511996538,0.6203031974704817,0.6201214158931426
67332,738348.0373127004,1.1779253722752732,1.2381428783439234,0.5936391814498445,0.6201545054971564
67333,738348.0401774233,1.1779253722752732,1.2381428783439234,0.5936391814498445,0.6201545054971564
67335,738348.0492467993,1.1784595608592312,1.2382263431163796,0.5939405905226264,0.6202114135846722
67338,738348.0652829588,1.1784595608592312,1.2382263431163796,0.5939405905226264,0.6202114135846722
67339,738348.066158137,1.1784595608592312,1.2382263431163796,0.5939405905226264,0.6202114135846722
67341,738348.0709834796,1.1784595608592312,1.2382263431163796,0.5939405905226264,0.6202114135846722
67342,738348.0721766168,1.1784595608592312,1.2382263431163796,0.5939405905226264,0.6202114135846722
67346,738348.1065453113,1.1784595608592312,1.2382263431163796,0.5939405905226264,0.6202114135846722
67347,738348.1068515391,1.1785033842487644,1.2381597764913448,0.5793486374784282,0.6202251892948425
67350,738348.1271249655,1.1785033842487644,1.2381597764913448,0.5793486374784282,0.6202251892948425
67354,738348.1810513882,1.1797454781308547,1.2383218250974033,0.5801203776596615,0.620310818577411
67359,738348.31571527,1.178747833856497,1.2383769632326265,0.5802764644289836,0.6203362843265771
67360,738348.3162151047,1.1788715666386191,1.2384086443852311,0.580103522696268,0.6203509180553827
67361,738348.3304132933,1.1788715666386191,1.2384086443852311,0.580103522696268,0.6203509180553827
67363,738348.3552048248,1.188882139013562,1.239936403247648,0.5885697741808342,0.6210580260099579
67364,738348.367135601,1.2391359929745662,1.239937085800843,0.596202212085865,0.6199874884872943
67368,738348.3961890904,1.1888134711584604,1.239973332456613,0.5887305261568835,0.6210751523812613
67369,738348.3966446846,1.1756418567004336,1.2399938412089535,0.5888191228767684,0.6210846642489227
67370,738348.3968492005,1.1755340409868025,1.2400190525725123,0.5889273819915395,0.6210963578349097
67372,738348.4492772603,1.1748648086413496,1.240038162715197,0.5890089682895888,0.6211052220309392
67379,738348.6526381671,1.184080225754001,1.2411798052930278,0.5932733766136569,0.6216355292085812
67392,738348.8998958931,1.184080225754001,1.2411798052930278,0.5932733766136569,0.6216355292085812
67414,738349.217485444,1.1845041675378105,1.2412391730497039,0.5934681532371731,0.6216631466126041
67418,738349.3032619811,1.1954542975872042,1.2429775989675809,0.5985211344484178,0.6224639808256279
67426,738349.3726828409,1.1955496130862535,1.2430748207689213,0.5981776629821091,0.6224358968985869
67427,738349.3885496202,1.1955496130862535,1.2430748207689213,0.5981776629821091,0.6224358968985869
67430,738349.4603516451,1.1955496130862535,1.2430748207689213,0.5981776629821091,0.6224358968985869
67433,738349.5129455858,1.1960798452225678,1.243178286021011,0.598435567444661,0.6224845215583586
67435,738349.6221197062,1.2031783865926406,1.2447179298408506,0.6018997273478948,0.623209308316192
67436,738349.6227030379,1.2611931531009817,1.2715740744298722,0.6306388356296048,0.6361293514253791
67437,738349.6238977319,1.2618085735553508,1.2720054372382708,0.6309456583513854,0.6363400291000261
67438,738349.6253718393,1.2618905990979838,1.2720631376176914,0.6309865542469596,0.636368215481104
67439,738349.6274742839,1.2618905990979838,1.2720631376176914,0.6309865542469596,0.636368215481104
67440,738349.6287047011,1.2628266400403518,1.2727250073311558,0.6314532641041616,0.6366916276656561
67441,738349.6311322796,1.2628266400403518,1.2727250073311558,0.6314532641041616,0.6366916276656561
67442,738349.6360540125,1.2628342124945815,1.2727303872731361,0.631457039899929,0.6366942571753934
67443,738349.6368931495,1.2628342124945815,1.2727303872731361,0.631457039899929,0.6366942571753934
67444,738349.6380755279,1.2628456701017987,1.2727385282437003,0.6314627529254138,0.6366982361911114
67445,738349.6465136611,1.2628456701017987,1.2727385282437003,0.6314627529254138,0.6366982361911114
67446,738349.6470441084,1.2628701508328268,1.2725518461298964,0.631474959599686,0.6366069989744508
67447,738349.6537038648,1.2628914558060478,1.2727710696547774,0.6314855827887549,0.6367141415218741
67448,738349.659625215,1.2636810174552977,1.2733345696323908,0.6318792928717667,0.6369896277949727
67451,738349.661573332,1.2637056377430889,1.27335221140369,0.6318915700934881,0.636998254497364
67452,738349.6658680984,1.2637582048617721,1.2733898928218996,0.6319177834536167,0.6370166808338366
67454,738349.6793953535,1.2638071774022073,1.2734250149819062,0.6319422044391694,0.6370338561593295
67456,738349.6850854474,1.263820807003927,1.273434792857141,0.6319490010901642,0.6370386377857824
67457,738349.6946325128,1.2638479824771336,1.2734267447268537,0.6319625526639601,0.6370347020454517
67458,738349.6971655336,1.2639040295446262,1.2734945249090148,0.6319905017218578,0.6370678490277595
67460,738349.7028495793,1.264011756505099,1.2735719166490584,0.6320442224566989,0.6371056984905767
67461,738349.711364126,1.264174049188459,1.2736886616842802,0.6321251547474263,0.6371627983871886
67462,738349.7135679651,1.264225773453055,1.2737259080368033,0.6321509489106835,0.6371810166013517
67463,738349.7170792376,1.264225773453055,1.2737259080368033,0.6321509489106835,0.6371810166013517
67465,738349.7184500147,1.2643012375443499,1.273780282697248,0.6321885820086045,0.6372076136557562
67466,738349.7190806357,1.2643245184499894,1.273764828126097,0.6322001919876261,0.6372000540303003
67467,738349.7206774163,1.2643393680207078,1.2738077721678507,0.6322075973482381,0.6372210603856769
67470,738349.730979446,1.264453065156524,1.2738897999776821,0.6322642975175836,0.6372611866945065
67471,738349.7334782479,1.264453065156524,1.2738897999776821,0.6322642975175836,0.6372611866945065
67472,738349.7351763092,1.2644815545620307,1.2739103679644175,0.6322785051266777,0.6372712485139487
67473,738349.7413311049,1.2645031473031632,1.2739259606378213,0.6322892734073936,0.6372788765225839
67475,738349.7610032521,1.2972711394410865,1.3006565315294003,0.6486477372315774,0.6504545755157387
67479,738349.7659237626,1.2973323979527223,1.3007110365148171,0.6486783407814448,0.6504815914809642
67480,738349.7668110689,1.2973386591894318,1.3007166081890544,0.6486814687754523,0.6504843531643435
67481,738349.7689098233,1.2973415873251561,1.3007192138888957,0.6486829316162045,0.6504856447198881
67483,738349.7696539962,1.2973415873251561,1.3007192138888957,0.6486829316162045,0.6504856447198881
67484,738349.7701089467,1.2973461743895718,1.3007232959004387,0.6486852232263352,0.6504876680342532
67485,738349.7710024653,1.2973582361297809,1.3007340299378838,0.6486912490437665,0.6504929885435387
67486,738349.7730972705,1.2973791850857355,1.3007419469691999,0.6487017147512055,0.6504969127664977
67487,738349.7758560862,1.297386875462141,1.3007595187511098,0.6487055567213282,0.6505056225783109
67488,738349.7768177863,1.297386875462141,1.3007595187511098,0.6487055567213282,0.6505056225783109
67489,738349.778610056,1.2973894215349837,1.3007617848730468,0.6487068286925197,0.6505067458311639
67491,738349.7889785243,1.298220427756953,1.301502580593835,0.6491219890789427,0.6508739778638295
67492,738349.7900585207,1.2984400812898778,1.301698772944103,0.6492317268860127,0.650971248966065
67493,738349.7906358201,1.298509995807971,1.30168647921394,0.6492666559709598,0.6509651536387346
67494,738349.7909081535,1.2985821898814374,1.3018257874297463,0.6493027239862318,0.651034225007358
67497,738349.7974463773,1.298741325040904,1.301968098429983,0.649382227849639,0.6511047880713471
67498,738349.7984613287,1.298741325040904,1.301968098429983,0.649382227849639,0.6511047880713471
67499,738349.8042086264,1.2987312920730278,1.301972640972879,0.6493772153724863,0.6511070404798528
67500,738349.8069691454,1.2987312920730278,1.301972640972879,0.6493772153724863,0.6511070404798528
67501,738349.8081474281,1.2987522347744762,1.3019778577862497,0.6493876783610671,0.6511096272273035
67502,738349.808335993,1.2992610822046597,1.3024334785924876,0.6496419007464795,0.6513355608302618
67503,738349.8090166616,1.2993506403229762,1.3025137551351655,0.649686644735678,0.65137537144974
67504,738349.8150984697,1.2993773232402746,1.3025376776754072,0.649699975766536,0.6513872352532132
67505,738349.8168563073,1.2993773232402746,1.3025376776754072,0.649699975766536,0.6513872352532132
67506,738349.8177071271,1.2993874613541612,1.3025467675880806,0.6497050408639803,0.6513917431958193
67507,738349.8212205948,1.2993874613541612,1.3025467675880806,0.6497050408639803,0.6513917431958193
67508,738349.8217011106,1.2993922020880297,1.3025510182802784,0.649707409379869,0.6513938512372383
67509,738349.8238013492,1.2993922020880297,1.3025510182802784,0.649707409379869,0.6513938512372383
67510,738349.8249940777,1.300599253271582,1.3036356140753453,0.6503104733914047,0.6519318150626184
67513,738349.8289404241,1.3006341225297087,1.3035970087325077,0.650327894970017,0.651912663910545
67516,738349.8365554492,1.3006341225297087,1.3035970087325077,0.650327894970017,0.651912663910545
67517,738349.8416449324,1.3006435005437207,1.3036754591013147,0.6503325804698107,0.6519515814007792
67518,738349.8430115673,1.3006492814667432,1.3036806653165476,0.6503354687699238,0.6519541641180889
67519,738349.8444046214,1.3006520800152637,1.3036831856857816,0.6503368669980046,0.6519554144329068
67520,738349.8446958238,1.300657473524168,1.3036880431413362,0.6503395617364905,0.6519578241412286
67521,738349.848009996,1.300659454212276,1.3036898269941846,0.6503405513403043,0.6519587090837392
67524,738349.8557677476,1.300683256719631,1.303711265023092,0.650352443702255,0.6519693442001391
67525,738349.8569621679,1.300683256719631,1.303711265023092,0.650352443702255,0.6519693442001391
67527,738349.8631574807,1.300683256719631,1.303711265023092,0.650352443702255,0.6519693442001391
67528,738349.8658684648,1.3006869415420674,1.3037031172123539,0.6503542847376141,0.651965302174091
67529,738349.8695928369,1.3006892133514583,1.3037166302126304,0.6503554197941362,0.651972005807798
67530,738349.877545732,1.3006944170942623,1.3037213173582354,0.6503580197229866,0.651974331048965
67531,738349.8786967896,1.3006944170942623,1.3037213173582354,0.6503580197229866,0.651974331048965
67532,738349.8830824349,1.3006944170942623,1.3037213173582354,0.6503580197229866,0.651974331048965
67533,738349.8871962712,1.3007889466531357,1.3038064771198596,0.6504052492753064,0.6520165783783806
67534,738349.88771134,1.3008126429846931,1.303758212317387,0.6504170886284786,0.6519926343334728
67536,738349.9008779336,1.3008204853052234,1.300834332621147,0.6504210068737913,0.6505427061095171
67538,738349.9066061543,1.3008204853052234,1.300834332621147,0.6504210068737913,0.6505427061095171
67539,738349.9111271407,1.3008204853052234,1.300834332621147,0.6504210068737913,0.6505427061095171
67540,738349.9146328685,1.3008204853052234,1.300834332621147,0.6504210068737913,0.6505427061095171
67542,738349.923749413,1.3008225240857731,1.3038367329759557,0.6504220255063906,0.6520315883898723
67543,738349.9349330985,1.3008225240857731,1.3038367329759557,0.6504220255063906,0.6520315883898723
67544,738349.9353694195,1.3008261912274353,1.3038400375635866,0.6504238577145294,0.6520332278120782
67545,738349.9360228173,1.3008261912274353,1.3038400375635866,0.6504238577145294,0.6520332278120782
67546,738349.9422820088,1.3008261912274353,1.3038400375635866,0.6504238577145294,0.6520332278120782
67547,738349.9500397927,1.3008261912274353,1.3038400375635866,0.6504238577145294,0.6520332278120782
67549,738349.9591352975,1.3008261912274353,1.3038400375635866,0.6504238577145294,0.6520332278120782
67550,738349.9688495037,1.3008261912274353,1.3038400375635866,0.6504238577145294,0.6520332278120782
67551,738349.9718986083,1.3008290704722227,1.3038312160413028,0.6504252962671306,0.6520288514146563
67552,738349.9721992811,1.3009055742868074,1.3039115825076861,0.6504635197880901,0.6520687219684725
67553,738349.9728719237,1.3009178209446624,1.3039226216801465,0.6504696385799158,0.6520741986721595
67554,738349.9748910469,1.3009178209446624,1.3039226216801465,0.6504696385799158,0.6520741986721595
67556,738349.9785353958,1.3009178209446624,1.3039226216801465,0.6504696385799158,0.6520741986721595
67559,738350.0150518331,1.3009213519571643,1.3039258046304267,0.6504714027783649,0.652075777785889
67560,738350.0158025927,1.3009392472393626,1.3039419365106235,0.6504803437939334,0.6520837810964168
67561,738350.018694257,1.3009816394791507,1.3039801553357024,0.6505015242348875,0.6521027422682975
67562,738350.0197724054,1.3009866160608154,1.3039846423460306,0.6505040106866155,0.6521049683822742
67563,738350.0201086027,1.3009866160608154,1.3039846423460306,0.6505040106866155,0.6521049683822742
67565,738350.0337190949,1.300988714411513,1.3039865342941688,0.6505050590866096,0.6521059070241496
67566,738350.0361933173,1.300988714411513,1.3039865342941688,0.6505050590866096,0.6521059070241496
67567,738350.0378393631,1.300988714411513,1.3039865342941688,0.6505050590866096,0.6521059070241496
67568,738350.0391157748,1.300988714411513,1.3039865342941688,0.6505050590866096,0.6521059070241496
67569,738350.0458850886,1.300988714411513,1.3039865342941688,0.6505050590866096,0.6521059070241496
67570,738350.0776207428,1.300988714411513,1.3039865342941688,0.6505050590866096,0.6521059070241496
67574,738350.0848235321,1.300988714411513,1.3039865342941688,0.6505050590866096,0.6521059070241496
67576,738350.088744208,1.300988714411513,1.3039865342941688,0.6505050590866096,0.6521059070241496
67579,738350.1483963392,1.300988714411513,1.3039865342941688,0.6505050590866096,0.6521059070241496
67580,738350.166557748,1.3009848534116484,1.3039940650498125,0.6505031300133858,0.6521096432214448
67581,738350.1865583813,1.3010011096164138,1.30399771052994,0.6505112521100945,0.6521114518385354
67582,738350.1990239891,1.3010011096164138,1.30399771052994,0.6505112521100945,0.6521114518385354
67584,738350.237660739,1.3011122425157196,1.3040979353974804,0.6505667775930665,0.6521611766809311
67585,738350.2441369953,1.3011150934554234,1.304100507005279,0.6505682020140485,0.652162452557371
67586,738350.2445215668,1.3011187237295725,1.30409422712467,0.6505700158156827,0.6521593368615186
67587,738350.2622607793,1.3011429747658245,1.304125657843277,0.6505821324170626,0.6521749309299444
67591,738350.3350552162,1.301135286718052,1.304129682955524,0.6505782912191495,0.6521769279626289
67597,738350.3914661031,1.3011502840923181,1.304132251745169,0.6505857843942419,0.6521782024516547
67598,738350.4234651146,1.3011502840923181,1.304132251745169,0.6505857843942419,0.6521782024516547
67601,738350.4346274713,1.3011528510549022,1.3041345674964224,0.6505870669323746,0.6521793513980019
67604,738350.4681465391,1.3011596017680627,1.3040717900245737,0.6505904398089908,0.6521482049760096
67609,738350.5371631415,1.3011639096789998,1.3041445441172053,0.6505925921821931,0.6521843012477538
67610,738350.5383385418,1.3015866367848246,1.3045261889703978,0.6508038016089447,0.6523736622345672
67611,738350.5531460593,1.3015661474693287,1.3045076784201892,0.6508067973486217,0.6523763501331014
67612,738350.5695174439,1.3015735289838366,1.3015870208682356,0.6508104820632986,0.6509289639393695
67613,738350.5740038182,1.3015797382967567,1.304519956565801,0.6508135816379478,0.6523824374825312
67614,738350.5759729637,1.3015817941000583,1.3045218138560304,0.6508146078573327,0.6523833583054491
67615,738350.5806007527,1.3015841542980646,1.3015976412332007,0.6508157860251305,0.6509342246762682
67616,738350.5815066341,1.3015920587443592,1.3045310875132885,0.6508197317816987,0.6523879560844212
67617,738350.5829267069,1.3015987078357445,1.3045370948459734,0.650823050889175,0.6523909344616144
67619,738350.6596002587,1.3015987078357445,1.3045370948459734,0.650823050889175,0.6523909344616144
67622,738350.741148569,1.30160069254799,1.3045388880230595,0.6508240416222659,0.652391823502404
67628,738350.7829398934,1.3016367846308117,1.3045603668200714,0.6508420581681341,0.652402472529425
67630,738350.7953265304,1.3016483206178657,1.3045819232903795,0.6508478167418424,0.6524131601331002
67631,738350.7974174507,1.3016483206178657,1.3045819232903795,0.6508478167418424,0.6524131601331002
67632,738350.798607167,1.3016573758654035,1.3045901061072207,0.6508523369740883,0.6524172171554092
67635,738350.8050980865,1.301726768258875,1.3046528210475914,0.6508869766044713,0.6524483114024542
67639,738350.8512849247,1.301726768258875,1.3046528210475914,0.6508869766044713,0.6524483114024542
67641,738350.9161138987,1.301726768258875,1.3046528210475914,0.6508869766044713,0.6524483114024542
67645,738351.0661931796,1.301726768258875,1.3046528210475914,0.6508869766044713,0.6524483114024542
67646,738351.0699926927,1.301726768258875,1.3046528210475914,0.6508869766044713,0.6524483114024542
67647,738351.0705308563,1.301726768258875,1.3046528210475914,0.6508869766044713,0.6524483114024542
67653,738351.2587390536,1.301733161831102,1.304590954929331,0.6508901681855657,0.6524176380000668
67656,738351.2988503646,1.3017364782604626,1.304666629725968,0.6508940058056317,0.6524551578606492
67658,738351.325858358,1.3018132268030327,1.304730980120989,0.6509301355875592,0.6524870636852739
67659,738351.3851826184,1.3018132268030327,1.304730980120989,0.6509301355875592,0.6524870636852739
67660,738351.3893257543,1.3018164218017452,1.3047338688492138,0.6509317304934611,0.6524884959709923
67667,738351.4920107471,1.3018190185344607,1.3047362166833385,0.6509330267522013,0.6524896600721358
67670,738351.5095636408,1.32983785296847,1.3309811088753387,0.6649278662690451,0.6655397780805217
67671,738351.5117733729,1.3298591817125045,1.3309743983633235,0.6649385240598584,0.6655364342151605
67672,738351.5122965113,1.3299356061089307,1.3310750834210907,0.6649767127162804,0.665586606113988
67673,738351.5132703709,1.3299466361272274,1.3310819257008781,0.6649822243328644,0.6655900156797773
67674,738351.515079073,1.3299756279855208,1.3311135618089125,0.6649967113509803,0.6656057802549483
67675,738351.5169542533,1.329979674007959,1.3311174519060773,0.6649987331193099,0.6656077187315866
67676,738351.5185066552,1.329981060724008,1.3311187851857997,0.6649994260513916,0.6656083831192028
67677,738351.5201298103,1.329981060724008,1.3311187851857997,0.6649994260513916,0.6656083831192028
67678,738351.5212347825,1.329981060724008,1.3311187851857997,0.6649994260513916,0.6656083831192028
67679,738351.529232428,1.3300038015677411,1.3311406500748266,0.6650107894911069,0.6656192786431582
67681,738351.531247403,1.3300047824766341,1.3311415932149642,0.6650112796445069,0.6656197486212868
67682,738351.5320632253,1.330011806220017,1.331148346553222,0.6650147893608697,0.6656231138928669
67683,738351.5365108569,1.3300198684557196,1.331156098480916,0.6650188180053612,0.6656269767771205
67684,738351.5398114098,1.3300205625042198,1.331156765820014,0.665019164816721,0.6656273093208515
67685,738351.5527664179,1.3300205625042198,1.331156765820014,0.665019164816721,0.6656273093208515
67686,738351.5877725444,1.330021359358002,1.331157532008848,0.6650195629991937,0.6656276911227204
67687,738351.6174987783,1.3300239377759975,1.3311555679023195,0.6650208514173618,0.6656267123829401
67688,738351.625527405,1.3300239377759975,1.3311555679023195,0.6650208514173618,0.6656267123829401
67689,738351.6338927,1.330029262462581,1.3311651310259136,0.665023512127735,0.6656314778136807
67690,738351.6507192177,1.3300256971378572,1.3311660104725476,0.6650217305587162,0.6656319160538156
67691,738351.6634389233,1.3300349766892574,1.3311706254361748,0.6650263674890284,0.6656342157532531
67693,738351.6843315414,1.3300365658084885,1.3311721534321515,0.6650271615614641,0.6656349771748004
67697,738351.7399156248,1.330081835235775,1.3312156829882311,0.6650497824079706,0.6656566686120666
67700,738351.7777771344,1.3300829584357878,1.331216763052769,0.6650503436641887,0.6656572068259854
67702,738351.7966216492,1.330096458860106,1.3312297451314583,0.6650570897451897,0.6656636760145527
67703,738351.8007396321,1.330096458860106,1.3312297451314583,0.6650570897451897,0.6656636760145527
67704,738351.8058889317,1.330096458860106,1.3312297451314583,0.6650570897451897,0.6656636760145527
67705,738351.8067067317,1.330096458860106,1.3312297451314583,0.6650570897451897,0.6656636760145527
67707,738351.8248636576,1.3301019568626151,1.3312350321060389,0.6650598370645953,0.6656663106058728
67708,738351.8514704388,1.330104046870979,1.3312370419044433,0.6650608814295238,0.6656673121237723
67710,738351.8823499278,1.330104046870979,1.3312370419044433,0.6650608814295238,0.6656673121237723
67712,738351.9062939463,1.3301447686647279,1.3312762019952225,0.6650812298803587,0.6656868263325394
67714,738351.941316759,1.1790756841718912,1.1791362654446977,0.5895378420859456,0.5895681327223489
67715,738351.9525883895,1.3301416386312381,1.3312774829695175,0.6650796658196435,0.6656874646675894
67717,738352.0019887504,1.3301416386312381,1.3312774829695175,0.6650796658196435,0.6656874646675894
67718,738352.0048980567,1.3301416386312381,1.3312774829695175,0.6650796658196435,0.6656874646675894
67720,738352.0065100419,1.3301416386312381,1.3312774829695175,0.6650796658196435,0.6656874646675894
67721,738352.0081384472,1.3301416386312381,1.3312774829695175,0.6650796658196435,0.6656874646675894
67722,738352.01476766,1.3301470436497433,1.3312783897956073,0.6650823666780653,0.6656879165571808
67723,738352.0174770546,1.3301457406010362,1.331281427142709,0.665081715551668,0.6656894301283832
67724,738352.0211578339,1.3301510520536728,1.3312822446008326,0.6650843696559597,0.6656898374843128
67725,738352.0228095228,1.3301552149543516,1.3312862480042666,0.6650864498352285,0.6656918324618363
67727,738352.0297900413,1.330156415436826,1.3312874024955905,0.6650870497099528,0.6656924077685643
67728,738352.0332093249,1.330156415436826,1.3312874024955905,0.6650870497099528,0.6656924077685643
67730,738352.0391675059,1.3301577469235315,1.3312886829744455,0.6650877150468143,0.6656930458575558
67731,738352.0532767969,1.3301577469235315,1.3312886829744455,0.6650877150468143,0.6656930458575558
67734,738352.0854453905,1.3301577469235315,1.3312886829744455,0.6650877150468143,0.6656930458575558
67735,738352.1177215027,1.33015912513707,1.3312900083924535,0.6650884037328466,0.6656937063407532
67736,738352.1820269949,1.33015912513707,1.3312900083924535,0.6650884037328466,0.6656937063407532
67753,738352.5341109025,1.33015912513707,1.3312900083924535,0.6650884037328466,0.6656937063407532
67754,738352.5387725246,1.3301613601982325,1.3312921578397725,0.6650895205811574,0.665694777455009
67755,738352.5406438572,1.330157591265021,1.331293760246454,0.6650876372650792,0.6656955759677239
67756,738352.550922825,1.3301591736688139,1.3312943436110165,0.6650884279839032,0.6656958666705053
67757,738352.5818619517,1.3301645754151268,1.3301696019697726,0.6650911272082264,0.6651354213637788
67758,738352.5879678089,1.3301775809098184,1.3313077574086758,0.6650976259870255,0.6657025510522906
67759,738352.5904670676,1.3301782954455965,1.3313084445902994,0.6650979830369299,0.6657028934898462
67762,738352.6713252692,1.3302488442076472,1.3313762957695632,0.6651332359219811,0.6657367053430951
67763,738352.6723278442,1.330252335081918,1.3313796533268687,0.6651349802968173,0.6657383785004957
67764,738352.6725241677,1.3302538587718513,1.331381118831722,0.6651357416781537,0.6657391087995648
67765,738352.6730890847,1.3302538587718513,1.331381118831722,0.6651357416781537,0.6657391087995648
67766,738352.6734198033,1.3302538587718513,1.331381118831722,0.6651357416781537,0.6657391087995648
67768,738352.6773731333,1.3302583035678621,1.3313853939113296,0.6651379627238307,0.6657412391832936
67770,738352.6892769656,1.3302583035678621,1.3313853939113296,0.6651379627238307,0.6657412391832936
67771,738352.6897358515,1.3303390666036419,1.3314630775189997,0.6651783197056818,0.6657799511354533
67773,738352.6917162812,1.330353908716602,1.3314773546126035,0.6651865492384853,0.6657870658551954
67772,738352.6917269331,1.330348436190905,1.3303865147996905,0.6651747027465984,0.6652435006077125
67774,738352.694878013,1.330348436190905,1.3303865147996905,0.6651747027465984,0.6652435006077125
67776,738352.7212487935,1.330348436190905,1.3303865147996905,0.6651747027465984,0.6652435006077125
67781,738352.7832463755,1.330348436190905,1.3303865147996905,0.6651747027465984,0.6652435006077125
67785,738352.8760564632,1.330348436190905,1.3303865147996905,0.6651747027465984,0.6652435006077125
67791,738352.9537289827,1.330348436190905,1.3303865147996905,0.6651747027465984,0.6652435006077125
67792,738352.9640471131,1.330348436190905,1.3303865147996905,0.6651747027465984,0.6652435006077125
67793,738352.9686944442,1.3303778094768623,1.331504603600809,0.6651968670432186,0.6657998656943386
67795,738352.9906464143,1.3303778094768623,1.331504603600809,0.6651968670432186,0.6657998656943386
67797,738353.0185565492,1.3303778094768623,1.331504603600809,0.6651968670432186,0.6657998656943386
67798,738353.0266542287,1.3303913741243778,1.3315133950012255,0.6652036456384848,0.6658042469779276
67799,738353.0931901025,1.3303913741243778,1.3315133950012255,0.6652036456384848,0.6658042469779276
67803,738353.1524396725,1.3303913741243778,1.3315133950012255,0.6652036456384848,0.6658042469779276
67806,738353.2453395105,1.3303913741243778,1.3315133950012255,0.6652036456384848,0.6658042469779276
67815,738353.487371786,1.3303913741243778,1.3315133950012255,0.6652036456384848,0.6658042469779276
67824,738353.65421755,1.3307061519535155,1.3318162698802085,0.6653742507728734,0.665967957905477
67826,738353.6591640345,1.330724814065863,1.3318342302094872,0.6653835681948475,0.6659769010482759
67829,738353.7309597386,1.330726313093357,1.330731243072336,0.6653832594326511,0.6654266700257926
67830,738353.7637224067,1.3307269674182585,1.3318363026137303,0.6653835861411054,0.665976918273859
67831,738353.791398396,1.330727644721979,1.3318369544576578,0.6653839243230364,0.6659772428754462
67839,738353.9306373204,1.330727644721979,1.3318369544576578,0.6653839243230364,0.6659772428754462
67840,738354.0060563287,1.330727644721979,1.3318369544576578,0.6653839243230364,0.6659772428754462
67843,738354.081941974,1.330727644721979,1.3318369544576578,0.6653839243230364,0.6659772428754462
67845,738354.1276718578,1.330727644721979,1.3318369544576578,0.6653839243230364,0.6659772428754462
67867,738354.6742000169,1.330727644721979,1.3318369544576578,0.6653839243230364,0.6659772428754462
67868,738354.7014317096,1.3307306353056099,1.331839832632342,0.665385417540046,0.6659786761331056
67870,738354.7584825853,1.3307306353056099,1.331839832632342,0.665385417540046,0.6659786761331056
67874,738354.798787282,1.3307329246192585,1.3318420359036702,0.6653869106030494,0.6659801092488777
67876,738354.9054215444,1.330734275724098,1.3318433362312119,0.6653875852019352,0.6659807567642247
67886,738355.0964673809,1.3325216066768444,1.3335654550010578,0.6662800274024892,0.6668384105989468
67887,738355.0977183151,1.3325216066768444,1.3335654550010578,0.6662800274024892,0.6668384105989468
67889,738355.1070601316,1.3325247244575744,1.3335684623835815,0.6662815842242089,0.6668399085177402
67890,738355.1140726226,1.3325247244575744,1.3335684623835815,0.6662815842242089,0.6668399085177402
67891,738355.1158331234,1.3325247244575744,1.3335684623835815,0.6662815842242089,0.6668399085177402
67895,738355.1955132822,1.3325265814419855,1.3335702536190581,0.6662825114844123,0.6668408006976063
67904,738355.3357032783,1.3325265814419855,1.3335702536190581,0.6662825114844123,0.6668408006976063
67933,738355.6721570207,1.3325279422101015,1.3335715662100018,0.6662831909657291,0.6668414544739907
67935,738355.7495579073,1.3325279422101015,1.3335715662100018,0.6662831909657291,0.6668414544739907
67942,738355.7857114024,1.3329313505234022,1.3339607879820359,0.6664846293586574,0.6670353233728166
67956,738356.0869598843,1.3329313505234022,1.3339607879820359,0.6664846293586574,0.6670353233728166
67959,738356.1535548924,1.246210628260685,1.3342596888764715,0.6094411371615586,0.6671858733488337
67963,738356.2907835911,1.246210628260685,1.3342596888764715,0.6094411371615586,0.6671858733488337
67967,738356.3459027738,1.246210628260685,1.3342596888764715,0.6094411371615586,0.6671858733488337
67975,738356.5262363402,1.332929483751691,1.3342576184632458,0.6664839897088642,0.6671870754605574
67986,738356.8184069631,1.332929483751691,1.3342576184632458,0.6664839897088642,0.6671870754605574
67990,738356.9393367438,1.332929483751691,1.3342576184632458,0.6664839897088642,0.6671870754605574
67991,738356.9696721621,1.3329302044365379,1.3342583068359049,0.6664863730678808,0.6671874182643758
67993,738357.0437457245,1.3329302044365379,1.3342583068359049,0.6664863730678808,0.6671874182643758
68000,738357.3401995281,1.3329311222049425,1.3342591834569144,0.6664868312783327,0.6671878548143435
68025,738357.9044489531,1.3329311222049425,1.3342591834569144,0.6664868312783327,0.6671878548143435
68026,738357.914017266,1.3329311222049425,1.3342591834569144,0.6664868312783327,0.6671878548143435
68044,738358.3582796133,1.2377464021274547,1.2382820393438627,0.5894624629089495,0.6201149180178347
68064,738358.6567008658,1.3329337995610473,1.3342617407830688,0.6664881679910116,0.6671891283417898
68065,738358.6765480962,1.3329337995610473,1.3342617407830688,0.6664881679910116,0.6671891283417898
68068,738358.7488319067,1.3329337995610473,1.3342617407830688,0.6664881679910116,0.6671891283417898
68073,738358.7988292341,1.3329337995610473,1.3342617407830688,0.6664881679910116,0.6671891283417898
68083,738359.0141702683,1.3329344956758002,1.334262405691674,0.666488515537419,0.6671543433907933
68086,738359.0431409928,1.3329357478542514,1.3342636017379867,0.6664891407075392,0.6671549404587975
68096,738359.3491997182,1.3329484115903887,1.3342756979196813,0.6664954632825905,0.6671609788919542
68106,738359.5169596726,1.3329484115903887,1.3342756979196813,0.6664954632825905,0.6671609788919542
68122,738359.8857461013,1.3329483148539556,1.3342746337416165,0.6664959056595734,0.6671614013925758
68125,738359.9788884755,1.3329483148539556,1.3342746337416165,0.6664959056595734,0.6671614013925758
68129,738360.1053693243,1.3329483148539556,1.3342746337416165,0.6664959056595734,0.6671614013925758
68135,738360.3133978609,1.332951084648502,1.3342772795214546,0.6664972884779564,0.6671620128454742
68136,738360.3347452711,1.254933532846543,1.3347610668227576,0.6187637574151219,0.6674032186298734
68137,738360.3398453962,1.254933532846543,1.3347610668227576,0.6187637574151219,0.6674032186298734
68138,738360.3409468953,1.2601448962175552,1.3351229100698743,0.6219393548048807,0.6675838587242764
68139,738360.3461248127,1.2601448962175552,1.3351229100698743,0.6219393548048807,0.6675838587242764
68140,738360.3776556745,1.2605778312325946,1.3351563615797626,0.6223007227217455,0.6676005586295072
68141,738360.3836789302,1.2605778312325946,1.3351563615797626,0.6223007227217455,0.6676005586295072
68142,738360.3845065322,1.2605729762859539,1.3351597447375596,0.6223256086233154,0.6676022475957247
68143,738360.3864029591,1.2605729762859539,1.3351597447375596,0.6223256086233154,0.6676022475957247
68145,738360.4089583544,1.2605729762859539,1.3351597447375596,0.6223256086233154,0.6676022475957247
68148,738360.4379045286,1.2605729762859539,1.3351597447375596,0.6223256086233154,0.6676022475957247
68154,738360.6117139632,1.2605729762859539,1.3351597447375596,0.6223256086233154,0.6676022475957247
68156,738360.629268196,1.2607501763790239,1.335174172157434,0.6224671353113048,0.6676094501673481
68159,738360.6441241798,1.2607501763790239,1.335174172157434,0.6224671353113048,0.6676094501673481
68162,738360.7089148128,1.2607501763790239,1.335174172157434,0.6224671353113048,0.6676094501673481
68163,738360.7158574748,1.2607501763790239,1.335174172157434,0.6224671353113048,0.6676094501673481
68166,738360.8431553831,1.2607506091575416,1.335175147311321,0.6224883338000831,0.667608248922365
68168,738360.8624892007,1.260800523843645,1.3351804442642645,0.6225416166352308,0.6676108936193362
68170,738360.8775717507,1.260800523843645,1.3351804442642645,0.6225416166352308,0.6676108936193362
68173,738360.9965150963,1.260800523843645,1.3351804442642645,0.6225416166352308,0.6676108936193362
68177,738361.0226122597,1.260800523843645,1.3351804442642645,0.6225416166352308,0.6676108936193362
68178,738361.0860843203,1.2448135698283285,1.335181134474208,0.6225338992909946,0.6676112382318777
68186,738361.2562366021,1.2448135698283285,1.335181134474208,0.6225338992909946,0.6676112382318777
68190,738361.3220030451,1.2448135698283285,1.335181134474208,0.6225338992909946,0.6676112382318777
68193,738361.341113175,1.2448135698283285,1.335181134474208,0.6225338992909946,0.6676112382318777
68194,738361.3436437948,1.2448135698283285,1.335181134474208,0.6225338992909946,0.6676112382318777
68196,738361.3737426363,1.2448135698283285,1.335181134474208,0.6225338992909946,0.6676112382318777
68206,738361.4571210687,1.2448135698283285,1.335181134474208,0.6225338992909946,0.6676112382318777
68223,738361.8851603848,1.2448135698283285,1.335181134474208,0.6225338992909946,0.6676112382318777
68225,738361.9016170736,1.2448220437358304,1.335182109393632,0.6225244513112221,0.6676117249960536
68229,738361.9521685935,1.2448220437358304,1.335182109393632,0.6225244513112221,0.6676117249960536
68234,738362.1077441116,1.2448220437358304,1.335182109393632,0.6225244513112221,0.6676117249960536
68241,738362.2573392676,1.246067815589547,1.3352414724308015,0.6224251097317526,0.6676413642073399
68242,738362.2576385508,1.368419856752643,1.3760947400016066,0.6842037266956722,0.688052403753643
68244,738362.2594324008,1.3684221154526288,1.37609678717945,0.684205042908262,0.6880534269867175
68245,738362.2598275158,1.3684332031148494,1.3761063408352443,0.6842111417934178,0.688058202154299
68246,738362.2605289962,1.3684333085466982,1.376106675874293,0.6842100439691384,0.6880583696156075
68248,738362.2620127373,1.3684333085466982,1.376106675874293,0.6842100439691384,0.6880583696156075
68249,738362.264291566,1.3684333085466982,1.376106675874293,0.6842100439691384,0.6880583696156075
68250,738362.2662879445,1.368431761236274,1.3761070740639068,0.6842103036009137,0.6880585686412263
68251,738362.2667333574,1.3684354120270186,1.3761103479411185,0.6842124382275718,0.6880602050110104
68252,738362.2675634744,1.3684354789349888,1.3761106715611575,0.6842126492296557,0.6880603667648058
68253,738362.2681664849,1.3684194028457786,1.3761118330746727,0.6842134065370898,0.6880609473197731
68254,738362.2707450874,1.3684196915145772,1.3761120543912249,0.6842135508345529,0.6880610579396008
68255,738362.2714580003,1.368421105311643,1.3761131383283889,0.6842142575521916,0.6880615997198787
68257,738362.2746761543,1.368421105311643,1.3761131383283889,0.6842142575521916,0.6880615997198787
68258,738362.2757075481,1.368421105311643,1.3761131383283889,0.6842142575521916,0.6880615997198787
68259,738362.2759741993,1.368421105311643,1.3761131383283889,0.6842142575521916,0.6880615997198787
68260,738362.2768023825,1.368421105311643,1.3761131383283889,0.6842142575521916,0.6880615997198787
68261,738362.2788160142,1.368421105311643,1.3761131383283889,0.6842142575521916,0.6880615997198787
68262,738362.2798533281,1.3684213168430637,1.3761133005074422,0.6842143632908372,0.6880616807812319
68264,738362.2834432139,1.3684213168430637,1.3761133005074422,0.6842143632908372,0.6880616807812319
68265,738362.2845723252,1.3684215597117244,1.3761134867127893,0.6842144846940938,0.6880617738515583
68266,738362.2850517714,1.368422493745651,1.3761142028320927,0.6842150958736183,0.6880621317868095
68268,738362.2874264244,1.368422493745651,1.3761142028320927,0.6842150958736183,0.6880621317868095
68269,738362.2884390708,1.368422493745651,1.3761142028320927,0.6842150958736183,0.6880621317868095
68270,738362.2890546037,1.368422493745651,1.3761142028320927,0.6842150958736183,0.6880621317868095
68271,738362.2897346629,1.368422493745651,1.3761142028320927,0.6842150958736183,0.6880621317868095
68272,738362.290147569,1.368422493745651,1.3761142028320927,0.6842150958736183,0.6880621317868095
68273,738362.2912064648,1.368422493745651,1.3761142028320927,0.6842150958736183,0.6880621317868095
68274,738362.2944015068,1.368422493745651,1.3761142028320927,0.6842150958736183,0.6880621317868095
68275,738362.2951266733,1.3684226844471978,1.376114349042711,0.6842150469179301,0.68806220486672
68276,738362.2963693151,1.3684226844471978,1.376114349042711,0.6842150469179301,0.68806220486672
68279,738362.3060955969,1.3684232805872683,1.3761148061039459,0.6842153449116962,0.6880624333179413
68281,738362.3124701452,1.3684232805872683,1.3761148061039459,0.6842153449116962,0.6880624333179413
68282,738362.3162502407,1.3684247438855703,1.376115928025641,0.6842160763736427,0.6880629940839046
68284,738362.3225530587,1.3684247438855703,1.376115928025641,0.6842160763736427,0.6880629940839046
68286,738362.3292727293,1.3684247438855703,1.376115928025641,0.6842160763736427,0.6880629940839046
68287,738362.34443745,1.3684247438855703,1.376115928025641,0.6842160763736427,0.6880629940839046
68291,738362.3635530631,1.3684247438855703,1.376115928025641,0.6842160763736427,0.6880629940839046
68292,738362.3666387713,1.3684247438855703,1.376115928025641,0.6842160763736427,0.6880629940839046
68293,738362.3722767862,1.3684247438855703,1.376115928025641,0.6842160763736427,0.6880629940839046
68294,738362.3745337614,1.3684251807217676,1.3761162629537673,0.6842162947358571,0.6880631614897902
68296,738362.3820299067,1.3684251807217676,1.3761162629537673,0.6842162947358571,0.6880631614897902
68297,738362.3835309054,1.3684251807217676,1.3761162629537673,0.6842162947358571,0.6880631614897902
68298,738362.3871586189,1.3684251807217676,1.3761162629537673,0.6842162947358571,0.6880631614897902
68302,738362.4169811207,1.3684251807217676,1.3761162629537673,0.6842162947358571,0.6880631614897902
68307,738362.4382721761,1.3684316125707212,1.3758805583379496,0.6842195098376105,0.6880601045267646
68309,738362.4453739666,1.3684316125707212,1.3758805583379496,0.6842195098376105,0.6880601045267646
68310,738362.4483016285,1.3684316125707212,1.3758805583379496,0.6842195098376105,0.6880601045267646
68313,738362.4601332259,1.3684316125707212,1.3758805583379496,0.6842195098376105,0.6880601045267646
68314,738362.4623134925,1.3684316125707212,1.3758805583379496,0.6842195098376105,0.6880601045267646
68320,738362.4910755517,1.3684316125707212,1.3758805583379496,0.6842195098376105,0.6880601045267646
68321,738362.5003673581,1.3684316125707212,1.3758805583379496,0.6842195098376105,0.6880601045267646
68323,738362.5238978424,1.3684316125707212,1.3758805583379496,0.6842195098376105,0.6880601045267646
68325,738362.5255176636,1.3684256600149138,1.3758865151738136,0.6842165343211157,0.6880633451668543
68326,738362.5263508344,1.3684256600149138,1.3758865151738136,0.6842165343211157,0.6880633451668543
68327,738362.5282182591,1.368426501995033,1.3758873601485768,0.6842169552034657,0.6880637641640993
68331,738362.5558183731,1.368426501995033,1.3758873601485768,0.6842169552034657,0.6880637641640993
68332,738362.5745390183,1.3684267286127307,1.3758873410278118,0.6842170684833252,0.6880637546826934
68333,738362.5756016687,1.3684267286127307,1.3758873410278118,0.6842170684833252,0.6880637546826934
68334,738362.5765763377,1.3684267286127307,1.3758873410278118,0.6842170684833252,0.6880637546826934
68338,738362.6127307527,1.3684267286127307,1.3758873410278118,0.6842170684833252,0.6880637546826934
68343,738362.6478701284,1.3684267286127307,1.3758873410278118,0.6842170684833252,0.6880637546826934
68345,738362.6645846944,1.3684267286127307,1.3758873410278118,0.6842170684833252,0.6880637546826934
68347,738362.677204234,1.3684267286127307,1.3758873410278118,0.6842170684833252,0.6880637546826934
68348,738362.6852715297,1.3684270074109735,1.3758867559501624,0.6842172078467824,0.6880638615263674
68349,738362.6934988766,1.3684270074109735,1.3758867559501624,0.6842172078467824,0.6880638615263674
68350,738362.7274525453,1.3684270074109735,1.3758867559501624,0.6842172078467824,0.6880638615263674
68351,738362.7279880197,1.3684270074109735,1.3758867559501624,0.6842172078467824,0.6880638615263674
68352,738362.7295602662,1.3684270074109735,1.3758867559501624,0.6842172078467824,0.6880638615263674
68353,738362.7402626269,1.3684270074109735,1.3758867559501624,0.6842172078467824,0.6880638615263674
68357,738362.7545495561,1.3684270074109735,1.3758867559501624,0.6842172078467824,0.6880638615263674
68358,738362.7643820813,1.368427475452547,1.3758873119445336,0.6842174418076977,0.6880641372194867
68359,738362.7726108294,1.368427475452547,1.3758873119445336,0.6842174418076977,0.6880641372194867
68360,738362.7730319587,1.368427475452547,1.3758873119445336,0.6842174418076977,0.6880641372194867
68362,738362.7919744203,1.368427475452547,1.3758873119445336,0.6842174418076977,0.6880641372194867
68364,738362.8206244569,1.368427475452547,1.3758873119445336,0.6842174418076977,0.6880641372194867
68365,738362.8221032318,1.368427475452547,1.3758873119445336,0.6842174418076977,0.6880641372194867
68366,738362.8280830848,1.3684285476453284,1.3758879463509397,0.6842179777669382,0.688064451793734
68367,738362.8651636804,1.3684285476453284,1.3758879463509397,0.6842179777669382,0.688064451793734
68368,738362.8725523879,1.3684290667571801,1.3758883475601071,0.6842182372564632,0.6880646507357518
68369,738362.8785264853,1.3684290667571801,1.3758883475601071,0.6842182372564632,0.6880646507357518
68372,738362.8992311024,1.3684290667571801,1.3758883475601071,0.6842182372564632,0.6880646507357518
68373,738362.9089293783,1.3684290667571801,1.3758883475601071,0.6842182372564632,0.6880646507357518
68374,738362.9181589035,1.3684290667571801,1.3758883475601071,0.6842182372564632,0.6880646507357518
68375,738362.9295795668,1.3684290667571801,1.3758883475601071,0.6842182372564632,0.6880646507357518
68376,738362.9487670982,1.3684290667571801,1.3758883475601071,0.6842182372564632,0.6880646507357518
68377,738362.957545404,1.3684290667571801,1.3758883475601071,0.6842182372564632,0.6880646507357518
68378,738362.9812416508,1.3684296229852213,1.3758839535653822,0.6842185152993367,0.6880648639029304
68379,738362.9838563348,1.3684296229852213,1.3758839535653822,0.6842185152993367,0.6880648639029304
68381,738363.0022980184,1.3684296229852213,1.3758839535653822,0.6842185152993367,0.6880648639029304
68384,738363.0171781274,1.3684296229852213,1.3758839535653822,0.6842185152993367,0.6880648639029304
68385,738363.027131857,1.3684296229852213,1.3758839535653822,0.6842185152993367,0.6880648639029304
68386,738363.0280071353,1.3684296229852213,1.3758839535653822,0.6842185152993367,0.6880648639029304
68388,738363.0417783051,1.3684296229852213,1.3758839535653822,0.6842185152993367,0.6880648639029304
68389,738363.0547344658,1.368430030595991,1.375882702172104,0.6842187190525851,0.6880650201150755
68390,738363.0621678272,1.3684329495059702,1.3758849586734445,0.6842201781342451,0.6880661387688007
68391,738363.0693776001,1.3684332481793864,1.3758851895697266,0.684220327432755,0.6880662532349773
68393,738363.0931975407,1.3684332481793864,1.3758851895697266,0.684220327432755,0.6880662532349773
68394,738363.1336447183,1.3684332481793864,1.3758851895697266,0.684220327432755,0.6880662532349773
68396,738363.1519930734,1.3684332481793864,1.3758851895697266,0.684220327432755,0.6880662532349773
68398,738363.2049384159,1.2652699300202905,1.368437699980055,0.620209265749636,0.6843786415954252
68399,738363.2099453157,1.3684335083105472,1.3758863131132515,0.6842204574650665,0.688067729035917
68400,738363.2223845373,1.3684338886641854,1.3758868014103747,0.6842207918185469,0.6880679710925718
68401,738363.2258077576,1.3684338886641854,1.3758868014103747,0.6842207918185469,0.6880679710925718
68402,738363.232028927,1.3685884230742966,1.3760063361698345,0.6842980385453284,0.6881272274260325
68403,738363.2334488713,1.368588664545249,1.3760063296019338,0.6842980157923253,0.6881272241701042
68404,738363.2386664164,1.368588664545249,1.3760063296019338,0.6842980157923253,0.6881272241701042
68406,738363.2407166711,1.368588664545249,1.3760063296019338,0.6842980157923253,0.6881272241701042
68407,738363.242409949,1.368588664545249,1.3760063296019338,0.6842980157923253,0.6881272241701042
68408,738363.2447512139,1.368588664545249,1.3760063296019338,0.6842980157923253,0.6881272241701042
68410,738363.247712744,1.368588664545249,1.3760063296019338,0.6842980157923253,0.6881272241701042
68412,738363.2579613724,1.332944675195485,1.3760053219730903,0.6664997880331244,0.6881266972659941
68413,738363.2593050828,1.332954279167647,1.3760074926587762,0.6665045809237697,0.688127773349556
68414,738363.2634509692,1.332954279167647,1.3760074926587762,0.6665045809237697,0.688127773349556
68415,738363.2659602911,1.3685890056286039,1.3760107209896815,0.6842981862906143,0.6881294011293064
68416,738363.2664219928,1.3685890056286039,1.3760107209896815,0.6842981862906143,0.6881294011293064
68417,738363.2732504572,1.3329665052457522,1.3760105207575644,0.6665106823884792,0.6881292744834357
68420,738363.3071252708,1.3329682120459025,1.3760109067087205,0.6665115341731267,0.6881294658129425
68424,738363.3312296919,1.3329682120459025,1.3760109067087205,0.6665115341731267,0.6881294658129425
68429,738363.3875358471,1.3685894761071078,1.3759999476354028,0.684298550802757,0.6881312422890787
68431,738363.3895341812,1.3685894761071078,1.3759999476354028,0.684298550802757,0.6881312422890787
68432,738363.3920912297,1.3759916969071213,1.3760003206201226,0.6880092020158018,0.6881314270980357
68433,738363.3941565449,1.3685907392214574,1.376000925520292,0.6842991821936207,0.6881317268180521
68436,738363.3977259628,1.3685986418704525,1.376006484300379,0.684454495547633,0.6881348542312321
68437,738363.3977268182,1.368615530202358,1.3760195609867825,0.6843115744213729,0.6881413334141101
68438,738363.4001732555,1.3686199198248916,1.376022766813993,0.6843137686552202,0.688142921828252
68440,738363.4083697945,1.3686199198248916,1.376022766813993,0.6843137686552202,0.688142921828252
68442,738363.4198574099,1.3686199198248916,1.376022766813993,0.6843137686552202,0.688142921828252
68443,738363.4217071558,1.3686199198248916,1.376022766813993,0.6843137686552202,0.688142921828252
68444,738363.4246905317,1.3686199198248916,1.376022766813993,0.6843137686552202,0.688142921828252
68448,738363.4543471396,1.368620272513644,1.3760228656108566,0.6843139449532067,0.6881430571517987
68451,738363.5921746258,1.368620272513644,1.3760228656108566,0.6843139449532067,0.6881430571517987
68452,738363.6100237478,1.368620272513644,1.3760228656108566,0.6843139449532067,0.6881430571517987
68454,738363.6280357662,1.368620272513644,1.3760228656108566,0.6843139449532067,0.6881430571517987
68457,738363.6518767097,1.3701890804508794,1.3772450905318014,0.6850981480652598,0.6887487524947862
68458,738363.653598863,1.3701894384270854,1.377235183085589,0.6850983270087609,0.68874889155356
68461,738363.656501679,1.3701894384270854,1.377235183085589,0.6850983270087609,0.68874889155356
68463,738363.6586386185,1.3701896306698635,1.3772353338032601,0.685098423106198,0.6887489662319919
68464,738363.6627643377,1.3701896306698635,1.3772353338032601,0.685098423106198,0.6887489662319919
68465,738363.6640219757,1.3701896306698635,1.3772353338032601,0.685098423106198,0.6887489662319919
68467,738363.6657293193,1.3701896306698635,1.3772353338032601,0.685098423106198,0.6887489662319919
68468,738363.6682434195,1.37019017247676,1.377235758579151,0.6850986939421417,0.6887491767023366
68469,738363.6714268787,1.37019017247676,1.377235758579151,0.6850986939421417,0.6887491767023366
68471,738363.6795002035,1.3701905979157354,1.377236092123949,0.6850989066086245,0.6887493419690067
68472,738363.6815644584,1.3701905979157354,1.377236092123949,0.6850989066086245,0.6887493419690067
68473,738363.68601671,1.3701905979157354,1.377236092123949,0.6850989066086245,0.6887493419690067
68474,738363.6866666236,1.3701905979157354,1.377236092123949,0.6850989066086245,0.6887493419690067
68475,738363.7035350644,1.3701905979157354,1.377236092123949,0.6850989066086245,0.6887493419690067
68476,738363.704149294,1.3701940958194365,1.377238834525856,0.6851006551247033,0.6887507007905228
68477,738363.7078566578,1.3701940958194365,1.377238834525856,0.6851006551247033,0.6887507007905228
68478,738363.7102106516,1.3701944928085867,1.3772391457750246,0.6851008535698245,0.6887508550101751
68479,738363.7206898791,1.3701946917724328,1.3772393017678757,0.6851009530269625,0.6887509323024779
68480,738363.7212768726,1.3701946917724328,1.3772393017678757,0.6851009530269625,0.6887509323024779
68481,738363.7221366353,1.3703735178249892,1.3773797840704873,0.6853327530697622,0.6888205408665983
68482,738363.7229007425,1.3703930586870998,1.3773951260437418,0.6853423373103736,0.6888281429528778
68483,738363.7241349136,1.3703934811552794,1.3773952733569428,0.6852003230398483,0.6888282159480744
68485,738363.7367454704,1.3703940380673847,1.3773957106380081,0.6852006014270012,0.6888284326253309
68486,738363.7386108511,1.3703940380673847,1.3773957106380081,0.6852006014270012,0.6888284326253309
68487,738363.739915434,1.3703940380673847,1.3773957106380081,0.6852006014270012,0.6888284326253309
68489,738363.7568517078,1.3703940380673847,1.3773957106380081,0.6852006014270012,0.6888284326253309
68490,738363.7692019579,1.3703940380673847,1.3773957106380081,0.6852006014270012,0.6888284326253309
68491,738363.7858877861,1.3703940380673847,1.3773957106380081,0.6852006014270012,0.6888284326253309
68492,738363.7861062231,1.3703942649393221,1.3773958887757967,0.6852007148349023,0.6888285208944421
68493,738363.7900075602,1.3703942649393221,1.3773958887757967,0.6852007148349023,0.6888285208944421
68494,738363.7903423114,1.370395024868953,1.3773964854678382,0.6852010947057041,0.6888288165615375
68496,738363.7937552341,1.370395024868953,1.3773964854678382,0.6852010947057041,0.6888288165615375
68497,738363.8205480356,1.3704032606711842,1.3774029523845468,0.6852052115880974,0.6888320209893496
68498,738363.8254009371,1.3773950608367567,1.3774031367363475,0.6887156855471436,0.688832112337773
68499,738363.8274301934,1.370403804925136,1.3774035641066367,0.6852054836477622,0.6888323241046542
68502,738363.8372735855,1.370403804925136,1.3774035641066367,0.6852054836477622,0.6888323241046542
68503,738363.8404098621,1.370403804925136,1.3774035641066367,0.6852054836477622,0.6888323241046542
68504,738363.8446246507,1.370404002455788,1.3774035348680553,0.6852055823886588,0.6888323096166009
68505,738363.8464662114,1.370409831391932,1.3774082964482404,0.6852084961359178,0.6888346690360858
68506,738363.8505097876,1.370409831391932,1.3774082964482404,0.6852084961359178,0.6888346690360858
68507,738363.8532844654,1.370409831391932,1.3774082964482404,0.6852084961359178,0.6888346690360858
68508,738363.8536821521,1.370409831391932,1.3774082964482404,0.6852084961359178,0.6888346690360858
68509,738363.8585746544,1.370409831391932,1.3774082964482404,0.6852084961359178,0.6888346690360858
68510,738363.8591268366,1.370409831391932,1.3774082964482404,0.6852084961359178,0.6888346690360858
68512,738363.8829477902,1.370409831391932,1.3774082964482404,0.6852084961359178,0.6888346690360858
68513,738363.8907885117,1.370409831391932,1.3774082964482404,0.6852084961359178,0.6888346690360858
68514,738363.8971499847,1.370409831391932,1.3774082964482404,0.6852084961359178,0.6888346690360858
68515,738363.8992648954,1.3704106176039619,1.3774087295294533,0.68520888914472,0.6888348836331388
68516,738363.9098085396,1.3704106176039619,1.3774087295294533,0.68520888914472,0.6888348836331388
68519,738363.9468861315,1.3704106176039619,1.3774087295294533,0.68520888914472,0.6888348836331388
68520,738363.9489618225,1.3704106176039619,1.3774087295294533,0.68520888914472,0.6888348836331388
68522,738363.9700299232,1.3704106176039619,1.3774087295294533,0.68520888914472,0.6888348836331388
68524,738363.9925806621,1.3704106176039619,1.3774087295294533,0.68520888914472,0.6888348836331388
68526,738364.0217283902,1.3704106176039619,1.3774087295294533,0.68520888914472,0.6888348836331388
68527,738364.0300235188,1.3704106176039619,1.3774087295294533,0.68520888914472,0.6888348836331388
68528,738364.0455920149,1.3704106176039619,1.3774087295294533,0.68520888914472,0.6888348836331388
68529,738364.048068149,1.3704106176039619,1.3774087295294533,0.68520888914472,0.6888348836331388
68530,738364.0495290552,1.3704106176039619,1.3774087295294533,0.68520888914472,0.6888348836331388
68531,738364.0512461918,1.3704106176039619,1.3774087295294533,0.68520888914472,0.6888348836331388
68533,738364.0700340702,1.3704106176039619,1.3774087295294533,0.68520888914472,0.6888348836331388
68534,738364.0749243515,1.231295361074991,1.1903017080444138,0.6156476805374955,0.5944372538934437
68535,738364.0888058537,1.231295361074991,1.1903017080444138,0.6156476805374955,0.5944372538934437
68537,738364.1006783015,1.3704132509870228,1.3774109818125708,0.6853518535760368,0.6888359996675136
68538,738364.1018329234,1.3704132509870228,1.3774109818125708,0.6853518535760368,0.6888359996675136
68539,738364.103848009,1.3704132509870228,1.3774109818125708,0.6853518535760368,0.6888359996675136
68540,738364.1067242927,1.3704132509870228,1.3774109818125708,0.6853518535760368,0.6888359996675136
68541,738364.1281671094,1.3704134417494573,1.377410947316977,0.6852103008682923,0.6888359825745106
68542,738364.1325828371,1.3704134417494573,1.377410947316977,0.6852103008682923,0.6888359825745106
68543,738364.1337241727,1.3704134417494573,1.377410947316977,0.6852103008682923,0.6888359825745106
68544,738364.1426473708,1.3704134417494573,1.377410947316977,0.6852103008682923,0.6888359825745106
68546,738364.1509605135,1.3704134417494573,1.377410947316977,0.6852103008682923,0.6888359825745106
68547,738364.1515414687,1.3704134417494573,1.377410947316977,0.6852103008682923,0.6888359825745106
68548,738364.1517199874,1.3704134417494573,1.377410947316977,0.6852103008682923,0.6888359825745106
68549,738364.1534549873,1.3704134417494573,1.377410947316977,0.6852103008682923,0.6888359825745106
68550,738364.1809809791,1.3704134417494573,1.377410947316977,0.6852103008682923,0.6888359825745106
68551,738364.2164340855,1.3704141031833812,1.3774114667444866,0.6852106315034798,0.6888362399574277
68552,738364.2247888736,1.3704141031833812,1.3774114667444866,0.6852106315034798,0.6888362399574277
68553,738364.2256803536,1.3704141031833812,1.3774114667444866,0.6852106315034798,0.6888362399574277
68554,738364.2344727671,1.3704141031833812,1.3774114667444866,0.6852106315034798,0.6888362399574277
68555,738364.2641514956,1.3704141031833812,1.3774114667444866,0.6852106315034798,0.6888362399574277
68556,738364.2659470451,1.3704141031833812,1.3774114667444866,0.6852106315034798,0.6888362399574277
68558,738364.307108844,1.3704141031833812,1.3774114667444866,0.6852106315034798,0.6888362399574277
68559,738364.3099861229,1.3704141031833812,1.3774114667444866,0.6852106315034798,0.6888362399574277
68560,738364.3568134137,1.3704141031833812,1.3774114667444866,0.6852106315034798,0.6888362399574277
68569,738364.3992268429,1.3704155172533494,1.377394853944075,0.685211338363646,0.6888367902169971
68573,738364.4320716425,1.3704155172533494,1.377394853944075,0.685211338363646,0.6888367902169971
68575,738364.4413404661,1.3704155172533494,1.377394853944075,0.685211338363646,0.6888367902169971
68577,738364.44707242,1.3704155172533494,1.377394853944075,0.685211338363646,0.6888367902169971
68580,738364.4606865982,1.3704155172533494,1.377394853944075,0.685211338363646,0.6888367902169971
68582,738364.4763480414,1.3704155172533494,1.377394853944075,0.685211338363646,0.6888367902169971
68586,738364.5233960953,1.3704155172533494,1.377394853944075,0.685211338363646,0.6888367902169971
68589,738364.5564729932,1.3704155172533494,1.377394853944075,0.685211338363646,0.6888367902169971
68590,738364.5618804314,1.3704155172533494,1.377394853944075,0.685211338363646,0.6888367902169971
68592,738364.6208797545,1.3704158161066469,1.3773942714060619,0.6853536901484907,0.6888369978286771
68594,738364.6433809025,1.3704158161066469,1.3773942714060619,0.6853536901484907,0.6888369978286771
68596,738364.7168294635,1.3704158161066469,1.3773942714060619,0.6853536901484907,0.6888369978286771
68598,738364.7376112506,1.3704158161066469,1.3773942714060619,0.6853536901484907,0.6888369978286771
68599,738364.7435956794,1.370416268433549,1.3768583230625107,0.6852117138608828,0.688837173844002
68601,738364.7467873469,1.370416268433549,1.3768583230625107,0.6852117138608828,0.688837173844002
68603,738364.7726749083,1.370416268433549,1.3768583230625107,0.6852117138608828,0.688837173844002
68604,738364.7777880877,1.370416268433549,1.3768583230625107,0.6852117138608828,0.688837173844002
68605,738364.7813795457,1.3704164728178305,1.37556682766943,0.6852118160277575,0.6888371620608822
68607,738364.798198083,1.3704164728178305,1.37556682766943,0.6852118160277575,0.6888371620608822
68608,738364.7995280322,1.3704164728178305,1.37556682766943,0.6852118160277575,0.6888371620608822
68612,738364.8813194995,1.3704164728178305,1.37556682766943,0.6852118160277575,0.6888371620608822
68613,738364.8825809498,1.3704164728178305,1.37556682766943,0.6852118160277575,0.6888371620608822
68614,738364.8944615659,1.3704164728178305,1.37556682766943,0.6852118160277575,0.6888371620608822
68615,738364.9151303234,1.3704164728178305,1.37556682766943,0.6852118160277575,0.6888371620608822
68616,738364.9292727546,1.3704164728178305,1.37556682766943,0.6852118160277575,0.6888371620608822
68617,738364.9379078058,1.3704164728178305,1.37556682766943,0.6852118160277575,0.6888371620608822
68618,738364.9465546936,1.3704164728178305,1.37556682766943,0.6852118160277575,0.6888371620608822
68619,738364.9530077137,1.3704164728178305,1.37556682766943,0.6852118160277575,0.6888371620608822
68620,738364.9579764341,1.3704164728178305,1.37556682766943,0.6852118160277575,0.6888371620608822
68621,738364.9619706395,1.3704164728178305,1.37556682766943,0.6852118160277575,0.6888371620608822
68623,738364.9668358582,1.3704164728178305,1.37556682766943,0.6852118160277575,0.6888371620608822
68624,738365.0008734077,1.3704164728178305,1.37556682766943,0.6852118160277575,0.6888371620608822
68625,738365.0028810046,1.3704164728178305,1.37556682766943,0.6852118160277575,0.6888371620608822
68628,738365.0231532645,1.3704164728178305,1.37556682766943,0.6852118160277575,0.6888371620608822
68629,738365.0244060438,1.3704164728178305,1.37556682766943,0.6852118160277575,0.6888371620608822
68630,738365.0250828578,1.3704164728178305,1.37556682766943,0.6852118160277575,0.6888371620608822
68631,738365.02645712,1.3704164728178305,1.37556682766943,0.6852118160277575,0.6888371620608822
68632,738365.0401921143,1.3704164728178305,1.37556682766943,0.6852118160277575,0.6888371620608822
68633,738365.0420728237,1.3704164728178305,1.37556682766943,0.6852118160277575,0.6888371620608822
68634,738365.0440190902,1.3704164728178305,1.37556682766943,0.6852118160277575,0.6888371620608822
68638,738365.0672210505,1.3704164728178305,1.37556682766943,0.6852118160277575,0.6888371620608822
68640,738365.0871798913,1.3704164728178305,1.37556682766943,0.6852118160277575,0.6888371620608822
68641,738365.0924842899,1.3704170900397359,1.3753086652273372,0.6852121245624098,0.6888374022451692
68644,738365.1153023357,1.3704170900397359,1.3753086652273372,0.6852121245624098,0.6888374022451692
68647,738365.1345519772,1.3704170900397359,1.3753086652273372,0.6852121245624098,0.6888374022451692
68649,738365.1955776641,1.370417421502094,1.3753079933545684,0.6852122902526144,0.6888375312301236
68656,738365.2664973646,1.370417421502094,1.3753079933545684,0.6852122902526144,0.6888375312301236
68658,738365.2762133951,1.3704176330604303,1.3752972471663218,0.6852123960056306,0.6888376135559093
68660,738365.2885617097,1.3704176330604303,1.3752972471663218,0.6852123960056306,0.6888376135559093
68661,738365.307762474,1.3704176330604303,1.3752972471663218,0.6852123960056306,0.6888376135559093
68662,738365.3281261973,1.3704176330604303,1.3752972471663218,0.6852123960056306,0.6888376135559093
68664,738365.3480571662,1.3704176330604303,1.3752972471663218,0.6852123960056306,0.6888376135559093
68667,738365.3869749889,1.3704176330604303,1.3752972471663218,0.6852123960056306,0.6888376135559093
68669,738365.3949327682,1.3704176330604303,1.3752972471663218,0.6852123960056306,0.6888376135559093
68673,738365.4336534698,1.3704178237939952,1.375296843874603,0.6852124913488354,0.6888376877780604
68674,738365.4377804284,1.2295670971599404,1.3707651983602698,0.6267139517010605,0.6867329672777533
68676,738365.4644213947,1.2295670971599404,1.3707651983602698,0.6267139517010605,0.6867329672777533
68679,738365.5503678609,1.3752552889205132,1.375264604667159,0.6887208597462425,0.6888375305552031
68682,738365.56673665,1.370419327562191,1.3752642898435212,0.6852132430470503,0.6888376022579947
68683,738365.5761167213,1.3704197644801153,1.3752634318021062,0.6852134614520065,0.6888377722906898
68684,738365.5768248424,1.3752546030691926,1.3752639190364815,0.688721329395209,0.688837996434384
68685,738365.5938892999,1.3752546030691926,1.3752639190364815,0.688721329395209,0.688837996434384
68687,738365.6029912086,1.3704210249547903,1.37526317029538,0.6852140915335447,0.6888382628251507
68688,738365.6411214963,1.3704210249547903,1.37526317029538,0.6852140915335447,0.6888382628251507
68689,738365.6675029377,1.3704215442015364,1.3752636095761614,0.6852143510927389,0.6888384648999429
68690,738365.7117268892,1.3704215442015364,1.3752636095761614,0.6852143510927389,0.6888384648999429
68691,738365.7260769134,1.3704215442015364,1.3752636095761614,0.6852143510927389,0.6888384648999429
68692,738365.7294889047,1.3704218993150716,1.3752639100015664,0.6852145286056152,0.6888386030996226
68693,738365.7315326927,1.3704218993150716,1.3752639100015664,0.6852145286056152,0.6888386030996226
68694,738365.7450566641,1.3704218993150716,1.3752639100015664,0.6852145286056152,0.6888386030996226
68695,738365.7468470422,1.3704218993150716,1.3752639100015664,0.6852145286056152,0.6888386030996226
68696,738365.7859102401,1.3704218993150716,1.3752639100015664,0.6852145286056152,0.6888386030996226
68697,738365.7956370482,1.3704218993150716,1.3752639100015664,0.6852145286056152,0.6888386030996226
68699,738365.8279094308,1.3704218993150716,1.3752639100015664,0.6852145286056152,0.6888386030996226
68700,738365.9022430151,1.3704218993150716,1.3752639100015664,0.6852145286056152,0.6888386030996226
68701,738365.9078509379,1.3704218993150716,1.3752639100015664,0.6852145286056152,0.6888386030996226
68703,738365.9319609238,1.3704218993150716,1.3752639100015664,0.6852145286056152,0.6888386030996226
68704,738365.9461621646,1.3704218993150716,1.3752639100015664,0.6852145286056152,0.6888386030996226
68705,738365.952398691,1.3704218993150716,1.3752639100015664,0.6852145286056152,0.6888386030996226
68708,738366.0189933004,1.3704218993150716,1.3752639100015664,0.6852145286056152,0.6888386030996226
68709,738366.0221503278,1.3704218993150716,1.3752639100015664,0.6852145286056152,0.6888386030996226
68710,738366.0232678296,1.3704218993150716,1.3752639100015664,0.6852145286056152,0.6888386030996226
68711,738366.0262975531,1.3704218993150716,1.3752639100015664,0.6852145286056152,0.6888386030996226
68712,738366.0969767604,1.3704218993150716,1.3752639100015664,0.6852145286056152,0.6888386030996226
68713,738366.0998487801,1.3704218993150716,1.3752639100015664,0.6852145286056152,0.6888386030996226
68714,738366.123648967,1.3704218993150716,1.3752639100015664,0.6852145286056152,0.6888386030996226
68717,738366.1723823444,1.3704218993150716,1.3752639100015664,0.6852145286056152,0.6888386030996226
68721,738366.2451564851,1.3704218993150716,1.3752639100015664,0.6852145286056152,0.6888386030996226
68727,738366.3007390667,1.3704218993150716,1.3752639100015664,0.6852145286056152,0.6888386030996226
68735,738366.4236660259,1.3704218993150716,1.3752639100015664,0.6852145286056152,0.6888386030996226
68736,738366.4308494619,1.3704218993150716,1.3752639100015664,0.6852145286056152,0.6888386030996226
68737,738366.4310410711,1.3704218993150716,1.3752639100015664,0.6852145286056152,0.6888386030996226
68739,738366.4379281014,1.3704218993150716,1.3752639100015664,0.6852145286056152,0.6888386030996226
68740,738366.4538331915,1.3704220835462713,1.375246899883696,0.6852146206984447,0.688838674797102
68743,738366.4662889695,1.3704220835462713,1.375246899883696,0.6852146206984447,0.688838674797102
68744,738366.4703264065,1.3704220835462713,1.375246899883696,0.6852146206984447,0.688838674797102
68745,738366.4782854577,1.3704220835462713,1.375246899883696,0.6852146206984447,0.688838674797102
68750,738366.5207291072,1.3704224265976952,1.3712068469943923,0.685214792181757,0.6888388083031101
68755,738366.6503587668,1.3704226612122192,1.3711954576106142,0.6852149094600218,0.6888388996087149
68758,738366.7091446611,1.3704226612122192,1.3711954576106142,0.6852149094600218,0.6888388996087149
68759,738366.723410805,1.3706563293215526,1.3714214734871992,0.6853317147509205,0.6889300089253635
68760,738366.7257996696,1.3706563293215526,1.3714214734871992,0.6853317147509205,0.6889300089253635
68762,738366.7599683176,1.3706563293215526,1.3714214734871992,0.6853317147509205,0.6889300089253635
68766,738366.7859646052,1.3706577808890181,1.3714117676902677,0.6853353286847598,0.688930574844396
68765,738366.7859693231,1.3706579225752928,1.371404242196035,0.6853292200229393,0.6889268644872567
68767,738366.7880237413,1.3706579225752928,1.371404242196035,0.6853292200229393,0.6889268644872567
68768,738366.7891125447,1.3706579225752928,1.371404242196035,0.6853292200229393,0.6889268644872567
68769,738366.8019351272,1.373000646073181,1.3736930733029626,0.6866331925523708,0.6898517379591141
68770,738366.8045997231,1.373000646073181,1.3736930733029626,0.6866331925523708,0.6898517379591141
68771,738366.8075437613,1.373000646073181,1.3736930733029626,0.6866331925523708,0.6898517379591141
68772,738366.8192373067,1.373000646073181,1.3736930733029626,0.6866331925523708,0.6898517379591141
68773,738366.8247525061,1.373000646073181,1.3736930733029626,0.6866331925523708,0.6898517379591141
68774,738366.8273182324,1.373000646073181,1.3736930733029626,0.6866331925523708,0.6898517379591141
68775,738366.8282031213,1.373000646073181,1.3736930733029626,0.6866331925523708,0.6898517379591141
68776,738366.8462801886,1.373000646073181,1.3736930733029626,0.6866331925523708,0.6898517379591141
68778,738366.8735970291,1.373000646073181,1.3736930733029626,0.6866331925523708,0.6898517379591141
68779,738366.880271717,1.373000646073181,1.3736930733029626,0.6866331925523708,0.6898517379591141
68780,738366.8933166055,1.373000646073181,1.3736930733029626,0.6866331925523708,0.6898517379591141
68781,738366.8937363398,1.373000559497427,1.3736917506852397,0.6865035537592259,0.6898518846214851
68782,738366.9092237714,1.373001303679285,1.3736836426611845,0.6865039257660132,0.689852264944486
68783,738366.9140372295,1.373001303679285,1.3736836426611845,0.6865039257660132,0.689852264944486
68784,738366.9283850028,1.373001303679285,1.3736836426611845,0.6865039257660132,0.689852264944486
68785,738366.9327864468,1.373001303679285,1.3736836426611845,0.6865039257660132,0.689852264944486
68786,738366.957491715,1.373001303679285,1.3736836426611845,0.6865039257660132,0.689852264944486
68787,738366.9633815504,1.3730015336495958,1.37368336155189,0.6865040407251671,0.6898522710330981
68789,738366.9729703544,1.3730015336495958,1.37368336155189,0.6865040407251671,0.6898522710330981
68791,738366.9786220707,1.3730015336495958,1.37368336155189,0.6865040407251671,0.6898522710330981
68792,738366.9824639078,1.3730015336495958,1.37368336155189,0.6865040407251671,0.6898522710330981
68793,738366.9905525632,1.3730015336495958,1.37368336155189,0.6865040407251671,0.6898522710330981
68796,738367.0514183166,1.3730015336495958,1.37368336155189,0.6865040407251671,0.6898522710330981
68797,738367.0553815998,1.3730181886684578,1.373697250419508,0.686512366352061,0.6898589629972841
68799,738367.0640496816,1.3730181886684578,1.373697250419508,0.686512366352061,0.6898589629972841
68802,738367.075336099,1.3730181886684578,1.373697250419508,0.686512366352061,0.6898589629972841
68803,738367.1207866793,1.3730181886684578,1.373697250419508,0.686512366352061,0.6898589629972841
68804,738367.1294495619,1.3730181886684578,1.373697250419508,0.686512366352061,0.6898589629972841
68805,738367.1315421952,1.3730181886684578,1.373697250419508,0.686512366352061,0.6898589629972841
68806,738367.1367367532,1.3730181886684578,1.373697250419508,0.686512366352061,0.6898589629972841
68807,738367.1463311369,1.3730181886684578,1.373697250419508,0.686512366352061,0.6898589629972841
68808,738367.1807437756,1.3730181886684578,1.373697250419508,0.686512366352061,0.6898589629972841
68809,738367.1856694783,1.3730181886684578,1.373697250419508,0.686512366352061,0.6898589629972841
68812,738367.2315735712,1.3730181886684578,1.373697250419508,0.686512366352061,0.6898589629972841
68813,738367.2374797198,1.3730181886684578,1.373697250419508,0.686512366352061,0.6898589629972841
68817,738367.3296787778,1.3730181886684578,1.373697250419508,0.686512366352061,0.6898589629972841
68818,738367.3343027644,1.3730181886684578,1.373697250419508,0.686512366352061,0.6898589629972841
68819,738367.3479454364,1.3730181886684578,1.373697250419508,0.686512366352061,0.6898589629972841
68821,738367.3577278843,1.3730181886684578,1.373697250419508,0.686512366352061,0.6898589629972841
68822,738367.364430419,1.373018663365649,1.3736971982306443,0.6865126036470169,0.6898590662228629
68829,738367.4564570913,1.373018663365649,1.3736971982306443,0.6865126036470169,0.6898590662228629
68834,738367.5077131917,1.3730358933098412,1.3737142385909136,0.6865212166727623,0.6898659870620136
68835,738367.5124463835,1.3730358933098412,1.3737142385909136,0.6865212166727623,0.6898659870620136
68836,738367.5161360445,1.3730358933098412,1.3737142385909136,0.6865212166727623,0.6898659870620136
68837,738367.5202465638,1.3730358933098412,1.3737142385909136,0.6865212166727623,0.6898659870620136
68838,738367.5283266985,1.373036518698444,1.3737148494976181,0.6865215292964396,0.6898662351922692
68847,738367.648788059,1.265199725890328,1.2622623283737933,0.5905519033943175,0.6200554718557515
68848,738367.6555698122,1.265199725890328,1.2622623283737933,0.5905519033943175,0.6200554718557515
68854,738367.7622617352,1.265199725890328,1.2622623283737933,0.5905519033943175,0.6200554718557515
68856,738367.8211459366,1.3730371228428249,1.3736657995562644,0.6865244918307044,0.6898664748946819
68857,738367.831191922,1.3730371228428249,1.3736657995562644,0.6865244918307044,0.6898664748946819
68860,738367.8889093713,1.3730371228428249,1.3736657995562644,0.6865244918307044,0.6898664748946819
68862,738367.8958809362,1.3730371228428249,1.3736657995562644,0.6865244918307044,0.6898664748946819
68863,738367.9550191568,1.373037360600435,1.3736658224558884,0.6865219501523628,0.6898664841798791
68864,738367.9688145895,1.373037360600435,1.3736658224558884,0.6865219501523628,0.6898664841798791
68866,738368.009388816,1.3021455710661272,1.2623952073656697,0.5954566536021896,0.6665020686553024
68868,738368.0266443945,1.3730376067113061,1.3736659041700536,0.6865220731800066,0.6898665818287141
68869,738368.0316665741,1.3730376067113061,1.3736659041700536,0.6865220731800066,0.6898665818287141
68870,738368.0586024661,1.373039630260537,1.3736660443331448,0.6865232077441271,0.6898674697574365
68871,738368.0702207164,1.373039630260537,1.3736660443331448,0.6865232077441271,0.6898674697574365
68872,738368.0809235306,1.3752012801731874,1.375782883632686,0.6876012889363157,0.690729662305147
68873,738368.0818045489,1.3752018808893878,1.3757834724022915,0.6876015892809539,0.6907299042796229
68874,738368.084018307,1.3752018808893878,1.3757834724022915,0.6876015892809539,0.6907299042796229
68875,738368.0892285196,1.3752030387496652,1.3757846072365945,0.6876021681851461,0.6907303706800421
68876,738368.1008030054,1.3752338292341053,1.3758147857321217,0.6876175627377609,0.6907427747972458
68877,738368.1019641969,1.3752338292341053,1.3758147857321217,0.6876175627377609,0.6907427747972458
68878,738368.1022146291,1.3752338292341053,1.3758147857321217,0.6876175627377609,0.6907427747972458
68879,738368.1141914754,1.3752338292341053,1.3758147857321217,0.6876175627377609,0.6907427747972458
68881,738368.1294730905,1.3752338292341053,1.3758147857321217,0.6876175627377609,0.6907427747972458
68885,738368.1515850928,1.3752338292341053,1.3758147857321217,0.6876175627377609,0.6907427747972458
68886,738368.1554528243,1.3752338292341053,1.3758147857321217,0.6876175627377609,0.6907427747972458
68888,738368.170176645,1.3752338292341053,1.3758147857321217,0.6876175627377609,0.6907427747972458
68889,738368.194861748,1.3752349465532336,1.3758160755947053,0.6876182354282011,0.6907433050143239
68893,738368.2450359983,1.3752349465532336,1.3758160755947053,0.6876182354282011,0.6907433050143239
68896,738368.2551232146,1.3752349465532336,1.3758160755947053,0.6876182354282011,0.6907433050143239
68899,738368.2859067898,1.3752349465532336,1.3758160755947053,0.6876182354282011,0.6907433050143239
68900,738368.2939705449,1.3756286891829927,1.3762018537676923,0.6878145800837985,0.690901746547632
68901,738368.2972783896,1.3756286891829927,1.3762018537676923,0.6878145800837985,0.690901746547632
68904,738368.3404866627,1.3756286891829927,1.3762018537676923,0.6878145800837985,0.690901746547632
68916,738368.4803917669,1.2623646687875587,1.3762006782451193,0.6665026325722959,0.6909011034497983
68922,738368.6280225145,1.2623646687875587,1.3762006782451193,0.6665026325722959,0.6909011034497983
68927,738368.6810902028,1.258319321598512,1.3761259475675378,0.6665035778728224,0.6909010311570863
68928,738368.7263197358,1.258319321598512,1.3761259475675378,0.6665035778728224,0.6909010311570863
68929,738368.7403113317,1.3756288992032275,1.3761290504999915,0.6878146180692623,0.6909025394101506
68935,738368.8244559747,1.3756288992032275,1.3761290504999915,0.6878146180692623,0.6909025394101506
68941,738368.9674553762,1.3756288992032275,1.3761290504999915,0.6878146180692623,0.6909025394101506
68942,738368.9996173594,1.3756288992032275,1.3761290504999915,0.6878146180692623,0.6909025394101506
68943,738369.0149316125,1.3769541028658572,1.3774317960977223,0.6884772123635069,0.6914401863893764
68944,738369.0164621818,1.3769541028658572,1.3774317960977223,0.6884772123635069,0.6914401863893764
68945,738369.0187885582,1.3769541028658572,1.3774317960977223,0.6884772123635069,0.6914401863893764
68946,738369.0204626689,1.3769541028658572,1.3774317960977223,0.6884772123635069,0.6914401863893764
68949,738369.0323849192,1.3769541028658572,1.3774317960977223,0.6884772123635069,0.6914401863893764
68951,738369.0484472023,1.3769541028658572,1.3774317960977223,0.6884772123635069,0.6914401863893764
68952,738369.056885514,1.3769541028658572,1.3774317960977223,0.6884772123635069,0.6914401863893764
68953,738369.0596651906,1.3773252914581167,1.3777969488570425,0.6886628046096226,0.6915916067165475
68954,738369.0642243584,1.3773252914581167,1.3777969488570425,0.6886628046096226,0.6915916067165475
68955,738369.0668641183,1.3773252914581167,1.3777969488570425,0.6886628046096226,0.6915916067165475
68956,738369.0718634457,1.3773252914581167,1.3777969488570425,0.6886628046096226,0.6915916067165475
68957,738369.0791526939,1.3773252914581167,1.3777969488570425,0.6886628046096226,0.6915916067165475
68958,738369.0849357521,1.3773252914581167,1.3777969488570425,0.6886628046096226,0.6915916067165475
68959,738369.0981372696,1.3773252914581167,1.3777969488570425,0.6886628046096226,0.6915916067165475
68960,738369.1082767309,1.3773252914581167,1.3777969488570425,0.6886628046096226,0.6915916067165475
68961,738369.1196300237,1.3773266152013475,1.377798251211053,0.6886634664739741,0.6915921473547686
68962,738369.1594985004,1.3773266152013475,1.377798251211053,0.6886634664739741,0.6915921473547686
68964,738369.1703955431,1.3773266152013475,1.377798251211053,0.6886634664739741,0.6915921473547686
68965,738369.2007140826,1.3773266152013475,1.377798251211053,0.6886634664739741,0.6915921473547686
68966,738369.2086566298,1.3773266152013475,1.377798251211053,0.6886634664739741,0.6915921473547686
68967,738369.2252805379,1.3773266152013475,1.377798251211053,0.6886634664739741,0.6915921473547686
68968,738369.2284847068,1.3773266152013475,1.377798251211053,0.6886634664739741,0.6915921473547686
68969,738369.2345911314,1.3773266152013475,1.377798251211053,0.6886634664739741,0.6915921473547686
68975,738369.3446849635,1.3773266152013475,1.377798251211053,0.6886634664739741,0.6915921473547686
68980,738369.3819638016,1.3773562342879895,1.3778273919600494,0.6886782758548506,0.6916042454542629
68986,738369.4292891433,1.3773562342879895,1.3778273919600494,0.6886782758548506,0.6916042454542629
68992,738369.5076332144,1.3773562342879895,1.3778273919600494,0.6886782758548506,0.6916042454542629
68993,738369.5277575377,1.2314304250660812,1.2314603404106876,0.6157152125330406,0.5948063709588796
68997,738369.5701539505,1.2314304250660812,1.2314603404106876,0.6157152125330406,0.5948063709588796
68999,738369.6405031466,1.3773563951110532,1.3778275501871924,0.6886783562655009,0.6916043111496246
69002,738369.7662864035,1.377356561584847,1.377827126103255,0.6886784395014853,0.6916043791533494
69003,738369.7667069167,1.377356561584847,1.377827126103255,0.6886784395014853,0.6916043791533494
69004,738369.7690859636,1.377356561584847,1.377827126103255,0.6886784395014853,0.6916043791533494
69005,738369.7713935038,1.377356561584847,1.377827126103255,0.6886784395014853,0.6916043791533494
69006,738369.7888231024,1.377356561584847,1.377827126103255,0.6886784395014853,0.6916043791533494
69007,738369.8033376299,1.3773567224060932,1.377826696452513,0.6886785199112267,0.6916043876303816
69008,738369.8232130862,1.3773999755596555,1.3778692536859054,0.6887001462510904,0.6916220588421954
69009,738369.8324388692,1.3773999755596555,1.3778692536859054,0.6887001462510904,0.6916220588421954
69011,738369.8690427585,1.3773999755596555,1.3778692536859054,0.6887001462510904,0.6916220588421954
69014,738369.8865127056,1.3773999755596555,1.3778692536859054,0.6887001462510904,0.6916220588421954
69019,738369.9938369053,1.3773999755596555,1.3778692536859054,0.6887001462510904,0.6916220588421954
69020,738370.0078775616,1.2650846541070095,1.2623141319103945,0.5894669259087636,0.6200797687022125
69021,738370.0084542844,1.2650846541070095,1.2623141319103945,0.5894669259087636,0.6200797687022125
69024,738370.0506554804,1.2650846541070095,1.2623141319103945,0.5894669259087636,0.6200797687022125
69025,738370.0887975798,1.2650846541070095,1.2623141319103945,0.5894669259087636,0.6200797687022125
69030,738370.123564295,1.2650846541070095,1.2623141319103945,0.5894669259087636,0.6200797687022125
69035,738370.166980844,1.2650846541070095,1.2623141319103945,0.5894669259087636,0.6200797687022125
69037,738370.1862718179,1.2650846541070095,1.2623141319103945,0.5894669259087636,0.6200797687022125
69039,738370.2633585135,1.2650846541070095,1.2623141319103945,0.5894669259087636,0.6200797687022125
69051,738370.4374400419,1.2650846541070095,1.2623141319103945,0.5894669259087636,0.6200797687022125
69052,738370.4506460382,1.377408798782395,1.37751267203512,0.6887046636236925,0.6916257395071806
69053,738370.4696367831,1.377408798782395,1.37751267203512,0.6887046636236925,0.6916257395071806
69056,738370.5168424076,1.377408798782395,1.37751267203512,0.6887046636236925,0.6916257395071806
69061,738370.6278789,1.377408798782395,1.37751267203512,0.6887046636236925,0.6916257395071806
69062,738370.6506649371,1.377408798782395,1.37751267203512,0.6887046636236925,0.6916257395071806
69063,738370.6588130349,1.377408798782395,1.37751267203512,0.6887046636236925,0.6916257395071806
69064,738370.6710961969,1.377408798782395,1.37751267203512,0.6887046636236925,0.6916257395071806
69069,738370.8148085345,1.377408798782395,1.37751267203512,0.6887046636236925,0.6916257395071806
69070,738370.83267562,1.377408798782395,1.37751267203512,0.6887046636236925,0.6916257395071806
69071,738370.8385878382,1.377408798782395,1.37751267203512,0.6887046636236925,0.6916257395071806
69078,738370.9307945401,1.3774176193171357,1.377434984850835,0.6887089050253955,0.6916290504996234
69077,738370.9308086768,1.3774400030787355,1.3774432092957218,0.6915352709145152,0.6916324136097907
69080,738371.0428289456,1.3774400030787355,1.3774432092957218,0.6915352709145152,0.6916324136097907
69081,738371.0462257259,1.3774400030787355,1.3774432092957218,0.6915352709145152,0.6916324136097907
69082,738371.0587916604,1.3774400030787355,1.3774432092957218,0.6915352709145152,0.6916324136097907
69089,738371.262818254,1.3774400030787355,1.3774432092957218,0.6915352709145152,0.6916324136097907
69092,738371.302768215,1.3774400030787355,1.3774432092957218,0.6915352709145152,0.6916324136097907
69103,738371.4383559775,1.3774400030787355,1.3774432092957218,0.6915352709145152,0.6916324136097907
69104,738371.449747322,1.377358239955938,1.3773756411302793,0.6887130826775595,0.6916322980939025
69105,738371.4515863771,1.377358239955938,1.3773756411302793,0.6887130826775595,0.6916322980939025
69110,738371.5340750144,1.3773586931832298,1.3773754969728185,0.6887133087601836,0.6916321266893832
69112,738371.5523912867,1.3773590745209752,1.3773760626135783,0.6887134989822697,0.6916323574598009
69116,738371.6754368534,1.3773590745209752,1.3773760626135783,0.6887134989822697,0.6916323574598009
69130,738372.0549647184,1.3773590745209752,1.3773760626135783,0.6887134989822697,0.6916323574598009
69132,738372.1704962928,1.3773590745209752,1.3773760626135783,0.6887134989822697,0.6916323574598009
69140,738372.3177712333,1.3773590745209752,1.3773760626135783,0.6887134989822697,0.6916323574598009
69141,738372.3537668369,1.2267098770110954,1.3775079510709607,0.6668293351796037,0.6916862538477041
69150,738372.4040833549,1.2266976666440934,1.377508081109718,0.6668296308300689,0.6916863069452739
69153,738372.454410275,1.3773592939556667,1.3775107846065109,0.6887136084425222,0.6916874884817749
69162,738372.7086040283,1.3773592939556667,1.3775107846065109,0.6887136084425222,0.6916874884817749
69164,738372.7224927042,1.3773592939556667,1.3775107846065109,0.6887136084425222,0.6916874884817749
69165,738372.7921128115,1.3773592939556667,1.3775107846065109,0.6887136084425222,0.6916874884817749
69168,738372.911611074,1.3773592939556667,1.3775107846065109,0.6887136084425222,0.6916874884817749
69171,738372.9793961815,1.3773592939556667,1.3775107846065109,0.6887136084425222,0.6916874884817749
69173,738373.018035662,1.3773592939556667,1.3775107846065109,0.6887136084425222,0.6916874884817749
69174,738373.0212203095,1.3773592939556667,1.3775107846065109,0.6887136084425222,0.6916874884817749
69179,738373.1008899213,1.3773592939556667,1.3775107846065109,0.6887136084425222,0.6916874884817749
69191,738373.334520284,1.37736277153912,1.37751442768734,0.6887154488908289,0.691688976063846
69195,738373.4003644439,1.2267054006604967,1.3775114109628823,0.666830161446828,0.6915960170576656
69201,738373.4630723033,1.2267054006604967,1.3775114109628823,0.666830161446828,0.6915960170576656
69203,738373.5140056052,1.2267054006604967,1.3775114109628823,0.666830161446828,0.6915960170576656
69218,738373.9910781361,1.226832473681498,1.3775121074472494,0.6668330333834316,0.691688185439745
69219,738373.999344694,1.226832473681498,1.3775121074472494,0.6668330333834316,0.691688185439745
69220,738374.0125014376,1.3021508706683638,1.172551766344288,0.5779464040254275,0.6195984156254464
69222,738374.0727557115,1.3021508706683638,1.172551766344288,0.5779464040254275,0.6195984156254464
69223,738374.0739846156,1.3021508706683638,1.172551766344288,0.5779464040254275,0.6195984156254464
69232,738374.3902060532,1.3021508706683638,1.172551766344288,0.5779464040254275,0.6195984156254464
69234,738374.4171751934,1.3021508706683638,1.172551766344288,0.5779464040254275,0.6195984156254464
69235,738374.4216274208,1.3021508706683638,1.172551766344288,0.5779464040254275,0.6195984156254464
69236,738374.428650237,1.3021508706683638,1.172551766344288,0.5779464040254275,0.6195984156254464
69238,738374.6925067297,1.3773631152940229,1.377512374198661,0.6887155146348667,0.691689476528149
69242,738374.8004970662,1.3773631152940229,1.377512374198661,0.6887155146348667,0.691689476528149
69252,738375.0904247236,1.3773631152940229,1.377512374198661,0.6887155146348667,0.691689476528149
69264,738375.3452721935,1.377169244631285,1.3773187140708025,0.6887155921160877,0.6916895396206603
69274,738375.4291257644,1.377169244631285,1.3773187140708025,0.6887155921160877,0.6916895396206603
69289,738375.7798151487,1.2314177103551158,1.1725318762803016,0.6157088551775579,0.6196601765504253
69294,738375.8387063318,1.3771747980371003,1.3773242388838112,0.6887243836248601,0.6916966989027418
69300,738375.9609044435,1.3771747980371003,1.3773242388838112,0.6887243836248601,0.6916966989027418
69303,738376.0946179753,1.3771747980371003,1.3773242388838112,0.6887243836248601,0.6916966989027418
69304,738376.1237762929,1.3771747980371003,1.3773242388838112,0.6887243836248601,0.6916966989027418
69305,738376.1930558695,1.3771747980371003,1.3773242388838112,0.6887243836248601,0.6916966989027418
69306,738376.2102787897,1.3771747980371003,1.3773242388838112,0.6887243836248601,0.6916966989027418
69326,738376.6424507964,1.37731711566165,1.3773229906116962,0.6916005585095363,0.6916969261504072
69328,738376.6477086773,1.3771739832284824,1.3773234282700548,0.6887247885147525,0.6916970286404418
69332,738376.731881513,1.3771762171429942,1.377325650684033,0.6887258948909031,0.6916979296692606
69333,738376.738915303,1.3771762171429942,1.377325650684033,0.6887258948909031,0.6916979296692606
69336,738376.8284215992,1.3771763681679308,1.3773258009315021,0.6887259696880595,0.6916979905842612
69337,738376.8561087217,1.3771765415667874,1.3773259734377163,0.688726055566209,0.6916980605237236
69343,738376.9100403338,1.3771765415667874,1.3773259734377163,0.688726055566209,0.6916980605237236
69344,738376.9302035696,1.3771765415667874,1.3773259734377163,0.688726055566209,0.6916980605237236
69345,738376.9514547891,1.3771764400536384,1.3773258724471478,0.6887261184995005,0.6916981117768629
69356,738377.1668941077,1.1506630132638713,1.3771953052232369,0.6189186029452091,0.6888471486424341
69385,738377.9085208102,1.1479917184121944,1.172496813302538,0.6307863648909514,0.5939552163258257
69387,738377.9821457141,1.1479917184121944,1.172496813302538,0.6307863648909514,0.5939552163258257
69391,738378.0256124147,1.3393014289094132,1.339851051798321,0.6887262278643754,0.6916066885531671
69400,738378.1481734259,1.3393014289094132,1.339851051798321,0.6887262278643754,0.6916066885531671
69431,738378.8629702089,1.3393014289094132,1.339851051798321,0.6887262278643754,0.6916066885531671
69433,738378.9609663603,1.3393014289094132,1.339851051798321,0.6887262278643754,0.6916066885531671
69446,738379.4587514127,1.3393014289094132,1.339851051798321,0.6887262278643754,0.6916066885531671
69454,738379.6708468236,1.3393014289094132,1.339851051798321,0.6887262278643754,0.6916066885531671
69458,738379.7002797861,1.3393014289094132,1.339851051798321,0.6887262278643754,0.6916066885531671
69460,738379.7968220653,1.3393014289094132,1.339851051798321,0.6887262278643754,0.6916066885531671
69461,738379.8177356767,1.3393014289094132,1.339851051798321,0.6887262278643754,0.6916066885531671
69464,738379.9096181196,1.3393014289094132,1.339851051798321,0.6887262278643754,0.6916066885531671
69474,738380.1602355046,1.370341554958165,1.370518728155315,0.6952240067546877,0.6965407063096439
69475,738380.1610967745,1.3704193561210676,1.370596055313009,0.6952434447400854,0.6965584553797186
69476,738380.1621164571,1.3704193561210676,1.370596055313009,0.6952434447400854,0.6965584553797186
69477,738380.1627817767,1.370419711261441,1.3705964082925834,0.6952435335289254,0.6965584828903923
69479,738380.1736621537,1.370419711261441,1.3705964082925834,0.6952435335289254,0.6965584828903923
69480,738380.1797136647,1.370419883209031,1.3705965791939936,0.6952435765178326,0.6965583488020971
69481,738380.1841743425,1.370419883209031,1.3705965791939936,0.6952435765178326,0.6965583488020971
69482,738380.1848984389,1.370419883209031,1.3705965791939936,0.6952435765178326,0.6965583488020971
69484,738380.1979866725,1.370420786896728,1.370596748368665,0.6952438853129538,0.6965584329698721
69487,738380.2651526466,1.370420786896728,1.370596748368665,0.6952438853129538,0.6965584329698721
69491,738380.3283273691,1.370420786896728,1.370596748368665,0.6952438853129538,0.6965584329698721
69492,738380.3456327613,1.3704200079880426,1.3705967032138164,0.6952437434630931,0.696555371519224
69494,738380.359669444,1.3704200079880426,1.3705967032138164,0.6952437434630931,0.696555371519224
69501,738380.5138929245,1.3704200079880426,1.3705967032138164,0.6952437434630931,0.696555371519224
69503,738380.5179174995,1.3704200079880426,1.3705967032138164,0.6952437434630931,0.696555371519224
69504,738380.5310296827,1.3704201160777822,1.3705960816143004,0.6952438181680866,0.6965551858133237
69509,738380.7534156388,1.3704201160777822,1.3705960816143004,0.6952438181680866,0.6965551858133237
69511,738380.7737477291,1.370416283218592,1.3705922719807093,0.6952438788903009,0.6965453968923782
69512,738380.7794436945,1.306245968773485,1.3705992445935782,0.6610226725802294,0.6965470534384327
69514,738380.8240437213,1.306245968773485,1.3705992445935782,0.6610226725802294,0.6965470534384327
69518,738380.9261059298,1.3704164739610494,1.370602183065815,0.6952439265713689,0.6965449952131451
69523,738380.9882379099,1.3704168817569768,1.370602588254461,0.695244028511158,0.6965450883908058
69527,738381.1515705078,1.3704168817569768,1.370602588254461,0.695244028511158,0.6965450883908058
69528,738381.2066924148,1.3704168817569768,1.370602588254461,0.695244028511158,0.6965450883908058
69532,738381.2578367958,1.3704168817569768,1.370602588254461,0.695244028511158,0.6965450883908058
69533,738381.2697403298,1.3704172895471607,1.3706029934374369,0.6952441304502291,0.6965450989443271
69536,738381.4292552037,1.3704172895471607,1.3706029934374369,0.6952441304502291,0.6965450989443271
69544,738381.7119621114,1.3704172895471607,1.3706029934374369,0.6952441304502291,0.6965450989443271
69546,738381.8019976603,1.3704172895471607,1.3706029934374369,0.6952441304502291,0.6965450989443271
69554,738382.0366045462,1.3704172895471607,1.3706029934374369,0.6952441304502291,0.6965450989443271
69555,738382.0931820159,1.3704172895471607,1.3706029934374369,0.6952441304502291,0.6965450989443271
69574,738382.5156893133,1.3704172895471607,1.3706029934374369,0.6952441304502291,0.6965450989443271
69581,738382.8138705373,1.3704172895471607,1.3706029934374369,0.6952441304502291,0.6965450989443271
69585,738382.9586061725,1.3675416215052372,1.367746648448345,0.6952441798060527,0.6954629521920681
69594,738383.0882477354,1.3675416215052372,1.367746648448345,0.6952441798060527,0.6954629521920681
69595,738383.1409254378,1.3675416215052372,1.367746648448345,0.6952441798060527,0.6954629521920681
69597,738383.1662633109,1.3675416215052372,1.367746648448345,0.6952441798060527,0.6954629521920681
69624,738383.8704980105,1.3662960477536423,1.3665074689952321,0.695702786512603,0.6958923082479874
69625,738383.892149471,1.3662960477536423,1.3665074689952321,0.695702786512603,0.6958923082479874
69626,738383.8926700684,1.3662977945377617,1.3665092030707697,0.6957031534347763,0.6958926703978935
69628,738383.9327857998,1.3665094540159026,1.36671932825836,0.6957477087942311,0.6959366471474608
69629,738383.9346839673,1.3665094540159026,1.36671932825836,0.6957477087942311,0.6959366471474608
69630,738383.9482740281,1.3665094540159026,1.36671932825836,0.6957477087942311,0.6959366471474608
69632,738383.9735221025,1.3665094540159026,1.36671932825836,0.6957477087942311,0.6959366471474608
69635,738384.0082909422,1.3665094540159026,1.36671932825836,0.6957477087942311,0.6959366471474608
69636,738384.0266083083,1.3665094540159026,1.36671932825836,0.6957477087942311,0.6959366471474608
69637,738384.0269448103,1.3665094540159026,1.36671932825836,0.6957477087942311,0.6959366471474608
69642,738384.068173094,1.3665094540159026,1.36671932825836,0.6957477087942311,0.6959366471474608
69644,738384.0786743358,1.3640126779980632,1.3642413797005835,0.6957480745795797,0.6959370081898767
69645,738384.0809969781,1.3640126779980632,1.3642413797005835,0.6957480745795797,0.6959370081898767
69646,738384.105417622,1.3640126779980632,1.3642413797005835,0.6957480745795797,0.6959370081898767
69647,738384.1063299434,1.3640126779980632,1.3642413797005835,0.6957480745795797,0.6959370081898767
69656,738384.3657385388,1.3640126779980632,1.3642413797005835,0.6957480745795797,0.6959370081898767
69676,738384.6336298737,1.3640126779980632,1.3642413797005835,0.6957480745795797,0.6959370081898767
69679,738384.7263210053,1.3640126779980632,1.3642413797005835,0.6957480745795797,0.6959370081898767
69682,738384.8099912413,1.3640126779980632,1.3642413797005835,0.6957480745795797,0.6959370081898767
69683,738384.8458761574,1.3640126779980632,1.3642413797005835,0.6957480745795797,0.6959370081898767
69684,738384.8969445103,1.3640126779980632,1.3642413797005835,0.6957480745795797,0.6959370081898767
69685,738384.8998687188,1.3640126779980632,1.3642413797005835,0.6957480745795797,0.6959370081898767
69686,738384.9494615755,1.3640126779980632,1.3642413797005835,0.6957480745795797,0.6959370081898767
69692,738385.1505858246,1.3640126779980632,1.3642413797005835,0.6957480745795797,0.6959370081898767
69703,738385.4137834134,1.3640126779980632,1.3642413797005835,0.6957480745795797,0.6959370081898767
69705,738385.5457263336,1.3638819623091427,1.3641116947844238,0.6957484665153849,0.6958246246564517
69706,738385.5610130517,1.3638819623091427,1.3641116947844238,0.6957484665153849,0.6958246246564517
69708,738385.7357420943,1.3638819623091427,1.3641116947844238,0.6957484665153849,0.6958246246564517
69711,738385.9089349022,1.363882735804687,1.3641124621668959,0.695748615522438,0.6957983019529247
69714,738386.0714975003,1.363882735804687,1.3641124621668959,0.695748615522438,0.6957983019529247
69717,738386.1436356832,1.363882735804687,1.3641124621668959,0.695748615522438,0.6957983019529247
69721,738386.2354171744,1.363882735804687,1.3641124621668959,0.695748615522438,0.6957983019529247
69740,738386.492448114,1.2351112691251807,1.2351120650033285,0.6307290277580258,0.6148177763884543
69743,738386.6896795528,1.2351112691251807,1.2351120650033285,0.6307290277580258,0.6148177763884543
69749,738386.9933799618,1.2351112691251807,1.2351120650033285,0.6307290277580258,0.6148177763884543
69761,738387.2942993501,1.2351112691251807,1.2351120650033285,0.6307290277580258,0.6148177763884543
69763,738387.3233893816,1.2275603948580158,1.364086543225103,0.65073232109355,0.6957771746620884
69765,738387.3323669201,1.2275603948580158,1.364086543225103,0.65073232109355,0.6957771746620884
69766,738387.3422203418,1.2351441961991638,1.2286481069674022,0.6307922555430652,0.6148016913579012
69774,738387.4653124681,1.2351441961991638,1.2286481069674022,0.6307922555430652,0.6148016913579012
69796,738387.9514130158,1.2351441961991638,1.2286481069674022,0.6307922555430652,0.6148016913579012
69811,738388.2274710445,1.2351441961991638,1.2286481069674022,0.6307922555430652,0.6148016913579012
69824,738388.7063763735,1.2351441961991638,1.2286481069674022,0.6307922555430652,0.6148016913579012
69834,738388.8765928837,1.3638491060404456,1.3638644094542842,0.6957279904990692,0.6957774185879761
69876,738389.8016792666,1.2940151738787158,1.228727191561105,0.6508624375216846,0.5865189716078104
69884,738390.0242775225,1.2940151738787158,1.228727191561105,0.6508624375216846,0.5865189716078104
69892,738390.1663566872,1.2940151738787158,1.228727191561105,0.6508624375216846,0.5865189716078104
69929,738390.8419980794,1.2940151738787158,1.228727191561105,0.6508624375216846,0.5865189716078104
69957,738391.437545149,1.2940151738787158,1.228727191561105,0.6508624375216846,0.5865189716078104
69961,738391.5640547334,1.2940151738787158,1.228727191561105,0.6508624375216846,0.5865189716078104
69983,738392.2912540192,1.3638151010986346,1.3638281093076499,0.6870764694337804,0.6871640076590311
69984,738392.3040791242,1.3638151010986346,1.3638281093076499,0.6870764694337804,0.6871640076590311
69987,738392.3607012072,1.3638151010986346,1.3638281093076499,0.6870764694337804,0.6871640076590311
69998,738392.551802781,1.1775851887042776,1.3638197602279667,0.5749851608235607,0.6870798586330746
69999,738392.5650502046,1.1775851887042776,1.3638197602279667,0.5749851608235607,0.6870798586330746
70020,738393.5673692492,1.1775851887042776,1.3638197602279667,0.5749851608235607,0.6870798586330746
70026,738393.8537893371,1.1775851887042776,1.3638197602279667,0.5749851608235607,0.6870798586330746
70037,738394.3677331877,1.1775851887042776,1.3638197602279667,0.5749851608235607,0.6870798586330746
70070,738394.9837677486,1.1775851887042776,1.3638197602279667,0.5749851608235607,0.6870798586330746
70071,738394.9908178573,1.1775851887042776,1.3638197602279667,0.5749851608235607,0.6870798586330746
70082,738395.3113245795,1.2958084069612945,1.2949097916985854,0.686233736963416,0.6863211524579529
70083,738395.3158678609,1.2958084069612945,1.2949097916985854,0.686233736963416,0.6863211524579529
70084,738395.3176675679,1.2947803876564992,1.2949156605528411,0.6862341721188592,0.686321584993689
70088,738395.3854688656,1.2947803876564992,1.2949156605528411,0.6862341721188592,0.686321584993689
70095,738395.582792636,1.2947803876564992,1.2949156605528411,0.6862341721188592,0.686321584993689
70097,738395.6091493078,1.2947803876564992,1.2949156605528411,0.6862341721188592,0.686321584993689
70107,738395.7847708699,1.2947803876564992,1.2949156605528411,0.6862341721188592,0.686321584993689
70109,738395.8039838035,1.2947803876564992,1.2949156605528411,0.6862341721188592,0.686321584993689
70110,738395.8159402226,1.2947803876564992,1.2949156605528411,0.6862341721188592,0.686321584993689
70117,738395.914138821,1.2947803876564992,1.2949156605528411,0.6862341721188592,0.686321584993689
70129,738396.330160978,1.2940038129501847,1.2949258266711206,0.651014181219448,0.6863207932048065
70148,738396.7699513326,1.2940038129501847,1.2949258266711206,0.651014181219448,0.6863207932048065
70182,738397.7820990871,1.2940038129501847,1.2949258266711206,0.651014181219448,0.6863207932048065
70183,738397.7845654711,1.2940038129501847,1.2949258266711206,0.651014181219448,0.6863207932048065
70187,738397.8921723649,1.2940038129501847,1.2949258266711206,0.651014181219448,0.6863207932048065
70189,738397.945120717,1.2949112656104451,1.294917113216797,0.6848973935343793,0.6849929661671044
70201,738398.1399488725,1.2949112656104451,1.294917113216797,0.6848973935343793,0.6849929661671044
70207,738398.2918073385,1.294921167678368,1.2949305229541381,0.6835612283374845,0.6836660087801991
70208,738398.3138267046,1.294921167678368,1.2949305229541381,0.6835612283374845,0.6836660087801991
70238,738398.8366053844,1.294921167678368,1.2949305229541381,0.6835612283374845,0.6836660087801991
70272,738399.48183409,1.294921167678368,1.2949305229541381,0.6835612283374845,0.6836660087801991
70287,738399.7491584008,1.29492124687441,1.2947999022478285,0.6820262942341039,0.6821413519311764
70293,738399.8203927191,1.29492124687441,1.2947999022478285,0.6820262942341039,0.6821413519311764
70322,738399.9528103368,1.29492124687441,1.2947999022478285,0.6820262942341039,0.6821413519311764
70328,738399.9891063276,1.29492124687441,1.2947999022478285,0.6820262942341039,0.6821413519311764
70331,738400.0167628481,1.2940125493475785,1.2948040793344182,0.6127682119209361,0.6806455354732336
70334,738400.031948994,1.2940125493475785,1.2948040793344182,0.6127682119209361,0.6806455354732336
70336,738400.0359029043,1.2940125493475785,1.2948040793344182,0.6127682119209361,0.6806455354732336
70337,738400.0399192456,1.2940125493475785,1.2948040793344182,0.6127682119209361,0.6806455354732336
70348,738400.0753704823,1.2940125493475785,1.2948040793344182,0.6127682119209361,0.6806455354732336
70352,738400.0883641866,1.2940125493475785,1.2948040793344182,0.6127682119209361,0.6806455354732336
70362,738400.1274276467,1.2343160372056972,1.2947966783856488,0.619766890285757,0.6821067764573879
70387,738400.3592069912,1.2349315160599201,1.294105723648804,0.6174657580299601,0.6125192376590216
70388,738400.3602050162,1.2017046798715068,1.2941143718790868,0.6179385198584281,0.6125665739172311
70392,738400.3773937995,1.2017046798715068,1.2941143718790868,0.6179385198584281,0.6125665739172311
70399,738400.414796797,1.2017046798715068,1.2941143718790868,0.6179385198584281,0.6125665739172311
70400,738400.4238283659,1.2017046798715068,1.2941143718790868,0.6179385198584281,0.6125665739172311
70407,738400.5599779264,1.2949200628880249,1.29479724316649,0.681984844389387,0.682100602266692
70416,738400.7435912056,1.2949200628880249,1.29479724316649,0.681984844389387,0.682100602266692
70421,738400.9371988097,1.2949200628880249,1.29479724316649,0.681984844389387,0.682100602266692
70422,738400.9735228696,1.2949200628880249,1.29479724316649,0.681984844389387,0.682100602266692
70434,738401.3271236484,1.2019675505091805,1.294153737234793,0.6009837752545902,0.6127328606061812
70460,738401.8865818023,1.2019675505091805,1.294153737234793,0.6009837752545902,0.6127328606061812
70466,738401.9968752927,1.2019675505091805,1.294153737234793,0.6009837752545902,0.6127328606061812
70482,738402.7475404997,1.2019675505091805,1.294153737234793,0.6009837752545902,0.6127328606061812
70486,738402.9856660618,1.2019675505091805,1.294153737234793,0.6009837752545902,0.6127328606061812
70488,738403.0498535963,1.2019675505091805,1.294153737234793,0.6009837752545902,0.6127328606061812
70504,738403.1971186954,1.2948028484681655,1.234072489826861,0.6819704429593572,0.6819791390863531
70507,738403.3371616949,1.2948028484681655,1.234072489826861,0.6819704429593572,0.6819791390863531
70524,738403.7801093686,1.2948028484681655,1.234072489826861,0.6819704429593572,0.6819791390863531
70549,738404.7169041893,1.2948028484681655,1.234072489826861,0.6819704429593572,0.6819791390863531
70553,738404.8291363317,1.2015690701300377,1.2343049081261528,0.6805815577130829,0.615673016325397
70562,738405.1051996435,1.2938970890906225,1.1985535519133128,0.5869171881669096,0.681976841781657
70564,738405.1136534123,1.1996010801613406,1.199046332740214,0.6819696504339792,0.6819774292610842
70569,738405.2626185026,1.1995756326509681,1.19885427062047,0.6819752437543815,0.6819775661404945
70570,738405.3181615671,1.2343480437844585,1.19850414723935,0.6819691838959593,0.6819768660692919
70581,738405.4943987398,1.2343480437844585,1.19850414723935,0.6819691838959593,0.6819768660692919
70583,738405.5849887822,1.2343480437844585,1.19850414723935,0.6819691838959593,0.6819768660692919
70594,738405.9795225326,1.293897183293581,1.2012034153304258,0.5869201662120366,0.6819640464045189
70598,738406.0830343404,1.200069400486483,1.1987178026139416,0.6819559549061301,0.6819637676251298
70602,738406.1238522149,1.199761192939356,1.1986604449880647,0.681956368885024,0.6819641813806695
70615,738406.4076162858,1.199761192939356,1.1986604449880647,0.681956368885024,0.6819641813806695
70616,738406.4134737849,1.199761192939356,1.1986604449880647,0.681956368885024,0.6819641813806695
70629,738406.8732693862,1.199761192939356,1.1986604449880647,0.681956368885024,0.6819641813806695
70630,738406.8850683189,1.199761192939356,1.1986604449880647,0.681956368885024,0.6819641813806695
70637,738407.0649071725,1.199761192939356,1.1986604449880647,0.681956368885024,0.6819641813806695
70640,738407.1364135674,1.1992793289079435,1.1991886696445553,0.6819546372394568,0.6819629693542348
70647,738407.3198172707,1.2053725656649066,1.205328361436102,0.6819664362867442,0.6819746247092255
70649,738407.3250586444,1.2053563232849251,1.2055548612111098,0.6819669112530956,0.6819750994069992
70650,738407.3399519494,1.2051749432164698,1.2056936418439583,0.6819672041072075,0.6819753920955162
70672,738407.5992836138,1.234396778810907,1.205165193901734,0.586956872758121,0.6819755733424597
70673,738407.6053749416,1.234396778810907,1.205165193901734,0.586956872758121,0.6819755733424597
70674,738407.6722847619,1.2058451828383465,1.2063589458524282,0.6819688508365807,0.6819772005795423
70678,738407.7782530385,1.2058451828383465,1.2063589458524282,0.6819688508365807,0.6819772005795423
70685,738407.8913509577,1.2058451828383465,1.2063589458524282,0.6819688508365807,0.6819772005795423
70687,738407.9264644139,1.2058451828383465,1.2063589458524282,0.6819688508365807,0.6819772005795423
70697,738408.198365036,1.2058451828383465,1.2063589458524282,0.6819688508365807,0.6819772005795423
70731,738408.7730535843,1.2058451828383465,1.2063589458524282,0.6819688508365807,0.6819772005795423
70744,738409.0437121188,1.2062436426956922,1.206403521429113,0.6819692914170372,0.6819771227465604
70745,738409.0444898349,1.2069713062888074,1.2072341288037587,0.6819711176531238,0.6819789479950392
70746,738409.0937212956,1.2069713062888074,1.2072341288037587,0.6819711176531238,0.6819789479950392
70748,738409.1046000915,1.2073219226441136,1.2077520821922392,0.6819722831524972,0.6819801128641888
70751,738409.1505593791,1.2073219226441136,1.2077520821922392,0.6819722831524972,0.6819801128641888
70755,738409.2373319042,1.2073219226441136,1.2077520821922392,0.6819722831524972,0.6819801128641888
70837,738409.9901656187,1.2073219226441136,1.2077520821922392,0.6819722831524972,0.6819801128641888
70839,738410.1917982401,1.2073219226441136,1.2077520821922392,0.6819722831524972,0.6819801128641888
70862,738410.8027460417,1.2058669351056657,1.1797207084102819,0.6471085021518591,0.647664537749377
70866,738411.0362538105,1.2341504368571834,1.1851675498407521,0.6469444668640971,0.6477228595382546
70874,738411.1372589873,1.2057597798443784,1.1802463488218495,0.6144517698591727,0.6476654267676205
70890,738411.3889892411,1.2057597798443784,1.1802463488218495,0.6144517698591727,0.6476654267676205
70903,738411.7042211712,1.2057597798443784,1.1802463488218495,0.6144517698591727,0.6476654267676205
70909,738411.8906601233,1.1794468976987529,1.1854200633265164,0.6476441397522783,0.6477122816474055
70934,738412.4583074582,1.1794468976987529,1.1854200633265164,0.6476441397522783,0.6477122816474055
70937,738412.5731480292,1.1794468976987529,1.1854200633265164,0.6476441397522783,0.6477122816474055
70944,738412.7023033146,1.2117583284814235,1.2125128848799422,0.6481728276315958,0.6482024056990279
70949,738412.8869142922,1.2117583284814235,1.2125128848799422,0.6481728276315958,0.6482024056990279
70951,738412.9535184605,1.2117583284814235,1.2125128848799422,0.6481728276315958,0.6482024056990279
70952,738412.9728897343,1.2117583284814235,1.2125128848799422,0.6481728276315958,0.6482024056990279
70955,738413.0357558758,1.1984752981788764,1.201707915541059,0.6470110621377205,0.580389909842541
70956,738413.0362007119,1.212465565326261,1.2132021430364586,0.6481931894121877,0.6482227259484535
70957,738413.0395689897,1.212465565326261,1.2132021430364586,0.6481931894121877,0.6482227259484535
70966,738413.1535324531,1.212465565326261,1.2132021430364586,0.6481931894121877,0.6482227259484535
70988,738413.3784779344,1.212465565326261,1.2132021430364586,0.6481931894121877,0.6482227259484535
70991,738413.3978927005,1.1988242312598667,1.213542823072747,0.6469572592980032,0.6482552439120846
70992,738413.4145899173,1.1988242312598667,1.213542823072747,0.6469572592980032,0.6482552439120846
71017,738413.9824597191,1.1988242312598667,1.213542823072747,0.6469572592980032,0.6482552439120846
71029,738414.4041475762,1.212337288589738,1.2133281914180711,0.612783840033834,0.6132009410558809
71030,738414.4046118569,1.212337288589738,1.2133281914180711,0.612783840033834,0.6132009410558809
71049,738415.0045635375,1.212337288589738,1.2133281914180711,0.612783840033834,0.6132009410558809
71052,738415.0342106177,1.212337288589738,1.2133281914180711,0.612783840033834,0.6132009410558809
71053,738415.0859146285,1.212337288589738,1.2133281914180711,0.612783840033834,0.6132009410558809
71066,738415.3502546154,1.2015018945355336,1.1576138997453884,0.6469516830388129,0.5798333260807611
71081,738415.6760050621,1.2015018945355336,1.1576138997453884,0.6469516830388129,0.5798333260807611
71087,738415.8983433511,1.2015018945355336,1.1576138997453884,0.6469516830388129,0.5798333260807611
71090,738415.9411895816,1.2015018945355336,1.1576138997453884,0.6469516830388129,0.5798333260807611
71092,738415.9831707155,1.2015018945355336,1.1576138997453884,0.6469516830388129,0.5798333260807611
71095,738416.039049061,1.2015018945355336,1.1576138997453884,0.6469516830388129,0.5798333260807611
71108,738416.3602000144,1.212915776011102,1.2132854358550855,0.6126594183728055,0.6130960274991666
71122,738416.867873583,1.212915776011102,1.2132854358550855,0.6126594183728055,0.6130960274991666
71125,738416.9010019404,1.212915776011102,1.2132854358550855,0.6126594183728055,0.6130960274991666
71127,738416.9269937504,1.1790214686814398,1.158090156027187,0.6470138669696852,0.5795264523855436
71132,738417.1627539971,1.1790214686814398,1.158090156027187,0.6470138669696852,0.5795264523855436
71151,738417.6864878441,1.1790214686814398,1.158090156027187,0.6470138669696852,0.5795264523855436
71152,738417.7056283937,1.1795954134509747,1.2131690970605942,0.6027684008225159,0.6129553121212603
71153,738417.7065362204,1.1795954134509747,1.2131690970605942,0.6027684008225159,0.6129553121212603
71187,738418.4713462858,1.159903613336898,1.213823959251578,0.5722662636648099,0.6133170539784718
71213,738419.2069185021,1.159903613336898,1.213823959251578,0.5722662636648099,0.6133170539784718
71255,738420.0147163194,1.159903613336898,1.213823959251578,0.5722662636648099,0.6133170539784718
71276,738420.8013599624,1.159903613336898,1.213823959251578,0.5722662636648099,0.6133170539784718
71317,738421.9439433675,1.2124284909956864,1.2121827770648579,0.612639703451874,0.6129447724913174
71342,738422.7108886015,1.1786592763372525,1.2074430077387768,0.5993025660936527,0.6130570715069681
71349,738422.9547249817,1.1786592763372525,1.2074430077387768,0.5993025660936527,0.6130570715069681
71351,738423.1299048845,1.1786592763372525,1.2074430077387768,0.5993025660936527,0.6130570715069681
71359,738423.4353402986,1.1786592763372525,1.2074430077387768,0.5993025660936527,0.6130570715069681
71370,738423.60811851,1.1786592763372525,1.2074430077387768,0.5993025660936527,0.6130570715069681
71375,738423.7873689821,1.2071825650711079,1.2118908661391843,0.6025867964431544,0.612878947151782
71377,738423.7908128125,1.2071825650711079,1.2118908661391843,0.6025867964431544,0.612878947151782
71378,738423.8022188657,1.2071825650711079,1.2118908661391843,0.6025867964431544,0.612878947151782
71379,738423.8149910186,1.2071630262801798,1.211778299927649,0.602362813618775,0.6128930427395807
71381,738423.8484708419,1.2071630262801798,1.211778299927649,0.602362813618775,0.6128930427395807
71382,738423.9191049049,1.208933681814602,1.2136474504001584,0.6037531400880772,0.6135521374775306
71383,738423.919700075,1.2090468699382533,1.209588220418392,0.5901945619507776,0.6136924166018709
71385,738423.924782928,1.2090468699382533,1.209588220418392,0.5901945619507776,0.6136924166018709
71387,738423.9271519467,1.2090468699382533,1.209588220418392,0.5901945619507776,0.6136924166018709
71388,738423.9307419095,1.2090468699382533,1.209588220418392,0.5901945619507776,0.6136924166018709
71389,738423.9442241071,1.2090468699382533,1.209588220418392,0.5901945619507776,0.6136924166018709
71392,738424.0136344742,1.2090468699382533,1.209588220418392,0.5901945619507776,0.6136924166018709
71393,738424.0149039598,1.208881218955701,1.2099820007636517,0.5906682340927982,0.6138518199044242
71394,738424.0170416707,1.2120068386716984,1.209870739369406,0.6126059387758126,0.6140220760990901
71399,738424.1495104564,1.2084694062589156,1.2099540827033863,0.5905378401468224,0.6138945522077253
71405,738424.3026293177,1.208242606723333,1.2093444573367138,0.5906742696129325,0.6139131109303005
71424,738424.6396020246,1.208242606723333,1.2093444573367138,0.5906742696129325,0.6139131109303005
71430,738424.8778534262,1.208242606723333,1.2093444573367138,0.5906742696129325,0.6139131109303005
71440,738425.056594525,1.208242606723333,1.2093444573367138,0.5906742696129325,0.6139131109303005
71442,738425.0981116467,1.208242606723333,1.2093444573367138,0.5906742696129325,0.6139131109303005
71464,738425.6756148724,1.208242606723333,1.2093444573367138,0.5906742696129325,0.6139131109303005
71469,738425.8177101419,1.208242606723333,1.2093444573367138,0.5906742696129325,0.6139131109303005
71475,738425.9319440334,1.208242606723333,1.2093444573367138,0.5906742696129325,0.6139131109303005
71478,738425.9626089856,1.1777914588540073,1.2067006916209233,0.5991490814225774,0.6084397942194706
71480,738426.0193984126,1.1777914588540073,1.2067006916209233,0.5991490814225774,0.6084397942194706
71484,738426.1116551656,1.1777914588540073,1.2067006916209233,0.5991490814225774,0.6084397942194706
71492,738426.2897534661,1.2092211983627583,1.2092937722753603,0.5915297784245112,0.6088243352898451
71500,738426.3727684536,1.2093634932010968,1.2090586062369562,0.5914440713049931,0.6088987572494861
71504,738426.3993305942,1.2093634932010968,1.2090586062369562,0.5914440713049931,0.6088987572494861
71525,738426.7562715821,1.2093634932010968,1.2090586062369562,0.5914440713049931,0.6088987572494861
71528,738426.8394240277,1.2093634932010968,1.2090586062369562,0.5914440713049931,0.6088987572494861
71538,738427.1890407461,1.2093634932010968,1.2090586062369562,0.5914440713049931,0.6088987572494861
71563,738427.8858660657,1.2093634932010968,1.2090586062369562,0.5914440713049931,0.6088987572494861
71573,738428.1427376001,1.2093634932010968,1.2090586062369562,0.5914440713049931,0.6088987572494861
71608,738428.6904795283,1.2093634932010968,1.2090586062369562,0.5914440713049931,0.6088987572494861
71651,738429.8701524915,1.2093634932010968,1.2090586062369562,0.5914440713049931,0.6088987572494861
71653,738429.8722478368,1.2093634932010968,1.2090586062369562,0.5914440713049931,0.6088987572494861
71656,738430.0048418833,1.2093634932010968,1.2090586062369562,0.5914440713049931,0.6088987572494861
71664,738430.2110620409,1.2093634932010968,1.2090586062369562,0.5914440713049931,0.6088987572494861
71676,738430.575317502,1.2071783642995486,1.1653707794044479,0.606695910562505,0.609198066527938
71683,738430.8810886149,1.2072446560433903,1.1644478018889093,0.6063327324546138,0.6089613920285053
71684,738430.8876166196,1.2072446560433903,1.1644478018889093,0.6063327324546138,0.6089613920285053
71687,738430.973992697,1.2072446560433903,1.1644478018889093,0.6063327324546138,0.6089613920285053
71690,738431.0541412696,1.2072446560433903,1.1644478018889093,0.6063327324546138,0.6089613920285053
71707,738431.3985542945,1.2072446560433903,1.1644478018889093,0.6063327324546138,0.6089613920285053
71712,738431.6172788062,1.205632518491991,1.1643071206671427,0.6037065164309039,0.609188877281245
71714,738431.6295189838,1.2055198365575186,1.163914546306681,0.6063629478146629,0.6090233661890074
71755,738432.9959628902,1.2055198365575186,1.163914546306681,0.6063629478146629,0.6090233661890074
71757,738433.0407013717,1.2055198365575186,1.163914546306681,0.6063629478146629,0.6090233661890074
71773,738433.1745358832,1.2055198365575186,1.163914546306681,0.6063629478146629,0.6090233661890074
71853,738434.0008316974,1.2055198365575186,1.163914546306681,0.6063629478146629,0.6090233661890074
71876,738434.6717387468,1.1642663595603175,1.1645001788806837,0.6084982524632594,0.6089200940931968
71877,738434.7141538525,1.1700450528330082,1.1663655126559513,0.5873967309072203,0.5928271246521872
71879,738434.7712262751,1.1700450528330082,1.1663655126559513,0.5873967309072203,0.5928271246521872
71888,738434.9827240405,1.1700450528330082,1.1663655126559513,0.5873967309072203,0.5928271246521872
71899,738435.2358545515,1.1700450528330082,1.1663655126559513,0.5873967309072203,0.5928271246521872
71935,738435.9012621691,1.1700450528330082,1.1663655126559513,0.5873967309072203,0.5928271246521872
71939,738436.0278373866,1.1700450528330082,1.1663655126559513,0.5873967309072203,0.5928271246521872
71978,738437.0368896644,1.1653188169715258,1.2086018359515058,0.5826594084857629,0.6039568522967745
71979,738437.0603450494,1.1664341729074137,1.1672396204083142,0.5832170864537068,0.5924016225729827
72043,738438.4438276008,1.1664341729074137,1.1672396204083142,0.5832170864537068,0.5924016225729827
72079,738439.4205711212,1.1644422299994512,1.1671005110608232,0.5864284355652051,0.6057728713167477
72087,738439.5566700416,1.158234612450067,1.157887050323462,0.5779300721386958,0.6027112634434816
72094,738439.6499391968,1.158234612450067,1.157887050323462,0.5779300721386958,0.6027112634434816
72105,738439.6982388928,1.164785712778865,1.164596757079437,0.6034438316778434,0.6052845742055586
72119,738439.8510978129,1.1736637537093118,1.1736627236144876,0.6043373638681008,0.6063824510025041
72120,738439.8516282333,1.1736637537093118,1.1736627236144876,0.6043373638681008,0.6063824510025041
72121,738439.8611655144,1.1736637537093118,1.1736627236144876,0.6043373638681008,0.6063824510025041
72134,738440.0031906709,1.1736881467566072,1.1736420684066844,0.6041552516282891,0.6064069316142155
72138,738440.0554857131,1.1736881467566072,1.1736420684066844,0.6041552516282891,0.6064069316142155
72140,738440.0773888676,1.1736881467566072,1.1736420684066844,0.6041552516282891,0.6064069316142155
72141,738440.0785356219,1.1735066540701864,1.1736306771734386,0.6041278646547857,0.6064274974604297
72146,738440.1451516692,1.1733776353384946,1.164377000389468,0.6037659100966353,0.6064596603899836
72197,738440.9239588605,1.1733776353384946,1.164377000389468,0.6037659100966353,0.6064596603899836
72200,738440.9449998992,1.1733776353384946,1.164377000389468,0.6037659100966353,0.6064596603899836
72207,738441.055256197,1.1733776353384946,1.164377000389468,0.6037659100966353,0.6064596603899836
72240,738441.6073899193,1.1641922897897818,1.1629178793681751,0.5882025219185113,0.6061331313346077
72244,738441.6999676533,1.1641922897897818,1.1629178793681751,0.5882025219185113,0.6061331313346077
72251,738441.985235591,1.1641922897897818,1.1629178793681751,0.5882025219185113,0.6061331313346077
72252,738441.9923455309,1.1641922897897818,1.1629178793681751,0.5882025219185113,0.6061331313346077
72316,738443.2678130983,1.1641922897897818,1.1629178793681751,0.5882025219185113,0.6061331313346077
72346,738444.0063572159,1.1644537646908673,1.1644043842562017,0.5792781434680397,0.5770870215010776
72350,738444.055844174,1.1644537646908673,1.1644043842562017,0.5792781434680397,0.5770870215010776
72352,738444.1180660457,1.1644537646908673,1.1644043842562017,0.5792781434680397,0.5770870215010776
72387,738444.4654052306,1.167221687192211,1.163628236116544,0.6028675335704339,0.5815401995058208
72390,738444.515507746,1.167221687192211,1.163628236116544,0.6028675335704339,0.5815401995058208
72397,738444.6930014362,1.1673694258930323,1.164115211251429,0.6029097758809977,0.5884803638540842
72441,738445.8096699921,1.1673694258930323,1.164115211251429,0.6029097758809977,0.5884803638540842
72499,738446.8109317485,1.1673694258930323,1.164115211251429,0.6029097758809977,0.5884803638540842
72512,738447.1622212852,1.1673694258930323,1.164115211251429,0.6029097758809977,0.5884803638540842
72536,738447.9942404937,1.1664740017965884,1.1668880256007264,0.5832370008982942,0.5833835850444861
72538,738448.0714528272,1.1621805100919096,1.164570931490672,0.5864460785521112,0.5799888218132305
72543,738448.1624342374,1.1621805100919096,1.164570931490672,0.5864460785521112,0.5799888218132305
72547,738448.2597613467,1.1648422248494055,1.1625622257259132,0.5826451670963562,0.5902365625614524
72552,738448.3104033791,1.1640695248998612,1.1613962895615129,0.5822648293199602,0.5902703628542371
72561,738448.4678652756,1.1646900642443032,1.161754369625714,0.5824385358616869,0.5904231623594148
72562,738448.4800262103,1.189688436909556,1.1882898829349566,0.5947846464463146,0.5988468612064467
72563,738448.4807660307,1.1848754235980403,1.1883551408043154,0.5948158664454666,0.5989443140705479
72564,738448.4826258947,1.362061064988039,1.3620715117598472,0.681037419826425,0.6810499164299836
72565,738448.4835382918,1.3621099362416897,1.3621234193671772,0.6810629871477184,0.6810758448813802
72567,738448.4856386937,1.3621104822455732,1.3621243630687612,0.6810634589568748,0.6810763162716776
72568,738448.4866719798,1.3621113392213178,1.3621261846640593,0.6810638872015808,0.6810772261804922
72569,738448.4876122212,1.3621132300746859,1.362129547445085,0.6810650452562703,0.6810789059303064
72571,738448.4884474763,1.3621180723926096,1.3621282262940304,0.681067857452102,0.6810782459993452
72572,738448.4888845002,1.3621172346760655,1.3621324377983564,0.6810674388489872,0.681080349696893
72573,738448.489754773,1.3621125945032113,1.3621336646821376,0.6810677727631826,0.6810809625402949
72574,738448.4903438509,1.3621115200197016,1.362134169853684,0.6810678795772055,0.6810812148796469
72575,738448.4909734918,1.362112999352051,1.3621356529642559,0.6810691034066242,0.6810819557115001
72576,738448.4915445292,1.3621120516883665,1.362135670755944,0.6810686299871435,0.6810819645986659
72577,738448.4921740567,1.362115747719549,1.3621343186416368,0.6810709028382048,0.6810812892010457
72578,738448.4958475785,1.3621455832010507,1.362169063427782,0.6810858071657866,0.6810986446560907
72579,738448.4961142747,1.362156533530215,1.3621800048817443,0.6810912774108812,0.6811041100533335
72580,738448.4972004058,1.3621587687914414,1.3621822383317117,0.6810923940375209,0.681105225690619
72581,738448.4974186011,1.3621603511308804,1.3621799381993478,0.6810931844965753,0.6811040767446112
72582,738448.49776019,1.3621643714232046,1.362187836424209,0.6810951928373062,0.681108022010945
72583,738448.4979508715,1.362163773374479,1.362187352886557,0.6810948940814989,0.681107780477551
72584,738448.4985141587,1.362165843117732,1.3621893069265112,0.6810959280237245,0.6811087565461403
72585,738448.4986834993,1.3621663789265785,1.362189956317635,0.6810961956875583,0.6811090809255392
72586,738448.4996717552,1.3621684484835854,1.3621919101818973,0.6810972295368277,0.6811100569064537
72587,738448.5014101897,1.3621675428581663,1.3621916771819627,0.6810967771307371,0.6811099405199165
72588,738448.5032653527,1.3621687849982975,1.362192360430886,0.6810973976430947,0.6811102818117586
72589,738448.503864185,1.3626383540972966,1.3626614382369953,0.6813319730643522,0.6813445941989257
72591,738448.5060656478,1.362637747011478,1.3626609438115989,0.681331669789634,0.6813443472230586
72592,738448.5064604634,1.36263816592435,1.3626621975425701,0.6813318790610071,0.6813449734880114
72593,738448.5066899138,1.3626403708452366,1.3626634533776827,0.6813329805474275,0.6813456008040532
72595,738448.5085312305,1.362639488630324,1.3626645465345846,0.6813325398296803,0.6813461468589296
72596,738448.5091721385,1.3626563677030263,1.3626794374907,0.6813409719119373,0.6813535852068353
72597,738448.5103528064,1.3626558837643805,1.3626796146009321,0.6813407301562696,0.6813536736771688
72598,738448.5120971805,1.362657456956214,1.36268052587633,0.6813415160576468,0.6813541288786487
72599,738448.5124408491,1.362657456956214,1.36268052587633,0.6813415160576468,0.6813541288786487
72600,738448.5128402659,1.362656558032472,1.3626805743960004,0.6813410669926319,0.6813541531152583
72601,738448.5132100523,1.3626770479181143,1.3627001012401856,0.6813513028926521,0.6813639071933398
72602,738448.5140033206,1.3626761496024307,1.362699315667508,0.68135085413113,0.6813635147827928
72604,738448.5181189305,1.3626761496024307,1.362699315667508,0.68135085413113,0.6813635147827928
72605,738448.5218951304,1.3626778214087483,1.3627008741151938,0.6813516892967296,0.6813642932611363
72606,738448.5267318974,1.3626800939338397,1.3626973079210016,0.6813528245567625,0.6813625118700247
72607,738448.5280234858,1.3626793453919677,1.3627030570142287,0.6813524506160333,0.6813653836665091
72608,738448.5287133598,1.3626809482767674,1.3627039984946874,0.6813532513513576,0.681365853956425
72609,738448.5319669676,1.3631412283297244,1.363163915146349,0.6815831899455479,0.6815955940423561
72610,738448.5329931186,1.3631521803057614,1.363174858545675,0.6815886611795169,0.6816010605912202
72611,738448.5338092687,1.3631521803057614,1.363174858545675,0.6815886611795169,0.6816010605912202
72612,738448.5355416886,1.3631772542282894,1.363199912844516,0.6816011872634198,0.6816135759554968
72613,738448.5381823272,1.3631780141571592,1.363200782283289,0.6816015668983356,0.6816140102660958
72614,738448.5385312706,1.3631780141571592,1.363200782283289,0.6816015668983356,0.6816140102660958
72615,738448.5403313683,1.3631815268824425,1.3632031737447246,0.6816033217379076,0.6816152048724746
72616,738448.5429950596,1.3631812864826023,1.3631991149640568,0.6816032016422154,0.6816131773904204
72617,738448.543462039,1.3631830069391297,1.3632056610554877,0.6816040611245738,0.6816164473585521
72618,738448.5486480476,1.3631845342818278,1.3632071872036227,0.6816048241337794,0.6816172097152151
72619,738448.5493269357,1.3631847001015054,1.3632074629725937,0.681604906971733,0.6816173474700727
72620,738448.550437605,1.3631879032817582,1.363210553568817,0.6816065071733169,0.6816188913155014
72621,738448.5540205594,1.3632609039579466,1.3632834972297978,0.6816429759080169,0.6816553289049837
72622,738448.5617344164,1.3632752810700823,1.3632978631299986,0.6816501582493352,0.6816625051216361
72623,738448.5697374567,1.3632795718047106,1.3633011455143387,0.6816523017625042,0.6816641447757866
72624,738448.5709826837,1.3635782869109043,1.3636006339624405,0.6818015309050824,0.6818137493997235
72625,738448.5802600964,1.3635811909132871,1.3636035357243756,0.6818029816643978,0.6818151989351414
72626,738448.5807621491,1.3635824154336305,1.3636037647443393,0.6818035934009494,0.6818153133389323
72627,738448.5921065224,1.3635824154336305,1.3636037647443393,0.6818035934009494,0.6818153133389323
72629,738448.5955558252,1.363582717370939,1.3636057008701268,0.6818037442404948,0.6818162805041248
72630,738448.5965443362,1.363587783230116,1.3636101229560433,0.6818062750041166,0.6818184894969701
72631,738448.6028892316,1.3635906409766974,1.3636130870461343,0.6818077026557116,0.6818199701680159
72633,738448.608549462,1.3635925817750387,1.3636149178002064,0.6818086722252535,0.6818208846964785
72636,738448.6148298242,1.3635925817750387,1.3636149178002064,0.6818086722252535,0.6818208846964785
72637,738448.6213301857,1.363593848828159,1.3636161838762455,0.6818093052102192,0.6818215171476901
72638,738448.6224389559,1.3635942683766593,1.3636156089522644,0.6818095148051412,0.6818212299521653
72640,738448.6305571877,1.3635942683766593,1.3636156089522644,0.6818095148051412,0.6818212299521653
72641,738448.6307625275,1.363594061831216,1.3636165052497864,0.6818094116207032,0.6818216776855127
72642,738448.6332276564,1.363594061831216,1.3636165052497864,0.6818094116207032,0.6818216776855127
72643,738448.6360437843,1.363594061831216,1.3636165052497864,0.6818094116207032,0.6818216776855127
72644,738448.6368833993,1.363596093785244,1.363618427102249,0.6818104267292263,0.681822637721052
72645,738448.6384117664,1.363595319748749,1.3636177621926207,0.6818100400418076,0.6818223055743868
72646,738448.6462733014,1.363595319748749,1.3636177621926207,0.6818100400418076,0.6818223055743868
72647,738448.6488586062,1.363595319748749,1.3636177621926207,0.6818100400418076,0.6818223055743868
72649,738448.6549666176,1.363595319748749,1.3636177621926207,0.6818100400418076,0.6818223055743868
72653,738448.6616429444,1.363595319748749,1.3636177621926207,0.6818100400418076,0.6818223055743868
72654,738448.6626910566,1.3635990742428905,1.3636192054351628,0.6818119156842626,0.6818230265268037
72655,738448.6639712147,1.3635990742428905,1.3636192054351628,0.6818119156842626,0.6818230265268037
72656,738448.6659113955,1.363596550459165,1.363619522984321,0.6818106548710052,0.6818231851542227
72657,738448.6697556276,1.3636096113177938,1.3636319342142924,0.6818171797194329,0.6818293850188032
72658,738448.6709543499,1.3636087414759062,1.3636311735225726,0.681816745170093,0.6818290050253182
72659,738448.6715947385,1.3636115723753943,1.3636338937605408,0.6818181594104934,0.6818303638842502
72660,738448.6755933047,1.3636119251658447,1.3636286651802048,0.6818183356550167,0.6818277520161383
72661,738448.680730372,1.3636121836966124,1.3636335110761861,0.6818184648099649,0.6818301727193303
72663,738448.7054881437,1.363640517037019,1.3636628161269193,0.6818326193830894,0.6818448116775072
72664,738448.7096289598,1.363640517037019,1.3636628161269193,0.6818326193830894,0.6818448116775072
72666,738448.718076195,1.3769324619384262,1.376946553837538,0.688474042531903,0.6884817499696835
72667,738448.7204968552,1.3769349604846242,1.3769490511679996,0.6884752911311006,0.6884829979043187
72668,738448.7208974888,1.376937546608054,1.3769516360331902,0.6884765834953542,0.6884842895807765
72669,738448.7217494202,1.3769378205306118,1.3769519098224818,0.6884767203827616,0.6884844263953361
72671,738448.7238272447,1.376938367070225,1.3769524560962014,0.6884769935051794,0.6884846993724075
72672,738448.7240204064,1.3769391128523207,1.3769538688436715,0.6884774347977853,0.6884855330058949
72673,738448.7242726661,1.3769400959552411,1.3769541841401411,0.6884778574814658,0.6884855628889334
72674,738448.7247145814,1.3769438765772473,1.3769573358353648,0.6884797467730606,0.6884871378147681
72675,738448.7251652909,1.376945085854362,1.376959171612033,0.688480351085576,0.6884880551662386
72676,738448.7261491388,1.376945085854362,1.376959171612033,0.688480351085576,0.6884880551662386
72677,738448.7264511449,1.376945085854362,1.376959171612033,0.688480351085576,0.6884880551662386
72678,738448.7273942566,1.376945389603103,1.3769594752130354,0.6884805028780527,0.6884882068779563
72679,738448.7300708893,1.3769460854392561,1.376960170710751,0.688480850608528,0.6884885544234302
72680,738448.7304029736,1.3769460854392561,1.376960170710751,0.688480850608528,0.6884885544234302
72681,738448.7313322974,1.3769760961769315,1.3769901668596707,0.688495847890594,0.6885035437307849
72682,738448.7322829218,1.3769762648517863,1.376990335452572,0.6884959321825934,0.6885036279779858
72683,738448.7329060785,1.3769758628685773,1.3769903366762315,0.6884957312992525,0.688503628589458
72684,738448.7333974349,1.376976014942227,1.3769904886738773,0.68849580729512,0.6885037045438793
72685,738448.7339451637,1.376976014942227,1.3769904886738773,0.68849580729512,0.6885037045438793
72686,738448.7343809196,1.376976014942227,1.3769904886738773,0.68849580729512,0.6885037045438793
72687,738448.7353294393,1.3769763080657216,1.3769915825247685,0.6884959537779227,0.6885042511497954
72688,738448.7357815778,1.3769795855302125,1.3769936545176955,0.6884975916275278,0.6885052865410332
72689,738448.7369307621,1.3769820800132815,1.3769938209395178,0.6884988381973502,0.6885053697033346
72690,738448.7379981988,1.3769820800132815,1.3769938209395178,0.6884988381973502,0.6885053697033346
72691,738448.7394812956,1.3769820800132815,1.3769938209395178,0.6884988381973502,0.6885053697033346
72692,738448.7399033743,1.3769820800132815,1.3769938209395178,0.6884988381973502,0.6885053697033346
72693,738448.7423691673,1.376981542429482,1.3769968141280595,0.6884985695502056,0.6885068654233815
72695,738448.7434563676,1.3769932496684738,1.3770073120193804,0.6885044200179019,0.6885121113036248
72696,738448.7437691962,1.3769980553862642,1.377011489487866,0.68850682158338,0.6885141988183425
72697,738448.7444280431,1.3770064048695339,1.3770204608340084,0.688510994078334,0.6885186818730101
72698,738448.7470355079,1.3770064048695339,1.3770204608340084,0.688510994078334,0.6885186818730101
72700,738448.7502601846,1.3770076539419311,1.3770222178852314,0.6885116182784877,0.6885195598858985
72701,738448.7523181293,1.3770075438144882,1.37702217612303,0.6885115632443938,0.6885195390169839
72702,738448.7537132298,1.3770076716286384,1.3770221295475502,0.688511627117083,0.6885195157428349
72703,738448.7540259401,1.3770076716286384,1.3770221295475502,0.688511627117083,0.6885195157428349
72704,738448.7558165736,1.3770076716286384,1.3770221295475502,0.688511627117083,0.6885195157428349
72705,738448.756941485,1.3770076716286384,1.3770221295475502,0.688511627117083,0.6885195157428349
72707,738448.7594753989,1.3770076716286384,1.3770221295475502,0.688511627117083,0.6885195157428349
72709,738448.7613861626,1.3770076716286384,1.3770221295475502,0.688511627117083,0.6885195157428349
72710,738448.764198622,1.3770078343995353,1.3770222922371866,0.6885117084587414,0.6885195970401803
72712,738448.765313314,1.3770080346502314,1.3770224923879117,0.6885118085302167,0.6885196970571391
72715,738448.7699267427,1.3770080346502314,1.3770224923879117,0.6885118085302167,0.6885196970571391
72716,738448.7713663949,1.377010021845206,1.377024076054262,0.6885128015931146,0.6885204884282173
72718,738448.7808159476,1.377010021845206,1.377024076054262,0.6885128015931146,0.6885204884282173
72720,738448.7840055395,1.377010021845206,1.377024076054262,0.6885128015931146,0.6885204884282173
72722,738448.7868981101,1.3770102439413707,1.3770248065822333,0.6885129125814515,0.6885208534790512
72723,738448.7875024264,1.3770102439413707,1.3770248065822333,0.6885129125814515,0.6885208534790512
72724,738448.7876609334,1.3770102439413707,1.3770248065822333,0.6885129125814515,0.6885208534790512
72725,738448.7964761383,1.3770110140174223,1.3770244421089912,0.6885132974123251,0.6885206713487747
72726,738448.7981533868,1.3770105577178033,1.377025814123505,0.6885130693852607,0.6885213569557179
72727,738448.7991970575,1.377011420459698,1.3770248483628083,0.6885135005241313,0.6885208743571483
72729,738448.8037590015,1.377011420459698,1.3770248483628083,0.6885135005241313,0.6885208743571483
72733,738448.8146639599,1.377011420459698,1.3770248483628083,0.6885135005241313,0.6885208743571483
72734,738448.8174916956,1.3770189447459948,1.3770329946254576,0.6885172606435485,0.688524945111943
72735,738448.8203478672,1.3770189447459948,1.3770329946254576,0.6885172606435485,0.688524945111943
72736,738448.8212106037,1.3770184885713486,1.3770329410910813,0.688517032678903,0.6885249183603703
72737,738448.8230670821,1.3770184885713486,1.3770329410910813,0.688517032678903,0.6885249183603703
72738,738448.8252361133,1.3770184885713486,1.3770329410910813,0.688517032678903,0.6885249183603703
72739,738448.825470241,1.3770184885713486,1.3770329410910813,0.688517032678903,0.6885249183603703
72741,738448.8309929564,1.3770214285428586,1.3770354772173639,0.6885185018740538,0.688526185683776
72742,738448.8319221346,1.3770260666079375,1.3770401130326682,0.6885208196595086,0.6885285022394243
72743,738448.835613293,1.3770260666079375,1.3770401130326682,0.6885208196595086,0.6885285022394243
72744,738448.844301093,1.377027451103823,1.3770408715759677,0.6885215115352261,0.6885288812898707
72745,738448.8472824239,1.377034715956273,1.377048758186448,0.6885251420085692,0.6885328222955918
72746,738448.8480834321,1.3770342223166272,1.377048666986601,0.6885248953214272,0.6885327767222562
72747,738448.8489984267,1.3770342223166272,1.377048666986601,0.6885248953214272,0.6885327767222562
72748,738448.8495859742,1.3770352294701842,1.377046323704181,0.6885253986275045,0.6885316057642196
72749,738448.8504812849,1.3770407391109996,1.3770541534266378,0.6885281519672055,0.6885355183429434
72751,738448.856750584,1.3770407391109996,1.3770541534266378,0.6885281519672055,0.6885355183429434
72752,738448.8576084424,1.3770403813530836,1.3770544890701322,0.6885279731843859,0.6885356860668581
72753,738448.8581188763,1.3770414880277633,1.3770526413857374,0.688528526224339,0.6885347627632321
72754,738448.8624996619,1.3770423122883804,1.3770563508356994,0.6885289381331589,0.6885366164070008
72755,738448.8646457923,1.3770423122883804,1.3770563508356994,0.6885289381331589,0.6885366164070008
72756,738448.8697917082,1.3770423122883804,1.3770563508356994,0.6885289381331589,0.6885366164070008
72759,738448.8841704574,1.3770423122883804,1.3770563508356994,0.6885289381331589,0.6885366164070008
72760,738448.8863877532,1.3770423122883804,1.3770563508356994,0.6885289381331589,0.6885366164070008
72762,738448.9015725155,1.3770431535803953,1.377053704827508,0.6885293585531078,0.6885352941741364
72763,738448.9087224469,1.3770431535803953,1.377053704827508,0.6885293585531078,0.6885352941741364
72765,738448.9160432259,1.3770819316956393,1.3770959510503133,0.6885487371980079,0.6885564049804543
72767,738448.9188317305,1.3770819316956393,1.3770959510503133,0.6885487371980079,0.6885564049804543
72768,738448.9205623722,1.3770819316956393,1.3770959510503133,0.6885487371980079,0.6885564049804543
72769,738448.9250285366,1.3770817644930733,1.3770964761597804,0.6885486536415921,0.6885566673823518
72770,738448.9253779487,1.3770826371350193,1.3770966561481983,0.688549089728402,0.6885567573241748
72771,738448.9256806278,1.3770822916782988,1.3770968862688417,0.68854891709274,0.6885568723175198
72772,738448.9320580963,1.3770822916782988,1.3770968862688417,0.68854891709274,0.6885568723175198
72774,738448.9375840131,1.377084464830133,1.3770984829585848,0.6885500030855408,0.6885576701976893
72775,738448.9377668803,1.3770862244257958,1.3770996176888635,0.6885508824112563,0.6885582372325912
72776,738448.944028661,1.3770862244257958,1.3770996176888635,0.6885508824112563,0.6885582372325912
72780,738448.9557262906,1.377085891208321,1.3770999767728962,0.6885507158919222,0.688558416670107
72781,738448.959429661,1.3770862630875271,1.3771003484712285,0.6885509017317489,0.6885586024111031
72782,738448.9699063215,1.3770862630875271,1.3771003484712285,0.6885509017317489,0.6885586024111031
72783,738448.9752738158,1.3770862630875271,1.3771003484712285,0.6885509017317489,0.6885586024111031
72784,738448.9836861881,1.3770862630875271,1.3771003484712285,0.6885509017317489,0.6885586024111031
72785,738448.984588191,1.3770872098699725,1.377101226669746,0.6885513748689535,0.6885590412547974
72786,738448.9873894227,1.3770866448832906,1.3771010634297498,0.6885510925271953,0.6885589596823033
72787,738448.9915044766,1.3770877091935496,1.3771011017699597,0.6885516243967785,0.688558978841251
72788,738449.0054575243,1.3770879088925618,1.3771019253540082,0.688551724192708,0.6885593903936102
72789,738449.0065399515,1.3770879088925618,1.3771019253540082,0.688551724192708,0.6885593903936102
72791,738449.0136830949,1.3770879088925618,1.3771019253540082,0.688551724192708,0.6885593903936102
72796,738449.0326042544,1.3770879088925618,1.3771019253540082,0.688551724192708,0.6885593903936102
72799,738449.0558857605,1.3770879088925618,1.3771019253540082,0.688551724192708,0.6885593903936102
72801,738449.0601079605,1.3770879088925618,1.3771019253540082,0.688551724192708,0.6885593903936102
72802,738449.0728964912,1.3770880828220082,1.3771020991992737,0.6885518111107686,0.6885594772656545
72803,738449.0740746696,1.3770880828220082,1.3771020991992737,0.6885518111107686,0.6885594772656545
72804,738449.0974499983,1.3770880828220082,1.3771020991992737,0.6885518111107686,0.6885594772656545
72805,738449.1060875679,1.3770880828220082,1.3771020991992737,0.6885518111107686,0.6885594772656545
72806,738449.124140924,1.377089512904482,1.3771035285896172,0.6885525257683469,0.6885601915448888
72807,738449.1298913172,1.3770890005429017,1.3771030845952401,0.6885522697250096,0.6885599696768956
72808,738449.1319051873,1.3770890005429017,1.3771030845952401,0.6885522697250096,0.6885599696768956
72809,738449.1394431586,1.3770890005429017,1.3771030845952401,0.6885522697250096,0.6885599696768956
72810,738449.1455087011,1.3770890005429017,1.3771030845952401,0.6885522697250096,0.6885599696768956
72815,738449.2005973989,1.3770890005429017,1.3771030845952401,0.6885522697250096,0.6885599696768956
72816,738449.2232674612,1.3770891744657903,1.377103765588149,0.6885523566397947,0.6885603099751926
72817,738449.2594297776,1.3770891744657903,1.377103765588149,0.6885523566397947,0.6885603099751926
72818,738449.260078241,1.3770909516230427,1.3771049666119024,0.6885532447416709,0.6885609101376029
72819,738449.2633562105,1.3770905135545213,1.3771045968710598,0.6885530258249263,0.6885607253747649
72820,738449.2747093557,1.377093524948059,1.377106914835207,0.6885545307138963,0.6885618836824041
72821,738449.2778324353,1.377093524948059,1.377106914835207,0.6885545307138963,0.6885618836824041
72823,738449.2805488093,1.377093524948059,1.377106914835207,0.6885545307138963,0.6885618836824041
72826,738449.2989480811,1.377093524948059,1.377106914835207,0.6885545307138963,0.6885618836824041
72828,738449.3058391783,1.377093524948059,1.377106914835207,0.6885545307138963,0.6885618836824041
72831,738449.324618031,1.3770939554198722,1.3771086608949659,0.6885547458343367,0.6885627562042859
72832,738449.3261340884,1.3782341084034144,1.3782475809431716,0.6891245224435938,0.6891318913104427
72833,738449.3301796806,1.3782342875382636,1.378245531593579,0.6891246119648238,0.6891308672089003
72834,738449.3316361516,1.3782342875382636,1.378245531593579,0.6891246119648238,0.6891308672089003
72835,738449.3323317418,1.3782342875382636,1.378245531593579,0.6891246119648238,0.6891308672089003
72838,738449.3615036315,1.378234595137268,1.3782487326732762,0.689124765685004,0.6891324668533455
72837,738449.3615094521,1.3782361688190259,1.378249040674185,0.6891255521200839,0.6891326207676514
72839,738449.3621165975,1.3782357314252065,1.3782498684065192,0.6891253335359608,0.6891330344023044
72840,738449.3740779742,1.3782365237392338,1.378249995155383,0.689125729488669,0.6891330977412857
72841,738449.374740881,1.3782365237392338,1.378249995155383,0.689125729488669,0.6891330977412857
72847,738449.4007164579,1.3782365237392338,1.378249995155383,0.689125729488669,0.6891330977412857
72848,738449.4011499138,1.3782363459345872,1.3782464712626579,0.6891256406321936,0.689131336780586
72849,738449.4091270773,1.378237368810716,1.3782468285299876,0.6891261518065065,0.6891315153143147
72850,738449.4177519585,1.3782368593328909,1.3782480007691784,0.6891258971989632,0.6891321011060154
72853,738449.4372297188,1.3782368593328909,1.3782480007691784,0.6891258971989632,0.6891321011060154
72855,738449.4761108574,1.3782368593328909,1.3782480007691784,0.6891258971989632,0.6891321011060154
72856,738449.49906543,1.378237347014642,1.3782508835193972,0.6891261409140895,0.6891335416748289
72857,738449.5038773643,1.378237347014642,1.3782508835193972,0.6891261409140895,0.6891335416748289
72860,738449.5666805633,1.3782382835782612,1.3782517541757968,0.6891266089544115,0.6891339767595246
72862,738449.5854120186,1.3782382835782612,1.3782517541757968,0.6891266089544115,0.6891339767595246
72863,738449.590394928,1.3782382835782612,1.3782517541757968,0.6891266089544115,0.6891339767595246
72867,738449.6039599437,1.378238073234871,1.3782526964963357,0.6891265038369515,0.6891344476562552
72868,738449.6244640814,1.378238073234871,1.3782526964963357,0.6891265038369515,0.6891344476562552
72871,738449.6592249838,1.3782382586394957,1.3782528818073423,0.689126596491459,0.6891345402599337
72872,738449.6649976753,1.3782390647273504,1.3782525349615398,0.6891269993275472,0.6891343669340331
72873,738449.6745803525,1.3782390647273504,1.3782525349615398,0.6891269993275472,0.6891343669340331
72874,738449.6884626277,1.378238922307138,1.378249564847772,0.6891271718519325,0.6891331263053876
72876,738449.7052214188,1.378238922307138,1.378249564847772,0.6891271718519325,0.6891331263053876
72879,738449.7275556191,1.378238922307138,1.3782517929384865,0.6891275043911824,0.6891345720857824
72880,738449.7592821808,1.3782528219923817,1.3782662858290746,0.6891344503744203,0.6891418141907385
72881,738449.7651252054,1.3782586814413438,1.3782693167227198,0.6891373784725228,0.689143328730142
72882,738449.7985595758,1.3782586814413438,1.3782693167227198,0.6891373784725228,0.689143328730142
72883,738449.8226381738,1.3782586814413438,1.3782693167227198,0.6891373784725228,0.689143328730142
72884,738449.8427311985,1.3782586814413438,1.3782693167227198,0.6891373784725228,0.689143328730142
72885,738449.843819503,1.3782586814413438,1.3782693167227198,0.6891373784725228,0.689143328730142
72886,738449.8508112507,1.3782594190182305,1.378272280543303,0.6891377470562637,0.6891448097531874
72887,738449.8609751514,1.3782599785149836,1.3782734390249032,0.6891380266493647,0.6891453886472103
72888,738449.8751304388,1.3782599785149836,1.3782734390249032,0.6891380266493647,0.6891453886472103
72889,738449.8755036357,1.3782599785149836,1.3782734390249032,0.6891380266493647,0.6891453886472103
72891,738449.9188408373,1.3782599785149836,1.3782734390249032,0.6891380266493647,0.6891453886472103
72892,738449.9282989396,1.378260311780881,1.3782736599799397,0.6891378608960189,0.68914549905859
72897,738450.0360715558,1.3782605826667458,1.3782740428958578,0.6891383285575806,0.6891456904019317
72899,738450.0638234011,1.3782605826667458,1.3782740428958578,0.6891383285575806,0.6891456904019317
72900,738450.0642202215,1.3782605826667458,1.3782740428958578,0.6891383285575806,0.6891456904019317
72903,738450.1155950438,1.3782607440219965,1.378271437531274,0.6891384091904269,0.6891443884995267
72904,738450.1234261876,1.3782607440219965,1.378271437531274,0.6891384091904269,0.6891443884995267
72906,738450.1362857012,1.3782607440219965,1.378271437531274,0.6891384091904269,0.6891443884995267
72909,738450.1831673089,1.3782607440219965,1.378271437531274,0.6891384091904269,0.6891443884995267
72913,738450.2436889054,1.3782607440219965,1.378271437531274,0.6891384091904269,0.6891443884995267
72915,738450.2772180875,1.378260979950342,1.3782744399948013,0.6891385270891258,0.6891458888325425
72919,738450.3247206274,1.3782615394169326,1.3782749992013623,0.6891388066671621,0.6891461682684421
72920,738450.332195336,1.3782615394169326,1.3782749992013623,0.6891388066671621,0.6891461682684421
72921,738450.3415574176,1.3782630389596777,1.3782751720105257,0.6891395560224078,0.6891462546212996
72922,738450.3435802021,1.3782630389596777,1.3782751720105257,0.6891395560224078,0.6891462546212996
72924,738450.3583367227,1.3782618793255417,1.3782753389519906,0.6891389765271393,0.6891463380420644
72926,738450.3638688555,1.3782618793255417,1.3782753389519906,0.6891389765271393,0.6891463380420644
72927,738450.3652145719,1.3782621695691641,1.3782755169119507,0.6891387892959105,0.6891464269687789
72928,738450.3664714997,1.3782628820204346,1.3782757420076013,0.6891394775963363,0.6891465394492311
72929,738450.366792547,1.3782632269633541,1.3782760867973431,0.689139649972076,0.6891467117409042
72931,738450.3826407851,1.3782632269633541,1.3782760867973431,0.689139649972076,0.6891467117409042
72936,738450.4710350016,1.378263806045673,1.378277264776668,0.6891399393525454,0.6891473003779996
72938,738450.5076006056,1.3782649222085916,1.3782783804208711,0.689140497124289,0.6891478578662041
72943,738450.5762849876,1.3782660383284833,1.3782794960220872,0.6891410548745429,0.6891484153329407
72946,738450.6091046019,1.3782660383284833,1.3782794960220872,0.6891410548745429,0.6891484153329407
72947,738450.631746845,1.3782688741651161,1.378282330540959,0.6891424720060478,0.6891498317441342
72949,738450.6465642408,1.3782688741651161,1.378282330540959,0.6891424720060478,0.6891498317441342
72952,738450.7168408368,1.378269053084996,1.3782825093777025,0.6891425614163486,0.6891499211089911
72953,738450.7311392385,1.378269053084996,1.3782825093777025,0.6891425614163486,0.6891499211089911
72954,738450.7622593606,1.378269053084996,1.3782825093777025,0.6891425614163486,0.6891499211089911
72955,738450.767205955,1.378269053084996,1.3782825093777025,0.6891425614163486,0.6891499211089911
72957,738450.799982213,1.3782692320037702,1.3782826882133414,0.6891423186345979,0.6891500104732963
72961,738450.8598998075,1.3782692320037702,1.3782826882133414,0.6891423186345979,0.6891500104732963
72962,738450.8665291975,1.3782692320037702,1.3782826882133414,0.6891423186345979,0.6891500104732963
72964,738450.8714409074,1.3782694598557796,1.3782829159594792,0.6891427646888878,0.6891501242782156
72966,738450.8888367461,1.3782694598557796,1.3782829159594792,0.6891427646888878,0.6891501242782156
72967,738450.9047584158,1.3782694598557796,1.3782829159594792,0.6891427646888878,0.6891501242782156
72968,738450.9087321141,1.378269695713114,1.378283151707223,0.6891428825521203,0.689150242081544
72971,738450.9296800792,1.378269695713114,1.378283151707223,0.6891428825521203,0.689150242081544
72976,738451.0292245746,1.3782698223752088,1.378282679280744,0.6891426136632983,0.6891500060096706
72977,738451.0578533541,1.3782724685947356,1.378285923300499,0.6891439360692965,0.6891516270488741
72978,738451.0621376635,1.3782724685947356,1.378285923300499,0.6891439360692965,0.6891516270488741
72980,738451.0712977345,1.3782724685947356,1.378285923300499,0.6891439360692965,0.6891516270488741
72981,738451.0836563382,1.3782726670234573,1.3782860095289002,0.6891440352308876,0.6891516701372751
72984,738451.1094005668,1.3782726670234573,1.3782860095289002,0.6891440352308876,0.6891516701372751
72985,738451.1256105686,1.3782726670234573,1.3782860095289002,0.6891440352308876,0.6891516701372751
72986,738451.1937872859,1.3782726670234573,1.3782860095289002,0.6891440352308876,0.6891516701372751
72989,738451.280149245,1.3782728459199,1.3782861883429207,0.6891441246315341,0.689151759490784
72991,738451.3234694763,1.3782735105735264,1.378286964795194,0.6891447889240336,0.6891521474846093
72992,738451.3255548367,1.3782735105735264,1.378286964795194,0.6891447889240336,0.6891521474846093
72993,738451.340855613,1.3782745165384758,1.378288457114404,0.6891452916274633,0.6891528931977359
72995,738451.3502716622,1.3782747872914733,1.3782882409200108,0.6891454269288596,0.6891527851652197
72996,738451.3531167898,1.378321262637415,1.378334694692495,0.6891686517207044,0.689175998164616
73000,738451.3805912858,1.3783214293133357,1.3783342633276876,0.6891684034190279,0.6891757826110617
73002,738451.3981658908,1.3783217189606063,1.3783345528465951,0.689168548165765,0.6891759272840353
73004,738451.4211548044,1.3783220187836571,1.3783348525367745,0.6891686979976916,0.6891760770396079
73006,738451.4562972672,1.1988887911920778,1.1622637166924246,0.5994443955960389,0.5811318583462123
73008,738451.4673011544,1.3783358786428261,1.3783487062552235,0.6891759556767013,0.6891829997617464
73010,738451.4833124813,1.3783358786428261,1.3783487062552235,0.6891759556767013,0.6891829997617464
73011,738451.5004209845,1.3783368154449067,1.3783496426423523,0.6891760924010347,0.6891834676757523
73012,738451.5005605285,1.3783379287968471,1.378350755501157,0.6891766487815839,0.6891840237729222
73014,738451.5086689286,1.378338449535979,1.3783518736218106,0.68917724041169,0.6891845824994587
73015,738451.5313604991,1.3783390474129495,1.3783496532198567,0.6891775391847001,0.6891834729613466
73017,738451.5826090493,1.3784283650626328,1.3784417475332817,0.6892221733273284,0.6892294926673959
73018,738451.5839146116,1.3784283650626328,1.3784417475332817,0.6892221733273284,0.6892294926673959
73019,738451.5870415112,1.378428643845118,1.3784420261869401,0.6892223126416507,0.6892296319112989
73020,738451.5983772654,1.378428643845118,1.3784420261869401,0.6892223126416507,0.6892296319112989
73022,738451.6172743825,1.378428643845118,1.3784420261869401,0.6892223126416507,0.6892296319112989
73024,738451.6300378729,1.378428643845118,1.3784420261869401,0.6892223126416507,0.6892296319112989
73025,738451.6353043248,1.378428643845118,1.3784420261869401,0.6892223126416507,0.6892296319112989
73026,738451.6406315138,1.378428643845118,1.3784420261869401,0.6892223126416507,0.6892296319112989
73027,738451.6537978493,1.378428643845118,1.3784420261869401,0.6892223126416507,0.6892296319112989
73028,738451.6681512522,1.3784292824887774,1.378442664535484,0.6892226317872719,0.6892299508956035
73029,738451.6713105149,1.3784292824887774,1.378442664535484,0.6892226317872719,0.6892299508956035
73030,738451.6813253594,1.3784294084546416,1.3784427904431402,0.6892226947354492,0.6892300138119631
73031,738451.6939747151,1.3784294084546416,1.3784427904431402,0.6892226947354492,0.6892300138119631
73032,738451.6980903721,1.3784299275510599,1.3784433092996908,0.6892229541404375,0.6892302730858348
73033,738451.7042581964,1.3784299275510599,1.3784433092996908,0.6892229541404375,0.6892302730858348
73034,738451.7425500868,1.3784299275510599,1.3784433092996908,0.6892229541404375,0.6892302730858348
73036,738451.7479617315,1.3784305235420151,1.3784433092996908,0.6892229216244173,0.6892302730858348
73037,738451.7540011826,1.3784305235420151,1.3784433092996908,0.6892229216244173,0.6892302730858348
73038,738451.7571212461,1.3784305235420151,1.3784433092996908,0.6892229216244173,0.6892302730858348
73039,738451.7781781316,1.378430742435864,1.378443528096897,0.6892230310134463,0.6892303824193281
73040,738451.799571771,1.3784309690203738,1.378443754581369,0.689223144245772,0.6892304955941673
73041,738451.8161913735,1.3784309690203738,1.378443754581369,0.689223144245772,0.6892304955941673
73042,738451.8238243696,1.3784309690203738,1.378443754581369,0.689223144245772,0.6892304955941673
73043,738451.8348691807,1.3784311087303658,1.3784416808738496,0.6892232140638167,0.6892294593575176
73047,738451.9182437252,1.3784311087303658,1.3784416808738496,0.6892232140638167,0.6892294593575176
73051,738451.9736347161,1.1551848779709377,1.3784425424345887,0.5752014222253561,0.6892297710468576
73054,738451.9799433788,1.1551848779709377,1.3784425424345887,0.5752014222253561,0.6892297710468576
73058,738452.0341592426,1.1551848779709377,1.3784425424345887,0.5752014222253561,0.6892297710468576
73059,738452.0351417649,1.1551848779709377,1.3784425424345887,0.5752014222253561,0.6892297710468576
73060,738452.0356309887,1.378431335312009,1.3784448823768936,0.6892235878166133,0.6892309893761109
73062,738452.064563791,1.378431335312009,1.3784448823768936,0.6892235878166133,0.6892309893761109
73063,738452.0721073083,1.378431335312009,1.3784448823768936,0.6892235878166133,0.6892309893761109
73065,738452.1107676988,1.378431335312009,1.3784448823768936,0.6892235878166133,0.6892309893761109
73068,738452.1828373953,1.378431335312009,1.3784448823768936,0.6892235878166133,0.6892309893761109
73070,738452.1981940072,1.378431335312009,1.3784448823768936,0.6892235878166133,0.6892309893761109
73077,738452.2674138627,1.3784314750202342,1.3784431079595139,0.6892236576325187,0.6892310591563301
73079,738452.3666547016,1.3784318826049313,1.3784413019956896,0.6892238613134033,0.6892301567671346
73089,738452.4613219132,1.3784318826049313,1.3784413019956896,0.6892238613134033,0.6892301567671346
73092,738452.5910670732,1.3784322763470376,1.3784439089644234,0.689223727748109,0.6892311617336713
73093,738452.5922539184,1.3784325029195434,1.3784441354459165,0.6892238409749852,0.6892312749024182
73094,738452.5962910997,1.3784328120937033,1.378444444495884,0.6892239954810423,0.6892314293291545
73095,738452.6366310336,1.3784331006288397,1.37844473291512,0.6892244699922683,0.6892315734470843
73096,738452.6500231143,1.3784331006288397,1.37844473291512,0.6892244699922683,0.6892315734470843
73098,738452.6604669127,1.3784335526857916,1.3784456689758435,0.6892243655830086,0.6892320411798799
73099,738452.6711227769,1.3784335526857916,1.3784456689758435,0.6892243655830086,0.6892320411798799
73102,738452.7228946419,1.3784335526857916,1.3784456689758435,0.6892243655830086,0.6892320411798799
73110,738452.7692097377,1.3784335526857916,1.3784456689758435,0.6892243655830086,0.6892320411798799
73112,738452.7902626497,1.3784335526857916,1.3784456689758435,0.6892243655830086,0.6892320411798799
73113,738452.8260908852,1.3784335526857916,1.3784456689758435,0.6892243655830086,0.6892320411798799
73122,738453.0014750028,1.3784335526857916,1.3784456689758435,0.6892243655830086,0.6892320411798799
73123,738453.0051368267,1.3784335526857916,1.3784456689758435,0.6892243655830086,0.6892320411798799
73125,738453.0309875847,1.3784335526857916,1.3784456689758435,0.6892243655830086,0.6892320411798799
73126,738453.0906989023,1.3784335526857916,1.3784456689758435,0.6892243655830086,0.6892320411798799
73130,738453.1973577545,1.3784336830591293,1.3784419264191974,0.6892247610481426,0.689230171091343
73141,738453.3401893516,1.3784336830591293,1.3784419264191974,0.6892247610481426,0.689230171091343
73151,738453.3941654968,1.3784342020789146,1.378445833922768,0.6892246901093958,0.6892321236009079
73161,738453.5835266554,1.3784343280233768,1.3784459598166423,0.6892247530486234,0.6892321865078254
73165,738453.8050734444,1.3784347355679134,1.3784463671974827,0.6892251981139026,0.6892325988503412
73167,738453.853157536,1.3784350784694623,1.3784467099613023,0.6892252972111166,0.6892324002601364
73170,738453.8646037614,1.3784360788364982,1.3784477099265406,0.6892257971266617,0.6892331975569547
73171,738453.866732149,1.3784360788364982,1.3784477099265406,0.6892257971266617,0.6892331975569547
73173,738453.9061525168,1.3784360788364982,1.3784477099265406,0.6892257971266617,0.6892331975569547
73174,738453.9397718676,1.3784360788364982,1.3784477099265406,0.6892257971266617,0.6892331975569547
73176,738453.9679477003,1.378436204772797,1.3784478358122583,0.6892223034947584,0.6892290468680227
73177,738453.9784841614,1.378436204772797,1.3784478358122583,0.6892223034947584,0.6892290468680227
73178,738453.9817290772,1.378436204772797,1.3784478358122583,0.6892223034947584,0.6892290468680227
73179,738453.9976096805,1.378436204772797,1.3784478358122583,0.6892223034947584,0.6892290468680227
73182,738454.0532960409,1.378436204772797,1.3784478358122583,0.6892223034947584,0.6892290468680227
73184,738454.0655109542,1.378436204772797,1.3784478358122583,0.6892223034947584,0.6892290468680227
73189,738454.2763123016,1.3784367061288012,1.3784488047658896,0.6892206393533002,0.6892285494434033
73192,738454.2931136368,1.3784369406276429,1.378448571371558,0.6892210218131241,0.6892283114933224
73193,738454.302932562,1.3784371185119386,1.3784487491844104,0.6892210086382986,0.6892282983251296
73205,738454.4061976722,1.3784373786083282,1.3784494932977416,0.6892208082691977,0.6892283725613761
73226,738455.0200108618,1.1353155916328703,1.1622733727923804,0.5827538178464968,0.5747437282931291
73229,738455.0625965955,1.1353155916328703,1.1622733727923804,0.5827538178464968,0.5747437282931291
73232,738455.1235078038,1.1353155916328703,1.1622733727923804,0.5827538178464968,0.5747437282931291
73233,738455.1246892313,1.1353155916328703,1.1622733727923804,0.5827538178464968,0.5747437282931291
73234,738455.1443736734,1.1353155916328703,1.1622733727923804,0.5827538178464968,0.5747437282931291
73240,738455.3123401742,1.1353155916328703,1.1622733727923804,0.5827538178464968,0.5747437282931291
73253,738455.460951916,1.3784423187375583,1.3784460393050715,0.6892237628197934,0.689231051120227
73255,738455.4941286242,1.3784426278069186,1.378446832500615,0.6892235869948026,0.689231149835552
73259,738455.538487926,1.3784429951322508,1.3784467156128515,0.6892241009563244,0.6892310914228836
73264,738455.6580274493,1.3784429951322508,1.3784467156128515,0.6892241009563244,0.6892310914228836
73269,738455.7181911413,1.3784429951322508,1.3784467156128515,0.6892241009563244,0.6892310914228836
73271,738455.7849531284,1.3784432937020568,1.3784470141442935,0.6892239198900971,0.6892312406088859
73274,738455.85403986,1.3784432937020568,1.3784470141442935,0.6892239198900971,0.6892312406088859
73282,738456.0393635576,1.3784432937020568,1.3784470141442935,0.6892239198900971,0.6892312406088859
73283,738456.0423300097,1.3784432937020568,1.3784470141442935,0.6892239198900971,0.6892312406088859
73284,738456.1313576576,1.3784432937020568,1.3784470141442935,0.6892239198900971,0.6892312406088859
73289,738456.2261596705,1.3784434286115888,1.3784474672380267,0.6892239873342724,0.6892314670347612
73290,738456.2464541661,1.3784434286115888,1.3784474672380267,0.6892239873342724,0.6892314670347612
73291,738456.3025352042,1.3784435502415897,1.378447588851063,0.6892225381838313,0.6892300186329106
73301,738456.4221068987,1.3784436947984526,1.3784474151891524,0.6892225743916415,0.6892298632902727
73302,738456.4231222912,1.3784436947984526,1.3784474151891524,0.6892225743916415,0.6892298632902727
73303,738456.4240915665,1.3784436947984526,1.3784474151891524,0.6892225743916415,0.6892298632902727
73304,738456.4262953546,1.3784439374794717,1.3784479178407176,0.6892233548579079,0.6892301145092102
73306,738456.4326555986,1.378447063634734,1.3784512676843332,0.6892242587251997,0.689231788719012
73307,738456.434693135,1.378447314814825,1.3784515188279554,0.689224053987713,0.6892319142374461
73309,738456.4449041234,1.3784564331371656,1.3784601518914823,0.689228943241224,0.6892362289346559
73312,738456.4483255988,1.3784570495077897,1.378461086234839,0.6892289212008795,0.689236695907816
73313,738456.4595384704,1.3784577571797727,1.3784614757640428,0.6892296052292978,0.6892368905896572
73314,738456.5113264666,1.3784577571797727,1.3784614757640428,0.6892296052292978,0.6892368905896572
73316,738456.5390614828,1.3784579543426811,1.378462422511773,0.6892294387359049,0.6892374385003006
73321,738456.6018307717,1.3784579543426811,1.378462422511773,0.6892294387359049,0.6892374385003006
73322,738456.604284999,1.3784584383145373,1.378458770089787,0.6892296155852373,0.689235240749032
73323,738456.6097187595,1.3784593088970676,1.3784627074164026,0.6892300508645828,0.6892375274336352
73325,738456.6137878168,1.3784596635477167,1.3784630620254252,0.6892302281850515,0.6892377046625487
73327,738456.6516345461,1.1625904115436434,1.1625407678373145,0.5841465879684008,0.5799230010981545
73329,738456.7393940086,1.378459882221369,1.3784634465337693,0.6892303375188839,0.6892378968347501
73330,738456.7507704812,1.378460723206876,1.3784638035416603,0.6892310881684162,0.6892383727827052
73342,738456.8642392411,1.378460723206876,1.3784638035416603,0.6892310881684162,0.6892383727827052
73343,738456.88694764,1.378460723206876,1.3784638035416603,0.6892310881684162,0.6892383727827052
73344,738456.8919078183,1.378460723206876,1.3784638035416603,0.6892310881684162,0.6892383727827052
73348,738456.9181189531,1.378461021593923,1.37846458576607,0.6892309071895616,0.6892387637201236
73349,738456.920535232,1.378461166063581,1.3784642463512522,0.6892313095856556,0.6892385940885556
73350,738456.9219448862,1.3784617823334568,1.3784648625555675,0.6892312875489136,0.6892389020530255
73351,738456.9241389851,1.378462853256554,1.3784659333647404,0.6892321531398055,0.6892394372183518
73352,738456.9246359074,1.378462853256554,1.3784659333647404,0.6892321531398055,0.6892394372183518
73353,738456.9259811456,1.378507461554027,1.3785105369205473,0.6892544561700839,0.6892617290379531
73354,738456.9279742526,1.378507759459783,1.3785108347946617,0.6892546051154984,0.6892618779085579
73357,738456.9410889217,1.378507759459783,1.3785108347946617,0.6892546051154984,0.6892618779085579
73358,738456.9418656962,1.378507759459783,1.3785108347946617,0.6892546051154984,0.6892618779085579
73361,738456.9633303662,1.378507759459783,1.3785108347946617,0.6892546051154984,0.6892618779085579
73364,738456.9870300528,1.378507759459783,1.3785108347946617,0.6892546051154984,0.6892618779085579
73365,738456.9906193325,1.378507759459783,1.3785108347946617,0.6892546051154984,0.6892618779085579
73366,738457.0031369729,1.3785083747387168,1.3785114500082458,0.6892549127395508,0.6892621853781044
73367,738457.0057774428,1.3785083747387168,1.3785114500082458,0.6892549127395508,0.6892621853781044
73370,738457.032972803,1.3785085715572336,1.3785119642993384,0.6892546815207578,0.689262145383077
73371,738457.0711615348,1.378509440633642,1.3785125157899638,0.68925544566031,0.6892627180312092
73373,738457.1114256517,1.3785096912731694,1.3785127664028718,0.6892555709737949,0.6892628432817579
73374,738457.129472387,1.3785181827649857,1.3785212569929768,0.6892598165070086,0.6892670866830624
73376,738457.176165778,1.3786832578991932,1.3786867948199666,0.6893420223112668,0.6893495235471114
73377,738457.1786691988,1.3786908679421308,1.3786939238899336,0.689346154783675,0.6893533817399623
73378,738457.1795339625,1.3786910017029839,1.378694057636669,0.6893462216607716,0.6893534485836809
73379,738457.1909088258,1.3786913300443224,1.3786921916548884,0.6893463858232667,0.6893525160064579
73380,738457.2087534661,1.3786913300443224,1.3786921916548884,0.6893463858232667,0.6893525160064579
73381,738457.2104705095,1.3786913300443224,1.3786921916548884,0.6893463858232667,0.6893525160064579
73386,738457.2376340536,1.3786913300443224,1.3786921916548884,0.6893463858232667,0.6893525160064579
73387,738457.2378625799,1.3786915003863547,1.3786950363004233,0.6893461434428808,0.6893536425441478
73391,738457.3367134905,1.3787089260708782,1.3787122954176156,0.6893548560485351,0.6893622684537984
73403,738457.5760247428,1.3787090644460342,1.3787121184739244,0.6893552525827604,0.6893624749997996
73410,738457.7040159586,1.3787090644460342,1.3787121184739244,0.6893552525827604,0.6893624749997996
73412,738457.7104651856,1.3787090644460342,1.3787121184739244,0.6893552525827604,0.6893624749997996
73417,738457.8379552207,1.378709184965218,1.3787127187203285,0.6893549854921907,0.6893624800156868
73418,738457.840646477,1.378709184965218,1.3787127187203285,0.6893549854921907,0.6893624800156868
73422,738457.9214814091,1.378709184965218,1.3787127187203285,0.6893549854921907,0.6893624800156868
73423,738457.9338062672,1.3787094516838025,1.378712505670848,0.6893551188478625,0.689362373535976
73425,738457.9495538593,1.3787094516838025,1.378712505670848,0.6893551188478625,0.689362373535976
73428,738457.9906936013,1.172624612455818,1.162440815157247,0.5779603536217477,0.5841831298559724
73430,738457.9950653526,1.172624612455818,1.162440815157247,0.5779603536217477,0.5841831298559724
73433,738458.06448301,1.172624612455818,1.162440815157247,0.5779603536217477,0.5841831298559724
73434,738458.0739504109,1.172624612455818,1.162440815157247,0.5779603536217477,0.5841831298559724
73435,738458.1321590226,1.172624612455818,1.162440815157247,0.5779603536217477,0.5841831298559724
73436,738458.157276711,1.172624612455818,1.162440815157247,0.5779603536217477,0.5841831298559724
73437,738458.1628994351,1.172624612455818,1.162440815157247,0.5779603536217477,0.5841831298559724
73438,738458.1664461308,1.172624612455818,1.162440815157247,0.5779603536217477,0.5841831298559724
73439,738458.1756959747,1.172624612455818,1.162440815157247,0.5779603536217477,0.5841831298559724
73449,738458.3216445828,1.1626699107813,1.3787098803683193,0.5841749616966762,0.6893601554232144
73469,738458.6491420155,1.1626699107813,1.3787098803683193,0.5841749616966762,0.6893601554232144
73470,738458.6868861769,1.1626699107813,1.3787098803683193,0.5841749616966762,0.6893601554232144
73476,738458.787230525,1.1626699107813,1.3787098803683193,0.5841749616966762,0.6893601554232144
73477,738458.7923675699,1.1626699107813,1.3787098803683193,0.5841749616966762,0.6893601554232144
73478,738458.802259818,1.1626699107813,1.3787098803683193,0.5841749616966762,0.6893601554232144
73479,738458.814632049,1.1626699107813,1.3787098803683193,0.5841749616966762,0.6893601554232144
73480,738458.8557678908,1.1626699107813,1.3787098803683193,0.5841749616966762,0.6893601554232144
73481,738458.9024058442,1.1626699107813,1.3787098803683193,0.5841749616966762,0.6893601554232144
73482,738458.9292092248,1.1626699107813,1.3787098803683193,0.5841749616966762,0.6893601554232144
73483,738458.9317377213,1.1626699107813,1.3787098803683193,0.5841749616966762,0.6893601554232144
73485,738458.9387397827,1.1626699107813,1.3787098803683193,0.5841749616966762,0.6893601554232144
73486,738458.9418519114,1.1626699107813,1.3787098803683193,0.5841749616966762,0.6893601554232144
73487,738458.9451466508,1.1626699107813,1.3787098803683193,0.5841749616966762,0.6893601554232144
73488,738458.9513833778,1.3787097913471844,1.3787137884642198,0.689355288674943,0.6893630146615405
73489,738458.972690314,1.3787097913471844,1.3787137884642198,0.689355288674943,0.6893630146615405
73490,738458.9838551949,1.3787097913471844,1.3787137884642198,0.689355288674943,0.6893630146615405
73491,738458.9961338764,1.3787097913471844,1.3787137884642198,0.689355288674943,0.6893630146615405
73492,738459.0028380348,1.3787099250206412,1.378713757687559,0.689355355509857,0.6893629992797147
73493,738459.0028389933,1.3787100541554158,1.3787108465429025,0.6893557474128279,0.6893615232247278
73494,738459.0258944305,1.3787100541554158,1.3787108465429025,0.6893557474128279,0.6893615232247278
73498,738459.0634865704,1.3787100541554158,1.3787108465429025,0.6893557474128279,0.6893615232247278
73499,738459.0656320151,1.3787100541554158,1.3787108465429025,0.6893557474128279,0.6893615232247278
73500,738459.067611332,1.3787100541554158,1.3787108465429025,0.6893557474128279,0.6893615232247278
73503,738459.0984812641,1.3787100541554158,1.3787108465429025,0.6893557474128279,0.6893615232247278
73507,738459.1417631983,1.3787100541554158,1.3787108465429025,0.6893557474128279,0.6893615232247278
73514,738459.1630799888,1.3787100541554158,1.3787108465429025,0.6893557474128279,0.6893615232247278
73520,738459.3078967108,1.3787100541554158,1.3787108465429025,0.6893557474128279,0.6893615232247278
73523,738459.3462826052,1.3787124039214216,1.3787159209988906,0.6893569222373735,0.6893643754199134
73524,738459.373888301,1.3787160850364175,1.37871991688804,0.6893584354341408,0.6893660775783609
73532,738459.4269591093,1.3787165028173773,1.3787200193969964,0.6893589715833912,0.6893664237111762
73540,738459.5297324423,1.3787165028173773,1.3787200193969964,0.6893589715833912,0.6893664237111762
73551,738459.7657081005,1.3787165028173773,1.3787200193969964,0.6893589715833912,0.6893664237111762
73552,738459.7730209368,1.3787165028173773,1.3787200193969964,0.6893589715833912,0.6893664237111762
73556,738459.8233082322,1.3787165028173773,1.3787200193969964,0.6893589715833912,0.6893664237111762
73557,738459.8449110464,1.3787165028173773,1.3787200193969964,0.6893589715833912,0.6893664237111762
73558,738459.8480181849,1.3787165028173773,1.3787200193969964,0.6893589715833912,0.6893664237111762
73560,738459.923632109,1.3787165028173773,1.3787200193969964,0.6893589715833912,0.6893664237111762
73562,738459.9599217947,1.378716999343139,1.3787177915405744,0.6893592198339217,0.6893666718339476
73563,738459.9769536594,1.378716999343139,1.3787177915405744,0.6893592198339217,0.6893666718339476
73565,738460.0801369334,1.1662407538304247,1.1618195958261488,0.5749678939023396,0.5774423435943832
73566,738460.113241785,1.1662407538304247,1.1618195958261488,0.5749678939023396,0.5774423435943832
73590,738460.532424133,1.3787171947485546,1.3787179869406438,0.6893599704724632,0.6893667694815168
73599,738460.7425413053,1.3787189768062704,1.3787197689496025,0.689360208516304,0.6893675954964713
73604,738460.8570923925,1.3787189768062704,1.3787197689496025,0.689360208516304,0.6893675954964713
73611,738460.9715766388,1.3787195876130083,1.3787203797396292,0.6893605139044816,0.6893676919775694
73613,738460.9795035927,1.37872080629417,1.3787215983874501,0.6893611232147536,0.6893683009858
73614,738460.9930834136,1.37872080629417,1.3787215983874501,0.6893611232147536,0.6893683009858
73619,738461.064294516,1.37872080629417,1.3787215983874501,0.6893611232147536,0.6893683009858
73642,738461.1233095565,1.37872080629417,1.3787215983874501,0.6893611232147536,0.6893683009858
73652,738461.2611361839,1.3787209706858088,1.3787222423567453,0.6893608781925405,0.6893683279484359
73653,738461.2663679253,1.3787214030754182,1.3787221951523718,0.6893614215905361,0.6893683043579961
73655,738461.2802954412,1.3787214030754182,1.3787221951523718,0.6893614215905361,0.6893683043579961
73658,738461.338475747,1.3787214030754182,1.3787221951523718,0.6893614215905361,0.6893683043579961
73665,738461.3765463906,1.3787214030754182,1.3787221951523718,0.6893614215905361,0.6893683043579961
73666,738461.380184557,1.3787214030754182,1.3787221951523718,0.6893614215905361,0.6893683043579961
73674,738461.4187505114,1.3787370978213687,1.3787388815322015,0.6893729535051675,0.6893768024075068
73678,738461.4737589555,1.3787375451567299,1.3787383367922077,0.6893694922298644,0.6893755709408602
73679,738461.4989026547,1.378722382591685,1.378738241100423,0.6893625641480281,0.6893747989139337
73680,738461.5106890751,1.378722382591685,1.378738241100423,0.6893625641480281,0.6893747989139337
73686,738461.6154926904,1.378722382591685,1.378738241100423,0.6893625641480281,0.6893747989139337
73691,738461.781601016,1.378722382591685,1.378738241100423,0.6893625641480281,0.6893747989139337
73693,738461.8640888217,1.378722382591685,1.378738241100423,0.6893625641480281,0.6893747989139337
73695,738461.8852389671,1.378722382591685,1.378738241100423,0.6893625641480281,0.6893747989139337
73696,738461.9488065847,1.3787383723491382,1.3787391639619997,0.6893695787881643,0.6893768389687089
73697,738461.9684490947,1.3787383723491382,1.3787391639619997,0.6893695787881643,0.6893768389687089
73702,738462.0588065754,1.3787383723491382,1.3787391639619997,0.6893695787881643,0.6893768389687089
73707,738462.300532029,1.3787392345550584,1.3787405054240804,0.6893703368870394,0.6893775093636073
73708,738462.302335742,1.2173299828586497,1.362149905198925,0.5782794624836838,0.681085844279972
73760,738462.830266151,1.2173299828586497,1.362149905198925,0.5782794624836838,0.681085844279972
73763,738462.9557102812,1.2173299828586497,1.362149905198925,0.5782794624836838,0.681085844279972
73764,738462.9909615197,1.2842767136931026,1.3787395323789289,0.5836045936635128,0.6893711382287441
73786,738463.3368011828,1.217182816242224,1.2032443295424418,0.5737404441725774,0.5903502689767824
73800,738463.6293248803,1.3527923277329386,1.352794191917695,0.6893814129852491,0.6893884073233644
73804,738463.7065072089,1.3527923277329386,1.352794191917695,0.6893814129852491,0.6893884073233644
73808,738463.8596894854,1.3527923277329386,1.352794191917695,0.6893814129852491,0.6893884073233644
73810,738463.8755822158,1.3527923277329386,1.352794191917695,0.6893814129852491,0.6893884073233644
73811,738463.9034210966,1.2135289079333564,1.2172953185000284,0.5740905243340165,0.5903592462157812
73814,738463.9486481819,1.2135289079333564,1.2172953185000284,0.5740905243340165,0.5903592462157812
73816,738463.9692801876,1.2135289079333564,1.2172953185000284,0.5740905243340165,0.5903592462157812
73817,738463.9807402942,1.2133363051173403,1.1704095103181786,0.5743136200862717,0.5904919531284532
73824,738464.2069305085,1.295415674391688,1.29542919671491,0.6893822432339664,0.6893881432087662
73825,738464.2243261774,1.2954151277571369,1.2954286503356043,0.6893819832072955,0.6893890094151486
73826,738464.2330669215,1.2954151277571369,1.2954286503356043,0.6893819832072955,0.6893890094151486
73827,738464.2348256251,1.2954151277571369,1.2954286503356043,0.6893819832072955,0.6893890094151486
73843,738464.4947774753,1.262731974533956,1.2627737666877044,0.689383951882312,0.689390977134959
73849,738464.5662969337,1.262731974533956,1.2627737666877044,0.689383951882312,0.689390977134959
73855,738464.6626930283,1.262731974533956,1.2627737666877044,0.689383951882312,0.689390977134959
73863,738464.8928568239,1.2220666185564562,1.2618257146108864,0.5927381977073658,0.689393179792568
73865,738464.8967148383,1.2614343804439405,1.261755063173756,0.6893837747207451,0.6893934276670228
73867,738464.9294864393,1.2614343804439405,1.261755063173756,0.6893837747207451,0.6893934276670228
73895,738465.6215793295,1.2614343804439405,1.261755063173756,0.6893837747207451,0.6893934276670228
73903,738465.6738352263,1.2609387109383932,1.2612648998855245,0.6893838756805031,0.689392994951391
73913,738466.01451816,1.2129576998562497,1.2047336063928775,0.5737965038662617,0.5927467642220123
73914,738466.0282359719,1.2129576998562497,1.2047336063928775,0.5737965038662617,0.5927467642220123
73915,738466.057761347,1.2129576998562497,1.2047336063928775,0.5737965038662617,0.5927467642220123
73917,738466.0940801695,1.2129576998562497,1.2047336063928775,0.5737965038662617,0.5927467642220123
73926,738466.3229882151,1.2129576998562497,1.2047336063928775,0.5737965038662617,0.5927467642220123
73933,738466.5725054706,1.2129576998562497,1.2047336063928775,0.5737965038662617,0.5927467642220123
73934,738466.6733051677,1.2129576998562497,1.2047336063928775,0.5737965038662617,0.5927467642220123
73936,738466.7373931546,1.2129576998562497,1.2047336063928775,0.5737965038662617,0.5927467642220123
73938,738466.9095259506,1.2129576998562497,1.2047336063928775,0.5737965038662617,0.5927467642220123
73950,738467.1391201261,1.2129576998562497,1.2047336063928775,0.5737965038662617,0.5927467642220123
73951,738467.1492595776,1.2129576998562497,1.2047336063928775,0.5737965038662617,0.5927467642220123
73987,738467.9014168187,1.2129576998562497,1.2047336063928775,0.5737965038662617,0.5927467642220123
73988,738467.9233730346,1.183361595895766,1.2500526428181886,0.5918430720132889,0.6893936000243849
73992,738468.054359302,1.183361595895766,1.2500526428181886,0.5918430720132889,0.6893936000243849
74005,738468.498575862,1.183361595895766,1.2500526428181886,0.5918430720132889,0.6893936000243849
74006,738468.5036076605,1.183361595895766,1.2500526428181886,0.5918430720132889,0.6893936000243849
74017,738468.6957462894,1.1659889598694648,1.2499419402729695,0.5737703297054846,0.6893918009190282
74019,738468.7463540118,1.1659889598694648,1.2499419402729695,0.5737703297054846,0.6893918009190282
74029,738469.0106211096,1.1659889598694648,1.2499419402729695,0.5737703297054846,0.6893918009190282
74055,738469.4971035997,1.2491281571980404,1.2496364988650237,0.6893839387195037,0.6893928388799533
74057,738469.5820635392,1.249176508481777,1.2496840093202997,0.6893842135980035,0.6893928743277814
74058,738469.6185983053,1.2491895086185154,1.2496967836200195,0.689384287581617,0.6893929482671466
74059,738469.6426400092,1.2491895086185154,1.2496967836200195,0.689384287581617,0.6893929482671466
74063,738469.7914438022,1.2492677188756969,1.2497736373177097,0.6893847333689688,0.6893931545307874
74073,738469.9434259321,1.2494295011286776,1.2499108988842282,0.6893856592916199,0.6893888593793231
74072,738469.9434294653,1.249469168487494,1.2499907507900732,0.6893858871002378,0.6893911578995476
74075,738469.9917857738,1.249515333105287,1.2500169803420222,0.6893861526112026,0.6893911541205175
74077,738470.0212577375,1.2495392543422965,1.2500404908496536,0.689386290356383,0.6893912125815788
74079,738470.0966159052,1.2495392543422965,1.2500404908496536,0.689386290356383,0.6893912125815788
74082,738470.1404745596,1.2495392543422965,1.2500404908496536,0.689386290356383,0.6893912125815788
74083,738470.1893574707,1.2495939803449843,1.2500942784562774,0.6893866059074206,0.6893913569042549
74085,738470.2406884137,1.2495939803449843,1.2500942784562774,0.6893866059074206,0.6893913569042549
74086,738470.2506683855,1.2496738137143817,1.2501727460320902,0.6893870672865643,0.6893918181320072
74088,738470.2999464613,1.2496738137143817,1.2501727460320902,0.6893870672865643,0.6893918181320072
74089,738470.3082767074,1.249718098410508,1.2502162746979002,0.6893873237628354,0.6893920745241233
74107,738470.5922063446,1.1660117749866592,1.1864482978607804,0.5830058874933296,0.5895284101007434
74118,738470.738437344,1.1660117749866592,1.1864482978607804,0.5830058874933296,0.5895284101007434
74125,738470.8500570754,1.249194109328014,1.2497013044303407,0.689387390450014,0.6893921411894207
74126,738470.9273517504,1.249208030538471,1.2497149839511794,0.6893874697074747,0.6893922204208759
74130,738470.9863879884,1.249208030538471,1.2497149839511794,0.6893874697074747,0.6893922204208759
74133,738471.0885610894,1.249208030538471,1.2497149839511794,0.6893874697074747,0.6893922204208759
74136,738471.1297207316,1.249208030538471,1.2497149839511794,0.6893874697074747,0.6893922204208759
74176,738471.6760287106,1.2583139900366693,1.2586850129349245,0.6894563358194149,0.6894607500583491
74177,738471.6798082913,1.2583139900366693,1.2586850129349245,0.6894563358194149,0.6894607500583491
74178,738471.6806394741,1.2583139900366693,1.2586850129349245,0.6894563358194149,0.6894607500583491
74179,738471.6985272642,1.2583139900366693,1.2586850129349245,0.6894563358194149,0.6894607500583491
74180,738471.7197955577,1.2583139900366693,1.2586850129349245,0.6894563358194149,0.6894607500583491
74182,738471.7358326417,1.2583139900366693,1.2586850129349245,0.6894563358194149,0.6894607500583491
74183,738471.747456175,1.2583139900366693,1.2586850129349245,0.6894563358194149,0.6894607500583491
74191,738471.8943704228,1.2583139900366693,1.2586850129349245,0.6894563358194149,0.6894607500583491
74195,738472.0280856238,1.25508400345766,1.2554985026634624,0.689456609326688,0.6894610234822365
74196,738472.1044851843,1.25508400345766,1.2554985026634624,0.689456609326688,0.6894610234822365
74204,738472.3354240614,1.25508400345766,1.2554985026634624,0.689456609326688,0.6894610234822365
74207,738472.3938110479,1.2353993818819882,1.2362118341186474,0.6894566712656391,0.6894610854023042
74210,738472.4262088287,1.2353993818819882,1.2362118341186474,0.6894566712656391,0.6894610854023042
74219,738472.6745725191,1.2353993818819882,1.2362118341186474,0.6894566712656391,0.6894610854023042
74230,738473.0390067513,1.2354971011725133,1.2363068538459268,0.6894572765421765,0.6894616904943139
74237,738473.3555149045,1.2355693273657695,1.2363137747176967,0.68945753177759,0.6894619456519174
74243,738473.4870201531,1.2261108763493413,1.2320099207904147,0.567693672658208,0.6894262681429848
74261,738473.7788428549,1.2261108763493413,1.2320099207904147,0.567693672658208,0.6894262681429848
74268,738473.8251703384,1.2336746355764565,1.2365612278768303,0.6894023050589083,0.6894635527177316
74269,738473.8318877149,1.2337039009458233,1.236587717510152,0.689402596817995,0.6894636497139985
74273,738473.9325948432,1.2337039009458233,1.236587717510152,0.689402596817995,0.6894636497139985
74276,738474.0453252532,1.2337039009458233,1.236587717510152,0.689402596817995,0.6894636497139985
74285,738474.3030378988,1.2337039009458233,1.236587717510152,0.689402596817995,0.6894636497139985
74305,738474.4908626754,1.2347625916323004,1.235544647650246,0.6894582178035004,0.6894613384405276
74315,738474.5617586557,1.2347625916323004,1.235544647650246,0.6894582178035004,0.6894613384405276
74319,738474.5678871644,1.2347625916323004,1.235544647650246,0.6894582178035004,0.6894613384405276
74320,738474.5795516536,1.2261921842253605,1.1754047259580434,0.6130960921126802,0.5698060380929226
74324,738474.8510996533,1.2261921842253605,1.1754047259580434,0.6130960921126802,0.5698060380929226
74336,738475.346431055,1.2261921842253605,1.1754047259580434,0.6130960921126802,0.5698060380929226
74384,738476.2845579223,1.2261921842253605,1.1754047259580434,0.6130960921126802,0.5698060380929226
74386,738476.2927857949,1.2261921842253605,1.1754047259580434,0.6130960921126802,0.5698060380929226
74387,738476.293756115,1.2340176536023082,1.2348588040254047,0.6894581207708314,0.689461375918539
74397,738476.4019346379,1.2340176536023082,1.2348588040254047,0.6894581207708314,0.689461375918539
74410,738476.8968981397,1.2314642908354005,1.232419418258927,0.6894582082527141,0.689461582729363
74441,738477.9368175763,1.2314642908354005,1.232419418258927,0.6894582082527141,0.689461582729363
74478,738478.7194663276,1.2314642908354005,1.232419418258927,0.6894582082527141,0.689461582729363
74484,738478.8933964395,1.2314642908354005,1.232419418258927,0.6894582082527141,0.689461582729363
74496,738479.0693596861,1.227641786981117,1.2287346455447365,0.6490383197727545,0.6491074826420327
74497,738479.0709488505,1.227641786981117,1.2287346455447365,0.6490383197727545,0.6491074826420327
74498,738479.0731496903,1.227641786981117,1.2287346455447365,0.6490383197727545,0.6491074826420327
74499,738479.0770890875,1.227641786981117,1.2287346455447365,0.6490383197727545,0.6491074826420327
74502,738479.1084934784,1.227641786981117,1.2287346455447365,0.6490383197727545,0.6491074826420327
74503,738479.1127502478,1.227641786981117,1.2287346455447365,0.6490383197727545,0.6491074826420327
74514,738479.4148709413,1.227641786981117,1.2287346455447365,0.6490383197727545,0.6491074826420327
74515,738479.4247410032,1.227641786981117,1.2287346455447365,0.6490383197727545,0.6491074826420327
74518,738479.4527081832,1.227347324062422,1.2284511438485592,0.6350199131390999,0.6352013554546783
74520,738479.4633805319,1.227347324062422,1.2284511438485592,0.6350199131390999,0.6352013554546783
74522,738479.476946721,1.227347324062422,1.2284511438485592,0.6350199131390999,0.6352013554546783
74536,738479.7351355437,1.1962701165221123,1.2277726243251743,0.6092257824016656,0.6351548631610129
74546,738480.005000149,1.1962701165221123,1.2277726243251743,0.6092257824016656,0.6351548631610129
74547,738480.0288852331,1.1962701165221123,1.2277726243251743,0.6092257824016656,0.6351548631610129
74599,738480.9603256751,1.1962701165221123,1.2277726243251743,0.6092257824016656,0.6351548631610129
74607,738481.2085754406,1.2265396941589786,1.2267737128457543,0.6342369440039842,0.6343901667087781
74611,738481.3173400284,1.2265396941589786,1.2267737128457543,0.6342369440039842,0.6343901667087781
74615,738481.3712407955,1.2265396941589786,1.2267737128457543,0.6342369440039842,0.6343901667087781
74617,738481.3768436146,1.1647144084028511,1.1860321599953922,0.5834756190491646,0.5682592739392021
74657,738482.64081825,1.1647144084028511,1.1860321599953922,0.5834756190491646,0.5682592739392021
74660,738482.6969685983,1.1647144084028511,1.1860321599953922,0.5834756190491646,0.5682592739392021
74670,738482.9611234678,1.1864290712856254,1.2265311053250882,0.5867480992117716,0.630237853111145
74671,738482.9627109738,1.1864290712856254,1.2265311053250882,0.5867480992117716,0.630237853111145
74675,738483.1337192788,1.1862904312650606,1.2265984373049186,0.5850030353186272,0.6302443199115892
74676,738483.1398521119,1.1862904312650606,1.2265984373049186,0.5850030353186272,0.6302443199115892
74683,738483.320864769,1.2262545461964052,1.22668425783518,0.6295819392660262,0.6301570766389725
74684,738483.3210304066,1.2259990635770073,1.226832277210296,0.6214093201360557,0.6301802827635342
74685,738483.3278995435,1.2259990635770073,1.226832277210296,0.6214093201360557,0.6301802827635342
74691,738483.4909557728,1.2271010524197288,1.227496430910022,0.6301957016134484,0.6304270705935512
74698,738483.6371419706,1.227457912579593,1.2278484802569898,0.6302487487852246,0.6304858273711058
74700,738483.6598981677,1.227405599655005,1.2279393217699808,0.6302403981753453,0.6304937681632254
74703,738483.8257436752,1.1531921319415608,1.2259085567550005,0.5765960659707804,0.6175062484912591
74706,738483.952202618,1.1531921319415608,1.2259085567550005,0.5765960659707804,0.6175062484912591
74707,738483.9986310868,1.1531921319415608,1.2259085567550005,0.5765960659707804,0.6175062484912591
74711,738484.1269306687,1.1531921319415608,1.2259085567550005,0.5765960659707804,0.6175062484912591
74713,738484.1528949564,1.1531921319415608,1.2259085567550005,0.5765960659707804,0.6175062484912591
74716,738484.2474135432,1.1530366165086197,1.225866651000451,0.6203559024294907,0.5697077143226744
74718,738484.2653748249,1.1530366165086197,1.225866651000451,0.6203559024294907,0.5697077143226744
74733,738484.5021934311,1.2274241223925102,1.227935502603627,0.6301663249287109,0.630420983316644
74734,738484.503671808,1.2286162312062519,1.2289703493661093,0.6303602869962626,0.6305890609611535
74735,738484.5076799429,1.2286445605879837,1.2289983345333164,0.6303649620253718,0.6305936627024522
74737,738484.5219190257,1.2286445605879837,1.2289983345333164,0.6303649620253718,0.6305936627024522
74739,738484.5531092698,1.2286445605879837,1.2289983345333164,0.6303649620253718,0.6305936627024522
74740,738484.5673664939,1.2294969074360982,1.2298404790801238,0.6305070577517643,0.6307335419531637
74741,738484.5794941854,1.2295307128202648,1.2298738859119436,0.6305127510760486,0.630745579598864
74747,738484.7349564148,1.2295307128202648,1.2298738859119436,0.6305127510760486,0.630745579598864
74753,738484.8871237506,1.2295307128202648,1.2298738859119436,0.6305127510760486,0.630745579598864
74754,738484.8917702234,1.2291391253609882,1.229621337633026,0.6304935871062554,0.6307426018264699
74763,738485.2766408812,1.2256679821205911,1.2289983099935085,0.5877899836458357,0.6308303795871435
74784,738486.0610262658,1.2256679821205911,1.2289983099935085,0.5877899836458357,0.6308303795871435
74785,738486.0827241073,1.2256679821205911,1.2289983099935085,0.5877899836458357,0.6308303795871435
74795,738486.4939083885,1.2257619554917418,1.2285216476806022,0.5849384404037016,0.6300962054650175
74796,738486.5062368747,1.228223367380744,1.22874536185106,0.6298933786542001,0.6301569433343797
74811,738487.0095986648,1.228223367380744,1.22874536185106,0.6298933786542001,0.6301569433343797
74825,738487.540275796,1.1679389713616706,1.1725649272563918,0.5917168952840094,0.6196580238979981
74829,738487.5730832267,1.1679389713616706,1.1725649272563918,0.5917168952840094,0.6196580238979981
74855,738487.922322449,1.1679389713616706,1.1725649272563918,0.5917168952840094,0.6196580238979981
74881,738488.2361266267,1.1679389713616706,1.1725649272563918,0.5917168952840094,0.6196580238979981
74896,738488.5149257929,1.1679389713616706,1.1725649272563918,0.5917168952840094,0.6196580238979981
74899,738488.5629294988,1.1679389713616706,1.1725649272563918,0.5917168952840094,0.6196580238979981
74901,738488.6055162903,1.1679389713616706,1.1725649272563918,0.5917168952840094,0.6196580238979981
74902,738488.8472868319,1.1679389713616706,1.1725649272563918,0.5917168952840094,0.6196580238979981
74906,738488.9146188186,1.1679389713616706,1.1725649272563918,0.5917168952840094,0.6196580238979981
74908,738488.9627924773,1.1800081173125325,1.1821194646219801,0.6197581460425845,0.6202457549471576
74909,738488.9717240363,1.1799731172508883,1.182260342910637,0.6197678684279541,0.620255155413386
74914,738489.1518032715,1.1799731172508883,1.182260342910637,0.6197678684279541,0.620255155413386
74923,738489.2077642474,1.1799731172508883,1.182260342910637,0.6197678684279541,0.620255155413386
74930,738489.3984473489,1.1799731172508883,1.182260342910637,0.6197678684279541,0.620255155413386
74939,738489.7739710192,1.1799731172508883,1.182260342910637,0.6197678684279541,0.620255155413386
74959,738490.3049509806,1.1794789823322813,1.1815479752330333,0.6192831884998596,0.6198342431358768
74993,738490.90830767,1.1794789823322813,1.1815479752330333,0.6192831884998596,0.6198342431358768
75015,738491.4558637459,1.1794789823322813,1.1815479752330333,0.6192831884998596,0.6198342431358768
75028,738491.719091947,1.1794789823322813,1.1815479752330333,0.6192831884998596,0.6198342431358768
75038,738491.9536116698,1.2272589234540554,1.187540295193906,0.5919335953064347,0.6190417421066609
75040,738491.9567076392,1.2272589234540554,1.187540295193906,0.5919335953064347,0.6190417421066609
75043,738491.9671968078,1.162768992613292,1.1876942642136965,0.591839933188324,0.6190552071824306
75051,738492.1484827761,1.162768992613292,1.1876942642136965,0.591839933188324,0.6190552071824306
75059,738492.2793162424,1.2257316651811052,1.163031864055079,0.5873231353010927,0.5840763187825533
75072,738492.4625216179,1.1817186503048736,1.1899349688075787,0.6168200217184463,0.6192126917174702
75076,738492.5220652538,1.1817186503048736,1.1899349688075787,0.6168200217184463,0.6192126917174702
75077,738492.5232792555,1.1817186503048736,1.1899349688075787,0.6168200217184463,0.6192126917174702
75089,738492.9094516952,1.1817186503048736,1.1899349688075787,0.6168200217184463,0.6192126917174702
75093,738493.0967303665,1.1817186503048736,1.1899349688075787,0.6168200217184463,0.6192126917174702
75107,738493.406393603,1.1817186503048736,1.1899349688075787,0.6168200217184463,0.6192126917174702
75115,738493.7622938175,1.1817186503048736,1.1899349688075787,0.6168200217184463,0.6192126917174702
75118,738493.8031100105,1.1817186503048736,1.1899349688075787,0.6168200217184463,0.6192126917174702
75124,738494.062722121,1.1817186503048736,1.1899349688075787,0.6168200217184463,0.6192126917174702
75139,738494.4679644577,1.1817186503048736,1.1899349688075787,0.6168200217184463,0.6192126917174702
75157,738495.12138681,1.1789365578061142,1.188521478410269,0.6156792094650406,0.6167965844960362
75158,738495.1267694291,1.1789365578061142,1.188521478410269,0.6156792094650406,0.6167965844960362
75168,738495.3027714607,1.1878884467416462,1.1894385979174449,0.6158565855978642,0.6169537132560238
75197,738495.8534014893,1.1878884467416462,1.1894385979174449,0.6158565855978642,0.6169537132560238
75206,738496.0230890191,1.1878884467416462,1.1894385979174449,0.6158565855978642,0.6169537132560238
75213,738496.3481304798,1.1878884467416462,1.1894385979174449,0.6158565855978642,0.6169537132560238
75242,738496.7807770589,1.1878884467416462,1.1894385979174449,0.6158565855978642,0.6169537132560238
75248,738496.8858332044,1.1707630521765395,1.187616992403777,0.6129944392271675,0.6168175807864699
75257,738497.2699045236,1.1707630521765395,1.187616992403777,0.6129944392271675,0.6168175807864699
75272,738497.4618953373,1.1707630521765395,1.187616992403777,0.6129944392271675,0.6168175807864699
75280,738497.6927017422,1.1826661197579014,1.191232414098392,0.6160279428365496,0.6171069046815867
75284,738497.8374589678,1.1826661197579014,1.191232414098392,0.6160279428365496,0.6171069046815867
75286,738497.9130433453,1.1826661197579014,1.191232414098392,0.6160279428365496,0.6171069046815867
75289,738498.0845658825,1.1826661197579014,1.191232414098392,0.6160279428365496,0.6171069046815867
75318,738498.6025083008,1.1852821173034682,1.1900208219571722,0.6164200446380713,0.6172546897499932
75323,738498.8152745925,1.1852821173034682,1.1900208219571722,0.6164200446380713,0.6172546897499932
75342,738499.3644502916,1.185872590451137,1.1907089690527324,0.6164462353471353,0.6174767553761753
75343,738499.3650658629,1.1856851138500106,1.1908674108139563,0.6163976552013076,0.6174939781075826
75344,738499.3675040144,1.1856851138500106,1.1908674108139563,0.6163976552013076,0.6174939781075826
75358,738499.7435905735,1.1856851138500106,1.1908674108139563,0.6163976552013076,0.6174939781075826
75367,738499.9567489072,1.1856851138500106,1.1908674108139563,0.6163976552013076,0.6174939781075826
75378,738500.3514963987,1.1762658399713408,1.189644220166695,0.5881329199856704,0.6172424679883417
75382,738500.3867342001,1.1767679731542593,1.1865637905930186,0.5883839865771296,0.6172853964110202
75392,738500.7137465208,1.1843877675217316,1.1866119391551342,0.6161183283849716,0.6174117048421467
75405,738501.0613788418,1.175857988316695,1.1792458986539776,0.5814595040193993,0.5852671606969876
75408,738501.1752507372,1.1764169733695562,1.179512469255603,0.581149055335041,0.585446947222694
75410,738501.266487553,1.1764169733695562,1.179512469255603,0.581149055335041,0.585446947222694
75434,738501.7537818806,1.1764169733695562,1.179512469255603,0.581149055335041,0.585446947222694
75438,738501.8938289715,1.1823417877531255,1.18652100082213,0.5966715092055564,0.6003944083753188
75445,738501.9617197325,1.1888397975362373,1.1941054378736145,0.5990521791563752,0.602904108247925
75446,738502.0309437653,1.1871082823127357,1.1939814726427647,0.5982378362117474,0.6028211666718696
75447,738502.037606105,1.1871082823127357,1.1939814726427647,0.5982378362117474,0.6028211666718696
75508,738503.7697495483,1.1880410981866725,1.1838707008248193,0.5743224746026151,0.5981408788615099
75543,738504.7033672672,1.1880410981866725,1.1838707008248193,0.5743224746026151,0.5981408788615099
75544,738504.7037583455,1.1880410981866725,1.1838707008248193,0.5743224746026151,0.5981408788615099
75545,738504.7061231785,1.1880410981866725,1.1838707008248193,0.5743224746026151,0.5981408788615099
75546,738504.7079088456,1.1880410981866725,1.1838707008248193,0.5743224746026151,0.5981408788615099
75547,738504.7085555773,1.1880410981866725,1.1838707008248193,0.5743224746026151,0.5981408788615099
75548,738504.7301061483,1.1880410981866725,1.1838707008248193,0.5743224746026151,0.5981408788615099
75549,738504.7305988441,1.1880410981866725,1.1838707008248193,0.5743224746026151,0.5981408788615099
75555,738504.9910796852,1.1880410981866725,1.1838707008248193,0.5743224746026151,0.5981408788615099
75556,738505.0467554638,1.1880410981866725,1.1838707008248193,0.5743224746026151,0.5981408788615099
75565,738505.213123504,1.1880410981866725,1.1838707008248193,0.5743224746026151,0.5981408788615099
75593,738505.6250568985,1.1880410981866725,1.1838707008248193,0.5743224746026151,0.5981408788615099
75594,738505.6410742737,1.1880410981866725,1.1838707008248193,0.5743224746026151,0.5981408788615099
75609,738506.1639130734,1.1880410981866725,1.1838707008248193,0.5743224746026151,0.5981408788615099
75628,738506.7422978255,1.1880410981866725,1.1838707008248193,0.5743224746026151,0.5981408788615099
75633,738506.9641239903,1.1880410981866725,1.1838707008248193,0.5743224746026151,0.5981408788615099
75644,738507.1823725431,1.1880410981866725,1.1838707008248193,0.5743224746026151,0.5981408788615099
75645,738507.2100715926,1.190782857701332,1.187626029097136,0.5973002518114491,0.602239068260534
75649,738507.264329082,1.1871812348673079,1.1875991298957196,0.5989260379877217,0.6022716520926628
75659,738507.3159241201,1.1871812348673079,1.1875991298957196,0.5989260379877217,0.6022716520926628
75670,738507.5260047163,1.1871812348673079,1.1875991298957196,0.5989260379877217,0.6022716520926628
75675,738507.7569849712,1.1869940401017913,1.174552904357141,0.5809842186204393,0.58180512260476
75679,738507.7714104827,1.1788812257795602,1.1806328090814304,0.5816095288096297,0.5863881352350724
75691,738507.8287053113,1.1788812257795602,1.1806328090814304,0.5816095288096297,0.5863881352350724
75692,738507.8316798635,1.1789882337834225,1.1807385752001394,0.581670239167876,0.5865509055326178
75693,738507.8384630554,1.1789882337834225,1.1807385752001394,0.581670239167876,0.5865509055326178
75695,738507.8451370113,1.1807770199408132,1.1840476886275904,0.5903885099704066,0.5911718660302576
75708,738508.2020724219,1.1807770199408132,1.1840476886275904,0.5903885099704066,0.5911718660302576
75709,738508.2174730971,1.175511984562058,1.1805497190480925,0.5818895364378284,0.6026659338476433
75710,738508.274473335,1.175511984562058,1.1805497190480925,0.5818895364378284,0.6026659338476433
75712,738508.3065552197,1.175511984562058,1.1805497190480925,0.5818895364378284,0.6026659338476433
75714,738508.3273434234,1.175511984562058,1.1805497190480925,0.5818895364378284,0.6026659338476433
75718,738508.3526437024,1.175511984562058,1.1805497190480925,0.5818895364378284,0.6026659338476433
75722,738508.3988172186,1.175511984562058,1.1805497190480925,0.5818895364378284,0.6026659338476433
75723,738508.3991255973,1.175511984562058,1.1805497190480925,0.5818895364378284,0.6026659338476433
75724,738508.3996866003,1.175511984562058,1.1805497190480925,0.5818895364378284,0.6026659338476433
75729,738508.5453137523,1.175511984562058,1.1805497190480925,0.5818895364378284,0.6026659338476433
75731,738508.7142221082,1.178913917399565,1.1753957230093905,0.5723511572650231,0.5817331093525356
75736,738508.7701349272,1.178913917399565,1.1753957230093905,0.5723511572650231,0.5817331093525356
75737,738508.7721526929,1.18722443122147,1.1812862635694943,0.5989818906472515,0.6023473096328372
75742,738508.9344229018,1.18722443122147,1.1812862635694943,0.5989818906472515,0.6023473096328372
75745,738509.0483165366,1.18722443122147,1.1812862635694943,0.5989818906472515,0.6023473096328372
75746,738509.0865136988,1.1700891508771003,1.1753849212176644,0.5801405185827131,0.5825913537960808
75748,738509.1727043133,1.1700891508771003,1.1753849212176644,0.5801405185827131,0.5825913537960808
75761,738509.4323368609,1.1702668211733018,1.169076921670501,0.580323178091594,0.5866267028380681
75767,738509.6278793114,1.1751006953734828,1.1673511849141331,0.5774654586170272,0.5854178739448259
75768,738509.6296618044,1.1751006953734828,1.1673511849141331,0.5774654586170272,0.5854178739448259
75773,738509.8495224826,1.1751006953734828,1.1673511849141331,0.5774654586170272,0.5854178739448259
75777,738510.0262306855,1.1807541387489024,1.1875755627964046,0.5779922448364191,0.5992137785487431
75787,738510.4496517642,1.1729665172148034,1.1676719397512967,0.57767008043506,0.5853711926002505
75801,738510.976996314,1.1729665172148034,1.1676719397512967,0.57767008043506,0.5853711926002505
75811,738511.0253042611,1.1820197864183615,1.1816863090324452,0.5960353495227796,0.5999720730569252
75832,738511.7146588679,1.1820197864183615,1.1816863090324452,0.5960353495227796,0.5999720730569252
75834,738511.769649119,1.1814749922477827,1.1798638244535833,0.5987687877815063,0.6022118598921832
75835,738511.7730549694,1.1893872139575927,1.189468404174063,0.6018041137497677,0.6045494665115415
75836,738511.774403349,1.1893872139575927,1.189468404174063,0.6018041137497677,0.6045494665115415
75838,738511.7773121088,1.1903378749900755,1.1907137596788098,0.6025445591211889,0.6048688987661905
75839,738511.7777319648,1.1913812912773907,1.1921539170653659,0.6029108451950076,0.6052466335701959
75840,738511.7788891445,1.1927576947019067,1.1934100644286438,0.6030449217284343,0.6055833888316452
75841,738511.7793455075,1.192921413730968,1.1938026314451566,0.6031645081592946,0.6056900190399517
75842,738511.7796725543,1.192921413730968,1.1938026314451566,0.6031645081592946,0.6056900190399517
75843,738511.7852244917,1.1930899166626778,1.1937349258198902,0.6031499566416814,0.6056715815202155
75844,738511.7856418453,1.1941548750357758,1.194776838647246,0.6034896283066071,0.6059574853646914
75845,738511.7890861814,1.1949111599594642,1.195517254181578,0.6037335833176815,0.6061634748203587
75846,738511.7897699605,1.1949111599594642,1.195517254181578,0.6037335833176815,0.6061634748203587
75847,738511.7909033999,1.1949111599594642,1.195517254181578,0.6037335833176815,0.6061634748203587
75848,738511.791889105,1.1949111599594642,1.195517254181578,0.6037335833176815,0.6061634748203587
75849,738511.803373242,1.1949111599594642,1.195517254181578,0.6037335833176815,0.6061634748203587
75850,738511.807592291,1.1949111599594642,1.195517254181578,0.6037335833176815,0.6061634748203587
75851,738511.8089779802,1.2112936173687727,1.2116393665971532,0.6095371794891208,0.6112087411911925
75852,738511.8099593248,1.2113451286556538,1.2116902669443546,0.6094973241642095,0.6112262855551747
75853,738511.8118925444,1.2144228463536633,1.214733364878387,0.6107480217680611,0.6122923545812499
75854,738511.8122596934,1.2144228463536633,1.214733364878387,0.6107480217680611,0.6122923545812499
75855,738511.8139331804,1.2144228463536633,1.214733364878387,0.6107480217680611,0.6122923545812499
75856,738511.8141725173,1.2145004296722022,1.2148101216634255,0.610723696152072,0.6123196746981264
75857,738511.8208366185,1.2145354180790333,1.2148447380377623,0.6107374601847544,0.6123320025635428
75858,738511.8287758364,1.2145354180790333,1.2148447380377623,0.6107374601847544,0.6123320025635428
75859,738511.8292688348,1.2145354180790333,1.2148447380377623,0.6107374601847544,0.6123320025635428
75860,738511.8330696255,1.2147237935277155,1.215269079058774,0.6111120425465518,0.6124834662502132
75861,738511.8357746036,1.2147237935277155,1.215269079058774,0.6111120425465518,0.6124834662502132
75862,738511.8444508358,1.2147237935277155,1.215269079058774,0.6111120425465518,0.6124834662502132
75863,738511.8627838021,1.2147237935277155,1.215269079058774,0.6111120425465518,0.6124834662502132
75866,738511.8758680682,1.2147237935277155,1.215269079058774,0.6111120425465518,0.6124834662502132
75868,738511.8926439623,1.215359682143237,1.2155997973486785,0.6111161901630605,0.6126236925464495
75869,738511.8931440581,1.2201960595262453,1.2203993656324776,0.6130559840471768,0.6143828234010436
75870,738511.893882271,1.2201960595262453,1.2203993656324776,0.6130559840471768,0.6143828234010436
75871,738511.8949732243,1.2201960595262453,1.2203993656324776,0.6130559840471768,0.6143828234010436
75872,738511.8975060298,1.2202267115962406,1.2204603537286889,0.6130217798211591,0.6144056707386639
75873,738511.9013689732,1.2212810792533435,1.2214769326403385,0.6134997546281837,0.6147882675470887
75874,738511.9034843914,1.2212810792533435,1.2214769326403385,0.6134997546281837,0.6147882675470887
75876,738511.904794571,1.2212810792533435,1.2214769326403385,0.6134997546281837,0.6147882675470887
75877,738511.9052660384,1.2212810792533435,1.2214769326403385,0.6134997546281837,0.6147882675470887
75878,738511.9069603952,1.2212810792533435,1.2214769326403385,0.6134997546281837,0.6147882675470887
75879,738511.919981167,1.2212810792533435,1.2214769326403385,0.6134997546281837,0.6147882675470887
75880,738511.9204960701,1.2212810792533435,1.2214769326403385,0.6134997546281837,0.6147882675470887
75881,738511.9228438843,1.221532608810409,1.2217267737538549,0.6135580558054844,0.6148828033292445
75882,738511.924934346,1.221532608810409,1.2217267737538549,0.6135580558054844,0.6148828033292445
75883,738511.9254602457,1.221532608810409,1.2217267737538549,0.6135580558054844,0.6148828033292445
75884,738511.9263745624,1.221532608810409,1.2217267737538549,0.6135580558054844,0.6148828033292445
75885,738511.9296665278,1.2433868464004816,1.2434782847418444,0.6230730253261696,0.6237747052593626
75886,738511.9298746239,1.2769007851157335,1.2769577099133798,0.6389418283050454,0.6391506977989129
75887,738511.931110054,1.2769215803581941,1.276963428444829,0.638951879000757,0.6391534274125409
75888,738511.9316555072,1.2769215803581941,1.276963428444829,0.638951879000757,0.6391534274125409
75889,738511.9323401595,1.2769428475345919,1.2769715724551276,0.6389264855600933,0.6391573148166729
75890,738511.9345487951,1.2769485690019888,1.2769772882494965,0.6389214432509542,0.6391600431830314
75891,738511.9354332295,1.276957845732486,1.276986555784182,0.6389259405554988,0.6391644669821975
75892,738511.9357534965,1.276957845732486,1.276986555784182,0.6389259405554988,0.6391644669821975
75893,738511.9364956515,1.2769471394258471,1.2770039732479266,0.6389642324643369,0.6391727812721122
75894,738511.9372889237,1.2769471394258471,1.2770039732479266,0.6389642324643369,0.6391727812721122
75895,738511.9413377214,1.2769471394258471,1.2770039732479266,0.6389642324643369,0.6391727812721122
75896,738511.9425699196,1.2769788614287902,1.2770075506589895,0.6389361290038712,0.6391744889903849
75897,738511.9433858469,1.2769869328422334,1.2770156140796167,0.6389400420997461,0.6391783381918955
75898,738511.943906684,1.2769869328422334,1.2770156140796167,0.6389400420997461,0.6391783381918955
75900,738511.949509964,1.2769869328422334,1.2770156140796167,0.6389400420997461,0.6391783381918955
75901,738511.9501180317,1.2769869328422334,1.2770156140796167,0.6389400420997461,0.6391783381918955
75903,738511.9506415764,1.2769869328422334,1.2770156140796167,0.6389400420997461,0.6391783381918955
75904,738511.9510701778,1.2770205140765443,1.2770772041894283,0.638999698650819,0.6392077408058643
75905,738511.9535684803,1.2770205140765443,1.2770772041894283,0.638999698650819,0.6392077408058643
75906,738511.9551749872,1.2770401561560831,1.2770687847441264,0.6389736366820344,0.6392037212647964
75907,738511.9556674681,1.2770401561560831,1.2770687847441264,0.6389736366820344,0.6392037212647964
75908,738511.9580373244,1.2770401561560831,1.2770687847441264,0.6389736366820344,0.6392037212647964
75909,738511.9593156996,1.2770401561560831,1.2770687847441264,0.6389736366820344,0.6392037212647964
75910,738511.9621163018,1.2770401561560831,1.2770687847441264,0.6389736366820344,0.6392037212647964
75911,738511.9627089818,1.2770401561560831,1.2770687847441264,0.6389736366820344,0.6392037212647964
75912,738511.9663696318,1.2770401561560831,1.2770687847441264,0.6389736366820344,0.6392037212647964
75913,738511.9692604475,1.277050064849532,1.277078683646411,0.6389706502232716,0.6392084471212819
75914,738511.9709446036,1.277050064849532,1.277078683646411,0.6389706502232716,0.6392084471212819
75915,738511.9736115335,1.277050064849532,1.277078683646411,0.6389706502232716,0.6392084471212819
75916,738511.97665944,1.277071981677207,1.277100578829106,0.6389890588748915,0.6392189004073164
75918,738511.9889738752,1.277071981677207,1.277100578829106,0.6389890588748915,0.6392189004073164
75919,738511.9895324309,1.277071981677207,1.277100578829106,0.6389890588748915,0.6392189004073164
75920,738511.995149138,1.277071981677207,1.277100578829106,0.6389890588748915,0.6392189004073164
75921,738511.9957917852,1.277071981677207,1.277100578829106,0.6389890588748915,0.6392189004073164
75922,738511.9960560454,1.2770760142580473,1.2771046074291668,0.6389910130432523,0.6392208237966055
75923,738512.0039667422,1.2771115190134843,1.2771400771598276,0.6390082188306756,0.639237758761217
75925,738512.019082315,1.2771115190134843,1.2771400771598276,0.6390082188306756,0.639237758761217
75926,738512.0279085392,1.2782359393089449,1.2782777860123375,0.6395876129494085,0.639781446395803
75927,738512.0292911425,1.2783811719591427,1.2784228094289347,0.6396579168922537,0.6398508175119968
75928,738512.0302564051,1.2783811719591427,1.2784228094289347,0.6396579168922537,0.6398508175119968
75930,738512.0320090858,1.2783811719591427,1.2784228094289347,0.6396579168922537,0.6398508175119968
75931,738512.037121831,1.2783811719591427,1.2784228094289347,0.6396579168922537,0.6398508175119968
75932,738512.0395994144,1.2783811719591427,1.2784228094289347,0.6396579168922537,0.6398508175119968
75933,738512.0446359251,1.2783811719591427,1.2784228094289347,0.6396579168922537,0.6398508175119968
75934,738512.057923831,1.2783811719591427,1.2784228094289347,0.6396579168922537,0.6398508175119968
75935,738512.0670656601,1.2783811719591427,1.2784228094289347,0.6396579168922537,0.6398508175119968
75937,738512.0830341525,1.2783811719591427,1.2784228094289347,0.6396579168922537,0.6398508175119968
75938,738512.0848263563,1.2783811719591427,1.2784228094289347,0.6396579168922537,0.6398508175119968
75939,738512.0904531851,1.2783811719591427,1.2784228094289347,0.6396579168922537,0.6398508175119968
75940,738512.1127761161,1.2783811719591427,1.2784228094289347,0.6396579168922537,0.6398508175119968
75941,738512.113352882,1.2783811719591427,1.2784228094289347,0.6396579168922537,0.6398508175119968
75942,738512.1137253289,1.2783959925089075,1.2784500548514415,0.6396650918264333,0.639863851880468
75943,738512.1188175863,1.278417984829791,1.2784452835617721,0.6396417842615244,0.6398615692295029
75945,738512.1284531825,1.278417984829791,1.2784452835617721,0.6396417842615244,0.6398615692295029
75946,738512.1400796085,1.278417984829791,1.2784452835617721,0.6396417842615244,0.6398615692295029
75948,738512.1625528357,1.278417984829791,1.2784452835617721,0.6396417842615244,0.6398615692295029
75950,738512.1725398671,1.278417984829791,1.2784452835617721,0.6396417842615244,0.6398615692295029
75952,738512.1986820701,1.278417984829791,1.2784452835617721,0.6396417842615244,0.6398615692295029
75953,738512.1996378052,1.278417984829791,1.2784452835617721,0.6396417842615244,0.6398615692295029
75954,738512.2021380397,1.2784455408562578,1.278472813631219,0.6396551566482415,0.639874740218892
75955,738512.2035538391,1.2784455408562578,1.278472813631219,0.6396551566482415,0.639874740218892
75958,738512.2058953209,1.2784455408562578,1.278472813631219,0.6396551566482415,0.639874740218892
75959,738512.2063981647,1.2784455408562578,1.278472813631219,0.6396551566482415,0.639874740218892
75961,738512.2617404467,1.2784455408562578,1.278472813631219,0.6396551566482415,0.639874740218892
75962,738512.2873362154,1.2784502720905464,1.2784775404112971,0.6396574526589883,0.639877001668568
75964,738512.3122103711,1.2784502720905464,1.2784775404112971,0.6396574526589883,0.639877001668568
75966,738512.317730307,1.2784502720905464,1.2784775404112971,0.6396574526589883,0.639877001668568
75967,738512.3217409339,1.2784574316330755,1.2784846932148721,0.6396534978401719,0.639880423839302
75975,738512.4045664035,1.278461695460304,1.278488953029544,0.6396629963275949,0.6398824619124635
75977,738512.4114885061,1.2785023103546804,1.2785561747237806,0.6397165659064509,0.6399146252876496
75978,738512.411891595,1.2785256646613983,1.2785528621020021,0.6396866289494557,0.6399130402315033
75980,738512.4340097677,1.2785256646613983,1.2785528621020021,0.6396866289494557,0.6399130402315033
75981,738512.4346275796,1.2785256646613983,1.2785528621020021,0.6396866289494557,0.6399130402315033
75982,738512.4348914396,1.2785256646613983,1.2785528621020021,0.6396866289494557,0.6399130402315033
75985,738512.4495514091,1.1934739641372127,1.1783201399634438,0.5765936024527603,0.5721488581936283
75988,738512.4543241903,1.1934739641372127,1.1783201399634438,0.5765936024527603,0.5721488581936283
75989,738512.4564403438,1.2785347583458013,1.2785619472494545,0.6396984546732667,0.639917387401668
75991,738512.4647259644,1.2785418970294375,1.2785690792333284,0.6396945110414337,0.6399208000398375
75992,738512.4650458938,1.2785418970294375,1.2785690792333284,0.6396945110414337,0.6399208000398375
75993,738512.4691439953,1.2785418970294375,1.2785690792333284,0.6396945110414337,0.6399208000398375
75994,738512.4800937452,1.2785418970294375,1.2785690792333284,0.6396945110414337,0.6399208000398375
75995,738512.4811280303,1.278555652055893,1.278582821355137,0.6397011902888753,0.6399273757159923
75996,738512.482304218,1.2785787293656838,1.2786058770280841,0.6397197956331261,0.6399384082756921
75997,738512.4832021439,1.2785787293656838,1.2786058770280841,0.6397197956331261,0.6399384082756921
75999,738512.4895827868,1.2785832790156926,1.278610422414461,0.6397146058283744,0.6399405833704488
76000,738512.5041615044,1.278584400769822,1.2786156403364402,0.6397151505554142,0.6399430803104155
76004,738512.5612885912,1.278584400769822,1.2786156403364402,0.6397151505554142,0.6399430803104155
76009,738512.6275284565,1.174242938119586,1.17252472059966,0.587121469059793,0.5829669722195393
76012,738512.7243279214,1.280274489801223,1.2803000937890823,0.6405970547878905,0.6408029040986051
76013,738512.7246608377,1.307394243299176,1.3074095360593636,0.6538917858312613,0.6539642505902753
76014,738512.7260434226,1.3074013653565222,1.307411400446202,0.6538825937168771,0.6539651662240505
76015,738512.7270220255,1.3074013653565222,1.307411400446202,0.6538825937168771,0.6539651662240505
76016,738512.7286717665,1.3074031057983757,1.3074131402849416,0.6538806720701592,0.6539660206909681
76017,738512.7290884673,1.3074031057983757,1.3074131402849416,0.6538806720701592,0.6539660206909681
76018,738512.7306068859,1.3074093517644312,1.3074193840868857,0.6538865370630981,0.6539690871448554
76019,738512.7316240666,1.3074510617378834,1.3074610796205628,0.6539043554267113,0.6539895649421205
76020,738512.7325232241,1.3074510617378834,1.3074610796205628,0.6539043554267113,0.6539895649421205
76021,738512.7388242589,1.3074587330488903,1.3074687482780651,0.6539109197281124,0.653993331282895
76022,738512.7391754095,1.3074587330488903,1.3074687482780651,0.6539109197281124,0.653993331282895
76023,738512.7404834918,1.3074627121246967,1.3074727259777874,0.6539101091197063,0.653995284874651
76024,738512.7408422981,1.3074627121246967,1.3074727259777874,0.6539101091197063,0.653995284874651
76025,738512.7422552783,1.307525703320185,1.3075356954141855,0.6539439880168914,0.6540262120687397
76026,738512.7439913148,1.3075333548824106,1.307543344336549,0.6539477662325326,0.6540299688883395
76027,738512.7475050426,1.3075333548824106,1.307543344336549,0.6539477662325326,0.6540299688883395
76028,738512.7482595698,1.3075333548824106,1.307543344336549,0.6539477662325326,0.6540299688883395
76029,738512.7489634126,1.3075362489211775,1.3075719077620949,0.6539638691980847,0.6540439981617829
76030,738512.7489646914,1.3074856642502546,1.3075592948961554,0.6539221655267574,0.6540378031692947
76031,738512.7493386215,1.3074856642502546,1.3075592948961554,0.6539221655267574,0.6540378031692947
76034,738512.7549072459,1.3075507184267117,1.3075607018928472,0.6539563401113039,0.6540384942338132
76035,738512.7557468392,1.3075507184267117,1.3075607018928472,0.6539563401113039,0.6540384942338132
76036,738512.7584492487,1.3075526389424563,1.307562621746502,0.6539572884394234,0.6540394371955818
76037,738512.7618442328,1.3075758064210012,1.30759100360593,0.653981358573759,0.6540533774538545
76038,738512.7648254441,1.3075758064210012,1.30759100360593,0.653981358573759,0.6540533774538545
76039,738512.7669120698,1.3075758064210012,1.30759100360593,0.653981358573759,0.6540533774538545
76040,738512.777426352,1.3075842513081326,1.3075987704364107,0.6539749234631144,0.654057192313722
76041,738512.7805652337,1.3075842513081326,1.3075987704364107,0.6539749234631144,0.654057192313722
76042,738512.7877353147,1.3075842513081326,1.3075987704364107,0.6539749234631144,0.654057192313722
76043,738512.7883990216,1.307615706573021,1.307625667659139,0.6539884309286055,0.6540704036513159
76044,738512.7889817246,1.307615706573021,1.307625667659139,0.6539884309286055,0.6540704036513159
76045,738512.7902858008,1.307615706573021,1.307625667659139,0.6539884309286055,0.6540704036513159
76046,738512.794470093,1.3076412492181546,1.3076512015218706,0.6540010440018844,0.6540829455360531
76047,738512.8098316697,1.3076412492181546,1.3076512015218706,0.6540010440018844,0.6540829455360531
76048,738512.8128689923,1.3076412492181546,1.3076512015218706,0.6540010440018844,0.6540829455360531
76049,738512.8193167181,1.3076412492181546,1.3076512015218706,0.6540010440018844,0.6540829455360531
76050,738512.827316301,1.3076412492181546,1.3076512015218706,0.6540010440018844,0.6540829455360531
76051,738512.8277674437,1.3076434473706988,1.3076533989189798,0.6540021294659596,0.6540840248766199
76054,738512.8315526076,1.3076434473706988,1.3076533989189798,0.6540021294659596,0.6540840248766199
76056,738512.8327669977,1.3076434473706988,1.3076533989189798,0.6540021294659596,0.6540840248766199
76057,738512.834263199,1.3076582777570172,1.3076734317262924,0.6540220476262396,0.654093864867639
76059,738512.8553387009,1.3076657607128068,1.3076757045959435,0.6540131480179969,0.6540949812947239
76060,738512.855872797,1.3076724833231468,1.3076876298610027,0.6540290564105995,0.6541008389761629
76061,738512.8569620748,1.3076724833231468,1.3076876298610027,0.6540290564105995,0.6541008389761629
76062,738512.895078528,1.3076724833231468,1.3076876298610027,0.6540290564105995,0.6541008389761629
76064,738512.899462784,1.3076758067098413,1.307695483560649,0.654030696119554,0.654104696730851
76065,738512.9074753072,1.3076862180793356,1.3076961549400856,0.654023250163028,0.654105026514774
76066,738512.9079853503,1.3076862180793356,1.3076961549400856,0.654023250163028,0.654105026514774
76067,738512.9249506039,1.3076862180793356,1.3076961549400856,0.654023250163028,0.654105026514774
76070,738512.9325996359,1.3077019319046903,1.3077118633747333,0.6540310099384048,0.6541127425910981
76071,738512.9616213079,1.307706308448188,1.307716238417356,0.6540331711651814,0.6541094303235604
76072,738512.968342942,1.307706308448188,1.307716238417356,0.6540331711651814,0.6541094303235604
76074,738512.9756548519,1.307706308448188,1.307716238417356,0.6540331711651814,0.6541094303235604
76075,738512.9833272643,1.307706308448188,1.307716238417356,0.6540331711651814,0.6541094303235604
76076,738512.9912600997,1.307706308448188,1.307716238417356,0.6540331711651814,0.6541094303235604
76078,738513.0275166194,1.307706308448188,1.307716238417356,0.6540331711651814,0.6541094303235604
76079,738513.0594384425,1.307706308448188,1.307716238417356,0.6540331711651814,0.6541094303235604
76080,738513.0700435226,1.307706308448188,1.307716238417356,0.6540331711651814,0.6541094303235604
76081,738513.0708468551,1.3077065306814342,1.3077179600344409,0.6540305285443284,0.6541102763178993
76082,738513.0802118479,1.307709530552495,1.3077194594168324,0.6540320102262108,0.6541110131078863
76083,738513.0818965253,1.3077096378210862,1.3077210659478389,0.654032063207832,0.6541118025509652
76084,738513.0830600425,1.3077096378210862,1.3077210659478389,0.654032063207832,0.6541118025509652
76085,738513.0836627235,1.3077096378210862,1.3077210659478389,0.654032063207832,0.6541118025509652
76086,738513.0838248103,1.3077096378210862,1.3077210659478389,0.654032063207832,0.6541118025509652
76087,738513.0842524475,1.3077131146549523,1.307723042290477,0.6540337804713033,0.6541127737190737
76088,738513.0844308027,1.3077131146549523,1.307723042290477,0.6540337804713033,0.6541127737190737
76089,738513.0848719651,1.3077131146549523,1.307723042290477,0.6540337804713033,0.6541127737190737
76090,738513.086577784,1.3077131146549523,1.307723042290477,0.6540337804713033,0.6541127737190737
76091,738513.0869704847,1.3077234879929782,1.3077334120728525,0.654038904042631,0.654117869413859
76093,738513.0939667971,1.3077234879929782,1.3077334120728525,0.654038904042631,0.654117869413859
76094,738513.099897764,1.3081526468354612,1.3081624249239552,0.6542508925065748,0.6543287130421745
76095,738513.1086061527,1.3081529252665645,1.3081641797881656,0.6542530166165054,0.6543295756010076
76098,738513.1225520852,1.3081529252665645,1.3081641797881656,0.6542530166165054,0.6543295756010076
76099,738513.1567769755,1.3081642719706212,1.308174046134488,0.6542593451296038,0.6543324497466813
76100,738513.1575182326,1.3081642719706212,1.308174046134488,0.6542593451296038,0.6543324497466813
76101,738513.1701372617,1.3081642719706212,1.308174046134488,0.6542593451296038,0.6543324497466813
76102,738513.1703322744,1.3081642719706212,1.308174046134488,0.6542593451296038,0.6543324497466813
76103,738513.1768139625,1.3081642719706212,1.308174046134488,0.6542593451296038,0.6543324497466813
76104,738513.1808140641,1.3081642719706212,1.308174046134488,0.6542593451296038,0.6543324497466813
76105,738513.2022598961,1.3081642719706212,1.308174046134488,0.6542593451296038,0.6543324497466813
76109,738513.2766534536,1.3081660883867499,1.3081803187226737,0.6542622275876318,0.6543355333234884
76114,738513.3700601022,1.19494407803765,1.1683695240029728,0.5911308376304087,0.5843874894951354
76123,738513.5075381153,1.19494407803765,1.1683695240029728,0.5911308376304087,0.5843874894951354
76124,738513.5082667829,1.19494407803765,1.1683695240029728,0.5911308376304087,0.5843874894951354
76125,738513.5147811999,1.3081591988350938,1.3081831629672551,0.6542598295596501,0.6543225084048557
76127,738513.5608837116,1.3081591988350938,1.3081831629672551,0.6542598295596501,0.6543225084048557
76129,738513.6075787408,1.3081591988350938,1.3081831629672551,0.6542598295596501,0.6543225084048557
76130,738513.6113382212,1.3081591988350938,1.3081831629672551,0.6542598295596501,0.6543225084048557
76131,738513.6210278232,1.3081591988350938,1.3081831629672551,0.6542598295596501,0.6543225084048557
76133,738513.6445287605,1.3081591988350938,1.3081831629672551,0.6542598295596501,0.6543225084048557
76134,738513.6503265183,1.3081471106951936,1.3081568906532335,0.6542422380478246,0.6543103489784766
76143,738513.7136174238,1.308149197446726,1.3081589767000312,0.6542404612723535,0.6543085805434957
76146,738513.7625154437,1.308149197446726,1.3081589767000312,0.6542404612723535,0.6543085805434957
76147,738513.766991729,1.308152466564538,1.3081622447139034,0.6542420772114149,0.654310188897019
76150,738513.7954440158,1.3081539436137861,1.3081637212644115,0.6542400945129813,0.6543109155825102
76151,738513.8232262955,1.3081539436137861,1.3081637212644115,0.6542400945129813,0.6543109155825102
76155,738513.837290501,1.3081539436137861,1.3081637212644115,0.6542400945129813,0.6543109155825102
76157,738513.8607834852,1.3081539436137861,1.3081637212644115,0.6542400945129813,0.6543109155825102
76158,738513.8676303778,1.3081581060987624,1.3081678823440215,0.6542421524370757,0.6543129634642356
76159,738513.8696482385,1.3081581060987624,1.3081678823440215,0.6542421524370757,0.6543129634642356
76160,738513.876143479,1.3081581060987624,1.3081678823440215,0.6542421524370757,0.6543129634642356
76162,738513.885887368,1.3081581060987624,1.3081678823440215,0.6542421524370757,0.6543129634642356
76165,738513.9148682484,1.3081581060987624,1.3081678823440215,0.6542421524370757,0.6543129634642356
76167,738513.9412480962,1.3081581060987624,1.3081678823440215,0.6542421524370757,0.6543129634642356
76168,738513.973542678,1.3081581060987624,1.3081678823440215,0.6542421524370757,0.6543129634642356
76169,738513.9893871509,1.3081581060987624,1.3081678823440215,0.6542421524370757,0.6543129634642356
76170,738514.0195062524,1.3081581060987624,1.3081678823440215,0.6542421524370757,0.6543129634642356
76171,738514.0256030484,1.3081581060987624,1.3081678823440215,0.6542421524370757,0.6543129634642356
76172,738514.0277752558,1.3081630524432863,1.308177284271083,0.6542473098712852,0.6543175906540993
76173,738514.0301463595,1.3081630524432863,1.308177284271083,0.6542473098712852,0.6543175906540993
76175,738514.0987707357,1.3081630524432863,1.308177284271083,0.6542473098712852,0.6543175906540993
76176,738514.1114727476,1.3081630524432863,1.308177284271083,0.6542473098712852,0.6543175906540993
76177,738514.1346086509,1.3081630524432863,1.308177284271083,0.6542473098712852,0.6543175906540993
76178,738514.135163945,1.3081630524432863,1.308177284271083,0.6542473098712852,0.6543175906540993
76180,738514.2083371609,1.3081630524432863,1.308177284271083,0.6542473098712852,0.6543175906540993
76182,738514.252591117,1.3081630524432863,1.308177284271083,0.6542473098712852,0.6543175906540993
76185,738514.3605472413,1.3081630524432863,1.308177284271083,0.6542473098712852,0.6543175906540993
76186,738514.3716312305,1.308123645440744,1.308133433326933,0.6542459110270863,0.6543167037165423
76188,738514.4035433608,1.308123645440744,1.308133433326933,0.6542459110270863,0.6543167037165423
76190,738514.4416300153,1.308123645440744,1.308133433326933,0.6542459110270863,0.6543167037165423
76194,738514.4644196313,1.308123645440744,1.308133433326933,0.6542459110270863,0.6543167037165423
76196,738514.498421329,1.308123645440744,1.308133433326933,0.6542459110270863,0.6543167037165423
76199,738514.5472717216,1.308123645440744,1.308133433326933,0.6542459110270863,0.6543167037165423
76206,738514.6325594931,1.308123645440744,1.308133433326933,0.6542459110270863,0.6543167037165423
76210,738514.6895965823,1.308123645440744,1.308133433326933,0.6542459110270863,0.6543167037165423
76216,738514.7772124851,1.308123645440744,1.308133433326933,0.6542459110270863,0.6543167037165423
76217,738514.893577605,1.3081264952579015,1.3081362821808868,0.6541814436726647,0.654252551547735
76220,738514.9706927593,1.3081264952579015,1.3081362821808868,0.6541814436726647,0.654252551547735
76221,738514.9763514451,1.3081264952579015,1.3081362821808868,0.6541814436726647,0.654252551547735
76223,738514.9879900952,1.3081264952579015,1.3081362821808868,0.6541814436726647,0.654252551547735
76224,738515.0456962953,1.3081264952579015,1.3081362821808868,0.6541814436726647,0.654252551547735
76227,738515.1063496348,1.3081264952579015,1.3081362821808868,0.6541814436726647,0.654252551547735
76230,738515.1501117942,1.3081264952579015,1.3081362821808868,0.6541814436726647,0.654252551547735
76231,738515.1717552025,1.308129064330371,1.3081388503851223,0.6541854413475552,0.6542538193966178
76233,738515.2044970413,1.308129064330371,1.3081388503851223,0.6541854413475552,0.6542538193966178
76234,738515.2241803237,1.1713831288612213,1.3081350801729321,0.5856915644306107,0.6541876967789713
76235,738515.224640775,1.1717347571812766,1.3081480989204768,0.5858673785906383,0.6541941523596917
76236,738515.2250086807,1.1722549173287657,1.3081544001356264,0.5861274586643829,0.6541972769394592
76237,738515.2255140278,1.1528868381623252,1.3081648173995963,0.5764434190811626,0.6542024425541993
76240,738515.3304764157,1.3080756061439451,1.3081769426225662,0.6541562061973576,0.6542713584074968
76246,738515.3968274528,1.3080756061439451,1.3081769426225662,0.6541562061973576,0.6542713584074968
76248,738515.4882604054,1.3080756061439451,1.3081769426225662,0.6541562061973576,0.6542713584074968
76256,738515.6696146346,1.3080771930348036,1.3081162470113745,0.6541906425486878,0.6542721391549803
76257,738515.6698755269,1.3080771930348036,1.3081162470113745,0.6541906425486878,0.6542721391549803
76258,738515.6749732005,1.3080771930348036,1.3081162470113745,0.6541906425486878,0.6542721391549803
76261,738515.740011086,1.3080771930348036,1.3081162470113745,0.6541906425486878,0.6542721391549803
76264,738515.8419680482,1.3080771930348036,1.3081162470113745,0.6541906425486878,0.6542721391549803
76265,738515.8458471575,1.3071446372054705,1.3081466693778647,0.6536282987293217,0.6542866331463097
76266,738515.8463318489,1.3071446372054705,1.3081466693778647,0.6536282987293217,0.6542866331463097
76267,738515.9134401501,1.3071446372054705,1.3081466693778647,0.6536282987293217,0.6542866331463097
76272,738515.9925953547,1.3080804887077258,1.3081195382420898,0.6541930057981222,0.6542744891387534
76273,738516.0414612319,1.3080804887077258,1.3081195382420898,0.6541930057981222,0.6542744891387534
76275,738516.0966032392,1.3080804887077258,1.3081195382420898,0.6541930057981222,0.6542744891387534
76276,738516.1209195962,1.3080804887077258,1.3081195382420898,0.6541930057981222,0.6542744891387534
76278,738516.1641546099,1.3080804887077258,1.3081195382420898,0.6541930057981222,0.6542744891387534
76279,738516.164997856,1.3080804887077258,1.3081195382420898,0.6541930057981222,0.6542744891387534
76298,738516.5545181197,1.3080804887077258,1.3081195382420898,0.6541930057981222,0.6542744891387534
76301,738516.5746005989,1.3080804887077258,1.3081195382420898,0.6541930057981222,0.6542744891387534
76302,738516.5782158512,1.3080804887077258,1.3081195382420898,0.6541930057981222,0.6542744891387534
76303,738516.5783769684,1.3080804887077258,1.3081195382420898,0.6541930057981222,0.6542744891387534
76309,738516.6982929584,1.3080804887077258,1.3081195382420898,0.6541930057981222,0.6542744891387534
76312,738516.756640496,1.308146556549282,1.308189972437121,0.6542237706137664,0.6543064127877717
76313,738516.7604898841,1.3166387896624505,1.3166749908618585,0.6584410590287678,0.6584955063955144
76314,738516.7618404451,1.3166437502001382,1.3166761299560727,0.6584357276743661,0.6584960697599332
76315,738516.7622938458,1.3166393428343466,1.316674415728159,0.6584182863255977,0.6584952219504228
76316,738516.7656132068,1.3166393428343466,1.316674415728159,0.6584182863255977,0.6584952219504228
76317,738516.7659002513,1.3166472751857978,1.3166763280565545,0.6584339579535656,0.658496167734964
76318,738516.7666335894,1.3166472751857978,1.3166763280565545,0.6584339579535656,0.658496167734964
76319,738516.7692560409,1.3166472751857978,1.3166763280565545,0.6584339579535656,0.658496167734964
76320,738516.7725688656,1.316645653617576,1.3166818462410494,0.6584444622873219,0.6584988968796405
76321,738516.7747885032,1.316645653617576,1.3166818462410494,0.6584444622873219,0.6584988968796405
76323,738516.7843694352,1.316645653617576,1.3166818462410494,0.6584444622873219,0.6584988968796405
76324,738516.7849771448,1.3166508278855908,1.316679877193395,0.6584377511223376,0.6584979230413239
76325,738516.7961113135,1.316682210942169,1.3167112287953124,0.658453321421158,0.6585134287906386
76327,738516.8099919645,1.316682210942169,1.3167112287953124,0.658453321421158,0.6585134287906386
76329,738516.826375004,1.316682210942169,1.3167112287953124,0.658453321421158,0.6585134287906386
76330,738516.8296732474,1.3166772635161126,1.3167156093523884,0.6584601350668634,0.6585155953234569
76331,738516.8298616641,1.316700904640599,1.3167370283064757,0.6584718568725149,0.6585261887457655
76332,738516.8302862009,1.316700904640599,1.3167370283064757,0.6584718568725149,0.6585261887457655
76333,738516.8306278078,1.316700904640599,1.3167370283064757,0.6584718568725149,0.6585261887457655
76334,738516.8316437353,1.316700904640599,1.3167370283064757,0.6584718568725149,0.6585261887457655
76335,738516.8351915551,1.3167063804563948,1.3167353741080843,0.6584632864613241,0.6585253706065193
76336,738516.8599485139,1.3167063804563948,1.3167353741080843,0.6584632864613241,0.6585253706065193
76338,738516.8867641337,1.3167063804563948,1.3167353741080843,0.6584632864613241,0.6585253706065193
76342,738517.0369219888,1.3167063804563948,1.3167353741080843,0.6584632864613241,0.6585253706065193
76344,738517.1399064728,1.3167063804563948,1.3167353741080843,0.6584632864613241,0.6585253706065193
76345,738517.1546812813,1.3166070240285304,1.3166361172971235,0.6584658397634542,0.6585258952859856
76350,738517.2956519146,1.3166070240285304,1.3166361172971235,0.6584658397634542,0.6585258952859856
76352,738517.339322601,1.3166018047208743,1.31664149642886,0.6584725195393111,0.6585285465175441
76355,738517.3560887777,1.3166172530423572,1.3166463360393432,0.6584801526955673,0.658530931839366
76361,738517.386683136,1.3166172530423572,1.3166463360393432,0.6584801526955673,0.658530931839366
76364,738517.416778629,1.3166172530423572,1.3166463360393432,0.6584801526955673,0.658530931839366
76376,738517.6308481876,1.3166172530423572,1.3166463360393432,0.6584801526955673,0.658530931839366
76379,738517.6909851949,1.3166241185567296,1.3166553919074961,0.6584742917485038,0.6585339174371931
76380,738517.7323619839,1.3166241185567296,1.3166553919074961,0.6584742917485038,0.6585339174371931
76382,738517.7867629181,1.3166241185567296,1.3166553919074961,0.6584742917485038,0.6585339174371931
76385,738517.7977385195,1.316627721753681,1.3166567942421172,0.6584735032685476,0.6585346086872257
76386,738517.8070938935,1.316627721753681,1.3166567942421172,0.6584735032685476,0.6585346086872257
76390,738517.8901899143,1.316627721753681,1.3166567942421172,0.6584735032685476,0.6585346086872257
76391,738517.893106882,1.316627721753681,1.3166567942421172,0.6584735032685476,0.6585346086872257
76393,738517.9060581408,1.3166520486703972,1.3166871061853689,0.6584743878050617,0.6585495504091922
76394,738517.9072223684,1.3166520486703972,1.3166871061853689,0.6584743878050617,0.6585495504091922
76396,738518.0082655858,1.3166520486703972,1.3166871061853689,0.6584743878050617,0.6585495504091922
76398,738518.0221034045,1.3166520486703972,1.3166871061853689,0.6584743878050617,0.6585495504091922
76399,738518.0359759857,1.3166520486703972,1.3166871061853689,0.6584743878050617,0.6585495504091922
76400,738518.0406230745,1.3166608618331155,1.316689901080374,0.6585017004547761,0.6585509281130629
76402,738518.0860337957,1.3166608618331155,1.316689901080374,0.6585017004547761,0.6585509281130629
76404,738518.1132539163,1.3166608618331155,1.316689901080374,0.6585017004547761,0.6585509281130629
76407,738518.1572609696,1.3166608618331155,1.316689901080374,0.6585017004547761,0.6585509281130629
76411,738518.1796793443,1.3166608618331155,1.316689901080374,0.6585017004547761,0.6585509281130629
76412,738518.1840407891,1.3166608618331155,1.316689901080374,0.6585017004547761,0.6585509281130629
76413,738518.2003490913,1.3166608618331155,1.316689901080374,0.6585017004547761,0.6585509281130629
76414,738518.2110005682,1.3166608618331155,1.316689901080374,0.6585017004547761,0.6585509281130629
76416,738518.2312258801,1.3166610189425385,1.3166922524824671,0.658467545078456,0.6585520872048448
76417,738518.2467742366,1.3166610189425385,1.3166922524824671,0.658467545078456,0.6585520872048448
76418,738518.2539561939,1.3166610189425385,1.3166922524824671,0.658467545078456,0.6585520872048448
76421,738518.3266026635,1.3166610189425385,1.3166922524824671,0.658467545078456,0.6585520872048448
76422,738518.3312200205,1.3166610189425385,1.3166922524824671,0.658467545078456,0.6585520872048448
76423,738518.3332539842,1.1710078625810723,1.3167204818756597,0.589114750674693,0.6585713683624473
76424,738518.3459618153,1.316661448298935,1.3167028234280034,0.6585019902389581,0.6585572980255548
76434,738518.4489333403,1.3166763989500458,1.3167106234564454,0.6584981193254028,0.6585611429731711
76436,738518.4675078938,1.3166763989500458,1.3167106234564454,0.6584981193254028,0.6585611429731711
76437,738518.468170696,1.3166832504553314,1.316719659242311,0.6585035285455297,0.6585655970935868
76438,738518.4728546976,1.3166832504553314,1.316719659242311,0.6585035285455297,0.6585655970935868
76439,738518.4863936536,1.3166832504553314,1.316719659242311,0.6585035285455297,0.6585655970935868
76440,738518.4890119506,1.3166832504553314,1.316719659242311,0.6585035285455297,0.6585655970935868
76441,738518.4992919335,1.3166832504553314,1.316719659242311,0.6585035285455297,0.6585655970935868
76447,738518.595812847,1.3166832504553314,1.316719659242311,0.6585035285455297,0.6585655970935868
76449,738518.6644175958,1.3166832504553314,1.316719659242311,0.6585035285455297,0.6585655970935868
76453,738518.6914487819,1.3166832504553314,1.316719659242311,0.6585035285455297,0.6585655970935868
76460,738518.7771068496,1.31669294152265,1.3167233705597179,0.6585062997683674,0.6585703682491231
76462,738518.7956646495,1.31669294152265,1.3167233705597179,0.6585062997683674,0.6585703682491231
76468,738518.9496269376,1.3166891470580742,1.3167279493087436,0.658515676813841,0.6585726248608774
76469,738518.9669926831,1.3166891470580742,1.3167279493087436,0.658515676813841,0.6585726248608774
76473,738519.096827487,1.3166891470580742,1.3167279493087436,0.658515676813841,0.6585726248608774
76474,738519.1347319374,1.3166891470580742,1.3167279493087436,0.658515676813841,0.6585726248608774
76476,738519.2331747595,1.3166934904837748,1.3167277278979648,0.6584504260560764,0.6585282823772388
76477,738519.3032896857,1.3167016418340993,1.316735869616219,0.6584544726495297,0.6585323072690448
76487,738519.4056206753,1.3167016418340993,1.316735869616219,0.6584544726495297,0.6585323072690448
76496,738519.5738047194,1.3167016418340993,1.316735869616219,0.6584544726495297,0.6585323072690448
76500,738519.6582884185,1.175644395569898,1.3167705332452853,0.5894877987990296,0.6585518705692143
76501,738519.658707728,1.175644395569898,1.3167705332452853,0.5894877987990296,0.6585518705692143
76503,738519.7213622957,1.175644395569898,1.3167705332452853,0.5894877987990296,0.6585518705692143
76506,738519.8248014539,1.3167067601955318,1.3167382727833596,0.6584457144156519,0.6585334952870182
76507,738519.8376059062,1.3167067601955318,1.3167382727833596,0.6584457144156519,0.6585334952870182
76509,738519.8783891986,1.3167067601955318,1.3167382727833596,0.6584457144156519,0.6585334952870182
76511,738519.9003017226,1.3167067601955318,1.3167382727833596,0.6584457144156519,0.6585334952870182
76516,738520.0474902483,1.1719404107736249,1.316773186078276,0.5870667397705827,0.6585531818087139
76532,738520.4647841046,1.1719404107736249,1.316773186078276,0.5870667397705827,0.6585531818087139
76537,738520.6146626766,1.3167128097953111,1.3167657311177332,0.6585162209773691,0.6585486762707725
76538,738520.6156247995,1.3167128097953111,1.3167657311177332,0.6585162209773691,0.6585486762707725
76541,738520.6209780858,1.3167140715979804,1.3167669906161885,0.6585168449521936,0.6585492988482848
76544,738520.8112833627,1.3167140715979804,1.3167669906161885,0.6585168449521936,0.6585492988482848
76545,738520.8203349878,1.3167140715979804,1.3167669906161885,0.6585168449521936,0.6585492988482848
76548,738520.8239645659,1.3167140715979804,1.3167669906161885,0.6585168449521936,0.6585492988482848
76551,738520.9394469645,1.3167140715979804,1.3167669906161885,0.6585168449521936,0.6585492988482848
76552,738520.9681967369,1.2674033726325624,1.3167853484525838,0.6340252512037777,0.6585583732700523
76553,738521.0086667677,1.31671265615321,1.3167504551964384,0.6584478172041791,0.6585386964650409
76557,738521.1948440942,1.31671265615321,1.3167504551964384,0.6584478172041791,0.6585386964650409
76558,738521.2683082403,1.31671265615321,1.3167504551964384,0.6584478172041791,0.6585386964650409
76567,738521.4900972487,1.31671265615321,1.3167504551964384,0.6584478172041791,0.6585386964650409
76570,738521.586660691,1.31671265615321,1.3167504551964384,0.6584478172041791,0.6585386964650409
76571,738521.6127560615,1.31671265615321,1.3167504551964384,0.6584478172041791,0.6585386964650409
76572,738521.6358801443,1.31671265615321,1.3167504551964384,0.6584478172041791,0.6585386964650409
76573,738521.6489085859,1.31671983638502,1.316751631250819,0.6584764039776382,0.6585392778896925
76574,738521.6546634242,1.31671983638502,1.316751631250819,0.6584764039776382,0.6585392778896925
76575,738521.6791271826,1.3167193655581277,1.316748157604278,0.6584511507747247,0.6585375605687394
76583,738521.8328955137,1.157352885907863,1.3167853178724094,0.5881464113710423,0.6585613016818906
76584,738521.8765659446,1.157352885907863,1.3167853178724094,0.5881464113710423,0.6585613016818906
76586,738521.9439237289,1.157352885907863,1.3167853178724094,0.5881464113710423,0.6585613016818906
76587,738522.0775909226,1.3173443608737017,1.3173826546164331,0.6587952463609912,0.6588180168073783
76589,738522.0974579178,1.317345436148766,1.3173837284702843,0.6587957794474727,0.6588185490560282
76590,738522.1034600021,1.317345436148766,1.3173837284702843,0.6587957794474727,0.6588185490560282
76602,738522.3893407225,1.317345436148766,1.3173837284702843,0.6587957794474727,0.6588185490560282
76611,738522.578304461,1.317345436148766,1.3173837284702843,0.6587957794474727,0.6588185490560282
76617,738522.7916645209,1.3173668778426257,1.3174051418352264,0.6587990796207744,0.6588218440432606
76620,738522.8414110458,1.1668191965574939,1.3174296544277984,0.5845872885881133,0.6588417073455856
76625,738522.9852313437,1.209814476434717,1.317392175262757,0.5910388975249322,0.6587895457239932
76627,738523.1168254543,1.2097465215765826,1.1454569125021359,0.6048732607882913,0.5874903883848432
76645,738523.7177432484,1.2097465215765826,1.1454569125021359,0.6048732607882913,0.5874903883848432
76655,738524.0692235501,1.2097465215765826,1.1454569125021359,0.6048732607882913,0.5874903883848432
76659,738524.2208592952,1.3173705132511953,1.3174137634440055,0.6587997975692663,0.6588276446952754
76668,738524.4109401429,1.1938431300191397,1.192014053241096,0.5897523543642723,0.5877554213887313
76682,738524.85117142,1.1938431300191397,1.192014053241096,0.5897523543642723,0.5877554213887313
76683,738524.8827737154,1.1938431300191397,1.192014053241096,0.5897523543642723,0.5877554213887313
76690,738525.2152292527,1.1938431300191397,1.192014053241096,0.5897523543642723,0.5877554213887313
76691,738525.2829499674,1.1938431300191397,1.192014053241096,0.5897523543642723,0.5877554213887313
76692,738525.295319023,1.1938431300191397,1.192014053241096,0.5897523543642723,0.5877554213887313
76693,738525.2976377691,1.1938431300191397,1.192014053241096,0.5897523543642723,0.5877554213887313
76694,738525.2995279252,1.1938431300191397,1.192014053241096,0.5897523543642723,0.5877554213887313
76695,738525.3024702423,1.1938431300191397,1.192014053241096,0.5897523543642723,0.5877554213887313
76696,738525.3049609744,1.1938431300191397,1.192014053241096,0.5897523543642723,0.5877554213887313
76697,738525.3149376644,1.1938431300191397,1.192014053241096,0.5897523543642723,0.5877554213887313
76698,738525.3174444074,1.3173657563022871,1.317411154227263,0.6587982224753733,0.6588251575765159
76699,738525.3187306301,1.3173657563022871,1.317411154227263,0.6587982224753733,0.6588251575765159
76700,738525.3201846844,1.3174018563939376,1.3174450598263177,0.6588161293637695,0.658841970998132
76701,738525.3216223256,1.3174305375640354,1.3174725901084041,0.6588303563378055,0.658855623087709
76702,738525.3223628282,1.317437653791006,1.3174808038795047,0.6588338862799842,0.658859696264541
76703,738525.3243530253,1.317437653791006,1.3174808038795047,0.6588338862799842,0.658859696264541
76704,738525.3321402185,1.317437653791006,1.3174808038795047,0.6588338862799842,0.658859696264541
76705,738525.3349813543,1.3174400370745076,1.317482075833648,0.6588350684884661,0.6588603270224537
76706,738525.3398164562,1.3174400370745076,1.317482075833648,0.6588350684884661,0.6588603270224537
76707,738525.3403513118,1.3174400370745076,1.317482075833648,0.6588350684884661,0.6588603270224537
76708,738525.3423379875,1.3174400370745076,1.317482075833648,0.6588350684884661,0.6588603270224537
76710,738525.3449881276,1.3174400370745076,1.317482075833648,0.6588350684884661,0.6588603270224537
76711,738525.3482630842,1.3174400370745076,1.317482075833648,0.6588350684884661,0.6588603270224537
76714,738525.3567815302,1.3174400370745076,1.317482075833648,0.6588350684884661,0.6588603270224537
76716,738525.3648950601,1.3174400370745076,1.317482075833648,0.6588350684884661,0.6588603270224537
76717,738525.3655580562,1.3174400370745076,1.317482075833648,0.6588350684884661,0.6588603270224537
76718,738525.3684373823,1.3174409934677263,1.3174841385829272,0.6588355428997942,0.658861349933579
76719,738525.3766356701,1.3174409934677263,1.3174841385829272,0.6588355428997942,0.658861349933579
76724,738525.3961582184,1.3174419936304147,1.3174851372563297,0.658836039022756,0.6588618451729121
76725,738525.3989804686,1.3174419936304147,1.3174851372563297,0.658836039022756,0.6588618451729121
76726,738525.4006353172,1.3174419936304147,1.3174851372563297,0.658836039022756,0.6588618451729121
76727,738525.400837109,1.3174419936304147,1.3174851372563297,0.658836039022756,0.6588618451729121
76729,738525.4188275207,1.3174419936304147,1.3174851372563297,0.658836039022756,0.6588618451729121
76730,738525.4190528608,1.3174419936304147,1.3174851372563297,0.658836039022756,0.6588618451729121
76731,738525.4287138158,1.317443792707014,1.3174869336541535,0.6588369314411221,0.6588627360018963
76732,738525.4320363185,1.317443792707014,1.3174869336541535,0.6588369314411221,0.6588627360018963
76733,738525.4338690452,1.317443792707014,1.3174869336541535,0.6588369314411221,0.6588627360018963
76736,738525.4511692504,1.3174580793110369,1.3175011989917202,0.6588421758772385,0.658871411727181
76737,738525.4698348807,1.3174580793110369,1.3175011989917202,0.6588421758772385,0.658871411727181
76738,738525.4840769318,1.3174580793110369,1.3175011989917202,0.6588421758772385,0.658871411727181
76740,738525.5112609599,1.3174580793110369,1.3175011989917202,0.6588421758772385,0.658871411727181
76741,738525.529723072,1.317462775397556,1.317504781178285,0.6588463476882113,0.6588731879361608
76742,738525.5323612888,1.317462775397556,1.317504781178285,0.6588463476882113,0.6588731879361608
76743,738525.5325472567,1.3174640481439515,1.317506052079523,0.6588451370632424,0.6588738181065116
76744,738525.5347486744,1.3174687763551582,1.3175107734367408,0.6588474827702141,0.6588761591711063
76745,738525.5352614669,1.3174687763551582,1.3175107734367408,0.6588474827702141,0.6588761591711063
76746,738525.5381831055,1.3174687763551582,1.3175107734367408,0.6588474827702141,0.6588761591711063
76747,738525.5429352104,1.3174687763551582,1.3175107734367408,0.6588474827702141,0.6588761591711063
76748,738525.5460861691,1.3174687763551582,1.3175107734367408,0.6588474827702141,0.6588761591711063
76752,738525.5571791999,1.3174687763551582,1.3175107734367408,0.6588474827702141,0.6588761591711063
76755,738525.5754026662,1.317693084838404,1.3177358561990435,0.6589605951532012,0.658986180414124
76756,738525.5778218536,1.317693084838404,1.3177358561990435,0.6589605951532012,0.658986180414124
76757,738525.5788949304,1.317693084838404,1.3177358561990435,0.6589605951532012,0.658986180414124
76758,738525.5811789939,1.317693084838404,1.3177358561990435,0.6589605951532012,0.658986180414124
76759,738525.5814097569,1.317693084838404,1.3177358561990435,0.6589605951532012,0.658986180414124
76760,738525.5824910703,1.317693084838404,1.3177358561990435,0.6589605951532012,0.658986180414124
76761,738525.5864613814,1.317693084838404,1.3177358561990435,0.6589605951532012,0.658986180414124
76763,738525.592756249,1.317693084838404,1.3177358561990435,0.6589605951532012,0.658986180414124
76764,738525.5971454162,1.3177065209551686,1.3177481748405353,0.6589672605035546,0.6589938777107758
76766,738525.6038773416,1.3177065209551686,1.3177481748405353,0.6589672605035546,0.6589938777107758
76771,738525.6618887311,1.3177078544150242,1.3177506039786642,0.6589679220038274,0.6589934943302188
76775,738525.9076154499,1.3177078544150242,1.3177506039786642,0.6589679220038274,0.6589934943302188
76781,738526.056280124,1.3177472717475962,1.3177899631933083,0.6589891206135098,0.6590146555535008
76782,738526.0569375126,1.3177472717475962,1.3177899631933083,0.6589891206135098,0.6590146555535008
76785,738526.0841714961,1.3177472717475962,1.3177899631933083,0.6589891206135098,0.6590146555535008
76787,738526.1233767903,1.3177530514382052,1.317794638483143,0.6589919874993359,0.6590169739548106
76789,738526.2009099781,1.3177546561064029,1.3177962408481685,0.658990959955016,0.6590193538235362
76791,738526.2403569691,1.3177546561064029,1.3177962408481685,0.658990959955016,0.6590193538235362
76792,738526.2491487989,1.3177546561064029,1.3177962408481685,0.658990959955016,0.6590193538235362
76805,738526.5578888289,1.317761150254554,1.3178038212562375,0.6589960047430911,0.6590215275538089
76811,738526.711802015,1.1936302581504268,1.1413147278218356,0.5888624977081601,0.5834738552256794
76812,738526.7822258163,1.1936302581504268,1.1413147278218356,0.5888624977081601,0.5834738552256794
76816,738526.9456319496,1.1936302581504268,1.1413147278218356,0.5888624977081601,0.5834738552256794
76824,738527.116957516,1.1936302581504268,1.1413147278218356,0.5888624977081601,0.5834738552256794
76826,738527.134602311,1.30947389222334,1.3095306905737707,0.6589965126396796,0.6590211534759706
76827,738527.158000991,1.30947389222334,1.3095306905737707,0.6589965126396796,0.6590211534759706
76828,738527.1824769992,1.30947389222334,1.3095306905737707,0.6589965126396796,0.6590211534759706
76829,738527.1974706161,1.30947389222334,1.3095306905737707,0.6589965126396796,0.6590211534759706
76830,738527.2029600483,1.3094679842213253,1.309523335901263,0.6589978255107085,0.6590219208673944
76831,738527.2217037558,1.309473435737602,1.3095302349826712,0.6589998559160442,0.6590244910671443
76832,738527.33596688,1.309473435737602,1.3095302349826712,0.6589998559160442,0.6590244910671443
76837,738527.4609752445,1.309473435737602,1.3095302349826712,0.6589998559160442,0.6590244910671443
76839,738527.4652321872,1.3094431467663519,1.309498545904976,0.6590008904968986,0.6590249807568556
76840,738527.4671916468,1.3094431467663519,1.309498545904976,0.6590008904968986,0.6590249807568556
76846,738527.6040318186,1.3094431467663519,1.309498545904976,0.6590008904968986,0.6590249807568556
76849,738527.7673568117,1.3094431467663519,1.309498545904976,0.6590008904968986,0.6590249807568556
76855,738527.8779810565,1.3094431467663519,1.309498545904976,0.6590008904968986,0.6590249807568556
76891,738528.8835288999,1.3094431467663519,1.309498545904976,0.6590008904968986,0.6590249807568556
76895,738529.0499686296,1.282056020930701,1.2821984690306272,0.6590131045783657,0.6590371745383691
76897,738529.1941771595,1.1908416591690556,1.282142547823784,0.5765591800230188,0.6590250833378278
76923,738529.5975472024,1.1908416591690556,1.282142547823784,0.5765591800230188,0.6590250833378278
76927,738529.6385149728,1.1908416591690556,1.282142547823784,0.5765591800230188,0.6590250833378278
76930,738529.6480764664,1.1908416591690556,1.282142547823784,0.5765591800230188,0.6590250833378278
76932,738529.6817998118,1.1908416591690556,1.282142547823784,0.5765591800230188,0.6590250833378278
76933,738529.6977493743,1.1908416591690556,1.282142547823784,0.5765591800230188,0.6590250833378278
76934,738529.7035277185,1.1908416591690556,1.282142547823784,0.5765591800230188,0.6590250833378278
76935,738529.717995192,1.1908416591690556,1.282142547823784,0.5765591800230188,0.6590250833378278
76941,738529.9429251129,1.2820440156425699,1.282196563302709,0.6589978454462173,0.6590239207250118
76948,738530.0350764003,1.2820691833725568,1.2822215988346042,0.6590020074047289,0.6590275505942942
76958,738530.260469847,1.2820691833725568,1.2822215988346042,0.6590020074047289,0.6590275505942942
76960,738530.2940699941,1.2820691833725568,1.2822215988346042,0.6590020074047289,0.6590275505942942
76963,738530.3193737331,1.2820691833725568,1.2822215988346042,0.6590020074047289,0.6590275505942942
76965,738530.3578613782,1.2820691833725568,1.2822215988346042,0.6590020074047289,0.6590275505942942
76989,738530.7227533051,1.2820691833725568,1.2822215988346042,0.6590020074047289,0.6590275505942942
77003,738531.043997465,1.2820366774200622,1.2821175908606257,0.6589809556474261,0.6590065359761952
77004,738531.0443661712,1.282042580771183,1.2821234777386452,0.6589818091829166,0.6590073880048419
77009,738531.1729142604,1.282042580771183,1.2821234777386452,0.6589818091829166,0.6590073880048419
77013,738531.2393116952,1.282042580771183,1.2821234777386452,0.6589818091829166,0.6590073880048419
77032,738531.5158582448,1.282042580771183,1.2821234777386452,0.6589818091829166,0.6590073880048419
77045,738531.6834677266,1.282042580771183,1.2821234777386452,0.6589818091829166,0.6590073880048419
77047,738531.8094120704,1.282042580771183,1.2821234777386452,0.6589818091829166,0.6590073880048419
77065,738532.3568396543,1.282042580771183,1.2821234777386452,0.6589818091829166,0.6590073880048419
77085,738532.8143516877,1.2261671897019706,1.226719925840514,0.6589367043633624,0.6589623629355936
77094,738533.2947198633,1.2253868725138974,1.2259545610360476,0.658936450065126,0.6589631605265198
77099,738533.3567450313,1.2253868725138974,1.2259545610360476,0.658936450065126,0.6589631605265198
77105,738533.5549277446,1.2248988722290597,1.225354365991648,0.6589371957552123,0.6589639048420419
77118,738533.865521581,1.2248988722290597,1.225354365991648,0.6589371957552123,0.6589639048420419
77147,738535.0382837256,1.2244395274352384,1.2248760441381483,0.6589392971887642,0.6589606465492189
77225,738535.2420167985,1.2244395274352384,1.2248760441381483,0.6589392971887642,0.6589606465492189
77283,738535.5447094801,1.2244395274352384,1.2248760441381483,0.6589392971887642,0.6589606465492189
77301,738535.8731755029,1.2242500214102678,1.2249568620278635,0.6589374028909423,0.6589695231902026
77312,738535.9707832595,1.2242500214102678,1.2249568620278635,0.6589374028909423,0.6589695231902026
77362,738536.7754572568,1.2242500214102678,1.2249568620278635,0.6589374028909423,0.6589695231902026
77364,738536.9489853235,1.2242021770567026,1.224549729339316,0.6589395558662282,0.6589735133415927
77365,738536.9810288275,1.1614721064883542,1.2097048344002375,0.5856382526722969,0.5759317415782788
77366,738536.9829799447,1.1611053538921057,1.224853398396838,0.582264943129404,0.6589866686344673
77374,738537.1086933216,1.1603522276573013,1.2031261333006413,0.5714963967359477,0.6589547959215442
77386,738537.3817656151,1.1603102297316237,1.2035733022169657,0.582673445756025,0.658986046198742
77405,738537.7991457555,1.1603102297316237,1.2035733022169657,0.582673445756025,0.658986046198742
77443,738538.5896685668,1.1598942528107874,1.201154943249075,0.5958479884573256,0.6589660527772029
77447,738538.6938532307,1.1598942528107874,1.201154943249075,0.5958479884573256,0.6589660527772029
77493,738539.7357076342,1.1598942528107874,1.201154943249075,0.5958479884573256,0.6589660527772029
77497,738539.8517023398,1.1598942528107874,1.201154943249075,0.5958479884573256,0.6589660527772029
77499,738539.9241458678,1.1598942528107874,1.201154943249075,0.5958479884573256,0.6589660527772029
77500,738539.9269568797,1.1602306767153352,1.1889911920302287,0.5759814091829643,0.5750825657036024
77501,738539.9278296833,1.1602306767153352,1.1889911920302287,0.5759814091829643,0.5750825657036024
77535,738540.7615409705,1.1602306767153352,1.1889911920302287,0.5759814091829643,0.5750825657036024
77540,738540.895371911,1.1602306767153352,1.1889911920302287,0.5759814091829643,0.5750825657036024
77552,738541.1470473295,1.1602306767153352,1.1889911920302287,0.5759814091829643,0.5750825657036024
77567,738541.4701722595,1.1598198715641415,1.18906945631864,0.5710520620920639,0.5678370782678144
77568,738541.4750656277,1.159842447664861,1.189043257546898,0.5706629842105538,0.5685914963746959
77592,738541.9403724985,1.159842447664861,1.189043257546898,0.5706629842105538,0.5685914963746959
77618,738542.440434823,1.1361303323578058,1.1604835947938967,0.5969577954582302,0.5713097991700735
77621,738542.4969023367,1.160974019011616,1.1605858901476995,0.570861338987804,0.5707183143155569
77625,738542.6556279069,1.163273897342308,1.1650861591875403,0.6537618389802211,0.6548297334284642
77626,738542.6801878886,1.1654845885059937,1.1641746986397168,0.6547971001480225,0.654832592665531
77627,738542.7860640723,1.1654845885059937,1.1641746986397168,0.6547971001480225,0.654832592665531
77653,738543.5103985954,1.1633414831033035,1.1660264625508685,0.5749388770941655,0.6412507190020772
77676,738544.0641097607,1.1633414831033035,1.1660264625508685,0.5749388770941655,0.6412507190020772
77681,738544.2016827337,1.1597327941592936,1.1489194766063462,0.580960446607085,0.6412020615698265
77722,738545.1871790027,1.1597327941592936,1.1489194766063462,0.580960446607085,0.6412020615698265
77750,738545.5799517252,1.1629492066213607,1.166142744935655,0.5749345148512861,0.6411650373190014
77762,738545.944951652,1.1522811640604802,1.1646048506798607,0.6048732607882913,0.5740118174498868
77787,738546.399332429,1.1666098460229781,1.1540415202263303,0.641128413241243,0.6412106990783847
77791,738546.5367320097,1.1666098460229781,1.1540415202263303,0.641128413241243,0.6412106990783847
77792,738546.5371030481,1.1666098460229781,1.1540415202263303,0.641128413241243,0.6412106990783847
77793,738546.5393515198,1.162569547373832,1.1538809495186635,0.641083380537028,0.6412123752440546
77794,738546.5405102769,1.162569547373832,1.1538809495186635,0.641083380537028,0.6412123752440546
77795,738546.5421489174,1.162569547373832,1.1538809495186635,0.641083380537028,0.6412123752440546
77796,738546.5447887292,1.162569547373832,1.1538809495186635,0.641083380537028,0.6412123752440546
77797,738546.5452749695,1.162569547373832,1.1538809495186635,0.641083380537028,0.6412123752440546
77798,738546.5481766897,1.162569547373832,1.1538809495186635,0.641083380537028,0.6412123752440546
77799,738546.550539822,1.162569547373832,1.1538809495186635,0.641083380537028,0.6412123752440546
77800,738546.5509920424,1.162569547373832,1.1538809495186635,0.641083380537028,0.6412123752440546
77801,738546.5542119583,1.162569547373832,1.1538809495186635,0.641083380537028,0.6412123752440546
77803,738546.5597625762,1.1666892290145354,1.1522402996979801,0.641126922953846,0.6412153899612475
77805,738546.5678159739,1.1666892290145354,1.1522402996979801,0.641126922953846,0.6412153899612475
77806,738546.5691527494,1.1667673433694608,1.1518301851364188,0.6411321560623323,0.6412187330754306
77807,738546.5707113486,1.1667673433694608,1.1518301851364188,0.6411321560623323,0.6412187330754306
77809,738546.5739360615,1.1667673433694608,1.1518301851364188,0.6411321560623323,0.6412187330754306
77810,738546.5777329602,1.1667673433694608,1.1518301851364188,0.6411321560623323,0.6412187330754306
77811,738546.5785490186,1.1667673433694608,1.1518301851364188,0.6411321560623323,0.6412187330754306
77813,738546.5798939777,1.1667673433694608,1.1518301851364188,0.6411321560623323,0.6412187330754306
77817,738546.6161801,1.1667673433694608,1.1518301851364188,0.6411321560623323,0.6412187330754306
77819,738546.7714393688,1.148091771833281,1.1571278080156988,0.585065221629843,0.6154775148712992
77827,738547.0539468194,1.148091771833281,1.1571278080156988,0.585065221629843,0.6154775148712992
77834,738547.2359100786,1.165938215402548,1.1570600067611532,0.6139246384423466,0.6146152125630666
77854,738547.9235157181,1.165938215402548,1.1570600067611532,0.6139246384423466,0.6146152125630666
77885,738549.1264545714,1.1438930247496273,1.1526064879361644,0.596411311682909,0.5773123917141356
77891,738549.2468647405,1.1632425718746104,1.1582554253720383,0.6050239503970113,0.6135960042647155
77899,738549.4144552422,1.1632425718746104,1.1582554253720383,0.6050239503970113,0.6135960042647155
77909,738549.5863020422,1.1632425718746104,1.1582554253720383,0.6050239503970113,0.6135960042647155
77929,738550.0495069704,1.1632425718746104,1.1582554253720383,0.6050239503970113,0.6135960042647155
77930,738550.0602468916,1.1632425718746104,1.1582554253720383,0.6050239503970113,0.6135960042647155
77931,738550.1394294996,1.1632425718746104,1.1582554253720383,0.6050239503970113,0.6135960042647155
77946,738550.5547672019,1.1632425718746104,1.1582554253720383,0.6050239503970113,0.6135960042647155
77950,738550.7562876336,1.1632425718746104,1.1582554253720383,0.6050239503970113,0.6135960042647155
77953,738550.8364172622,1.1632425718746104,1.1582554253720383,0.6050239503970113,0.6135960042647155
77957,738550.8906703552,1.1632425718746104,1.1582554253720383,0.6050239503970113,0.6135960042647155
77960,738551.0200776513,1.1632425718746104,1.1582554253720383,0.6050239503970113,0.6135960042647155
78015,738552.790817169,1.1632425718746104,1.1582554253720383,0.6050239503970113,0.6135960042647155
78039,738554.367359637,1.1347731017877494,1.1369756829748698,0.5673865508938747,0.5805060154791739
78079,738555.0679740824,1.1347731017877494,1.1369756829748698,0.5673865508938747,0.5805060154791739
78084,738555.2651721468,1.1608673289036495,1.1604735137660824,0.6023253001719852,0.6032428409200907
78086,738555.3433418252,1.1608673289036495,1.1604735137660824,0.6023253001719852,0.6032428409200907
78091,738555.6071677153,1.1608673289036495,1.1604735137660824,0.6023253001719852,0.6032428409200907
78092,738555.6445458564,1.1443530504116588,1.1461009341304715,0.5954622907689856,0.5956112466098524
78093,738555.7055322212,1.143023178640399,1.1448506784829329,0.5952992956775376,0.5957017882887777
78094,738555.7084641366,1.1365973875641395,1.1497833656547922,0.5804238567849045,0.575875223458181
