Index,Time[d.s],logV_T(15)_S(17)_EvLim(20),logV_T(15)_S(33)_EvLim(20),logV_T(30)_S(17)_EvLim(20),logV_T(30)_S(33)_EvLim(20)
78747,736352.5208303089,9.573467450358134,9.573467450358134,9.573467450358134,9.090068936713765
78847,736356.3225489159,9.573467450358134,9.573467450358134,9.573467450358134,9.290163516869397
78851,736356.7119766026,9.711461682845993,9.711461682845993,9.711461682845993,9.183395313063064
78855,736356.9591998712,9.711461682845993,9.711461682845993,9.711461682845993,9.183395313063064
78863,736357.4772848444,9.711461682845993,9.711461682845993,9.711461682845993,9.183395313063064
79235,736365.4647004525,9.541515938117316,9.64060708512917,9.541515938117316,9.64060708512917
79297,736366.1926795649,9.89859988506022,9.89859988506022,9.281881589728558,9.890483092368354
79343,736367.3530752623,9.633777003580667,9.633777003580667,9.565635832481961,9.633777003580667
79592,736369.8707583396,9.633777003580667,9.633777003580667,9.565635832481961,9.633777003580667
79715,736371.6285873421,9.92729543147759,9.92729543147759,9.601010608480843,9.779894524395706
79717,736371.7193502259,9.92729543147759,9.92729543147759,9.601010608480843,9.779894524395706
79746,736372.5010638057,9.89859988506022,9.904063667691007,9.547111707899937,9.73535481321569
79759,736372.824233219,9.89859988506022,9.904063667691007,9.547111707899937,9.73535481321569
79760,736372.8249402477,9.89859988506022,9.904063667691007,9.547111707899937,9.73535481321569
79761,736372.8315747085,9.89859988506022,9.89670026323547,9.551998346629043,9.73535481321569
79788,736373.7391788458,9.89859988506022,9.89670026323547,9.551998346629043,9.73535481321569
79826,736375.0299575755,9.94579996457456,10.037941910582186,9.774099749658705,9.774099749658705
79836,736375.9561327159,9.94579996457456,10.037941910582186,9.774099749658705,9.774099749658705
79845,736376.9179841441,9.94579996457456,10.037941910582186,9.774099749658705,9.774099749658705
79880,736378.337519875,10.037941910582186,9.94579996457456,9.774099749658705,9.778470859735934
79896,736378.8573860006,9.936782724922653,9.917871812202165,9.936782724922653,9.775054280958898
79966,736381.0981808496,9.891142452770994,9.83192796238421,9.891142452770994,9.703782644331742
79969,736381.3049713935,10.030676635832378,10.030676635832378,10.030676635832378,10.001840126733201
79993,736382.1916868547,10.041537773243965,9.89693016418581,10.041537773243965,9.616457331843645
79995,736382.2109098262,9.940482991904036,9.940482991904036,9.940482991904036,9.549417951056117
80093,736386.6214556714,9.994125837924528,9.864766531416148,9.89859988506022,9.829312593151641
80098,736386.9389379278,10.051097779765003,10.020446233614845,10.051097779765003,10.020446233614845
80129,736388.2270279784,10.051097779765003,10.020446233614845,10.051097779765003,10.020446233614845
81754,736392.808184974,9.891905303535857,9.940482991904036,9.989846655466746,9.940482991904036
82889,736396.5206712282,9.965123532213882,9.965123532213882,9.727719961618657,9.75781536425621
83382,736399.3214619871,9.924226386555747,10.03024458153982,9.924226386555747,9.898433099334762
83542,736400.1788471275,10.023489654539873,9.915585083093625,9.94883236395161,9.721249905828302
84051,736403.9798852889,9.760815064420017,9.725749495069705,9.78965976070793,9.692648766113825
84206,736405.2172648703,9.760815064420017,9.725749495069705,9.78965976070793,9.692648766113825
84259,736405.6927815959,9.760815064420017,9.725749495069705,9.78965976070793,9.692648766113825
84260,736405.6943377539,9.915585083093625,9.760815064420017,9.864130832192277,9.851046220939043
84302,736406.2053082178,9.915585083093625,9.760815064420017,9.864130832192277,9.851046220939043
84342,736406.8073902237,9.915585083093625,9.718239425312124,9.891905303535857,9.544963292116712
84506,736409.4114442819,9.78772861252568,9.78772861252568,10.020035703675294,9.958188033664443
84615,736411.0301297993,9.78772861252568,9.78772861252568,10.020035703675294,9.958188033664443
84616,736411.0358808687,9.78772861252568,9.78772861252568,10.020035703675294,9.958188033664443
84617,736411.0361628748,9.82491821927768,9.765573592831963,10.03136175922478,9.889174816491796
84660,736411.7344468365,9.718239425312124,9.78772861252568,9.781496661084166,9.599179741878133
84744,736413.0346659237,9.718239425312124,9.78772861252568,9.781496661084166,9.599179741878133
84796,736413.8770996481,9.718239425312124,9.78772861252568,9.781496661084166,9.599179741878133
84889,736415.6531676596,9.718239425312124,9.78772861252568,9.667470363059419,9.744850530797503
84918,736416.0591277172,9.718239425312124,9.78772861252568,9.667470363059419,9.744850530797503
84966,736416.9249881544,9.718239425312124,9.78772861252568,9.667470363059419,9.744850530797503
85013,736417.5895696637,9.718239425312124,9.748801499260892,9.667470363059419,9.744850530797503
85017,736417.6677688587,9.718239425312124,9.739587904127665,9.667470363059419,9.707874510382133
85085,736418.8662566455,9.836562624650883,9.836562624650883,9.836562624650883,9.836562624650883
85094,736418.980096847,9.638436981113216,9.654368912374686,9.915585083093625,9.699199810486327
85121,736419.5695053007,9.638436981113216,9.654368912374686,9.915585083093625,9.699199810486327
85129,736419.8824112739,9.638436981113216,9.654368912374686,9.915585083093625,9.699199810486327
85162,736420.4753203047,9.779049963179007,9.708198240925265,9.944499899808196,9.779049963179007
85169,736420.6046937226,9.706458421894437,9.784084129199497,9.706458421894437,9.733928721636145
85222,736421.5890243981,9.706458421894437,9.784084129199497,9.706458421894437,9.733928721636145
85298,736423.5219607478,9.638436981113216,9.698842473440921,9.725749495069705,9.628456928937917
85395,736425.4954203919,9.752265032322908,9.626477096145138,9.779098063504476,9.708254864264285
85514,736428.8661635749,9.752265032322908,9.626477096145138,9.779098063504476,9.708254864264285
85553,736429.8949614189,9.722986129158775,9.722986129158775,9.828575126529053,9.828575126529053
85582,736430.457789359,9.681829907034896,9.740423921905894,9.853105970294198,9.740423921905894
85609,736430.9630623359,9.57033490694913,9.563586826011965,9.637741573746695,9.655104700830323
85610,736430.9654603208,9.57033490694913,9.55679053853623,9.654368912374686,9.45071826655512
85617,736431.0194263319,9.57033490694913,9.55679053853623,9.654368912374686,9.45071826655512
85624,736431.1813445565,9.740927805390907,9.781015378881055,9.75932919049701,9.84245008711969
85758,736433.7673682701,9.733739720095496,9.600811748084913,9.674039144905452,9.548039006448196
85775,736433.9940583762,9.733739720095496,9.600811748084913,9.674039144905452,9.548039006448196
85796,736434.2966482104,9.733739720095496,9.600811748084913,9.674039144905452,9.548039006448196
85856,736435.3743735303,9.645802967580106,9.64471295078687,9.51206905635728,9.430334709713538
85875,736435.8750407825,9.743775215847796,9.703447836407248,9.70220758664862,9.649259148650067
85950,736437.418688408,9.743775215847796,9.703447836407248,9.70220758664862,9.649259148650067
85972,736437.9878239571,9.743775215847796,9.703447836407248,9.70220758664862,9.649259148650067
85999,736438.4781176616,9.743775215847796,9.703447836407248,9.70220758664862,9.649259148650067
86086,736440.1748110827,9.70760200857393,9.79024430897539,9.650476335602448,9.627299786225063
86140,736441.047356516,9.70760200857393,9.79024430897539,9.650476335602448,9.627299786225063
86205,736442.7546663126,9.70760200857393,9.79024430897539,9.650476335602448,9.627299786225063
86310,736445.4466078234,9.741937420462566,9.76004544232623,9.730682092263995,9.793296561329448
86411,736446.7019615702,9.741937420462566,9.76004544232623,9.730682092263995,9.793296561329448
86461,736447.4914611196,9.725777268978828,9.741937420462566,9.68014475451139,9.615200012807705
86503,736448.3912684021,9.848957052176152,9.848957052176152,9.814481377079272,9.742930867295245
86505,736448.3931699167,9.858566895219276,9.858566895219276,9.82487574775049,9.75297928972683
86577,736449.8439159422,9.725777268978828,9.725777268978828,9.664190019520651,9.665672565917081
86587,736450.1064885663,9.725777268978828,9.725777268978828,9.664190019520651,9.665672565917081
86690,736452.1868877016,9.725777268978828,9.741937420462566,9.661071774899005,9.616900625329677
86722,736452.748121311,9.851139566598897,9.727183158287776,9.767585558388179,9.677520275585888
86735,736453.0113888994,9.851139566598897,9.727183158287776,9.767585558388179,9.677520275585888
86737,736453.0416733748,9.851139566598897,9.727183158287776,9.767585558388179,9.677520275585888
86835,736454.6887224431,9.851139566598897,9.727183158287776,9.767585558388179,9.677520275585888
86858,736455.3413526501,9.851139566598897,9.727183158287776,9.767585558388179,9.677520275585888
86872,736455.5298389825,9.866424957910242,9.866424957910242,9.866424957910242,9.701481314449781
86903,736456.0070090202,9.866424957910242,9.866424957910242,9.866424957910242,9.701481314449781
86936,736456.8171144929,9.747659515579038,9.737920511384319,9.646635594527373,9.658422939915603
86981,736457.6590609616,9.747659515579038,9.737920511384319,9.646635594527373,9.658422939915603
87010,736458.4040822939,9.732067771077494,9.737920511384319,9.537174257491621,9.72188840244121
87025,736458.8119854907,9.732067771077494,9.737920511384319,9.537174257491621,9.72188840244121
87072,736459.9835299482,9.732067771077494,9.737920511384319,9.537174257491621,9.72188840244121
87102,736460.8914842231,9.732067771077494,9.737920511384319,9.537174257491621,9.72188840244121
87340,736467.058445922,9.732067771077494,9.737920511384319,9.537174257491621,9.72188840244121
87357,736467.5327648005,9.86844413824714,9.871697794339678,9.745636398912533,9.855962427414212
87376,736468.1047825807,9.86844413824714,9.871697794339678,9.745636398912533,9.855962427414212
87380,736468.1982527536,9.918166616475933,9.918166616475933,9.929734532991011,9.922257235995168
87445,736470.3820840215,9.918166616475933,9.918166616475933,9.929734532991011,9.922257235995168
87461,736470.8697845849,9.876858225743556,9.918856892066781,9.75353015321551,9.868440508398994
87550,736473.5567323213,9.876858225743556,9.918856892066781,9.75353015321551,9.868440508398994
87554,736473.5975869038,9.876858225743556,9.918856892066781,9.75353015321551,9.868440508398994
87568,736474.2223289666,9.876858225743556,9.918856892066781,9.75353015321551,9.868440508398994
87614,736475.300525995,9.990054752001146,9.990054752001146,9.990054752001146,9.990054752001146
87681,736476.7510027162,9.990054752001146,9.990054752001146,9.990054752001146,9.990054752001146
87799,736480.8957777733,9.990054752001146,9.990054752001146,9.831178821350925,9.87102407083982
87843,736482.8510954143,10.03527665120892,10.040545638237615,10.03527665120892,9.981583024443225
87846,736482.8682994661,10.03527665120892,10.040545638237615,10.03527665120892,9.981583024443225
87917,736484.3835923877,10.03527665120892,10.040545638237615,10.03527665120892,9.981583024443225
87968,736485.9350469727,10.03527665120892,10.040545638237615,10.03527665120892,9.981583024443225
87986,736486.1722589106,10.03527665120892,10.040545638237615,10.03527665120892,9.981583024443225
87999,736486.4052327774,10.016278920100364,10.00499961686108,9.92024849156334,9.97334937142548
88091,736487.9738153875,10.016278920100364,10.00499961686108,9.92024849156334,9.97334937142548
88147,736489.2820873555,10.065830114188344,10.065830114188344,9.999045691341793,10.0350802358233
88160,736489.6877414532,10.065830114188344,10.065830114188344,9.999045691341793,10.0350802358233
88282,736493.9619593289,10.065830114188344,10.065830114188344,9.999045691341793,10.0350802358233
88304,736494.9470456415,9.968921345151967,9.968921345151967,9.968921345151967,9.927971343695758
88326,736495.8790748728,9.968921345151967,9.968921345151967,9.968921345151967,9.927971343695758
88336,736496.1550135624,9.968921345151967,9.968921345151967,9.968921345151967,9.927971343695758
88351,736496.480736277,9.968921345151967,9.968921345151967,9.968921345151967,9.927971343695758
88382,736497.6618780275,10.055620333466955,10.043985674291092,10.055620333466955,10.058997960068236
88390,736498.2192494282,10.034819268774685,10.028456374864362,9.927971343695758,9.988857223718652
88399,736498.5724484586,10.051821874739954,10.052657405439021,10.051821874739954,9.999757829960574
88482,736501.3428934601,10.051821874739954,10.052657405439021,10.051821874739954,9.999757829960574
88536,736503.1056744078,10.051821874739954,10.052657405439021,10.051821874739954,9.999757829960574
88564,736503.882392948,10.051821874739954,10.052657405439021,10.051821874739954,9.999757829960574
88683,736509.0385553177,10.051821874739954,10.052657405439021,10.051821874739954,9.999757829960574
88719,736510.0396047777,10.04443745317823,10.04443745317823,9.948461847955064,9.941945592117662
88720,736510.0540690928,10.04443745317823,10.04443745317823,9.948461847955064,9.941945592117662
88729,736510.3829276747,10.033820365868872,10.026120641376306,9.92681178357702,9.969895973302377
88738,736510.7070188278,10.026120641376306,10.002198906820688,10.026120641376306,9.968735788480478
88749,736511.2657459968,10.002198906820688,10.002198906820688,9.900656941695296,9.908513813928286
88774,736512.1397826882,10.02153019153229,10.021032421714269,10.008188367722703,9.852818625274463
88791,736512.9639626238,10.02153019153229,10.021032421714269,10.008188367722703,9.852818625274463
88818,736514.428647577,9.940936353414301,9.940936353414301,10.002198906820688,9.908513813928286
88819,736514.4292483274,9.935981931067655,9.935981931067655,10.00167846621003,9.907867982832387
88831,736514.7895584878,10.024592755984898,10.024592755984898,10.024592755984898,10.013149975346842
88835,736515.0352045733,10.024592755984898,10.024592755984898,10.024592755984898,10.013149975346842
88861,736515.9391275949,9.935981931067655,9.935981931067655,9.796962876855927,9.804727781042432
88891,736517.054936807,9.946067336421166,9.837740386475332,10.007318674772938,9.810981064744736
88895,736517.130847869,9.946067336421166,9.837740386475332,10.007318674772938,9.810981064744736
88898,736517.3837417592,9.838787393906246,9.816524241866517,9.98524565105006,9.811720857634823
88908,736517.619385023,9.937552749282341,9.854676015100003,9.999528970680293,9.90758514610725
88967,736520.0908094575,9.93713480757919,9.93713480757919,10.035349471230782,10.03435178847873
89009,736521.4639314775,9.961082759437208,9.845008733463615,9.961082759437208,9.866082832507475
89021,736521.8137933289,9.874892238039413,10.02539040971573,9.874892238039413,10.02539040971573
89026,736521.9533529107,9.874892238039413,10.02539040971573,9.874892238039413,10.02539040971573
89039,736522.5078261271,10.05747728840081,10.065304284974951,10.05747728840081,9.98614018750047
89043,736522.7212418765,9.745687465685728,10.06485426623921,9.745687465685728,10.06485426623921
89050,736523.1675381766,9.935981931067655,9.785993461183422,9.919192170010835,9.735085937430682
89105,736524.9425618487,10.057019081437081,9.797348819829018,9.976112040319721,9.667253194284962
89111,736525.1752902973,9.935981931067655,9.745916391617344,10.02153019153229,9.745916391617344
89112,736525.1756720291,9.935981931067655,9.69448794755428,10.021032421714269,9.69448794755428
89123,736525.5204627361,9.799116530637104,9.502074030331753,9.944692003567386,9.502074030331753
89125,736525.560331676,9.779921940575758,9.473441439237895,9.943383087727204,9.473441439237895
89132,736525.7554356907,9.753317341662868,9.234929472058296,9.943383087727204,9.234929472058296
89138,736525.9882629773,9.753317341662868,9.234929472058296,9.943383087727204,9.234929472058296
89145,736526.1254452915,9.753317341662868,9.234929472058296,9.943383087727204,9.234929472058296
89170,736527.1424619737,9.753317341662868,9.234929472058296,9.943383087727204,9.234929472058296
89172,736527.1619856302,9.788531982937718,9.437973971751482,9.826356720367627,9.442456028830922
89258,736530.7100049923,9.788531982937718,9.437973971751482,9.826356720367627,9.442456028830922
89264,736530.9996887255,9.817717041780849,9.6430786805907,9.816677897622695,9.442456028830922
89267,736531.0617183,9.817717041780849,9.6430786805907,9.816677897622695,9.442456028830922
89270,736531.0781621075,9.702513474741748,9.592933568581463,9.694705852679856,9.289127364828685
89271,736531.0844113867,9.6722378461041,9.6430786805907,9.613269609291507,9.442456028830922
89272,736531.0882375385,9.58377287465229,9.6430786805907,9.508726904857966,9.442456028830922
89274,736531.1402654202,9.786097214343249,9.797636895454445,9.802289001126667,9.796450326420794
89283,736531.3896900871,9.786097214343249,9.797636895454445,9.802289001126667,9.796450326420794
89284,736531.427248794,9.786097214343249,9.797636895454445,9.802289001126667,9.796450326420794
89285,736531.4279774594,9.786097214343249,9.797636895454445,9.802289001126667,9.796450326420794
89287,736531.4495728661,9.786097214343249,9.797636895454445,9.802289001126667,9.796450326420794
89290,736531.5049262152,9.786097214343249,9.797636895454445,9.802289001126667,9.796450326420794
89297,736531.618806706,9.58377287465229,9.590340572703132,9.46044937529025,9.599124811902197
89300,736531.633205841,9.499105331246183,9.587228674387594,9.210336209394443,9.289127364828685
89301,736531.634466834,9.499105331246183,9.587228674387594,9.210336209394443,9.289127364828685
89304,736531.6390862837,9.405338966113453,9.429799899119933,9.210336209394443,9.442456028830922
89305,736531.6594342384,9.405338966113453,9.429799899119933,9.130912906680887,9.442456028830922
89306,736531.6601880488,9.405338966113453,9.48215802632496,8.81874149790499,9.490731485267098
89307,736531.6615943122,9.405338966113453,9.429799899119933,8.81874149790499,9.442456028830922
89310,736531.7738507763,9.007291426075712,9.497023210515403,8.838257963664507,9.504747525481259
89312,736531.7771046906,9.007291426075712,9.497023210515403,8.838257963664507,9.504747525481259
89314,736531.7862564953,8.83273938471431,9.553458865494202,8.921778026221808,9.56024922235579
89316,736531.8166269195,8.83273938471431,9.553458865494202,8.921778026221808,9.56024922235579
89317,736531.8202881927,8.843219749416285,9.560679766400575,8.931036169338048,9.567359011758576
89320,736532.0520941163,9.34638976445195,9.318305122861217,9.511022661365269,9.547865680863795
89332,736532.4729395615,9.078283740684855,9.289796893459513,9.113709234929285,9.533193382281134
89335,736532.5860459295,9.245123832721237,9.156485952371774,8.567534107629456,9.478978110535529
89336,736532.5920842444,8.594080200523496,9.346990219713245,9.113709234929285,9.532979513451448
89337,736532.598546194,8.594080200523496,9.346990219713245,9.113709234929285,9.532979513451448
89338,736532.6044601053,8.594080200523496,9.467658774672927,9.113709234929285,9.64473209658497
89339,736532.6830609036,8.50438795123683,9.329959217790096,9.113709234929285,9.532979513451448
89341,736532.7815807697,8.448234668497516,9.464041940514814,9.089189783442455,9.641924301851772
89342,736532.9424849227,8.448234668497516,9.464041940514814,9.089189783442455,9.641924301851772
89345,736532.9983769623,8.369660709172802,9.124772441934226,9.00976838732596,9.407329457225906
89346,736533.0011258114,8.534078109028451,9.124772441934226,9.113709234929285,9.407329457225906
89347,736533.0065926781,8.534078109028451,9.124772441934226,9.113709234929285,9.407329457225906
89348,736533.0086325315,8.534078109028451,9.329959217790096,9.113709234929285,9.532979513451448
89349,736533.0125118606,8.534078109028451,9.124772441934226,9.113709234929285,9.407329457225906
89351,736533.0299207296,8.534078109028451,9.124772441934226,9.113709234929285,9.407329457225906
89353,736533.1137098613,8.534078109028451,9.329959217790096,9.113709234929285,9.532979513451448
89357,736533.2663576276,8.534078109028451,9.329959217790096,9.113709234929285,9.532979513451448
89358,736533.2691174197,8.534078109028451,9.329959217790096,9.113709234929285,9.532979513451448
89359,736533.269632341,8.534078109028451,9.329959217790096,9.113709234929285,9.532979513451448
89364,736533.3798431634,8.534078109028451,9.329959217790096,9.113709234929285,9.532979513451448
89365,736533.3806583483,8.534078109028451,9.329959217790096,9.113709234929285,9.532979513451448
89366,736533.4031910516,8.534078109028451,9.329959217790096,9.113709234929285,9.532979513451448
89367,736533.4459941807,8.534078109028451,9.284337933160158,9.113709234929285,9.533193382281134
89369,736533.4746987019,8.534078109028451,9.464041940514814,9.113709234929285,9.64473209658497
89372,736533.5196498061,8.534078109028451,9.124772441934226,9.113709234929285,9.407329457225906
89375,736533.5532155291,8.534078109028451,9.124772441934226,9.113709234929285,9.407329457225906
89376,736533.5549945682,8.534078109028451,9.124772441934226,9.113709234929285,9.407329457225906
89378,736533.6671741942,8.534078109028451,9.124772441934226,9.113709234929285,9.407329457225906
89380,736533.7264737037,8.534078109028451,9.124772441934226,9.113709234929285,9.407329457225906
89381,736533.7540036256,8.534078109028451,9.329959217790096,9.113709234929285,9.532979513451448
89382,736533.7699374128,7.886235771571845,9.23912305063521,8.397481684458628,9.41631008224431
89388,736533.92646471,8.741339848119367,9.404702683724498,9.130677694087069,9.539721366311616
89391,736533.9425645863,8.741339848119367,9.404702683724498,9.130677694087069,9.539721366311616
89396,736534.0326512572,8.741339848119367,9.23912305063521,9.130677694087069,9.41631008224431
89398,736534.074759683,8.741339848119367,9.404702683724498,9.130677694087069,9.539721366311616
89400,736534.1567671583,8.741339848119367,9.404702683724498,9.130677694087069,9.539721366311616
89401,736534.1657942403,9.837161396154833,9.641744691104323,9.837161396154833,9.82909603042701
89404,736534.2697452123,8.741339848119367,9.520152039000815,9.130677694087069,9.649953516823176
89418,736534.626982807,8.741339848119367,9.404702683724498,9.130677694087069,9.539721366311616
89419,736534.6359431725,8.741339848119367,9.520152039000815,9.130677694087069,9.649953516823176
89421,736534.6427831699,8.741339848119367,9.404702683724498,9.130677694087069,9.539721366311616
89428,736534.9419454143,8.741339848119367,9.404702683724498,9.130677694087069,9.539721366311616
89433,736535.0968168818,8.741339848119367,9.404702683724498,9.130677694087069,9.539721366311616
89434,736535.1026384982,8.741339848119367,9.404702683724498,9.130677694087069,9.539721366311616
89437,736535.1953372092,8.741339848119367,9.404702683724498,9.130677694087069,9.539721366311616
89438,736535.1982296938,8.741339848119367,9.23912305063521,9.130677694087069,9.41631008224431
89450,736535.3795719789,8.741339848119367,9.23912305063521,9.130677694087069,9.41631008224431
89464,736535.7508388509,8.495650388288546,9.23912305063521,8.99346778118123,9.538009088303555
89465,736535.9661542462,8.749008549273164,9.404702683724498,9.130677694087069,9.539721366311616
89473,736536.2429413312,8.749008549273164,9.404702683724498,9.130677694087069,9.539721366311616
89481,736536.386557448,8.113580829634119,8.978841669704387,9.988742951637166,9.310606510488524
89496,736536.879125895,8.749008549273164,9.29208267470772,9.130677694087069,9.550730605109663
89535,736537.9893088602,8.749008549273164,9.29208267470772,9.130677694087069,9.550730605109663
89539,736538.065074721,8.749008549273164,9.29208267470772,9.130677694087069,9.644560442645888
89541,736538.2624402998,8.681117378733692,9.264305376749126,9.130677694087069,9.644560442645888
89543,736538.2784995637,8.681117378733692,9.264305376749126,9.130677694087069,9.73339395701945
89561,736538.8617705797,8.681117378733692,9.264305376749126,9.130677694087069,9.550730605109663
89564,736539.1632053533,8.681117378733692,9.264305376749126,9.130677694087069,9.550730605109663
89584,736539.9971800576,8.681117378733692,9.264305376749126,9.130677694087069,9.550730605109663
89607,736541.1524755289,8.681117378733692,9.264305376749126,9.130677694087069,9.550730605109663
89661,736542.9454125544,8.681117378733692,9.264305376749126,9.130677694087069,9.550730605109663
89667,736543.1489054929,8.681117378733692,9.264305376749126,9.130677694087069,9.550730605109663
89669,736543.1719097913,8.681117378733692,9.264305376749126,9.130677694087069,9.550730605109663
89700,736544.4867473473,8.751153418076019,9.288204728212662,9.82880441203708,9.56328238381239
89740,736546.3920555343,8.751153418076019,9.288204728212662,9.82880441203708,9.56328238381239
89741,736546.3940687936,8.617825676665705,9.032033770704679,9.107395094915617,9.679676523732196
89742,736546.4012959917,8.6244385686784,9.035534053092503,9.107395094915617,9.679676523732196
89754,736546.8764807603,8.6244385686784,9.035534053092503,9.107395094915617,9.679676523732196
89762,736547.2235102421,8.975892426643469,8.63892029737685,9.73448380594026,9.626081766715183
89764,736547.3531436219,8.975892426643469,8.63892029737685,9.73448380594026,9.626081766715183
89766,736547.3874971789,8.975892426643469,8.63892029737685,9.73448380594026,9.626081766715183
89769,736547.440625756,7.802334281945634,8.847343643090127,8.824491698882015,9.552447198393699
89774,736547.675535104,7.802334281945634,8.847343643090127,8.824491698882015,9.552447198393699
89776,736547.7327140614,7.802334281945634,8.847343643090127,8.824491698882015,9.552447198393699
89846,736550.0932324639,9.241989092378029,9.244005704706243,9.793300742455497,9.743390036512864
89848,736550.0957442175,9.241989092378029,9.244005704706243,9.793300742455497,9.743390036512864
89866,736550.4930347695,9.34581812768472,9.563780920472004,9.781797568651594,9.734007518579235
89877,736550.9711162201,8.517357866674983,8.642516006903737,8.753907100139756,9.53938696494832
89891,736551.4562926443,7.683861782639859,8.642516006903737,8.753907100139756,9.424479661793418
89892,736551.4609856658,7.656404983387276,8.642516006903737,8.753907100139756,9.53938696494832
89893,736551.4611946797,7.656404983387276,8.642516006903737,8.753907100139756,9.53938696494832
89898,736551.6488433549,7.656404983387276,8.642516006903737,8.753907100139756,9.53938696494832
89903,736551.9612821264,7.656404983387276,8.642516006903737,8.753907100139756,9.53938696494832
89906,736552.0374282054,7.656404983387276,8.642516006903737,8.753907100139756,9.53938696494832
89928,736553.0215513845,7.656404983387276,8.642516006903737,8.753907100139756,9.53938696494832
89944,736553.4869733127,7.656404983387276,8.642516006903737,8.686839357471742,9.328146042000684
89991,736556.4515481262,8.451296822853728,8.642516006903737,8.350423519881144,9.123998735814006
89994,736556.6005075778,8.496729665027631,8.679352450988267,8.709329096034613,9.123998735814006
90001,736556.9021778416,8.564421129213942,8.74239868032745,8.709329096034613,9.123998735814006
90002,736556.9768927252,8.564421129213942,8.74239868032745,8.709329096034613,9.123998735814006
90038,736558.5567108204,8.564421129213942,8.74239868032745,8.709329096034613,9.123998735814006
90046,736558.7681398918,9.364454905841646,9.355565881666571,9.550722568484156,9.275105666989536
90129,736561.7067146968,9.364454905841646,9.355565881666571,9.550722568484156,9.275105666989536
90130,736561.7100454981,9.364454905841646,9.355565881666571,9.550722568484156,9.275105666989536
90145,736562.4954129651,9.168094896645309,9.197963585485077,8.46992267839052,9.174484642727982
90146,736562.5021582837,9.168094896645309,9.168094896645309,8.46992267839052,8.891382464493926
90247,736565.6858197935,9.434391803071863,9.551992334362568,9.434391803071863,7.922848940231263
90252,736566.0291191844,9.434391803071863,9.551992334362568,9.434391803071863,7.922848940231263
90271,736567.004606243,9.277208258001279,9.277208258001279,9.417240230680303,9.405875181572432
90274,736567.0567893562,9.277208258001279,9.277208258001279,9.417240230680303,9.405875181572432
90298,736568.2207161903,9.229883787534595,9.229883787534595,8.26668336650966,8.799995969490537
90307,736568.6487473024,9.222663262535333,9.222663262535333,7.946231056310105,8.799995969490537
90308,736568.7014437177,9.22146597375127,9.22146597375127,7.946231056310105,8.799995969490537
90313,736568.7979365704,9.138184824572344,9.138184824572344,7.946231056310105,8.790915603952003
90340,736569.87474297,9.138184824572344,9.138184824572344,7.946231056310105,8.790915603952003
90345,736570.0908091071,9.138184824572344,9.138184824572344,7.946231056310105,8.790915603952003
90361,736570.7018004595,9.138184824572344,9.138184824572344,7.946231056310105,8.790915603952003
90371,736571.128358066,9.451318974931333,9.322607400207021,9.039129930130587,9.166199037604168
90433,736573.0358422975,9.451318974931333,9.322607400207021,9.039129930130587,9.166199037604168
90447,736573.2864838976,9.470721559374521,9.470721559374521,9.470721559374521,9.470721559374521
90460,736573.6989127132,9.461730984320942,9.458670495291972,9.461730984320942,9.343568279759117
90466,736573.7732888788,9.14332044437491,9.238976676779677,8.482680275788422,9.12473581421931
90472,736574.3568239529,9.422991143543035,9.35553344974609,9.422991143543035,8.887978620098572
90498,736575.9057967131,9.422991143543035,9.35553344974609,9.422991143543035,8.887978620098572
90515,736576.6961068588,9.422991143543035,9.35553344974609,9.422991143543035,8.887978620098572
90521,736577.1037042324,9.422991143543035,9.35553344974609,9.422991143543035,8.887978620098572
90580,736580.1041091786,9.422991143543035,9.35553344974609,9.422991143543035,8.887978620098572
90583,736580.2603650658,9.470887465817588,9.331997654065008,9.364454905841646,9.082327443821821
90669,736583.6599951778,9.470887465817588,9.331997654065008,9.364454905841646,9.082327443821821
90674,736584.0200608515,9.470887465817588,9.331997654065008,9.364454905841646,9.082327443821821
90768,736587.1075575147,9.470887465817588,9.331997654065008,9.364454905841646,9.082327443821821
90786,736587.8323290587,9.464516585051054,9.471092099821945,8.945068079893003,9.083715439788183
90816,736588.8837080221,9.473246303668686,9.475959241975104,9.473246303668686,9.189950554882293
90844,736589.9525260375,9.473246303668686,9.475959241975104,9.473246303668686,9.189950554882293
90878,736591.3617660737,9.535864800246975,9.537896616370048,8.984458952138112,9.17907463997093
90938,736593.8417799555,9.535864800246975,9.537896616370048,8.984458952138112,9.17907463997093
91086,736600.5283611461,9.535864800246975,9.537896616370048,8.984458952138112,9.17907463997093
91098,736601.367498431,9.43953443168444,9.43953443168444,9.473246303668686,9.473449829491441
91135,736602.4285229068,9.535864800246975,9.537896616370048,9.530063820624108,9.535038441616896
91136,736602.4302722516,9.535864800246975,9.53018578379375,9.530063820624108,9.535038441616896
91153,736603.051666217,9.54682742137078,9.54682742137078,9.483616539150534,9.483616539150534
91155,736603.191377241,9.549060535819333,9.549060535819333,9.48754265071653,9.490168001921605
91283,736608.6497220247,9.53018578379375,9.53018578379375,9.535864800246975,9.53018578379375
91286,736608.7415245904,9.461234552696581,9.461234552696581,9.461234552696581,9.461234552696581
91287,736608.742176761,9.461234552696581,9.461234552696581,9.461234552696581,9.461234552696581
91319,736610.6766023437,9.461234552696581,9.461234552696581,9.461234552696581,9.461234552696581
91320,736610.6816192965,9.461234552696581,9.461234552696581,9.461234552696581,9.461234552696581
91321,736610.7160353315,9.461234552696581,9.461234552696581,9.461234552696581,9.461234552696581
91322,736610.7178453509,9.461234552696581,9.461234552696581,9.461234552696581,9.461234552696581
91323,736610.7211747511,9.461234552696581,9.461234552696581,9.461234552696581,9.461234552696581
91325,736610.7482080461,9.461234552696581,9.461234552696581,9.461234552696581,9.461234552696581
91326,736610.764366411,9.461234552696581,9.461234552696581,9.461234552696581,9.461234552696581
91327,736610.7649157089,9.461234552696581,9.461234552696581,9.461234552696581,9.461234552696581
91334,736610.8755126395,9.55618019941068,9.524098499442507,9.464514840963496,9.524098499442507
91426,736615.0220728782,9.805916439971798,9.805916439971798,9.805916439971798,9.867215996729527
91447,736615.4999280784,9.88130085854143,9.640931142157715,9.88130085854143,9.640931142157715
91565,736620.3190132481,9.507720698884896,9.533601088941893,9.507720698884896,9.533601088941893
91568,736620.4385340188,9.54473538456342,9.568558287762102,9.54473538456342,9.568558287762102
91661,736624.3128316766,9.54473538456342,9.568558287762102,9.54473538456342,9.568558287762102
91664,736624.5486469888,9.80492771863706,9.568558287762102,9.54473538456342,9.568558287762102
91680,736625.3987497254,9.767140997541368,9.418105436726846,9.505107880019569,9.418105436726846
91712,736626.8176881145,9.767140997541368,9.767140997541368,9.505107880019569,9.537030825553037
91734,736627.9458284309,9.687694655416857,9.687694655416857,9.53405671142917,9.401841478681897
91752,736628.9088266515,9.687694655416857,9.687694655416857,9.53405671142917,9.401841478681897
91787,736629.8030299932,9.687694655416857,9.687694655416857,9.53405671142917,9.401841478681897
91850,736633.1363246363,9.784283954262222,9.69649796158607,9.443365045707816,9.366164175690539
91893,736634.8296150251,9.687563235549284,9.69649796158607,9.469022058186122,9.456381982751386
91902,736635.3731619627,9.705272901933746,9.711516929244091,9.545722857722398,9.358143978488197
91914,736635.6530322629,9.699365334638234,9.698018382813983,9.563294106927843,9.3104841382218
91915,736635.683083171,9.700900479152367,9.700900479152367,9.373266870708614,9.315420277905957
91969,736637.3853787923,9.8063528477078,9.820760753581382,9.602890638144439,9.616681126521154
92024,736640.1081713797,9.8063528477078,9.820760753581382,9.602890638144439,9.616681126521154
92045,736640.6097530443,9.8063528477078,9.820760753581382,9.602890638144439,9.616681126521154
92077,736641.4061373838,9.816528042177126,9.820760753581382,9.816528042177126,9.820760753581382
92161,736644.5985170908,9.816528042177126,9.820760753581382,9.816528042177126,9.820760753581382
92162,736644.6028176739,9.806899835615212,9.811446172372646,9.800300765162818,9.811446172372646
92171,736645.0719296568,9.806899835615212,9.811446172372646,9.800300765162818,9.811446172372646
92188,736646.1225921417,9.806547120973667,9.691818976267692,9.806547120973667,9.691818976267692
92206,736646.6395309594,9.889413266657304,9.889413266657304,9.889413266657304,9.7934604133893
92215,736647.1674365103,9.930666779666891,9.865268999591162,9.930666779666891,9.865268999591162
92218,736647.3006301812,9.741215809127734,9.781478395175833,9.741215809127734,9.885824399300331
92223,736647.4202972717,9.741215809127734,9.781478395175833,9.741215809127734,9.885824399300331
92224,736647.4224569686,9.699640850613582,9.784289290853609,9.79148025491051,9.784289290853609
92230,736647.6121129603,9.788843108201347,9.61373786543692,9.79148025491051,9.61373786543692
92233,736647.6756192764,9.667431200905131,9.512784341974042,9.788843108201347,9.512784341974042
92237,736647.7853836801,9.837292177174925,9.77382807171459,9.837292177174925,9.748525797149613
92271,736648.8587979982,9.837292177174925,9.77382807171459,9.837292177174925,9.748525797149613
92281,736649.163193036,9.837292177174925,9.77382807171459,9.837292177174925,9.748525797149613
92296,736649.6827636502,9.837292177174925,9.77382807171459,9.837292177174925,9.748525797149613
92298,736649.7967743728,9.837292177174925,9.77382807171459,9.837292177174925,9.748525797149613
92299,736649.815712794,9.837292177174925,9.77382807171459,9.837292177174925,9.748525797149613
92300,736649.8351515669,9.837292177174925,9.77382807171459,9.837292177174925,9.748525797149613
92303,736649.9312829381,9.67133779096981,9.48622157954027,9.653294518680081,9.48622157954027
92304,736649.9331846839,9.67133779096981,9.48622157954027,9.653294518680081,9.48622157954027
92306,736649.9447707812,9.67133779096981,9.48622157954027,9.653294518680081,9.48622157954027
92310,736650.1453718771,9.746694121734182,9.48217208134213,9.746694121734182,9.434744899084004
92311,736650.1488295464,9.751713098235696,9.454396150647241,9.751713098235696,9.503816799308678
92333,736650.7667747336,9.277752097328293,9.381393124211872,9.633696358755264,9.47003252562382
92343,736651.1432199292,9.803309085724722,9.668700151294223,9.803309085724722,9.859523949194811
92361,736651.7305846169,9.803309085724722,9.668700151294223,9.803309085724722,9.859523949194811
92363,736651.852568373,9.820909521888229,9.47728549441919,9.820909521888229,9.7995521640156
92364,736651.8623872211,9.846734964504607,9.48430736559924,9.846734964504607,9.801112193991905
92365,736651.8720054963,9.846734964504607,9.48430736559924,9.846734964504607,9.801112193991905
92366,736651.8804691005,9.823254325276013,9.418962110847874,9.823254325276013,9.780165154488373
92367,736651.9191863874,9.826842472553146,9.349830370081069,9.826842472553146,9.782754403049944
92390,736653.1344441696,9.714930678226978,9.941271312057902,9.714930678226978,9.86363758826153
92401,736653.4011197438,9.429840005216443,9.427210394905483,9.748734212183258,9.609580788010076
92403,736653.4345697174,9.906429944412523,9.925889004951916,9.906429944412523,9.853077609290688
92408,736653.5804636354,9.277752097328293,9.458128199357665,9.571315797570051,9.570435161196137
92409,736653.5882194081,9.234514424504155,9.455103906391876,9.28730384766708,9.570435161196137
92410,736653.5896205985,9.234514424504155,9.455103906391876,9.28730384766708,9.570435161196137
92411,736653.5920100054,9.234514424504155,9.455103906391876,9.28730384766708,9.570435161196137
92412,736653.5952813454,9.234514424504155,9.455103906391876,9.28730384766708,9.570435161196137
92413,736653.598847433,9.234514424504155,9.455103906391876,9.28730384766708,9.570435161196137
92420,736653.6777975807,9.234514424504155,9.455103906391876,9.28730384766708,9.570435161196137
92422,736653.7284802445,9.234514424504155,9.455103906391876,9.28730384766708,9.570435161196137
92426,736653.9062645815,9.234514424504155,9.455103906391876,9.28730384766708,9.570435161196137
92429,736654.1189682126,9.234514424504155,9.455103906391876,9.28730384766708,9.570435161196137
92433,736654.208417735,9.826842472553146,9.22765845027276,9.41505705628712,9.482275380711803
92435,736654.2506712374,9.79295841047383,9.227923638559492,9.359402437454435,9.506156357583276
92438,736654.3014470815,9.79104923836783,9.227923638559492,9.355655157109977,9.506156357583276
92441,736654.3743636251,9.58372732119517,9.227923638559492,9.173798220986473,9.506156357583276
92442,736654.3752623084,9.728837198741346,9.315128272249593,9.728837198741346,9.585040464901413
92448,736654.4563351423,9.728837198741346,9.315128272249593,9.728837198741346,9.585040464901413
92450,736654.5175373246,9.45493370965811,9.231269918515485,9.17727918918993,9.484042983754508
92451,736654.6089269678,9.580615752051388,9.317867709858918,9.169654500090036,9.586436208673835
92452,736654.6098478021,9.440584328345048,9.318115670631194,9.440584328345048,9.586436208673835
92453,736654.6104022472,9.346583448820159,9.318115670631194,9.346583448820159,9.586436208673835
92454,736654.6147278058,9.718530765662942,9.895152234805098,9.718530765662942,9.846501250413738
92458,736654.8626915345,9.130698111991556,9.142920986888287,9.117147770373675,9.527417370320645
92466,736654.9936307685,8.952650579706974,9.318453679325653,8.9405455241909,9.586489561728026
92471,736655.1069413294,9.747252103398896,8.889734700122766,9.747252103398896,9.110225630376314
92488,736655.6805495307,9.747252103398896,8.889734700122766,9.747252103398896,9.110225630376314
92496,736656.0609481996,9.747252103398896,8.889734700122766,9.747252103398896,9.110225630376314
92509,736656.4987483463,9.279729865048706,9.040889007117139,9.525240258056765,9.47971234072271
92510,736656.4996637667,9.258525016711406,9.065575795204024,9.171116782016135,9.47971234072271
92513,736656.5240831461,9.178790632870246,9.21920351532412,8.894975613622513,9.582141616315157
92514,736656.5411469316,9.045850344160362,9.433520233984261,8.795907498017328,9.750555096925904
92518,736656.5775334246,8.99979417797324,9.248633614073432,8.886223535286312,9.584806387624267
92524,736656.6722383343,9.096935424990347,9.284927359780422,8.998532679614996,9.560892860347442
92526,736656.6921736173,8.758965883426043,9.453407823934278,8.658137116829543,9.74266003395654
92527,736656.6947463852,8.642245716771445,9.124780565483029,8.658137116829543,9.483083162455593
92528,736656.7035856612,8.99979417797324,9.124780565483029,8.604621154993952,9.483083162455593
92529,736656.7281941244,8.99979417797324,9.124780565483029,8.604621154993952,9.483083162455593
92530,736656.749142252,8.99979417797324,9.124780565483029,8.604621154993952,9.483083162455593
92531,736656.7843241763,8.296015829262357,9.269149673186675,8.658137116829543,9.584806387624267
92532,736656.8155350983,8.678638724740047,9.453407823934278,8.606680804528953,9.74266003395654
92534,736656.8703892636,9.438030097252696,9.295196697970413,9.472216101228799,9.57087939893468
92535,736656.9509405926,9.376012464362525,9.295196697970413,9.472216101228799,9.57087939893468
92537,736657.0041214902,9.376012464362525,9.295196697970413,9.472216101228799,9.57087939893468
92539,736657.05940571,8.29701792711006,9.26925638784354,8.659756820948541,9.584806387624267
92541,736657.0598623918,8.161788820837225,9.479372325253719,8.606680804528953,9.75424096091281
92545,736657.1611974831,8.2977101793812,9.27008191851643,8.659756820948541,9.584806387624267
92548,736657.2355147646,8.2977101793812,9.27008191851643,8.659756820948541,9.584806387624267
92551,736657.3135263778,8.2977101793812,9.27008191851643,8.659756820948541,9.584806387624267
92552,736657.3280480033,8.290703401095419,9.27008191851643,8.655957031709061,9.584806387624267
92553,736657.3625864736,8.330380696988382,9.29187187747295,8.684104911006862,9.5945195578621
92556,736657.3675229222,8.342332578263376,9.201089534431942,8.689584992853524,9.517873009124378
92561,736657.379121097,8.17676816377436,9.293038934627212,8.639112764858954,9.596426098055874
92562,736657.3811849335,8.19326532248145,9.510747284952231,8.640790767804484,9.761930103935176
92563,736657.383252799,8.353729492739289,9.498979225435255,8.687337350988058,9.75424096091281
92564,736657.3880449024,8.323175088363179,9.208078796137498,8.668483932482205,9.517873009124378
92565,736657.4051180107,8.195127306006732,9.498979225435255,8.642304103331817,9.75424096091281
92568,736657.4451868767,8.195127306006732,9.498979225435255,8.642304103331817,9.75424096091281
92572,736657.5110212789,8.324121423538767,9.208246545355532,8.66990393382953,9.517873009124378
92573,736657.521359287,8.196142801433847,9.498979225435255,8.642749944597679,9.75424096091281
92595,736658.1650618791,7.875049230242425,9.529076331970941,8.67069752907009,9.654958760091567
92613,736658.7309524496,8.196142801433847,9.522155196676183,8.526593803331032,9.770922239203195
92617,736658.842136782,8.196142801433847,9.522155196676183,8.526593803331032,9.770922239203195
92618,736658.8614703115,8.324876192899232,9.314333509371211,8.59236360804754,9.605800055409151
92622,736658.966935078,8.200226109691245,9.223373230578838,8.526593803331032,9.529081704600497
92623,736658.9764900579,9.945831154769794,8.911463540248828,9.945831154769794,9.316629632742263
92626,736659.1806328432,9.197358948325526,9.240780483467336,9.077414835203601,9.553985778042769
92684,736661.0188421181,8.317055833922508,9.23961126880267,8.59236360804754,9.536019174696127
92685,736661.0194918804,8.363040944779334,9.320941645104691,8.626208903832492,9.605800055409151
92686,736661.0210001416,8.191980392862417,9.24040562727499,8.526685933544725,9.536019174696127
92689,736661.0457730772,8.363438238877531,9.320941645104691,8.626282151941842,9.605800055409151
92690,736661.0553200478,8.191980392862417,9.52729262064885,8.526685933544725,9.774911000387839
92691,736661.0581524951,8.36345653406722,9.320956235408545,8.626282151941842,9.605800055409151
92692,736661.0818778758,8.32024008541906,9.240423190281732,8.592442792286485,9.536019174696127
92694,736661.0979614796,8.191982012992545,9.320956235408545,8.526685933544725,9.605800055409151
92695,736661.1068285073,8.191982012992545,9.320956235408545,8.526685933544725,9.605800055409151
92696,736661.1071579951,8.191982012992545,9.320956235408545,8.526685933544725,9.605800055409151
92697,736661.1134535519,8.367274440558234,9.322130849585127,8.626282151941842,9.605800055409151
92704,736661.3242095201,8.059610119988104,9.554237719404961,8.36374339932887,9.782245755263927
92709,736661.4302636721,8.059610119988104,9.554237719404961,8.36374339932887,9.782245755263927
92716,736661.6505828011,8.467093415147184,9.27748423970322,8.81647932756463,9.530624642088435
92718,736661.7396636135,8.467093415147184,9.27748423970322,8.81647932756463,9.530624642088435
92722,736662.1291395065,9.724478092068946,9.724478092068946,9.724478092068946,9.848153130412717
92723,736662.1298008509,9.724478092068946,9.724478092068946,9.724478092068946,9.848153130412717
92724,736662.1315986471,9.724478092068946,9.724478092068946,9.724478092068946,9.848153130412717
92726,736662.3381018403,9.724478092068946,9.724478092068946,9.724478092068946,9.848153130412717
92728,736662.5263809053,9.816126143725526,9.816126143725526,9.816126143725526,9.89575685500706
92730,736662.799788578,9.816126143725526,9.816126143725526,9.816126143725526,9.89575685500706
92759,736663.9044059365,9.816126143725526,9.816126143725526,9.816126143725526,9.89575685500706
92791,736665.0432720908,9.595081119358728,9.455155365698024,9.595081119358728,9.456032542135077
92800,736665.2377072998,9.246449928792584,9.62105867853638,8.647575221586298,9.74447864894745
92810,736665.4085734315,9.923928227335175,9.160363779136794,9.923928227335175,9.370289804246324
92820,736665.7886053589,9.923928227335175,9.160363779136794,9.923928227335175,9.370289804246324
92822,736665.8114013899,9.923928227335175,9.160363779136794,9.923928227335175,9.370289804246324
92824,736665.9281391812,8.337435188980734,9.48263063273045,8.821804005514927,9.674714037925309
92842,736666.9769983668,9.683278228127831,9.613894794338567,9.683278228127831,9.799137838007002
92848,736667.1929340076,9.435225606180403,9.277050230049602,9.435225606180403,9.564650104212433
92854,736667.4168388161,9.435225606180403,9.277050230049602,9.435225606180403,9.564650104212433
92859,736667.5642487953,9.342459019266025,9.309335656454362,9.324078035821419,9.565750310571792
92881,736668.3418516555,9.923928227335175,9.277050230049602,9.923928227335175,9.326905122636095
92889,736668.4009292887,9.316679674421986,9.480011147971831,8.666307192417396,9.677353344086075
92891,736668.4098800025,8.79883539266883,9.480011147971831,8.666685187002148,9.677353344086075
92906,736669.1749907831,8.79883539266883,9.480011147971831,8.666685187002148,9.677353344086075
92909,736669.3720042554,8.79883539266883,9.480011147971831,8.666685187002148,9.677353344086075
92911,736669.3846104707,9.127065479378018,9.392765162123332,8.546001752013288,9.633979698164742
92912,736669.3860146528,9.336992265854652,9.392765162123332,8.617263199458145,9.633979698164742
92913,736669.3933906598,9.336992265854652,9.392765162123332,8.617263199458145,9.633979698164742
92914,736669.4106631156,9.328061939365504,9.392765162123332,8.644462562531603,9.633979698164742
92916,736669.442652208,8.389675853532207,9.392765162123332,8.54905429761398,9.633979698164742
92922,736669.7227241506,9.135385918604369,9.38049757108748,8.438271742703678,9.633979698164742
92923,736669.7243117247,9.333286972133328,9.350131034784457,8.476578847597448,9.624938380920504
92945,736671.1887713127,9.057446622190893,9.38049757108748,8.560110072733943,9.587553273457514
92946,736671.2063333199,9.045871276073841,9.405760949495308,8.44846093808271,9.605274134449866
92948,736671.2196212906,9.045871276073841,9.405760949495308,8.44846093808271,9.605274134449866
92952,736671.2590278322,8.751491431386478,9.405760949495308,8.619941339804644,9.605274134449866
92953,736671.2605574953,8.741142812436344,9.405760949495308,8.619941339804644,9.605274134449866
92956,736671.3026014729,9.699731977115892,9.507134041869044,9.989589324789996,9.746735087169375
92957,736671.303490292,8.725685024849316,9.405760949495308,8.525843123829432,9.605274134449866
92964,736671.3858041229,8.725685024849316,9.405760949495308,8.525843123829432,9.605274134449866
92967,736671.4097777467,8.725685024849316,9.405760949495308,8.620305044603406,9.605274134449866
92970,736671.5147286803,8.358132273523836,9.405760949495308,8.262869978080934,9.493160629087152
92980,736672.0980559239,8.358132273523836,9.405760949495308,8.262869978080934,9.493160629087152
93010,736672.5731707116,9.410461840921865,9.322930177759606,9.718053077429502,9.197948743488512
93017,736673.0654163036,9.410461840921865,9.322930177759606,9.718053077429502,9.197948743488512
93020,736673.1729679968,9.410461840921865,9.322930177759606,9.718053077429502,9.197948743488512
93022,736673.3010524359,9.410461840921865,9.322930177759606,9.718053077429502,9.197948743488512
93063,736675.0023696773,8.337023789078803,9.50406385901712,8.48906916333845,9.639421687022642
93070,736675.2934648121,8.337023789078803,9.50406385901712,8.48906916333845,9.639421687022642
93074,736675.3524691676,8.343364731196113,9.50406385901712,8.587207633763505,9.639421687022642
93082,736675.4792859817,9.605377602992522,9.301029445507988,8.768569478555431,9.565750310571792
93083,736675.5432825444,9.690190966102879,9.646532428776178,9.798098058265621,9.29593135635139
93088,736675.5750807096,8.190900375516158,9.50406385901712,8.587207633763505,9.639421687022642
93089,736675.7611827701,8.034734420414628,9.50406385901712,8.587207633763505,9.639421687022642
93090,736675.8323519767,8.034734420414628,9.50406385901712,8.587207633763505,9.639421687022642
93097,736676.2620367485,8.034734420414628,9.50406385901712,8.587207633763505,9.639421687022642
93112,736676.5996626377,8.034734420414628,9.50406385901712,8.587207633763505,9.639421687022642
93117,736676.640838644,8.034734420414628,9.50406385901712,8.587207633763505,9.639421687022642
93120,736676.6864253135,8.034734420414628,9.50406385901712,8.587207633763505,9.639421687022642
93129,736677.1533388586,7.744773334051257,9.398465898695646,8.573272590574058,9.639421687022642
93133,736677.2530322876,7.744773334051257,9.398465898695646,8.573272590574058,9.639421687022642
93147,736677.5390467908,7.003725010118927,9.398465898695646,8.52827980711564,9.557247287980298
93150,736677.621181732,7.003725010118927,9.398465898695646,8.52827980711564,9.557247287980298
93153,736677.713082032,7.003725010118927,9.398465898695646,8.52827980711564,9.557247287980298
93162,736677.938918942,7.003725010118927,9.398465898695646,8.52827980711564,9.557247287980298
93164,736677.97619792,7.003725010118927,9.398465898695646,8.018211037485495,9.557247287980298
93204,736678.8435793854,7.003725010118927,9.398465898695646,8.018211037485495,9.557247287980298
93206,736678.8717825643,7.003725010118927,9.398465898695646,8.018211037485495,9.557247287980298
93207,736678.9094647306,7.0060157266213166,9.398465898695646,7.562312270110041,9.557247287980298
93243,736679.6407908335,7.0060157266213166,9.398465898695646,7.562312270110041,9.557247287980298
93250,736679.7671394559,7.0060157266213166,9.398465898695646,7.562312270110041,9.557247287980298
93252,736679.9395849196,7.0060157266213166,9.398465898695646,7.562312270110041,9.557247287980298
93253,736679.9621223322,7.0060157266213166,9.398465898695646,7.562312270110041,9.557247287980298
93261,736680.047979642,7.0060157266213166,9.398465898695646,7.562312270110041,9.557247287980298
93264,736680.1300378882,7.0060157266213166,9.398465898695646,7.562312270110041,9.557247287980298
93265,736680.1302791379,7.0060157266213166,9.398465898695646,7.562312270110041,9.557247287980298
93266,736680.1308715509,7.0060157266213166,9.398465898695646,7.562312270110041,9.557247287980298
93267,736680.1350239025,7.0060157266213166,9.398465898695646,7.562312270110041,9.557247287980298
93279,736680.541722698,9.552497436048464,9.773891797038859,9.690190966102879,9.647349381627823
93289,736680.7647823596,7.0129431325349065,9.13138600718258,7.988475203391675,9.557247287980298
93320,736681.6172339013,9.607426183397378,8.660605578090664,8.79357719528704,9.5349090348438
93335,736682.4152437566,9.607426183397378,8.660605578090664,8.79357719528704,9.5349090348438
93342,736682.5147795121,7.577729995142207,9.111085999834556,8.693851854258199,9.698595961511593
93411,736685.914052255,8.17637392325741,8.34359665518474,8.488059647522347,9.180212504472214
93412,736685.9297979983,9.619760245152765,8.77235034186325,9.74892654227757,9.056142999629083
93417,736686.1357314774,7.550473274921642,8.818794886700028,8.641287387206575,9.623180041849986
93418,736686.1390632248,7.550473274921642,8.818794886700028,8.641287387206575,9.623180041849986
93419,736686.1477206387,7.46676750437704,8.818794886700028,8.652994745523156,9.623180041849986
93420,736686.1479232465,7.46676750437704,8.818794886700028,8.652032405320524,9.623180041849986
93421,736686.1497959842,7.4779931220382565,8.818794886700028,8.800675356116649,9.623180041849986
93423,736686.1754697906,7.4779931220382565,8.818794886700028,8.800675356116649,9.623180041849986
93425,736686.2269340231,7.4591701700537145,8.790231473414199,8.692180321277817,9.623180041849986
93426,736686.2280160934,7.4591701700537145,8.790231473414199,8.692180321277817,9.623180041849986
93428,736686.2747718265,7.4591701700537145,8.790231473414199,8.692180321277817,9.623180041849986
93432,736686.3873593073,7.4591701700537145,8.790231473414199,8.692180321277817,9.623180041849986
93434,736686.4773929503,7.4591701700537145,8.783372256012305,8.652032405320524,9.623180041849986
93440,736686.6604800855,7.718880740676752,8.783372256012305,8.563269510179502,9.62244515266324
93442,736686.675566621,7.718880740676752,8.783372256012305,8.563269510179502,9.62244515266324
93443,736686.6821050779,7.718880740676752,8.783372256012305,8.563269510179502,9.62244515266324
93444,736686.6825925709,7.710744243572363,8.783372256012305,8.563332677393577,9.62244515266324
93449,736686.714262537,7.710744243572363,8.783372256012305,8.563332677393577,9.62244515266324
93450,736686.7159231311,7.710744243572363,8.783372256012305,8.563332677393577,9.62244515266324
93451,736686.720579168,7.373871272281257,8.783372256012305,8.556568670272908,9.62244515266324
93453,736686.7386317933,7.373871272281257,8.783372256012305,8.657016597627477,9.62244515266324
93454,736686.7454262614,7.373871272281257,8.783372256012305,8.657016597627477,9.62244515266324
93455,736686.7542926993,7.396614386443387,8.783372256012305,8.348641267480104,9.594391425123025
93458,736686.908676214,7.397175685708209,8.783372256012305,8.348641267480104,9.62244515266324
93459,736686.9235051936,7.397175685708209,8.783372256012305,8.558238901927448,9.62244515266324
93460,736686.9783003652,7.415422481109923,8.783372256012305,8.919969441946751,9.696344454604416
93464,736687.0827439702,7.415422481109923,8.783372256012305,8.553520897808502,9.62244515266324
93466,736687.089371288,7.415422481109923,8.783372256012305,8.553520897808502,9.62244515266324
93467,736687.1793509454,7.434177964815696,8.784192946830354,8.651009080849875,9.62244515266324
93469,736687.2174145861,7.434177964815696,8.784192946830354,8.553520897808502,9.62244515266324
93470,736687.2178375833,7.434177964815696,8.784192946830354,8.563356964701217,9.62244515266324
93471,736687.219447142,7.434177964815696,8.784192946830354,8.565695528906387,9.62244515266324
93472,736687.2217930965,7.434177964815696,8.784192946830354,8.298811729888671,9.62244515266324
93474,736687.224099891,7.434177964815696,8.784192946830354,8.298811729888671,9.62244515266324
93475,736687.2491253476,7.434177964815696,8.784192946830354,8.286559761894656,9.62244515266324
93477,736687.2626716126,7.434177964815696,8.784192946830354,8.566209137501806,9.62244515266324
93478,736687.2703801363,7.434177964815696,8.784192946830354,8.558238901927448,9.62244515266324
93480,736687.2781574199,7.434177964815696,8.784192946830354,8.559298853219982,9.62244515266324
93481,736687.2787221244,7.470397103207614,8.818673652509482,8.692722017818,9.627802855071277
93482,736687.2815254271,7.470397103207614,8.818673652509482,8.572553498688691,9.627802855071277
93483,736687.2825325935,7.470397103207614,8.818673652509482,8.312945871750808,9.627802855071277
93487,736687.468178765,7.470397103207614,8.818673652509482,8.462179254896355,9.624493338975183
93488,736687.4766345425,7.470397103207614,8.818673652509482,8.462179254896355,9.624493338975183
93489,736687.4772993091,7.470397103207614,8.818673652509482,8.445987206025862,9.624493338975183
93490,736687.4836305173,7.520572888167687,8.874343950110045,8.554896107731013,9.624493338975183
93491,736687.4863868124,7.520572888167687,8.874343950110045,8.352674550262824,9.624493338975183
93495,736687.50584302,7.520572888167687,8.874343950110045,8.352674550262824,9.624493338975183
93497,736687.5246170282,7.520572888167687,8.874343950110045,8.352674550262824,9.624493338975183
93499,736687.5676224848,7.520572888167687,8.874343950110045,8.352674550262824,9.624493338975183
93500,736687.5818876192,7.520572888167687,8.724393776591091,8.463134347714417,9.623221503990896
93504,736687.7074856195,7.520572888167687,8.724393776591091,8.463134347714417,9.623221503990896
93505,736687.7202466542,7.520572888167687,8.724393776591091,8.463134347714417,9.623221503990896
93506,736687.809335628,7.520572888167687,8.724393776591091,8.367768716910065,9.623221503990896
93507,736687.8106026176,7.520572888167687,8.724393776591091,8.340701503792785,9.623221503990896
93508,736687.8393552862,7.520572888167687,8.724393776591091,8.340701503792785,9.623221503990896
93509,736687.8562290345,7.520572888167687,8.724393776591091,8.340701503792785,9.623221503990896
93513,736688.0201213338,7.520572888167687,8.724393776591091,7.704984831563851,9.623221503990896
93520,736688.2224945178,7.520572888167687,8.724393776591091,8.822981257194476,9.595033271047132
93521,736688.2553667102,7.520572888167687,8.724393776591091,8.645413698350845,9.595033271047132
93522,736688.266525085,7.520572888167687,8.724393776591091,8.352674550262824,9.595033271047132
93524,736688.28342823,7.520572888167687,8.724393776591091,8.340701503792785,9.595033271047132
93533,736688.3959944827,7.520572888167687,8.724393776591091,8.340701503792785,9.595033271047132
93535,736688.5026811718,7.520572888167687,8.724393776591091,8.479130215636975,9.595033271047132
93536,736688.5297404578,7.520572888167687,8.724393776591091,8.340701503792785,9.595033271047132
93561,736688.9243731309,7.520572888167687,8.724393776591091,8.340701503792785,9.595033271047132
93562,736688.9354338759,7.520572888167687,8.724393776591091,8.340701503792785,9.595033271047132
93567,736689.008647888,9.5885668136618,9.5885668136618,9.729536209686792,9.755892008624135
93572,736689.0692565632,7.524018245001546,8.724393776591091,8.340701503792785,9.594088187876727
93577,736689.1209321095,7.524018245001546,8.724393776591091,8.340701503792785,9.594088187876727
93578,736689.1337865122,7.524018245001546,8.724393776591091,8.340701503792785,9.594088187876727
93579,736689.1553610646,7.524018245001546,8.724393776591091,8.340701503792785,9.594088187876727
93583,736689.2272975299,7.524018245001546,8.724393776591091,7.679218084474884,9.594088187876727
93589,736689.2747011683,7.524018245001546,8.724393776591091,7.679218084474884,9.594088187876727
93594,736689.34444005,7.524018245001546,8.724393776591091,8.439565396525124,9.594088187876727
93596,736689.3687902805,7.524018245001546,8.724393776591091,8.439565396525124,9.594088187876727
93598,736689.4028456766,7.524018245001546,8.724393776591091,8.439565396525124,9.594088187876727
93599,736689.4217618578,7.524018245001546,8.724393776591091,8.873507194445006,9.67120204950927
93602,736689.4626909519,7.524018245001546,8.724393776591091,8.873507194445006,9.67120204950927
93603,736689.467897505,7.524018245001546,8.724393776591091,8.873507194445006,9.67120204950927
93611,736689.5719390581,7.524018245001546,8.724393776591091,8.873507194445006,9.67120204950927
93614,736689.6899085362,7.524018245001546,8.724393776591091,8.873507194445006,9.67120204950927
93616,736689.7292447116,7.524018245001546,8.724393776591091,8.873507194445006,9.67120204950927
93620,736689.8977238998,7.524018245001546,8.724393776591091,8.707955103148779,9.594088187876727
93628,736690.0356782735,7.574501154862718,8.824006683325939,8.653537036914448,9.594088187876727
93633,736690.1036117974,7.574501154862718,8.824006683325939,8.653537036914448,9.594088187876727
93634,736690.1043446058,7.574501154862718,8.824006683325939,8.514831391598946,9.594088187876727
93638,736690.1564488144,7.574501154862718,8.824006683325939,8.517772263141252,9.594088187876727
93639,736690.1634506638,7.680273974731508,8.939301896105334,8.555225726973061,9.648290803436776
93640,736690.165529682,7.680273974731508,8.939301896105334,8.840797083480062,9.648290803436776
93642,736690.1735307387,7.680273974731508,8.939301896105334,8.840797083480062,9.648290803436776
93643,736690.1944637911,7.680273974731508,8.939301896105334,8.840797083480062,9.648290803436776
93647,736690.2605841106,7.680273974731508,8.939301896105334,8.840797083480062,9.648290803436776
93672,736690.5969784386,7.680273974731508,8.939301896105334,8.840797083480062,9.648290803436776
93679,736690.9473818298,7.680273974731508,8.939301896105334,8.840797083480062,9.648290803436776
93680,736690.9497531715,7.660611307037564,8.939301896105333,8.587915034149146,9.648290803436776
93681,736690.954177141,7.660611307037564,8.939301896105333,8.587915034149146,9.648290803436776
93683,736690.9996631396,7.660611307037564,8.939301896105333,8.587915034149146,9.648290803436776
93684,736691.048782387,7.660611307037564,8.939301896105333,8.505298072446902,9.636416795823445
93688,736691.2779963737,7.660611307037564,8.939301896105333,7.822712756170758,9.599633728646765
93690,736691.3324477016,7.660611307037564,8.939301896105333,7.822712756170758,9.569644986192342
93691,736691.3362991388,7.660611307037564,8.939301896105333,7.822712756170758,9.569644986192342
93692,736691.3369236329,7.660611307037564,8.939301896105333,7.822712756170758,9.569644986192342
93693,736691.3407377052,7.660611307037564,8.939301896105333,7.822712756170758,9.569644986192342
93695,736691.3523940142,7.660611307037564,8.939301896105333,8.555225726973061,9.569644986192342
93698,736691.3563982876,7.660611307037564,8.939301896105333,8.555225726973061,9.569644986192342
93700,736691.3580436973,7.660611307037564,8.939301896105333,7.822712756170758,9.569644986192342
93701,736691.360295701,7.689860850050632,8.939301896105333,8.555225726973061,9.6546891767118
93705,736691.3726674726,7.689860850050632,8.939301896105333,8.555225726973061,9.6546891767118
93707,736691.3838307487,7.689860850050632,8.939301896105333,7.8316873728734855,9.569644986192342
93709,736691.387698126,7.689860850050632,8.939301896105333,7.8316873728734855,9.569644986192342
93710,736691.3924825339,7.689860850050632,8.939301896105333,7.8316873728734855,9.569644986192342
93712,736691.4010852921,7.689860850050632,8.939301896105333,7.8316873728734855,9.569644986192342
93714,736691.4063759927,7.689860850050632,8.939301896105333,7.8316873728734855,9.569644986192342
93717,736691.456484621,7.689860850050632,8.939301896105333,7.8316873728734855,9.569644986192342
93719,736691.47650536,7.689860850050632,8.939301896105333,7.8316873728734855,9.569644986192342
93721,736691.4969423289,7.689860850050632,8.939301896105333,7.8316873728734855,9.569644986192342
93723,736691.4992881307,7.689860850050632,8.939301896105333,8.555225726973061,9.569644986192342
93726,736691.5110668542,7.689860850050632,8.939301896105333,7.8316873728734855,9.569644986192342
93730,736691.5559940692,7.689860850050632,8.939301896105333,7.8316873728734855,9.569644986192342
93731,736691.5574167658,7.689860850050632,8.939301896105333,7.8316873728734855,9.569644986192342
93733,736691.5979174762,7.689860850050632,8.939301896105333,7.8316873728734855,9.569644986192342
93735,736691.6353443961,7.689860850050632,8.939301896105333,7.8316873728734855,9.569644986192342
93736,736691.6860896845,7.689860850050632,8.939301896105333,7.79631400757064,9.569644986192342
93737,736691.6886554272,7.689860850050632,8.939301896105333,7.79631400757064,9.569644986192342
93738,736691.6918754468,7.689860850050632,8.939301896105333,7.79631400757064,9.569644986192342
93739,736691.6992986664,7.689860850050632,8.939301896105333,7.79631400757064,9.569644986192342
93742,736691.7188305671,7.689860850050632,8.939301896105333,7.79631400757064,9.569644986192342
93744,736691.7251858902,7.689860850050632,8.939301896105333,7.79631400757064,9.569644986192342
93748,736691.7616789145,7.689860850050632,8.939301896105333,7.79631400757064,9.569644986192342
93750,736691.8069783741,7.689860850050632,8.939301896105333,7.79631400757064,9.569644986192342
93751,736691.8118856049,7.689860850050632,8.939301896105333,7.79631400757064,9.569644986192342
93759,736691.9156832864,7.689860850050632,8.939301896105333,7.79631400757064,9.569644986192342
93762,736691.9568018556,7.689860850050632,8.939301896105333,7.79631400757064,9.569644986192342
93763,736691.9574705933,7.689860850050632,8.939301896105333,7.79631400757064,9.569644986192342
93765,736691.9840602475,7.689860850050632,8.939301896105333,7.79631400757064,9.569644986192342
93766,736691.9966826753,7.689860850050632,8.939301896105333,7.79631400757064,9.569644986192342
93767,736691.9989530151,7.689860850050632,8.939301896105333,7.79631400757064,9.569644986192342
93768,736692.0055270393,7.689860850050632,8.939301896105333,7.79631400757064,9.569644986192342
93771,736692.0423286312,7.689860850050632,8.939301896105333,7.79631400757064,9.569644986192342
93772,736692.0544829067,7.689860850050632,8.939301896105333,7.79631400757064,9.569644986192342
93774,736692.0849605656,7.689860850050632,8.939301896105333,7.79631400757064,9.569644986192342
93775,736692.1016473064,7.689860850050632,8.939301896105333,7.79631400757064,9.569644986192342
93776,736692.1044449096,7.689860850050632,8.939301896105333,7.79631400757064,9.569644986192342
93778,736692.1248491105,7.689860850050632,8.939301896105333,7.79631400757064,9.569644986192342
93779,736692.1333740242,8.173528822457797,8.412123071368496,8.173528822457797,9.53175968933465
93782,736692.2262092624,8.173528822457797,8.412123071368496,8.173528822457797,9.53175968933465
93791,736692.4035675391,7.863936915835582,8.964923506237563,7.919395762083336,9.569644986192342
93801,736692.6336974595,7.863936915835582,8.964923506237563,7.919395762083336,9.569644986192342
93803,736692.7661617516,7.863936915835582,8.964923506237563,7.919395762083336,9.569644986192342
93804,736692.8134279829,7.863936915835582,8.964923506237563,7.919395762083336,9.569644986192342
93805,736692.8225298357,7.863936915835582,8.964923506237563,8.581284856562368,9.569644986192342
93806,736692.8229359679,7.863936915835582,8.964923506237563,8.581284856562368,9.569644986192342
93807,736692.9211567891,7.863936915835582,8.964923506237563,8.581284856562368,9.569644986192342
93808,736693.0583583218,7.863936915835582,8.964923506237563,8.581284856562368,9.569644986192342
93811,736693.1231547507,7.863936915835582,8.964923506237563,8.581284856562368,9.569644986192342
93815,736693.2711916127,7.861171682035022,8.964923506237563,7.919395762083336,9.569644986192342
93817,736693.299517566,7.861171682035022,8.964923506237563,7.919395762083336,9.569644986192342
93819,736693.3842942923,9.6370708463073,8.99710763353133,9.6370708463073,9.489015006043681
93824,736693.6022570612,7.861171682035022,9.153538544664368,7.919395762083336,9.679866455498964
93825,736693.6841611754,7.861171682035022,9.153538544664368,7.919395762083336,9.679866455498964
93826,736693.7224461193,7.861171682035022,9.153538544664368,7.919395762083336,9.679866455498964
93828,736693.8097798126,7.861171682035022,9.153538544664368,7.919395762083336,9.679866455498964
93829,736693.8114273052,7.861171682035022,9.153538544664368,7.919395762083336,9.679866455498964
93832,736693.9093324571,7.861171682035022,9.153538544664368,7.919395762083336,9.679866455498964
93833,736693.9101502047,7.861171682035022,9.153538544664368,7.919395762083336,9.679866455498964
93834,736693.9150020095,7.861171682035022,9.153538544664368,7.919395762083336,9.679866455498964
93836,736693.954025489,7.861171682035022,9.153538544664368,7.919395762083336,9.679866455498964
93837,736693.9788764121,7.861171682035022,9.153538544664368,7.919395762083336,9.679866455498964
93838,736694.0340576945,7.861171682035022,9.153538544664368,7.919395762083336,9.679866455498964
93840,736694.0748002512,7.861171682035022,9.153538544664368,7.919395762083336,9.679866455498964
93841,736694.1152809906,7.861171682035022,9.153538544664368,7.919395762083336,9.679866455498964
93842,736694.1399753009,7.861171682035022,9.153538544664368,7.919395762083336,9.679866455498964
93843,736694.1627104736,7.860402130834931,9.153538544664368,7.919395762083336,9.679866455498964
93844,736694.169778349,7.860402130834931,9.153538544664368,7.919395762083336,9.679866455498964
93845,736694.1795414466,7.860402130834931,9.153538544664368,7.919395762083336,9.679866455498964
93847,736694.2031592444,7.860402130834931,9.153538544664368,7.919395762083336,9.679866455498964
93850,736694.2159008995,7.860402130834931,9.153538544664368,7.919395762083336,9.679866455498964
93851,736694.2184207799,7.860402130834931,9.153538544664368,7.919395762083336,9.679866455498964
93854,736694.3973075392,7.860402130834931,9.153538544664368,7.919395762083336,9.679866455498964
93864,736694.6954284963,7.860402130834931,9.153538544664368,7.919395762083336,9.679866455498964
93865,736694.8146219115,7.860402130834931,9.153538544664368,7.919395762083336,9.679866455498964
93867,736694.8987514494,7.860402130834931,9.153538544664368,7.919395762083336,9.679866455498964
4,736695.0651185716,7.860402130834931,9.153538544664368,7.919395762083336,9.679866455498964
6,736695.1408295396,7.860402130834931,9.153538544664368,7.919395762083336,9.679866455498964
8,736695.1621067033,7.860402130834931,9.153538544664368,7.919395762083336,9.679866455498964
14,736695.4334089383,7.860402130834931,9.153538544664368,7.919395762083336,9.679866455498964
19,736695.6586526487,7.916856382314527,9.153538544664368,7.944917298187941,9.5290288731765
20,736695.6754751247,7.916856382314527,9.153538544664368,7.944917298187941,9.5290288731765
21,736695.6933269013,7.916856382314527,9.153538544664368,7.944917298187941,9.5290288731765
28,736695.900850029,7.916856382314527,9.153538544664368,7.944917298187941,9.5290288731765
29,736695.9295567916,7.866960797288472,9.153538544664368,7.944917298187941,9.5290288731765
35,736696.0796966067,7.866960797288472,9.153538544664368,7.944917298187941,9.5290288731765
36,736696.0903085272,7.866960797288472,9.153538544664368,7.944917298187941,9.5290288731765
43,736696.4205857127,7.866960797288472,9.153538544664368,7.944917298187941,9.5290288731765
44,736696.5499224704,7.866960797288472,9.153538544664368,7.944917298187941,9.5290288731765
45,736696.5739767652,7.90639715208942,9.153538544664368,7.968267287896331,9.5290288731765
49,736696.6555878585,7.541428640711932,9.153538544664368,7.968267287896331,9.5290288731765
50,736696.6568927286,7.541428640711932,9.153538544664368,7.968267287896331,9.5290288731765
51,736696.6582209292,7.541428640711932,9.153538544664368,7.968267287896331,9.5290288731765
52,736696.6635962662,7.541428640711932,9.153538544664368,7.968267287896331,9.5290288731765
53,736696.6683416115,7.541428640711932,9.153538544664368,7.968267287896331,9.5290288731765
55,736696.6904186853,7.541428640711932,9.153538544664368,7.968267287896331,9.5290288731765
56,736696.7000029833,7.553524790651692,9.153538544664368,7.968587771406022,9.5290288731765
57,736696.7096994307,7.553524790651692,9.153538544664368,7.968587771406022,9.5290288731765
59,736696.7162113368,7.553524790651692,9.153538544664368,7.968587771406022,9.5290288731765
60,736696.7270373651,7.553524790651692,9.153538544664368,7.968587771406022,9.5290288731765
61,736696.7289626632,7.553524790651692,9.153538544664368,7.968587771406022,9.5290288731765
62,736696.7466609849,7.553524790651692,9.153538544664368,7.968587771406022,9.5290288731765
64,736696.7477956496,7.553524790651692,9.153538544664368,7.968587771406022,9.5290288731765
65,736696.748441005,7.553524790651692,9.153538544664368,7.968587771406022,9.5290288731765
66,736696.7503044208,7.553524790651692,9.153538544664368,7.968587771406022,9.5290288731765
69,736696.8015765945,7.553524790651692,9.153538544664368,7.968587771406022,9.5290288731765
80,736697.0482072401,7.553524790651692,9.153538544664368,7.968587771406022,9.5290288731765
83,736697.1784262529,7.553524790651692,9.153538544664368,7.968587771406022,9.5290288731765
85,736697.183411025,7.553524790651692,9.153538544664368,7.968587771406022,9.5290288731765
86,736697.1838582024,7.553524790651692,9.153538544664368,7.968587771406022,9.5290288731765
87,736697.1879842123,7.553524790651692,9.153538544664368,7.968587771406022,9.5290288731765
88,736697.188537048,7.553524790651692,9.153538544664368,7.968587771406022,9.5290288731765
89,736697.217336168,7.553524790651692,9.153538544664368,7.968587771406022,9.5290288731765
90,736697.2310712218,7.553524790651692,9.153538544664368,7.968587771406022,9.521960289809076
91,736697.2345466252,7.553524790651692,9.153538544664368,7.968587771406022,9.521960289809076
92,736697.2631628783,7.553524790651692,9.153538544664368,7.968587771406022,9.521960289809076
93,736697.2671625753,7.553524790651692,9.153538544664368,7.968587771406022,9.521960289809076
94,736697.2675507521,7.553524790651692,9.153538544664368,7.968587771406022,9.521960289809076
95,736697.2698799974,7.553524790651692,9.153538544664368,7.968587771406022,9.521960289809076
99,736697.34544854,7.553524790651692,9.153538544664368,7.968587771406022,9.521960289809076
103,736697.3857519818,7.553524790651692,9.153538544664368,7.968587771406022,9.521960289809076
114,736697.5343603707,8.060334631534788,8.490387192363979,8.54115648366034,9.456583573811868
119,736697.6775968316,8.060334631534788,8.490387192363979,8.54115648366034,9.456583573811868
121,736697.7393439732,8.060334631534788,8.490387192363979,8.54115648366034,9.456583573811868
122,736697.7547741223,8.060334631534788,8.490387192363979,8.54115648366034,9.456583573811868
123,736697.7920137866,8.060334631534788,9.253866461649986,8.4262432894483,9.535030758089361
124,736697.7971484552,8.060334631534788,9.253866461649986,8.4262432894483,9.535030758089361
125,736697.8000056774,8.060334631534788,9.253866461649986,8.4262432894483,9.535030758089361
126,736697.8007816429,8.060334631534788,9.253866461649986,8.4262432894483,9.535030758089361
127,736697.8018472189,8.060334631534788,9.253866461649986,8.4262432894483,9.535030758089361
132,736697.9231698865,8.060334631534788,9.253866461649986,8.4262432894483,9.535030758089361
133,736698.0953218101,8.263921013419543,8.845501762232363,9.579883676401838,9.704390877135545
135,736698.1459244792,8.263921013419543,8.845501762232363,9.579883676401838,9.704390877135545
137,736698.1917378429,8.060334631534788,9.253866461649986,8.4262432894483,9.535030758089361
138,736698.2063595364,8.396515134429785,8.860269057513113,9.569919370144707,9.713174969205008
145,736698.5009107128,8.060334631534788,9.253866461649986,8.4262432894483,9.34357357373188
150,736698.6097533739,8.060334631534788,9.253866461649986,8.4262432894483,9.34357357373188
152,736698.7214087547,8.060334631534788,9.253866461649986,8.4262432894483,9.34357357373188
158,736698.8769909572,8.060334631534788,9.253866461649986,8.4262432894483,9.34357357373188
159,736698.8845593323,8.182682118490593,9.410599629563867,8.537370457810578,9.489170168101463
161,736699.067225867,8.182682118490593,9.410599629563867,8.537370457810578,9.489170168101463
166,736699.3172488107,8.182682118490593,9.410599629563867,8.537370457810578,9.489170168101463
167,736699.321053482,8.182682118490593,9.410599629563867,8.537370457810578,9.489170168101463
168,736699.3299054798,8.182682118490593,9.410599629563867,8.537370457810578,9.489170168101463
172,736699.4693804912,8.182682118490593,9.410599629563867,8.537370457810578,9.489170168101463
173,736699.4772789205,8.182682118490593,9.410599629563867,8.537370457810578,9.489170168101463
175,736699.7965563278,8.182682118490593,9.410599629563867,8.537370457810578,9.489170168101463
177,736699.8808823023,8.182682118490593,9.410599629563867,8.537370457810578,9.489170168101463
179,736699.963734309,8.182682118490593,9.410599629563867,8.537370457810578,9.489170168101463
181,736699.9904910485,8.182682118490593,9.410599629563867,8.537370457810578,9.489170168101463
186,736700.1128344737,8.182682118490593,9.410599629563867,8.537370457810578,9.489170168101463
188,736700.1513677194,7.516392566670466,8.875987815228134,9.270934935201778,9.322351253054686
190,736700.1639952821,7.711361259262654,8.9700189892611,9.270934935201778,9.322351253054686
191,736700.164252193,7.787039309389986,8.995057352942267,9.31706474166196,9.322351253054686
192,736700.1685312352,7.787039309389986,8.995057352942267,9.31706474166196,9.322351253054686
193,736700.1707876709,7.787039309389986,8.995057352942267,9.31706474166196,9.322351253054686
196,736700.191118254,7.787039309389986,8.995057352942267,9.31706474166196,9.322351253054686
212,736700.8139550469,8.182682118490593,9.583187646008751,8.537370457810578,9.657054775594473
220,736700.982246792,9.474393807496627,8.820638276373229,9.474393807496627,9.540907426012822
223,736701.0635213538,9.474393807496627,8.820638276373229,9.474393807496627,9.540907426012822
226,736701.1401509905,7.826388074766104,8.993503011048814,8.163929457643912,9.528831088935409
232,736701.2622168217,8.244285309389035,8.92311679976406,8.624931558170218,9.523828505626295
234,736701.2736062407,8.244285309389035,8.92311679976406,8.624931558170218,9.523828505626295
236,736701.3883042628,8.244285309389035,8.92311679976406,8.624931558170218,9.523828505626295
241,736701.7083559277,8.244285309389035,8.92311679976406,8.624931558170218,9.523828505626295
242,736701.7306777586,8.244285309389035,8.92311679976406,8.624931558170218,9.523828505626295
245,736701.8005439806,8.56690258598017,9.292789627397166,8.688290911048062,9.657054775594473
247,736701.9664963023,8.56690258598017,9.292789627397166,8.688290911048062,9.657054775594473
254,736702.1790070629,8.56690258598017,9.292789627397166,8.688290911048062,9.657054775594473
270,736702.8097757607,8.56690258598017,9.292789627397166,8.688290911048062,9.657054775594473
273,736702.8442262692,8.56690258598017,9.292789627397166,8.688290911048062,9.657054775594473
274,736702.8553099337,8.56690258598017,9.292789627397166,8.688290911048062,9.583187646008751
275,736702.8562180917,8.56690258598017,9.292789627397166,8.688290911048062,9.583187646008751
276,736702.8759951474,8.56690258598017,9.292789627397166,8.688290911048062,9.583187646008751
277,736702.8914072841,8.56690258598017,9.292789627397166,8.688290911048062,9.583187646008751
280,736702.9357958995,8.56690258598017,9.292789627397166,8.688290911048062,9.583187646008751
283,736702.9699315508,8.56690258598017,9.292789627397166,8.688290911048062,9.583187646008751
284,736702.9780307193,8.56690258598017,9.292789627397166,8.688290911048062,9.583187646008751
285,736702.986791513,8.240705342362752,9.292789627397166,8.559290010811676,9.583187646008751
289,736703.057471654,8.56690258598017,9.292789627397166,8.688290911048062,9.583187646008751
300,736703.2709141312,8.56690258598017,9.292789627397166,8.688290911048062,9.583187646008751
317,736703.4869677182,8.56690258598017,9.292789627397166,8.688290911048062,9.583187646008751
322,736703.6736098623,8.56690258598017,9.292789627397166,8.688290911048062,9.583187646008751
330,736704.0442534585,8.56690258598017,9.292789627397166,8.688290911048062,9.583187646008751
331,736704.1395784294,8.538645219989842,9.225724506023228,9.370389641990881,9.464987429117398
332,736704.1826149058,8.56690258598017,9.364211706823781,8.688290911048062,9.644818363566186
337,736704.3711172484,8.56690258598017,9.364211706823781,8.688290911048062,9.644818363566186
347,736704.5601112023,8.56690258598017,9.364211706823781,8.688290911048062,9.644818363566186
349,736704.6203426569,8.56690258598017,9.364211706823781,8.688290911048062,9.644818363566186
351,736704.6358790786,8.56690258598017,9.364211706823781,8.688290911048062,9.644818363566186
354,736704.6600398825,8.56690258598017,9.364211706823781,8.688290911048062,9.644818363566186
355,736704.665594627,8.540897882971576,9.398402008627079,9.352621346724943,9.648629860369278
358,736704.7449546199,8.56690258598017,9.450306240392704,8.688290911048062,9.692056624243556
360,736704.8206121922,8.56690258598017,9.450306240392704,8.688290911048062,9.692056624243556
361,736704.8208371856,8.56690258598017,9.450306240392704,8.688290911048062,9.692056624243556
367,736704.9450051066,8.56690258598017,9.450306240392704,8.688290911048062,9.692056624243556
369,736705.0512243186,8.56690258598017,9.450306240392704,8.688290911048062,9.692056624243556
378,736705.2002089528,8.913679568908455,9.555235739961027,8.97309344000322,9.760717931279384
377,736705.2002165153,8.67810577639162,9.500044177074205,8.67810577639162,9.688832211437502
383,736705.2821626879,8.326367185911172,9.411428211402459,8.763388908509876,9.692056624243556
394,736705.3922064686,8.675405780494605,9.411428211402459,8.871253623383714,9.692056624243556
405,736705.8085626701,8.675405780494605,9.411428211402459,8.871253623383714,9.692056624243556
406,736705.8653171266,8.675405780494605,9.411428211402459,8.871253623383714,9.692056624243556
417,736706.1882216155,8.675405780494605,9.411428211402459,8.871253623383714,9.692056624243556
422,736706.3435756858,8.675405780494605,9.411428211402459,8.871253623383714,9.692056624243556
423,736706.3599628136,8.67540076848028,9.411427290978688,8.871253623383714,9.692056624243556
429,736706.4155927057,8.67540076848028,9.411427290978688,8.871253623383714,9.692056624243556
430,736706.514354339,8.67540076848028,9.411427290978688,8.871253623383714,9.692056624243556
444,736706.8862915352,8.67540076848028,9.411427290978688,8.871253623383714,9.692056624243556
449,736706.9299879471,8.67540076848028,9.411427290978688,8.871253623383714,9.692056624243556
452,736707.0138131918,8.67540076848028,9.411427290978688,8.871253623383714,9.692056624243556
455,736707.0753314638,8.67540076848028,9.411427290978688,8.871253623383714,9.692056624243556
460,736707.2366692184,9.174823276277165,9.779520181514131,9.577528186240077,9.688979460952236
468,736707.3953504374,8.82365778141223,9.54798024755733,8.965526130028778,9.773299413400434
477,736707.6363031969,8.82365778141223,9.54798024755733,8.965526130028778,9.773299413400434
478,736707.6837708645,8.82365778141223,9.54798024755733,8.965526130028778,9.773299413400434
480,736707.7112611225,8.82365778141223,9.54798024755733,8.965526130028778,9.773299413400434
485,736707.8509526119,8.82365778141223,9.54798024755733,8.965526130028778,9.773299413400434
498,736708.7559589501,8.774607895929064,9.57913683722512,8.76481945640613,9.674019304005723
506,736708.9691149567,8.687791790052158,9.446777908895948,8.687791790052158,9.591005270146265
509,736709.0445972898,8.687791790052158,9.446777908895948,8.687791790052158,9.591005270146265
512,736709.1432374439,8.687791790052158,9.446777908895948,8.687791790052158,9.591005270146265
517,736709.3219183384,8.729907900325465,9.37544020762078,8.889038660360994,9.73489560123739
518,736709.3395433064,8.729907900325465,9.37544020762078,8.889038660360994,9.73489560123739
519,736709.3528566387,8.729907900325465,9.37544020762078,8.889038660360994,9.73489560123739
520,736709.3576675942,8.729907900325465,9.37544020762078,8.889038660360994,9.73489560123739
523,736709.3683062115,8.729907900325465,9.37544020762078,8.889038660360994,9.73489560123739
536,736709.4759435694,8.729907900325465,9.37544020762078,8.889038660360994,9.73489560123739
539,736709.5330778604,8.729907900325465,9.37544020762078,8.889038660360994,9.73489560123739
541,736709.6318067061,8.747964795830644,9.377968362748232,8.889038660360994,9.73489560123739
542,736709.7433220166,8.747964795830644,9.377968362748232,8.889038660360994,9.73489560123739
543,736709.8161167806,8.747964795830644,9.377968362748232,8.889038660360994,9.73489560123739
544,736709.8300350822,8.747964795830644,9.377968362748232,8.889038660360994,9.73489560123739
554,736710.2555043038,9.426650311898003,9.500451244334108,9.426650311898003,8.849314800129159
556,736710.2946539754,8.747964795830644,9.377968362748232,8.889038660360994,9.73489560123739
560,736710.3702001269,8.747964795830644,9.377968362748232,8.889038660360994,9.73489560123739
564,736710.3952102475,8.747964795830644,9.377968362748232,8.889038660360994,9.73489560123739
569,736710.4998612182,8.747964795830644,9.377968362748232,8.889038660360994,9.73489560123739
575,736710.5683173301,8.747964795830644,9.377968362748232,8.889038660360994,9.73489560123739
583,736710.7665991749,8.747964795830644,9.377968362748232,8.889038660360994,9.73489560123739
584,736710.7966913166,8.747964795830644,9.377968362748232,8.889038660360994,9.73489560123739
585,736710.811802465,8.747964795830644,9.377968362748232,8.886342097633667,9.73489560123739
586,736710.8432523063,8.747964795830644,9.377968362748232,8.886342097633667,9.73489560123739
588,736710.8701322646,8.747964795830644,9.377968362748232,8.886342097633667,9.73489560123739
589,736710.8712757448,8.747964795830644,9.377968362748232,8.886342097633667,9.73489560123739
590,736710.9160293533,8.747964795830644,9.377968362748232,8.886342097633667,9.73489560123739
591,736710.9214312276,8.747964795830644,9.377968362748232,8.886342097633667,9.73489560123739
594,736711.0382186646,8.692688373345327,9.34491657281365,8.692688373345327,9.503350188641175
596,736711.077759782,8.747964795830644,9.37861410337858,8.886342097633667,9.735221327714893
606,736711.2665432679,8.747964795830644,9.37861410337858,8.886342097633667,9.735221327714893
613,736711.3581721331,8.747964795830644,9.37861410337858,8.886342097633667,9.735221327714893
640,736711.8675269765,8.747964795830644,9.37861410337858,8.886342097633667,9.735221327714893
643,736712.0014212801,9.496938229470322,9.385901677724371,9.496938229470322,9.519044603947888
663,736713.2996504772,8.573766932075557,9.454355288674567,8.857358764622333,9.770367305180748
672,736713.6711235949,8.573766932075557,9.454355288674567,8.857358764622333,9.770367305180748
674,736713.6776223844,8.573766932075557,9.454355288674567,8.857358764622333,9.770367305180748
679,736714.1030519407,8.573766932075557,9.454355288674567,8.857358764622333,9.770367305180748
680,736714.1056870844,8.573766932075557,9.454355288674567,8.857358764622333,9.770367305180748
683,736714.1477884152,8.573766932075557,9.454355288674567,8.857358764622333,9.770367305180748
689,736714.3160782394,8.352054135692509,9.343196583393338,8.857358764622333,9.770367305180748
703,736714.6485272044,8.352054135692509,9.343196583393338,8.857358764622333,9.770367305180748
706,736715.0164250984,8.352054135692509,9.343196583393338,8.857358764622333,9.770367305180748
709,736715.1712312633,8.40944723598993,9.323128119626897,8.696690697248112,9.752294286014772
711,736715.2521121314,8.46837657056766,9.364467134289654,8.87008346030655,9.770367305180748
722,736715.6999315992,9.255719616345473,9.34458605842681,8.806357509300383,9.589957050657704
724,736715.7667648405,8.318459716993898,9.364467134289654,8.806124096575791,9.770367305180748
725,736715.771344203,8.318459716993898,9.364467134289654,8.806124096575791,9.770367305180748
739,736716.8753653942,8.21678444698491,9.342782315930336,8.87008346030655,9.60556589598915
740,736716.9512209843,8.21678444698491,9.342782315930336,8.87008346030655,9.60556589598915
751,736717.5123416658,9.332967083285435,9.243568807044241,8.833172843932907,9.586744442900411
756,736717.7404630361,8.216804083247341,9.342782315930336,8.806124096575791,9.60556589598915
794,736720.0334814112,8.216804083247341,9.342782315930336,8.806124096575791,9.60556589598915
801,736720.4361674155,8.919547613493622,9.421585162282511,8.919547613493622,8.94955543512077
805,736720.6308328375,9.598499933719848,9.298195069376131,9.24161005639694,9.770839323855457
806,736720.671092548,9.415113346530543,9.695549218236657,8.865728365186794,9.542336335575536
807,736720.6732632617,9.415113346530543,9.695549218236657,8.865728365186794,9.542336335575536
811,736720.9212029392,9.415113346530543,9.695549218236657,8.865728365186794,9.542336335575536
812,736720.9232153485,9.415113346530543,9.695549218236657,8.865728365186794,9.542336335575536
827,736721.4922285563,8.96111217465764,9.457609905053886,9.035541906322466,9.808907332936295
829,736721.5028145574,8.6665945130189,9.474084195090088,9.042332047711556,9.808907332936295
830,736721.5042457217,8.6665945130189,9.474084195090088,9.042332047711556,9.808907332936295
833,736721.514481939,8.6665945130189,9.474084195090088,9.042332047711556,9.808907332936295
838,736722.7662502392,8.6665945130189,9.474084195090088,9.042332047711556,9.808907332936295
906,736726.104598194,8.6665945130189,9.474084195090088,9.042332047711556,9.808907332936295
938,736727.1348843658,8.6665945130189,9.474084195090088,9.042332047711556,9.808907332936295
946,736727.3617935538,8.812454497989709,9.531948677501047,8.992007933915346,9.847952552707303
985,736728.5454205048,8.812454497989709,9.531948677501047,8.992007933915346,9.847952552707303
1000,736729.1850183114,8.812454497989709,9.531948677501047,8.992007933915346,9.847952552707303
1021,736729.5256180555,9.6885293767273,9.608488746690352,9.495736840650686,9.686980490595024
1030,736729.7761158914,9.6885293767273,9.608488746690352,9.495736840650686,9.686980490595024
1042,736730.3463141656,8.978295541736516,9.37422945206751,8.621958960287571,9.647347238086692
1049,736730.426178085,8.978295541736516,9.37422945206751,8.621958960287571,9.647347238086692
1052,736730.7291564929,8.938474121830797,9.741709665286288,8.730728296200255,9.891721149793483
1066,736731.1379428904,9.01933295906124,9.69917768124103,8.82792393230052,9.891721149793483
1069,736731.2500305716,9.01933295906124,9.69917768124103,8.82792393230052,9.891721149793483
1075,736731.3845104483,9.01933295906124,9.69917768124103,8.82792393230052,9.891721149793483
1087,736731.5982893001,9.01933295906124,9.368967151846894,8.753644007485027,9.708870349747778
1091,736731.9285630799,9.01933295906124,9.368967151846894,8.753644007485027,9.708870349747778
1098,736732.3771301714,9.01933295906124,9.368967151846894,8.753644007485027,9.708870349747778
1111,736732.7852317052,9.01933295906124,9.368967151846894,8.753644007485027,9.708870349747778
1112,736732.802304915,9.01933295906124,9.368967151846894,8.753644007485027,9.708870349747778
1164,736734.4667989287,9.817382589132052,9.574763535627389,8.402913592870197,9.760156685458421
1176,736734.9352994396,9.817382589132052,9.574763535627389,8.402913592870197,9.760156685458421
1180,736735.124702095,9.817382589132052,9.574763535627389,8.402913592870197,9.760156685458421
1206,736735.6103203425,9.67645864387624,9.817382589132052,8.346750907091947,9.682636813891662
1214,736736.0045434892,9.67645864387624,9.817382589132052,8.346750907091947,9.682636813891662
1217,736736.0189698514,9.820365806018401,9.820365806018401,9.549045768571267,9.681648558840655
1221,736736.1211885372,9.820365806018401,9.820365806018401,9.549045768571267,9.681648558840655
1224,736736.2740032981,9.820365806018401,9.820365806018401,9.549045768571267,9.681648558840655
1229,736736.6233665241,9.729384073980292,9.817382589132052,8.596972176521154,9.852020210241225
1250,736737.4417635615,9.898942698363285,9.839840800171444,9.331449529887797,9.670537215182987
1263,736738.3141871082,9.898942698363285,9.839840800171444,9.331449529887797,9.670537215182987
1284,736739.0565095777,9.790937159182878,9.857755153012187,9.052412421119175,9.723316865724367
1303,736739.9160606596,9.790937159182878,9.857755153012187,9.052412421119175,9.723316865724367
1313,736740.37130553,9.763723942650921,9.906558673056796,9.711208033919554,9.715384128173952
1318,736740.5011265283,9.995316728941706,9.995316728941706,9.995316728941706,9.832577674905687
1331,736741.0734638503,9.766467455204907,9.950315475784969,9.739006574933143,9.925277593118874
1335,736741.3045425114,9.729384073980292,9.8142848154854,8.70437229576112,9.614699765862573
1346,736741.5417773589,9.680830643652525,9.8142848154854,8.70437229576112,9.614699765862573
1357,736742.6874214272,9.680830643652525,9.8142848154854,8.70437229576112,9.614699765862573
1384,736744.2989413928,9.77964765625647,9.693337543187784,9.703412707632227,9.869305692417417
1416,736745.4381681293,9.765915462711293,9.920693890282786,9.938397678930315,8.910718611188264
1422,736745.5748175798,9.765915462711293,9.920693890282786,9.938397678930315,8.910718611188264
1425,736745.7509438898,9.765915462711293,9.920693890282786,9.938397678930315,8.910718611188264
1430,736746.0620077248,9.765915462711293,9.920693890282786,9.938397678930315,8.910718611188264
1431,736746.0672211448,9.854586321220339,9.914816399989181,9.854586321220339,9.781868723774734
1434,736746.1426296578,9.854586321220339,9.914816399989181,9.854586321220339,9.781868723774734
1454,736746.820714994,9.798379297377624,9.531405583994038,8.629882609607614,9.755363364361367
1512,736748.8760335962,9.798379297377624,9.531405583994038,8.629882609607614,9.755363364361367
1517,736749.0544919606,9.798379297377624,9.42257590152487,9.680830643652525,9.51667862119422
1520,736749.096416601,9.831435123886234,9.743713076536011,9.703115426401393,9.846394110600464
1528,736749.3404934036,9.919912352229032,9.948795605431227,9.919912352229032,9.935518205857372
1529,736749.3444576167,9.921610549335181,9.950110004078478,9.921610549335181,9.936873345724273
1530,736749.3480963397,9.918135420819686,9.660104073971603,10.020543062455062,9.879754935252802
1537,736749.5778034584,9.923111302952655,9.433828353076738,9.923111302952655,9.882230769911123
1539,736749.6147821718,9.923580207229069,9.314997639514383,9.923580207229069,9.555163498181951
1540,736749.776622114,9.579328541667204,9.774321062453923,9.74251686779519,9.897841212680477
1586,736752.337293991,9.923915544423842,9.748685974038745,9.923915544423842,9.28679944844661
1593,736752.5502128828,9.902431217758542,9.51688842261715,9.844427210586469,9.46280160751374
1600,736752.8121224252,9.895921814190336,9.45627981965574,9.842233219545728,9.46280160751374
1601,736752.813405917,9.667165320192483,9.4815353660583,9.806523376972025,9.487691307636693
1605,736753.0479006169,9.660708832142847,9.649832058184993,9.712907607719663,9.669639357736576
1635,736754.3789322505,9.742246766507858,9.607652100599447,9.312149427772685,9.410295357632439
1663,736755.8856405263,9.541520099321238,9.62552981546253,9.359076194642215,9.60341428884735
1670,736756.1553249018,9.541520099321238,9.448935877438414,9.1349768362639,9.60341428884735
1675,736756.2172598612,9.541520099321238,9.448935877438414,9.1349768362639,9.60341428884735
1680,736756.3011942953,9.663485679187406,9.670350424630225,9.788674491672928,9.728077135299852
1704,736757.8925674387,9.855022918981948,9.453833783143608,9.006399813493232,9.604363116144594
1705,736757.9420193671,9.855022918981948,9.453833783143608,9.006399813493232,9.604363116144594
1719,736758.5330760543,9.71096909280379,9.957165691249948,9.71096909280379,9.951706860576724
1723,736758.7180191244,9.841100832017704,9.453833783143608,8.947389954363226,9.604363116144594
1725,736758.741266698,9.841100832017704,9.453833783143608,8.947389954363226,9.604363116144594
1729,736758.8903669409,9.752124848516553,9.98319152737435,9.752124848516553,9.62044488870397
1760,736759.7689335758,9.768110603963303,10.108247834268527,9.768110603963303,9.92053744655649
1804,736760.8841354011,9.743627966031024,9.944201199239307,9.89704016631411,9.650315924986527
1871,736763.4966825705,9.895895381426204,9.998836991925643,9.98217601901372,9.71116624625157
1877,736763.7426277266,9.97345111596727,9.996105566780956,9.994473726368556,9.649099761402269
1892,736764.4615040696,9.985253487560751,9.589602333730666,9.935578046687608,8.900777000992665
1900,736764.8265019119,9.985253487560751,9.589602333730666,9.935578046687608,8.900777000992665
1929,736765.9938140605,9.977569053117309,9.824018285379388,10.008927701288082,9.548740839383528
1966,736767.1859252846,10.099951704820471,9.69184554394367,10.099951704820471,10.113023784093826
2008,736769.1139677181,9.801652460539522,9.836394400635205,9.721034862813529,9.784661042392788
2072,736771.8676389836,9.814595130547648,9.877262645909514,9.756837183828452,10.114842804121762
2095,736772.6148999507,9.813398138693945,9.86921104256646,9.756837183828452,9.786240137350374
2096,736772.6196020863,9.813398138693945,9.86921104256646,9.756837183828452,9.786240137350374
2102,736773.0629928993,10.068645577996234,9.816021873051954,10.068645577996234,10.133323709322468
2103,736773.1230880957,9.710917655537727,9.874840834464502,9.849758681842225,9.869596094461226
2142,736774.9409691931,9.710917655537727,9.874840834464502,9.849758681842225,9.869596094461226
2149,736775.231653162,10.055832433228494,10.068645577996234,9.80489084481029,9.56973860996364
2194,736776.9171069425,10.089799163031477,10.089799163031477,9.933795588712666,9.619002865895185
2213,736777.9383165571,10.068645577996234,10.091600757881485,9.740322057096071,9.79141018050186
2214,736777.9569947177,10.068645577996234,10.091600757881485,9.740322057096071,9.79141018050186
2226,736778.9083191054,10.068645577996234,10.068645577996234,9.432563560109003,9.830432887514641
2264,736779.9622654979,10.068645577996234,10.068645577996234,9.432563560109003,9.830432887514641
2276,736780.4052408708,10.068645577996234,10.095368068597658,9.284847562981717,9.778681065729389
2279,736780.4851198059,9.908745351960448,9.951630226816285,9.229137344461213,9.678998678411698
2293,736781.1394401732,10.080762349152552,10.092813359174095,9.840417319557993,9.539235329995247
2308,736781.5629076044,9.963663397714305,10.095111498290713,9.623242303072365,9.687766630927653
2359,736784.1416613744,9.963663397714305,10.095111498290713,9.623242303072365,9.687766630927653
2386,736785.2635115742,9.963663397714305,10.095111498290713,9.623242303072365,9.687766630927653
2387,736785.2650416065,9.963663397714305,10.095111498290713,9.623242303072365,9.687766630927653
2389,736785.2723883479,9.963663397714305,10.095111498290713,9.623242303072365,9.687766630927653
2397,736785.660641164,9.963663397714305,10.095111498290713,9.623242303072365,9.687766630927653
2399,736785.784680458,9.963663397714305,10.095111498290713,9.623242303072365,9.687766630927653
2401,736785.8778224883,9.963663397714305,10.095111498290713,9.623242303072365,9.687766630927653
2491,736789.758888465,9.963663397714305,10.095111498290713,9.623242303072365,9.687766630927653
2494,736789.8308053411,9.904412386775482,9.904412386775482,9.970732975794084,9.953676874793244
2496,736789.9108525867,9.904412386775482,9.904412386775482,9.970732975794084,9.953676874793244
2516,736790.4572197654,9.95200268543776,9.929080380127111,9.887550373596987,10.114610998277808
2525,736790.880593327,9.95200268543776,9.929080380127111,9.887550373596987,10.114610998277808
2653,736795.7634432189,9.823909199096843,9.904412386775482,10.055832433228492,9.837292115587196
2772,736796.8591857594,9.823909199096843,9.904412386775482,10.055832433228492,9.837292115587196
2814,736797.418011555,9.823909199096843,9.904412386775482,10.055832433228492,9.837292115587196
2883,736799.1707974476,9.823909199096843,9.904412386775482,10.055832433228492,9.837292115587196
2904,736799.7362738324,9.823909199096843,9.904412386775482,10.055832433228492,9.837292115587196
2906,736799.744627032,9.823909199096843,9.904412386775482,10.055832433228492,9.837292115587196
2907,736799.7453510765,9.823909199096843,9.904412386775482,10.055832433228492,9.837292115587196
2908,736799.7459379926,9.823909199096843,9.904412386775482,10.055832433228492,9.837292115587196
2910,736799.7481007886,9.823909199096843,9.904412386775482,10.055832433228492,9.837292115587196
2912,736799.7530436021,9.823909199096843,9.904412386775482,10.055832433228492,9.837292115587196
2913,736799.7535368212,9.823909199096843,9.904412386775482,10.055832433228492,9.837292115587196
2947,736801.0700048455,9.809859480383613,9.831020452804907,10.057707487481448,9.831293904810169
2949,736801.1511413852,9.809859480383613,9.831020452804907,10.057707487481448,9.831293904810169
2989,736802.4299311154,9.712808877265186,9.712808877265186,9.712808877265186,9.992262964221615
3005,736803.1751668935,9.627914531290951,9.627914531290951,9.627914531290951,9.840136974792673
3006,736803.2659663088,9.627914531290951,9.627914531290951,9.627914531290951,9.840136974792673
3076,736806.2496210369,9.627914531290951,9.627914531290951,9.627914531290951,9.840136974792673
3612,736811.1238992646,9.627914531290951,9.627914531290951,9.627914531290951,9.840136974792673
3659,736811.5777758555,9.627914531290951,9.627914531290951,9.627914531290951,9.840136974792673
3769,736813.0912988893,9.627914531290951,9.627914531290951,9.627914531290951,9.840136974792673
3778,736813.2157514676,9.627914531290951,9.627914531290951,9.627914531290951,9.840136974792673
4025,736817.8818554026,9.788148033647406,9.788148033647406,9.710900323919919,9.710900323919919
4082,736819.3272730346,9.952934684914162,9.952934684914162,9.913773161909795,9.949505484872002
4092,736819.6126469916,9.952934684914162,9.952934684914162,9.913773161909795,9.949505484872002
4095,736819.6312271084,9.952934684914162,9.952934684914162,9.913773161909795,9.949505484872002
4101,736819.881221302,9.952014385739588,9.952014385739588,9.952014385739588,9.8992541417587
4133,736820.7617043257,9.952014385739588,9.952014385739588,9.952014385739588,9.882183919628451
4157,736821.8925490396,9.933482757526258,9.952014385739588,9.789867391932843,9.634596469181245
4186,736822.5470007921,9.933482757526258,9.952014385739588,9.789867391932843,9.634596469181245
4195,736822.8369438696,9.933482757526258,9.952014385739588,9.789867391932843,9.634596469181245
4200,736822.9436173924,9.933482757526258,9.952014385739588,9.789867391932843,9.634596469181245
4318,736825.3397470207,9.933482757526258,9.933482757526258,9.933482757526258,9.882183919628451
4348,736825.8515769177,9.93116853003957,9.790846028786019,9.621442441993835,9.713928998855922
4350,736825.8671120126,9.93116853003957,9.790846028786019,9.621442441993835,9.713928998855922
4354,736825.9538504663,9.93116853003957,9.790846028786019,9.621442441993835,9.713928998855922
4363,736826.1139435326,9.804030495556452,9.804030495556452,9.804030495556452,9.729508296204193
4369,736826.2454962061,9.982953363472248,9.982953363472248,9.982953363472248,9.982953363472248
4395,736826.8362321479,9.933482757526258,9.92919156018071,9.933482757526258,9.814796185074046
4544,736830.0313164161,9.93116853003957,9.826275377621911,9.61460467430545,9.72490320524925
4576,736830.8081785135,9.804030495556452,9.786299106088093,9.804030495556452,9.729508296204193
4860,736838.8269817987,9.804030495556452,9.786299106088093,9.804030495556452,9.729508296204193
4894,736839.9850027009,9.804030495556452,9.786299106088093,9.804030495556452,9.729508296204193
4898,736840.0964485278,9.935803339502186,9.924959139317155,9.935803339502186,9.798049840282493
4941,736841.7220836063,9.935803339502186,9.924959139317155,9.935803339502186,9.798049840282493
5011,736843.7144555199,9.935803339502186,9.924959139317155,9.935803339502186,9.798049840282493
5094,736845.8023805865,9.932250547826053,9.932250547826053,9.935803339502186,9.852803148564005
5115,736846.3914312493,9.940264759048771,9.897909218273217,9.806027589312006,9.8095922610327
5152,736847.2028023215,9.926740116645458,9.823736423951296,9.937776554712771,9.985922833211713
5200,736848.430508306,9.926740116645458,9.823736423951296,9.937776554712771,9.985922833211713
5237,736849.8240146696,9.926740116645458,9.823736423951296,9.937776554712771,9.985922833211713
5238,736849.8248445435,9.826609375570913,9.826609375570913,9.92919156018071,9.91488365575357
5239,736849.8636655475,9.826609375570913,9.826609375570913,9.92919156018071,9.91488365575357
5241,736849.897304794,9.826609375570913,9.826609375570913,9.92919156018071,9.91488365575357
5242,736849.9006765365,9.821134518440447,9.821134518440447,9.91488365575357,9.91488365575357
5243,736849.9018800388,9.821134518440447,9.821134518440447,9.91488365575357,9.91488365575357
5276,736850.5949023024,9.853333742497526,9.853333742497526,9.853333742497526,9.980100677240387
5281,736850.7381469153,9.958441647019855,9.958441647019855,9.958441647019855,9.958441647019855
5296,736851.8552522883,9.969604182099177,9.969604182099177,9.973971568304664,9.968756396320261
5295,736851.8552581115,9.917691355290994,9.900369646726913,10.035038754755641,9.969233145139967
5304,736852.0141781771,9.917691355290994,9.900369646726913,10.035038754755641,9.969233145139967
5309,736852.334773336,9.918041069449762,9.842571794071034,10.03527000572926,10.024720705523071
5310,736852.3617588381,9.918041069449762,9.842571794071034,10.03527000572926,10.024720705523071
5335,736853.1133746039,9.918041069449762,9.842571794071034,10.03527000572926,10.024720705523071
5353,736853.5624709704,9.918041069449762,9.842571794071034,10.03527000572926,10.024720705523071
5361,736853.716687638,9.918041069449762,9.842571794071034,10.03527000572926,10.024720705523071
5362,736853.7259084295,9.918041069449762,9.842571794071034,10.03527000572926,10.024720705523071
5365,736853.8683231621,9.918041069449762,9.842571794071034,10.03527000572926,10.024720705523071
5377,736854.4117472345,9.918041069449762,9.842571794071034,10.03527000572926,10.024720705523071
5383,736854.7679201605,9.918041069449762,9.691475227264725,9.969129443366585,9.802032710600715
5391,736855.2525330675,9.823736423951296,9.817583173355244,9.86013935648192,9.70693973931114
5427,736856.499051587,9.910032697252506,9.979741959380195,9.910032697252506,10.003810300075667
5478,736858.5766326222,9.910032697252506,9.979741959380195,9.910032697252506,10.003810300075667
5486,736859.0125266548,9.956648097356034,9.700317445945233,9.979902332322984,9.664989711205216
5538,736860.7974789707,9.956648097356034,9.700317445945233,9.979902332322984,9.664989711205216
5549,736861.2344277094,9.956648097356034,9.700317445945233,9.979902332322984,9.664989711205216
5646,736864.5068876889,10.007895492023888,9.951236634404447,10.007895492023888,9.951236634404447
5694,736865.5748503775,10.140605789278224,10.10074483026184,9.98877070985291,9.930107867892472
5823,736868.9608702582,10.140605789278224,10.10074483026184,9.98877070985291,9.930107867892472
5913,736871.5227477485,10.140605789278224,10.140605789278224,9.769815180794154,9.783123905962302
5943,736872.671296879,10.15424626098987,10.112046610563882,9.925796436483845,9.835617018169225
5993,736875.0151571633,10.140605789278224,10.140605789278224,9.769815180794154,9.86284942873896
6049,736878.1171477019,10.0017668823133,10.0017668823133,10.0017668823133,9.820563513085347
6080,736878.6587907488,10.21252662612755,10.116187592496956,9.94516879835143,9.984924468221484
6102,736879.6388932064,10.21252662612755,10.116187592496956,9.94516879835143,9.984924468221484
6116,736880.117940676,10.21252662612755,10.116187592496956,9.94516879835143,9.984924468221484
6231,736883.9565180864,10.21252662612755,10.116187592496956,9.94516879835143,9.984924468221484
6303,736886.905389403,10.096461085858689,10.096461085858689,10.09911871729958,9.959276859038033
6382,736891.66116843,10.15875964436434,10.15875964436434,10.15875964436434,10.096461085858689
6383,736891.6632616991,10.15875964436434,10.15875964436434,10.15875964436434,10.024794687833328
6386,736891.8730438292,10.15875964436434,10.15875964436434,10.15875964436434,10.024794687833328
6448,736893.6306074971,10.157373161271337,10.157373161271337,10.079665983216064,10.096461085858689
6458,736894.001773209,10.02569393268065,10.155729877322084,10.096461085858689,9.827635542815797
6459,736894.0080167146,10.02569393268065,10.155729877322084,10.096461085858689,9.827635542815797
6527,736895.7590074835,10.043299477583702,10.043299477583702,10.130765967290621,10.130765967290621
6530,736895.9126100499,10.18253541975442,10.059419732396039,10.11527960526736,10.044479307398166
6546,736896.5207283454,10.155729877322084,10.028659459278405,10.155729877322084,9.995461045308126
6547,736896.5220888157,10.029121005481958,10.01859498008738,10.029121005481958,9.899894672574904
6574,736897.5384653956,10.029121005481958,10.01859498008738,10.029121005481958,9.899894672574904
6577,736897.7356935954,9.984692092236699,10.048047646576295,10.117655520173093,9.933546549605644
6708,736904.6500548259,10.024453108509269,10.008458605655894,10.006123409984433,9.853745785279875
6719,736905.3502435408,10.024453108509269,10.008458605655894,10.006123409984433,9.853745785279875
6765,736907.3879280741,10.023340094623546,10.01272578919234,10.023340094623546,10.179667595179085
6773,736907.9444805181,10.023340094623546,10.01272578919234,10.023340094623546,10.179667595179085
6787,736908.8652175264,10.023340094623546,10.01272578919234,10.023340094623546,10.179667595179085
6799,736909.5300821769,10.041883318038458,9.950181837121379,10.179667595179085,9.930138761162207
6801,736909.9576731521,10.041883318038458,9.950181837121379,10.179667595179085,9.930138761162207
6802,736909.9645505417,10.041883318038458,9.950181837121379,10.179667595179085,9.930138761162207
6818,736910.702349969,9.775094944997196,9.975038443152126,10.02569393268065,9.975038443152126
6840,736913.0804206206,9.775094944997196,9.975038443152126,10.02569393268065,9.975038443152126
6850,736913.3751927494,10.052342145343864,9.904533670227764,10.052342145343864,10.140713451240307
6854,736913.508277298,9.922436360356327,9.918073495250749,9.922436360356327,9.918073495250749
6857,736913.5558628433,9.966054270473244,9.966054270473244,10.046959626617877,10.031237656823759
6945,736919.0117913424,9.966054270473244,9.966054270473244,10.046959626617877,10.031237656823759
7014,736921.8390458352,9.7608639114202,9.7608639114202,10.020073625989157,9.938690252075233
7019,736922.0236717669,9.7608639114202,9.7608639114202,10.020073625989157,9.938690252075233
7025,736922.2350012854,9.7608639114202,9.7608639114202,10.020073625989157,9.938690252075233
7041,736922.593787368,9.932353090149835,9.786188280285964,9.932353090149835,10.015254463215852
7069,736923.3568015319,9.917053391847492,9.912332744862917,9.908599376003881,10.058097202491043
7078,736923.5928814624,9.753538624977528,9.778977349990605,9.936723760700751,9.778977349990605
7091,736924.1228159587,9.967567294383867,9.925929480044166,9.967567294383867,10.101959098233843
7199,736925.9070853634,9.967567294383867,9.925929480044166,9.967567294383867,10.101959098233843
7409,736928.1421171317,9.967567294383867,9.925929480044166,9.967567294383867,10.101959098233843
7411,736928.1613015026,9.914619340937133,9.902191261803363,9.786955392560886,9.769479269440502
7412,736928.2056343456,9.914619340937133,9.902191261803363,9.786955392560886,9.769479269440502
7423,736928.7891528399,9.95686023738208,9.95686023738208,9.805003987141987,9.900599460548536
7480,736930.1713705354,9.926124617268545,9.926124617268545,9.926124617268545,9.818155485579275
7504,736930.8717007448,9.926124617268545,9.926124617268545,9.926124617268545,9.818155485579275
7547,736932.1115346509,9.926124617268545,9.926124617268545,9.926124617268545,9.818155485579275
7558,736932.66021259,9.9316045388837,9.926124617268545,9.975038443152126,9.723427017192328
7562,736932.7444309421,9.9338341891977,9.929110759349683,9.9338341891977,9.446384750770624
7575,736932.8603806335,9.960156405712178,10.01645644779609,9.84223211961953,10.003903273498668
7578,736932.9522906431,9.958965020682067,9.974337876838462,9.82360427754308,9.888116022511866
7605,736934.0608856382,9.958965020682067,9.974337876838462,9.82360427754308,9.888116022511866
7668,736936.1428895305,10.106361340682827,10.014980638754949,10.106361340682827,10.022681597912717
7690,736936.4364977571,9.957228394546021,10.016777414988596,9.828161680373965,9.93481674871019
7693,736936.5706995276,9.957228394546021,10.016777414988596,9.828161680373965,9.93481674871019
7762,736938.5437245552,9.994458690836227,10.03370858683619,9.893062978577536,9.949008262359541
7809,736941.0349220616,9.936934415857143,9.936934415857143,9.932244766377313,9.932244766377313
7858,736942.1477656581,9.936934415857143,9.936934415857143,9.932244766377313,9.932244766377313
7877,736942.5847229777,9.936934415857143,9.936934415857143,9.932244766377313,9.932244766377313
7885,736943.0208834152,10.212302307862855,10.027457878086484,10.212302307862855,10.027457878086484
7937,736944.6632398121,10.10662230777953,10.10662230777953,9.903056931992143,10.079494906255011
7942,736944.9064994955,10.10662230777953,10.10662230777953,9.903056931992143,10.079494906255011
7945,736945.12201516,9.994458690836227,9.996525394687048,9.986747136738252,9.956766420246213
8017,736948.3029130786,9.994458690836227,9.996525394687048,9.986747136738252,9.956766420246213
8052,736950.0047377901,10.135973373156805,10.135973373156805,9.973183862082262,10.057988727852859
8054,736950.0109775739,10.106330740962473,10.10606959855205,9.994458690836227,10.017128343915473
8081,736950.5148803302,10.20494836104018,10.1547921435209,9.99527730200613,10.111822275676108
8126,736952.2959784113,10.172466802441079,10.174748057017085,10.172466802441079,10.041842041070314
8145,736952.8462833177,10.064871258762762,10.026874881482772,10.06222782192981,10.17320547905423
8182,736954.3404016211,10.135973373156805,10.211087061373696,10.094806969661743,10.061819211658914
8196,736954.6959207894,10.133376156955464,10.065564053351125,10.116839986503054,9.98390923507144
8221,736955.9453817296,10.126299418687143,10.126299418687143,10.134286559140094,9.93346279478589
8244,736956.8104740977,10.045829923868121,10.085505444017238,10.007939206648537,9.893252975537948
8258,736957.2961945086,10.161683848112975,10.174663401732733,10.010973808637372,10.077076741019109
8341,736960.6342143664,10.215095365133966,10.235279604399693,9.945498596732586,10.14426911872001
8348,736960.9238714436,10.215095365133966,10.235279604399693,9.945498596732586,10.14426911872001
8350,736960.9791398305,10.215095365133966,10.235279604399693,9.945498596732586,10.14426911872001
8426,736962.5898665525,10.188918633485379,10.147015318638394,10.188918633485379,10.147015318638394
8548,736966.2657435605,10.188918633485379,10.147015318638394,10.188918633485379,10.147015318638394
8571,736967.0172678061,10.188918633485379,10.147015318638394,10.188918633485379,10.147015318638394
8589,736967.751925373,10.188918633485379,10.147015318638394,10.188918633485379,10.147015318638394
8740,736970.0065470936,10.188918633485379,10.147015318638394,10.188918633485379,10.147015318638394
8754,736970.1105939114,10.292627853323589,10.292627853323589,10.133376156955464,10.026067204424832
8788,736970.41421259,10.292627853323589,10.292627853323589,10.133376156955464,10.026067204424832
8789,736970.4226458335,10.27330425715492,10.27330425715492,10.121231714074806,10.081287931295515
8836,736971.2066139679,10.221301880429372,10.134400972350605,10.133376156955464,10.109547635227106
8875,736971.8932685002,10.221301880429372,10.134400972350605,10.133376156955464,10.109547635227106
8899,736972.412382014,10.221301880429372,10.134400972350605,10.133376156955464,10.109547635227106
8911,736972.6370488394,10.271266274143366,10.271266274143366,10.271266274143366,10.173715763540924
8912,736972.6375302022,10.27854259412314,10.27854259412314,10.27854259412314,10.178686418344114
8925,736973.1253394019,10.192035149076915,10.192035149076915,10.113878298474534,10.113878298474534
8933,736973.4635538998,10.192035149076915,10.192035149076915,10.113878298474534,10.113878298474534
8934,736973.4695479622,10.192035149076915,10.192035149076915,10.113878298474534,10.113878298474534
8955,736973.9910661146,10.27330425715492,10.25659938066978,10.120119892399028,10.135166151524627
8964,736974.2839578395,10.216152362421692,10.215275915443938,10.101671368901913,10.076403795086874
8987,736974.8862689319,10.216152362421692,10.215275915443938,10.101671368901913,10.076403795086874
9046,736976.1574088108,10.214656455296597,10.214656455296597,10.214656455296597,10.091174853401704
9168,736978.7663721207,10.227955767414986,10.23042383930308,10.227955767414986,10.18179782909746
9182,736979.658156459,10.216152362421692,10.187844267201449,10.14858763520653,10.218670961551393
9187,736979.86484603,10.227955767414986,10.152175620160708,10.127894138540414,10.005387724290836
9193,736980.1012685031,10.123904516931297,10.152175620160708,10.127894138540414,9.98825155512549
9242,736981.6835195122,10.123904516931297,10.152175620160708,10.127894138540414,9.98825155512549
9294,736982.8489845303,10.123904516931297,10.152175620160708,10.127894138540414,9.98825155512549
9303,736982.9957563272,10.224223160850057,10.224092088963916,10.224223160850057,10.211724887988844
9363,736984.8673198418,10.224223160850057,10.224092088963916,10.224223160850057,10.211724887988844
9392,736986.3837680295,10.224223160850057,10.224092088963916,10.224223160850057,10.211724887988844
9400,736986.4979899334,10.103653204607935,10.022758232458578,10.191466645829252,9.992726890764974
9405,736986.5879244673,10.068447104061324,10.138342412758051,10.11849044425024,10.043329076877814
9451,736987.8185696682,10.01010327286252,10.01010327286252,10.11849044425024,10.021147475678273
9482,736988.8842450465,10.01010327286252,10.01010327286252,10.11849044425024,10.021147475678273
9483,736988.8868029857,10.083763704976311,9.949224108474246,10.070949759730937,9.72545787440497
9484,736988.8916162625,10.083763704976311,9.949224108474246,10.070949759730937,9.72545787440497
9485,736988.8980814584,10.083763704976311,9.949224108474246,10.070949759730937,9.72545787440497
9521,736990.1341952087,10.12755295395276,10.10559012657159,10.12755295395276,9.841397869675088
9534,736990.4720965339,10.062470913315991,10.037017495471419,10.153226304883024,9.837781368496383
9542,736990.8059022693,10.071265161211127,10.046438377764304,10.071265161211127,9.876483161644083
9569,736992.2790432805,10.071265161211127,10.046438377764304,10.071265161211127,9.876483161644083
9582,736993.1594325472,10.140457752107947,10.050556274757637,10.218238602673173,10.223464041778099
9591,736993.8129410145,10.056072191489925,10.04334358823287,10.210752201423064,10.150152861974489
9602,736994.3482343022,10.210678143925511,10.155793524366041,10.217054609224004,9.912901222617748
9633,736995.515507049,9.85136668187592,9.972862465648252,10.017874876150229,9.976410211724849
9637,736995.6021467294,9.85136668187592,9.972862465648252,10.017874876150229,9.976410211724849
9642,736995.8744426988,9.737832355858796,9.976994581959337,10.215275915443938,9.644680084012755
9646,736996.0293799578,9.737832355858796,9.976994581959337,10.215275915443938,9.644680084012755
9668,736996.5215816841,9.918543728451464,9.975210920800166,10.079570475799612,9.688372475374216
9700,736997.2158498481,9.918543728451464,9.975210920800166,10.079570475799612,9.688372475374216
9794,736999.9104303173,9.918543728451464,9.975210920800166,10.079570475799612,9.688372475374216
9897,737002.9905232812,9.918543728451464,9.975210920800166,10.079570475799612,9.688372475374216
9899,737002.99896987,9.918543728451464,9.975210920800166,10.079570475799612,9.688372475374216
9907,737003.0986855294,9.918543728451464,9.975210920800166,10.079570475799612,9.688372475374216
10034,737007.2574225854,9.918543728451464,9.975210920800166,10.079570475799612,9.688372475374216
10051,737007.7492307681,9.918543728451464,9.975210920800166,10.079570475799612,9.688372475374216
10053,737007.8082436123,9.918543728451464,9.975210920800166,10.079570475799612,9.688372475374216
10081,737008.5826254747,9.918543728451464,9.975210920800166,10.079570475799612,9.688372475374216
10100,737009.3396402573,9.918543728451464,9.975210920800166,10.079570475799612,9.688372475374216
10110,737009.5695132432,9.918543728451464,9.975210920800166,10.079570475799612,9.688372475374216
10167,737012.0585946633,9.824540853234316,9.824540853234316,9.856719207399818,9.856719207399816
10177,737012.4424060729,9.791617621956823,9.791617621956823,9.909921809781263,9.974833168170846
10186,737013.0466165999,9.903198076393238,9.916539028435048,9.903198076393238,9.905614092892586
10187,737013.2112979315,9.769050091543733,9.769050091543733,9.909466195661055,9.824695085254078
10189,737013.336869225,9.744529045064288,9.744529045064288,9.909466195661055,9.71701366901565
10191,737013.3726677924,9.744529045064288,9.744529045064288,9.895112301059424,9.71701366901565
10193,737013.3928906093,9.744529045064288,9.744529045064288,9.89121810962271,9.71701366901565
10194,737013.4036319586,9.744529045064288,9.744529045064288,9.89121810962271,9.71701366901565
10195,737013.4087289849,9.73455484817464,9.73455484817464,9.760213687465603,9.67950101501845
10198,737013.5521895352,9.735451102124681,9.735451102124681,9.630365254565014,9.545137826039548
10199,737013.598983059,9.735451102124681,9.735451102124681,9.630365254565014,9.505495654675142
10200,737013.604165442,9.73713880178959,9.831267192024741,9.927500676490169,9.77735104970618
10202,737013.6755874564,9.73713880178959,9.831267192024741,9.927500676490169,9.77735104970618
10209,737013.8631689118,9.73713880178959,9.831267192024741,9.927500676490169,9.77735104970618
10229,737014.540670835,9.73713880178959,9.831267192024741,9.927500676490169,9.77735104970618
10231,737014.6704916754,9.735205423525144,9.634163652918222,9.972862465648252,9.652409271846405
10236,737014.8486763018,9.735205423525144,9.634163652918222,9.972862465648252,9.652409271846405
10237,737015.099724363,9.748245093036006,9.499166861079843,9.748245093036006,9.793056771783776
10240,737015.2866873223,9.748245093036006,9.499166861079843,9.748245093036006,9.793056771783776
10268,737016.1694962257,9.748245093036006,9.499166861079843,9.748245093036006,9.793056771783776
10273,737016.3254574301,9.748245093036006,9.499166861079843,9.748245093036006,9.793056771783776
10279,737016.7939281112,9.72129114507205,9.49537459780671,9.57011088797309,9.606521748915814
10281,737016.8036304523,9.61205972330215,9.380551135858044,9.61205972330215,9.639494676322546
10283,737016.8501242572,9.61205972330215,9.380551135858044,9.61205972330215,9.639494676322546
10286,737016.8744384139,9.618502333081492,9.375214555555608,9.842240081327649,9.707016238044487
10290,737017.0064843345,9.618502333081492,9.375214555555608,9.842240081327649,9.707016238044487
10350,737018.9101604215,9.618502333081492,9.375214555555608,9.842240081327649,9.707016238044487
10352,737018.9598718497,9.618502333081492,9.375214555555608,9.842240081327649,9.707016238044487
10359,737019.3608348075,9.618502333081492,9.375214555555608,9.842240081327649,9.707016238044487
10361,737019.374054987,9.387995970326509,9.380395736444562,9.658987753000526,9.505950254091678
10362,737019.3740752462,9.632778890756105,9.398866098737548,9.823271162766867,9.278093977574729
10411,737021.6351444984,9.701823914515792,9.42362857089029,9.729432086178337,9.31204504101906
10419,737021.8848963602,9.977917769443751,9.210725244876398,9.816257821193265,9.167014587517832
10429,737022.2452856216,9.35819691458659,9.196084323014185,9.132192007170822,9.152846800139923
10442,737022.5836810328,9.35819691458659,9.196084323014185,9.132192007170822,9.152846800139923
10444,737022.7982352487,9.35819691458659,9.196084323014185,9.132192007170822,9.152846800139923
10454,737023.0751646596,9.35819691458659,9.196084323014185,9.132192007170822,9.152846800139923
10455,737023.0768821572,9.384269555233725,9.915067108042628,9.384269555233725,9.877523377957358
10468,737023.3128345032,9.233757516903006,9.90938135336576,9.233757516903006,9.838149002027212
10489,737023.9966650619,9.639690605868307,9.231318778193542,9.832181574454546,8.950514327827516
10537,737025.5743528062,9.599778703462555,9.28666303046142,9.645782396385645,9.237307660542871
10538,737025.5745863956,9.419682108712525,9.286157573100667,9.645782396385645,9.185743894527507
10540,737025.5807741227,9.441684785968533,9.317238065195038,9.645782396385645,9.171426423473381
10545,737025.7485460052,9.441684785968533,9.317238065195038,9.645782396385645,9.171426423473381
10555,737026.1813304638,9.441684785968533,9.317238065195038,9.645782396385645,9.171426423473381
10571,737026.5009438122,9.509015687807842,9.160038789013283,9.509015687807842,9.160038789013283
10583,737027.676640852,9.487043049690108,9.267261807299425,9.487043049690108,9.244924848221968
10611,737028.7356660904,9.516515070543347,9.584719208702861,9.516515070543347,9.613060359877231
10619,737029.04546809,9.516515070543347,9.584719208702861,9.516515070543347,9.613060359877231
10630,737029.380725664,9.739684664110456,9.611703182418271,9.739684664110456,9.582837335428197
10659,737030.7245258312,9.79697043150603,9.695421751769661,9.79697043150603,9.644469724447378
10708,737032.1504009309,9.56840405382029,9.752973751398505,9.876928440526166,9.446171281087102
10729,737033.0826209727,8.981704709937341,9.758540087215152,9.218995771825826,9.748735572691592
10738,737033.5133427794,8.86152953110911,9.460994603765844,9.05093356177573,9.42992716776818
10863,737038.8691925076,9.412538298364593,9.396206198091743,9.487043049690108,9.37683004462933
10868,737038.9097580386,9.405864361991739,9.342934356060972,9.375114991984601,9.37683004462933
10915,737041.0470211221,9.345915103479278,9.296116046371411,8.823811024026345,9.113734331280458
10920,737041.1626397858,9.345915103479278,9.296116046371411,8.823811024026345,9.113734331280458
10956,737042.3755778236,9.959274201250704,9.938836181438162,9.95930965776489,9.344881581542875
10972,737042.661539347,9.297200171904311,9.638403496107543,8.888724967231393,9.517944961120861
10975,737042.6833246434,9.87701877014443,9.748833064435441,8.888724967231393,9.517944961120861
10987,737043.0822944856,9.950952378653014,9.955316974053146,9.950952378653014,9.463373121123029
11011,737043.6851373033,9.803802682445175,9.732279156429415,8.888724967231393,9.517944961120861
11039,737045.2427202716,9.793957904448598,9.724221346707518,8.928185325406181,9.638699480782
11043,737045.3930157186,9.948294445521574,9.959770495439901,9.948294445521574,9.922554715173675
11080,737047.0702859609,9.855456392711199,9.857812005249013,8.910833361166263,9.984398159796816
11130,737049.4271337667,9.944356214703134,9.857812005249013,9.821210730519699,10.031345142388512
11257,737053.9328059879,9.944356214703134,9.857812005249013,9.821210730519699,10.031345142388512
11278,737055.8145552992,9.942187494487378,9.857812005249013,9.914606486258835,9.703966281395534
11386,737060.8420721802,9.944356214703134,9.944356214703134,9.586552660422452,9.606963900608191
11415,737062.4812681429,10.10981645733716,10.10981645733716,10.10981645733716,9.94059371031751
11467,737064.3996866569,10.126485914455484,10.126485914455484,9.82453551487658,9.966363330109864
11512,737066.110204479,9.923931601708865,9.995655811779674,9.882833784088932,9.703844572874218
11533,737066.9900138669,10.07556193603167,10.072223205556472,10.07556193603167,9.987783105390054
11547,737067.8848635445,10.151347671927477,10.019518080062644,10.151347671927477,10.017694733982962
11559,737068.4284108958,10.154273492471301,10.072223205556472,10.00008078753969,9.83256868891591
11574,737068.927926039,10.154273492471301,10.072223205556472,10.00008078753969,9.83256868891591
11583,737069.1422843132,10.237226449768603,10.162248540407635,10.237226449768603,10.162248540407635
11585,737069.1515613213,10.237226449768603,10.162248540407635,10.237226449768603,10.162248540407635
11586,737069.1524319651,10.237226449768603,10.162248540407635,10.237226449768603,10.162248540407635
11588,737069.1869287118,10.154244108876899,10.020497206789656,10.023296251201337,10.023296251201337
11645,737071.8064075351,10.168350504045302,10.168350504045302,10.168350504045302,10.042974983653936
11646,737071.8295619658,10.297886433886008,10.230707972612926,10.018157925547406,9.954125840779348
11649,737072.0176094834,10.28825471492537,10.131179977936718,9.943006257191387,9.85141065815731
11720,737076.2346535197,10.16855199757121,10.130433372325324,10.16855199757121,9.932272378547125
11726,737076.578366551,10.28825471492537,10.119098969096138,9.914279281834691,9.963330436161833
11758,737080.6248455418,10.154273492471301,10.118637724100935,10.154273492471301,9.862305550587983
11779,737081.643145655,10.154273492471301,10.118637724100935,10.154273492471301,9.862305550587983
11791,737082.1696838668,10.154273492471301,10.118637724100935,10.154273492471301,9.862305550587983
11852,737084.6968175701,10.283556746577519,10.283556746577519,10.00828613613812,10.02751190584022
11875,737085.6381048317,10.223424837281062,10.222330584087352,10.171710997621007,9.938302227541202
11899,737086.9063808689,10.219520263231463,10.219260965220347,10.219520263231463,9.943184112054977
11946,737088.4237795466,10.268059378723702,10.108020040096044,10.267827507764876,10.105114958070642
11950,737088.4729315335,10.164044995659696,10.123308372580967,10.022921468022167,9.951470288344193
12059,737092.842651891,10.164044995659696,10.123308372580967,10.022921468022167,9.951470288344193
12068,737093.3948870326,10.062299129083478,10.108020040096044,10.031327692607823,10.086377311879632
12072,737093.6120011826,10.062299129083478,10.108020040096044,10.031327692607823,10.086377311879632
12077,737094.007759267,10.062299129083478,10.108020040096044,10.031327692607823,10.086377311879632
12099,737095.0481334833,10.062299129083478,10.108020040096044,10.031327692607823,10.086377311879632
12205,737096.1501640591,10.220425989027055,10.220425989027055,10.220425989027055,10.33042420585948
12362,737099.6905012432,10.220425989027055,10.220425989027055,10.220425989027055,10.33042420585948
12365,737099.7447056898,10.122232721166053,10.123308372580967,10.122232721166053,10.06628404535771
12557,737102.8772803501,10.10085754586961,10.063896380858765,10.062299129083478,10.111940619059828
12612,737104.7412440984,10.10085754586961,10.063896380858765,10.062299129083478,10.111940619059828
12653,737105.9869556539,9.988038606308786,10.039172649935065,10.062299129083478,10.030855140010658
12654,737106.0096334385,9.988038606308786,10.039172649935065,10.062299129083478,10.030855140010658
12666,737106.4494607385,9.988038606308786,10.039172649935065,10.062299129083478,10.030855140010658
12678,737106.9150657436,9.988038606308786,10.039172649935065,10.062299129083478,10.030855140010658
12748,737109.8520221935,10.025847851237932,10.026072961127339,10.170892135906865,10.113194480718606
12769,737110.5481733726,10.010256430468026,10.025847851237932,10.010256430468026,9.999636279213702
12775,737110.6386772041,10.010256430468026,10.025847851237932,10.010256430468026,9.999636279213702
12777,737110.6653494668,10.131011780109844,9.879451284449226,10.093574342957458,9.915325291813245
12787,737111.0010989362,9.987792887029293,9.870793279022301,10.005329061620412,9.90907597625133
12806,737111.3841362236,9.987792887029293,9.870793279022301,10.005329061620412,9.90907597625133
12841,737112.3086253428,9.987792887029293,9.870793279022301,10.005329061620412,9.90907597625133
12843,737112.3346285007,9.987792887029293,9.870793279022301,10.005329061620412,9.90907597625133
12876,737114.0189541681,10.006494320180709,9.886864625041113,10.013658543689393,9.720505032500075
12930,737116.0708827486,9.887864262903882,9.978429500990783,10.220739290788138,10.054302165322452
12931,737116.1391692058,9.82063157928957,9.886864625041113,9.771026173395228,9.720015916865684
12951,737117.1760580325,9.82063157928957,9.886864625041113,9.771026173395228,9.720015916865684
12977,737118.5173667378,9.873758361296183,9.871680829927838,9.873758361296183,9.797618514618783
12991,737119.3114870611,9.873758361296183,9.871680829927838,9.873758361296183,9.797618514618783
13002,737120.0736749992,9.898472181940607,9.852062402122568,9.886377373590792,9.749854433947554
13017,737121.0012234449,9.97853962244491,10.007900206153614,9.97853962244491,10.135617846683363
13019,737121.0302427025,9.97853962244491,10.007900206153614,9.97853962244491,10.135617846683363
13086,737123.5605611574,9.886864625041113,9.853999331399699,9.977812835556378,9.829049035863168
13091,737123.7223836624,9.886864625041113,9.853999331399699,9.977812835556378,9.829049035863168
13093,737123.9024709192,9.886864625041113,9.853999331399699,9.977812835556378,9.829049035863168
13117,737124.5761638337,9.886864625041113,9.853999331399699,9.977812835556378,9.829049035863168
13138,737126.0163896759,9.804850324849923,9.797926898124597,9.946462684453092,9.935417127349673
13151,737126.8417188735,9.804850324849923,9.797926898124597,9.946462684453092,9.935417127349673
13155,737127.1448373348,9.804850324849923,9.797926898124597,9.946462684453092,9.935417127349673
13170,737127.6460527994,9.804850324849923,9.797926898124597,9.946462684453092,9.935417127349673
13176,737127.9455216877,9.804850324849923,9.62407358674509,9.855980464672275,9.87448997733652
13191,737128.3591681457,9.804850324849923,9.62407358674509,9.855980464672275,9.87448997733652
13208,737129.0206504875,9.804850324849923,9.62407358674509,9.855980464672275,9.87448997733652
13273,737130.9547651415,9.804850324849923,9.62407358674509,9.855980464672275,9.87448997733652
13293,737131.6519219037,9.804850324849923,9.62407358674509,9.855980464672275,9.87448997733652
13298,737131.7899679844,9.804850324849923,9.62407358674509,9.855980464672275,9.87448997733652
13311,737132.3903927498,9.772216811559925,9.629042187163721,9.837116530737125,9.87448997733652
13359,737134.1288035524,9.778758634777285,9.85781598267046,9.863867760223805,9.844504454518141
13374,737135.0312758138,9.778758634777285,9.85781598267046,9.863867760223805,9.844504454518141
13375,737135.0424149503,9.778758634777285,9.85781598267046,9.863867760223805,9.844504454518141
13381,737135.8182821849,9.778758634777285,9.778758634777285,9.844504454518141,9.563999363646246
13382,737135.8239241614,9.697818579113939,9.697818579113939,9.844504454518141,9.537024522987236
13383,737135.9404857699,9.697818579113939,9.697818579113939,9.844504454518141,9.537024522987236
13724,737140.1378853859,9.703082733472204,9.676774427405459,9.919866948568059,9.663586124543597
13756,737140.4195284802,9.697818579113939,9.703082733472204,9.724981534868718,9.38728495430362
13889,737142.0877293217,9.697818579113939,9.703082733472204,9.724981534868718,9.38728495430362
13921,737142.78148374,9.697818579113939,9.703082733472204,9.724981534868718,9.38728495430362
13930,737142.9285171822,9.697818579113939,9.703082733472204,9.724981534868718,9.38728495430362
13931,737142.9326284009,9.697818579113939,9.703082733472204,9.724981534868718,9.38728495430362
13958,737143.1588953229,9.697818579113939,9.703082733472204,9.724981534868718,9.38728495430362
14073,737143.6956933147,9.768211615651708,9.685193526272577,9.768211615651708,9.481292897256479
14424,737145.1453761306,9.74100580985567,9.841062680892167,9.884066010611686,9.841062680892167
14490,737145.666399582,9.776214682125744,9.776214682125744,9.670480576586177,9.556475083760706
14518,737145.8818767689,9.776214682125744,9.776214682125744,9.670480576586177,9.556475083760706
14781,737147.3551557369,9.776214682125744,9.776214682125744,9.670480576586177,9.556475083760706
14849,737147.8648571887,9.776214682125744,9.776214682125744,9.670480576586177,9.556475083760706
14862,737147.9434278106,9.776214682125744,9.776214682125744,9.670480576586177,9.556475083760706
15098,737152.1446076875,9.776214682125744,9.776214682125744,9.670480576586177,9.556475083760706
15137,737152.7510403087,9.68091791334727,9.773272751242724,9.768211615651708,9.773272751242724
15145,737152.8600809233,9.68091791334727,9.773272751242724,9.768211615651708,9.773272751242724
15268,737154.0906463866,9.680802070744766,9.717008179706763,9.679802679244103,9.717008179706763
15355,737155.0484386616,9.680802070744766,9.717008179706763,9.679802679244103,9.717008179706763
15423,737155.9457251813,9.680802070744766,9.717008179706763,9.679802679244103,9.717008179706763
15467,737156.6080006982,9.789325123951324,9.865585041947897,9.789325123951324,9.865585041947897
15746,737158.7275947654,9.789325123951324,9.865585041947897,9.789325123951324,9.865585041947897
15762,737158.8382085591,9.8121208128299,9.8121208128299,9.8121208128299,9.772589652346726
15899,737160.3594766629,9.805283105313155,9.805283105313155,9.805283105313155,9.81361986310667
15905,737160.5097988232,9.885439573874773,9.811823597973182,9.885439573874773,10.024581016825696
16036,737162.5794326169,9.885439573874773,9.811823597973182,9.885439573874773,10.024581016825696
17094,737170.009686664,9.885439573874773,9.811823597973182,9.885439573874773,10.024581016825696
17249,737172.9367888352,9.885439573874773,9.811823597973182,9.885439573874773,10.024581016825696
17307,737173.7655115551,9.885439573874773,9.811823597973182,9.885439573874773,10.024581016825696
17388,737175.1575386111,9.807526161693742,9.807526161693742,9.807526161693742,9.807526161693742
17396,737175.2097801078,9.807526161693742,9.807526161693742,9.773272751242724,9.776990410544222
17397,737175.2110852409,9.807526161693742,9.807526161693742,9.64893027207953,9.557536987257066
17398,737175.2165064529,9.807526161693742,9.807526161693742,9.64893027207953,9.551841999078286
17399,737175.216880082,9.807526161693742,9.807526161693742,9.431932234924249,9.407733545396358
17400,737175.2304385175,9.807526161693742,9.807526161693742,9.431932234924249,9.407733545396358
17401,737175.2328769147,9.775545699108541,9.775545699108541,9.42431041766253,9.407733545396358
17404,737175.238793773,9.775545699108541,9.775545699108541,9.42431041766253,9.407733545396358
17420,737175.3761705796,9.77433544011991,9.77433544011991,9.773272751242724,9.407733545396358
17421,737175.3909392811,9.77433544011991,9.77433544011991,9.276771816538929,9.407733545396358
17459,737175.9300263404,9.77433544011991,9.77433544011991,9.276771816538929,9.407733545396358
17461,737175.940609483,9.77433544011991,9.77433544011991,9.276771816538929,9.407733545396358
17472,737176.0237675118,9.77433544011991,9.77433544011991,9.276771816538929,9.407733545396358
17565,737177.5176847088,9.77433544011991,9.772363863517928,9.241188945206428,9.407733545396358
17573,737177.688953699,9.77433544011991,9.772363863517928,9.241188945206428,9.407733545396358
17588,737177.8934535219,9.77433544011991,9.772363863517928,9.241188945206428,9.407733545396358
17656,737179.0015312603,9.77433544011991,9.772363863517928,9.241188945206428,9.407733545396358
17658,737179.0456053846,9.7906537517723,9.676634734651984,9.445725449247098,9.3955162368039
17728,737180.1910132861,9.7906537517723,9.676634734651984,9.445725449247098,9.3955162368039
17729,737180.1935250778,9.809070184207542,9.809070184207542,9.809070184207542,9.809070184207542
17859,737183.1442050732,9.858336194267144,9.744789427682784,9.858336194267144,9.71018691664816
17884,737183.9455011445,9.6766601252345,9.744847079505877,9.6766601252345,9.447391879413438
17902,737184.7164425226,9.772363863517928,9.748882301191323,9.772363863517928,9.748882301191323
17916,737185.055739237,9.772363863517928,9.748882301191323,9.772363863517928,9.748882301191323
17923,737185.1165619921,9.657481058650735,9.691651498876013,9.657481058650735,9.515069694840308
17939,737185.7523723571,9.850280943790196,9.691651498876015,9.850280943790196,9.691651498876015
17953,737186.3349227612,9.7906537517723,9.725884507724386,9.677490337534184,9.515069694840308
17967,737186.891989172,9.605014765755314,9.582090945876681,9.454051261723253,9.432630820365366
17998,737187.6823558592,9.921642561665621,9.921642561665621,9.921642561665621,9.921642561665621
18000,737187.7251871196,9.921642561665621,9.921642561665621,9.921642561665621,9.921642561665621
18016,737188.2043829915,9.809167938051203,9.863954889297913,9.809167938051203,9.863954889297913
18041,737188.7833001076,9.818876943794578,9.661436989670506,9.818876943794578,9.661436989670506
18045,737188.889556369,9.748601011417502,9.591819039838791,9.748601011417502,9.591819039838791
18064,737189.1767361187,9.748601011417502,9.591819039838791,9.748601011417502,9.591819039838791
18223,737194.139013977,9.748601011417502,9.591819039838791,9.748601011417502,9.591819039838791
18244,737194.8227019515,9.958929738534012,9.958929738534012,9.958929738534012,9.889588689817298
18264,737195.3002237993,9.687451887366755,9.558783111868577,9.531228074025488,9.603157548244372
18276,737195.732465798,9.860870210468324,9.901727907070306,9.860870210468324,9.901727907070306
18356,737199.3843391237,9.70119305237732,9.558783111868577,9.572075999237335,9.37814817688156
18400,737201.4751457477,10.060392141589903,10.060392141589903,10.060392141589903,10.060392141589903
18410,737201.6185687712,9.860457682547652,9.875576845578186,9.860457682547652,9.875576845578186
18415,737202.085085928,9.860457682547652,9.875576845578186,9.860457682547652,9.875576845578186
18459,737204.406205429,9.860457682547652,9.875576845578186,9.860457682547652,9.875576845578186
18561,737209.7370143707,10.087188736489864,10.006283669972175,9.753501223792476,9.88297677314235
18593,737210.9348829385,10.087188736489864,10.087188736489864,9.7554039961634,9.883423472968497
18605,737211.4086953445,10.087188736489864,10.087188736489864,9.7554039961634,9.883423472968497
18608,737211.4828582052,10.087188736489864,10.087188736489864,9.7554039961634,9.883423472968497
18621,737212.0968787005,10.087188736489864,10.087188736489864,9.7554039961634,9.883423472968497
18629,737212.3646358656,10.056748817307547,10.056748817307547,10.031094483931309,9.818179059347088
18646,737213.1095670288,9.990601119293999,9.990601119293999,9.706745185717214,9.481062419510064
18648,737213.1272911779,9.990601119293999,9.990601119293999,9.706745185717214,9.481062419510064
18660,737213.3931565451,10.03485591695084,10.002260323167567,9.763758875833684,9.96787442084845
18674,737213.8117560421,9.936331580431341,10.01370830981729,9.802142796218572,9.968799865262367
18675,737213.9239283315,9.936331580431341,10.01370830981729,9.802142796218572,9.968799865262367
18676,737213.9265554604,9.93429047206575,10.014651375168924,9.804425388067525,9.892421019592549
18679,737213.9687467549,9.93429047206575,10.014651375168924,9.804425388067525,9.892421019592549
18686,737214.1483255052,9.959552868460184,10.035748098421676,9.844388866795425,9.995806128336536
18708,737215.2440231324,9.959552868460184,10.035748098421676,9.809421668164575,9.992446632982576
18745,737216.7163221767,9.959552868460184,10.035748098421676,9.809421668164575,9.992446632982576
18752,737216.9999992034,9.959552868460184,10.035748098421676,9.809421668164575,9.992446632982576
18786,737218.7492526202,10.065905691376173,10.048395718319345,10.065905691376173,9.905604066009227
18802,737219.8606928729,9.985881704654842,10.003126439765696,10.046659829572715,9.963195229110578
18812,737220.6704952389,9.985585405254009,9.985585405254009,9.965553006281693,9.965553006281693
18843,737222.0881774208,10.05388511895006,10.003459164700935,10.05388511895006,9.984287398367103
18880,737224.1734979097,10.06407910396708,10.097446360982568,10.06407910396708,10.097446360982568
18897,737225.0253987748,10.06407910396708,10.097446360982568,10.06407910396708,10.097446360982568
18899,737225.273485286,9.985585405254009,10.003459164700935,9.965553006281693,9.98126129542779
18902,737225.6544008395,10.057216346736189,9.993507821326897,10.057216346736189,9.993507821326897
18925,737227.9170108408,10.057216346736189,9.993507821326897,10.057216346736189,9.993507821326897
18940,737229.1137493947,10.034531239925196,10.052346105352289,10.034531239925196,10.036853585749144
18952,737229.7179349802,10.034531239925196,10.052346105352289,10.034531239925196,10.036853585749144
19014,737232.8731136196,9.982193443369486,9.984439422200762,9.982193443369486,10.038243445291693
19015,737232.8759406888,9.982193443369486,9.984439422200762,9.982193443369486,10.029728438761971
19090,737236.5912402234,9.846207544373035,10.0188553401647,9.995868290733474,10.029302648574921
19092,737236.7239000692,10.036916664651262,9.849729914169124,10.036916664651262,10.006383493715612
19101,737237.3723385999,9.993403893582807,10.099018636207619,9.993403893582807,10.09067142365022
19116,737238.2761719415,9.926505829999444,9.961954776860559,10.011388312887583,10.089232859337073
19163,737241.0144258344,9.926505829999444,9.961954776860559,10.011388312887583,10.089232859337073
19182,737242.0235248478,9.926505829999444,9.961954776860559,10.011388312887583,10.089232859337073
19302,737247.3391978063,9.926505829999444,9.922782444107183,10.043927920842227,9.881594935833565
19342,737248.9966769518,9.921425977434701,9.839163833805715,10.004989675634217,9.873299079620308
19430,737253.9865604037,9.83900684035548,9.83900684035548,9.857613337657408,9.839101502725219
19531,737259.493059796,9.890951265771642,9.874742908025885,9.890951265771642,9.88712806750531
19571,737260.407289176,9.83900684035548,9.855005479321122,9.764949713078849,9.870735441900676
19574,737260.5713919401,9.907869159921905,9.907869159921905,9.907869159921905,9.970329495103215
19637,737263.1475255367,9.850180579697815,9.83900684035548,9.850180579697815,9.768573433276678
19723,737266.268576215,9.826341496857953,9.825499952998427,9.853848851153858,9.867035851618569
19750,737267.097229406,9.777883570004258,9.777883570004258,9.874675207951661,9.777883570004258
19768,737267.8923447023,9.885477871628325,9.885477871628325,9.885477871628325,9.885477871628325
19843,737272.1495565054,9.918209516428863,9.91440842406396,9.918209516428863,9.99198600683085
19873,737274.9594785781,9.873882598139767,9.896497847134688,9.873882598139767,9.917111405094493
19878,737275.302055375,9.705249437322424,9.79310342367162,9.850900469968092,9.79310342367162
19934,737279.7342866713,9.947483972435691,9.92993381850119,9.894214924304388,9.905019840441282
20013,737284.5516442715,9.938926542497898,9.938926542497898,9.938926542497898,9.809115432538825
20029,737285.9580250883,9.924085617639587,10.017705137171598,9.924085617639587,10.017705137171598
20072,737287.040691235,9.977653025179682,9.969675183291779,9.913462911539465,9.863821364741298
20152,737289.170501476,9.983531952893282,9.975662355044557,9.916767209465855,9.831826734978542
20170,737289.9456997153,9.983827997582635,9.933848498913681,9.983827997582635,10.040125806368728
20203,737291.38818864,9.968771997474178,9.968771997474178,9.968771997474178,9.866880103061801
20241,737293.3136975565,9.841261887631775,9.902109319754572,9.841261887631775,9.841414450354637
20302,737295.8577626543,9.841261887631775,9.902109319754572,9.841261887631775,9.841414450354637
20307,737296.0466736527,9.93638009925571,9.910539177737368,9.982095680097352,9.797457196068036
20313,737296.1620443759,9.986481420097093,9.824635178078239,9.986481420097093,9.821517944678607
20352,737297.1592750677,9.94702649865214,9.910539177737368,9.88549355397307,9.86658697107024
20392,737299.1694895659,10.04390110490554,10.04390110490554,9.937224382316225,9.942158433358932
20471,737303.168450628,9.96650316367926,9.96650316367926,9.822533074058812,9.86658697107024
20482,737303.811754334,10.070329887027343,10.070329887027343,10.070329887027343,9.978298742579291
20523,737305.6852811493,9.96650316367926,9.963049109638709,9.959054298899598,9.890758178682535
20529,737306.3796577603,10.017677488391357,10.00992907750735,10.017677488391357,9.909653405114978
20542,737307.0430835335,10.04348891842699,10.090550936412448,10.04348891842699,10.090550936412448
20611,737310.1490675475,10.04348891842699,10.090550936412448,10.04348891842699,10.090550936412448
20614,737310.4101989954,9.950793695143902,9.957566547326918,9.950793695143902,9.898987726411557
20616,737310.5202601544,9.985743725310419,9.953834482939266,9.824635178078239,9.740333668612566
20660,737313.7767871273,10.019147707760443,9.944250456467902,9.983025455063125,9.974062309293178
20667,737314.1089504156,9.967667361734016,9.964480318686409,10.008556205496095,9.99316099339858
20685,737314.9329499695,9.967667361734016,9.964480318686409,10.008556205496095,9.99316099339858
20687,737314.9474127552,9.921908623747646,9.918013093071872,10.040205705132413,10.016181820501302
20717,737316.6278935964,9.871695908760733,9.87939543859102,9.955587583985826,9.911803559357088
20720,737316.7878896577,9.930082387434796,9.837834856659896,9.926533471025593,9.708963971566046
20721,737316.9188519332,9.941054273355729,9.853487664326371,10.058267408673672,9.966771972527763
20751,737318.876437516,9.865947104386642,9.865947104386642,9.865947104386642,10.01110460186623
20811,737321.3921157506,9.819842578011993,9.819842578011993,9.906617493247994,9.703723271699737
20855,737323.0944487244,9.819842578011993,9.819842578011993,9.906617493247994,9.703723271699737
20874,737325.1433505899,9.819842578011993,9.819842578011993,9.906617493247994,9.703723271699737
20901,737326.6706743406,9.819842578011993,9.774637068519727,9.906278313005586,9.658897109606146
20947,737328.6804327728,9.79262989860771,9.774637068519727,9.92611245945555,9.617397619128464
20987,737330.4631476817,9.913966420663307,9.913966420663307,9.913966420663307,9.913966420663307
21006,737332.0126992192,9.811522063249726,9.703861232444355,9.769887087523914,9.564288409042026
21053,737333.7192538367,9.719700291668042,9.719700291668042,9.676661968480436,9.676661968480436
21071,737334.6211330097,9.906257059092555,9.906257059092555,9.906257059092555,9.887323945423176
21073,737334.6387499433,9.703861232444355,9.703861232444355,9.745986156587502,9.718943925509757
21083,737335.066056406,9.703861232444355,9.691219336933933,9.873754200987298,9.499016934734517
21091,737335.3783560963,9.720044207120267,9.691586552423852,9.677041696027526,9.499588441308788
21093,737335.4247369465,9.887069470146562,9.703861232444355,9.789523569315278,9.682311394252041
21108,737335.9032789867,9.915389975071916,9.915389975071916,9.915389975071916,9.935155879121059
21109,737335.9040886428,9.921806860002288,9.921806860002288,9.921806860002288,9.806063220585362
21162,737338.0538770999,9.674285543312353,9.617955369991009,9.666811061314846,9.661317363458613
21211,737340.9762379605,9.675899465129403,9.599306846211658,9.675899465129403,9.67349513563529
21266,737343.5081197914,9.601341221084432,9.157677146129771,9.632634518476818,9.372246605251267
21328,737346.8820564371,9.601341221084432,9.157677146129771,9.632634518476818,9.372246605251267
21342,737347.4674131724,9.648305186959664,9.630179145610914,9.6776055578229,9.598553009940616
21343,737347.4945388511,9.630179145610914,9.626907884968725,9.601341221084432,9.460041006630105
21370,737349.6525827919,9.63608188806292,9.55201391073606,9.63608188806292,9.567544877414926
21395,737350.7594354211,9.619541501651277,9.619541501651277,9.208619961589807,9.065637418128299
21412,737352.125027738,9.613468721864724,9.613468721864724,9.677905446464823,9.584177074215123
21416,737352.3358575216,9.75242004513812,9.58015132434118,9.617955369991009,9.065637418128299
21460,737355.467938636,9.69475378901237,9.569469251499022,9.63310375236643,9.360012537677878
21522,737360.0930035556,9.69475378901237,9.569469251499022,9.63310375236643,9.360012537677878
21525,737360.1760560671,9.470586999673548,9.470586999673548,9.955509949948375,9.955509949948375
21540,737360.7139453515,9.55895123417972,9.569469251499022,9.632226347946942,9.451002014930207
21564,737362.8044758133,9.55895123417972,9.569469251499022,9.632226347946942,9.451002014930207
21647,737366.7719573564,9.55895123417972,9.569469251499022,9.632226347946942,9.451002014930207
21711,737369.2351380317,9.541258585434708,9.474961069231735,9.650092183344036,9.403895542638821
21751,737370.6172157719,9.593563558949011,9.549976760540899,9.593563558949011,9.737795836918444
21800,737372.4943822838,9.595587443874418,9.516245564810845,9.367413347331235,9.500420473480975
21805,737372.6472185432,9.595587443874418,9.516245564810845,9.367413347331235,9.500420473480975
21808,737372.8356692186,9.595587443874418,9.516245564810845,9.367413347331235,9.500420473480975
21809,737372.8767866476,9.646071704781754,9.646071704781754,9.602622535834033,9.473492458234022
21827,737373.4642743127,9.611990295093692,9.471501425302332,9.64604927274339,9.567771583987561
21851,737374.6823007411,9.514458913622862,9.514458913622862,9.50116489701046,9.608413831537902
21857,737375.2339348608,9.514458913622862,9.514458913622862,9.50116489701046,9.608413831537902
21882,737376.5410203296,9.595587443874418,9.540168656428202,9.503879901167869,9.546314106275114
21921,737378.4554173789,9.665319878910317,9.566763630083775,9.643924296897671,9.572957848566187
22021,737385.0419739912,9.503006155932903,9.651617025712222,9.318000078239772,9.488109339004028
22023,737385.0709998744,9.503006155932903,9.651617025712222,9.318000078239772,9.488109339004028
22096,737392.7053789386,9.69020401495689,9.69020401495689,9.522038411713313,9.677275710422533
22097,737392.7066222137,9.69020401495689,9.69020401495689,9.522038411713313,9.677275710422533
22099,737392.959479093,9.7041993983421,9.7041993983421,9.542773007497438,9.691687038284167
22111,737394.7310105476,9.756335130840824,9.756335130840824,9.65557847411325,9.65557847411325
22150,737397.744891839,9.756335130840824,9.756335130840824,9.65557847411325,9.65557847411325
22162,737398.7979004729,9.7041993983421,9.7041993983421,9.592796994374492,9.691687038284167
22206,737401.5148459013,9.7041993983421,9.7041993983421,9.592796994374492,9.691687038284167
22220,737403.4604440226,9.714879661128297,9.714879661128297,9.678304729149431,9.702675566434586
22266,737407.0899637317,9.714879661128297,9.714879661128297,9.678304729149431,9.702675566434586
22274,737407.9388725585,9.81459650587158,9.81459650587158,9.81459650587158,9.81459650587158
22305,737410.1306204934,9.850767224463251,9.806096697044886,9.850767224463251,9.759916889550299
22321,737410.9358083443,9.860487483149546,9.83097530247873,9.860487483149546,9.83097530247873
22367,737413.0549299506,9.892032399360899,9.841711302071616,9.892032399360899,9.841711302071616
22443,737415.66406398,9.892032399360899,9.841711302071616,9.892032399360899,9.841711302071616
22479,737418.8080105062,9.834579831049588,9.834579831049588,9.756335130840824,9.807930966519454
22487,737419.8558654889,9.817201377939707,9.817201377939707,9.817201377939707,9.807723486967278
22696,737421.9734140788,9.817201377939707,9.817201377939707,9.817201377939707,9.807723486967278
22733,737423.4657748555,9.943252577505607,9.925087018833123,9.836925953662162,9.771133637866326
22751,737424.6219008099,9.817201377939707,9.932765060471825,9.756335130840824,9.704744328171024
22776,737426.0348896802,10.111283594161485,10.111283594161485,10.111283594161485,10.111283594161485
22909,737434.691400935,10.141280955295711,9.865356486289306,9.881310155196944,9.886298725276951
22947,737438.3549186557,10.167707826695631,10.167707826695631,9.893381820789365,9.803698393893999
22971,737439.28193225,9.932765060471825,9.932765060471825,9.815386321074135,9.932765060471825
22993,737440.3147716776,10.19388066094698,10.19388066094698,9.902245457965096,9.874830286655362
23081,737447.3858364178,10.19388066094698,10.19388066094698,10.19388066094698,9.884750503247483
23085,737447.5567506497,10.19353635642255,10.19353635642255,10.19353635642255,9.837919192807226
23091,737447.852828923,10.19353635642255,10.19353635642255,10.19353635642255,9.881125701519082
23095,737448.4705453824,10.19353635642255,10.19353635642255,10.19353635642255,9.881125701519082
23427,737448.9099072171,10.186557589453129,10.186557589453129,9.98084936584682,9.98084936584682
23544,737448.966811297,10.186557589453129,10.186557589453129,9.98084936584682,9.9804185945077
23545,737448.9677642543,10.186557589453129,10.186557589453129,9.9804185945077,9.9804185945077
23851,737449.1250633427,10.186557589453129,10.186557589453129,9.9804185945077,9.9804185945077
23914,737449.1586532273,9.9527368449562,10.186557589453129,9.9527368449562,9.976314078756209
24083,737449.2606463307,10.04769878169328,10.04769878169328,10.04769878169328,10.04769878169328
24254,737449.3797015887,10.033259879399319,10.12509313106893,9.976314078756209,10.00207546782498
24975,737449.8904903819,9.94992566718484,10.124963652267697,9.976314078756209,10.00207546782498
24984,737449.8955982208,10.04769878169328,10.175409601854577,10.04769878169328,9.955814342640567
24990,737449.9002938827,10.176140459640889,10.03720393954638,9.894557538742713,9.980749273210188
25143,737450.0094729994,9.932875549762038,10.04315933547272,9.932875549762038,9.749812058152482
25588,737450.3856575895,10.18646268947461,10.043441842760052,10.18646268947461,10.043441842760052
25817,737450.6506796472,9.836962073059956,10.313330683056666,10.25164633614496,10.263107753496406
26228,737451.0842481636,10.10714586718475,10.198003750000908,10.10714586718475,10.260634515555616
26344,737451.1933302416,10.196732062636444,10.11907988468214,10.002309650463838,9.880113069555655
26765,737451.7775344796,10.196732062636444,10.11907988468214,10.002309650463838,9.880113069555655
27501,737452.8855649699,9.967628118436904,9.949691137486424,9.834601889744528,9.73484946708814
28406,737454.6505298378,9.917546385305164,9.637929975638553,9.917546385305164,10.211147717936536
28418,737454.7298357759,9.930302025219193,9.711362944333196,9.940968295050336,9.997193120455654
28704,737456.0489081074,9.912562602482428,9.608024371827417,9.912562602482428,10.017046741638213
28901,737456.8829902593,9.880055809354067,9.711244823056738,9.880055809354067,10.00165650224506
28907,737456.9016180586,9.477545529322013,9.635904969704601,9.946331867957413,9.645872513622335
28909,737456.9031693124,9.394307659859233,9.618227282868396,9.946331867957413,9.624956336614659
28965,737457.0209720262,9.977620164777111,9.973131381394692,9.977620164777111,9.973131381394692
28985,737457.0539895268,9.394307659859233,9.61465186936522,9.816408334183281,9.565612417888202
28991,737457.0766096093,10.048311399942,9.999893265401074,10.048311399942,10.043441842760052
29059,737457.3177774164,10.048311399942,9.999893265401074,10.048311399942,10.043441842760052
29180,737457.7364134925,9.980832372849736,9.970716911238082,9.980832372849736,9.970716911238082
29270,737457.9889410018,9.333858710092656,9.584295350474578,9.333858710092656,9.324068366054501
29276,737458.0018306184,9.982353271559866,9.973568712879796,9.982353271559866,9.973568712879796
29280,737458.0158836239,9.982353271559866,9.973568712879796,9.982353271559866,9.973568712879796
29296,737458.0517308748,9.13005159047176,9.30093452925702,9.13005159047176,9.324068366054501
29458,737458.5331109698,9.225824039976084,9.30093452925702,9.225824039976084,9.324068366054501
29552,737458.9184239502,10.043441842760052,9.892953456399207,10.048311399942,9.999893265401074
29673,737459.3803237731,9.460822205425321,9.571813002161592,9.926405049737273,9.571813002161592
29830,737459.8902311432,9.695941165616679,9.528506682290978,9.85342675232743,9.528506682290978
30462,737464.9128682882,9.626923311398306,9.647199193944148,9.077250313969955,9.792518781151138
30506,737465.3159027634,9.81864238453596,9.638222442090422,10.029797548934951,9.668639330853752
30530,737465.6086161407,9.62455150501262,9.663596702865734,9.766356765185785,9.674417651254332
30546,737465.7240047298,9.757093619944579,9.651392186574258,9.915522299642308,9.674417651254332
30549,737465.7488625178,9.587312204000662,9.342556683199717,9.244266631675405,9.674417651254332
30591,737466.026009349,9.327637900137487,9.131016631240552,8.949982007923213,9.674417651254332
30653,737466.3682510727,9.737124608649761,9.244471702859965,9.733167219691914,9.463358212455894
30862,737467.6614949093,9.544261970988444,9.145414179450011,8.754988445817723,9.473969040741016
30887,737467.7806650713,9.098814530177357,9.145414179450011,8.8866685958179,9.473969040741016
30893,737467.8084402819,9.47572009853707,9.145414179450011,8.923861914462732,9.674417651254332
31001,737468.5279686258,9.228681994494126,9.137484532033369,8.924438999718674,9.674417651254332
31017,737468.6479049508,9.228681994494126,9.137484532033369,8.924438999718674,9.674417651254332
31020,737468.6547082763,9.187692472702953,9.137484532033369,8.918322894966133,9.674417651254332
31023,737468.6969773911,9.127084824641472,9.137484532033369,8.924438999718674,9.674417651254332
31025,737468.7121814463,9.127084824641472,9.137484532033369,8.924438999718674,9.674417651254332
31042,737468.7639521438,8.85457053107632,9.137484532033369,8.942985114594357,9.674417651254332
31073,737468.9109636019,8.85457053107632,9.137484532033369,8.942985114594357,9.674417651254332
31075,737468.9245939517,9.897273135180175,9.897273135180175,10.003514951519414,9.89438769614774
31086,737468.9524330491,8.912624778522309,9.137484532033369,8.992152891062247,9.674417651254332
31127,737469.1418717426,9.900991642557369,9.900991642557369,9.897580961561712,9.89438769614774
31173,737469.4146000601,8.658232303163304,9.137484532033369,8.760791184665862,9.674417651254332
31272,737470.1696701078,9.91814694958767,9.91814694958767,9.920497843874134,9.920497843874134
31303,737470.4061990438,8.78341445911641,9.137832153357657,8.893380575332234,9.674417651254332
31306,737470.4191831748,8.78341445911641,9.137832153357657,8.893380575332234,9.674417651254332
31406,737470.9877150751,8.979460888593131,9.137832153357657,8.815085273250364,9.461295709015085
31420,737471.0452050966,8.630259780438365,9.137832153357657,8.88680761195328,9.674417651254332
31513,737471.5884668172,8.738200246118595,9.085237032665338,8.957162325497533,9.674417651254332
31524,737471.6262033494,8.74195066184271,9.085237032665338,8.98161578563945,9.674417651254332
31525,737471.6284978642,8.6302598862519,9.085237032665338,8.88680761195328,9.674417651254332
31608,737472.0614496951,9.114625454149971,9.790207913452738,9.941190973215855,9.668225186250673
31625,737472.145804805,8.45384627672104,8.839248511346199,8.98161578563945,9.674417651254332
31789,737473.0968038554,8.416184676792211,8.819541634111891,8.943572417900697,9.674417651254332
31954,737473.9551704418,9.700518873299055,8.822683576022047,9.882850707515622,9.622723148093124
31955,737473.9610005646,9.702541511400861,8.830670408913628,9.840596988729807,9.622723148093124
31988,737474.0927609983,9.689108478070393,8.837706609074363,9.83861578963543,9.667928953041244
31993,737474.1122145884,7.727747614033978,8.992683120426545,8.85805211185801,9.8504652549501
31994,737474.1159638237,9.681679942861829,8.893138684183365,9.847244831790498,9.63655512317328
32004,737474.1633352838,9.694897091256665,8.934085476375937,9.846342354345326,9.63655512317328
32014,737474.1989672189,9.67677186346347,8.934085476375937,9.846342354345326,9.63655512317328
32070,737474.5607715201,9.676768327494319,8.916770992099377,9.719920734897894,9.63655512317328
32274,737476.0861863054,9.384708664595427,9.608739935959683,9.857982062151143,9.659472541313773
32277,737476.0964224946,9.384708664595427,9.608739935959683,9.857982062151143,9.659472541313773
32289,737476.1467068082,9.196529427095768,9.586756156276495,10.040137264122786,9.72872509057303
32340,737476.6199767744,9.54278788707824,9.534308375945507,10.194428630712276,9.943766612821577
32341,737476.6217570965,9.56290627410071,9.52125662663835,10.196440061474483,9.710595088496897
32468,737477.6927014043,7.752158187508413,8.930169063257722,8.974088644449825,9.571310265987192
32610,737478.588733191,9.305682716808905,9.295509364688263,9.522663239610276,9.52427878373264
32710,737479.4277849449,9.791147379165272,8.47405450006026,9.932875549762038,9.371438853637827
32732,737479.6725156151,9.287772102121489,9.270627461722144,9.522663239610276,9.523635228304622
32809,737480.39167297,9.444507402579276,9.205228622129466,9.621340387258037,9.535465851997547
32813,737480.5005119776,9.852820008085327,9.630343334718635,9.852820008085327,9.85666805648396
32851,737480.922193474,7.849030508802895,9.349248582121993,8.792391446613976,9.596831664970132
32879,737480.993046227,9.79114737916527,8.882374102863652,9.79114737916527,9.250743906536695
32937,737481.3963647417,7.794437740948864,9.243210558123833,8.729201115660546,9.589323058877067
33037,737482.0796102517,7.794437740948864,9.243210558123833,8.729201115660546,9.589323058877067
33258,737484.0184417295,7.794437740948864,9.243210558123833,8.729201115660546,9.589323058877067
33277,737484.1766640086,8.996680966857692,9.172918326150437,9.22487471841315,9.4333824152094
33360,737484.9804290476,9.068773072736516,9.344974595054289,8.74541196941105,9.35369073829921
33394,737485.2633848165,8.974905651229898,9.118786544067135,9.062372237084352,9.391214789539614
33417,737485.546886248,9.11921819130544,9.267792611533837,8.685120499470179,9.576735159000112
33442,737485.9658330246,9.11921819130544,9.267792611533837,8.685120499470179,9.576735159000112
33479,737486.2882290691,9.11921819130544,9.267792611533837,8.685120499470179,9.576735159000112
33507,737486.4993002301,8.95260488630143,9.288730455717143,9.436961280838664,9.559959849688546
33581,737487.0534555581,9.322424712814875,9.287458884993589,8.668999283236255,9.444308613271787
33586,737487.0881885194,9.322424712814875,9.287458884993589,8.668999283236255,9.444308613271787
33590,737487.093266664,9.03048980260894,9.16214091889105,9.433748656605392,9.35953621279778
33591,737487.0942868647,9.03048980260894,9.16214091889105,9.433748656605392,9.35953621279778
33592,737487.0969588881,9.3220589545123,9.323117947535911,8.606448880423518,9.428579165184948
33594,737487.097959065,9.3220589545123,9.323117947535911,8.606448880423518,9.428579165184948
33595,737487.1043850329,9.3220589545123,9.323117947535911,8.606448880423518,9.428579165184948
33599,737487.1184232278,9.3220589545123,9.323117947535911,8.606448880423518,9.428579165184948
33601,737487.1328000248,8.860541061013762,9.509964045278522,8.606448880423518,9.6177290038341
33669,737487.7255160252,9.027831694949793,9.175315149254045,9.433748656605392,9.360226432939351
33820,737489.684065026,9.046967775657828,9.138965129949419,9.113982549798765,9.326326159853583
33821,737489.6926730435,8.997801149186742,9.129187145579852,8.930957802101426,9.326326159853583
33899,737490.3874193561,8.997801149186742,9.129187145579852,8.930957802101426,9.326326159853583
33902,737490.4372101768,9.87635938244236,9.47727169841902,8.26194046665483,9.39973603720789
33935,737490.7849219411,8.78695984533983,9.259483883233479,8.723937106318846,9.351836247110112
34019,737491.7257392437,9.647868606301474,9.673328107009807,8.592466089488664,9.341819887524277
34066,737492.1664175154,9.706324658478723,9.522602139018582,8.463671404818589,9.351836247110112
34097,737492.5830604176,9.76740424069652,9.76740424069652,9.147718409125087,9.287216911263833
34098,737492.5902013927,9.772077470891666,9.772077470891666,9.19336597663357,9.355860209312857
34248,737494.0356339423,9.772077470891666,9.772077470891666,9.19336597663357,9.355860209312857
34303,737494.6721071841,9.900849320936256,9.703022964283972,9.79397581748127,9.748881258243753
34323,737494.9006360555,9.900849320936256,9.703022964283972,9.79397581748127,9.748881258243753
34332,737495.0084158102,9.851833759146675,9.851833759146675,8.581552632194606,9.341819887524277
34334,737495.0217845854,9.932339854713268,9.932648987410925,9.932339854713268,9.074895839696557
34341,737495.0933396711,9.932339854713268,9.932648987410925,9.932339854713268,9.074895839696557
34412,737495.8111199242,9.604767977240922,9.930746094594976,9.15763802276207,9.48095852788942
34445,737496.119272797,9.604767977240922,9.930746094594976,9.15763802276207,9.48095852788942
34497,737496.8519957215,9.857835088943835,9.369864748709494,8.97701131922265,9.443805870186255
34529,737497.3634406988,9.815747014815727,9.226470895326882,8.476358828652181,9.456614719709275
34626,737499.1454796487,9.815747014815727,9.226470895326882,8.476358828652181,9.456614719709275
34633,737499.2215029917,9.815747014815727,9.226470895326882,8.476358828652181,9.456614719709275
34693,737499.8911321763,9.913251206201398,9.845166566011747,8.897573864411365,9.171944609450438
34702,737500.0367475691,9.913251206201398,9.845166566011747,8.897573864411365,9.171944609450438
34704,737500.0589729836,9.738666405444905,9.734656334112902,8.545673381036712,9.27862684610996
34705,737500.0599318631,9.738666405444905,9.734656334112902,8.545673381036712,9.27862684610996
34716,737500.145644673,9.711327844528853,9.711327844528853,8.546989352946513,9.124555979390658
34718,737500.1520263071,9.711327844528853,9.711327844528853,8.546989352946513,9.124555979390658
34719,737500.1544041539,9.711327844528853,9.711327844528853,8.546989352946513,9.124555979390658
34729,737500.2597297364,9.560490332284411,9.582356694864915,8.546989352946513,9.27862684610996
34731,737500.2898682338,9.560490332284411,9.582356694864915,8.546989352946513,9.27862684610996
34742,737500.4066632513,9.560490332284411,9.582356694864915,8.546989352946513,9.27862684610996
34745,737500.4407243531,9.560490332284411,9.582356694864915,8.546989352946513,9.27862684610996
34748,737500.4545794161,9.534122839905192,9.590315410903605,9.674179197208332,9.598554281322677
34755,737500.5722186784,9.534122839905192,9.590315410903605,9.674179197208332,9.598554281322677
34766,737500.7726103921,9.565677649060227,9.101760788517561,8.429284345200607,9.448434997498312
34772,737500.8588239239,9.565677649060227,9.101760788517561,8.429284345200607,9.448434997498312
34781,737500.9704877532,9.565677649060227,9.101760788517561,8.429284345200607,9.448434997498312
34822,737501.358166601,9.741873928715277,9.619681106011766,9.722890587483008,9.598397051028005
34855,737501.7255012285,9.741873928715277,9.619681106011766,9.722890587483008,9.598397051028005
34858,737501.7575749605,9.741873928715277,9.619681106011766,9.722890587483008,9.598397051028005
34860,737501.7673405105,9.383348160803308,9.383348160803308,8.521286180666628,9.141802199037915
34949,737502.9119655762,9.383348160803308,9.383348160803308,8.521286180666628,9.141802199037915
34966,737503.108594033,9.02812283297123,9.02812283297123,8.419290980554566,8.726093992158889
34976,737503.2131932287,9.02812283297123,9.02812283297123,8.419290980554566,8.726093992158889
34995,737503.4778012893,9.48438269772981,9.203288529174964,8.3954593176225,9.312317557432408
34996,737503.4811992527,8.966700100948154,8.966700100948154,8.419909352742287,8.727451588756884
35005,737503.5592359569,8.966700100948154,8.966700100948154,8.419909352742287,8.727451588756884
35009,737503.5864606799,9.03579049348781,9.443909613022212,8.727901027887702,9.627471780606044
35098,737503.971073374,9.03579049348781,9.443909613022212,8.727901027887702,9.627471780606044
35119,737504.0507927894,8.97615380775675,8.98096281728835,8.580103853522395,9.067612788421917
35158,737504.3194428701,8.97615380775675,8.98096281728835,8.580103853522395,9.067612788421917
35160,737504.3315437216,8.97615380775675,8.98096281728835,8.580103853522395,9.067612788421917
35186,737504.5554673611,8.97615380775675,8.98096281728835,8.580103853522395,9.067612788421917
35214,737504.7333555336,8.97615380775675,8.98096281728835,8.580103853522395,9.067612788421917
35219,737504.769854786,8.873759960265161,8.873759960265161,8.570581664764887,8.752048934901458
35273,737505.1724691835,8.83323349199736,8.83323349199736,8.570585288829253,8.75205132122459
35279,737505.2168946275,8.83323349199736,8.83323349199736,8.570585288829253,8.75205132122459
35310,737505.5265930254,9.210110587811034,9.145059148969485,9.709810211602138,9.544108761600047
35319,737505.6137580759,8.938411120130203,8.938411120130203,8.570585288829253,8.75205132122459
35325,737505.6461591978,8.938411120130203,8.938411120130203,8.570585288829253,8.75205132122459
35333,737505.7056988203,8.938411120130203,8.938411120130203,8.570585288829253,8.75205132122459
35361,737505.9968070543,8.938411120130203,8.938411120130203,8.570585288829253,8.75205132122459
35365,737506.0389210037,8.938411120130203,8.938411120130203,8.570585288829253,8.75205132122459
35366,737506.047940177,8.938411120130203,8.938411120130203,8.570585288829253,8.75205132122459
35371,737506.0723192743,8.863214301277054,9.063384192425874,8.404652465261274,9.060584396946439
35391,737506.1974276656,9.553440097591388,9.602074684502732,9.680696285938721,9.598397051028005
35396,737506.2366483457,9.553440097591388,9.602074684502732,9.680696285938721,9.598397051028005
35397,737506.237129997,9.544260733897524,9.588110196111213,9.592358706344507,9.598397051028005
35419,737506.4184833351,8.928049109425935,8.928049109425935,8.575532078406736,8.755484712093212
35420,737506.4186801927,8.68714131545382,8.68714131545382,8.575593984166058,8.756239716261565
35421,737506.4192608359,8.68714131545382,8.68714131545382,8.575593984166058,8.756239716261565
35473,737506.9620992091,9.004909177101759,8.654978138571698,8.575593984166058,9.081631294504863
35501,737507.2583637894,9.004909177101759,8.654978138571698,8.575593984166058,9.081631294504863
35504,737507.2976554825,9.431283806686864,9.663250703105426,9.684308168989425,9.681735667854083
35520,737507.5474545171,9.431283806686864,9.663250703105426,9.684308168989425,9.681735667854083
35638,737508.9407682719,9.431283806686864,9.663250703105426,9.684308168989425,9.681735667854083
35639,737508.9416149743,8.634337957044231,8.835573072862422,8.575593984166058,9.49079969345956
35642,737508.9681493738,8.634337957044231,8.835573072862422,8.575593984166058,9.49079969345956
35658,737509.0746474204,8.634337957044231,8.835573072862422,8.575593984166058,9.49079969345956
35814,737510.644081276,8.658786680599416,8.658786680599416,8.583301612238776,8.583301612238776
35914,737512.0319900376,8.658786680599416,8.658786680599416,8.583301612238776,8.583301612238776
35939,737512.3636889628,8.626831771237402,8.834043409406219,8.402775785861383,9.253950593735354
35941,737512.3744660707,8.626831771237402,8.834043409406219,8.402775785861383,9.253950593735354
36071,737513.7296248599,8.626831771237402,8.834043409406219,8.402775785861383,9.253950593735354
36107,737514.0681705354,8.322781502078852,8.643952430320061,8.569255077059513,8.902408000498365
36116,737514.2914929539,8.322781502078852,8.643952430320061,8.569255077059513,8.902408000498365
36153,737514.9493374705,8.322781502078852,8.643952430320061,8.569255077059513,8.902408000498365
36209,737515.6344143575,8.322781502078852,8.643952430320061,8.569255077059513,8.902408000498365
36217,737515.7729382253,8.322781502078852,8.643952430320061,8.569255077059513,8.902408000498365
36235,737515.8326888988,8.93753921067897,9.08766067224462,8.290889836958188,8.617744139075846
36333,737517.1269884323,9.320753840752031,9.45970603776989,9.579103159648582,9.580604934864242
36482,737519.1976863996,9.44001416721926,9.548475587749174,9.609156907863492,9.619384499798164
36540,737519.8346811425,9.454736407502674,8.89949669543156,9.456997808986495,9.224868166321336
36547,737519.8880490585,9.454736407502674,8.89949669543156,9.456997808986495,9.224868166321336
36574,737520.2894102617,9.454736407502674,8.89949669543156,9.456997808986495,9.224868166321336
36576,737520.3161319398,8.734195977624454,8.899731954438662,8.56570889313396,8.643034439611101
36628,737521.029293806,9.47356669261166,9.35415896405309,9.613954467048702,9.369465766759383
36723,737522.17861259,9.795408348259915,9.71213185113959,9.793788944195446,9.779975048013117
36774,737522.9700050872,9.795408348259915,9.71213185113959,9.793788944195446,9.779975048013117
36815,737523.4989369208,9.410590371608043,9.732292184112426,9.567835113233707,9.751666991244551
36916,737524.4319905393,9.410590371608043,9.732292184112426,9.567835113233707,9.751666991244551
36925,737524.55249945,9.475494926670141,9.479186682998828,9.61346112376811,9.559793396810063
36981,737525.0892819603,9.494996470560245,9.494996470560245,9.494996470560245,9.506403262239138
36983,737525.0950205297,9.50341349893051,9.371102062280082,9.50341349893051,9.505936158552236
37001,737525.2569665366,9.526498163952112,9.387932149564302,9.526498163952112,9.41419154624447
37029,737525.7360724263,9.526498163952112,9.387932149564302,9.526498163952112,9.41419154624447
37050,737526.012019052,9.526498163952112,9.387932149564302,9.526498163952112,9.41419154624447
37113,737526.8163325747,9.526498163952112,9.387932149564302,9.526498163952112,9.41419154624447
37126,737526.9959350262,9.526498163952112,9.387932149564302,9.526498163952112,9.41419154624447
37127,737527.0365838566,9.851770622701975,9.331639484587301,9.851770622701975,9.003393125666785
37128,737527.0375872393,9.851770622701975,9.331639484587301,9.851770622701975,9.003393125666785
37149,737527.3940725029,9.287422966485334,9.511609496886727,8.257050660290188,9.119181845682025
37157,737527.7349117039,9.47356669261166,9.519241515674382,9.47356669261166,9.583902083056353
37166,737528.0435223331,9.327566685388948,9.491015124261224,9.327566685388948,9.583902083056353
37248,737529.4555923148,9.327566685388948,9.491015124261224,9.327566685388948,9.583902083056353
37291,737529.9881474257,9.199343241412054,9.476279579314443,8.301464451363593,8.998580523339783
37294,737529.9944074792,9.199343241412054,9.476279579314443,8.301464451363593,8.998580523339783
37314,737530.1301016887,9.199648662759595,9.476620888787604,8.265849951466024,8.999116892424386
37317,737530.1567680313,9.199648662759595,9.476620888787604,8.265849951466024,8.999116892424386
37339,737530.3640690893,9.323467213110044,9.363126169918484,9.323467213110044,8.947075310716253
37379,737530.7102547078,9.324533819623506,9.467196224687314,8.532342070557437,9.16661775281929
37383,737530.779793011,9.134786510346377,9.470237952643425,8.386252215872672,9.13687679003683
37409,737531.290387095,9.134786510346377,9.470237952643425,8.386252215872672,9.13687679003683
37410,737531.3200629028,9.344358475717394,9.536090424478319,8.581266718598952,9.492653393046478
37424,737531.5237442116,9.344358475717394,9.536090424478319,8.581266718598952,9.492653393046478
37436,737531.7362185522,9.603824584332981,9.51635832011988,9.462229897429951,9.559713607672792
37452,737531.9753027157,9.603824584332981,9.51635832011988,9.462229897429951,9.559713607672792
37479,737532.4008368982,9.603824584332981,9.51635832011988,9.462229897429951,9.559713607672792
37481,737532.4224132319,9.603824584332981,9.51635832011988,9.462229897429951,9.559713607672792
37484,737532.4486921651,9.603824584332981,9.51635832011988,9.462229897429951,9.559713607672792
37487,737532.4823846939,9.603824584332981,9.51635832011988,9.462229897429951,9.559713607672792
37502,737532.6929335599,9.603824584332981,9.51635832011988,9.462229897429951,9.559713607672792
37623,737534.7292174222,9.603824584332981,9.51635832011988,9.462229897429951,9.559713607672792
37682,737535.4682073042,9.733619311946715,9.58562726477128,8.812675936114596,9.505862239649977
37805,737537.0258783862,9.733619311946715,9.58562726477128,8.812675936114596,9.505862239649977
38053,737541.0815166532,9.733619311946715,9.58562726477128,8.812675936114596,9.505862239649977
38210,737543.7319532427,9.733619311946715,9.58562726477128,8.812675936114596,9.505862239649977
38214,737543.7762397273,9.733619311946715,9.58562726477128,8.812675936114596,9.505862239649977
38249,737544.297060389,9.733619311946715,9.58562726477128,8.812675936114596,9.505862239649977
38271,737544.444876499,9.75356189313022,9.67112720391626,9.404569606999315,9.377708580407914
38282,737544.6094997696,9.75356189313022,9.67112720391626,9.404569606999315,9.377708580407914
38351,737545.9666174907,9.82016955740229,9.714626586244046,9.359426877720399,9.486529843634148
38379,737546.4454273488,9.82016955740229,9.714626586244046,9.359426877720399,9.486529843634148
38413,737546.9785516238,9.75356189313022,9.75356189313022,9.293677821786988,9.231052002306797
38437,737547.367090316,9.75356189313022,9.75356189313022,9.293677821786988,9.231052002306797
38450,737547.6120339562,9.556932799982432,9.556932799982432,9.291833420168446,9.231052002306797
38457,737547.7023469394,9.56774223594421,9.56774223594421,9.089944802084496,9.26470785716032
38497,737548.4053302034,9.702068881596517,9.702068881596517,9.69024599553456,9.643079466435672
38501,737548.5329693552,9.734672022166631,9.734672022166631,9.878540862130802,9.639505584629987
38509,737548.6320490724,9.734672022166631,9.734672022166631,9.878540862130802,9.639505584629987
38530,737548.9219108475,9.67181334926565,9.641354251643381,9.632367504543561,9.438143877172527
38541,737548.9455053012,9.67181334926565,9.517109256265632,9.479716336721966,9.440346076021202
38545,737548.9619106386,9.67181334926565,9.517109256265632,9.479716336721966,9.440346076021202
38548,737548.9716321346,9.67181334926565,9.517109256265632,9.479716336721966,9.440346076021202
38555,737549.0091196676,9.67181334926565,9.517109256265632,9.479716336721966,9.440346076021202
38574,737549.1526812043,9.670953460766249,9.517109256265632,9.579476542512554,9.522379408236244
38575,737549.1530043449,9.670953460766249,9.517109256265632,9.579476542512554,9.522379408236244
38619,737549.9553345905,9.670953460766249,9.517109256265632,9.579476542512554,9.522379408236244
38726,737552.1546873568,9.722604946032915,9.663042644571501,9.722604946032915,9.709515219224222
38731,737552.2261261971,9.74285140451539,9.673073446790145,9.74285140451539,9.683843161357306
38761,737552.8764685313,9.74285140451539,9.673073446790145,9.74285140451539,9.683843161357306
38775,737553.0499899192,9.74285140451539,9.673073446790145,9.74285140451539,9.683843161357306
38872,737554.8464954247,9.74285140451539,9.673073446790145,9.74285140451539,9.683843161357306
38884,737555.3677553522,9.748330101275767,9.643868505756835,9.74904241992916,9.724440560045037
38972,737556.880001605,9.797648767947706,9.716969858133577,9.810280808265507,9.72856369603645
39025,737558.0412705445,9.797648767947706,9.716969858133577,9.810280808265507,9.72856369603645
39063,737558.7355887296,9.797648767947706,9.716969858133577,9.810280808265507,9.72856369603645
39068,737558.8777774618,9.797648767947706,9.716969858133577,9.810280808265507,9.72856369603645
39103,737559.9100992074,9.797648767947706,9.716969858133577,9.810280808265507,9.72856369603645
39195,737561.6407444333,9.797648767947706,9.716969858133577,9.810280808265507,9.72856369603645
39206,737561.7982188456,9.797648767947706,9.716969858133577,9.810280808265507,9.72856369603645
39212,737561.9394371819,9.780132056129498,9.693144083893216,9.717952038722972,9.647555198008238
39236,737562.3847316845,9.849890860642677,9.688298720221745,9.849890860642677,9.688298720221745
39298,737563.8388569194,9.849890860642677,9.688298720221745,9.849890860642677,9.688298720221745
39308,737563.9358491885,9.849890860642677,9.688298720221745,9.849890860642677,9.688298720221745
39331,737564.6360661832,9.780132056129498,9.780132056129498,9.780132056129498,9.716850751182147
39338,737564.7203275441,9.736900721941229,9.736900721941229,9.716246934085412,9.647587488940497
39430,737566.6271000964,9.736900721941229,9.736900721941229,9.716246934085412,9.647587488940497
39454,737567.1055596201,9.794329676123663,9.676670335195807,9.662556856897712,9.60880294092515
39477,737567.6517006962,9.794329676123663,9.676670335195807,9.662556856897712,9.60880294092515
39480,737567.9112347655,9.780132056129498,9.65743455890997,9.756118507770944,9.665519410247908
39492,737568.1672814746,9.780132056129498,9.65743455890997,9.756118507770944,9.665519410247908
39543,737569.694542731,9.797379481298,9.797379481298,9.672923730982008,9.686394182001422
39617,737570.9549299481,9.670038504711737,9.689181542524622,9.622768384470096,9.674959289696382
39660,737571.5183814501,9.670038504711737,9.689181542524622,9.622768384470096,9.674959289696382
39670,737571.6452268185,9.676678379948068,9.691694684496984,9.676678379948068,9.681011103633672
39778,737574.1738566828,9.839802795218983,9.66709819733979,9.688452923647926,9.673910336244528
39812,737574.929826024,9.854282439897975,9.85854903977637,9.789046175546172,9.5128309074506
39816,737574.9595507921,9.854282439897975,9.85854903977637,9.789046175546172,9.5128309074506
39826,737575.1034821114,9.854282439897975,9.85854903977637,9.789046175546172,9.5128309074506
39854,737575.5760839138,9.945026795241889,9.89502710957454,9.86013461826138,9.64479177383907
39859,737575.6899996311,9.670875194327182,9.717692544768806,9.670875194327182,9.581767866375134
39888,737576.2032684799,9.83502431196568,9.908871288248795,9.83502431196568,9.707555966598374
39903,737576.5462125345,9.83502431196568,9.908871288248795,9.83502431196568,9.707555966598374
39917,737576.9152799695,9.83502431196568,9.908871288248795,9.83502431196568,9.707555966598374
39946,737577.2286457655,9.83502431196568,9.908871288248795,9.83502431196568,9.707555966598374
39971,737577.9078861298,9.917704539011083,9.923205815350466,9.748330101275767,9.840407934881032
40098,737579.1905672594,9.917704539011083,9.923205815350466,9.748330101275767,9.840407934881032
40149,737580.2079367057,9.809881611174477,9.777884532632482,9.602650927504714,9.717692544768806
40220,737581.5015437687,9.809881611174477,9.777884532632482,9.602650927504714,9.717692544768806
40461,737582.4229892176,9.926628058005543,9.923848686019875,9.926628058005543,9.915597307816364
40510,737582.8467530617,9.791670393453908,9.75232742670209,9.706560302881671,9.607190638487246
40512,737582.8497796125,9.791670393453908,9.75232742670209,9.706560302881671,9.607190638487246
40513,737582.8559630676,9.786690046327395,9.730484324306621,9.66435467165407,9.567439843092355
40546,737583.0384876479,9.786690046327395,9.730484324306621,9.66435467165407,9.567439843092355
40555,737583.0970301332,9.786690046327395,9.730484324306621,9.66435467165407,9.567439843092355
40559,737583.1187776652,10.005324752787473,10.005324752787473,10.005324752787473,9.865307653595668
40625,737584.0113397291,10.081369795601438,10.081369795601438,10.081369795601438,10.081369795601438
40876,737587.9012333466,9.950078477409033,9.953604228775982,9.950078477409033,9.929369236587926
40893,737588.1746932236,9.89629118484034,9.880334444932458,9.89629118484034,9.848500217431097
40934,737588.9304422359,9.89629118484034,9.880334444932458,9.89629118484034,9.848500217431097
40959,737589.5948086736,9.948383274157043,9.92254937132868,9.948383274157043,9.873784397055019
41075,737591.1168278947,10.140431360333624,10.140431360333624,10.140431360333624,9.925372243543846
41082,737591.2294704632,10.15282784347363,9.909436987346691,9.79718186105838,9.667701138255154
41108,737591.6940617322,10.15282784347363,9.909436987346691,9.79718186105838,9.667701138255154
41112,737591.7851430529,10.15282784347363,9.909436987346691,9.79718186105838,9.667701138255154
41257,737594.5492551766,10.000984250184745,9.992683346290814,10.000984250184745,9.937492826639721
41269,737594.8592991688,10.113225235844371,10.019728907851066,9.839310659299777,9.873829146571623
41302,737595.8955833033,10.002605619225132,9.994335944035575,10.002605619225132,9.939217795930027
41324,737596.3423510983,10.164710924727661,10.059509063617194,10.007333199815784,10.071310419377989
41325,737596.3430767738,10.164806186989809,10.059630433154755,10.00743560453405,10.059630433154755
41326,737596.3455251749,10.146038028712848,9.953116906484945,10.007807949316039,10.059822582278672
41342,737596.7487162405,10.111962284407419,9.953116906484945,10.007807949316039,10.059822582278672
41343,737596.7503310731,10.105730088953655,9.93020799825915,10.007807949316039,9.86598599068254
41381,737597.9036624485,10.196575764668069,10.005324752787473,9.917401191431171,9.700815832219941
41451,737599.4483108744,10.176439438531679,10.207001341416479,9.85884162053843,9.870120796196748
41594,737602.8366809302,10.1717339031873,10.178981249998898,9.917401191431171,9.857571593522986
41603,737603.1826717951,10.1717339031873,10.178981249998898,9.917401191431171,9.857571593522986
41607,737603.3924686078,10.198434578987111,10.21869896051071,9.907172703200537,9.92398808840381
41654,737605.1168641035,10.212687205116913,10.202184783915634,10.212687205116913,10.152168056536585
41804,737608.8829310585,10.196084101182663,10.191641515668572,9.915502788246311,9.973542172060876
41808,737608.9602886151,10.186567142658681,10.205023771901667,9.85884162053843,9.922169266300475
41851,737609.5971353196,10.21599745714803,10.21599745714803,9.861568958621133,9.874843080057182
41855,737609.8235600718,10.206521346602052,10.148174518810894,10.002605619225132,9.73715326894789
41880,737610.3196024053,10.223529589997472,10.1494547992592,10.151808337300027,9.969541639892629
41893,737611.5629689621,10.223529589997472,10.1494547992592,10.151808337300027,9.969541639892629
41914,737612.1507985204,10.049228485672193,10.045307654192733,10.146126082942159,9.841732025133625
41915,737612.2183562545,10.049228485672193,10.045307654192733,10.146126082942159,9.841732025133625
41929,737612.4721930008,9.99865044597866,10.045307654192733,10.065325504953766,9.824827883172004
41932,737612.5776982652,9.99865044597866,9.935617976245567,10.065325504953766,9.781909453814272
41937,737612.6558333662,9.99865044597866,9.935617976245567,10.065325504953766,9.781909453814272
41939,737612.6877185708,9.866501015216066,9.836395733678422,10.035402974021707,9.72388663085969
41983,737613.6994629623,10.183416285035909,10.190904108671765,10.151425028330117,10.190904108671765
42027,737614.969742037,9.747609938052912,9.849789481419839,9.998225593979985,9.848235710810647
42029,737614.9739388741,9.747609938052912,9.849789481419839,9.998225593979985,9.848235710810647
42084,737616.0367161286,9.747609938052912,9.849789481419839,9.998225593979985,9.848235710810647
42096,737616.1793532145,9.747609938052912,9.849789481419839,9.998225593979985,9.848235710810647
42200,737618.1555439035,10.087124077873034,10.087124077873034,10.080876138142674,10.016487063638143
42227,737619.1022599422,10.07948462524575,10.102238733599176,10.053473633552207,10.085167700677896
42231,737619.2352412743,10.07948462524575,10.102238733599176,10.053473633552207,10.085167700677896
42324,737621.9059612708,10.07948462524575,10.102238733599176,10.053473633552207,10.085167700677896
42329,737621.9625883894,10.07948462524575,10.102238733599176,10.053473633552207,10.085167700677896
42333,737622.0620563193,10.07948462524575,10.102238733599176,10.053473633552207,10.085167700677896
42383,737623.1584196761,9.771364450099744,10.094057888862046,10.215851301085378,10.222259571093597
42410,737623.7708756452,9.822535555492186,9.73477943083535,9.822535555492186,10.184943286991656
42460,737624.6711335266,9.822535555492186,9.73477943083535,9.822535555492186,10.184943286991656
42546,737626.3203261236,9.6258950019976,9.707331588404372,9.6258950019976,9.75739022876589
42651,737628.9323301878,9.699349975847877,9.675693284228489,10.186757187086705,9.974145386851454
42672,737629.4818042265,9.760510568601047,9.64971691769036,9.760510568601047,9.959875329361523
42817,737632.6585579677,9.851860434805841,9.843968338344474,9.760428830411835,9.742033482017144
42819,737632.6876001318,9.851860434805841,9.843968338344474,9.760428830411835,9.742033482017144
42820,737632.7160664019,9.91676044312948,9.902271547170695,9.91676044312948,9.902271547170695
42832,737633.0399874724,9.91676044312948,9.902271547170695,9.91676044312948,9.902271547170695
42930,737635.2823396912,9.963391243575904,9.879526127684619,9.739411981056747,9.850686804523962
42972,737636.1101176722,9.963391243575904,9.879526127684619,9.739411981056747,9.850686804523962
43338,737641.9605406347,9.792008820462517,9.792008820462517,9.679748189166656,9.850686804523962
43369,737642.0480073609,9.777648688366776,9.869353980514248,9.574024763651591,9.739975194861145
43626,737644.9299403665,9.954351774186128,9.85200674867541,9.697660078597247,9.722410444327924
43669,737645.3998022128,9.954351774186128,9.850003286609832,9.76094196030163,9.841385687388774
43804,737648.5484691749,9.954351774186128,9.940450118065963,9.803947447755286,9.77656364108467
43829,737649.0349510015,9.954351774186128,9.940450118065963,9.803947447755286,9.77656364108467
43906,737650.485465017,9.943205840766092,9.95767433156796,9.721798917075454,9.560604050938391
43919,737650.6741111676,10.084419924061784,10.084419924061784,9.972269351527222,9.954126285710768
43920,737650.674660335,10.100782576300453,10.100782576300453,9.971403317753783,9.910651193203664
43921,737650.6747579388,10.100782576300453,10.100782576300453,9.945206047888531,9.910651193203664
43927,737650.8205952151,10.100782576300453,10.100782576300453,9.945206047888531,9.910651193203664
43931,737650.9473082396,10.100782576300453,10.100782576300453,9.945206047888531,9.910651193203664
43964,737651.92312452,9.943205840766092,9.95767433156796,9.733163722487554,9.869338119344336
43966,737652.0339910404,10.099513211154518,10.098905815422855,10.099513211154518,10.000539458614742
43967,737652.036539185,10.101334190969471,10.098789950780105,10.101334190969471,9.933657470460071
43971,737652.083233162,10.150952870218795,10.163658882395877,10.150952870218795,10.011573244823484
44029,737653.965757272,10.150952870218795,10.163658882395877,10.150952870218795,10.011573244823484
44035,737654.0950736286,10.150952870218795,10.163658882395877,10.150952870218795,10.011573244823484
44050,737654.5057028453,9.96476363415527,10.112045487964277,9.96476363415527,9.853766685406212
44105,737656.3714095422,10.106104483355487,10.101246084338127,10.106104483355487,9.993650987097178
44110,737656.4860829536,10.106104483355487,10.00410414379498,10.106104483355487,9.90834864265232
44127,737656.8557306546,10.106104483355487,10.00410414379498,10.106104483355487,9.90834864265232
44190,737658.5505696425,10.106104483355487,10.00410414379498,10.106104483355487,9.90834864265232
44212,737659.2745094447,10.098610137622119,10.060566385159744,9.977000134261392,9.988834841982566
44281,737661.5210842036,10.098610137622119,10.060566385159744,9.977000134261392,9.988834841982566
44304,737661.861161766,10.098610137622119,10.060566385159744,9.977000134261392,9.988834841982566
44379,737663.8322142172,10.098610137622119,10.060566385159744,9.977000134261392,9.988834841982566
44414,737664.7105666181,9.959689204306306,9.942449712056835,10.00410414379498,9.949016965489564
44601,737669.0137865806,9.959689204306306,9.942449712056835,10.00410414379498,9.949016965489564
44638,737669.9663936589,9.803861114974366,9.803861114974366,9.957045647673729,9.942449712056835
44658,737670.7099567583,9.803861114974366,9.803861114974366,9.957045647673729,9.942449712056835
44662,737670.8024973166,10.027302366816171,9.892486940850342,10.029026722256956,9.938021708013453
44796,737674.8412183254,10.027302366816171,9.892486940850342,10.029026722256956,9.938021708013453
44800,737674.929058367,10.027302366816171,9.892486940850342,10.029026722256956,9.938021708013453
44824,737675.4662144069,9.895225373293679,9.799116553955008,9.895225373293679,9.960949614854753
44827,737675.5735150516,9.962523364312649,9.893017219679036,9.962523364312649,9.893017219679036
44838,737676.0139058155,9.962523364312649,9.881588460637992,9.962523364312649,9.849427305385998
44847,737676.1887968733,9.986367485961999,9.91015968878699,9.986367485961999,9.812351159366049
44896,737676.8133747941,9.986367485961999,9.91015968878699,9.986367485961999,9.812351159366049
44927,737677.3650727277,9.986367485961999,9.91015968878699,9.986367485961999,9.812351159366049
44928,737677.3690175853,9.986367485961999,9.91015968878699,9.986367485961999,9.812351159366049
44931,737677.4052362012,9.986367485961999,9.91015968878699,9.986367485961999,9.812351159366049
44942,737677.7960753458,9.986367485961999,9.91015968878699,9.986367485961999,9.812351159366049
44958,737678.0367498775,9.986367485961999,9.91015968878699,9.986367485961999,9.812351159366049
44960,737678.0769158144,9.986367485961999,9.91015968878699,9.986367485961999,9.812351159366049
45055,737680.0770080416,9.986367485961999,9.91015968878699,9.986367485961999,9.812351159366049
45076,737680.6663374403,9.986367485961999,9.91015968878699,9.986367485961999,9.812351159366049
45086,737680.891438029,9.986367485961999,9.91015968878699,9.986367485961999,9.812351159366049
45103,737681.2108407202,9.986367485961999,9.91015968878699,9.986367485961999,9.812351159366049
45106,737681.259293775,9.986367485961999,9.91015968878699,9.986367485961999,9.812351159366049
45146,737682.1951745116,9.890171768023633,9.910873661703004,9.890171768023633,9.910873661703004
45199,737683.5948988828,9.890171768023633,9.910873661703004,9.890171768023633,9.910873661703004
45216,737683.9919707908,9.988661589297687,9.824509479198285,9.988661589297687,9.824509479198285
45224,737684.1625192682,9.988661589297687,9.824509479198285,9.988661589297687,9.824509479198285
45271,737685.0253844768,9.988661589297687,9.824509479198285,9.988661589297687,9.824509479198285
45306,737685.8358888357,9.988661589297687,9.988661589297687,9.795697145853817,9.988661589297687
45454,737686.9182896225,9.897214196278338,9.951159760330217,9.813714873965642,9.951159760330217
45636,737688.8060289917,9.89710780655216,9.946803788510588,9.803861114974366,9.88109267671377
45689,737689.1632377442,9.902668849529462,9.917924597008257,9.910515173172069,9.817268450506193
45700,737689.3443426488,9.897308999191443,9.86872746776098,9.910515173172069,9.855950492852322
45761,737690.1272398726,9.897308999191443,9.86872746776098,9.910515173172069,9.855950492852322
45841,737691.2862977933,9.897308999191443,9.86872746776098,9.910515173172069,9.855950492852322
46189,737698.5396794651,9.833837896593067,9.833837896593067,9.80147958470322,9.855950492852322
46195,737698.6627589348,9.89710780655216,9.882766370046916,9.89710780655216,9.857713034779824
46198,737698.765816506,9.882766370046916,9.647059215978983,9.753045805762177,9.647059215978983
46239,737699.2973669061,9.882766370046916,9.647059215978983,9.753045805762177,9.647059215978983
46289,737700.2220908646,9.718843862399345,9.718843862399345,9.718843862399345,10.068265695158804
46399,737703.0330513832,9.72259377837188,9.752216322243356,9.988457210677002,9.843206859309145
46409,737703.2566899487,9.647834175267713,9.64732237146382,9.970019475682292,9.829508886312821
46463,737704.5993371478,9.69215885447267,9.69215885447267,9.69215885447267,9.69215885447267
46515,737705.7147775013,9.69215885447267,9.69215885447267,9.69215885447267,9.69215885447267
46518,737705.7681897391,9.798614633629441,9.798614633629441,9.98076993329672,9.703867179117934
46533,737706.0735082777,9.798614633629441,9.798614633629441,9.98076993329672,9.703867179117934
46539,737706.1518410118,9.654139469296112,9.654139469296112,9.654139469296112,9.700688834873768
46580,737706.9784673417,9.654139469296112,9.654139469296112,9.654139469296112,9.700688834873768
46608,737707.7074511496,9.654139469296112,9.654139469296112,9.654139469296112,9.700688834873768
46722,737710.4392159975,9.830685354001261,9.689744942345769,9.830685354001261,9.689744942345769
46747,737711.0453175692,9.830685354001261,9.689744942345769,9.830685354001261,9.689744942345769
46795,737711.9849315718,9.730691353619823,9.776515183847112,9.93318198271761,9.732547726818382
46831,737713.1246856166,9.730691353619823,9.776515183847112,9.93318198271761,9.732547726818382
46876,737714.1158217099,9.730691353619823,9.776515183847112,9.93318198271761,9.732547726818382
46905,737714.7872385288,9.730691353619823,9.776515183847112,9.93318198271761,9.732547726818382
46951,737715.5951473555,9.804428368552125,9.804428368552125,9.804428368552125,9.703966073784287
47015,737717.2397810515,9.929301474709806,9.929301474709806,9.929301474709806,9.906515672588093
47073,737718.5610029249,9.967024796587111,9.818610060819877,9.683320808849032,9.84439503912654
47086,737718.885109471,9.877522989426906,9.793071353389283,9.723677815021013,9.737880967517773
47143,737720.00290132,9.822126366234123,9.79174096123385,9.655813550522291,9.726499816628008
47203,737720.9868636904,9.84306562414674,9.819320531057604,9.725057019919442,9.62148492982031
47262,737721.9196061789,9.84306562414674,9.819320531057604,9.725057019919442,9.62148492982031
47302,737723.0661797185,9.84306562414674,9.819320531057604,9.725057019919442,9.62148492982031
47303,737723.0820113252,10.062874004726616,9.957657278319703,9.886609703405924,9.621474908415328
47384,737724.8777562857,10.062874004726616,9.957657278319703,9.886609703405924,9.621474908415328
47385,737724.8798057485,10.065912931202755,9.914745974871426,10.065912931202755,9.934793298981088
47406,737725.255991983,10.06693803071495,9.86901650373318,9.803722761778975,9.914410001692497
47445,737725.7900618213,10.073988454833183,9.96214235519753,10.073988454833183,9.763443253290848
47526,737727.7048838767,10.073988454833183,9.96214235519753,10.073988454833183,9.763443253290848
47569,737728.9964029314,9.961270868296827,9.962189399722385,9.903793942455795,9.808556003659474
47590,737730.0139061062,9.961270868296827,9.962189399722385,9.903793942455795,9.808556003659474
47592,737730.0382488184,9.986369762143237,10.006599530027069,9.953336667179206,9.817245242799396
47594,737730.0940385704,10.091777198127348,10.091075214490496,9.770436890561472,9.956502509680302
47610,737730.6302378875,10.084456118735718,10.118586787086786,9.804273662148118,9.97452350845604
47653,737731.9059309105,10.084456118735718,10.118586787086786,9.804273662148118,9.97452350845604
47664,737732.1531516504,10.17062965096799,10.17062965096799,9.916382401899186,9.930101623757718
47766,737734.5832981324,10.17062965096799,10.17062965096799,9.916382401899186,9.930101623757718
47775,737734.7402341238,10.17062965096799,10.17062965096799,9.916382401899186,9.930101623757718
47808,737735.2802338048,10.091777198127348,10.012881158876475,10.091777198127348,9.89146560519738
47855,737735.857838381,10.091777198127348,10.012881158876475,10.091777198127348,9.89146560519738
47877,737736.2608693014,10.091777198127348,10.012881158876475,10.091777198127348,9.89146560519738
47897,737736.7911704376,10.091777198127348,10.012881158876475,10.091777198127348,9.89146560519738
47928,737737.6502101087,10.091777198127348,10.012881158876475,10.091777198127348,9.89146560519738
47942,737737.9234662656,10.091777198127348,10.012881158876475,10.091777198127348,9.89146560519738
47944,737737.9346291386,10.091777198127348,10.012881158876475,10.091777198127348,9.89146560519738
48047,737740.0999303901,10.166607610220595,10.166607610220595,10.204380969048934,10.209771358609691
48054,737740.3310269282,10.080262930777542,10.012100994865017,10.078556258952354,9.937548244693389
48081,737741.0406794145,10.080262930777542,10.012100994865017,10.078556258952354,9.937548244693389
48122,737742.2164480678,10.138537605306142,10.141404299022877,10.14189012519242,10.212078160819503
48201,737744.2327024831,10.148195938592153,10.055694356252115,10.148195938592153,9.998315923843558
48327,737747.682868354,10.148195938592153,10.055694356252115,10.148195938592153,9.998315923843558
48390,737749.2907684424,10.104380825103352,10.127302734893204,10.104380825103352,10.067372526660314
48430,737750.4346592263,10.143711357099118,10.14889318858336,10.060193619776923,10.01054022987872
48461,737751.7939094105,10.143711357099118,10.14889318858336,10.060193619776923,10.01054022987872
48472,737752.0000628089,10.139828191365185,10.10342950949869,10.17463140075342,10.208973325682775
48501,737752.9582800069,10.121404180176228,10.078993602095638,10.1061147564364,10.144186514565082
48509,737753.2581065838,10.121404180176228,10.104247336038451,10.007177693935498,10.011571852434036
48666,737756.4337921265,10.121404180176228,10.104247336038451,10.007177693935498,10.011571852434036
48783,737758.0157997039,10.121404180176228,10.104247336038451,10.007177693935498,10.011571852434036
48789,737758.0996401436,10.121404180176228,10.104247336038451,10.007177693935498,10.011571852434036
48795,737758.2955774913,10.121404180176228,10.104247336038451,10.007177693935498,10.011571852434036
48825,737758.8727015399,10.123343257512337,10.059104996262908,10.123343257512337,10.092911254906172
48839,737759.1783994127,10.123343257512337,10.059104996262908,10.123343257512337,10.092911254906172
48845,737759.3334899254,10.025949849368018,10.090172646113494,10.100163667084857,9.994824901870713
48847,737759.3546901218,10.025949849368018,10.089872133255424,10.025052399893703,10.039514018279803
48890,737760.3757877848,10.12671681588415,9.951670858507997,10.12671681588415,10.066478618082852
48898,737760.4416328449,10.082633550087008,9.895142837452818,10.082633550087008,10.036456772877148
48925,737761.1148112747,10.027053017336257,9.896329247951169,10.027053017336257,10.046700315602004
49056,737764.5369835985,10.018971583444783,10.017267208883897,10.05892378921949,9.93832681698223
49080,737765.1372183827,10.018971583444783,10.017267208883897,10.05892378921949,9.93832681698223
49086,737765.4343565659,10.018971583444783,10.017267208883897,10.05892378921949,9.93832681698223
49089,737765.4961590897,10.017400039190386,10.01370754297311,10.05892378921949,9.88661100006493
49090,737765.5053547603,9.974029235397134,10.017267208883897,9.974029235397134,9.865481486872019
49092,737765.5204363465,9.928336509286535,9.907823415609577,10.00002491658751,9.861984688886032
49093,737765.5454020032,9.88865816117515,9.860687263524273,9.828031435029581,9.853884037112495
49095,737765.5745517259,9.759515119963982,9.907823415609577,9.81153288595364,9.79725835145556
49096,737765.5823555588,9.759515119963982,9.907823415609577,9.81153288595364,9.79725835145556
49114,737766.0174458709,9.791840430180343,9.886490141351398,9.84990981804894,9.729884357215326
49123,737766.1527990677,10.032006716150917,9.763979841477203,10.032006716150917,9.69392453349164
49160,737766.936454825,9.689860592417153,10.040310429729328,9.689860592417153,10.089652974906253
49167,737767.0506931262,9.689860592417153,10.040310429729328,9.689860592417153,10.089652974906253
49168,737767.051028075,9.689860592417153,10.040310429729328,9.689860592417153,10.089652974906253
49170,737767.1796083886,10.023276485831646,9.75000412647572,10.023276485831646,9.814675955969081
49201,737767.8794509955,10.014007560034308,9.612737941365596,9.988870761466787,9.725164783552401
49213,737768.0522400353,9.948599449052946,9.7757695146891,9.948599449052946,9.715828528736282
49286,737769.6820839479,10.029645499820987,10.024739937917088,10.098711460088582,9.98263364738364
49301,737769.897497552,10.029645499820987,10.024739937917088,10.098711460088582,9.98263364738364
49346,737770.7327614467,10.03010710513147,10.03211647468958,10.03010710513147,9.964356724157485
49352,737770.8922781972,10.028650084452496,10.009293328686354,10.028650084452496,9.956305244504023
49400,737772.3943086393,10.028650084452496,10.009293328686354,10.028650084452496,9.956305244504023
49404,737772.5031699005,9.97975436808573,9.739697184899669,10.01486504521646,9.802537810586912
49414,737772.8364594524,9.97975436808573,9.739697184899669,10.01486504521646,9.802537810586912
49431,737773.5251346309,9.790111089860615,10.101151480454751,9.790111089860615,10.037558244590356
49507,737776.0789165907,9.790111089860615,10.101151480454751,9.790111089860615,10.037558244590356
49522,737776.6039912004,9.790111089860615,10.101151480454751,9.790111089860615,10.037558244590356
49580,737777.7772249703,9.790111089860615,10.101151480454751,9.790111089860615,10.037558244590356
49582,737777.7970365284,9.790111089860615,10.101151480454751,9.790111089860615,10.037558244590356
49614,737778.2412210112,9.927487390726723,9.765113971443183,9.927487390726723,9.765113971443183
49679,737780.0172816933,9.927487390726723,9.765113971443183,9.927487390726723,9.765113971443183
49683,737780.1721532564,9.778374098943324,9.813715596382835,9.778374098943324,10.027430949816782
49725,737781.0207758519,9.778374098943324,9.813715596382835,9.778374098943324,10.027430949816782
49780,737782.1478078371,9.778374098943324,9.813715596382835,9.778374098943324,10.027430949816782
49799,737783.0303289838,9.901469392361875,9.624689973509208,10.017267208883897,9.354208796350623
49820,737783.81312191,9.901469392361875,9.624689973509208,10.017267208883897,9.354208796350623
49823,737783.8601230186,9.901469392361875,9.624689973509208,10.017267208883897,9.354208796350623
49873,737784.9764894567,9.901469392361875,9.624689973509208,10.017267208883897,9.354208796350623
49928,737785.8329124356,9.902752505468433,9.772222603806727,9.751875332297121,9.53639421802301
50335,737788.7926017034,9.902752505468433,9.772222603806727,9.751875332297121,9.53639421802301
50341,737788.8681616988,9.918323644405785,9.913940745460472,9.861753457868788,9.405983119737826
50541,737791.1573583476,9.918323644405785,9.913940745460472,9.861753457868788,9.405983119737826
50605,737792.2216662947,9.922502862513896,9.9181621484128,9.575421176841958,9.622788352049163
50633,737792.655202757,9.922502862513896,9.9181621484128,9.575421176841958,9.622788352049163
50648,737792.87918249,9.922502862513896,9.9181621484128,9.575421176841958,9.622788352049163
50662,737793.0650176817,9.93343648666674,9.914188195818728,9.706067180228393,9.563236880820496
50665,737793.0733256174,9.93343648666674,9.914188195818728,9.706067180228393,9.563236880820496
50680,737793.2700717405,9.93343648666674,9.914188195818728,9.706067180228393,9.534588899365808
50687,737793.348511671,9.93343648666674,9.914188195818728,9.706067180228393,9.534588899365808
50796,737794.803683312,9.93343648666674,9.914188195818728,9.706067180228393,9.534588899365808
50799,737794.9192684164,9.907234592167951,9.919523828218512,9.76022229755748,9.74167807054488
50861,737795.6398543301,9.924624224104312,9.954801820644212,9.924624224104312,9.438061442442674
50865,737795.6876251809,9.924624224104312,9.954801820644212,9.924624224104312,9.438061442442674
50869,737795.7159760024,9.924624224104312,9.954801820644212,9.924624224104312,9.438061442442674
50870,737795.7170451385,9.924624224104312,9.954801820644212,9.924624224104312,9.438061442442674
50874,737795.7546656344,9.930323532772093,9.947358799049672,9.930323532772093,9.336682428751267
50877,737795.7636072034,9.930323532772093,9.947358799049672,9.930323532772093,9.336682428751267
50879,737795.7695255828,9.930323532772093,9.947358799049672,9.930323532772093,9.336682428751267
50880,737795.7764818135,9.930323532772093,9.947358799049672,9.930323532772093,9.336682428751267
50887,737795.8552179011,9.930323532772093,9.947358799049672,9.930323532772093,9.336682428751267
50888,737795.8561576216,9.930323532772093,9.947358799049672,9.930323532772093,9.336682428751267
50896,737795.8987469522,9.930323532772093,9.947358799049672,9.930323532772093,9.336682428751267
50898,737795.9134038732,9.933341728937075,9.950981036533538,9.933341728937075,9.338200848177403
50905,737795.988167876,9.935659248512588,9.87204012055216,9.935659248512588,9.3069313021401
50906,737795.9897270107,9.935659248512586,9.87204012055216,9.935659248512586,9.21666455329729
50907,737795.9937870236,9.935659248512586,9.87204012055216,9.935659248512586,9.21666455329729
50911,737796.027587094,9.935659248512586,9.87204012055216,9.935659248512586,9.21666455329729
50933,737796.3471374974,9.935659248512586,9.87204012055216,9.935659248512586,9.21666455329729
50938,737796.4172805367,9.935659248512586,9.87204012055216,9.935659248512586,9.21666455329729
51016,737797.5355730753,9.935659248512586,9.87204012055216,9.935659248512586,9.21666455329729
51022,737797.5917607743,9.935659248512586,9.87204012055216,9.935659248512586,9.21666455329729
51089,737798.5926491377,10.02903441446177,10.02903441446177,9.857453221814659,9.866907407083751
51147,737799.6747320147,10.02903441446177,10.02903441446177,9.857453221814659,9.866907407083751
51154,737799.8250489559,10.03745699731406,10.02903441446177,9.711060178552648,9.756516723381159
51160,737800.0129800467,10.03745699731406,10.02903441446177,9.711060178552648,9.756516723381159
51167,737800.1455974776,9.9920638214287,9.939448966985132,9.9920638214287,10.001972699870365
51202,737800.8924690884,9.931500633253261,9.94438397539639,9.53856662176551,9.680609953596093
51213,737801.165957481,9.931500633253261,9.94438397539639,9.53856662176551,9.680609953596093
51263,737802.1784225823,9.931500633253261,9.94438397539639,9.53856662176551,9.680609953596093
51265,737802.2292426825,9.931500633253261,9.826339582136354,9.530621187072805,9.708028101980853
51296,737802.6927184693,9.931500633253261,9.826339582136354,9.530621187072805,9.708028101980853
51298,737802.7074230708,9.844739392886154,10.028349647676169,9.844739392886154,10.016922401083248
51299,737802.7366405334,9.844739392886154,10.028349647676169,9.844739392886154,10.016922401083248
51300,737802.7469111951,9.844739392886154,10.028349647676169,9.844739392886154,10.016922401083248
51301,737802.7695567932,9.844739392886154,10.028349647676169,9.844739392886154,10.016922401083248
51303,737802.7738724996,9.844739392886154,10.028349647676169,9.844739392886154,10.016922401083248
51307,737802.8811540839,9.844739392886154,10.028349647676169,9.844739392886154,10.016922401083248
51397,737805.7310978405,9.932788438220978,10.027825351584958,9.932788438220978,10.008998790108391
51413,737806.1397552766,10.054457674430127,10.015625820221342,10.054457674430127,10.015625820221342
51458,737807.3018545103,10.02089669489565,10.06529162216012,10.02089669489565,10.031956914071095
51474,737807.5136983256,9.803512936801338,9.52900404427076,9.902752505468433,9.52900404427076
51492,737808.0845175928,9.873165992612652,9.62320595103899,9.873165992612652,9.611786931716516
51526,737809.2158767619,10.018973943683081,10.012662973923568,10.018973943683081,10.042600319117822
51537,737809.6289041797,10.018973943683081,10.012662973923568,10.018973943683081,10.042600319117822
51539,737809.6488043186,10.018973943683081,10.012662973923568,10.018973943683081,10.042600319117822
51554,737810.1697009229,10.018973943683081,10.012662973923568,10.018973943683081,10.042600319117822
51650,737812.3073804805,9.789722982656253,9.6948002115076,9.852106264827517,9.851770243411027
51670,737812.6472817144,9.836980577460565,9.78670854665599,9.868190694899893,9.572219083595293
51689,737813.14360758,9.836980577460565,9.78670854665599,9.868190694899893,9.572219083595293
51698,737813.3922875372,9.836980577460565,9.78670854665599,9.868190694899893,9.572219083595293
51699,737813.4118791252,9.836980577460565,9.78670854665599,9.868190694899893,9.572219083595293
51837,737816.5979558257,9.745587055910754,9.670774838224037,9.850562404138568,9.820868295171614
51864,737817.222494294,9.745587055910754,9.670774838224037,9.850562404138568,9.820868295171614
51881,737818.0710864944,9.836364712654419,9.60481222226607,9.99860568828083,9.77646112151954
51893,737818.435462367,9.836364712654419,9.60481222226607,9.99860568828083,9.77646112151954
51909,737819.0544256889,9.836364712654419,9.60481222226607,9.99860568828083,9.77646112151954
51925,737819.5404766386,9.637144140094719,9.601994376348292,9.827904806015988,9.635521844339634
51940,737819.7188176848,9.637144140094719,9.601994376348292,9.827904806015988,9.635521844339634
51946,737819.8342836769,9.637144140094719,9.601994376348292,9.827904806015988,9.635521844339634
51949,737819.9545177668,9.741649238868561,9.640947833000018,9.716803564949029,9.535805029745315
51950,737819.9951263125,9.741649238868561,9.640947833000018,9.716803564949029,9.535805029745315
51954,737820.1347774273,9.70666516623533,9.640947833000018,9.595258161946973,9.503976384536532
51956,737820.2012688582,9.65108757772357,9.594073367841576,9.807255536469153,9.664170803446268
51960,737820.2962117614,9.637144140094719,9.57236485214994,9.761575643497396,9.664170803446268
51962,737820.3416403374,9.637144140094719,9.57236485214994,9.761575643497396,9.664170803446268
51965,737820.3859481318,9.560474412154452,9.452280773791992,9.738355005107389,9.662328687066859
51967,737820.3925265002,9.555153236846351,9.43615375186957,9.600465865805262,9.662328687066859
51968,737820.455890265,9.553766970714872,9.36283910744908,9.493202484304717,9.66246560092229
51969,737820.4580352018,9.553766970714872,9.36283910744908,9.493202484304717,9.66246560092229
51971,737820.4792686561,9.553766970714872,9.36283910744908,9.493202484304717,9.66246560092229
51972,737820.4848271225,9.553766970714872,9.36283910744908,9.493202484304717,9.66246560092229
51974,737820.4966775338,9.565602312215296,9.332569187302349,9.49942166823911,9.664170803446268
51975,737820.4983834218,9.544614563945611,9.332569187302349,9.45226510164852,9.66246560092229
51977,737820.4994295301,9.415475498268867,9.328326691835994,9.101969486543904,9.664170803446268
51979,737820.506354834,9.350496772835246,9.328326691835994,9.196494842209466,9.664170803446268
51980,737820.508910578,9.350496772835246,9.328326691835994,9.196494842209466,9.664170803446268
51982,737820.5180342722,9.350496772835246,9.328326691835994,9.196494842209466,9.664170803446268
51983,737820.5400960514,9.350496772835246,9.328326691835994,9.196494842209466,9.664170803446268
51984,737820.5483458866,9.350496772835246,9.328326691835994,9.196494842209466,9.664170803446268
51986,737820.5502663208,9.25953649056016,9.328326691835994,9.196494842209466,9.664170803446268
51987,737820.5508141384,9.04272846755128,9.328326691835994,9.196494842209466,9.664170803446268
51988,737820.5542300654,8.985913280392763,9.328326691835994,9.157038323116554,9.662328687066859
51991,737820.5636660141,8.894602704731009,9.334454185330504,9.20058078835401,9.665399617246578
51992,737820.6426569541,8.708177199208885,9.334454185330504,9.16126022807065,9.665399617246578
51993,737820.6510815794,8.708177199208885,9.334454185330504,9.16126022807065,9.665399617246578
51994,737820.6551199942,8.708177199208885,9.334454185330504,9.16126022807065,9.665399617246578
51995,737820.6599046553,8.708177199208885,9.334454185330504,9.20058078835401,9.665263625383735
51997,737820.7287509717,8.708177199208885,9.334454185330504,9.16126022807065,9.656599509435011
51998,737820.7306621128,8.708177199208885,9.334454185330504,9.16126022807065,9.656599509435011
52000,737820.7676512277,8.615337902546033,9.312563152172809,9.16126022807065,9.66694059939183
52004,737820.9468430361,8.615337902546033,9.312563152172809,9.16126022807065,9.66694059939183
52010,737821.4952480757,8.898973906581501,9.312563152172809,9.106611921299764,9.667093360910746
52012,737821.8237233122,8.898973906581501,9.312563152172809,9.106611921299764,9.667093360910746
52044,737822.8560349473,8.898973906581501,9.312563152172809,9.106611921299764,9.667093360910746
52057,737823.0268675784,8.898973906581501,9.312563152172809,9.106611921299764,9.667093360910746
52061,737823.0880814968,8.898973906581501,9.312563152172809,9.106611921299764,9.667093360910746
52062,737823.0929362415,8.898973906581501,9.312563152172809,9.106611921299764,9.667093360910746
52063,737823.0973873755,8.898973906581501,9.312563152172809,9.106611921299764,9.667093360910746
52102,737824.162745609,8.006617566946005,9.19826551117035,9.20058078835401,9.665263625383735
52139,737825.1192173291,8.006617566946005,9.19826551117035,9.20058078835401,9.665263625383735
52245,737827.8201768433,8.006617566946005,9.19826551117035,9.20058078835401,9.665263625383735
52246,737827.8555774199,8.006617566946005,9.19826551117035,9.20058078835401,9.665263625383735
52252,737828.0014360605,8.006617566946005,8.52910596613787,9.048538722923965,9.523780126446907
52267,737828.4224612064,8.22336175447733,8.68264705183147,9.013663992471056,9.523780126446907
52270,737828.5169729828,8.238569025469744,8.689096125010655,9.013663992471056,9.523780126446907
52290,737828.8823885939,8.238569025469744,8.689096125010655,9.013663992471056,9.523780126446907
52310,737829.0481212458,8.238569025469744,8.689096125010655,9.013663992471056,9.523780126446907
52341,737829.6181021363,8.238569025469744,8.689096125010655,9.013663992471056,9.523780126446907
52344,737829.6941239662,8.264126256255912,8.711972456576346,9.013663992471056,9.38700580267509
52345,737829.6943967413,8.264715820858507,8.712448479605245,9.013663992471056,9.38700580267509
52359,737830.0306907925,8.264715820858507,8.712448479605245,9.013663992471056,9.38700580267509
52380,737830.5672707404,8.327486992246664,8.748771443130677,8.992159529345402,9.368501545931055
52402,737831.150534284,8.327486992246664,8.748771443130677,8.992159529345402,9.368501545931055
52412,737831.3759938126,8.327486992246664,8.748771443130677,8.992159529345402,9.368501545931055
52414,737831.4492473272,8.327486992246664,8.748771443130677,8.992159529345402,9.368501545931055
52416,737831.4861250024,8.300014775466142,9.854990239876127,8.300014775466142,9.909056396727856
52427,737832.0730277484,8.326481021425952,9.860604215529786,8.326481021425952,9.913146181484105
52429,737832.1199913383,8.326481021425952,9.860604215529786,8.326481021425952,9.913146181484105
52433,737832.2634615891,8.326481021425952,9.860604215529786,8.326481021425952,9.913146181484105
52526,737834.681973667,9.725830048242674,9.725830048242674,9.725830048242674,9.654960531984782
52589,737836.2842404993,9.725830048242674,9.725830048242674,9.725830048242674,9.654960531984782
52608,737836.8257764863,9.725830048242674,9.725830048242674,9.725830048242674,9.654960531984782
52609,737836.9138706113,9.725830048242674,9.725830048242674,9.725830048242674,9.654960531984782
52637,737837.5444657248,7.862881266108357,8.549093166554078,8.34683274841021,9.316638952654692
52641,737837.691286344,7.862881266108357,8.549093166554078,8.34683274841021,9.316638952654692
52643,737837.7182163002,7.862881266108357,8.549093166554078,8.34683274841021,9.316638952654692
52662,737838.1281527496,7.950149855505626,7.950149855505626,8.915749595682794,9.210470448063614
52694,737839.7127924019,9.193033664313319,9.219272978566345,9.629278903642977,9.687965860919546
52725,737840.5883564472,8.265874162827414,8.738673484774859,8.816688392661332,9.496208419246692
52734,737840.9403655893,8.265874162827414,8.738673484774859,8.816688392661332,9.496208419246692
52759,737841.6541563832,8.231599698992456,8.89102644787023,8.866084397530386,9.34854351340278
52771,737841.9526953417,8.231599698992456,8.89102644787023,8.866084397530386,9.34854351340278
52773,737842.0602400696,8.231599698992456,8.89102644787023,8.866084397530386,9.34854351340278
52800,737843.1296497538,8.231599698992456,8.89102644787023,8.866084397530386,9.34854351340278
52802,737843.1311534346,8.231599698992456,8.89102644787023,8.866084397530386,9.34854351340278
52867,737844.9347334674,8.231599698992456,8.89102644787023,8.866084397530386,9.34854351340278
52930,737847.0257068493,8.231599698992456,8.89102644787023,8.866084397530386,9.34854351340278
52940,737847.3822451147,8.231599698992456,8.89102644787023,8.866084397530386,9.34854351340278
53040,737849.8405680385,8.231599698992456,8.89102644787023,8.866084397530386,9.34854351340278
53041,737849.8408615531,9.293662464533378,9.293662464533378,9.57339235089105,9.204410221258506
53042,737849.8452929454,9.309461231811916,9.309461231811916,9.576253163374622,9.217056164525342
53043,737849.8540412139,9.309461231811916,9.309461231811916,9.576253163374622,9.217056164525342
53047,737849.981036704,9.327957894308337,9.327957894308337,9.518573914199672,9.224605119380303
53048,737849.981575319,9.327957894308337,9.327957894308337,9.518573914199672,9.224605119380303
53080,737850.9181060196,9.349775908585869,9.349775908585869,9.349775908585869,9.082747664604602
53121,737851.8292635761,9.349775908585869,9.349775908585869,9.349775908585869,9.082747664604602
53131,737852.1063056873,9.349775908585869,9.349775908585869,9.349775908585869,9.082747664604602
53134,737852.1727922574,9.349775908585869,9.349775908585869,9.349775908585869,9.082747664604602
53157,737852.7181628515,9.349775908585869,9.349775908585869,9.349775908585869,9.082747664604602
53197,737854.3498935332,9.56289064286272,9.56289064286272,9.56289064286272,9.56289064286272
53212,737854.7060114898,9.56289064286272,9.56289064286272,9.56289064286272,9.56289064286272
53244,737855.7005612074,9.349075655372687,9.349075655372687,8.551919868456496,9.082747664604602
53246,737855.762944586,9.52396405101046,9.52396405101046,9.52396405101046,9.494217966606463
53290,737857.4202581117,9.427790775339645,9.52396405101046,9.427790775339645,9.306960573793424
53291,737857.423987833,9.405803721593866,9.523350706918079,9.405803721593866,9.294271338695564
53333,737858.4604594762,9.432814733091245,9.523350706918079,9.432814733091245,9.267442308854456
53350,737858.9412837899,9.545718804927136,9.339591532638341,8.434595590435647,8.742709612236183
53351,737858.9427851171,9.547967913744747,9.311970731195048,8.445720004094309,8.752234081685295
53353,737858.9906763049,9.547967913744747,9.311970731195048,8.445720004094309,8.752234081685295
53450,737862.1966738221,9.547967913744747,9.311970731195048,8.445720004094309,8.752234081685295
53486,737863.0328713168,9.547967913744747,9.311970731195048,8.445720004094309,8.752234081685295
53496,737863.2249219721,9.547967913744747,9.311970731195048,8.445720004094309,8.752234081685295
53498,737863.2666364147,9.547967913744747,9.311970731195048,8.445720004094309,8.752234081685295
53510,737863.5759524126,9.432058030598103,9.520724400602292,9.432058030598103,9.389885321888546
53518,737863.7500224166,9.432058030598103,9.520724400602292,9.432058030598103,9.389885321888546
53520,737863.7904312814,9.432058030598103,9.520724400602292,9.432058030598103,9.389885321888546
53556,737864.6843786337,9.432058030598103,9.520724400602292,9.432058030598103,9.389885321888546
53562,737864.8655569683,9.432058030598103,9.520724400602292,9.432058030598103,9.389885321888546
53618,737866.1890754063,9.617342441473397,9.617342441473397,9.617342441473397,9.617342441473397
53621,737866.3387039349,9.502436427490636,9.559460809508344,9.293017043003395,9.333985654795708
53622,737866.34322757,9.610406849586077,9.623055385542232,9.610406849586077,9.623055385542232
53627,737866.4013494969,9.637305634802532,9.625071198929572,9.637305634802532,9.625071198929572
53629,737866.408662845,9.625842755895228,9.4586950648099,9.625842755895228,9.4586950648099
53631,737866.4191256983,9.4586950648099,9.406686342562935,9.4586950648099,9.406686342562935
53652,737867.571373599,9.584613601249524,9.585191636521913,9.26732170097273,9.47381866243669
53665,737867.9375642895,9.833752553602201,9.660630347439334,9.462391883010172,9.537008182925195
53676,737868.546614196,9.584613601249524,9.596235044752738,9.308445340021338,9.51964641646809
53688,737868.8013206827,9.584613601249524,9.596235044752738,9.308445340021338,9.51964641646809
53725,737870.0356335866,9.584613601249524,9.596235044752738,9.308445340021338,9.51964641646809
53728,737870.0876870444,9.584613601249524,9.596235044752738,9.308445340021338,9.51964641646809
53771,737871.0580895112,9.387393531642704,9.285446424686976,9.308741570778098,9.285446424686976
53775,737871.1345068153,9.387393531642704,9.285446424686976,9.308741570778098,9.285446424686976
53817,737872.2786497145,9.642181722492998,9.642181722492998,9.642181722492998,9.538266245553785
53819,737872.3088758539,9.474518681355963,9.673756931732857,9.474518681355963,9.650627057404764
53820,737872.3453471921,9.626176856050993,9.617304279660393,9.626176856050993,9.52714809729194
53841,737873.3045415854,9.62306016093979,9.61599095968114,9.62306016093979,9.528698661257053
53858,737874.1821134276,9.509563865047602,9.57955147508039,9.509563865047602,9.52260292537777
53864,737874.4363993293,9.787530094405957,9.548031336111316,9.787530094405957,9.693939942853593
53866,737874.6515233412,9.787530094405957,9.548031336111316,9.787530094405957,9.693939942853593
53887,737875.2669927389,9.787530094405957,9.548031336111316,9.787530094405957,9.693939942853593
53896,737875.5485778128,9.787530094405957,9.548031336111316,9.787530094405957,9.693939942853593
53904,737875.7597353245,9.787530094405957,9.548031336111316,9.787530094405957,9.693939942853593
53911,737876.0133016871,9.787530094405957,9.548031336111316,9.787530094405957,9.693939942853593
53912,737876.0753653271,9.787530094405957,9.548031336111316,9.787530094405957,9.693939942853593
53913,737876.088252573,9.698079329625656,9.733229601333074,9.673756931732857,9.584073816051683
53914,737876.1013383311,9.698079329625656,9.733229601333074,9.673756931732857,9.584073816051683
53938,737877.1959240624,9.698079329625656,9.733229601333074,9.673756931732857,9.584073816051683
53950,737877.3391542437,9.698079329625656,9.733229601333074,9.673756931732857,9.584073816051683
53959,737877.4756349949,9.698079329625656,9.733229601333074,9.673756931732857,9.584073816051683
53963,737877.6182088838,9.698079329625656,9.733229601333074,9.673756931732857,9.584073816051683
54015,737878.5559612772,9.698079329625656,9.733229601333074,9.673756931732857,9.584073816051683
54026,737878.9321033815,9.698079329625656,9.733229601333074,9.673756931732857,9.584073816051683
54038,737879.1897266548,9.415591214120953,9.464111303774578,9.539321665002184,9.285446424686976
54040,737879.2252025768,8.959419291013722,9.464111303774578,9.21688101766017,9.285446424686976
54041,737879.2338825657,9.226319664920172,9.325478285266254,9.273102798979297,9.285446424686976
54058,737879.4887138935,8.845071287668322,9.317537773448453,9.169571660326561,9.285446424686976
54065,737879.5957722141,9.464111303774578,9.533899201495942,9.345941690618789,9.4767440835558
54094,737880.5664305177,9.464111303774578,9.6697474498014,9.363331145692483,9.668087729205359
54100,737880.8776983478,9.464111303774578,9.6697474498014,9.363331145692483,9.668087729205359
54136,737882.058842561,9.515912163812281,9.317537773448453,8.691831548147173,9.290736210068033
54137,737882.0591990587,9.51614155111702,9.306613703286093,8.596028968871547,9.290736210068033
54138,737882.1734194797,9.503134453482824,9.27337942449485,8.534149170463992,9.290736210068033
54142,737882.2657950559,9.481103780556083,9.016987311887036,8.627365802303235,9.297250234917717
54147,737882.3652019494,9.145651347820856,9.012461055590022,8.523395760550141,9.297250234917717
54149,737882.3847739362,9.57827682328305,9.703082659271326,9.395777105527861,9.603139832595767
54168,737882.9843109853,9.57827682328305,9.703082659271326,9.395777105527861,9.603139832595767
54169,737883.0025940203,9.57827682328305,9.703082659271326,9.395777105527861,9.603139832595767
54170,737883.0455311871,9.57827682328305,9.703082659271326,9.395777105527861,9.603139832595767
54171,737883.0675768695,9.57827682328305,9.703082659271326,9.395777105527861,9.603139832595767
54172,737883.0701505007,9.595119744986102,9.158590443921717,9.433895770052,9.163208125738512
54182,737883.3708192188,9.145962788698414,8.869769111754309,8.477204407125678,9.3287485038957
54183,737883.3729513785,9.145340607271399,8.831177604741077,8.062611975906096,9.3287485038957
54186,737883.3971272504,9.145340607271399,8.831177604741077,8.062611975906096,9.3287485038957
54191,737883.5430072151,9.492492180619086,9.867014158395117,9.492492180619086,9.867014158395117
54198,737883.7591196052,9.492492180619086,9.867014158395117,9.492492180619086,9.867014158395117
54203,737883.988183291,8.74893527650976,9.232365216372873,7.854075633240853,9.679112306956984
54204,737884.0077490616,8.74893527650976,9.232365216372873,7.854075633240853,9.679112306956984
54205,737884.0116878542,8.74893527650976,9.232365216372873,7.854075633240853,9.679112306956984
54208,737884.0873727121,8.74893527650976,9.232365216372873,7.854075633240853,9.679112306956984
54218,737884.2457196721,8.537772622899789,8.663169627759752,7.820281899088537,9.3287485038957
54237,737884.6594671924,8.537772622899789,8.663169627759752,7.820281899088537,9.3287485038957
54240,737884.720869733,8.496454717282708,8.663169627759752,7.820281899088537,9.141584403939351
54259,737885.3419357435,9.845116492894922,9.778446929073702,9.62597383582154,9.868099197165883
54274,737885.7462473914,8.458665744253395,8.277270610623406,8.016797804139317,9.097559860568914
54284,737885.9094147674,8.28369832853898,8.130877613035256,7.810195998919893,9.09759572418229
54303,737886.3325182439,8.880760179340685,8.994915725185306,7.714975769940438,9.419008134953897
54355,737886.9867273552,8.786186286011255,8.255207707815483,7.714975769940438,9.09759572418229
54363,737887.0854949744,7.860371225647326,8.256259840871335,7.869013132173888,9.09759572418229
54364,737887.08734342,7.1726817320377725,8.256259840871335,7.8101744637061286,9.09759572418229
54429,737888.3070901269,7.187578249970483,8.257697309762241,7.662803536660626,9.09759572418229
54442,737888.417390763,7.187578249970483,8.257697309762241,7.714975769940438,9.09759572418229
54454,737888.8298969114,7.42433923801898,8.385389427510745,7.906257414962074,9.448411069131408
54455,737888.8400498731,7.42433923801898,8.385389427510745,7.906257414962074,9.448411069131408
54457,737888.867767931,7.42433923801898,8.385389427510745,7.871769478845071,9.163697759083044
54462,737888.9575510388,7.42433923801898,8.385389427510745,7.871769478845071,9.163697759083044
54463,737888.9805585138,7.42433923801898,8.385389427510745,7.774030124950799,9.163697759083044
54465,737888.9817043004,7.536193188233097,8.42358252706187,7.885832190635503,9.174743494904284
54467,737889.000628683,7.536193188233097,8.42358252706187,7.981199401464945,9.454180434447789
54480,737889.4802965333,7.536193188233097,8.42358252706187,7.981199401464945,9.454180434447789
54484,737889.5654925304,9.911089101080968,9.99513665968015,9.765489213832963,9.909858444324664
54494,737889.7421541996,7.536193188233097,8.42358252706187,7.924263162177245,9.174743494904284
54510,737890.0752498226,7.536193188233097,8.42358252706187,8.01813444744553,9.174743494904284
54521,737890.3538381926,7.57711827333966,8.433451953285063,8.04377492123275,9.461388040797607
54527,737890.7768785486,7.57711827333966,8.433451953285063,8.047512431245817,9.174743494904284
54534,737891.1191760218,7.57711827333966,8.433451953285063,8.047512431245817,9.174743494904284
54551,737891.7014779265,7.57711827333966,8.433451953285063,7.960475373896719,9.174743494904284
54556,737891.9279831336,7.5814579084817355,8.43405867252452,8.047512431245817,9.174743494904284
54560,737892.0358132707,7.5814579084817355,8.43405867252452,8.047512431245817,9.174743494904284
54578,737892.3977238463,9.761376721642044,9.102212206791348,9.542902850686806,9.670336987753696
54611,737893.3991047442,7.5814579084817355,8.43405867252452,8.013849708044656,9.174743494904284
54631,737893.6805444749,9.519557048726812,9.785482516360986,9.519557048726812,9.938786875560488
54637,737893.8961971576,9.519557048726812,9.785482516360986,9.519557048726812,9.938786875560488
54645,737894.1934053929,7.5814579084817355,8.43405867252452,8.013849708044656,9.174743494904284
54693,737895.1079185526,9.27269920164585,9.106294373725023,9.27269920164585,9.339919125925867
54698,737895.2119682013,9.634196005264934,9.75685171401369,9.623356325648867,9.748589377850069
54715,737895.920805621,7.6316210700701825,8.668912707307909,8.091522583564245,9.296041409856112
54758,737896.7550711872,7.6316210700701825,8.668912707307909,8.091522583564245,9.296041409856112
54760,737896.7825785489,7.6316210700701825,8.668912707307909,8.091522583564245,9.296041409856112
54793,737897.6765943726,7.6316210700701825,8.668912707307909,8.091522583564245,9.296041409856112
54798,737897.8280698735,7.6316210700701825,8.668912707307909,8.091522583564245,9.296041409856112
54812,737898.6809577491,7.6316210700701825,8.668912707307909,8.091522583564245,9.296041409856112
54822,737898.9881218834,7.6316210700701825,8.668912707307909,8.091522583564245,9.296041409856112
54848,737899.9985779527,7.6316210700701825,8.668912707307909,8.091522583564245,9.296041409856112
54851,737900.0620602984,6.85264884378745,8.334557568241713,7.6316940820568115,8.807909727221347
54853,737900.0838532234,6.8528845703778245,8.334557568241713,7.6316940820568115,8.807909727221347
54878,737900.906145252,6.8504685939993575,8.334435133982845,7.6316940820568115,8.807909727221347
54879,737900.9118065827,6.815695145867919,8.32285562961127,7.638605486758012,8.809346701317546
54895,737901.5076129484,6.815695145867919,8.32285562961127,7.638605486758012,8.809346701317546
54905,737901.7919290396,6.815695145867919,8.32285562961127,7.638605486758012,8.809346701317546
54914,737902.1455671685,7.516355404257285,8.472203428375233,7.634728494440187,8.598532936883242
54919,737902.2314019781,7.516355404257285,8.472203428375233,7.895986296032435,8.87750408630937
54921,737902.2736848299,7.6719381765415,8.521878807540233,7.972574820281621,9.288673542911864
54922,737902.2999669908,7.6719381765415,8.521878807540233,7.972574820281621,8.89172235342634
54971,737904.0528729699,7.6719381765415,8.521878807540233,7.972574820281621,8.89172235342634
54972,737904.0929286822,8.68362999918527,9.144610552753814,9.604982341850478,9.769654227008711
54973,737904.1599115718,8.756381600920639,8.94854447184794,9.286293656488175,9.351954492197313
54988,737904.5054525769,8.726111845008095,8.94854447184794,8.520384672479429,9.407526165100595
54998,737904.8388693556,8.756044009858954,8.94854447184794,8.2122758969926,9.407526165100595
55034,737905.9909869198,8.429827245327363,8.808402509274822,8.538084072783933,9.080240579286164
55035,737905.9973413263,8.429827245327363,8.808402509274822,8.538084072783933,9.080240579286164
55042,737906.1785467737,8.429827245327363,8.808402509274822,8.538084072783933,9.080240579286164
55057,737906.4663384226,9.044538689832835,9.164738034711485,9.634196005264934,9.531596589396745
55086,737907.5530718643,8.577933229063511,8.808402509274822,8.538084072783933,9.080240579286164
55118,737908.7399979439,9.006264242392783,8.970505490354094,8.2828007754202,9.41784250196542
55132,737909.1122304467,8.905798862089357,8.692551629475686,8.172928606686227,9.080240579286164
55145,737909.8473723951,8.55719895978417,8.692551629475686,8.65359494901861,9.078714337734114
55146,737909.8501202377,8.7643074732177,8.708245617497756,8.578676487719408,9.093846199047773
55148,737909.8538141762,8.578493383670834,8.708245617497756,8.670733076875052,9.093846199047773
55154,737910.0122164882,8.995862211412398,8.908095086858898,9.605003698653189,9.59348280289327
55156,737910.0679548597,8.466491312984294,8.878366438181235,8.578676487719408,9.14136190542885
55169,737910.3455225931,9.17859106993894,8.888645679316904,9.558034305338092,9.440009697307033
55196,737911.2609122926,9.193275094723429,8.919400215009274,9.127557096942759,9.440009697307033
55214,737911.8332592405,9.193275094723429,8.919400215009274,9.127557096942759,9.440009697307033
55226,737912.214201089,8.436149223225664,8.913690800217692,8.561527156391824,9.139380403072371
55264,737913.4958052939,8.466491312984294,8.913690800217692,8.57200199329656,8.963850198910677
55276,737913.6852036872,8.436149223225664,8.913690800217692,8.554581667050424,8.963850198910677
55360,737916.017351519,8.436149223225664,8.913690800217692,8.554581667050424,8.963850198910677
55361,737916.0212684663,9.034331267285843,9.045873893632903,8.775018243437072,9.287069397622842
55374,737916.1689606372,9.054619684159727,9.038055311440038,8.80090343546257,9.313722641713408
55375,737916.1982424441,8.975627404751597,8.65413107441139,8.975627404751597,8.733044731137989
55403,737917.1993081932,8.975627404751597,8.65413107441139,8.975627404751597,8.733044731137989
55515,737918.1786397005,8.473609757991252,8.998562764324792,8.561098384354606,9.123532476893667
55516,737918.1812236385,8.47752348325247,8.998562764324792,8.489210429306443,9.123532476893667
55582,737919.5093256774,8.596169727718777,8.736549992387667,8.771965260193717,9.118742896006134
55589,737919.8627656844,8.454027702340984,8.774197126846358,8.517015704885896,9.12279827863631
55592,737920.0682462578,8.454027702340984,8.774197126846358,8.517015704885896,9.12279827863631
55593,737920.0699794163,9.194253765076128,9.341023686474745,9.194253765076128,9.478126770127687
55627,737921.1382091573,9.194253765076128,9.341023686474745,9.194253765076128,9.478126770127687
55648,737921.6490170235,9.194253765076128,9.341023686474745,9.194253765076128,9.478126770127687
55649,737921.6505713556,8.5642072655183,8.900646665652687,8.49646215021228,9.114295305794416
55654,737921.7593393892,8.5642072655183,8.900646665652687,8.49646215021228,9.114295305794416
55666,737922.1066535575,8.548501080822195,8.761375297067792,8.472604579070769,9.114295305794416
55677,737922.4412542906,9.212953612682911,9.355004118007363,9.212953612682911,9.491940610602713
55688,737922.8490534448,9.348476999582276,9.466771677725129,9.348476999582276,9.595857662591918
55689,737922.8711825854,9.348476999582276,9.466771677725129,9.348476999582276,9.595857662591918
55705,737923.2477617338,8.432199856406276,8.761623441636202,8.472604579070769,9.114295305794416
55706,737923.2511291802,8.420241078523977,8.761623441636202,8.472604579070769,9.114295305794416
55728,737923.8754128659,8.420241078523977,8.761623441636202,8.472604579070769,9.114295305794416
55732,737923.9586839915,8.420241078523977,8.761623441636202,8.472604579070769,9.114295305794416
55754,737924.683951325,9.422058079884211,9.126778740974984,9.422058079884211,9.327703644048773
55764,737925.0452822775,8.29954095398238,8.71970391395386,8.063929792710272,9.114295305794416
55782,737925.3432630356,8.29954095398238,8.71970391395386,8.063929792710272,9.114295305794416
55801,737925.8933588751,8.29954095398238,8.71970391395386,8.063929792710272,9.114295305794416
55809,737926.0299552364,8.988938795561596,8.536646739933456,9.060557838871675,9.15621106555468
55877,737928.9440404498,8.988938795561596,8.536646739933456,9.060557838871675,9.15621106555468
55900,737929.8004454076,8.988938795561596,8.536646739933456,9.060557838871675,9.15621106555468
55931,737930.3965562449,8.988938795561596,8.536646739933456,9.060557838871675,9.15621106555468
55939,737930.5092702674,9.489875905466498,8.944376101379422,9.489875905466498,9.213436367520108
55958,737930.9776962382,9.653208548390513,9.434058207723362,9.653208548390513,9.434058207723362
55999,737931.8737771278,9.70191644061862,9.507255335525953,9.70191644061862,9.507255335525953
56007,737932.1182756076,9.496457713820561,9.502899911255513,9.496457713820561,9.218363330028074
56069,737934.639794976,9.496457713820561,9.502899911255513,9.496457713820561,9.218363330028074
56075,737934.8841465516,9.104038988119878,9.134031467261659,7.37554344671004,8.823902390872565
56093,737935.4229441235,9.100793914765731,9.133648735509881,7.9762675880330685,8.823902390872565
56097,737935.5150504892,9.13181784953356,9.16317697495405,7.422975172098486,8.865647458962655
56104,737936.1263474277,9.13181784953356,9.16317697495405,7.422975172098486,8.865647458962655
56138,737937.8400914766,9.13181784953356,9.16317697495405,7.422975172098486,8.865647458962655
56146,737938.1634507428,9.13181784953356,9.16317697495405,7.422975172098486,8.865647458962655
56185,737940.348121089,9.436325927959192,9.50044226094788,8.930977693706602,8.953304432641225
56206,737941.0454714983,9.620134108955098,9.620134108955098,8.216330329270876,8.653270849909164
56236,737941.719031307,9.794500902232878,9.67019110068219,9.794500902232878,9.666052161200952
56241,737942.0371593975,9.616246434871092,9.616246434871092,7.650524624797513,8.629529950426875
56248,737942.3114702044,9.616246434871092,9.616246434871092,7.650524624797513,8.629529950426875
56275,737943.016804561,9.90809372933698,9.739515532725092,9.644757886986202,9.716483796536185
56291,737943.5716995111,9.49192929823788,9.646790697080993,8.842739902833424,9.061200515380909
56409,737948.1741811697,9.638078740329219,9.764147257187965,9.446310858379498,9.297053351971078
56435,737949.7847473425,9.765722721217283,9.765722721217283,9.077170826950493,9.077170826950493
56440,737950.0667297589,9.765722721217283,9.765722721217283,9.077170826950493,9.077170826950493
56482,737951.6641042853,9.757900442333325,9.773079474249494,9.301661455286979,9.295514181421225
56544,737954.7209264861,9.603294051227802,9.695905452566867,9.281798992298423,9.69420425408632
56588,737956.311231203,9.92534160357312,9.925525914379136,9.604049864337446,9.777571934238049
56592,737956.3951734703,9.75335513399531,9.75335513399531,9.757900442333325,9.747404303364027
56611,737957.0497012449,9.75335513399531,9.75335513399531,9.757900442333325,9.747404303364027
56717,737961.6562586837,9.780554096609453,9.81438628959393,9.780554096609453,9.871584266530434
56771,737963.9180083921,9.95863720262097,9.95863720262097,9.859932978873646,9.868591772462475
56799,737965.1964665897,9.95863720262097,9.95863720262097,9.859932978873646,9.868591772462475
56808,737965.4740783987,9.855429809478355,9.855429809478355,9.603294051227802,9.695905452566867
56812,737965.6742775618,9.790036182845327,9.928764770411865,9.790036182845327,9.668434891373009
56836,737966.7536204219,9.996088727804997,9.977168784224043,9.996088727804997,9.858597311346825
56846,737967.041514462,9.996088727804997,9.977168784224043,9.996088727804997,9.858597311346825
56852,737967.3042708682,9.901777402627486,9.972896049564842,9.607542495439342,9.732405388254996
56895,737969.0292679177,9.901777402627486,9.972896049564842,9.607542495439342,9.732405388254996
56896,737969.0324193112,9.901777402627486,9.972896049564842,9.607542495439342,9.732405388254996
56897,737969.0340965907,9.957811130764972,9.977168784224043,9.842957177675522,9.919554502562502
56898,737969.0347943334,9.957811130764972,9.977168784224043,9.842957177675522,9.919554502562502
56909,737969.4551662294,9.95366537073815,9.772999968720336,9.809674560615724,9.775355288820146
56932,737969.9615491114,9.95366537073815,9.772999968720336,9.809674560615724,9.775355288820146
56978,737971.859766568,9.70221034387271,9.79130160840968,9.811196695810093,9.893411443845704
57082,737976.0647686946,9.70221034387271,9.79130160840968,9.811196695810093,9.893411443845704
57128,737978.3678747836,9.70221034387271,9.79130160840968,9.811196695810093,9.893411443845704
57177,737980.0157648744,9.70539637733654,9.79130160840968,9.849286788658016,9.684051558845473
57225,737982.9165588609,9.70539637733654,9.79130160840968,9.849286788658016,9.684051558845473
57252,737983.9013210464,9.871780789361237,9.792532209660502,9.680477300899462,9.80061347173246
57290,737985.6011523528,9.79863564448891,9.79863564448891,9.680137308246955,9.767868320922899
57298,737986.0996391304,9.79863564448891,9.662110478430137,9.680137308246955,9.767868320922899
57299,737986.1264961143,9.662110478430137,9.619703089971184,9.680137308246955,9.767868320922899
57327,737987.1188390746,9.654437014162413,9.654437014162413,9.891985536068434,9.738944129956694
57404,737989.8789980133,9.619703089971184,9.531115104966108,9.71574660289101,9.648164572978981
57406,737989.9196515734,9.528043588787213,9.694209075607661,9.761022595368237,9.780350509755085
57437,737991.2327114907,9.528043588787213,9.694209075607661,9.761022595368237,9.780350509755085
57445,737991.6204286707,9.619703089971184,9.563745327451123,9.594413997652502,9.597608654403679
57449,737991.9839403509,9.792532209660502,9.494946239102056,9.745751293608851,9.600738593047582
57453,737992.0558117491,9.792532209660502,9.494946239102056,9.745751293608851,9.600738593047582
57454,737992.0585427993,9.792532209660502,9.494946239102056,9.745751293608851,9.600738593047582
57455,737992.0593826834,9.792532209660502,9.494946239102056,9.745751293608851,9.600738593047582
57457,737992.2440845158,9.792532209660502,9.494946239102056,9.745751293608851,9.600738593047582
57472,737992.7682760023,9.653730661993006,9.494946239102056,9.744307171496725,9.441289980516647
57478,737993.1553345859,9.653573862391994,9.653573862391994,9.653573862391994,9.980800638120554
57480,737993.1729655428,9.516588046774892,9.489751158828275,9.812377864191733,9.45336171452792
57492,737994.1896057958,9.558064082250802,9.548666076243506,9.703195682420347,9.528509401384845
57494,737994.5338560814,9.637664871929212,9.60741610568202,9.675987477541092,9.602799566299606
57509,737995.0689529878,9.637664871929212,9.60741610568202,9.675987477541092,9.602799566299606
57512,737995.1557607341,9.518371590979221,9.454947349715173,9.812377864191733,9.465848930030432
57525,737995.96410044,9.481701298253421,9.650297409517872,9.792532209660502,9.783627552822532
57588,737998.4560794128,9.665041328460362,9.561786744942978,9.665041328460362,9.561786744942978
57591,737998.9732645671,9.508051834391518,9.495805013868999,9.508051834391518,9.495805013868999
57606,737999.856494843,9.466039933028066,9.364103641672049,9.511527067248604,9.364103641672049
57678,738003.6453697138,9.546732225049734,9.305823203913361,9.601647899825334,9.305823203913361
57679,738003.7204783078,9.515271014684243,9.209311150467066,9.57804546271785,9.209311150467066
57687,738003.9173179602,9.63057632094799,9.660632031659887,9.63057632094799,9.783268097603674
57698,738004.4663966576,9.63057632094799,9.660632031659887,9.63057632094799,9.783268097603674
57704,738004.547801519,9.63057632094799,9.660632031659887,9.63057632094799,9.783268097603674
57705,738004.5509704892,9.50532225075579,9.604025414381606,9.50532225075579,9.667173974743086
57727,738005.481762994,9.770559741526085,9.542217669513006,9.770559741526085,9.542217669513006
57728,738005.5043457695,9.770559741526085,9.542217669513006,9.770559741526085,9.542217669513006
57750,738006.4736800316,9.344042292125469,9.4654314996713,9.441502230607634,9.501832918548917
57781,738007.5260941056,9.344042292125469,9.317973819408872,9.459753253381075,9.374571647732507
57785,738007.6403903196,9.384636292961623,9.226092833882335,9.464449372882434,9.289918288511338
57786,738007.7318552291,9.486138374701765,9.38460636950552,9.534326293728578,9.40787100222743
57799,738008.2129654711,9.486138374701765,9.38460636950552,9.534326293728578,9.40787100222743
57820,738008.8667081884,9.486138374701765,9.592937686645124,9.429842417795278,9.40787100222743
57862,738010.0214530033,9.357091721031976,9.40822400912555,9.440479266371675,9.356127812670138
57879,738010.8528635202,9.537780180236988,9.46106126843921,9.460746383392234,9.357023574264538
57882,738010.9528819277,9.472635611834972,9.412223946917821,9.370881403552001,9.390336990325462
57925,738012.0498805922,9.472635611834972,9.412223946917821,9.370881403552001,9.390336990325462
57932,738012.2971139624,9.766203884129624,9.704849499405919,9.595363094174175,9.389673649646475
57949,738012.7762268025,9.478844453384855,9.484054350855708,9.294899185767541,9.55501735421171
57970,738013.624329775,9.485111832458438,9.388766488201359,9.340127626640111,9.409014147031462
57971,738013.6626408325,9.485111832458438,9.388766488201359,9.10359592044244,9.409014147031462
57972,738013.6946179427,9.47685641432076,9.368504713257378,9.058086971261574,9.409014147031462
57992,738014.8501169847,9.377895219013897,9.188550028006322,8.970369008994055,9.370638546888348
58011,738015.89665272,9.366334421715315,9.16069657098319,8.705702396998701,9.370638546888348
58015,738016.1087930893,9.34959314125501,8.9833992495637,8.705702396998701,9.370638546888348
58030,738016.7579654264,8.904707520199835,9.019070490392469,8.739011016177374,9.481130422477618
58076,738019.097416836,9.25713489048188,9.356915548301625,8.739011016177374,9.515673839855543
58082,738019.2788476455,9.677929982887045,9.656389537279205,9.43396568298083,9.42288007794302
58130,738022.0006738915,9.314533278294716,9.227657708960798,9.241345128957667,9.31499107840732
58131,738022.0075770182,9.314533278294716,9.227657708960798,9.241345128957667,9.31499107840732
58154,738022.8376580074,9.3215066961684,9.015517154674608,9.239201594712716,9.23842528227648
58155,738022.842107601,9.215473950453712,8.902066469995463,9.079748560351959,9.23842528227648
58156,738022.8426749848,9.20027833378323,8.520218386620327,8.486575030683221,9.23842528227648
58200,738025.2381078348,9.322470917563118,9.21832203934713,9.525493554193838,9.113950597667756
58210,738025.6144652048,8.734238767203065,8.65674977912048,8.434181355932218,9.38418536619906
58274,738028.1226320447,9.058199643477046,9.040738680324356,9.413490649792067,9.488447425763983
58283,738028.4570047086,9.058199643477046,9.040738680324356,9.413490649792067,9.488447425763983
58301,738029.0101803981,9.058199643477046,9.040738680324356,9.413490649792067,9.488447425763983
58307,738029.1189939484,9.058199643477046,9.040738680324356,9.413490649792067,9.488447425763983
58346,738030.39275643,9.058199643477046,9.040738680324356,9.413490649792067,9.488447425763983
58372,738031.6322623861,8.839543808538307,9.260368584605024,8.484325941268544,9.162865283616963
58385,738032.1015840374,8.907269467545404,9.058692801646268,8.713287630442766,9.202474820141926
58389,738032.140426981,8.907269467545404,9.058692801646268,8.713287630442766,9.202474820141926
58432,738034.1423670136,8.967620983094067,8.965258265289924,8.464689936537683,8.857100067532237
58477,738037.0096715352,8.79267583521037,8.885667187356946,8.326269052202155,8.809408679672254
58562,738040.4091379255,8.79267583521037,8.885667187356946,8.326269052202155,8.809408679672254
58571,738041.0190781032,8.79267583521037,8.885667187356946,8.326269052202155,8.809408679672254
58638,738044.1178562324,8.79267583521037,8.885667187356946,8.326269052202155,8.809408679672254
58651,738045.0710472466,8.964618960327636,8.964618960327636,8.874134848703179,8.36330133767521
58692,738047.0456498988,8.964618960327636,8.964618960327636,8.874134848703179,8.36330133767521
58694,738047.0561743771,8.994830495836261,8.994830495836261,9.354389072327677,8.669848942643148
58712,738047.8727432835,8.964618960327636,8.994830495836261,8.496459801025097,8.814948426786193
58721,738048.0691125304,9.179452773678019,9.179452773678019,9.179452773678019,9.284756525154444
58836,738053.9967665826,9.390431919066751,9.390431919066751,9.362418716980622,9.279524865241243
58840,738054.2278856965,9.624526734955529,9.624526734955529,9.624526734955529,9.624526734955529
58855,738054.443133849,9.624526734955529,9.467003525210568,9.285282809322483,9.467003525210568
58994,738061.694452174,9.719623762446869,9.195120618005063,9.719623762446869,9.195120618005063
59107,738065.3405567198,9.795353362925908,9.795353362925908,9.795353362925908,9.795353362925908
59185,738069.4011543716,9.838909656657677,9.838909656657677,9.041776304237747,9.041776304237747
59192,738069.721584967,9.840102904062563,9.70779117909905,9.047013454123354,9.248798882218322
59202,738070.0722080207,9.900197749263135,9.87746591691109,9.900197749263135,9.655515628179629
59203,738070.0819553315,9.900197749263135,9.87746591691109,9.900197749263135,9.655515628179629
59269,738072.7265250435,9.900197749263135,9.87746591691109,9.900197749263135,9.655515628179629
59376,738077.0874358434,9.840102904062563,9.840102904062563,9.047013454123354,9.062003980107724
59453,738080.6411796574,9.972694294798233,9.918978118173497,9.791939939735459,9.811624353252478
59457,738080.7658731136,9.920132962928596,9.985516529789624,9.920132962928596,9.985516529789624
59461,738081.1354991234,9.920132962928596,9.985516529789624,9.920132962928596,9.985516529789624
59634,738087.8658280248,10.077837729011963,10.077837729011963,10.077837729011963,9.893915869077349
59692,738090.9835380693,9.992410081777043,10.04655407423827,9.932663513804146,9.90589424394034
59761,738093.0033774951,10.093806579481106,10.077837729011963,10.093806579481106,10.077837729011963
59774,738093.547527751,10.093806579481106,10.077837729011963,10.093806579481106,10.077837729011963
59805,738095.0092286081,10.093806579481106,10.077837729011963,10.093806579481106,10.077837729011963
59806,738095.0147842501,10.093806579481106,10.058260271579346,9.872410659964492,10.011616519123011
59827,738096.0974359162,10.093806579481106,10.058260271579346,9.872410659964492,10.011616519123011
59911,738099.9238552253,10.1187305925731,10.1187305925731,10.1187305925731,10.1187305925731
59918,738100.1057859795,10.1187305925731,10.1187305925731,10.1187305925731,10.1187305925731
59935,738100.9296497857,10.1187305925731,10.1187305925731,10.1187305925731,10.1187305925731
59966,738102.2965459259,10.1187305925731,10.1187305925731,10.1187305925731,10.1187305925731
59972,738102.3745313383,10.127222909403526,10.127222909403526,10.127222909403526,9.912706927729019
60037,738104.0453863057,10.127222909403526,10.127222909403526,10.127222909403526,9.912706927729019
60038,738104.107054022,10.1187305925731,10.1187305925731,10.1187305925731,10.10366801831034
60079,738105.7176208086,10.1187305925731,10.1187305925731,10.1187305925731,9.91952747637425
60080,738105.7206083998,10.050627101278609,10.050627101278609,10.050627101278609,9.91952747637425
60094,738106.381919339,10.026263825025655,10.050627101278609,10.026263825025655,9.91952747637425
60159,738106.7115143612,10.026263825025655,10.050627101278609,10.026263825025655,9.91952747637425
60259,738108.6497745854,10.01809754324297,10.01809754324297,10.01809754324297,10.007513251362402
60287,738109.0049383069,10.01809754324297,10.01809754324297,10.01809754324297,10.007513251362402
60308,738109.6834821642,9.997110047054722,10.093806579481106,10.04655407423827,10.04655407423827
60309,738109.686480877,9.997110047054722,10.093806579481106,10.04655407423827,10.04655407423827
60313,738109.7709349114,10.093806579481106,9.98085089485907,10.093806579481106,9.928196901552578
60315,738109.8919716999,10.1187305925731,9.98085089485907,10.1187305925731,10.032954540296897
60378,738111.59287096,10.060504260151209,9.992426810968363,10.1187305925731,9.992426810968363
60450,738114.0060286473,10.060504260151209,9.992426810968363,10.1187305925731,9.992426810968363
60462,738114.3912765179,10.023839835650255,10.13104545836312,10.023839835650255,10.16823632321548
60504,738116.4067347059,10.003748466117623,9.922938815015888,10.060504260151209,9.90323362572144
60514,738116.9410024236,10.003748466117623,9.922938815015888,10.060504260151209,9.90323362572144
60532,738117.9144318488,10.003748466117623,9.922938815015888,10.060504260151209,9.90323362572144
60541,738118.1295110664,10.003748466117623,9.922938815015888,10.060504260151209,9.90323362572144
60567,738119.1110519913,9.88380300716736,9.852864820211144,9.9198396499866,9.847571777880033
60646,738122.0703299601,9.956370891607882,9.956370891607882,10.026263825025655,9.822614214310564
60833,738130.7669997038,9.957198475502448,9.84296083901151,9.88380300716736,9.810492303415005
60850,738131.4021736094,10.009458895856856,9.98043015477255,9.963558535058388,9.901527950849324
60878,738132.3437049035,9.836467593262967,9.723078448609572,9.932977280194436,9.818979243436049
60888,738132.5958609651,9.72017537738576,9.713572276455196,9.932977280194436,9.818979243436049
60897,738133.0964106577,9.744549427517631,9.744549427517631,9.992474324391079,9.482242739782553
60898,738133.123808355,9.580775926841739,9.580775926841739,9.992474324391079,9.65655070856022
60940,738133.7202109556,9.735097906756115,9.531582054382003,9.906941941643542,9.582514944983659
60945,738134.1963495996,9.735097906756115,9.531582054382003,9.906941941643542,9.582514944983659
60950,738134.3862784691,9.730186642497516,9.751286464220499,9.836430401845407,9.560173444603922
60971,738135.1658983617,9.522444335411825,9.367678776243741,9.641882035716156,9.632421812371371
60972,738135.168084717,9.786295940507662,9.474845317898732,9.90665395815589,9.503294552117012
61187,738144.9172307883,9.745997064421712,9.587452231404377,9.98043015477255,9.727950642278122
61194,738145.205566232,9.751286464220499,9.531177974421364,9.729255315916278,9.532534022482944
61249,738147.9811290419,9.515913799138998,9.508665593813586,9.515913799138998,9.528081223625438
61292,738150.811248841,9.358278702993656,9.358278702993656,9.711777491771063,9.414854690015343
61298,738150.9894062865,9.413034673002066,9.413034673002066,9.568440720551136,9.465200401640162
61300,738151.0640328442,9.413034673002066,9.413034673002066,9.568440720551136,9.465200401640162
61320,738151.8531493916,9.430080345296824,9.430080345296824,9.677495000249497,9.558876111606768
61375,738153.6226869953,9.413034673002066,9.413034673002066,9.527375191722612,9.409421069539242
61484,738160.5957819797,9.686283795408627,9.686283795408627,9.686283795408627,9.686283795408627
61556,738163.7517128048,9.424506620813272,9.424506620813272,9.48508428304559,9.424506620813272
61595,738165.912078272,9.417855644749682,9.417855644749682,9.292774088330493,9.31194200315872
61597,738165.9798395896,9.38265310857905,9.374686268790525,9.38265310857905,9.374686268790525
61659,738169.1712282114,9.692595117907889,9.68435822762763,9.445176315315509,9.461593038702858
61702,738171.9495042288,9.688761313027754,9.684894989387363,9.688761313027754,9.30042482863408
61705,738172.235132188,9.690273533535368,9.651675953182165,9.400809447388575,9.443900554883394
61707,738172.2607519688,9.684894989387363,9.648735052810423,9.290971201401566,9.557257345689381
61728,738173.0092832193,9.684894989387363,9.648735052810423,9.290971201401566,9.557257345689381
61729,738173.0121783403,9.684894989387363,9.648735052810423,9.290971201401566,9.557257345689381
61746,738173.820364313,9.678816421221118,9.690803038323143,9.378966451187692,9.353826824020526
61761,738175.4478193186,9.678816421221118,9.690803038323143,9.377744684722892,9.353826824020526
61822,738178.3636300889,9.690273533535368,9.648735052810423,9.477440896625719,9.489349477289904
61839,738179.7488550274,9.700343591401248,9.65923435222861,9.700343591401248,9.48864882354088
61853,738180.0658619525,9.678816421221118,9.690803038323143,9.213295774497617,9.509586671461058
61876,738181.3867075437,9.684894989387363,9.527701770011067,9.437032844692503,9.45579413915963
61903,738182.567400451,9.74488886640087,9.74488886640087,9.74488886640087,9.74488886640087
61904,738182.5691709525,9.657452574312757,9.657452574312757,9.657452574312757,9.657452574312757
61906,738182.6309425057,9.706294663715166,9.796605965792338,9.706294663715166,9.796605965792338
61918,738183.1884573074,9.700343591401248,9.700343591401248,9.700343591401248,9.654954134882823
61950,738184.4855736861,9.700343591401248,9.750747595147862,9.700343591401248,9.715176098752234
61985,738186.0073855858,9.700343591401248,9.750747595147862,9.700343591401248,9.715176098752234
61989,738186.0874774957,9.725921586354893,9.725921586354893,9.725921586354893,9.725921586354893
62014,738186.8954580321,9.709825511957343,9.614491937428037,9.698287791254529,9.69995625915576
62032,738187.6149373646,9.709825511957343,9.614491937428037,9.698287791254529,9.69995625915576
62033,738187.8752183381,9.709825511957343,9.614491937428037,9.698287791254529,9.69995625915576
62048,738188.6315677776,9.709825511957343,9.614491937428037,9.698287791254529,9.69995625915576
62131,738193.1092458803,9.709825511957343,9.614491937428037,9.698287791254529,9.69995625915576
62180,738195.108989137,9.522950660280781,9.499548382561034,9.708270738242167,9.499548382561034
62184,738195.4701023166,9.711462163258867,9.711462163258867,9.711462163258867,9.822065190509557
62192,738195.9476142806,9.649522963550949,9.472235480144017,9.700343591401248,9.575962705339974
62194,738196.0642128661,9.649522963550949,9.472235480144017,9.700343591401248,9.575962705339974
62238,738197.8757964774,9.469409239327641,9.544931697830132,9.57137506014524,9.607353202438029
62290,738199.604266899,9.469409239327641,9.544931697830132,9.57137506014524,9.607353202438029
62298,738199.9633839038,9.70028094021928,9.51921203373878,9.596811285897799,9.486473553474763
62326,738200.8864395507,9.53569400598228,9.597322227293922,9.621117089910344,9.647639410623258
62349,738201.3180961935,9.53569400598228,9.597322227293922,9.621117089910344,9.647639410623258
62413,738203.2620055642,9.53569400598228,9.597322227293922,9.621117089910344,9.647639410623258
62443,738204.0894031439,9.773946334290885,9.597189462782646,9.522153712092505,9.559635337175978
62468,738204.9439517894,9.773946334290885,9.597189462782646,9.522153712092505,9.559635337175978
62477,738205.1952468099,9.70028094021928,9.51007420053245,9.418202017901727,9.446081224645749
62496,738205.9148110584,9.909223799672988,9.881049653454347,9.909223799672988,9.881049653454347
62500,738206.0411367966,9.909223799672988,9.881049653454347,9.909223799672988,9.881049653454347
62504,738206.2168785331,9.909223799672988,9.881049653454347,9.909223799672988,9.881049653454347
62505,738206.2173257135,10.034246233067153,9.813016848821688,10.034246233067153,9.679374189903344
62510,738206.3590916373,9.743949170696167,9.674396640469567,9.873609118452642,9.509611479773191
62520,738207.0375893819,9.913955199939998,9.718551674624269,9.667971750741653,9.671116162059215
62533,738207.6797989293,9.729845072594646,9.743922958397611,9.490575106120021,9.524561623675341
62551,738208.3728398335,9.729845072594646,9.743922958397611,9.490575106120021,9.524561623675341
62576,738208.8813138066,9.729845072594646,9.743922958397611,9.490575106120021,9.524561623675341
62578,738208.9425621307,9.729845072594646,9.743922958397611,9.490575106120021,9.524561623675341
62626,738210.5399741719,10.167745105127217,10.024811528350615,9.837733616739412,9.718175153426483
62635,738211.3041905382,9.866492723610037,9.988637353928663,9.640153472842774,9.805690569620396
62639,738211.4832719995,9.866492723610037,9.988637353928663,9.640153472842774,9.805690569620396
62641,738211.5416160735,9.866492723610037,9.988637353928663,9.640153472842774,9.805690569620396
62648,738212.0211955224,9.866492723610037,9.988637353928663,9.640153472842774,9.805690569620396
62680,738213.1102814504,9.866492723610037,9.988637353928663,9.640153472842774,9.805690569620396
62704,738213.9719272493,9.9030278753258,10.044413343243088,9.717907549924988,9.86702272547844
62706,738214.0816350323,9.721972417718964,10.044279605112871,9.488299053581079,9.85568942909577
62707,738214.0853103359,9.721972417718964,10.044279605112871,9.488299053581079,9.85568942909577
62712,738214.2839300619,9.89853798433015,10.025204282975952,9.558755777215513,9.844670368280044
62743,738215.2294909063,9.856563323563076,9.977800338333426,9.85860725841976,9.771072340711193
62763,738215.7413470084,9.856563323563076,9.977800338333426,9.85860725841976,9.771072340711193
62764,738215.743100632,9.856563323563076,9.977800338333426,9.85860725841976,9.771072340711193
62864,738219.7843382553,10.168672757614985,9.914516043519102,9.754071799510545,9.708391276276432
62888,738220.7699196703,9.931388842274702,10.096405367390364,9.931388842274702,10.08775394992533
62899,738221.0661246327,9.931388842274702,10.096405367390364,9.931388842274702,10.08775394992533
62931,738221.9982013818,9.931388842274702,10.096405367390364,9.931388842274702,10.08775394992533
62935,738222.2170322121,10.171781479040693,9.991494958358514,10.042048418592685,9.811552478352075
62951,738222.6071596001,10.141880357537753,9.965625312950241,9.706159994792328,9.817352927009063
62955,738222.7032003547,9.93633231196865,10.237663007917476,9.93633231196865,10.029218851274027
62956,738222.7276543528,9.93633231196865,10.237663007917476,9.93633231196865,10.029218851274027
62958,738222.7566359526,10.161061414609726,9.951734543094593,9.90655347729539,9.81970572367145
62962,738222.9288242621,10.161061414609726,9.951734543094593,9.90655347729539,9.81970572367145
62984,738223.7007411008,10.063485017733989,9.901440422094598,9.82264856158539,9.755963958803484
62986,738223.7314983627,10.161819501549282,9.795867343431356,9.911242477161215,9.805292721736658
62988,738223.7735628219,10.161819501549282,9.795867343431356,9.911242477161215,9.805292721736658
63032,738226.1488313738,10.042187818948621,9.964911785441348,9.840123291064762,9.949443048794407
63062,738227.488957873,9.81000787496037,9.86073349322056,10.044443222537971,9.798168238184365
63064,738227.6798201115,9.974135204378296,9.817060858256587,9.704646164055635,9.768462679563
63079,738228.3635255279,9.8503100698971,9.722551149593532,9.97505140346795,9.750123190005239
63142,738230.4269204454,9.987043503212723,9.914362718811981,10.170895492518808,9.706453082422474
63171,738231.3983206091,9.878994177681633,9.878994177681633,9.99348353770409,10.139813428924601
63182,738231.8349015617,9.878994177681633,9.878994177681633,9.99348353770409,10.139813428924601
63187,738232.0887472217,9.878994177681633,9.878994177681633,9.99348353770409,10.139813428924601
63209,738232.736401984,9.878994177681633,9.878994177681633,9.99348353770409,10.139813428924601
63211,738232.9215472455,9.878994177681633,9.878994177681633,9.99348353770409,10.139813428924601
63227,738233.3820407197,9.916489027920266,9.725886993417646,10.164928811056111,9.533640207626213
63252,738234.8647715517,9.916489027920266,9.725886993417646,10.164928811056111,9.533640207626213
63273,738235.4099855076,9.997443943062493,9.971219320815145,10.235537161036016,9.907509102802127
63330,738236.9612557945,9.831820140169864,9.794672380162169,10.143696326295789,9.760582198753765
63345,738237.3770044588,9.91845116920728,9.80364651349956,9.81411541236215,9.890795506508393
63392,738238.8849403852,9.91845116920728,9.80364651349956,9.81411541236215,9.890795506508393
63395,738239.0820862408,9.91845116920728,9.80364651349956,9.81411541236215,9.890795506508393
63396,738239.0822546156,9.91845116920728,9.80364651349956,9.81411541236215,9.890795506508393
63400,738239.118628509,9.91845116920728,9.80364651349956,9.81411541236215,9.890795506508393
63461,738240.9742120425,9.91845116920728,9.80364651349956,9.81411541236215,9.890795506508393
63490,738242.049270709,9.91845116920728,9.80364651349956,9.81411541236215,9.890795506508393
63494,738242.2171510856,9.87545237115126,9.71571295107902,9.856091030583974,9.522416673526408
63511,738242.6794283679,9.6763494514377,9.71571295107902,9.856091030583974,9.522416673526408
63607,738245.7868347099,9.6763494514377,9.71571295107902,9.856091030583974,9.522416673526408
63643,738246.4738564894,9.77513509593751,9.77513509593751,9.893479854211172,9.734361367294918
63644,738246.4883560293,9.77513509593751,9.739314133897945,9.867259054246835,9.73345011750483
63662,738247.0397151904,9.77513509593751,9.739314133897945,9.867259054246835,9.73345011750483
63681,738247.5252441651,9.77513509593751,9.739314133897945,9.867259054246835,9.73345011750483
63686,738247.7564948865,9.77513509593751,9.739314133897945,9.867259054246835,9.73345011750483
63693,738248.2911653529,9.77513509593751,9.739314133897945,9.867259054246835,9.73345011750483
63710,738249.2246244433,9.77513509593751,9.739314133897945,9.867259054246835,9.73345011750483
63738,738249.9299551047,9.77513509593751,9.739314133897945,9.867259054246835,9.73345011750483
63740,738249.9588695366,9.729366781823838,9.729366781823838,9.853425286538483,9.457550406133251
63768,738250.6510255445,9.783279781658933,9.728235874368519,9.836340272735617,9.5588706015434
63771,738250.754306176,9.783279781658933,9.728235874368519,9.836340272735617,9.5588706015434
63783,738251.1174256885,9.783279781658933,9.728235874368519,9.836340272735617,9.5588706015434
63794,738251.4531325073,9.826011691912711,9.685000389814379,9.745676349940528,9.577033497875052
63795,738251.4554896131,9.826011691912711,9.685000389814379,9.745676349940528,9.577033497875052
63803,738251.8872982711,9.741660209569462,9.62998401327168,9.867259054246835,9.745775145633807
63847,738253.3870892553,9.77612371014894,9.725535291530457,9.898209587392039,9.722688162457723
63867,738253.9681552271,9.77612371014894,9.725535291530457,9.898209587392039,9.722688162457723
64064,738255.7779665717,9.724940269120394,9.724940269120394,9.948719773453497,9.760795087719082
64071,738255.8898886585,9.724940269120394,9.724940269120394,9.948719773453497,9.760795087719082
64083,738255.9935810979,9.724940269120394,9.724940269120394,9.948719773453497,9.760795087719082
64096,738256.2809202969,9.884852548707842,9.884852548707842,9.884852548707842,9.886795143061773
64100,738256.325702117,9.656215828251378,9.654056114699609,9.78225108870192,9.756844752612016
64102,738256.3700969107,9.715470848236011,9.777318969439708,9.840746034313916,9.831408983939948
64110,738256.5000202203,9.921197309242983,9.921197309242983,9.921197309242983,9.986239463481144
64158,738257.9665692351,9.62998401327168,9.690968878643467,9.756141730818277,9.550440009914743
64237,738259.7578394104,9.732147340194457,9.73597189299993,9.7471713438211,9.793895618033579
64243,738259.8078558245,9.732147340194457,9.73597189299993,9.7471713438211,9.793895618033579
64360,738262.792916842,9.631658011172961,9.596256755519965,9.83279670142749,9.573287096571399
64372,738263.0953391588,9.597485237375578,9.597485237375578,9.827800801756482,9.543488321614923
64454,738265.5982874085,9.690968878643467,9.633021424616908,9.727884891124702,9.633021424616908
64468,738265.9382867919,9.558759265674333,9.594369488369441,9.597485237375578,9.594369488369441
64473,738266.1109376968,9.721760982228222,9.654398895225626,9.793765769974296,9.633183409820617
64492,738266.6096105389,9.794067367398089,9.37198761556391,9.636267491507718,9.37198761556391
64497,738266.7785722245,9.794067367398089,9.37198761556391,9.636267491507718,9.37198761556391
64538,738267.7980915187,9.794067367398089,9.37198761556391,9.636267491507718,9.37198761556391
64550,738267.9626370968,9.794067367398089,9.37198761556391,9.636267491507718,9.37198761556391
64551,738267.9771677476,9.794067367398089,9.37198761556391,9.636267491507718,9.37198761556391
64554,738267.9990596204,9.787656483487005,9.321330194478408,9.558759265674333,9.321330194478408
64576,738268.5049865243,9.787656483487005,9.321330194478408,9.558759265674333,9.321330194478408
64593,738268.9495155715,9.787656483487005,9.321330194478408,9.558759265674333,9.321330194478408
64617,738269.482398286,9.786807437491195,9.777405298475806,9.558759265674333,9.329117790355983
64626,738269.6235931899,9.786807437491195,9.777405298475806,9.558759265674333,9.329117790355983
64633,738269.7539914096,9.78516053081836,9.777449656228633,9.58252837499571,9.161303018512681
64662,738270.3479937286,9.78516053081836,9.777449656228633,9.58252837499571,9.161303018512681
64665,738270.3768872964,9.866987225774801,9.835890106144365,9.887402814203046,9.590568276473471
64672,738270.5054995116,9.80626533474536,9.724261132099098,9.54386878586916,9.307100351971647
64702,738271.0818223852,9.80626533474536,9.724261132099098,9.54386878586916,9.307100351971647
64731,738271.868932792,9.80626533474536,9.724261132099098,9.54386878586916,9.307100351971647
64802,738273.60673475,9.80626533474536,9.724261132099098,9.54386878586916,9.307100351971647
64811,738273.8527422015,9.777536007346136,9.803593475983277,9.708279021137063,9.64301914915108
64812,738273.8545274674,9.777536007346136,9.803593475983277,9.708279021137063,9.64301914915108
64813,738273.8550195878,9.777536007346136,9.803593475983277,9.708279021137063,9.64301914915108
64814,738273.8557148882,9.777536007346136,9.803593475983277,9.708279021137063,9.64301914915108
64815,738273.8602739539,9.777536007346136,9.803593475983277,9.708279021137063,9.64301914915108
64816,738273.8624389801,9.777536007346136,9.803593475983277,9.708279021137063,9.64301914915108
64817,738273.8663429039,9.777536007346136,9.803593475983277,9.708279021137063,9.64301914915108
64820,738273.8739266775,9.777536007346136,9.803593475983277,9.70968708656033,9.603548154694908
64821,738273.8763869475,9.777536007346136,9.803593475983277,9.679018792210233,9.603548154694908
64824,738273.8841692769,9.777536007346136,9.803593475983277,9.679018792210233,9.603548154694908
64831,738274.174584587,9.777536007346136,9.803593475983277,9.679018792210233,9.603548154694908
64858,738274.6460812453,9.777536007346136,9.803593475983277,9.679018792210233,9.603548154694908
64860,738274.6592490296,9.777536007346136,9.803593475983277,9.679018792210233,9.603548154694908
64862,738274.6975851479,9.777536007346136,9.803593475983277,9.679018792210233,9.603548154694908
64867,738274.7119106643,9.78987899860147,9.834326020990414,8.96318543037315,9.348995192159878
64868,738274.7156233888,9.78987899860147,9.834326020990414,8.96318543037315,9.348995192159878
64870,738274.7183200311,9.718462293182426,9.78085286918752,8.913421829741853,9.35224039462104
64871,738274.719099885,9.718462293182426,9.78085286918752,8.913421829741853,9.35224039462104
64872,738274.7201370907,9.700693238726698,9.709314914122789,8.889927101182156,9.35224039462104
64873,738274.7204488632,9.700693238726698,9.709314914122789,8.889927101182156,9.35224039462104
64874,738274.723839552,9.651178942560794,9.413251052318186,8.889927101182156,9.35224039462104
64878,738274.7422869736,9.804777266254574,9.629937876486332,9.140032789247988,9.432268467157469
64879,738274.7490615643,9.563715203129554,9.750459856005545,9.126189467867098,9.545002289358107
64880,738274.7499581105,9.530582301332663,9.659324517348447,8.900814550265782,9.545002289358107
64882,738274.7851994298,9.530665940547985,9.659386701320805,8.901233348662316,9.545401482427364
64895,738274.9155882318,9.287730454871227,9.098895839689371,8.901233348662316,9.545401482427364
64896,738274.9303722624,9.287730454871227,9.098895839689371,8.901233348662316,9.545401482427364
64899,738274.9759892332,9.287730454871227,9.098895839689371,8.901233348662316,9.545401482427364
64901,738274.984052088,9.287730454871227,9.098895839689371,8.901233348662316,9.545401482427364
64906,738275.1714381876,9.287730454871227,9.098895839689371,8.901233348662316,9.545401482427364
64924,738275.4926934203,9.287730454871227,9.098895839689371,8.901233348662316,9.545401482427364
64933,738275.65388852,9.287730454871227,9.098895839689371,8.901233348662316,9.545401482427364
64934,738275.6626094013,9.287730454871227,9.098895839689371,8.901233348662316,9.545401482427364
64940,738275.7645084929,9.287730454871227,9.098895839689371,8.901233348662316,9.545401482427364
64984,738277.088930341,9.287730454871227,9.098895839689371,8.901233348662316,9.545401482427364
64986,738277.1930390289,9.621130709034887,9.48417172528102,9.899359276194028,9.780690930792463
64987,738277.2201114378,9.861213141885804,9.771817404887692,9.845188886314924,9.740559444076759
64999,738277.4726092088,9.861213141885804,9.771817404887692,9.845188886314924,9.740559444076759
65008,738277.846570998,9.861213141885804,9.771817404887692,9.845188886314924,9.740559444076759
65009,738277.8769617694,9.865060747092269,9.018384053892873,9.865060747092269,9.46685740848579
65010,738277.8830717871,9.865060747092269,9.018384053892873,9.865060747092269,9.46685740848579
65017,738278.1108247708,9.865060747092269,9.018384053892873,9.865060747092269,9.46685740848579
65049,738279.036632773,9.865060747092269,9.018384053892873,9.865060747092269,9.46685740848579
65053,738279.1521470973,8.710676734401055,9.215711965312256,8.901233348662316,9.571527811731766
65118,738281.5724966432,9.82913251841008,8.680906688107934,9.82913251841008,8.723719935310871
65140,738282.1640172612,9.965100950921332,9.281224932645506,9.875640316847669,9.36473790504444
65165,738283.1713562085,9.965100950921332,9.281224932645506,9.875640316847669,9.36473790504444
65167,738283.5056418815,9.965100950921332,9.281224932645506,9.875640316847669,9.36473790504444
65230,738285.6310706307,9.533238172863332,9.514858610991737,9.774164073097872,9.452574835269523
65249,738286.1731870992,9.533238172863332,9.514858610991737,9.774164073097872,9.452574835269523
65280,738287.4310146555,9.533238172863332,9.514858610991737,9.774164073097872,9.452574835269523
65354,738289.5075965772,9.533238172863332,9.514858610991737,9.774164073097872,9.452574835269523
65357,738289.5377266796,9.533238172863332,9.514858610991737,9.774164073097872,9.452574835269523
65373,738289.8113696761,9.533238172863332,9.514858610991737,9.774164073097872,9.452574835269523
65379,738289.951314701,9.533238172863332,9.514858610991737,9.774164073097872,9.452574835269523
65406,738290.4129023236,9.533238172863332,9.514858610991737,9.774164073097872,9.452574835269523
65438,738291.9288074002,9.533238172863332,9.514858610991737,9.774164073097872,9.452574835269523
65453,738292.429595306,9.91546195729659,9.73800474532613,10.015621735531273,9.299406306644208
65481,738293.3345425891,9.91546195729659,9.73800474532613,10.015621735531273,9.299406306644208
65490,738293.5101389035,9.91546195729659,9.73800474532613,10.015621735531273,9.299406306644208
65508,738294.2742996565,9.97073492563323,9.897274727245167,9.633478833775758,9.429838857122022
65512,738294.3227109489,9.896327695408642,9.924817920144182,9.772078291613282,9.582354635984016
65569,738296.4139686705,9.896327695408642,9.924817920144182,9.772078291613282,9.582354635984016
65596,738296.8301605765,9.896327695408642,9.924817920144182,9.772078291613282,9.582354635984016
65618,738297.5411682919,9.978199347588065,9.978199347588065,8.952425345787347,9.506249010839545
65634,738298.1734182952,10.066246973510605,10.066246973510605,10.066246973510605,9.883991747809961
65656,738298.7753490256,9.978199347588065,9.978199347588065,8.497441465229155,9.506249010839545
65677,738299.4342895406,9.978199347588065,9.978199347588065,8.497441465229155,9.506249010839545
65692,738299.9779266939,9.978199347588065,9.978199347588065,9.098184426465945,9.621544354496523
65694,738300.0637136609,9.978801203492957,9.978801203492957,8.90482002761652,9.5074430245826
65711,738300.4446058697,9.978801203492957,9.978801203492957,8.90482002761652,9.5074430245826
65734,738300.9090092456,9.978801203492957,9.978801203492957,8.90482002761652,9.5074430245826
65737,738300.9155680486,9.978801203492957,9.978801203492957,8.90482002761652,9.5074430245826
65741,738301.1546652473,9.978801203492957,9.978801203492957,8.90482002761652,9.5074430245826
65775,738302.3584015957,9.978801203492957,9.978801203492957,8.90482002761652,9.5074430245826
65783,738302.4018801799,9.973074668181276,9.973265781162405,9.973074668181276,9.681953192450504
65785,738302.4442382199,9.978998386996668,9.979186911481433,9.687786114000906,9.443718100221112
65802,738302.9427003583,9.978998386996668,9.979186911481433,9.687786114000906,9.443718100221112
65803,738302.9440987402,9.978998386996668,9.979186911481433,9.687786114000906,9.443718100221112
65804,738302.948458151,9.978998386996668,9.979186911481433,9.687786114000906,9.443718100221112
65807,738302.9879590747,9.971571320077363,10.058878167154775,9.971571320077363,9.533278492103214
65813,738303.2206575715,9.971571320077363,10.058878167154775,9.971571320077363,9.533278492103214
65815,738303.3693498106,9.978801203492957,9.80288483349274,9.848997104026182,9.326670598445022
65854,738304.3843822593,9.978801203492957,9.80288483349274,9.848997104026182,9.326670598445022
65873,738304.9031628345,9.80288483349274,9.80288483349274,9.278942004492759,9.405671770740208
65878,738305.05259773,9.80288483349274,9.80288483349274,9.278942004492759,9.405671770740208
65886,738305.2519098646,9.97073492563323,9.847148664582432,9.35513266861744,9.216240088087105
65920,738305.8613398512,10.101065002468765,10.101065002468765,10.101065002468765,9.798442189291052
65973,738306.3490567633,9.987488266291065,9.80638808498155,9.874700898420691,9.874700898420691
66018,738307.1342770131,9.987488266291065,9.80638808498155,9.874700898420691,9.874700898420691
66023,738307.2545606613,9.987488266291065,9.80638808498155,9.874700898420691,9.874700898420691
66033,738307.4409235613,9.80638808498155,9.861272018139294,9.80638808498155,9.810229385068965
66043,738307.6709157194,9.801982100550477,9.804215263757472,9.7435932458735,9.804215263757472
66068,738308.2850598382,9.751096899958432,10.060161972730619,9.751096899958432,9.995119169563502
66094,738308.7653724591,9.524774538980397,9.852771325934873,9.895450794406417,9.70918172153067
66098,738308.8658080676,9.97073492563323,9.78726486556232,9.89533684085304,9.628691805779317
66106,738309.1295289325,9.97073492563323,9.78726486556232,9.89533684085304,9.628691805779317
66129,738309.882171019,9.97073492563323,9.78726486556232,9.89533684085304,9.628691805779317
66130,738309.9401469021,9.97073492563323,9.78726486556232,9.89533684085304,9.628691805779317
66136,738310.0539033843,9.97073492563323,9.78726486556232,9.89533684085304,9.628691805779317
66137,738310.1510207494,10.152694325897727,10.009695601249867,10.152694325897727,10.009695601249867
66148,738310.3894843301,10.152694325897727,10.009695601249867,10.152694325897727,10.009695601249867
66213,738313.1213733368,10.152694325897727,10.009695601249867,10.152694325897727,10.009695601249867
66215,738313.1885310822,9.941152657501563,9.928771418143,10.009695601249867,10.091746941849044
66252,738313.9957133008,9.607926509916005,9.714295514116541,9.900334967915468,9.746455464810284
66253,738314.0119187539,9.607926509916005,9.714295514116541,9.900334967915468,9.746455464810284
66289,738315.2910986859,9.480858744908636,9.480474293745308,9.807765839366288,9.295073249384908
66297,738315.3578772028,9.994871416199079,9.994871416199079,9.994871416199079,9.902059109586359
66381,738317.5962611645,9.751096899958432,9.835425509204509,9.751096899958432,9.7976101249619
66386,738317.6893803661,9.787411872684226,9.93681477658792,9.937115330014354,10.014809317313563
66408,738318.0650751321,9.787411872684226,9.93681477658792,9.937115330014354,10.014809317313563
66429,738319.13292576,9.787411872684226,9.93681477658792,9.937115330014354,10.014809317313563
66430,738319.1481465222,9.787411872684226,9.93681477658792,9.937115330014354,10.014809317313563
66431,738319.155578075,9.51902059517031,9.60682205035804,9.979186911481433,9.355051511540223
66433,738319.2936048129,9.821937586231803,9.963524026086622,9.821937586231803,9.905716216370726
66434,738319.3382160426,9.849240346797052,9.985924644941893,9.849240346797052,9.925243048516306
66467,738320.771711977,9.768141254728107,9.768141254728107,9.876314672260364,9.333730529709793
66511,738322.0946395029,9.768141254728107,9.768141254728107,9.876314672260364,9.333730529709793
66555,738322.9413315785,9.768141254728107,9.768141254728107,9.876314672260364,9.333730529709793
66556,738322.9426480369,9.768141254728107,9.768141254728107,9.876314672260364,9.333730529709793
66557,738322.9528436693,9.730096309563217,9.937759233059339,9.811503721398255,9.811068558052598
66569,738323.3580301511,9.730096309563217,9.937759233059339,9.811503721398255,9.811068558052598
66588,738323.7178004072,9.922532689418535,9.858453401246422,9.887815955497581,9.792666056210084
66616,738324.4904057278,9.922532689418535,9.858453401246422,9.887815955497581,9.792666056210084
66639,738325.3315131636,9.922532689418535,9.858453401246422,9.887815955497581,9.792666056210084
66689,738326.8918898681,9.922532689418535,9.858453401246422,9.887815955497581,9.792666056210084
66723,738328.0699948755,9.922532689418535,9.858453401246422,9.887815955497581,9.792666056210084
66739,738328.6811886204,9.97971834673722,9.905765033531802,9.787683344195202,9.765521960459102
66788,738329.9427436657,9.998065369343447,10.006945917590205,9.79600196887579,9.740607550313479
66817,738330.660833187,10.027600136102615,9.948531458357284,9.76463652375812,9.877407713684752
66843,738332.0275055071,10.05245545864991,10.019531976127274,10.022144283991887,10.05408622784005
66902,738335.0103584543,10.05245545864991,10.019531976127274,10.022144283991887,10.05408622784005
66903,738335.0106575101,10.05245545864991,10.019531976127274,10.022144283991887,10.05408622784005
66925,738335.5495287435,9.959867238765668,10.037332262100234,9.889390986510026,9.881856599653162
67018,738338.0622405529,9.974203772519324,9.974203772519324,9.743227339521221,9.831357569058268
67028,738338.2929867038,9.974203772519324,9.974203772519324,9.74116804000752,9.738807924715049
67029,738338.3029747662,9.974203772519324,9.974203772519324,9.74116804000752,9.618213527607388
67067,738339.7984701415,10.002842962922852,9.962104767910777,9.99213780795244,9.520353915872962
67092,738340.4763609895,10.002842962922852,9.962104767910777,9.99213780795244,9.520353915872962
67103,738340.7866356611,9.962104767910777,9.903481089627125,9.982911237003348,9.751197914039754
67105,738340.8123969992,9.95823716959173,9.95823716959173,9.982911237003348,9.944725148294054
67107,738340.8522347915,9.903481089627125,9.91642524647281,9.537042192822957,9.716396859112969
67114,738341.1147462074,9.913381759404658,10.035416583881213,9.950402268371617,9.655464910388167
67116,738341.1191821373,9.869347673643281,9.970359393052725,9.952623052906542,9.63604207136538
67123,738341.3716825998,9.794975091745659,10.07570804740923,9.956002781483418,9.98020345690177
67137,738341.4523961885,10.019816912072079,9.781157620656051,9.90619647551686,9.654148909601767
67191,738342.8484719733,10.019816912072079,9.781157620656051,9.90619647551686,9.654148909601767
67193,738342.8694170989,10.019816912072079,9.781157620656051,9.90619647551686,9.654148909601767
67199,738342.9879330955,10.019816912072079,9.781157620656051,9.90619647551686,9.654148909601767
67220,738343.7997766363,10.019816912072079,9.781157620656051,9.90619647551686,9.654148909601767
67233,738344.4662307939,9.868096292298931,9.71282071301515,9.8321547535028,9.642024806840496
67234,738344.5061460669,9.795678243474164,9.76151882675311,9.932515156802015,9.760858447293767
67255,738345.2983837585,9.795678243474164,9.76151882675311,9.932515156802015,9.760858447293767
67272,738345.8798911249,9.929732705795947,9.928845118845038,9.929732705795947,10.029485648303346
67284,738346.2948891844,9.929732705795947,9.928845118845038,9.929732705795947,10.029485648303346
67287,738346.4265250966,9.929732705795947,9.928845118845038,9.929732705795947,10.029485648303346
67306,738347.3915189885,9.87857844933201,9.692751663854843,9.938889827314867,9.751880832139422
67308,738347.4270018409,9.770003581351043,9.579061875403442,9.938754642265007,9.609236863087643
67317,738347.6725621616,9.772954916568844,9.580160785764921,9.940422319653672,9.600015930880604
67323,738347.8748758981,9.641872705856072,9.57963539228538,9.896513507968303,9.60208686897258
67327,738348.0233855793,9.641872705856072,9.57963539228538,9.896513507968303,9.60208686897258
67328,738348.0274561625,9.641872705856072,9.57963539228538,9.896513507968303,9.60208686897258
67329,738348.0283023537,9.641872705856072,9.57963539228538,9.896513507968303,9.60208686897258
67330,738348.0287035878,9.641872705856072,9.57963539228538,9.896513507968303,9.60208686897258
67331,738348.0331910119,9.641872705856072,9.57963539228538,9.896513507968303,9.60208686897258
67332,738348.0373127004,9.791296219181552,9.681235789101923,9.807288014599102,9.737958486757728
67333,738348.0401774233,9.791296219181552,9.681235789101923,9.807288014599102,9.737958486757728
67335,738348.0492467993,9.662325593514998,9.681235789101923,9.807288014599102,9.737958486757728
67338,738348.0652829588,9.662325593514998,9.681235789101923,9.807288014599102,9.737958486757728
67339,738348.066158137,9.662325593514998,9.681235789101923,9.807288014599102,9.737958486757728
67341,738348.0709834796,9.662325593514998,9.681235789101923,9.807288014599102,9.737958486757728
67342,738348.0721766168,9.662325593514998,9.681235789101923,9.807288014599102,9.737958486757728
67346,738348.1065453113,9.662325593514998,9.681235789101923,9.807288014599102,9.737958486757728
67347,738348.1068515391,9.543894228640871,9.583205947782401,9.620947072965603,9.737958486757728
67350,738348.1271249655,9.543894228640871,9.583205947782401,9.620947072965603,9.737958486757728
67354,738348.1810513882,9.543894228640871,9.485227434673286,9.487069965115328,9.737958486757728
67359,738348.31571527,9.542740294564863,9.485227434673286,9.487069965115328,9.737958486757728
67360,738348.3162151047,9.259634537086523,9.485227434673286,9.240713092602244,9.737958486757728
67361,738348.3304132933,9.259634537086523,9.485227434673286,9.240713092602244,9.737958486757728
67363,738348.3552048248,9.259634537086523,9.485227434673286,8.954938177827998,9.737958486757728
67364,738348.367135601,9.693543768428025,9.76411661007636,9.946117927950656,9.612029495202501
67368,738348.3961890904,9.22241460147593,9.485227434673286,8.954938177827998,9.737958486757728
67369,738348.3966446846,9.13784497704673,9.485227434673286,8.954938177827998,9.737958486757728
67370,738348.3968492005,9.08901936146992,9.485227434673286,8.959818234473396,9.737958486757728
67372,738348.4492772603,8.938485222641711,9.485227434673286,8.960686221797214,9.737958486757728
67379,738348.6526381671,8.398363709265452,9.485227434673286,8.960686221797214,9.737958486757728
67392,738348.8998958931,8.398363709265452,9.485227434673286,8.960686221797214,9.737958486757728
67414,738349.217485444,8.398363709265452,9.485227434673286,8.960686221797214,9.737958486757728
67418,738349.3032619811,8.508216528131936,9.485136238787407,8.944473752189033,9.737862048534838
67426,738349.3726828409,8.508216528131936,9.485227434673286,8.874917233217843,9.737220737598312
67427,738349.3885496202,8.508216528131936,9.485227434673286,8.874917233217843,9.737220737598312
67430,738349.4603516451,8.508216528131936,9.485227434673286,8.874917233217843,9.737220737598312
67433,738349.5129455858,8.508216528131936,9.485227434673286,8.874917233217843,9.737220737598312
67435,738349.6221197062,8.508216688644497,9.485227434673286,8.874917302211374,9.737220737598312
67436,738349.6227030379,8.508216688644497,9.485227434673286,8.874917302211374,9.737220737598312
67437,738349.6238977319,8.508216688644497,9.485227434673286,8.874917302211374,9.737220737598312
67438,738349.6253718393,8.508333943675632,9.485227434673286,8.874967706129727,9.737220737598312
67439,738349.6274742839,8.508333943675632,9.485227434673286,8.874967706129727,9.737220737598312
67440,738349.6287047011,8.508333943675632,9.485227434673286,8.874967706129727,9.737220737598312
67441,738349.6311322796,8.508333943675632,9.485227434673286,8.874967706129727,9.737220737598312
67442,738349.6360540125,8.508333943675632,9.485227434673286,8.874967706129727,9.737220737598312
67443,738349.6368931495,8.508333943675632,9.485227434673286,8.874967706129727,9.737220737598312
67444,738349.6380755279,8.508333943675632,9.485227434673286,8.874967706129727,9.737220737598312
67445,738349.6465136611,8.508333943675632,9.485227434673286,8.874967706129727,9.737220737598312
67446,738349.6470441084,8.509502549337942,9.474205727284218,8.875470473691648,9.732652440157995
67447,738349.6537038648,8.509502549337942,9.485227434673286,8.875470473691648,9.737220737598312
67448,738349.659625215,8.509502549337942,9.485227434673286,8.875470473691648,9.737220737598312
67451,738349.661573332,8.509502549337942,9.485227434673286,8.875470473691648,9.737220737598312
67452,738349.6658680984,8.509502549337942,9.485227434673286,8.875470473691648,9.737220737598312
67454,738349.6793953535,8.509502549337942,9.485227434673286,8.875470473691648,9.737220737598312
67456,738349.6850854474,8.509502549337942,9.485227434673286,8.875470473691648,9.737220737598312
67457,738349.6946325128,8.514597278287269,9.485136238787407,8.879704475533744,9.737124135395439
67458,738349.6971655336,8.514597278287269,9.485227434673286,8.879704475533744,9.737220737598312
67460,738349.7028495793,8.514597278287269,9.485227434673286,8.879704475533744,9.737220737598312
67461,738349.711364126,8.514597278287269,9.485227434673286,8.879704475533744,9.737220737598312
67462,738349.7135679651,8.514597278287269,9.485227434673286,8.879704475533744,9.737220737598312
67463,738349.7170792376,8.514597278287269,9.485227434673286,8.879704475533744,9.737220737598312
67465,738349.7184500147,8.514597278287269,9.485227434673286,8.879704475533744,9.737220737598312
67466,738349.7190806357,8.514999288256783,9.484971349290987,8.879877953333311,9.737031842387882
67467,738349.7206774163,8.514999288256783,9.485227434673286,8.879877953333311,9.737220737598312
67470,738349.730979446,8.514999288256783,9.485227434673286,8.879877953333311,9.737220737598312
67471,738349.7334782479,8.514999288256783,9.485227434673286,8.879877953333311,9.737220737598312
67472,738349.7351763092,8.514999288256783,9.485227434673286,8.879877953333311,9.737220737598312
67473,738349.7413311049,8.514999288256783,9.485227434673286,8.879877953333311,9.737220737598312
67475,738349.7610032521,8.514999288256783,9.485227434673286,8.879877953333311,9.737220737598312
67479,738349.7659237626,8.514999288256783,9.485227434673286,8.879877953333311,9.737220737598312
67480,738349.7668110689,8.515983272010612,9.485227434673286,8.880302953235828,9.737220737598312
67481,738349.7689098233,8.515983272010612,9.485227434673286,8.880302953235828,9.737220737598312
67483,738349.7696539962,8.515983272010612,9.485227434673286,8.880302953235828,9.737220737598312
67484,738349.7701089467,8.515983272010612,9.485227434673286,8.880302953235828,9.737220737598312
67485,738349.7710024653,8.51793173998199,9.485227434673286,8.881871306278772,9.737220737598312
67486,738349.7730972705,8.51801550972471,9.485136238787407,8.88190754487628,9.737124135395439
67487,738349.7758560862,8.51801550972471,9.485227434673286,8.88190754487628,9.737220737598312
67488,738349.7768177863,8.51801550972471,9.485227434673286,8.88190754487628,9.737220737598312
67489,738349.778610056,8.518611316395246,9.485227434673286,8.882165403896133,9.737220737598312
67491,738349.7889785243,8.518611316395246,9.485227434673286,8.882165403896133,9.737220737598312
67492,738349.7900585207,8.518611316395246,9.485227434673286,8.882165403896133,9.737220737598312
67493,738349.7906358201,8.51993069265112,9.474205727284218,8.882737130678295,9.732652440157995
67494,738349.7909081535,8.51993069265112,9.485227434673286,8.882737130678295,9.737220737598312
67497,738349.7974463773,8.51993069265112,9.485227434673286,8.882737130678295,9.737220737598312
67498,738349.7984613287,8.51993069265112,9.485227434673286,8.882737130678295,9.737220737598312
67499,738349.8042086264,8.584967608405142,9.589561185359672,8.979238081452545,9.817722618136314
67500,738349.8069691454,8.584967608405142,9.589561185359672,8.979238081452545,9.817722618136314
67501,738349.8081474281,8.563387494346145,9.485227434673286,8.922415481546063,9.737220737598312
67502,738349.808335993,8.563387494346145,9.485227434673286,8.922415481546063,9.737220737598312
67503,738349.8090166616,8.563387494346145,9.485227434673286,8.922415481546063,9.737220737598312
67504,738349.8150984697,8.563387494346145,9.485227434673286,8.922415481546063,9.737220737598312
67505,738349.8168563073,8.563387494346145,9.485227434673286,8.922415481546063,9.737220737598312
67506,738349.8177071271,8.563387494346145,9.485227434673286,8.922415481546063,9.737220737598312
67507,738349.8212205948,8.563387494346145,9.485227434673286,8.922415481546063,9.737220737598312
67508,738349.8217011106,8.563387494346145,9.485227434673286,8.922415481546063,9.737220737598312
67509,738349.8238013492,8.563387494346145,9.485227434673286,8.922415481546063,9.737220737598312
67510,738349.8249940777,8.563387494346145,9.485227434673286,8.922415481546063,9.737220737598312
67513,738349.8289404241,8.563457773769143,9.474205727284218,8.922446229765091,9.732652440157995
67516,738349.8365554492,8.563457773769143,9.474205727284218,8.922446229765091,9.732652440157995
67517,738349.8416449324,8.563457773769143,9.485227434673286,8.922446229765091,9.737220737598312
67518,738349.8430115673,8.563457773769143,9.485227434673286,8.922446229765091,9.737220737598312
67519,738349.8444046214,8.563457773769143,9.485227434673286,8.922446229765091,9.737220737598312
67520,738349.8446958238,8.563457773769143,9.485227434673286,8.922446229765091,9.737220737598312
67521,738349.848009996,8.563457773769143,9.485227434673286,8.922446229765091,9.737220737598312
67524,738349.8557677476,8.563457773769143,9.485227434673286,8.922446229765091,9.737220737598312
67525,738349.8569621679,8.563457773769143,9.485227434673286,8.922446229765091,9.737220737598312
67527,738349.8631574807,8.563457773769143,9.485227434673286,8.922446229765091,9.737220737598312
67528,738349.8658684648,8.563695524220126,9.484971349290987,8.922550269623647,9.737031842387882
67529,738349.8695928369,8.563695524220126,9.485227434673286,8.922550269623647,9.737220737598312
67530,738349.877545732,8.563695524220126,9.485227434673286,8.922550269623647,9.737220737598312
67531,738349.8786967896,8.563695524220126,9.485227434673286,8.922550269623647,9.737220737598312
67532,738349.8830824349,8.563695524220126,9.485227434673286,8.922550269623647,9.737220737598312
67533,738349.8871962712,8.563695524220126,9.485227434673286,8.922550269623647,9.737220737598312
67534,738349.88771134,8.589993576431082,9.474205727284218,8.934256523520549,9.732652440157995
67536,738349.9008779336,8.59182680385821,9.307145671647262,8.935087243984057,9.673823234851394
67538,738349.9066061543,8.59182680385821,9.307145671647262,8.935087243984057,9.673823234851394
67539,738349.9111271407,8.59182680385821,9.307145671647262,8.935087243984057,9.673823234851394
67540,738349.9146328685,8.59182680385821,9.307145671647262,8.935087243984057,9.673823234851394
67542,738349.923749413,8.59182680385821,9.485227434673286,8.935087243984057,9.737220737598312
67543,738349.9349330985,8.59182680385821,9.485227434673286,8.935087243984057,9.737220737598312
67544,738349.9353694195,8.59182680385821,9.485227434673286,8.935087243984057,9.737220737598312
67545,738349.9360228173,8.59182680385821,9.485227434673286,8.935087243984057,9.737220737598312
67546,738349.9422820088,8.59182680385821,9.485227434673286,8.935087243984057,9.737220737598312
67547,738349.9500397927,8.59182680385821,9.485227434673286,8.935087243984057,9.737220737598312
67549,738349.9591352975,8.59182680385821,9.485227434673286,8.935087243984057,9.737220737598312
67550,738349.9688495037,8.59182680385821,9.485227434673286,8.935087243984057,9.737220737598312
67551,738349.9718986083,8.59182680385821,9.484971349290987,8.935087243984057,9.737031842387882
67552,738349.9721992811,8.59182680385821,9.485227434673286,8.935087243984057,9.737220737598312
67553,738349.9728719237,8.59182680385821,9.485227434673286,8.935087243984057,9.737220737598312
67554,738349.9748910469,8.59182680385821,9.485227434673286,8.935087243984057,9.737220737598312
67556,738349.9785353958,8.59182680385821,9.485227434673286,8.935087243984057,9.737220737598312
67559,738350.0150518331,8.59182680385821,9.485227434673286,8.935087243984057,9.737220737598312
67560,738350.0158025927,8.59182680385821,9.485227434673286,8.935087243984057,9.737220737598312
67561,738350.018694257,8.59182680385821,9.485227434673286,8.935087243984057,9.737220737598312
67562,738350.0197724054,8.59182680385821,9.485227434673286,8.935087243984057,9.737220737598312
67563,738350.0201086027,8.59182680385821,9.485227434673286,8.935087243984057,9.737220737598312
67565,738350.0337190949,8.59182680385821,9.485227434673286,8.935087243984057,9.737220737598312
67566,738350.0361933173,8.59182680385821,9.485227434673286,8.935087243984057,9.737220737598312
67567,738350.0378393631,8.59182680385821,9.485227434673286,8.935087243984057,9.737220737598312
67568,738350.0391157748,8.59182680385821,9.485227434673286,8.935087243984057,9.737220737598312
67569,738350.0458850886,8.59182680385821,9.485227434673286,8.935087243984057,9.737220737598312
67570,738350.0776207428,8.59182680385821,9.485227434673286,8.935087243984057,9.737220737598312
67574,738350.0848235321,8.59182680385821,9.485227434673286,8.935087243984057,9.737220737598312
67576,738350.088744208,8.59182680385821,9.485227434673286,8.935087243984057,9.737220737598312
67579,738350.1483963392,8.59182680385821,9.485227434673286,8.935087243984057,9.737220737598312
67580,738350.166557748,8.493176899184494,9.485227434673286,8.85082295001083,9.737220737598312
67581,738350.1865583813,8.59182680385821,9.485227434673286,8.935087243984057,9.737220737598312
67582,738350.1990239891,8.59182680385821,9.485227434673286,8.935087243984057,9.737220737598312
67584,738350.237660739,8.59182680385821,9.485227434673286,8.935087243984057,9.737220737598312
67585,738350.2441369953,8.59182680385821,9.485227434673286,8.935087243984057,9.737220737598312
67586,738350.2445215668,8.59182680385821,9.485136238787407,8.935087243984057,9.737124135395439
67587,738350.2622607793,8.59182680385821,9.485227434673286,8.935087243984057,9.737220737598312
67591,738350.3350552162,8.493176899184494,9.485227434673286,8.85082295001083,9.737220737598312
67597,738350.3914661031,8.59182680385821,9.485227434673286,8.935087243984057,9.737220737598312
67598,738350.4234651146,8.59182680385821,9.485227434673286,8.935087243984057,9.737220737598312
67601,738350.4346274713,8.594465546064844,9.485227434673286,8.936286348041971,9.737220737598312
67604,738350.4681465391,8.594465546064844,9.474205727284218,8.936286348041971,9.732652440157995
67609,738350.5371631415,8.594465546064844,9.485227434673286,8.936286348041971,9.737220737598312
67610,738350.5383385418,8.594465546064844,9.485227434673286,8.93628634804197,9.737220737598312
67611,738350.5531460593,8.594465546064844,9.485227434673286,8.93628634804197,9.737220737598312
67612,738350.5695174439,8.618331697771183,9.307145671647262,8.947312515123501,9.673823234851394
67613,738350.5740038182,8.618331697771183,9.485227434673286,8.947312515123501,9.737220737598312
67614,738350.5759729637,8.618331697771183,9.485227434673286,8.947312515123501,9.737220737598312
67615,738350.5806007527,8.618746804130314,9.307145671647262,8.94750718053965,9.673823234851394
67616,738350.5815066341,8.618746804130314,9.485227434673286,8.94750718053965,9.737220737598312
67617,738350.5829267069,8.618746804130314,9.485227434673286,8.94750718053965,9.737220737598312
67619,738350.6596002587,8.618746804130314,9.485227434673286,8.94750718053965,9.737220737598312
67622,738350.741148569,8.618746804130314,9.485227434673286,8.94750718053965,9.737220737598312
67628,738350.7829398934,8.618746804130314,9.484971349290987,8.94750718053965,9.737031842387882
67630,738350.7953265304,8.620129598664683,9.485227434673286,8.948911186391406,9.737220737598312
67631,738350.7974174507,8.620129598664683,9.485227434673286,8.948911186391406,9.737220737598312
67632,738350.798607167,8.620129598664683,9.485227434673286,8.948911186391406,9.737220737598312
67635,738350.8050980865,8.620129598664683,9.485227434673286,8.948911186391406,9.737220737598312
67639,738350.8512849247,8.620129598664683,9.485227434673286,8.948911186391406,9.737220737598312
67641,738350.9161138987,8.620129598664683,9.485227434673286,8.948911186391406,9.737220737598312
67645,738351.0661931796,8.620129598664683,9.485227434673286,8.948911186391406,9.737220737598312
67646,738351.0699926927,8.620129598664683,9.485227434673286,8.948911186391406,9.737220737598312
67647,738351.0705308563,8.620129598664683,9.485227434673286,8.948911186391406,9.737220737598312
67653,738351.2587390536,8.620129598664683,9.474205727284218,8.948911186391406,9.732652440157995
67656,738351.2988503646,8.620129598664683,9.644986607137817,9.022010887942791,9.798934519215738
67658,738351.325858358,8.620129598664683,9.485227434673286,8.948911186391406,9.737220737598312
67659,738351.3851826184,8.620129598664683,9.485227434673286,8.948911186391406,9.737220737598312
67660,738351.3893257543,8.620129598664683,9.485227434673286,8.948911186391406,9.737220737598312
67667,738351.4920107471,8.620129598664683,9.485227434673286,8.948911186391406,9.737220737598312
67670,738351.5095636408,8.620136692318358,9.485227434673286,8.948914513678513,9.737220737598312
67671,738351.5117733729,8.620136692318358,9.474205727284218,8.948914513678513,9.732652440157995
67672,738351.5122965113,8.620136692318358,9.485227434673286,8.948914513678513,9.737220737598312
67673,738351.5132703709,8.620136692318358,9.485136238787407,8.948914513678513,9.737124135395439
67674,738351.515079073,8.620136692318358,9.485227434673286,8.948914513678513,9.737220737598312
67675,738351.5169542533,8.620136692318358,9.485227434673286,8.948914513678513,9.737220737598312
67676,738351.5185066552,8.622001214632467,9.485227434673286,8.948914513678513,9.737220737598312
67677,738351.5201298103,8.622001214632467,9.485227434673286,8.948914513678513,9.737220737598312
67678,738351.5212347825,8.622001214632467,9.485227434673286,8.948914513678513,9.737220737598312
67679,738351.529232428,8.62300392027815,9.485227434673286,8.948914513678513,9.737220737598312
67681,738351.531247403,8.62300392027815,9.485227434673286,8.948914513678513,9.737220737598312
67682,738351.5320632253,8.62300392027815,9.485227434673286,8.948914513678513,9.737220737598312
67683,738351.5365108569,8.62300392027815,9.485227434673286,8.948914513678513,9.737220737598312
67684,738351.5398114098,8.62300392027815,9.485227434673286,8.948914513678513,9.737220737598312
67685,738351.5527664179,8.62300392027815,9.485227434673286,8.948914513678513,9.737220737598312
67686,738351.5877725444,8.62300392027815,9.485227434673286,8.948914513678513,9.737220737598312
67687,738351.6174987783,8.623003920278148,9.484971349290987,8.948914513678513,9.737031842387882
67688,738351.625527405,8.623003920278148,9.484971349290987,8.948914513678513,9.737031842387882
67689,738351.6338927,8.623003920278148,9.485227434673286,8.948914513678513,9.737220737598312
67690,738351.6507192177,8.52151213567858,9.485227434673286,8.863832981194422,9.737220737598312
67691,738351.6634389233,8.623003920278148,9.485227434673286,8.948914513678513,9.737220737598312
67693,738351.6843315414,8.623003920278148,9.485227434673286,8.948914513678513,9.737220737598312
67697,738351.7399156248,8.623003920278148,9.485227434673286,8.948914513678513,9.737220737598312
67700,738351.7777771344,8.623003920278148,9.485227434673286,8.948914513678513,9.737220737598312
67702,738351.7966216492,8.623003920278148,9.485227434673286,8.948914513678513,9.737220737598312
67703,738351.8007396321,8.623003920278148,9.485227434673286,8.948914513678513,9.737220737598312
67704,738351.8058889317,8.623003920278148,9.485227434673286,8.948914513678513,9.737220737598312
67705,738351.8067067317,8.623003920278148,9.485227434673286,8.948914513678513,9.737220737598312
67707,738351.8248636576,8.623003920278148,9.485227434673286,8.948914513678513,9.737220737598312
67708,738351.8514704388,8.623003920278148,9.485227434673286,8.948914513678513,9.737220737598312
67710,738351.8823499278,8.623003920278148,9.485227434673286,8.948914513678513,9.737220737598312
67712,738351.9062939463,8.623003920278148,9.485227434673286,8.948914513678513,9.737220737598312
67714,738351.941316759,9.894173314571038,9.96462408326819,9.894173314571038,9.96462408326819
67715,738351.9525883895,8.52151213567858,9.485227434673286,8.863832981194422,9.737220737598312
67717,738352.0019887504,8.52151213567858,9.485227434673286,8.863832981194422,9.737220737598312
67718,738352.0048980567,8.52151213567858,9.485227434673286,8.863832981194422,9.737220737598312
67720,738352.0065100419,8.52151213567858,9.485227434673286,8.863832981194422,9.737220737598312
67721,738352.0081384472,8.52151213567858,9.485227434673286,8.863832981194422,9.737220737598312
67722,738352.01476766,8.623003920278148,9.485227434673286,8.948914513678513,9.737220737598312
67723,738352.0174770546,8.527849497838572,9.485227434673286,8.866725745368283,9.737220737598312
67724,738352.0211578339,8.628028210397883,9.485227434673286,8.951294028323733,9.737220737598312
67725,738352.0228095228,8.628028210397883,9.485227434673286,8.951294028323733,9.737220737598312
67727,738352.0297900413,8.628028210397883,9.485227434673286,8.951294028323733,9.737220737598312
67728,738352.0332093249,8.628028210397883,9.485227434673286,8.951294028323733,9.737220737598312
67730,738352.0391675059,8.628028210397883,9.485227434673286,8.951294028323733,9.737220737598312
67731,738352.0532767969,8.628028210397883,9.485227434673286,8.951294028323733,9.737220737598312
67734,738352.0854453905,8.628028210397883,9.485227434673286,8.951294028323733,9.737220737598312
67735,738352.1177215027,8.628028210397883,9.485227434673286,8.951294028323733,9.737220737598312
67736,738352.1820269949,8.628028210397883,9.485227434673286,8.951294028323733,9.737220737598312
67753,738352.5341109025,8.628028210397883,9.485227434673286,8.951294028323733,9.737220737598312
67754,738352.5387725246,8.628028210397883,9.485227434673286,8.951294028323733,9.737220737598312
67755,738352.5406438572,8.56657220028712,9.589561185359672,8.884900786371274,9.817722618136314
67756,738352.550922825,8.56657220028712,9.485227434673286,8.884900786371274,9.737220737598312
67757,738352.5818619517,8.660412015489085,9.307711944862096,8.966979168266763,9.673823234851394
67758,738352.5879678089,8.660412015489085,9.485227434673286,8.966979168266763,9.737220737598312
67759,738352.5904670676,8.660412015489085,9.485227434673286,8.966979168266763,9.737220737598312
67762,738352.6713252692,8.660412015489085,9.485227434673286,8.966979168266763,9.737220737598312
67763,738352.6723278442,8.660412015489085,9.485227434673286,8.966979168266763,9.737220737598312
67764,738352.6725241677,8.660412015489085,9.485227434673286,8.966979168266763,9.737220737598312
67765,738352.6730890847,8.660412015489085,9.485227434673286,8.966979168266763,9.737220737598312
67766,738352.6734198033,8.660412015489085,9.485227434673286,8.966979168266763,9.737220737598312
67768,738352.6773731333,8.660412015489085,9.485227434673286,8.966979168266763,9.737220737598312
67770,738352.6892769656,8.660412015489085,9.485227434673286,8.966979168266763,9.737220737598312
67771,738352.6897358515,8.660412015489085,9.485227434673286,8.966979168266763,9.737220737598312
67773,738352.6917162812,8.660412015489085,9.485227434673286,9.037328599558585,9.737220737598312
67772,738352.6917269331,8.123433472076307,9.317846546631875,8.416042657745184,9.673823234851394
67774,738352.694878013,8.123433472076307,9.317846546631875,8.416042657745184,9.673823234851394
67776,738352.7212487935,8.123433472076307,9.317846546631875,8.416042657745184,9.673823234851394
67781,738352.7832463755,8.123433472076307,9.317846546631875,8.416042657745184,9.673823234851394
67785,738352.8760564632,8.123433472076307,9.317846546631875,8.416042657745184,9.673823234851394
67791,738352.9537289827,8.123433472076307,9.317846546631875,8.416042657745184,9.673823234851394
67792,738352.9640471131,8.123433472076307,9.317846546631875,8.416042657745184,9.673823234851394
67793,738352.9686944442,8.676927373065736,9.491988010378915,8.94220602217819,9.737220737598312
67795,738352.9906464143,8.676927373065736,9.491988010378915,8.94220602217819,9.737220737598312
67797,738353.0185565492,8.676927373065736,9.491988010378915,8.94220602217819,9.737220737598312
67798,738353.0266542287,8.769092778123815,9.491988010378915,9.02467015148374,9.737220737598312
67799,738353.0931901025,8.769092778123815,9.491988010378915,9.02467015148374,9.737220737598312
67803,738353.1524396725,8.769092778123815,9.491988010378915,9.02467015148374,9.737220737598312
67806,738353.2453395105,8.769092778123815,9.491988010378915,9.02467015148374,9.737220737598312
67815,738353.487371786,8.769092778123815,9.491988010378915,9.02467015148374,9.737220737598312
67824,738353.65421755,8.689624367668184,9.491988010378915,9.02467015148374,9.737220737598312
67826,738353.6591640345,8.689624367668184,9.491988010378915,9.02467015148374,9.737220737598312
67829,738353.7309597386,8.689624367668184,9.283860075251503,8.996724996864959,9.670688428336641
67830,738353.7637224067,8.689624367668184,9.491988010378915,8.996724996864959,9.733684826789643
67831,738353.791398396,8.7003660332871,9.491988010378915,9.002054169801603,9.733684826789643
67839,738353.9306373204,8.7003660332871,9.491988010378915,9.002054169801603,9.733684826789643
67840,738354.0060563287,8.7003660332871,9.491988010378915,9.002054169801603,9.733684826789643
67843,738354.081941974,8.7003660332871,9.491988010378915,9.002054169801603,9.733684826789643
67845,738354.1276718578,8.7003660332871,9.491988010378915,9.002054169801603,9.733684826789643
67867,738354.6742000169,8.7003660332871,9.491988010378915,9.002054169801603,9.733684826789643
67868,738354.7014317096,8.7003660332871,9.491988010378915,9.002054169801603,9.733684826789643
67870,738354.7584825853,8.7003660332871,9.491988010378915,9.002054169801603,9.733684826789643
67874,738354.798787282,8.595136667851426,9.426163177755488,9.002054169801603,9.733684826789643
67876,738354.9054215444,8.595136667851426,9.426163177755488,9.002054169801603,9.733684826789643
67886,738355.0964673809,8.595136667851426,9.426163177755488,9.002054169801603,9.733684826789643
67887,738355.0977183151,8.595136667851426,9.426163177755488,9.002054169801603,9.733684826789643
67889,738355.1070601316,8.595136667851426,9.426163177755488,9.002054169801603,9.733684826789643
67890,738355.1140726226,8.595136667851426,9.426163177755488,9.002054169801603,9.733684826789643
67891,738355.1158331234,8.595136667851426,9.426163177755488,9.002054169801603,9.733684826789643
67895,738355.1955132822,8.595136667851426,9.426163177755488,9.002054169801603,9.733684826789643
67904,738355.3357032783,8.595136667851426,9.426163177755488,9.002054169801603,9.733684826789643
67933,738355.6721570207,8.595136667851426,9.426163177755488,9.002054169801603,9.733684826789643
67935,738355.7495579073,8.595136667851426,9.426163177755488,9.002054169801603,9.733684826789643
67942,738355.7857114024,8.595136667851426,9.426163177755488,9.002054169801603,9.733684826789643
67956,738356.0869598843,8.595136667851426,9.426163177755488,9.002054169801603,9.733684826789643
67959,738356.1535548924,9.740940690573478,9.367747988844862,9.884476103354304,9.766093528924277
67963,738356.2907835911,9.740940690573478,9.367747988844862,9.884476103354304,9.766093528924277
67967,738356.3459027738,9.740940690573478,9.367747988844862,9.884476103354304,9.766093528924277
67975,738356.5262363402,8.268068724846154,9.15594688494669,8.914708283424234,9.733684826789643
67986,738356.8184069631,8.268068724846154,9.15594688494669,8.914708283424234,9.733684826789643
67990,738356.9393367438,8.268068724846154,9.15594688494669,8.914708283424234,9.733684826789643
67991,738356.9696721621,8.268068724846154,9.15594688494669,9.002054169801603,9.733684826789643
67993,738357.0437457245,8.268068724846154,9.15594688494669,9.002054169801603,9.733684826789643
68000,738357.3401995281,8.268068724846154,9.15594688494669,9.002054169801603,9.733684826789643
68025,738357.9044489531,8.268068724846154,9.15594688494669,9.002054169801603,9.733684826789643
68026,738357.914017266,8.268068724846154,9.15594688494669,9.002054169801603,9.733684826789643
68044,738358.3582796133,9.904928415895334,9.795027351875394,9.837975914924177,9.612885028332418
68064,738358.6567008658,8.306021547769275,9.185589930725428,9.017412318343148,9.733684826789643
68065,738358.6765480962,8.306021547769275,9.185589930725428,9.017412318343148,9.733684826789643
68068,738358.7488319067,8.306021547769275,9.185589930725428,9.017412318343148,9.733684826789643
68073,738358.7988292341,8.306021547769275,9.185589930725428,9.017412318343148,9.733684826789643
68083,738359.0141702683,8.306021547769275,9.185589930725428,9.017412318343148,9.721055665477152
68086,738359.0431409928,8.306021547769275,9.185589930725428,9.017412318343148,9.721055665477152
68096,738359.3491997182,8.306021547769275,9.185589930725428,9.017412318343148,9.721055665477152
68106,738359.5169596726,8.306021547769275,9.185589930725428,9.017412318343148,9.721055665477152
68122,738359.8857461013,8.089064329401621,8.848098643829333,9.047926774394409,9.722786337328978
68125,738359.9788884755,8.089064329401621,8.848098643829333,9.047926774394409,9.722786337328978
68129,738360.1053693243,8.089064329401621,8.848098643829333,9.047926774394409,9.722786337328978
68135,738360.3133978609,8.089064329401621,8.848098643829333,9.047926774394409,9.722786337328978
68136,738360.3347452711,9.759790443515907,9.158114809158482,9.892651400656039,9.77117003513313
68137,738360.3398453962,9.759790443515907,9.158114809158482,9.892651400656039,9.77117003513313
68138,738360.3409468953,9.654478020055263,9.397020026452948,9.805160081762747,9.808243032424537
68139,738360.3461248127,9.654478020055263,9.397020026452948,9.805160081762747,9.808243032424537
68140,738360.3776556745,9.5236924817353,9.164082852150283,9.693992773275898,9.772947496982873
68141,738360.3836789302,9.5236924817353,9.164082852150283,9.693992773275898,9.772947496982873
68142,738360.3845065322,9.499628734506937,9.164082852150283,9.67547831562942,9.772947496982873
68143,738360.3864029591,9.499628734506937,9.164082852150283,9.67547831562942,9.772947496982873
68145,738360.4089583544,9.499628734506937,9.164082852150283,9.67547831562942,9.772947496982873
68148,738360.4379045286,9.499628734506937,9.164082852150283,9.67547831562942,9.772947496982873
68154,738360.6117139632,9.499628734506937,9.164082852150283,9.67547831562942,9.772947496982873
68156,738360.629268196,9.436284950751917,9.164082852150283,9.536408397365001,9.772947496982873
68159,738360.6441241798,9.436284950751917,9.164082852150283,9.536408397365001,9.772947496982873
68162,738360.7089148128,9.436284950751917,9.164082852150283,9.536408397365001,9.772947496982873
68163,738360.7158574748,9.436284950751917,9.164082852150283,9.536408397365001,9.772947496982873
68166,738360.8431553831,9.334358175312707,9.164537685907007,9.588934662221863,9.731816457617892
68168,738360.8624892007,8.861704472575768,9.167002307579347,9.220155283862612,9.733322942680966
68170,738360.8775717507,8.861704472575768,9.167002307579347,9.220155283862612,9.733322942680966
68173,738360.9965150963,8.861704472575768,9.167002307579347,9.220155283862612,9.733322942680966
68177,738361.0226122597,8.861704472575768,9.167002307579347,9.220155283862612,9.733322942680966
68178,738361.0860843203,8.84740579549132,9.167002307579347,9.212131579512205,9.733322942680966
68186,738361.2562366021,8.84740579549132,9.167002307579347,9.212131579512205,9.733322942680966
68190,738361.3220030451,8.84740579549132,9.167002307579347,9.212131579512205,9.733322942680966
68193,738361.341113175,8.84740579549132,9.167002307579347,9.212131579512205,9.733322942680966
68194,738361.3436437948,8.84740579549132,9.167002307579347,9.212131579512205,9.733322942680966
68196,738361.3737426363,8.84740579549132,9.167002307579347,9.212131579512205,9.733322942680966
68206,738361.4571210687,8.84740579549132,9.167002307579347,9.212131579512205,9.733322942680966
68223,738361.8851603848,8.84740579549132,9.167002307579347,9.212131579512205,9.733322942680966
68225,738361.9016170736,8.834763492407092,9.168870596448222,9.163119702127029,9.733322942680966
68229,738361.9521685935,8.834763492407092,9.168870596448222,9.163119702127029,9.733322942680966
68234,738362.1077441116,8.834763492407092,9.168870596448222,9.163119702127029,9.733322942680966
68241,738362.2573392676,8.822651586732004,9.168870596448222,9.163106851591504,9.733322942680966
68242,738362.2576385508,8.187805191709732,9.399826660388579,8.873503691067897,9.771844893642225
68244,738362.2594324008,8.188251781165103,9.168870596448222,8.708760543841585,9.733322942680966
68245,738362.2598275158,8.186522186961588,9.168870596448222,8.089647638775647,9.733322942680966
68246,738362.2605289962,8.094054842058606,9.169042730056288,7.736514968617131,9.733322942680966
68248,738362.2620127373,8.094054842058606,9.169042730056288,7.736514968617131,9.733322942680966
68249,738362.264291566,8.094054842058606,9.169042730056288,7.736514968617131,9.733322942680966
68250,738362.2662879445,8.093534249875141,9.169042730056288,7.736514968617131,9.733322942680966
68251,738362.2667333574,8.040593856573576,9.169042730056288,7.736514968617131,9.733322942680966
68252,738362.2675634744,7.731328440537576,9.169042730056288,7.736514968617131,9.733322942680966
68253,738362.2681664849,6.88218512003999,9.169042730056288,7.736514968617131,9.733322942680966
68254,738362.2707450874,6.983270402079,9.172201999863947,7.757600327911195,9.733322942680966
68255,738362.2714580003,6.98383059401318,9.172201999863947,7.758106164916596,9.733322942680966
68257,738362.2746761543,6.98383059401318,9.172201999863947,7.758106164916596,9.733322942680966
68258,738362.2757075481,6.98383059401318,9.172201999863947,7.758106164916596,9.733322942680966
68259,738362.2759741993,6.98383059401318,9.172201999863947,7.758106164916596,9.733322942680966
68260,738362.2768023825,6.98383059401318,9.172201999863947,7.758106164916596,9.733322942680966
68261,738362.2788160142,6.98383059401318,9.172201999863947,7.758106164916596,9.733322942680966
68262,738362.2798533281,6.98383059401318,9.172201999863947,7.758106164916596,9.733322942680966
68264,738362.2834432139,6.98383059401318,9.172201999863947,7.758106164916596,9.733322942680966
68265,738362.2845723252,6.98383059401318,9.172201999863947,7.758106164916596,9.733322942680966
68266,738362.2850517714,7.107643496427275,9.172201999863947,8.2075093086881,9.733322942680966
68268,738362.2874264244,7.107643496427275,9.172201999863947,8.2075093086881,9.733322942680966
68269,738362.2884390708,7.107643496427275,9.172201999863947,8.2075093086881,9.733322942680966
68270,738362.2890546037,7.107643496427275,9.172201999863947,8.2075093086881,9.733322942680966
68271,738362.2897346629,7.107643496427275,9.172201999863947,8.2075093086881,9.733322942680966
68272,738362.290147569,7.107643496427275,9.172201999863947,8.2075093086881,9.733322942680966
68273,738362.2912064648,7.107643496427275,9.172201999863947,8.2075093086881,9.733322942680966
68274,738362.2944015068,7.107643496427275,9.172201999863947,8.2075093086881,9.733322942680966
68275,738362.2951266733,7.107643496427275,9.172201999863947,7.758106164916596,9.733322942680966
68276,738362.2963693151,7.107643496427275,9.172201999863947,7.758106164916596,9.733322942680966
68279,738362.3060955969,7.107643496427275,9.172201999863947,7.758106164916596,9.733322942680966
68281,738362.3124701452,7.107643496427275,9.172201999863947,7.758106164916596,9.733322942680966
68282,738362.3162502407,7.107643496427275,9.172201999863947,7.758106164916596,9.733322942680966
68284,738362.3225530587,7.107643496427275,9.172201999863947,7.758106164916596,9.733322942680966
68286,738362.3292727293,7.107643496427275,9.172201999863947,7.758106164916596,9.733322942680966
68287,738362.34443745,7.107643496427275,9.172201999863947,7.758106164916596,9.733322942680966
68291,738362.3635530631,7.107643496427275,9.172201999863947,7.758106164916596,9.733322942680966
68292,738362.3666387713,7.107643496427275,9.172201999863947,7.758106164916596,9.733322942680966
68293,738362.3722767862,7.107643496427275,9.172201999863947,7.758106164916596,9.733322942680966
68294,738362.3745337614,7.107643496427275,9.172201999863947,7.758106164916596,9.733322942680966
68296,738362.3820299067,7.107643496427275,9.172201999863947,7.758106164916596,9.733322942680966
68297,738362.3835309054,7.107643496427275,9.172201999863947,7.758106164916596,9.733322942680966
68298,738362.3871586189,7.107643496427275,9.172201999863947,7.758106164916596,9.733322942680966
68302,738362.4169811207,7.107643496427275,9.172201999863947,7.758106164916596,9.733322942680966
68307,738362.4382721761,8.255568520144783,9.157680024904378,8.568223973596034,9.625396159437235
68309,738362.4453739666,8.255568520144783,9.157680024904378,8.568223973596034,9.625396159437235
68310,738362.4483016285,8.255568520144783,9.157680024904378,8.568223973596034,9.625396159437235
68313,738362.4601332259,8.255568520144783,9.157680024904378,8.568223973596034,9.625396159437235
68314,738362.4623134925,8.255568520144783,9.157680024904378,8.568223973596034,9.625396159437235
68320,738362.4910755517,8.255568520144783,9.157680024904378,8.568223973596034,9.625396159437235
68321,738362.5003673581,8.255568520144783,9.157680024904378,8.568223973596034,9.625396159437235
68323,738362.5238978424,8.255568520144783,9.157680024904378,8.568223973596034,9.625396159437235
68325,738362.5255176636,7.266134814634488,9.177348636624796,7.8242149921197806,9.74934920281274
68326,738362.5263508344,7.266134814634488,9.177348636624796,7.8242149921197806,9.74934920281274
68327,738362.5282182591,7.2787778465454,9.420664281853716,7.8242149921197806,9.789455946369173
68331,738362.5558183731,7.2787778465454,9.420664281853716,7.8242149921197806,9.789455946369173
68332,738362.5745390183,7.2787778465454,9.177348636624796,7.8242149921197806,9.74934920281274
68333,738362.5756016687,7.2787778465454,9.177348636624796,7.8242149921197806,9.74934920281274
68334,738362.5765763377,7.2787778465454,9.177348636624796,7.8242149921197806,9.74934920281274
68338,738362.6127307527,7.2787778465454,9.177348636624796,7.8242149921197806,9.74934920281274
68343,738362.6478701284,7.2787778465454,9.177348636624796,7.8242149921197806,9.74934920281274
68345,738362.6645846944,7.2787778465454,9.177348636624796,7.8242149921197806,9.74934920281274
68347,738362.677204234,7.2787778465454,9.177348636624796,7.8242149921197806,9.74934920281274
68348,738362.6852715297,7.2787778465454,9.170049254052836,7.8242149921197806,9.74934920281274
68349,738362.6934988766,7.2787778465454,9.170049254052836,7.8242149921197806,9.74934920281274
68350,738362.7274525453,7.2787778465454,9.170049254052836,7.8242149921197806,9.74934920281274
68351,738362.7279880197,7.2787778465454,9.170049254052836,7.8242149921197806,9.74934920281274
68352,738362.7295602662,7.2787778465454,9.170049254052836,7.8242149921197806,9.74934920281274
68353,738362.7402626269,7.2787778465454,9.170049254052836,7.8242149921197806,9.74934920281274
68357,738362.7545495561,7.2787778465454,9.170049254052836,7.8242149921197806,9.74934920281274
68358,738362.7643820813,7.294718932315616,9.420657870161378,7.8242149921197806,9.789455946369173
68359,738362.7726108294,7.294718932315616,9.420657870161378,7.8242149921197806,9.789455946369173
68360,738362.7730319587,7.294718932315616,9.420657870161378,7.8242149921197806,9.789455946369173
68362,738362.7919744203,7.294718932315616,9.420657870161378,7.8242149921197806,9.789455946369173
68364,738362.8206244569,7.294718932315616,9.420657870161378,7.8242149921197806,9.789455946369173
68365,738362.8221032318,7.294718932315616,9.420657870161378,7.8242149921197806,9.789455946369173
68366,738362.8280830848,7.294718932315616,9.170049254052836,7.8242149921197806,9.74934920281274
68367,738362.8651636804,7.294718932315616,9.170049254052836,7.8242149921197806,9.74934920281274
68368,738362.8725523879,7.294718932315616,9.170049254052836,7.8242149921197806,9.74934920281274
68369,738362.8785264853,7.294718932315616,9.170049254052836,7.8242149921197806,9.74934920281274
68372,738362.8992311024,7.294718932315616,9.170049254052836,7.8242149921197806,9.74934920281274
68373,738362.9089293783,7.294718932315616,9.170049254052836,7.8242149921197806,9.74934920281274
68374,738362.9181589035,7.294718932315616,9.170049254052836,7.8242149921197806,9.74934920281274
68375,738362.9295795668,7.294718932315616,9.170049254052836,7.8242149921197806,9.74934920281274
68376,738362.9487670982,7.294718932315616,9.170049254052836,7.8242149921197806,9.74934920281274
68377,738362.957545404,7.294718932315616,9.170049254052836,7.8242149921197806,9.74934920281274
68378,738362.9812416508,7.294718932315616,8.814731334883573,7.8242149921197806,9.74934920281274
68379,738362.9838563348,7.294718932315616,8.814731334883573,7.8242149921197806,9.74934920281274
68381,738363.0022980184,7.294718932315616,8.814731334883573,7.8242149921197806,9.74934920281274
68384,738363.0171781274,7.294718932315616,8.814731334883573,7.8242149921197806,9.74934920281274
68385,738363.027131857,7.294718932315616,8.814731334883573,7.8242149921197806,9.74934920281274
68386,738363.0280071353,7.294718932315616,8.814731334883573,7.8242149921197806,9.74934920281274
68388,738363.0417783051,7.294718932315616,8.814731334883573,7.8242149921197806,9.74934920281274
68389,738363.0547344658,7.294718932315616,8.814731334883573,7.8242149921197806,9.74934920281274
68390,738363.0621678272,7.294835263251329,8.814731334883573,7.824249366916677,9.74934920281274
68391,738363.0693776001,7.343292975012659,8.818142423877081,7.84508640864364,9.74934920281274
68393,738363.0931975407,7.343292975012659,8.818142423877081,7.84508640864364,9.74934920281274
68394,738363.1336447183,7.343292975012659,8.818142423877081,7.84508640864364,9.74934920281274
68396,738363.1519930734,7.343292975012659,8.818142423877081,7.84508640864364,9.74934920281274
68398,738363.2049384159,8.73956584672273,9.388340444371599,9.625383899063442,9.67032888087947
68399,738363.2099453157,7.344769727350277,9.34923094374314,7.848273188362057,9.782088912358612
68400,738363.2223845373,7.345349031592897,9.439605742716823,8.306291374835757,9.797998275593136
68401,738363.2258077576,7.345349031592897,9.439605742716823,8.306291374835757,9.797998275593136
68402,738363.232028927,7.360976125733744,9.439605742716823,8.306291374835757,9.797998275593136
68403,738363.2334488713,7.360976125733744,9.34923094374314,7.848273188362057,9.782088912358612
68404,738363.2386664164,7.360976125733744,9.34923094374314,7.848273188362057,9.782088912358612
68406,738363.2407166711,7.360976125733744,9.34923094374314,7.848273188362057,9.782088912358612
68407,738363.242409949,7.360976125733744,9.34923094374314,7.848273188362057,9.782088912358612
68408,738363.2447512139,7.360976125733744,9.34923094374314,7.848273188362057,9.782088912358612
68410,738363.247712744,7.360976125733744,9.34923094374314,7.848273188362057,9.782088912358612
68412,738363.2579613724,8.089064329401621,8.618278631543557,8.852010523442038,9.624011785971677
68413,738363.2593050828,8.089064329401621,8.618278631543557,8.852010523442038,9.624011785971677
68414,738363.2634509692,8.089064329401621,8.618278631543557,8.852010523442038,9.624011785971677
68415,738363.2659602911,7.362475207814843,9.34923094374314,7.848273188362057,9.782088912358612
68416,738363.2664219928,7.362475207814843,9.34923094374314,7.848273188362057,9.782088912358612
68417,738363.2732504572,8.089064329401621,8.618278631543557,8.852010523442038,9.624011785971677
68420,738363.3071252708,8.089064329401621,8.618278631543557,8.852010523442038,9.624011785971677
68424,738363.3312296919,8.089064329401621,8.618278631543557,8.852010523442038,9.624011785971677
68429,738363.3875358471,6.755086254617359,9.120820392046067,7.848273188362057,9.782088912358612
68431,738363.3895341812,6.755086254617359,9.120820392046067,7.848273188362057,9.782088912358612
68432,738363.3920912297,8.650598142177472,9.227064924745424,8.977671404376053,9.803051367524544
68433,738363.3941565449,7.315655880495156,9.227188891107254,7.975619520974568,9.803051367524544
68436,738363.3977259628,7.403758722137431,9.308861341461343,8.756755083117875,9.818223998852378
68437,738363.3977268182,7.406505965400105,9.308861341461343,7.976357495931163,9.818223998852378
68438,738363.4001732555,7.424935664316,9.227188891107254,7.981397047954646,9.803051367524544
68440,738363.4083697945,7.424935664316,9.227188891107254,7.981397047954646,9.803051367524544
68442,738363.4198574099,7.424935664316,9.227188891107254,7.981397047954646,9.803051367524544
68443,738363.4217071558,7.424935664316,9.227188891107254,7.981397047954646,9.803051367524544
68444,738363.4246905317,7.424935664316,9.227188891107254,7.981397047954646,9.803051367524544
68448,738363.4543471396,7.424935664316,9.227188891107254,7.981397047954646,9.803051367524544
68451,738363.5921746258,7.424935664316,9.227188891107254,7.981397047954646,9.803051367524544
68452,738363.6100237478,7.424935664316,9.227188891107254,7.981397047954646,9.803051367524544
68454,738363.6280357662,7.424935664316,9.227188891107254,7.981397047954646,9.803051367524544
68457,738363.6518767097,7.424935664316,9.227188891107254,7.981397047954646,9.803051367524544
68458,738363.653598863,7.4739075441520555,9.227925757772567,8.022673012150609,9.803051367524544
68461,738363.656501679,7.4739075441520555,9.227925757772567,8.022673012150609,9.803051367524544
68463,738363.6586386185,7.4779103987500255,9.227925757772567,8.023808126543841,9.803051367524544
68464,738363.6627643377,7.4779103987500255,9.227925757772567,8.023808126543841,9.803051367524544
68465,738363.6640219757,7.4779103987500255,9.227925757772567,8.023808126543841,9.803051367524544
68467,738363.6657293193,7.4779103987500255,9.227925757772567,8.023808126543841,9.803051367524544
68468,738363.6682434195,7.4779103987500255,9.227925757772567,8.023808126543841,9.803051367524544
68469,738363.6714268787,7.4779103987500255,9.227925757772567,8.023808126543841,9.803051367524544
68471,738363.6795002035,7.487424751023765,9.229221843789752,8.035623267975124,9.803051367524544
68472,738363.6815644584,7.487424751023765,9.229221843789752,8.035623267975124,9.803051367524544
68473,738363.68601671,7.487424751023765,9.229221843789752,8.035623267975124,9.803051367524544
68474,738363.6866666236,7.487424751023765,9.229221843789752,8.035623267975124,9.803051367524544
68475,738363.7035350644,7.487424751023765,9.229221843789752,8.035623267975124,9.803051367524544
68476,738363.704149294,7.487424751023765,9.229221843789752,8.035623267975124,9.803051367524544
68477,738363.7078566578,7.487424751023765,9.229221843789752,8.035623267975124,9.803051367524544
68478,738363.7102106516,7.5229691204147935,9.238053113494233,8.035623267975124,9.803051367524544
68479,738363.7206898791,7.5229691204147935,9.238053113494233,8.035623267975124,9.803051367524544
68480,738363.7212768726,7.5229691204147935,9.238053113494233,8.035623267975124,9.803051367524544
68481,738363.7221366353,7.547967662476192,9.318307588696083,8.767277565195903,9.818223998852378
68482,738363.7229007425,7.5557170120692945,9.318307588696083,8.766444984482588,9.818223998852378
68483,738363.7241349136,7.5557170120692945,9.238053113494233,8.0422892973111,9.803051367524544
68485,738363.7367454704,7.5557170120692945,9.238053113494233,8.0422892973111,9.803051367524544
68486,738363.7386108511,7.5557170120692945,9.238053113494233,8.0422892973111,9.803051367524544
68487,738363.739915434,7.5557170120692945,9.238053113494233,8.0422892973111,9.803051367524544
68489,738363.7568517078,7.5557170120692945,9.238053113494233,8.0422892973111,9.803051367524544
68490,738363.7692019579,7.5557170120692945,9.238053113494233,8.0422892973111,9.803051367524544
68491,738363.7858877861,7.5557170120692945,9.238053113494233,8.0422892973111,9.803051367524544
68492,738363.7861062231,7.578987866690455,9.238575871303432,8.050017131276128,9.803051367524544
68493,738363.7900075602,7.578987866690455,9.238575871303432,8.050017131276128,9.803051367524544
68494,738363.7903423114,7.582628756811363,9.238575871303432,8.051251323433938,9.803051367524544
68496,738363.7937552341,7.582628756811363,9.238575871303432,8.051251323433938,9.803051367524544
68497,738363.8205480356,7.616071778342335,9.240222238084478,8.06291053289438,9.80339122075545
68498,738363.8254009371,8.71003059924472,9.240222238084478,8.984337234581607,9.80339122075545
68499,738363.8274301934,7.754944353021303,9.320111490003807,8.12075221371738,9.8185521882935
68502,738363.8372735855,7.754944353021303,9.320111490003807,8.12075221371738,9.8185521882935
68503,738363.8404098621,7.754944353021303,9.320111490003807,8.12075221371738,9.8185521882935
68504,738363.8446246507,7.768497481908066,9.241548946979899,8.131975128556467,9.80339122075545
68505,738363.8464662114,7.768497481908066,9.321215562926646,8.131975128556467,9.8185521882935
68506,738363.8505097876,7.768497481908066,9.321215562926646,8.131975128556467,9.8185521882935
68507,738363.8532844654,7.768497481908066,9.321215562926646,8.131975128556467,9.8185521882935
68508,738363.8536821521,7.768497481908066,9.321215562926646,8.131975128556467,9.8185521882935
68509,738363.8585746544,7.768497481908066,9.321215562926646,8.131975128556467,9.8185521882935
68510,738363.8591268366,7.768497481908066,9.321215562926646,8.131975128556467,9.8185521882935
68512,738363.8829477902,7.768497481908066,9.321215562926646,8.131975128556467,9.8185521882935
68513,738363.8907885117,7.768497481908066,9.321215562926646,8.131975128556467,9.8185521882935
68514,738363.8971499847,7.768497481908066,9.321215562926646,8.131975128556467,9.8185521882935
68515,738363.8992648954,7.768497481908066,9.241548946979899,8.131975128556467,9.80339122075545
68516,738363.9098085396,7.768497481908066,9.241548946979899,8.131975128556467,9.80339122075545
68519,738363.9468861315,7.768497481908066,9.241548946979899,8.131975128556467,9.80339122075545
68520,738363.9489618225,7.768497481908066,9.241548946979899,8.131975128556467,9.80339122075545
68522,738363.9700299232,7.768497481908066,9.241548946979899,8.131975128556467,9.80339122075545
68524,738363.9925806621,7.768497481908066,9.241548946979899,8.131975128556467,9.80339122075545
68526,738364.0217283902,7.768497481908066,9.241548946979899,8.131975128556467,9.80339122075545
68527,738364.0300235188,7.768497481908066,9.241548946979899,8.131975128556467,9.80339122075545
68528,738364.0455920149,7.768497481908066,9.241548946979899,8.131975128556467,9.80339122075545
68529,738364.048068149,7.768497481908066,9.241548946979899,8.131975128556467,9.80339122075545
68530,738364.0495290552,7.768497481908066,9.241548946979899,8.131975128556467,9.80339122075545
68531,738364.0512461918,7.768497481908066,9.241548946979899,8.131975128556467,9.80339122075545
68533,738364.0700340702,7.768497481908066,9.241548946979899,8.131975128556467,9.80339122075545
68534,738364.0749243515,8.542782195861118,9.105059940840802,8.542782195861118,9.878298260139994
68535,738364.0888058537,8.542782195861118,9.105059940840802,8.542782195861118,9.878298260139994
68537,738364.1006783015,7.768497481908066,9.321215562926646,8.78789320510504,9.8185521882935
68538,738364.1018329234,7.768497481908066,9.321215562926646,8.78789320510504,9.8185521882935
68539,738364.103848009,7.768497481908066,9.321215562926646,8.78789320510504,9.8185521882935
68540,738364.1067242927,7.768497481908066,9.321215562926646,8.78789320510504,9.8185521882935
68541,738364.1281671094,7.768497481908066,9.241548946979899,8.131975128556467,9.80339122075545
68542,738364.1325828371,7.768497481908066,9.241548946979899,8.131975128556467,9.80339122075545
68543,738364.1337241727,7.768497481908066,9.241548946979899,8.131975128556467,9.80339122075545
68544,738364.1426473708,7.768497481908066,9.241548946979899,8.131975128556467,9.80339122075545
68546,738364.1509605135,7.768497481908066,9.241548946979899,8.131975128556467,9.80339122075545
68547,738364.1515414687,7.768497481908066,9.241548946979899,8.131975128556467,9.80339122075545
68548,738364.1517199874,7.768497481908066,9.241548946979899,8.131975128556467,9.80339122075545
68549,738364.1534549873,7.768497481908066,9.241548946979899,8.131975128556467,9.80339122075545
68550,738364.1809809791,7.768497481908066,9.241548946979899,8.131975128556467,9.80339122075545
68551,738364.2164340855,7.768497481908066,9.241548946979899,8.131975128556467,9.80339122075545
68552,738364.2247888736,7.768497481908066,9.241548946979899,8.131975128556467,9.80339122075545
68553,738364.2256803536,7.768497481908066,9.241548946979899,8.131975128556467,9.80339122075545
68554,738364.2344727671,7.768497481908066,9.241548946979899,8.131975128556467,9.80339122075545
68555,738364.2641514956,7.768497481908066,9.241548946979899,8.131975128556467,9.80339122075545
68556,738364.2659470451,7.768497481908066,9.241548946979899,8.131975128556467,9.80339122075545
68558,738364.307108844,7.768497481908066,9.241548946979899,8.131975128556467,9.80339122075545
68559,738364.3099861229,7.768497481908066,9.241548946979899,8.131975128556467,9.80339122075545
68560,738364.3568134137,7.768497481908066,9.241548946979899,8.131975128556467,9.80339122075545
68569,738364.3992268429,7.768497481908066,9.241548946979899,8.131975128556467,9.80339122075545
68573,738364.4320716425,7.768497481908066,9.241548946979899,8.131975128556467,9.80339122075545
68575,738364.4413404661,7.768497481908066,9.241548946979899,8.131975128556467,9.80339122075545
68577,738364.44707242,7.768497481908066,9.241548946979899,8.131975128556467,9.80339122075545
68580,738364.4606865982,7.768497481908066,9.241548946979899,8.131975128556467,9.80339122075545
68582,738364.4763480414,7.768497481908066,9.241548946979899,8.131975128556467,9.80339122075545
68586,738364.5233960953,7.768497481908066,9.241548946979899,8.131975128556467,9.80339122075545
68589,738364.5564729932,7.768497481908066,9.241548946979899,8.131975128556467,9.80339122075545
68590,738364.5618804314,7.768497481908066,9.241548946979899,8.131975128556467,9.80339122075545
68592,738364.6208797545,7.7719058750755075,9.321215562926646,8.788994569356857,9.8185521882935
68594,738364.6433809025,7.7719058750755075,9.321215562926646,8.788994569356857,9.8185521882935
68596,738364.7168294635,7.7719058750755075,9.321215562926646,8.788994569356857,9.8185521882935
68598,738364.7376112506,7.7719058750755075,9.321215562926646,8.788994569356857,9.8185521882935
68599,738364.7435956794,7.7719058750755075,9.31921015272129,8.137077824809191,9.8185521882935
68601,738364.7467873469,7.7719058750755075,9.31921015272129,8.137077824809191,9.8185521882935
68603,738364.7726749083,7.7719058750755075,9.31921015272129,8.137077824809191,9.8185521882935
68604,738364.7777880877,7.7719058750755075,9.31921015272129,8.137077824809191,9.8185521882935
68605,738364.7813795457,7.7719058750755075,9.238385105248907,8.137077824809191,9.80339122075545
68607,738364.798198083,7.7719058750755075,9.238385105248907,8.137077824809191,9.80339122075545
68608,738364.7995280322,7.7719058750755075,9.238385105248907,8.137077824809191,9.80339122075545
68612,738364.8813194995,7.7719058750755075,9.238385105248907,8.137077824809191,9.80339122075545
68613,738364.8825809498,7.7719058750755075,9.238385105248907,8.137077824809191,9.80339122075545
68614,738364.8944615659,7.7719058750755075,9.238385105248907,8.137077824809191,9.80339122075545
68615,738364.9151303234,7.7719058750755075,9.238385105248907,8.137077824809191,9.80339122075545
68616,738364.9292727546,7.7719058750755075,9.238385105248907,8.137077824809191,9.80339122075545
68617,738364.9379078058,7.7719058750755075,9.238385105248907,8.137077824809191,9.80339122075545
68618,738364.9465546936,7.7719058750755075,9.238385105248907,8.137077824809191,9.80339122075545
68619,738364.9530077137,7.7719058750755075,9.238385105248907,8.137077824809191,9.80339122075545
68620,738364.9579764341,7.7719058750755075,9.238385105248907,8.137077824809191,9.80339122075545
68621,738364.9619706395,7.7719058750755075,9.238385105248907,8.137077824809191,9.80339122075545
68623,738364.9668358582,7.7719058750755075,9.238385105248907,8.137077824809191,9.80339122075545
68624,738365.0008734077,7.7719058750755075,9.238385105248907,8.137077824809191,9.80339122075545
68625,738365.0028810046,7.7719058750755075,9.238385105248907,8.137077824809191,9.80339122075545
68628,738365.0231532645,7.7719058750755075,9.238385105248907,8.137077824809191,9.80339122075545
68629,738365.0244060438,7.7719058750755075,9.238385105248907,8.137077824809191,9.80339122075545
68630,738365.0250828578,7.7719058750755075,9.238385105248907,8.137077824809191,9.80339122075545
68631,738365.02645712,7.7719058750755075,9.238385105248907,8.137077824809191,9.80339122075545
68632,738365.0401921143,7.7719058750755075,9.238385105248907,8.137077824809191,9.80339122075545
68633,738365.0420728237,7.7719058750755075,9.238385105248907,8.137077824809191,9.80339122075545
68634,738365.0440190902,7.7719058750755075,9.238385105248907,8.137077824809191,9.80339122075545
68638,738365.0672210505,7.7719058750755075,9.238385105248907,8.137077824809191,9.80339122075545
68640,738365.0871798913,7.7719058750755075,9.238385105248907,8.137077824809191,9.80339122075545
68641,738365.0924842899,7.7719058750755075,9.22248301272096,8.137077824809191,9.80339122075545
68644,738365.1153023357,7.7719058750755075,9.22248301272096,8.137077824809191,9.80339122075545
68647,738365.1345519772,7.7719058750755075,9.22248301272096,8.137077824809191,9.80339122075545
68649,738365.1955776641,7.7719058750755075,9.22248301272096,8.137077824809191,9.80339122075545
68656,738365.2664973646,7.7719058750755075,9.22248301272096,8.137077824809191,9.80339122075545
68658,738365.2762133951,7.7719058750755075,9.22248301272096,8.137077824809191,9.80339122075545
68660,738365.2885617097,7.7719058750755075,9.22248301272096,8.137077824809191,9.80339122075545
68661,738365.307762474,7.7719058750755075,9.22248301272096,8.137077824809191,9.80339122075545
68662,738365.3281261973,7.7719058750755075,9.22248301272096,8.137077824809191,9.80339122075545
68664,738365.3480571662,7.7719058750755075,9.22248301272096,8.137077824809191,9.80339122075545
68667,738365.3869749889,7.7719058750755075,9.22248301272096,8.137077824809191,9.80339122075545
68669,738365.3949327682,7.7719058750755075,9.22248301272096,8.137077824809191,9.80339122075545
68673,738365.4336534698,7.784919752132251,9.222691635103583,8.142739228970793,9.80339122075545
68674,738365.4377804284,8.012078895020476,9.280545847737718,9.499686347707524,9.668025495440503
68676,738365.4644213947,8.012078895020476,9.280545847737718,9.499686347707524,9.668025495440503
68679,738365.5503678609,8.65769493219369,9.24935802353817,8.987365743076678,9.805997241857595
68682,738365.56673665,7.857064509063847,9.24935802353817,8.153375100277165,9.805997241857595
68683,738365.5761167213,7.857064509063847,9.244735266900252,8.153375100277165,9.805997241857595
68684,738365.5768248424,8.649502914076532,9.244735266900252,8.987365743076678,9.805997241857595
68685,738365.5938892999,8.649502914076532,9.244735266900252,8.987365743076678,9.805997241857595
68687,738365.6029912086,7.996697967586213,9.244735266900252,8.274155373506648,9.805997241857595
68688,738365.6411214963,7.996697967586213,9.244735266900252,8.274155373506648,9.805997241857595
68689,738365.6675029377,7.996697967586213,9.244735266900252,8.274155373506648,9.805997241857595
68690,738365.7117268892,7.996697967586213,9.244735266900252,8.274155373506648,9.805997241857595
68691,738365.7260769134,7.996697967586213,9.244735266900252,8.274155373506648,9.805997241857595
68692,738365.7294889047,7.996697967586213,9.244735266900252,8.274155373506648,9.805997241857595
68693,738365.7315326927,7.996697967586213,9.244735266900252,8.274155373506648,9.805997241857595
68694,738365.7450566641,7.996697967586213,9.244735266900252,8.274155373506648,9.805997241857595
68695,738365.7468470422,7.996697967586213,9.244735266900252,8.274155373506648,9.805997241857595
68696,738365.7859102401,7.996697967586213,9.244735266900252,8.274155373506648,9.805997241857595
68697,738365.7956370482,7.996697967586213,9.244735266900252,8.274155373506648,9.805997241857595
68699,738365.8279094308,7.996697967586213,9.244735266900252,8.274155373506648,9.805997241857595
68700,738365.9022430151,7.996697967586213,9.244735266900252,8.274155373506648,9.805997241857595
68701,738365.9078509379,7.996697967586213,9.244735266900252,8.274155373506648,9.805997241857595
68703,738365.9319609238,7.996697967586213,9.244735266900252,8.274155373506648,9.805997241857595
68704,738365.9461621646,7.996697967586213,9.244735266900252,8.274155373506648,9.805997241857595
68705,738365.952398691,7.996697967586213,9.244735266900252,8.274155373506648,9.805997241857595
68708,738366.0189933004,7.996697967586213,9.244735266900252,8.274155373506648,9.805997241857595
68709,738366.0221503278,7.996697967586213,9.244735266900252,8.274155373506648,9.805997241857595
68710,738366.0232678296,7.996697967586213,9.244735266900252,8.274155373506648,9.805997241857595
68711,738366.0262975531,7.996697967586213,9.244735266900252,8.274155373506648,9.805997241857595
68712,738366.0969767604,7.996697967586213,9.244735266900252,8.274155373506648,9.805997241857595
68713,738366.0998487801,7.996697967586213,9.244735266900252,8.274155373506648,9.805997241857595
68714,738366.123648967,7.996697967586213,9.244735266900252,8.274155373506648,9.805997241857595
68717,738366.1723823444,7.996697967586213,9.244735266900252,8.274155373506648,9.805997241857595
68721,738366.2451564851,7.996697967586213,9.244735266900252,8.274155373506648,9.805997241857595
68727,738366.3007390667,7.996697967586213,9.244735266900252,8.274155373506648,9.805997241857595
68735,738366.4236660259,7.996697967586213,9.244735266900252,8.274155373506648,9.805997241857595
68736,738366.4308494619,7.996697967586213,9.244735266900252,8.274155373506648,9.805997241857595
68737,738366.4310410711,7.996697967586213,9.244735266900252,8.274155373506648,9.805997241857595
68739,738366.4379281014,7.996697967586213,9.244735266900252,8.274155373506648,9.805997241857595
68740,738366.4538331915,7.996697967586213,9.243933520873783,8.274155373506648,9.805997241857595
68743,738366.4662889695,7.996697967586213,9.243933520873783,8.274155373506648,9.805997241857595
68744,738366.4703264065,7.996697967586213,9.243933520873783,8.274155373506648,9.805997241857595
68745,738366.4782854577,7.996697967586213,9.243933520873783,8.274155373506648,9.805997241857595
68750,738366.5207291072,7.996697967586213,9.243933520873783,8.274155373506648,9.805997241857595
68755,738366.6503587668,8.005380779125078,9.242611393878658,8.278760557442013,9.807325418487931
68758,738366.7091446611,8.005380779125078,9.242611393878658,8.278760557442013,9.807325418487931
68759,738366.723410805,8.005380779125078,9.319694704089164,8.278760557442013,9.822851413497174
68760,738366.7257996696,8.005380779125078,9.319694704089164,8.278760557442013,9.822851413497174
68762,738366.7599683176,8.005380779125078,9.319694704089164,8.278760557442013,9.822851413497174
68766,738366.7859646052,8.007808055688901,9.319694704089164,8.87127001763336,9.822851413497174
68765,738366.7859693231,7.623642253680865,9.118801998134913,8.659346424143331,9.607821566923954
68767,738366.7880237413,7.623642253680865,9.118801998134913,8.659346424143331,9.607821566923954
68768,738366.7891125447,7.623642253680865,9.118801998134913,8.659346424143331,9.607821566923954
68769,738366.8019351272,8.775234603122172,9.39141038276046,9.04290371665668,9.849480347403695
68770,738366.8045997231,8.775234603122172,9.39141038276046,9.04290371665668,9.849480347403695
68771,738366.8075437613,8.775234603122172,9.39141038276046,9.04290371665668,9.849480347403695
68772,738366.8192373067,8.775234603122172,9.39141038276046,9.04290371665668,9.849480347403695
68773,738366.8247525061,8.775234603122172,9.39141038276046,9.04290371665668,9.849480347403695
68774,738366.8273182324,8.775234603122172,9.39141038276046,9.04290371665668,9.849480347403695
68775,738366.8282031213,8.775234603122172,9.39141038276046,9.04290371665668,9.849480347403695
68776,738366.8462801886,8.775234603122172,9.39141038276046,9.04290371665668,9.849480347403695
68778,738366.8735970291,8.775234603122172,9.39141038276046,9.04290371665668,9.849480347403695
68779,738366.880271717,8.775234603122172,9.39141038276046,9.04290371665668,9.849480347403695
68780,738366.8933166055,8.775234603122172,9.39141038276046,9.04290371665668,9.849480347403695
68781,738366.8937363398,8.367476608042043,9.32698012561575,8.624706153846823,9.83489342457963
68782,738366.9092237714,8.367476608042043,9.39141038276046,8.624706153846823,9.849480347403695
68783,738366.9140372295,8.367476608042043,9.39141038276046,8.624706153846823,9.849480347403695
68784,738366.9283850028,8.367476608042043,9.39141038276046,8.624706153846823,9.849480347403695
68785,738366.9327864468,8.367476608042043,9.39141038276046,8.624706153846823,9.849480347403695
68786,738366.957491715,8.367476608042043,9.39141038276046,8.624706153846823,9.849480347403695
68787,738366.9633815504,8.367476608042043,9.32698012561575,8.624706153846823,9.83489342457963
68789,738366.9729703544,8.367476608042043,9.32698012561575,8.624706153846823,9.83489342457963
68791,738366.9786220707,8.367476608042043,9.32698012561575,8.624706153846823,9.83489342457963
68792,738366.9824639078,8.367476608042043,9.32698012561575,8.624706153846823,9.83489342457963
68793,738366.9905525632,8.367476608042043,9.32698012561575,8.624706153846823,9.83489342457963
68796,738367.0514183166,8.367476608042043,9.32698012561575,8.624706153846823,9.83489342457963
68797,738367.0553815998,8.367476608042043,9.39141038276046,8.624706153846823,9.849480347403695
68799,738367.0640496816,8.367476608042043,9.39141038276046,8.624706153846823,9.849480347403695
68802,738367.075336099,8.367476608042043,9.39141038276046,8.624706153846823,9.849480347403695
68803,738367.1207866793,8.367476608042043,9.39141038276046,8.624706153846823,9.849480347403695
68804,738367.1294495619,8.367476608042043,9.39141038276046,8.624706153846823,9.849480347403695
68805,738367.1315421952,8.367476608042043,9.39141038276046,8.624706153846823,9.849480347403695
68806,738367.1367367532,8.367476608042043,9.39141038276046,8.624706153846823,9.849480347403695
68807,738367.1463311369,8.367476608042043,9.39141038276046,8.624706153846823,9.849480347403695
68808,738367.1807437756,8.367476608042043,9.39141038276046,8.624706153846823,9.849480347403695
68809,738367.1856694783,8.367476608042043,9.39141038276046,8.624706153846823,9.849480347403695
68812,738367.2315735712,8.367476608042043,9.39141038276046,8.624706153846823,9.849480347403695
68813,738367.2374797198,8.367476608042043,9.39141038276046,8.624706153846823,9.849480347403695
68817,738367.3296787778,8.367476608042043,9.39141038276046,8.624706153846823,9.849480347403695
68818,738367.3343027644,8.367476608042043,9.39141038276046,8.624706153846823,9.849480347403695
68819,738367.3479454364,8.367476608042043,9.39141038276046,8.624706153846823,9.849480347403695
68821,738367.3577278843,8.367476608042043,9.39141038276046,8.624706153846823,9.849480347403695
68822,738367.364430419,8.367476608042043,9.32698012561575,8.624706153846823,9.83489342457963
68829,738367.4564570913,8.367476608042043,9.32698012561575,8.624706153846823,9.83489342457963
68834,738367.5077131917,8.367476608042043,9.39141038276046,8.624706153846823,9.849480347403695
68835,738367.5124463835,8.367476608042043,9.39141038276046,8.624706153846823,9.849480347403695
68836,738367.5161360445,8.367476608042043,9.39141038276046,8.624706153846823,9.849480347403695
68837,738367.5202465638,8.367476608042043,9.39141038276046,8.624706153846823,9.849480347403695
68838,738367.5283266985,8.367476608042043,9.39141038276046,8.624706153846823,9.849480347403695
68847,738367.648788059,8.866559949561243,9.228465508798763,9.737613841238975,9.853583691404902
68848,738367.6555698122,8.866559949561243,9.228465508798763,9.737613841238975,9.853583691404902
68854,738367.7622617352,8.866559949561243,9.228465508798763,9.737613841238975,9.853583691404902
68856,738367.8211459366,8.367476608042043,9.323647738952884,8.991258781031354,9.849480347403695
68857,738367.831191922,8.367476608042043,9.323647738952884,8.991258781031354,9.849480347403695
68860,738367.8889093713,8.367476608042043,9.323647738952884,8.991258781031354,9.849480347403695
68862,738367.8958809362,8.367476608042043,9.323647738952884,8.991258781031354,9.849480347403695
68863,738367.9550191568,8.367476608042043,9.259010546418507,8.624706153846823,9.83489342457963
68864,738367.9688145895,8.367476608042043,9.259010546418507,8.624706153846823,9.83489342457963
68866,738368.009388816,9.048097400483519,8.397162683915317,7.849896520243263,9.542893763473492
68868,738368.0266443945,8.367476608042043,9.259010546418507,8.624706153846823,9.83489342457963
68869,738368.0316665741,8.367476608042043,9.259010546418507,8.624706153846823,9.83489342457963
68870,738368.0586024661,8.367476608042043,9.323647738952884,8.820945544098912,9.849480347403695
68871,738368.0702207164,8.367476608042043,9.323647738952884,8.820945544098912,9.849480347403695
68872,738368.0809235306,8.367476608042043,9.259010546418507,8.619094005331313,9.83489342457963
68873,738368.0818045489,8.367476608042043,9.259010546418507,8.619094005331313,9.83489342457963
68874,738368.084018307,8.367476608042043,9.259010546418507,8.619094005331313,9.83489342457963
68875,738368.0892285196,8.367476608042043,9.259010546418507,8.619094005331313,9.83489342457963
68876,738368.1008030054,8.367476608042043,9.259010546418507,8.619094005331313,9.83489342457963
68877,738368.1019641969,8.367476608042043,9.259010546418507,8.619094005331313,9.83489342457963
68878,738368.1022146291,8.367476608042043,9.259010546418507,8.619094005331313,9.83489342457963
68879,738368.1141914754,8.367476608042043,9.259010546418507,8.619094005331313,9.83489342457963
68881,738368.1294730905,8.367476608042043,9.259010546418507,8.619094005331313,9.83489342457963
68885,738368.1515850928,8.367476608042043,9.259010546418507,8.619094005331313,9.83489342457963
68886,738368.1554528243,8.367476608042043,9.259010546418507,8.619094005331313,9.83489342457963
68888,738368.170176645,8.367476608042043,9.259010546418507,8.619094005331313,9.83489342457963
68889,738368.194861748,8.367476608042043,9.323647738952884,8.820945544098912,9.849480347403695
68893,738368.2450359983,8.367476608042043,9.323647738952884,8.820945544098912,9.849480347403695
68896,738368.2551232146,8.367476608042043,9.323647738952884,8.820945544098912,9.849480347403695
68899,738368.2859067898,8.367476608042043,9.323647738952884,8.820945544098912,9.849480347403695
68900,738368.2939705449,8.367476608042043,9.259010546418507,8.613022137274086,9.83489342457963
68901,738368.2972783896,8.367476608042043,9.259010546418507,8.613022137274086,9.83489342457963
68904,738368.3404866627,8.367476608042043,9.259010546418507,8.613022137274086,9.83489342457963
68916,738368.4803917669,7.932512399739411,9.299446975452094,8.891522310353764,9.79751985232959
68922,738368.6280225145,7.932512399739411,9.299446975452094,8.891522310353764,9.79751985232959
68927,738368.6810902028,7.976683081050152,9.130921758298811,8.891522310353764,9.79318135283942
68928,738368.7263197358,7.976683081050152,9.130921758298811,8.891522310353764,9.79318135283942
68929,738368.7403113317,8.367476608042043,9.260550775202702,8.613022137274086,9.83489342457963
68935,738368.8244559747,8.367476608042043,9.260550775202702,8.613022137274086,9.83489342457963
68941,738368.9674553762,8.367476608042043,9.260550775202702,8.613022137274086,9.83489342457963
68942,738368.9996173594,8.367476608042043,9.260550775202702,8.613022137274086,9.83489342457963
68943,738369.0149316125,8.367476608042043,9.260550775202702,8.613022137274086,9.83489342457963
68944,738369.0164621818,8.367476608042043,9.260550775202702,8.613022137274086,9.83489342457963
68945,738369.0187885582,8.367476608042043,9.260550775202702,8.613022137274086,9.83489342457963
68946,738369.0204626689,8.367476608042043,9.260550775202702,8.613022137274086,9.83489342457963
68949,738369.0323849192,8.367476608042043,9.260550775202702,8.613022137274086,9.83489342457963
68951,738369.0484472023,8.367476608042043,9.260550775202702,8.613022137274086,9.83489342457963
68952,738369.056885514,8.367476608042043,9.260550775202702,8.613022137274086,9.83489342457963
68953,738369.0596651906,8.367476608042043,9.260550775202702,8.613022137274086,9.83489342457963
68954,738369.0642243584,8.367476608042043,9.260550775202702,8.613022137274086,9.83489342457963
68955,738369.0668641183,8.367476608042043,9.260550775202702,8.613022137274086,9.83489342457963
68956,738369.0718634457,8.367476608042043,9.260550775202702,8.613022137274086,9.83489342457963
68957,738369.0791526939,8.367476608042043,9.260550775202702,8.613022137274086,9.83489342457963
68958,738369.0849357521,8.367476608042043,9.260550775202702,8.613022137274086,9.83489342457963
68959,738369.0981372696,8.367476608042043,9.260550775202702,8.613022137274086,9.83489342457963
68960,738369.1082767309,8.367476608042043,9.260550775202702,8.613022137274086,9.83489342457963
68961,738369.1196300237,8.367476608042043,9.260550775202702,8.613022137274086,9.83489342457963
68962,738369.1594985004,8.367476608042043,9.260550775202702,8.613022137274086,9.83489342457963
68964,738369.1703955431,8.367476608042043,9.260550775202702,8.613022137274086,9.83489342457963
68965,738369.2007140826,8.367476608042043,9.260550775202702,8.613022137274086,9.83489342457963
68966,738369.2086566298,8.367476608042043,9.260550775202702,8.613022137274086,9.83489342457963
68967,738369.2252805379,8.367476608042043,9.260550775202702,8.613022137274086,9.83489342457963
68968,738369.2284847068,8.367476608042043,9.260550775202702,8.613022137274086,9.83489342457963
68969,738369.2345911314,8.367476608042043,9.260550775202702,8.613022137274086,9.83489342457963
68975,738369.3446849635,8.367476608042043,9.260550775202702,8.613022137274086,9.83489342457963
68980,738369.3819638016,8.367476608042043,9.260550775202702,8.613022137274086,9.83489342457963
68986,738369.4292891433,8.367476608042043,9.260550775202702,8.613022137274086,9.83489342457963
68992,738369.5076332144,8.367476608042043,9.260550775202702,8.613022137274086,9.83489342457963
68993,738369.5277575377,8.748767778312452,9.083858369288007,8.748767778312452,9.86927265709848
68997,738369.5701539505,8.748767778312452,9.083858369288007,8.748767778312452,9.86927265709848
68999,738369.6405031466,8.367476608042043,9.260550775202702,8.613022137274086,9.83489342457963
69002,738369.7662864035,8.367476608042043,9.260550775202702,8.613022137274086,9.83489342457963
69003,738369.7667069167,8.367476608042043,9.260550775202702,8.613022137274086,9.83489342457963
69004,738369.7690859636,8.367476608042043,9.260550775202702,8.613022137274086,9.83489342457963
69005,738369.7713935038,8.367476608042043,9.260550775202702,8.613022137274086,9.83489342457963
69006,738369.7888231024,8.367476608042043,9.260550775202702,8.613022137274086,9.83489342457963
69007,738369.8033376299,8.367476608042043,9.260550775202702,8.613022137274086,9.801798826905543
69008,738369.8232130862,8.367476608042043,9.260550775202702,8.613022137274086,9.801798826905543
69009,738369.8324388692,8.367476608042043,9.260550775202702,8.613022137274086,9.801798826905543
69011,738369.8690427585,8.367476608042043,9.260550775202702,8.613022137274086,9.801798826905543
69014,738369.8865127056,8.367476608042043,9.260550775202702,8.613022137274086,9.801798826905543
69019,738369.9938369053,8.367476608042043,9.260550775202702,8.613022137274086,9.801798826905543
69020,738370.0078775616,8.816047728318539,9.279048663507385,9.676486255246873,9.667891882081996
69021,738370.0084542844,8.816047728318539,9.279048663507385,9.676486255246873,9.667891882081996
69024,738370.0506554804,8.816047728318539,9.279048663507385,9.676486255246873,9.667891882081996
69025,738370.0887975798,8.816047728318539,9.279048663507385,9.676486255246873,9.667891882081996
69030,738370.123564295,8.816047728318539,9.279048663507385,9.676486255246873,9.667891882081996
69035,738370.166980844,8.816047728318539,9.279048663507385,9.676486255246873,9.667891882081996
69037,738370.1862718179,8.816047728318539,9.279048663507385,9.676486255246873,9.667891882081996
69039,738370.2633585135,8.816047728318539,9.279048663507385,9.676486255246873,9.667891882081996
69051,738370.4374400419,8.816047728318539,9.279048663507385,9.676486255246873,9.667891882081996
69052,738370.4506460382,8.367476608042043,9.324599694777447,8.820945544098912,9.811551540189932
69053,738370.4696367831,8.367476608042043,9.324599694777447,8.820945544098912,9.811551540189932
69056,738370.5168424076,8.367476608042043,9.324599694777447,8.820945544098912,9.811551540189932
69061,738370.6278789,8.367476608042043,9.324599694777447,8.820945544098912,9.811551540189932
69062,738370.6506649371,8.367476608042043,9.324599694777447,8.820945544098912,9.811551540189932
69063,738370.6588130349,8.367476608042043,9.324599694777447,8.820945544098912,9.811551540189932
69064,738370.6710961969,8.367476608042043,9.324599694777447,8.820945544098912,9.811551540189932
69069,738370.8148085345,8.367476608042043,9.324599694777447,8.820945544098912,9.811551540189932
69070,738370.83267562,8.367476608042043,9.324599694777447,8.820945544098912,9.811551540189932
69071,738370.8385878382,8.367476608042043,9.324599694777447,8.820945544098912,9.811551540189932
69078,738370.9307945401,8.367476608042043,9.260536116572112,8.601858306352918,9.713137264208468
69077,738370.9308086768,8.774909515249755,9.260536116572112,9.005130714027883,9.713137264208468
69080,738371.0428289456,8.774909515249755,9.260536116572112,9.005130714027883,9.713137264208468
69081,738371.0462257259,8.774909515249755,9.260536116572112,9.005130714027883,9.713137264208468
69082,738371.0587916604,8.774909515249755,9.260536116572112,9.005130714027883,9.713137264208468
69089,738371.262818254,8.774909515249755,9.260536116572112,9.005130714027883,9.713137264208468
69092,738371.302768215,8.774909515249755,9.260536116572112,9.005130714027883,9.713137264208468
69103,738371.4383559775,8.774909515249755,9.260536116572112,9.005130714027883,9.713137264208468
69104,738371.449747322,8.367476608042043,9.260536116572112,8.601858306352918,9.6526223485386
69105,738371.4515863771,8.367476608042043,9.260536116572112,8.601858306352918,9.6526223485386
69110,738371.5340750144,8.367476608042043,9.252805570588853,8.601858306352918,9.62232671668136
69112,738371.5523912867,8.367476608042043,9.31793755312221,8.601858306352918,9.678828980437423
69116,738371.6754368534,8.367476608042043,9.31793755312221,8.601858306352918,9.678828980437423
69130,738372.0549647184,8.367476608042043,9.31793755312221,8.601858306352918,9.678828980437423
69132,738372.1704962928,8.367476608042043,9.31793755312221,8.601858306352918,9.678828980437423
69140,738372.3177712333,8.367476608042043,9.31793755312221,8.601858306352918,9.678828980437423
69141,738372.3537668369,8.866988394639815,9.305181770650975,8.708482062474445,9.564703689833756
69150,738372.4040833549,8.866988394639815,9.305181770650975,8.708482062474445,9.564703689833756
69153,738372.454410275,8.367476608042043,9.251888680194082,8.601858306352918,9.62232671668136
69162,738372.7086040283,8.367476608042043,9.251888680194082,8.601858306352918,9.62232671668136
69164,738372.7224927042,8.367476608042043,9.251888680194082,8.601858306352918,9.62232671668136
69165,738372.7921128115,8.367476608042043,9.251888680194082,8.601858306352918,9.62232671668136
69168,738372.911611074,8.367476608042043,9.251888680194082,8.601858306352918,9.62232671668136
69171,738372.9793961815,8.367476608042043,9.251888680194082,8.601858306352918,9.62232671668136
69173,738373.018035662,8.367476608042043,9.251888680194082,8.601858306352918,9.62232671668136
69174,738373.0212203095,8.367476608042043,9.251888680194082,8.601858306352918,9.62232671668136
69179,738373.1008899213,8.367476608042043,9.251888680194082,8.601858306352918,9.62232671668136
69191,738373.334520284,8.367476608042043,9.317148472175782,8.820945544098912,9.678828980437423
69195,738373.4003644439,8.444529247687003,9.240189932721762,8.90113069313571,9.459174812290264
69201,738373.4630723033,8.444529247687003,9.240189932721762,8.90113069313571,9.459174812290264
69203,738373.5140056052,8.444529247687003,9.240189932721762,8.90113069313571,9.459174812290264
69218,738373.9910781361,8.44453814545306,9.240189932721762,8.823698399914516,9.55884536396265
69219,738373.999344694,8.44453814545306,9.240189932721762,8.823698399914516,9.55884536396265
69220,738374.0125014376,8.473589136238543,8.924856609880402,9.827909592074109,9.915166245863494
69222,738374.0727557115,8.473589136238543,8.924856609880402,9.827909592074109,9.915166245863494
69223,738374.0739846156,8.473589136238543,8.924856609880402,9.827909592074109,9.915166245863494
69232,738374.3902060532,8.473589136238543,8.924856609880402,9.827909592074109,9.915166245863494
69234,738374.4171751934,8.473589136238543,8.924856609880402,9.827909592074109,9.915166245863494
69235,738374.4216274208,8.473589136238543,8.924856609880402,9.827909592074109,9.915166245863494
69236,738374.428650237,8.473589136238543,8.924856609880402,9.827909592074109,9.915166245863494
69238,738374.6925067297,8.38836040183939,9.326748281010143,8.601858306352918,9.551810212770688
69242,738374.8004970662,8.38836040183939,9.326748281010143,8.601858306352918,9.551810212770688
69252,738375.0904247236,8.38836040183939,9.326748281010143,8.601858306352918,9.551810212770688
69264,738375.3452721935,8.38836040183939,9.23043198192958,8.601858306352918,9.551810212770688
69274,738375.4291257644,8.38836040183939,9.23043198192958,8.601858306352918,9.551810212770688
69289,738375.7798151487,9.37956295910761,9.284040475363062,9.37956295910761,10.030013552843364
69294,738375.8387063318,8.38836040183939,9.23043198192958,8.601858306352918,9.551810212770688
69300,738375.9609044435,8.38836040183939,9.23043198192958,8.601858306352918,9.551810212770688
69303,738376.0946179753,8.38836040183939,9.23043198192958,8.601858306352918,9.551810212770688
69304,738376.1237762929,8.38836040183939,9.23043198192958,8.601858306352918,9.551810212770688
69305,738376.1930558695,8.38836040183939,9.23043198192958,8.601858306352918,9.551810212770688
69306,738376.2102787897,8.38836040183939,9.23043198192958,8.601858306352918,9.551810212770688
69326,738376.6424507964,8.487460763619763,9.453874564095129,8.790222175847711,9.727128137846698
69328,738376.6477086773,8.482077536505212,9.23043198192958,8.704993803694643,9.551810212770688
69332,738376.731881513,8.482077536505212,9.23043198192958,8.704993803694643,9.551810212770688
69333,738376.738915303,8.482077536505212,9.23043198192958,8.704993803694643,9.551810212770688
69336,738376.8284215992,8.482077536505212,9.23043198192958,8.704993803694643,9.551810212770688
69337,738376.8561087217,8.482077536505212,9.23043198192958,8.704993803694643,9.551810212770688
69343,738376.9100403338,8.482077536505212,9.23043198192958,8.704993803694643,9.551810212770688
69344,738376.9302035696,8.482077536505212,9.23043198192958,8.704993803694643,9.551810212770688
69345,738376.9514547891,8.482077536505212,9.23043198192958,8.704993803694643,9.551810212770688
69356,738377.1668941077,8.442587580332773,9.647325415073158,9.911951402455191,9.774334099561223
69385,738377.9085208102,8.786904503572925,9.273577111101513,9.041935918597401,9.492652898140339
69387,738377.9821457141,8.786904503572925,9.273577111101513,9.041935918597401,9.492652898140339
69391,738378.0256124147,8.449336125797272,9.312755668056232,8.704993803694643,9.618650479909558
69400,738378.1481734259,8.449336125797272,9.312755668056232,8.704993803694643,9.618650479909558
69431,738378.8629702089,8.449336125797272,9.312755668056232,8.704993803694643,9.618650479909558
69433,738378.9609663603,8.449336125797272,9.312755668056232,8.704993803694643,9.618650479909558
69446,738379.4587514127,8.449336125797272,9.312755668056232,8.704993803694643,9.618650479909558
69454,738379.6708468236,8.449336125797272,9.312755668056232,8.704993803694643,9.618650479909558
69458,738379.7002797861,8.449336125797272,9.312755668056232,8.704993803694643,9.618650479909558
69460,738379.7968220653,8.449336125797272,9.312755668056232,8.704993803694643,9.618650479909558
69461,738379.8177356767,8.449336125797272,9.312755668056232,8.704993803694643,9.618650479909558
69464,738379.9096181196,8.449336125797272,9.312755668056232,8.704993803694643,9.618650479909558
69474,738380.1602355046,8.268041901436124,9.053061493639287,8.482077536505212,9.501467882161075
69475,738380.1610967745,8.268041901436124,9.053061493639287,8.482077536505212,9.501467882161075
69476,738380.1621164571,8.268041901436124,9.053061493639287,8.482077536505212,9.501467882161075
69477,738380.1627817767,8.268041901436124,9.053061493639287,8.482077536505212,9.447024741541483
69479,738380.1736621537,8.268041901436124,9.053061493639287,8.482077536505212,9.447024741541483
69480,738380.1797136647,8.268041901436124,9.053061493639287,8.482077536505212,9.447024741541483
69481,738380.1841743425,8.268041901436124,9.053061493639287,8.482077536505212,9.447024741541483
69482,738380.1848984389,8.268041901436124,9.053061493639287,8.482077536505212,9.447024741541483
69484,738380.1979866725,8.677117162104857,9.053061493639287,8.83911124086322,9.501467882161075
69487,738380.2651526466,8.677117162104857,9.053061493639287,8.83911124086322,9.501467882161075
69491,738380.3283273691,8.677117162104857,9.053061493639287,8.83911124086322,9.501467882161075
69492,738380.3456327613,8.27559975638835,9.053061493639287,8.482077536505212,9.447024741541483
69494,738380.359669444,8.27559975638835,9.053061493639287,8.482077536505212,9.447024741541483
69501,738380.5138929245,8.27559975638835,9.053061493639287,8.482077536505212,9.447024741541483
69503,738380.5179174995,8.27559975638835,9.053061493639287,8.482077536505212,9.447024741541483
69504,738380.5310296827,8.27559975638835,9.000583758381735,8.482077536505212,9.443192547469728
69509,738380.7534156388,8.27559975638835,9.000583758381735,8.482077536505212,9.443192547469728
69511,738380.7737477291,7.9424694640761935,8.980397807205502,8.482077536505212,9.440239756269177
69512,738380.7794436945,9.366378209329968,9.147811630735047,8.41746987859695,9.620606298021443
69514,738380.8240437213,9.366378209329968,9.147811630735047,8.41746987859695,9.620606298021443
69518,738380.9261059298,7.9424694640761935,9.086008470295793,8.482077536505212,9.510605781927817
69523,738380.9882379099,7.9424694640761935,9.086008470295793,8.482077536505212,9.510605781927817
69527,738381.1515705078,7.9424694640761935,9.086008470295793,8.482077536505212,9.510605781927817
69528,738381.2066924148,7.9424694640761935,9.086008470295793,8.482077536505212,9.510605781927817
69532,738381.2578367958,7.9424694640761935,9.086008470295793,8.482077536505212,9.510605781927817
69533,738381.2697403298,7.9424694640761935,9.086008470295793,8.482077536505212,9.555548627684782
69536,738381.4292552037,7.9424694640761935,9.086008470295793,8.482077536505212,9.555548627684782
69544,738381.7119621114,7.9424694640761935,9.086008470295793,8.482077536505212,9.555548627684782
69546,738381.8019976603,7.9424694640761935,9.086008470295793,8.482077536505212,9.555548627684782
69554,738382.0366045462,7.9424694640761935,9.086008470295793,8.482077536505212,9.555548627684782
69555,738382.0931820159,7.9424694640761935,9.086008470295793,8.482077536505212,9.555548627684782
69574,738382.5156893133,7.9424694640761935,9.086008470295793,8.482077536505212,9.555548627684782
69581,738382.8138705373,7.9424694640761935,9.086008470295793,8.482077536505212,9.555548627684782
69585,738382.9586061725,7.632585519364767,8.98775633069257,8.482077536505212,9.472753514920221
69594,738383.0882477354,7.632585519364767,8.98775633069257,8.482077536505212,9.472753514920221
69595,738383.1409254378,7.632585519364767,8.98775633069257,8.482077536505212,9.472753514920221
69597,738383.1662633109,7.632585519364767,8.98775633069257,8.482077536505212,9.472753514920221
69624,738383.8704980105,7.627681572096403,8.961934602328597,8.482077536505212,9.466508060235405
69625,738383.892149471,7.627681572096403,8.961934602328597,8.482077536505212,9.466508060235405
69626,738383.8926700684,7.63826455433538,8.972151144805695,8.482077536505212,9.466508060235405
69628,738383.9327857998,7.638560445866426,8.972151144805695,8.482077536505212,9.466508060235405
69629,738383.9346839673,7.638560445866426,8.972151144805695,8.482077536505212,9.466508060235405
69630,738383.9482740281,7.638560445866426,8.972151144805695,8.482077536505212,9.466508060235405
69632,738383.9735221025,7.638560445866426,8.972151144805695,8.482077536505212,9.466508060235405
69635,738384.0082909422,7.638560445866426,8.972151144805695,8.482077536505212,9.466508060235405
69636,738384.0266083083,7.638560445866426,8.972151144805695,8.482077536505212,9.466508060235405
69637,738384.0269448103,7.638560445866426,8.972151144805695,8.482077536505212,9.466508060235405
69642,738384.068173094,7.638560445866426,8.972151144805695,8.482077536505212,9.466508060235405
69644,738384.0786743358,7.638560445866426,8.972151144805695,8.482077536505212,9.466508060235405
69645,738384.0809969781,7.638560445866426,8.972151144805695,8.482077536505212,9.466508060235405
69646,738384.105417622,7.638560445866426,8.972151144805695,8.482077536505212,9.466508060235405
69647,738384.1063299434,7.638560445866426,8.972151144805695,8.482077536505212,9.466508060235405
69656,738384.3657385388,7.638560445866426,8.972151144805695,8.482077536505212,9.466508060235405
69676,738384.6336298737,7.638560445866426,8.972151144805695,8.482077536505212,9.466508060235405
69679,738384.7263210053,7.638560445866426,8.972151144805695,8.482077536505212,9.466508060235405
69682,738384.8099912413,7.638560445866426,8.972151144805695,8.482077536505212,9.466508060235405
69683,738384.8458761574,7.638560445866426,8.972151144805695,8.482077536505212,9.466508060235405
69684,738384.8969445103,7.638560445866426,8.972151144805695,8.482077536505212,9.466508060235405
69685,738384.8998687188,7.638560445866426,8.972151144805695,8.482077536505212,9.466508060235405
69686,738384.9494615755,7.638560445866426,8.972151144805695,8.482077536505212,9.466508060235405
69692,738385.1505858246,7.638560445866426,8.972151144805695,8.482077536505212,9.466508060235405
69703,738385.4137834134,7.638560445866426,8.972151144805695,8.482077536505212,9.466508060235405
69705,738385.5457263336,7.638560445866426,8.972151144805695,8.482077536505212,9.466325864446903
69706,738385.5610130517,7.638560445866426,8.972151144805695,8.482077536505212,9.466325864446903
69708,738385.7357420943,7.638560445866426,8.972151144805695,8.482077536505212,9.466325864446903
69711,738385.9089349022,7.638560445866426,8.972151144805695,8.482077536505212,9.466325864446903
69714,738386.0714975003,7.638560445866426,8.972151144805695,8.482077536505212,9.466325864446903
69717,738386.1436356832,7.638560445866426,8.972151144805695,8.482077536505212,9.466325864446903
69721,738386.2354171744,7.638560445866426,8.972151144805695,8.482077536505212,9.466325864446903
69740,738386.492448114,9.194689334931127,9.215821882269083,9.08791886374919,9.423834851750497
69743,738386.6896795528,9.194689334931127,9.215821882269083,9.08791886374919,9.423834851750497
69749,738386.9933799618,9.194689334931127,9.215821882269083,9.08791886374919,9.423834851750497
69761,738387.2942993501,9.194689334931127,9.215821882269083,9.08791886374919,9.423834851750497
69763,738387.3233893816,9.24808596227714,9.346800355011773,8.314901436511345,9.661002669358867
69765,738387.3323669201,9.24808596227714,9.346800355011773,8.314901436511345,9.661002669358867
69766,738387.3422203418,9.217890002241376,9.198945716828398,9.039403903166217,9.421470720431868
69774,738387.4653124681,9.217890002241376,9.198945716828398,9.039403903166217,9.421470720431868
69796,738387.9514130158,9.217890002241376,9.198945716828398,9.039403903166217,9.421470720431868
69811,738388.2274710445,9.217890002241376,9.198945716828398,9.039403903166217,9.421470720431868
69824,738388.7063763735,9.217890002241376,9.198945716828398,9.039403903166217,9.421470720431868
69834,738388.8765928837,7.5789853314375195,8.961474935490154,8.482077536505212,9.473350602037943
69876,738389.8016792666,9.105203772434969,9.373761698304355,9.308978069930458,9.320219245524944
69884,738390.0242775225,9.105203772434969,9.373761698304355,9.308978069930458,9.320219245524944
69892,738390.1663566872,9.105203772434969,9.373761698304355,9.308978069930458,9.320219245524944
69929,738390.8419980794,9.105203772434969,9.373761698304355,9.308978069930458,9.320219245524944
69957,738391.437545149,9.105203772434969,9.373761698304355,9.308978069930458,9.320219245524944
69961,738391.5640547334,9.105203772434969,9.373761698304355,9.308978069930458,9.320219245524944
69983,738392.2912540192,6.55776050505329,8.500806511182764,8.482077536505212,9.386996214662798
69984,738392.3040791242,6.55776050505329,8.500806511182764,8.482077536505212,9.386996214662798
69987,738392.3607012072,6.55776050505329,8.500806511182764,8.482077536505212,9.386996214662798
69998,738392.551802781,9.372043023792392,8.789447600777445,8.902506184096636,9.428270060226417
69999,738392.5650502046,9.372043023792392,8.789447600777445,8.902506184096636,9.428270060226417
70020,738393.5673692492,9.372043023792392,8.789447600777445,8.902506184096636,9.428270060226417
70026,738393.8537893371,9.372043023792392,8.789447600777445,8.902506184096636,9.428270060226417
70037,738394.3677331877,9.372043023792392,8.789447600777445,8.902506184096636,9.428270060226417
70070,738394.9837677486,9.372043023792392,8.789447600777445,8.902506184096636,9.428270060226417
70071,738394.9908178573,9.372043023792392,8.789447600777445,8.902506184096636,9.428270060226417
70082,738395.3113245795,6.501343527985108,8.711885108118368,8.279892146768455,9.319422516256019
70083,738395.3158678609,6.501343527985108,8.711885108118368,8.279892146768455,9.319422516256019
70084,738395.3176675679,6.501343527985108,8.704497114514544,8.279892146768455,9.319422516256019
70088,738395.3854688656,6.501343527985108,8.704497114514544,8.279892146768455,9.319422516256019
70095,738395.582792636,6.501343527985108,8.704497114514544,8.279892146768455,9.319422516256019
70097,738395.6091493078,6.501343527985108,8.704497114514544,8.279892146768455,9.319422516256019
70107,738395.7847708699,6.501343527985108,8.704497114514544,8.279892146768455,9.319422516256019
70109,738395.8039838035,6.501343527985108,8.704497114514544,8.279892146768455,9.319422516256019
70110,738395.8159402226,6.501343527985108,8.704497114514544,8.279892146768455,9.319422516256019
70117,738395.914138821,6.501343527985108,8.704497114514544,8.279892146768455,9.319422516256019
70129,738396.330160978,8.98134700942278,9.084053795683896,8.911330596603984,9.514408788534949
70148,738396.7699513326,8.98134700942278,9.084053795683896,8.911330596603984,9.514408788534949
70182,738397.7820990871,8.98134700942278,9.084053795683896,8.911330596603984,9.514408788534949
70183,738397.7845654711,8.98134700942278,9.084053795683896,8.911330596603984,9.514408788534949
70187,738397.8921723649,8.98134700942278,9.084053795683896,8.911330596603984,9.514408788534949
70189,738397.945120717,7.754833157143064,8.64901977146379,7.65016374784188,9.231943843734802
70201,738398.1399488725,7.754833157143064,8.64901977146379,7.65016374784188,9.231943843734802
70207,738398.2918073385,7.7231328742589325,8.652265299482979,7.6601884649507985,9.234673950123188
70208,738398.3138267046,7.7231328742589325,8.652265299482979,7.6601884649507985,9.234673950123188
70238,738398.8366053844,7.7231328742589325,8.652265299482979,7.6601884649507985,9.234673950123188
70272,738399.48183409,7.7231328742589325,8.652265299482979,7.6601884649507985,9.234673950123188
70287,738399.7491584008,7.752159213503246,8.439968079831086,7.661621733310145,9.224003001660662
70293,738399.8203927191,7.752159213503246,8.439968079831086,7.661621733310145,9.224003001660662
70322,738399.9528103368,7.752159213503246,8.439968079831086,7.661621733310145,9.224003001660662
70328,738399.9891063276,7.752159213503246,8.439968079831086,7.661621733310145,9.224003001660662
70331,738400.0167628481,9.094738376102637,8.953784641474249,9.351741697108798,9.231950535132507
70334,738400.031948994,9.094738376102637,8.953784641474249,9.351741697108798,9.231950535132507
70336,738400.0359029043,9.094738376102637,8.953784641474249,9.351741697108798,9.231950535132507
70337,738400.0399192456,9.094738376102637,8.953784641474249,9.351741697108798,9.231950535132507
70348,738400.0753704823,9.094738376102637,8.953784641474249,9.351741697108798,9.231950535132507
70352,738400.0883641866,9.094738376102637,8.953784641474249,9.351741697108798,9.231950535132507
70362,738400.1274276467,9.201125680515572,8.634573992835053,9.270300515576908,9.035270995626245
70387,738400.3592069912,9.438586378231635,9.40630646647887,9.438586378231635,9.591864262524057
70388,738400.3602050162,9.494125392589776,9.453287430465627,9.63460014935169,9.62456831672141
70392,738400.3773937995,9.494125392589776,9.453287430465627,9.63460014935169,9.62456831672141
70399,738400.414796797,9.494125392589776,9.453287430465627,9.63460014935169,9.62456831672141
70400,738400.4238283659,9.494125392589776,9.453287430465627,9.63460014935169,9.62456831672141
70407,738400.5599779264,7.752159213503246,8.88771265931538,7.661621733310145,9.285680589684436
70416,738400.7435912056,7.752159213503246,8.88771265931538,7.661621733310145,9.285680589684436
70421,738400.9371988097,7.752159213503246,8.88771265931538,7.661621733310145,9.285680589684436
70422,738400.9735228696,7.752159213503246,8.88771265931538,7.661621733310145,9.285680589684436
70434,738401.3271236484,9.534893473211842,9.562380291880388,9.534893473211842,9.713401331251026
70460,738401.8865818023,9.534893473211842,9.562380291880388,9.534893473211842,9.713401331251026
70466,738401.9968752927,9.534893473211842,9.562380291880388,9.534893473211842,9.713401331251026
70482,738402.7475404997,9.534893473211842,9.562380291880388,9.534893473211842,9.713401331251026
70486,738402.9856660618,9.534893473211842,9.562380291880388,9.534893473211842,9.713401331251026
70488,738403.0498535963,9.534893473211842,9.562380291880388,9.534893473211842,9.713401331251026
70504,738403.1971186954,8.491386816354197,9.138651687640936,7.594433888063875,9.283094036322366
70507,738403.3371616949,8.491386816354197,9.138651687640936,7.594433888063875,9.283094036322366
70524,738403.7801093686,8.491386816354197,9.138651687640936,7.594433888063875,9.283094036322366
70549,738404.7169041893,8.491386816354197,9.138651687640936,7.594433888063875,9.283094036322366
70553,738404.8291363317,9.624356121980966,9.377508879025466,9.322567372446189,9.556454287432057
70562,738405.1051996435,8.951044369731939,9.211848457975846,9.36681438111224,9.43591049483682
70564,738405.1136534123,9.184323748296228,9.411654427096227,8.877541108707891,9.441446209423663
70569,738405.2626185026,9.172152013546045,9.40869313619291,8.65212816137547,9.441446209423663
70570,738405.3181615671,9.040616185281836,9.230949323666032,8.220073361719853,9.209674173503117
70581,738405.4943987398,9.040616185281836,9.230949323666032,8.220073361719853,9.209674173503117
70583,738405.5849887822,9.040616185281836,9.230949323666032,8.220073361719853,9.209674173503117
70594,738405.9795225326,8.957849784877153,9.310556572064907,9.355628430919632,9.590121232020808
70598,738406.0830343404,9.037299984301253,9.189986953768651,8.21031341736383,9.209674173503117
70602,738406.1238522149,9.03962208283447,9.1908416977628,8.21108752774014,9.209856483991404
70615,738406.4076162858,9.03962208283447,9.1908416977628,8.21108752774014,9.209856483991404
70616,738406.4134737849,9.03962208283447,9.1908416977628,8.21108752774014,9.209856483991404
70629,738406.8732693862,9.03962208283447,9.1908416977628,8.21108752774014,9.209856483991404
70630,738406.8850683189,9.03962208283447,9.1908416977628,8.21108752774014,9.209856483991404
70637,738407.0649071725,9.03962208283447,9.1908416977628,8.21108752774014,9.209856483991404
70640,738407.1364135674,9.16328439738046,9.181829833474055,8.507743625790175,9.366927376669738
70647,738407.3198172707,9.143014310056058,9.181829833474055,8.507948878056572,9.260268539555792
70649,738407.3250586444,9.143014310056058,9.181829833474055,8.507948878056572,9.260268539555792
70650,738407.3399519494,8.860591176414028,9.181829833474055,8.509896862061506,9.260268539555792
70672,738407.5992836138,8.989121204837756,8.982229358785652,9.196007726914297,9.275223578427667
70673,738407.6053749416,8.989121204837756,8.982229358785652,9.196007726914297,9.275223578427667
70674,738407.6722847619,8.860591176414028,9.156560732200171,8.509896862061506,9.260268539555792
70678,738407.7782530385,8.860591176414028,9.156560732200171,8.509896862061506,9.260268539555792
70685,738407.8913509577,8.860591176414028,9.156560732200171,8.509896862061506,9.260268539555792
70687,738407.9264644139,8.860591176414028,9.156560732200171,8.509896862061506,9.260268539555792
70697,738408.198365036,8.860591176414028,9.156560732200171,8.509896862061506,9.260268539555792
70731,738408.7730535843,8.860591176414028,9.156560732200171,8.509896862061506,9.260268539555792
70744,738409.0437121188,8.74183351388387,8.982229358785652,8.119606927167071,9.112027477839467
70745,738409.0444898349,8.74183351388387,8.982229358785652,8.119606927167071,9.112027477839467
70746,738409.0937212956,8.74183351388387,8.982229358785652,8.119606927167071,9.112027477839467
70748,738409.1046000915,8.055666286306389,8.982229358785652,8.119606927167071,9.112027477839467
70751,738409.1505593791,8.055666286306389,8.982229358785652,8.119606927167071,9.112027477839467
70755,738409.2373319042,8.055666286306389,8.982229358785652,8.119606927167071,9.112027477839467
70837,738409.9901656187,8.055666286306389,8.982229358785652,8.119606927167071,9.112027477839467
70839,738410.1917982401,8.055666286306389,8.982229358785652,8.119606927167071,9.112027477839467
70862,738410.8027460417,9.215318813520618,9.152069285767686,9.073584676828535,9.363009967075083
70866,738411.0362538105,9.147609782101766,9.426728446558633,9.08958758529531,9.679933310240395
70874,738411.1372589873,9.168879660863244,9.152990437319449,9.047366526297724,9.363009967075083
70890,738411.3889892411,9.168879660863244,9.152990437319449,9.047366526297724,9.363009967075083
70903,738411.7042211712,9.168879660863244,9.152990437319449,9.047366526297724,9.363009967075083
70909,738411.8906601233,8.897576013003762,9.426728446558633,8.909421191700828,9.528832792862776
70934,738412.4583074582,8.897576013003762,9.426728446558633,8.909421191700828,9.528832792862776
70937,738412.5731480292,8.897576013003762,9.426728446558633,8.909421191700828,9.528832792862776
70944,738412.7023033146,8.465882376177664,9.15395410914446,8.471262644962925,9.19244986090728
70949,738412.8869142922,8.465882376177664,9.15395410914446,8.471262644962925,9.19244986090728
70951,738412.9535184605,8.465882376177664,9.15395410914446,8.471262644962925,9.19244986090728
70952,738412.9728897343,8.465882376177664,9.15395410914446,8.471262644962925,9.19244986090728
70955,738413.0357558758,9.012336031036265,9.447386903654596,9.098101055623646,9.4799253590056
70956,738413.0362007119,8.465882376177664,9.15395410914446,8.471262644962925,9.19244986090728
70957,738413.0395689897,8.465882376177664,9.15395410914446,8.471262644962925,9.19244986090728
70966,738413.1535324531,8.465882376177664,9.15395410914446,8.471262644962925,9.19244986090728
70988,738413.3784779344,8.465882376177664,9.15395410914446,8.471262644962925,9.19244986090728
70991,738413.3978927005,9.172009227155067,9.18870512134343,9.018409180821914,9.417822687548822
70992,738413.4145899173,9.172009227155067,9.18870512134343,9.018409180821914,9.417822687548822
71017,738413.9824597191,9.172009227155067,9.18870512134343,9.018409180821914,9.417822687548822
71029,738414.4041475762,8.448663026089728,9.124819581552472,8.474367235751421,9.199947869275674
71030,738414.4046118569,8.448663026089728,9.124819581552472,8.474367235751421,9.199947869275674
71049,738415.0045635375,8.448663026089728,9.124819581552472,8.474367235751421,9.199947869275674
71052,738415.0342106177,8.448663026089728,9.124819581552472,8.474367235751421,9.199947869275674
71053,738415.0859146285,8.448663026089728,9.124819581552472,8.474367235751421,9.199947869275674
71066,738415.3502546154,9.528163858886504,9.561410561789206,8.804322496133143,9.450270406869858
71081,738415.6760050621,9.528163858886504,9.561410561789206,8.804322496133143,9.450270406869858
71087,738415.8983433511,9.528163858886504,9.561410561789206,8.804322496133143,9.450270406869858
71090,738415.9411895816,9.528163858886504,9.561410561789206,8.804322496133143,9.450270406869858
71092,738415.9831707155,9.528163858886504,9.561410561789206,8.804322496133143,9.450270406869858
71095,738416.039049061,9.528163858886504,9.561410561789206,8.804322496133143,9.450270406869858
71108,738416.3602000144,8.775350525035536,8.954734489043737,8.474367235751421,9.207244550427975
71122,738416.867873583,8.775350525035536,8.954734489043737,8.474367235751421,9.207244550427975
71125,738416.9010019404,8.775350525035536,8.954734489043737,8.474367235751421,9.207244550427975
71127,738416.9269937504,9.144053749154837,9.689104884127529,9.1603176201954,9.451152708427475
71132,738417.1627539971,9.144053749154837,9.689104884127529,9.1603176201954,9.451152708427475
71151,738417.6864878441,9.144053749154837,9.689104884127529,9.1603176201954,9.451152708427475
71152,738417.7056283937,9.368544067339098,9.184058259849438,9.317688009235086,9.255079945883983
71153,738417.7065362204,9.368544067339098,9.184058259849438,9.317688009235086,9.255079945883983
71187,738418.4713462858,9.695220870820721,9.165353208553341,9.131288780892712,9.428846066578238
71213,738419.2069185021,9.695220870820721,9.165353208553341,9.131288780892712,9.428846066578238
71255,738420.0147163194,9.695220870820721,9.165353208553341,9.131288780892712,9.428846066578238
71276,738420.8013599624,9.695220870820721,9.165353208553341,9.131288780892712,9.428846066578238
71317,738421.9439433675,8.657450690887233,8.919533009481851,8.637482672594917,9.351779682773573
71342,738422.7108886015,8.965496187159866,9.041762619307796,9.123470422371087,9.591516467835918
71349,738422.9547249817,8.965496187159866,9.041762619307796,9.123470422371087,9.591516467835918
71351,738423.1299048845,8.965496187159866,9.041762619307796,9.123470422371087,9.591516467835918
71359,738423.4353402986,8.965496187159866,9.041762619307796,9.123470422371087,9.591516467835918
71370,738423.60811851,8.965496187159866,9.041762619307796,9.123470422371087,9.591516467835918
71375,738423.7873689821,9.239953288040134,8.942379021170822,9.195042379344159,9.16954627480924
71377,738423.7908128125,9.239953288040134,8.942379021170822,9.195042379344159,9.16954627480924
71378,738423.8022188657,9.239953288040134,8.942379021170822,9.195042379344159,9.16954627480924
71379,738423.8149910186,9.24768412143972,8.920925878707752,9.03564692952297,9.188938497834554
71381,738423.8484708419,9.24768412143972,8.920925878707752,9.03564692952297,9.188938497834554
71382,738423.9191049049,9.248066090786862,8.94075881871373,9.175037238415827,9.21640340785767
71383,738423.919700075,9.249213988300832,8.941947023911563,9.175037238415827,9.21640340785767
71385,738423.924782928,9.249213988300832,8.941947023911563,9.175037238415827,9.21640340785767
71387,738423.9271519467,9.249213988300832,8.941947023911563,9.175037238415827,9.21640340785767
71388,738423.9307419095,9.249213988300832,8.941947023911563,9.175037238415827,9.21640340785767
71389,738423.9442241071,9.249213988300832,8.941947023911563,9.175037238415827,9.21640340785767
71392,738424.0136344742,9.249213988300832,8.941947023911563,9.175037238415827,9.21640340785767
71393,738424.0149039598,9.248095908610464,8.941956280503266,9.175037238415827,9.21640340785767
71394,738424.0170416707,8.340475480752868,9.10356359698458,8.602758994536295,9.337635200120719
71399,738424.1495104564,9.259015264198753,8.68799305173033,9.03460854549236,9.217967496967338
71405,738424.3026293177,9.243932404937382,8.68941141852666,9.129360429715245,9.219494687346858
71424,738424.6396020246,9.243932404937382,8.68941141852666,9.129360429715245,9.219494687346858
71430,738424.8778534262,9.243932404937382,8.68941141852666,9.129360429715245,9.219494687346858
71440,738425.056594525,9.243932404937382,8.68941141852666,9.129360429715245,9.219494687346858
71442,738425.0981116467,9.243932404937382,8.68941141852666,9.129360429715245,9.219494687346858
71464,738425.6756148724,9.243932404937382,8.68941141852666,9.129360429715245,9.219494687346858
71469,738425.8177101419,9.243932404937382,8.68941141852666,9.129360429715245,9.219494687346858
71475,738425.9319440334,9.243932404937382,8.68941141852666,9.129360429715245,9.219494687346858
71478,738425.9626089856,8.905994429260446,9.11810134244837,9.07865000192587,9.665777929194972
71480,738426.0193984126,8.905994429260446,9.11810134244837,9.07865000192587,9.665777929194972
71484,738426.1116551656,8.905994429260446,9.11810134244837,9.07865000192587,9.665777929194972
71492,738426.2897534661,9.243932404937382,9.023155754945005,8.999909211013591,9.219494687346858
71500,738426.3727684536,9.043081258658896,9.022919331151295,8.80712686478885,9.198089328385374
71504,738426.3993305942,9.043081258658896,9.022919331151295,8.80712686478885,9.198089328385374
71525,738426.7562715821,9.043081258658896,9.022919331151295,8.80712686478885,9.198089328385374
71528,738426.8394240277,9.043081258658896,9.022919331151295,8.80712686478885,9.198089328385374
71538,738427.1890407461,9.043081258658896,9.022919331151295,8.80712686478885,9.198089328385374
71563,738427.8858660657,9.043081258658896,9.022919331151295,8.80712686478885,9.198089328385374
71573,738428.1427376001,9.043081258658896,9.022919331151295,8.80712686478885,9.198089328385374
71608,738428.6904795283,9.043081258658896,9.022919331151295,8.80712686478885,9.198089328385374
71651,738429.8701524915,9.043081258658896,9.022919331151295,8.80712686478885,9.198089328385374
71653,738429.8722478368,9.043081258658896,9.022919331151295,8.80712686478885,9.198089328385374
71656,738430.0048418833,9.043081258658896,9.022919331151295,8.80712686478885,9.198089328385374
71664,738430.2110620409,9.043081258658896,9.022919331151295,8.80712686478885,9.198089328385374
71676,738430.575317502,8.956980206848682,8.941656011235471,8.956671899928285,9.478842583490753
71683,738430.8810886149,8.956980206848682,8.94236409254908,8.441542898332225,9.19793149705369
71684,738430.8876166196,8.956980206848682,8.94236409254908,8.441542898332225,9.19793149705369
71687,738430.973992697,8.956980206848682,8.94236409254908,8.441542898332225,9.19793149705369
71690,738431.0541412696,8.956980206848682,8.94236409254908,8.441542898332225,9.19793149705369
71707,738431.3985542945,8.956980206848682,8.94236409254908,8.441542898332225,9.19793149705369
71712,738431.6172788062,9.209867929797486,8.958032002559852,8.900480624165679,9.334499190846891
71714,738431.6295189838,9.246597921791817,8.966962922212726,8.452639107846416,9.202511861403206
71755,738432.9959628902,9.246597921791817,8.966962922212726,8.452639107846416,9.202511861403206
71757,738433.0407013717,9.246597921791817,8.966962922212726,8.452639107846416,9.202511861403206
71773,738433.1745358832,9.246597921791817,8.966962922212726,8.452639107846416,9.202511861403206
71853,738434.0008316974,9.246597921791817,8.966962922212726,8.452639107846416,9.202511861403206
71876,738434.6717387468,9.000866356293121,8.893986220591144,8.612002901401436,9.347726029220382
71877,738434.7141538525,9.21232300191214,9.191719965670229,9.469733632889696,8.714783226453006
71879,738434.7712262751,9.21232300191214,9.191719965670229,9.469733632889696,8.714783226453006
71888,738434.9827240405,9.21232300191214,9.191719965670229,9.469733632889696,8.714783226453006
71899,738435.2358545515,9.21232300191214,9.191719965670229,9.469733632889696,8.714783226453006
71935,738435.9012621691,9.21232300191214,9.191719965670229,9.469733632889696,8.714783226453006
71939,738436.0278373866,9.21232300191214,9.191719965670229,9.469733632889696,8.714783226453006
71978,738437.0368896644,9.20425522132359,9.386968804340965,9.20425522132359,9.579259557591913
71979,738437.0603450494,9.201334496511095,9.53022042925782,9.201334496511095,8.921708683092607
72043,738438.4438276008,9.201334496511095,9.53022042925782,9.201334496511095,8.921708683092607
72079,738439.4205711212,9.04079913123144,9.325244816381883,8.862079909499332,9.632988133060168
72087,738439.5566700416,9.053122598013502,9.048544295265236,8.873212706853462,9.294981403208991
72094,738439.6499391968,9.053122598013502,9.048544295265236,8.873212706853462,9.294981403208991
72105,738439.6982388928,8.874789088653431,8.909055671691219,8.80840132048956,9.222813729095774
72119,738439.8510978129,8.829639297971603,8.820911720421837,8.787836151536908,9.222813729095774
72120,738439.8516282333,8.829639297971603,8.820911720421837,8.787836151536908,9.222813729095774
72121,738439.8611655144,8.829639297971603,8.820911720421837,8.787836151536908,9.222813729095774
72134,738440.0031906709,8.829249405941832,8.820188469303007,8.787804051608344,9.22307035327454
72138,738440.0554857131,8.829249405941832,8.820188469303007,8.787804051608344,9.22307035327454
72140,738440.0773888676,8.829249405941832,8.820188469303007,8.787804051608344,9.22307035327454
72141,738440.0785356219,8.810471046917085,8.81905315526392,8.783153656409041,9.22307035327454
72146,738440.1451516692,8.600539211746279,8.76350007740257,8.782529227699301,9.22314123945372
72197,738440.9239588605,8.600539211746279,8.76350007740257,8.782529227699301,9.22314123945372
72200,738440.9449998992,8.600539211746279,8.76350007740257,8.782529227699301,9.22314123945372
72207,738441.055256197,8.600539211746279,8.76350007740257,8.782529227699301,9.22314123945372
72240,738441.6073899193,8.897043528811462,8.764737542658526,8.789323348399906,9.154070914684995
72244,738441.6999676533,8.897043528811462,8.764737542658526,8.789323348399906,9.154070914684995
72251,738441.985235591,8.897043528811462,8.764737542658526,8.789323348399906,9.154070914684995
72252,738441.9923455309,8.897043528811462,8.764737542658526,8.789323348399906,9.154070914684995
72316,738443.2678130983,8.897043528811462,8.764737542658526,8.789323348399906,9.154070914684995
72346,738444.0063572159,9.031490070022016,8.817930368076382,9.23474294151435,8.919431900206714
72350,738444.055844174,9.031490070022016,8.817930368076382,9.23474294151435,8.919431900206714
72352,738444.1180660457,9.031490070022016,8.817930368076382,9.23474294151435,8.919431900206714
72387,738444.4654052306,9.004268041805613,8.859404313520127,9.246934699507705,9.23772737851647
72390,738444.515507746,9.004268041805613,8.859404313520127,9.246934699507705,9.23772737851647
72397,738444.6930014362,8.935608764172388,8.85915557263483,9.043879300299198,9.279498246382035
72441,738445.8096699921,8.935608764172388,8.85915557263483,9.043879300299198,9.279498246382035
72499,738446.8109317485,8.935608764172388,8.85915557263483,9.043879300299198,9.279498246382035
72512,738447.1622212852,8.935608764172388,8.85915557263483,9.043879300299198,9.279498246382035
72536,738447.9942404937,9.257706305055171,9.370267853299953,9.257706305055171,9.559006635857811
72538,738448.0714528272,9.503897346239366,9.085057028339467,9.143854060191467,9.169576771021626
72543,738448.1624342374,9.503897346239366,9.085057028339467,9.143854060191467,9.169576771021626
72547,738448.2597613467,9.003318287375361,9.178752935817839,9.196072510659437,9.31430928595368
72552,738448.3104033791,8.904393036058043,9.159649896629576,9.07126753428374,9.236471033415075
72561,738448.4678652756,8.914433433925128,9.201648487377772,9.009564605178236,9.31430928595368
72562,738448.4800262103,8.913119718537773,9.201648487377772,8.892537635284896,9.31430928595368
72563,738448.4807660307,8.88556665379399,9.233806890800688,8.665084106971191,9.31430928595368
72564,738448.4826258947,8.88556665379399,9.23140391776919,8.665084106971191,9.31430928595368
72565,738448.4835382918,8.88556665379399,9.23140391776919,8.176131518756605,9.31430928595368
72567,738448.4856386937,8.77998265560665,9.231663795537182,8.176131518756605,9.31430928595368
72568,738448.4866719798,8.653696299042943,9.16074511647707,7.786868039295795,9.236471033415075
72569,738448.4876122212,8.653323020439803,9.453232872735317,7.786868039295795,9.508280675823736
72571,738448.4884474763,8.571394691970955,8.929551106728987,8.176131518756605,9.051955994061528
72572,738448.4888845002,8.460305061961064,8.934380960727733,7.786868039295795,9.055488123202746
72573,738448.489754773,8.453839261397125,9.129307304427766,7.786868039295795,9.20038941659407
72574,738448.4903438509,8.57621360989549,9.17793896340509,7.908421734411459,9.238902301181922
72575,738448.4909734918,8.639332679127415,9.246001703605646,8.303494084886657,9.316342549677474
72576,738448.4915445292,8.518094964219515,9.17793896340509,7.908421734411459,9.238902301181922
72577,738448.4921740567,8.208733493600317,8.952910870591412,8.303494084886657,9.05566883453708
72578,738448.4958475785,8.208733493600317,9.24600208447087,8.303494084886657,9.316342549677474
72579,738448.4961142747,8.208733493600317,9.24600208447087,8.303494084886657,9.316342549677474
72580,738448.4972004058,8.208733493600317,9.24600208447087,8.303494084886657,9.316342549677474
72581,738448.4974186011,8.214139798588464,9.242013292031212,8.303494084886657,9.311577371382356
72582,738448.49776019,8.214139798588464,9.247453533470585,8.303494084886657,9.316342549677474
72583,738448.4979508715,7.762531404802326,8.963257020914332,7.9096832891899815,9.05917101666189
72584,738448.4985141587,8.223333193360876,9.2491819169742,8.303494084886657,9.316342549677474
72585,738448.4986834993,7.7743412457132655,8.971679646118648,7.9096832891899815,9.05917101666189
72586,738448.4996717552,8.228468387006545,9.25432266100269,8.303494084886657,9.316342549677474
72587,738448.5014101897,7.7743412457132655,9.147010227232272,7.9096832891899815,9.20310961596057
72588,738448.5032653527,7.775015501298914,8.972133873408671,7.9096832891899815,9.05917101666189
72589,738448.503864185,8.230191127756065,9.254559655814587,8.303494084886657,9.316342549677474
72591,738448.5060656478,7.775015501298914,8.972133873408671,7.9096832891899815,9.05917101666189
72592,738448.5064604634,7.775015501298914,9.186244235332492,7.9096832891899815,9.238902301181922
72593,738448.5066899138,8.230191127756065,9.254559655814587,8.303494084886657,9.316342549677474
72595,738448.5085312305,7.905862130112098,9.50772483027891,8.02596428037846,9.533889797096187
72596,738448.5091721385,8.3529930198281,9.333087126006593,8.417155070986736,9.369499278507536
72597,738448.5103528064,7.91518687060558,9.16503541927052,8.028117931198116,9.213240563323275
72598,738448.5120971805,8.362210370098294,9.335217722278145,8.41803131199891,9.369651806402505
72599,738448.5124408491,8.362210370098294,9.335217722278145,8.41803131199891,9.369651806402505
72600,738448.5128402659,7.91518687060558,9.206092946269289,8.028117931198116,9.251312300899869
72601,738448.5132100523,8.362210370098294,9.335217722278145,8.41803131199891,9.369651806402505
72602,738448.5140033206,7.91862101460968,9.046982894133402,8.030935291559954,9.108635873140706
72604,738448.5181189305,7.91862101460968,9.046982894133402,8.030935291559954,9.108635873140706
72605,738448.5218951304,8.365958202174733,9.335978155388476,8.419676685793956,9.370361197147455
72606,738448.5267318974,8.365958202174733,9.147654833885149,8.419676685793956,9.346188311508916
72607,738448.5280234858,7.966685105379367,9.168461822490588,8.057027679478505,9.216368804315822
72608,738448.5287133598,8.369993717795916,9.337849212001851,8.424954733309763,9.373081818617452
72609,738448.5319669676,8.369993717795916,9.337849212001851,8.424954733309763,9.373081818617452
72610,738448.5329931186,8.369993717795916,9.337849212001851,8.424954733309763,9.373081818617452
72611,738448.5338092687,8.369993717795916,9.337849212001851,8.424954733309763,9.373081818617452
72612,738448.5355416886,8.369993717795916,9.337849212001851,8.424954733309763,9.373081818617452
72613,738448.5381823272,7.9667890173990505,9.050623917879623,8.057027679478505,9.113593493852063
72614,738448.5385312706,7.9667890173990505,9.050623917879623,8.057027679478505,9.113593493852063
72615,738448.5403313683,8.370034774927257,9.050623917879623,8.424954733309763,9.113593493852063
72616,738448.5429950596,7.990306752920464,9.00386815371765,8.070780016060308,9.07008098543065
72617,738448.543462039,8.393874529222732,9.34468005384395,8.440367281138135,9.379018560673618
72618,738448.5486480476,8.393874529222732,9.34468005384395,8.440367281138135,9.379018560673618
72619,738448.5493269357,7.992507587423146,9.063753744237149,8.072609379527693,9.124324286746727
72620,738448.550437605,8.393874529222732,9.34468005384395,8.440367281138135,9.379018560673618
72621,738448.5540205594,8.393874529222732,9.34468005384395,8.440367281138135,9.379018560673618
72622,738448.5617344164,8.393874529222732,9.34468005384395,8.440367281138135,9.379018560673618
72623,738448.5697374567,8.393874529222732,9.063753744237149,8.440367281138135,9.124324286746727
72624,738448.5709826837,8.393874529222732,9.34468005384395,8.440367281138135,9.379018560673618
72625,738448.5802600964,8.393874529222732,9.34468005384395,8.440367281138135,9.379018560673618
72626,738448.5807621491,8.393874529222732,9.063753744237149,8.440367281138135,9.124324286746727
72627,738448.5921065224,8.393874529222732,9.063753744237149,8.440367281138135,9.124324286746727
72629,738448.5955558252,7.993876361496033,9.177930734350262,8.073247214626914,9.224603372800535
72630,738448.5965443362,8.394113903825549,9.344706868907545,8.440367281138135,9.379018560673618
72631,738448.6028892316,7.993876361496034,9.063804946947082,8.073247214626914,9.124324286746727
72633,738448.608549462,8.394113903825549,9.344706868907545,8.440367281138135,9.379018560673618
72636,738448.6148298242,8.394113903825549,9.344706868907545,8.440367281138135,9.379018560673618
72637,738448.6213301857,8.394113903825549,9.344706868907545,8.440367281138135,9.379018560673618
72638,738448.6224389559,8.394535319227408,9.063859686395583,8.440367281138135,9.124324286746727
72640,738448.6305571877,8.394535319227408,9.063859686395583,8.440367281138135,9.124324286746727
72641,738448.6307625275,7.993993764009392,9.063859686395583,8.073247214626914,9.124324286746727
72642,738448.6332276564,7.993993764009392,9.063859686395583,8.073247214626914,9.124324286746727
72643,738448.6360437843,7.993993764009392,9.063859686395583,8.073247214626914,9.124324286746727
72644,738448.6368833993,8.394535319227408,9.344735537840638,8.440367281138135,9.379018560673618
72645,738448.6384117664,7.993993764009392,9.063859686395583,8.073247214626914,9.124324286746727
72646,738448.6462733014,7.993993764009392,9.063859686395583,8.073247214626914,9.124324286746727
72647,738448.6488586062,7.993993764009392,9.063859686395583,8.073247214626914,9.124324286746727
72649,738448.6549666176,7.993993764009392,9.063859686395583,8.073247214626914,9.124324286746727
72653,738448.6616429444,7.993993764009392,9.063859686395583,8.073247214626914,9.124324286746727
72654,738448.6626910566,8.58027766537098,9.344735537840638,8.610703457063602,9.379018560673618
72655,738448.6639712147,8.58027766537098,9.344735537840638,8.610703457063602,9.379018560673618
72656,738448.6659113955,8.12435963133344,9.178000088047948,8.189283521277511,9.224603372800535
72657,738448.6697556276,8.453159059560276,9.344735537840638,8.493463610312014,9.379018560673618
72658,738448.6709543499,8.12435963133344,9.063859686395583,8.189283521277511,9.124324286746727
72659,738448.6715947385,8.453159059560281,9.344735537840638,8.493463610312014,9.379018560673618
72660,738448.6755933047,8.453159059560281,9.05720864374385,8.493463610312014,9.119057085204748
72661,738448.680730372,8.453159059560281,9.063859686395583,8.493463610312014,9.124324286746727
72663,738448.7054881437,8.453159059560281,9.344735537840638,8.493463610312014,9.379018560673618
72664,738448.7096289598,8.453159059560281,9.344735537840638,8.493463610312014,9.379018560673618
72666,738448.718076195,8.462352527913373,9.356627802679354,8.501450208477964,9.389613150575311
72667,738448.7204968552,8.462352527913373,9.356627802679354,8.501450208477964,9.389613150575311
72668,738448.7208974888,8.462352527913373,9.356627802679354,8.501450208477964,9.389613150575311
72669,738448.7217494202,8.462352527913373,9.356627802679354,8.501450208477964,9.389613150575311
72671,738448.7238272447,8.462352527913373,9.356627802679354,8.501450208477964,9.389613150575311
72672,738448.7240204064,8.510513705426142,9.59206899526439,8.711846772990606,9.61006222181704
72673,738448.7242726661,8.510513705426142,9.364573492351413,8.550791136737715,9.391953369389562
72674,738448.7247145814,8.510513705426142,9.088543582757554,8.550791136737715,9.135975218923956
72675,738448.7251652909,8.510513705426142,9.364573492351413,8.550791136737715,9.391953369389562
72676,738448.7261491388,8.510513705426142,9.364573492351413,8.550791136737715,9.391953369389562
72677,738448.7264511449,8.510513705426142,9.364573492351413,8.550791136737715,9.391953369389562
72678,738448.7273942566,8.510513705426142,9.364573492351413,8.550791136737715,9.391953369389562
72679,738448.7300708893,8.510513705426142,9.364573492351413,8.550791136737715,9.391953369389562
72680,738448.7304029736,8.510513705426142,9.364573492351413,8.550791136737715,9.391953369389562
72681,738448.7313322974,8.510513705426142,9.364573492351413,8.550791136737715,9.391953369389562
72682,738448.7322829218,8.510513705426142,9.364573492351413,8.550791136737715,9.391953369389562
72683,738448.7329060785,8.21473526495324,9.192796891684484,8.277552962682323,9.230161001348696
72684,738448.7333974349,8.21473526495324,9.192796891684484,8.277552962682323,9.230161001348696
72685,738448.7339451637,8.21473526495324,9.192796891684484,8.277552962682323,9.230161001348696
72686,738448.7343809196,8.21473526495324,9.192796891684484,8.277552962682323,9.230161001348696
72687,738448.7353294393,8.21473526495324,9.529353649110027,8.277552962682323,9.549593260520966
72688,738448.7357815778,8.510513705426142,9.364573492351413,8.550791136737715,9.391953369389562
72689,738448.7369307621,8.510513705426142,9.360954525530804,8.550791136737715,9.388541759373343
72690,738448.7379981988,8.510513705426142,9.360954525530804,8.550791136737715,9.388541759373343
72691,738448.7394812956,8.510513705426142,9.360954525530804,8.550791136737715,9.388541759373343
72692,738448.7399033743,8.510513705426142,9.360954525530804,8.550791136737715,9.388541759373343
72693,738448.7423691673,8.21473526495324,9.529353649110027,8.277552962682323,9.549593260520966
72695,738448.7434563676,8.510513705426142,9.364573492351413,8.550791136737715,9.391953369389562
72696,738448.7437691962,8.510513705426142,9.088543582757554,8.550791136737715,9.135975218923956
72697,738448.7444280431,8.510513705426142,9.364573492351413,8.550791136737715,9.391953369389562
72698,738448.7470355079,8.510513705426142,9.364573492351413,8.550791136737715,9.391953369389562
72700,738448.7502601846,8.510513705426142,9.529353649110027,8.550791136737715,9.549593260520966
72701,738448.7523181293,8.21473526495324,9.233654390220536,8.277552962682323,9.269570927206251
72702,738448.7537132298,8.21473526495324,9.192796891684484,8.277552962682323,9.230161001348696
72703,738448.7540259401,8.21473526495324,9.192796891684484,8.277552962682323,9.230161001348696
72704,738448.7558165736,8.21473526495324,9.192796891684484,8.277552962682323,9.230161001348696
72705,738448.756941485,8.21473526495324,9.192796891684484,8.277552962682323,9.230161001348696
72707,738448.7594753989,8.21473526495324,9.192796891684484,8.277552962682323,9.230161001348696
72709,738448.7613861626,8.21473526495324,9.192796891684484,8.277552962682323,9.230161001348696
72710,738448.764198622,8.21473526495324,9.192796891684484,8.277552962682323,9.230161001348696
72712,738448.765313314,8.21473526495324,9.192796891684484,8.277552962682323,9.230161001348696
72715,738448.7699267427,8.21473526495324,9.192796891684484,8.277552962682323,9.230161001348696
72716,738448.7713663949,8.510513705426142,9.364573492351413,8.550791136737715,9.391953369389562
72718,738448.7808159476,8.510513705426142,9.364573492351413,8.550791136737715,9.391953369389562
72720,738448.7840055395,8.510513705426142,9.364573492351413,8.550791136737715,9.391953369389562
72722,738448.7868981101,8.510513705426142,9.529353649110027,8.550791136737715,9.549593260520966
72723,738448.7875024264,8.510513705426142,9.529353649110027,8.550791136737715,9.549593260520966
72724,738448.7876609334,8.510513705426142,9.529353649110027,8.550791136737715,9.549593260520966
72725,738448.7964761383,8.510513705426142,9.088543582757554,8.550791136737715,9.135975218923956
72726,738448.7981533868,8.21473526495324,9.529353649110027,8.277552962682323,9.549593260520966
72727,738448.7991970575,8.510513705426142,9.088543582757554,8.550791136737715,9.135975218923956
72729,738448.8037590015,8.510513705426142,9.088543582757554,8.550791136737715,9.135975218923956
72733,738448.8146639599,8.510513705426142,9.088543582757554,8.550791136737715,9.135975218923956
72734,738448.8174916956,8.510513705426142,9.364573492351413,8.550791136737715,9.391953369389562
72735,738448.8203478672,8.510513705426142,9.364573492351413,8.550791136737715,9.391953369389562
72736,738448.8212106037,8.21473526495324,9.192796891684484,8.277552962682323,9.230161001348696
72737,738448.8230670821,8.21473526495324,9.192796891684484,8.277552962682323,9.230161001348696
72738,738448.8252361133,8.21473526495324,9.192796891684484,8.277552962682323,9.230161001348696
72739,738448.825470241,8.21473526495324,9.192796891684484,8.277552962682323,9.230161001348696
72741,738448.8309929564,8.510513705426142,9.364573492351413,8.550791136737715,9.391953369389562
72742,738448.8319221346,8.510513705426142,9.364573492351413,8.550791136737715,9.391953369389562
72743,738448.835613293,8.510513705426142,9.364573492351413,8.550791136737715,9.391953369389562
72744,738448.844301093,8.510513705426142,9.088543582757554,8.550791136737715,9.135975218923956
72745,738448.8472824239,8.510513705426142,9.364573492351413,8.550791136737715,9.391953369389562
72746,738448.8480834321,8.230984283775047,9.208898288554417,8.291052611518545,9.239882546528174
72747,738448.8489984267,8.230984283775047,9.208898288554417,8.291052611518545,9.239882546528174
72748,738448.8495859742,8.525173281168103,9.096381826548848,8.558039209249994,9.138332893015189
72749,738448.8504812849,8.525173281168103,9.099618871862809,8.558039209249994,9.141298727285772
72751,738448.856750584,8.525173281168103,9.099618871862809,8.558039209249994,9.141298727285772
72752,738448.8576084424,8.232389709986851,9.099618871862809,8.291052611518545,9.141298727285772
72753,738448.8581188763,8.525173281168103,9.365398969873915,8.558039209249994,9.390279508354286
72754,738448.8624996619,8.525173281168103,9.370474426485536,8.558039209249994,9.394914128284848
72755,738448.8646457923,8.525173281168103,9.370474426485536,8.558039209249994,9.394914128284848
72756,738448.8697917082,8.525173281168103,9.370474426485536,8.558039209249994,9.394914128284848
72759,738448.8841704574,8.525173281168103,9.370474426485536,8.558039209249994,9.394914128284848
72760,738448.8863877532,8.525173281168103,9.370474426485536,8.558039209249994,9.394914128284848
72762,738448.9015725155,8.23624773089937,8.919180088455963,8.291052611518545,9.120054978362177
72763,738448.9087224469,8.23624773089937,8.919180088455963,8.291052611518545,9.120054978362177
72765,738448.9160432259,8.528228587485524,9.370748020901432,8.558039209249994,9.394914128284848
72767,738448.9188317305,8.528228587485524,9.370748020901432,8.558039209249994,9.394914128284848
72768,738448.9205623722,8.528228587485524,9.370748020901432,8.558039209249994,9.394914128284848
72769,738448.9250285366,8.23624773089937,9.370748020901432,8.291052611518545,9.394914128284848
72770,738448.9253779487,8.528228587485524,9.370748020901432,8.558039209249994,9.394914128284848
72771,738448.9256806278,8.23624773089937,9.25070555596051,8.291052611518545,9.27880597857621
72772,738448.9320580963,8.23624773089937,9.25070555596051,8.291052611518545,9.27880597857621
72774,738448.9375840131,8.528228587485524,9.370748020901432,8.558039209249994,9.394914128284848
72775,738448.9377668803,8.528228587485524,9.10012919399312,8.558039209249994,9.141298727285772
72776,738448.944028661,8.528228587485524,9.10012919399312,8.558039209249994,9.141298727285772
72780,738448.9557262906,8.23624773089937,9.10012919399312,8.291052611518545,9.141298727285772
72781,738448.959429661,8.23624773089937,9.10012919399312,8.291052611518545,9.141298727285772
72782,738448.9699063215,8.23624773089937,9.10012919399312,8.291052611518545,9.141298727285772
72783,738448.9752738158,8.23624773089937,9.10012919399312,8.291052611518545,9.141298727285772
72784,738448.9836861881,8.23624773089937,9.10012919399312,8.291052611518545,9.141298727285772
72785,738448.984588191,8.528228587485524,9.370748020901432,8.558039209249994,9.394914128284848
72786,738448.9873894227,8.23624773089937,9.209532948267302,8.291052611518545,9.239882546528174
72787,738448.9915044766,8.528228587485524,9.10012919399312,8.558039209249994,9.141298727285772
72788,738449.0054575243,8.528228587485524,9.370748020901432,8.558039209249994,9.394914128284848
72789,738449.0065399515,8.528228587485524,9.370748020901432,8.558039209249994,9.394914128284848
72791,738449.0136830949,8.528228587485524,9.370748020901432,8.558039209249994,9.394914128284848
72796,738449.0326042544,8.528228587485524,9.370748020901432,8.558039209249994,9.394914128284848
72799,738449.0558857605,8.528228587485524,9.370748020901432,8.558039209249994,9.394914128284848
72801,738449.0601079605,8.528228587485524,9.370748020901432,8.558039209249994,9.394914128284848
72802,738449.0728964912,8.528228587485524,9.370748020901432,8.558039209249994,9.394914128284848
72803,738449.0740746696,8.528228587485524,9.370748020901432,8.558039209249994,9.394914128284848
72804,738449.0974499983,8.528228587485524,9.370748020901432,8.558039209249994,9.394914128284848
72805,738449.1060875679,8.528228587485524,9.370748020901432,8.558039209249994,9.394914128284848
72806,738449.124140924,8.528228587485524,9.370748020901432,8.558039209249994,9.394914128284848
72807,738449.1298913172,8.23624773089937,9.10012919399312,8.291052611518545,9.141298727285772
72808,738449.1319051873,8.23624773089937,9.10012919399312,8.291052611518545,9.141298727285772
72809,738449.1394431586,8.23624773089937,9.10012919399312,8.291052611518545,9.141298727285772
72810,738449.1455087011,8.23624773089937,9.10012919399312,8.291052611518545,9.141298727285772
72815,738449.2005973989,8.23624773089937,9.10012919399312,8.291052611518545,9.141298727285772
72816,738449.2232674612,8.23624773089937,9.25070555596051,8.291052611518545,9.27880597857621
72817,738449.2594297776,8.23624773089937,9.25070555596051,8.291052611518545,9.27880597857621
72818,738449.260078241,8.528228587485524,9.370748020901432,8.558039209249994,9.394914128284848
72819,738449.2633562105,8.23624773089937,9.10012919399312,8.291052611518545,9.141298727285772
72820,738449.2747093557,8.528228587485524,9.10012919399312,8.558039209249994,9.141298727285772
72821,738449.2778324353,8.528228587485524,9.10012919399312,8.558039209249994,9.141298727285772
72823,738449.2805488093,8.528228587485524,9.10012919399312,8.558039209249994,9.141298727285772
72826,738449.2989480811,8.528228587485524,9.10012919399312,8.558039209249994,9.141298727285772
72828,738449.3058391783,8.528228587485524,9.10012919399312,8.558039209249994,9.141298727285772
72831,738449.324618031,8.23624773089937,9.370748020901432,8.291052611518545,9.394914128284848
72832,738449.3261340884,8.528228587485524,9.370748020901432,8.558039209249994,9.394914128284848
72833,738449.3301796806,8.528228587485524,9.367180352688408,8.558039209249994,9.391525788133457
72834,738449.3316361516,8.528228587485524,9.367180352688408,8.558039209249994,9.391525788133457
72835,738449.3323317418,8.528228587485524,9.367180352688408,8.558039209249994,9.391525788133457
72838,738449.3615036315,8.23624773089937,9.370748020901432,8.291052611518545,9.394914128284848
72837,738449.3615094521,8.569459760407197,9.125328207908598,8.599211802046108,9.159524111755626
72839,738449.3621165975,8.275926901967681,9.38444294689337,8.330377419612569,9.405172223231643
72840,738449.3740779742,8.569459760407197,9.38444294689337,8.599211802046108,9.405172223231643
72841,738449.374740881,8.569459760407197,9.38444294689337,8.599211802046108,9.405172223231643
72847,738449.4007164579,8.569459760407197,9.38444294689337,8.599211802046108,9.405172223231643
72848,738449.4011499138,8.285852461925941,8.963418986294126,8.333577023284288,9.141566987518251
72849,738449.4091270773,8.581670966521306,8.96405905747283,8.605928334291766,9.14199179086224
72850,738449.4177519585,8.28860519841459,9.070048197880697,8.336126164443236,9.106528822756585
72853,738449.4372297188,8.28860519841459,9.070048197880697,8.336126164443236,9.106528822756585
72855,738449.4761108574,8.28860519841459,9.070048197880697,8.336126164443236,9.106528822756585
72856,738449.49906543,8.28860519841459,9.131894219486162,8.336126164443236,9.163730064967078
72857,738449.5038773643,8.28860519841459,9.131894219486162,8.336126164443236,9.163730064967078
72860,738449.5666805633,8.584066560278254,9.388070876232794,8.608337125833646,9.407566219402977
72862,738449.5854120186,8.584066560278254,9.388070876232794,8.608337125833646,9.407566219402977
72863,738449.590394928,8.584066560278254,9.388070876232794,8.608337125833646,9.407566219402977
72867,738449.6039599437,8.28860519841459,9.549927133672583,8.336126164443236,9.56326538951357
72868,738449.6244640814,8.28860519841459,9.549927133672583,8.336126164443236,9.56326538951357
72871,738449.6592249838,8.28860519841459,9.549927133672583,8.336126164443236,9.56326538951357
72872,738449.6649976753,8.584066560278254,9.388070876232794,8.608337125833646,9.407566219402977
72873,738449.6745803525,8.584066560278254,9.388070876232794,8.608337125833646,9.407566219402977
72874,738449.6884626277,8.498659984498023,9.128889822994141,8.608337125833646,9.160914012554432
72876,738449.7052214188,8.498659984498023,9.128889822994141,8.608337125833646,9.160914012554432
72879,738449.7275556191,8.09984195130053,9.131894219486162,8.608337125833646,9.163730064967078
72880,738449.7592821808,8.09984195130053,9.388070876232794,8.608337125833646,9.407566219402977
72881,738449.7651252054,8.09984195130053,9.128889822994141,8.608337125833646,9.160914012554432
72882,738449.7985595758,8.09984195130053,9.128889822994141,8.608337125833646,9.160914012554432
72883,738449.8226381738,8.09984195130053,9.128889822994141,8.608337125833646,9.160914012554432
72884,738449.8427311985,8.09984195130053,9.128889822994141,8.608337125833646,9.160914012554432
72885,738449.843819503,8.09984195130053,9.128889822994141,8.608337125833646,9.160914012554432
72886,738449.8508112507,8.09984195130053,9.131894219486162,8.608337125833646,9.163730064967078
72887,738449.8609751514,8.09984195130053,9.388070876232794,8.608337125833646,9.407566219402977
72888,738449.8751304388,8.09984195130053,9.388070876232794,8.608337125833646,9.407566219402977
72889,738449.8755036357,8.09984195130053,9.388070876232794,8.608337125833646,9.407566219402977
72891,738449.9188408373,8.09984195130053,9.388070876232794,8.608337125833646,9.407566219402977
72892,738449.9282989396,8.09984195130053,9.27340183188909,8.336126164443236,9.295263228128555
72897,738450.0360715558,8.09984195130053,9.388070876232794,8.608337125833646,9.407566219402977
72899,738450.0638234011,8.09984195130053,9.388070876232794,8.608337125833646,9.407566219402977
72900,738450.0642202215,8.09984195130053,9.388070876232794,8.608337125833646,9.407566219402977
72903,738450.1155950438,8.09984195130053,9.383198088098581,8.608337125833646,9.403065361833047
72904,738450.1234261876,8.09984195130053,9.383198088098581,8.608337125833646,9.403065361833047
72906,738450.1362857012,8.09984195130053,9.383198088098581,8.608337125833646,9.403065361833047
72909,738450.1831673089,8.09984195130053,9.383198088098581,8.608337125833646,9.403065361833047
72913,738450.2436889054,8.09984195130053,9.383198088098581,8.608337125833646,9.403065361833047
72915,738450.2772180875,8.09984195130053,9.388070876232794,8.608337125833646,9.407566219402977
72919,738450.3247206274,8.09994659866681,9.388070876232794,8.608337125833646,9.407566219402977
72920,738450.332195336,8.09994659866681,9.388070876232794,8.608337125833646,9.407566219402977
72921,738450.3415574176,8.527046230877358,9.388070876232794,8.71693166916349,9.407566219402977
72922,738450.3435802021,8.527046230877358,9.388070876232794,8.71693166916349,9.407566219402977
72924,738450.3583367227,8.09994659866681,9.388070876232794,8.608337125833646,9.407566219402977
72926,738450.3638688555,8.09994659866681,9.388070876232794,8.608337125833646,9.407566219402977
72927,738450.3652145719,8.09994659866681,9.27340183188909,8.336186903220455,9.295263228128555
72928,738450.3664714997,8.09994659866681,9.131894219486162,8.608337125833646,9.163730064967078
72929,738450.366792547,8.09994659866681,9.131894219486162,8.608337125833646,9.163730064967078
72931,738450.3826407851,8.09994659866681,9.131894219486162,8.608337125833646,9.163730064967078
72936,738450.4710350016,8.09994659866681,9.388070876232794,8.608337125833646,9.407566219402977
72938,738450.5076006056,8.09994659866681,9.388070876232794,8.608337125833646,9.407566219402977
72943,738450.5762849876,8.09994659866681,9.388070876232794,8.608337125833646,9.407566219402977
72946,738450.6091046019,8.09994659866681,9.388070876232794,8.608337125833646,9.407566219402977
72947,738450.631746845,8.09994659866681,9.388070876232794,8.608337125833646,9.407566219402977
72949,738450.6465642408,8.09994659866681,9.388070876232794,8.608337125833646,9.407566219402977
72952,738450.7168408368,8.10209876213931,9.388070876232794,8.608337125833646,9.407566219402977
72953,738450.7311392385,8.10209876213931,9.388070876232794,8.608337125833646,9.407566219402977
72954,738450.7622593606,8.10209876213931,9.388070876232794,8.608337125833646,9.407566219402977
72955,738450.767205955,8.10209876213931,9.388070876232794,8.608337125833646,9.407566219402977
72957,738450.799982213,8.10209876213931,9.388070876232794,8.337437410067995,9.407566219402977
72961,738450.8598998075,8.10209876213931,9.388070876232794,8.337437410067995,9.407566219402977
72962,738450.8665291975,8.10209876213931,9.388070876232794,8.337437410067995,9.407566219402977
72964,738450.8714409074,8.10209876213931,9.388070876232794,8.608337125833646,9.407566219402977
72966,738450.8888367461,8.10209876213931,9.388070876232794,8.608337125833646,9.407566219402977
72967,738450.9047584158,8.10209876213931,9.388070876232794,8.608337125833646,9.407566219402977
72968,738450.9087321141,8.10209876213931,9.388070876232794,8.608337125833646,9.407566219402977
72971,738450.9296800792,8.10209876213931,9.388070876232794,8.608337125833646,9.407566219402977
72976,738451.0292245746,8.10209876213931,9.131894219486162,8.337437410067995,9.163730064967078
72977,738451.0578533541,8.10209876213931,9.388070876232794,8.337437410067995,9.407566219402977
72978,738451.0621376635,8.10209876213931,9.388070876232794,8.337437410067995,9.407566219402977
72980,738451.0712977345,8.10209876213931,9.388070876232794,8.337437410067995,9.407566219402977
72981,738451.0836563382,8.10209876213931,9.27340183188909,8.337437410067995,9.295263228128555
72984,738451.1094005668,8.10209876213931,9.27340183188909,8.337437410067995,9.295263228128555
72985,738451.1256105686,8.10209876213931,9.27340183188909,8.337437410067995,9.295263228128555
72986,738451.1937872859,8.10209876213931,9.27340183188909,8.337437410067995,9.295263228128555
72989,738451.280149245,8.10209876213931,9.27340183188909,8.337437410067995,9.295263228128555
72991,738451.3234694763,8.10209876213931,9.388070876232794,8.608337125833646,9.407566219402977
72992,738451.3255548367,8.10209876213931,9.388070876232794,8.608337125833646,9.407566219402977
72993,738451.340855613,8.10209876213931,9.549927133672583,8.608337125833646,9.56326538951357
72995,738451.3502716622,8.10209876213931,9.388070876232794,8.608337125833646,9.407566219402977
72996,738451.3531167898,8.10209876213931,9.388070876232794,8.608337125833646,9.407566219402977
73000,738451.3805912858,8.10209876213931,9.131894219486162,8.337437410067995,9.163730064967078
73002,738451.3981658908,8.10209876213931,9.131894219486162,8.337437410067995,9.163730064967078
73004,738451.4211548044,8.10209876213931,9.131894219486162,8.337437410067995,9.163730064967078
73006,738451.4562972672,8.000240893512613,9.589711736435175,8.000240893512613,9.589711736435175
73008,738451.4673011544,8.10209876213931,9.131894219486162,8.608337125833646,9.163730064967078
73010,738451.4833124813,8.10209876213931,9.131894219486162,8.608337125833646,9.163730064967078
73011,738451.5004209845,8.10209876213931,9.131894219486162,8.337437410067995,9.163730064967078
73012,738451.5005605285,8.10209876213931,9.131894219486162,8.337437410067995,9.163730064967078
73014,738451.5086689286,8.10209876213931,9.388070876232794,8.608337125833646,9.407566219402977
73015,738451.5313604991,8.10209876213931,9.128889822994141,8.608337125833646,9.160914012554432
73017,738451.5826090493,8.10209876213931,9.388070876232794,8.608337125833646,9.407566219402977
73018,738451.5839146116,8.10209876213931,9.388070876232794,8.608337125833646,9.407566219402977
73019,738451.5870415112,8.10209876213931,9.388070876232794,8.608337125833646,9.407566219402977
73020,738451.5983772654,8.10209876213931,9.388070876232794,8.608337125833646,9.407566219402977
73022,738451.6172743825,8.10209876213931,9.388070876232794,8.608337125833646,9.407566219402977
73024,738451.6300378729,8.10209876213931,9.388070876232794,8.608337125833646,9.407566219402977
73025,738451.6353043248,8.10209876213931,9.388070876232794,8.608337125833646,9.407566219402977
73026,738451.6406315138,8.10209876213931,9.388070876232794,8.608337125833646,9.407566219402977
73027,738451.6537978493,8.10209876213931,9.388070876232794,8.608337125833646,9.407566219402977
73028,738451.6681512522,8.10209876213931,9.388070876232794,8.608337125833646,9.407566219402977
73029,738451.6713105149,8.10209876213931,9.388070876232794,8.608337125833646,9.407566219402977
73030,738451.6813253594,8.10209876213931,9.388070876232794,8.608337125833646,9.407566219402977
73031,738451.6939747151,8.10209876213931,9.388070876232794,8.608337125833646,9.407566219402977
73032,738451.6980903721,8.10209876213931,9.388070876232794,8.608337125833646,9.407566219402977
73033,738451.7042581964,8.10209876213931,9.388070876232794,8.608337125833646,9.407566219402977
73034,738451.7425500868,8.10209876213931,9.388070876232794,8.608337125833646,9.407566219402977
73036,738451.7479617315,8.10209876213931,9.131894219486162,8.337437410067995,9.163730064967078
73037,738451.7540011826,8.10209876213931,9.131894219486162,8.337437410067995,9.163730064967078
73038,738451.7571212461,8.10209876213931,9.131894219486162,8.337437410067995,9.163730064967078
73039,738451.7781781316,8.10209876213931,9.131894219486162,8.337437410067995,9.163730064967078
73040,738451.799571771,8.10209876213931,9.131894219486162,8.337437410067995,9.163730064967078
73041,738451.8161913735,8.10209876213931,9.131894219486162,8.337437410067995,9.163730064967078
73042,738451.8238243696,8.10209876213931,9.131894219486162,8.337437410067995,9.163730064967078
73043,738451.8348691807,8.10209876213931,9.128889822994141,8.337437410067995,9.160914012554432
73047,738451.9182437252,8.10209876213931,9.128889822994141,8.337437410067995,9.160914012554432
73051,738451.9736347161,9.51957497261818,9.297458650525542,9.318595506949316,9.35752246279203
73054,738451.9799433788,9.51957497261818,9.297458650525542,9.318595506949316,9.35752246279203
73058,738452.0341592426,9.51957497261818,9.297458650525542,9.318595506949316,9.35752246279203
73059,738452.0351417649,9.51957497261818,9.297458650525542,9.318595506949316,9.35752246279203
73060,738452.0356309887,8.10209876213931,9.405269465927852,8.584066560278254,9.418623066097036
73062,738452.064563791,8.10209876213931,9.405269465927852,8.584066560278254,9.418623066097036
73063,738452.0721073083,8.10209876213931,9.405269465927852,8.584066560278254,9.418623066097036
73065,738452.1107676988,8.10209876213931,9.405269465927852,8.584066560278254,9.418623066097036
73068,738452.1828373953,8.10209876213931,9.405269465927852,8.584066560278254,9.418623066097036
73070,738452.1981940072,8.10209876213931,9.405269465927852,8.584066560278254,9.418623066097036
73077,738452.2674138627,8.10209876213931,9.123593438118277,8.584066560278254,9.418623066097036
73079,738452.3666547016,8.10209876213931,9.120530860641749,8.584066560278254,9.415415409728467
73089,738452.4613219132,8.10209876213931,9.120530860641749,8.584066560278254,9.415415409728467
73092,738452.5910670732,8.10209876213931,9.123593438118277,8.290994956663198,9.171696553486493
73093,738452.5922539184,8.10209876213931,9.123593438118277,8.290994956663198,9.171696553486493
73094,738452.5962910997,8.10209876213931,9.123593438118277,8.290994956663198,9.171696553486493
73095,738452.6366310336,8.10209876213931,9.123593438118277,8.584066560278254,9.171696553486493
73096,738452.6500231143,8.10209876213931,9.123593438118277,8.584066560278254,9.171696553486493
73098,738452.6604669127,8.10209876213931,9.267425255926481,8.290994956663198,9.301162118444678
73099,738452.6711227769,8.10209876213931,9.267425255926481,8.290994956663198,9.301162118444678
73102,738452.7228946419,8.10209876213931,9.267425255926481,8.290994956663198,9.301162118444678
73110,738452.7692097377,8.10209876213931,9.267425255926481,8.290994956663198,9.301162118444678
73112,738452.7902626497,8.10209876213931,9.267425255926481,8.290994956663198,9.301162118444678
73113,738452.8260908852,8.10209876213931,9.267425255926481,8.290994956663198,9.301162118444678
73122,738453.0014750028,8.10209876213931,9.267425255926481,8.290994956663198,9.301162118444678
73123,738453.0051368267,8.10209876213931,9.267425255926481,8.290994956663198,9.301162118444678
73125,738453.0309875847,8.10209876213931,9.267425255926481,8.290994956663198,9.301162118444678
73126,738453.0906989023,8.10209876213931,9.267425255926481,8.290994956663198,9.301162118444678
73130,738453.1973577545,8.108606223167046,9.100398076074294,8.584066560278254,9.156399097189976
73141,738453.3401893516,8.108606223167046,9.100398076074294,8.584066560278254,9.156399097189976
73151,738453.3941654968,8.108606223167046,9.123593438118277,8.29457233243354,9.171696553486493
73161,738453.5835266554,8.108606223167046,9.123593438118277,8.29457233243354,9.171696553486493
73165,738453.8050734444,8.108606223167046,9.123593438118277,8.584066560278254,9.418623066097036
73167,738453.853157536,8.108606223167046,9.123593438118277,8.584066560278254,9.171696553486493
73170,738453.8646037614,8.108606223167046,9.123593438118277,8.584066560278254,9.418623066097036
73171,738453.866732149,8.108606223167046,9.123593438118277,8.584066560278254,9.418623066097036
73173,738453.9061525168,8.108606223167046,9.123593438118277,8.584066560278254,9.418623066097036
73174,738453.9397718676,8.108606223167046,9.123593438118277,8.584066560278254,9.418623066097036
73176,738453.9679477003,8.132304920942339,9.123593438118277,8.698148701082056,9.418623066097036
73177,738453.9784841614,8.132304920942339,9.123593438118277,8.698148701082056,9.418623066097036
73178,738453.9817290772,8.132304920942339,9.123593438118277,8.698148701082056,9.418623066097036
73179,738453.9976096805,8.132304920942339,9.123593438118277,8.698148701082056,9.418623066097036
73182,738454.0532960409,8.132304920942339,9.123593438118277,8.698148701082056,9.418623066097036
73184,738454.0655109542,8.132304920942339,9.123593438118277,8.698148701082056,9.418623066097036
73189,738454.2763123016,8.248624831081932,9.267087879705537,8.589060090753751,9.582576587949212
73192,738454.2931136368,8.248624831081932,9.123593438118277,8.604868833499877,9.406873727563935
73193,738454.302932562,8.248624831081932,9.123593438118277,8.604868833499877,9.406873727563935
73205,738454.4061976722,8.248624831081932,9.267425255926481,8.348219159448343,9.28392838091137
73226,738455.0200108618,8.101972849309618,9.343790725894708,9.23718847284166,9.372943866483768
73229,738455.0625965955,8.101972849309618,9.343790725894708,9.23718847284166,9.372943866483768
73232,738455.1235078038,8.101972849309618,9.343790725894708,9.23718847284166,9.372943866483768
73233,738455.1246892313,8.101972849309618,9.343790725894708,9.23718847284166,9.372943866483768
73234,738455.1443736734,8.101972849309618,9.343790725894708,9.23718847284166,9.372943866483768
73240,738455.3123401742,8.101972849309618,9.343790725894708,9.23718847284166,9.372943866483768
73253,738455.460951916,8.033387050219606,8.982699394681866,8.604868833499877,9.406873727563935
73255,738455.4941286242,8.033387050219606,9.138656055815535,8.348219159448343,9.28392838091137
73259,738455.538487926,8.033387050219606,8.982699394681866,8.604868833499877,9.150730367951763
73264,738455.6580274493,8.033387050219606,8.982699394681866,8.604868833499877,9.150730367951763
73269,738455.7181911413,8.033387050219606,8.982699394681866,8.604868833499877,9.150730367951763
73271,738455.7849531284,8.033387050219606,8.982699394681866,8.348219159448343,9.150730367951763
73274,738455.85403986,8.033387050219606,8.982699394681866,8.348219159448343,9.150730367951763
73282,738456.0393635576,8.033387050219606,8.982699394681866,8.348219159448343,9.150730367951763
73283,738456.0423300097,8.033387050219606,8.982699394681866,8.348219159448343,9.150730367951763
73284,738456.1313576576,8.033387050219606,8.982699394681866,8.348219159448343,9.150730367951763
73289,738456.2261596705,8.033387050219606,8.904721342392616,8.348219159448343,9.238454342278223
73290,738456.2464541661,8.033387050219606,8.904721342392616,8.348219159448343,9.238454342278223
73291,738456.3025352042,8.033387050219606,8.904721342392616,8.348219159448343,9.238454342278223
73301,738456.4221068987,8.033387050219606,8.982699394681866,8.604868833499877,9.406873727563935
73302,738456.4231222912,8.033387050219606,8.982699394681866,8.604868833499877,9.406873727563935
73303,738456.4240915665,8.033387050219606,8.982699394681866,8.604868833499877,9.406873727563935
73304,738456.4262953546,8.033387050219606,9.359405476051466,8.71423308009742,9.46070075591489
73306,738456.4326555986,8.033387050219606,9.138656055815535,8.604868833499877,9.561847522564868
73307,738456.434693135,8.033387050219606,9.138656055815535,8.348219159448343,9.561847522564868
73309,738456.4449041234,8.033387050219606,8.982699394681866,8.604868833499877,9.406873727563935
73312,738456.4483255988,8.033387050219606,8.904721342392616,8.348219159448343,9.522361252766768
73313,738456.4595384704,8.033387050219606,8.982699394681866,8.604868833499877,9.406873727563935
73314,738456.5113264666,8.033387050219606,8.982699394681866,8.604868833499877,9.406873727563935
73316,738456.5390614828,8.177721964806107,9.443927562497885,8.589060090753751,9.631580448768025
73321,738456.6018307717,8.177721964806107,9.443927562497885,8.589060090753751,9.631580448768025
73322,738456.604284999,8.177721964806107,8.944107801935854,8.371417934254314,9.135115710929693
73323,738456.6097187595,8.177721964806107,8.889779802693836,8.371417934254314,9.238454342278223
73325,738456.6137878168,8.177721964806107,8.889779802693836,8.371417934254314,9.238454342278223
73327,738456.6516345461,9.315460613098063,9.55629220892495,8.781265861716069,9.135788262519503
73329,738456.7393940086,8.177721964806107,9.130155764315132,8.371417934254314,9.28392838091137
73330,738456.7507704812,8.177721964806107,8.972951332875036,8.617869034886231,9.406873727563935
73342,738456.8642392411,8.177721964806107,8.972951332875036,8.617869034886231,9.406873727563935
73343,738456.88694764,8.177721964806107,8.972951332875036,8.617869034886231,9.406873727563935
73344,738456.8919078183,8.177721964806107,8.972951332875036,8.617869034886231,9.406873727563935
73348,738456.9181189531,8.177721964806107,9.130155764315132,8.371417934254314,9.561847522564868
73349,738456.920535232,8.177721964806107,8.972951332875036,8.617869034886231,9.406873727563935
73350,738456.9219448862,8.177721964806107,8.972951332875036,8.371417934254314,9.406873727563935
73351,738456.9241389851,8.177721964806107,8.972951332875036,8.617869034886231,9.406873727563935
73352,738456.9246359074,8.177721964806107,8.972951332875036,8.617869034886231,9.406873727563935
73353,738456.9259811456,8.177721964806107,8.972951332875036,8.617869034886231,9.406873727563935
73354,738456.9279742526,8.177721964806107,8.972951332875036,8.617869034886231,9.406873727563935
73357,738456.9410889217,8.177721964806107,8.972951332875036,8.617869034886231,9.406873727563935
73358,738456.9418656962,8.177721964806107,8.972951332875036,8.617869034886231,9.406873727563935
73361,738456.9633303662,8.177721964806107,8.972951332875036,8.617869034886231,9.406873727563935
73364,738456.9870300528,8.177721964806107,8.972951332875036,8.617869034886231,9.406873727563935
73365,738456.9906193325,8.177721964806107,8.972951332875036,8.617869034886231,9.406873727563935
73366,738457.0031369729,8.177721964806107,8.972951332875036,8.617869034886231,9.406873727563935
73367,738457.0057774428,8.177721964806107,8.972951332875036,8.617869034886231,9.406873727563935
73370,738457.032972803,8.177721964806107,8.889779802693836,8.371417934254314,9.238454342278223
73371,738457.0711615348,8.177721964806107,8.972951332875036,8.617869034886231,9.406873727563935
73373,738457.1114256517,8.177721964806107,8.972951332875036,8.617869034886231,9.406873727563935
73374,738457.129472387,8.177721964806107,8.972951332875036,8.617869034886231,9.406873727563935
73376,738457.176165778,8.177721964806107,9.130155764315132,8.371417934254314,9.28392838091137
73377,738457.1786691988,8.177721964806107,8.972951332875036,8.617869034886231,9.406873727563935
73378,738457.1795339625,8.177721964806107,8.972951332875036,8.617869034886231,9.406873727563935
73379,738457.1909088258,8.177721964806107,8.966982339753129,8.617869034886231,9.403615306497397
73380,738457.2087534661,8.177721964806107,8.966982339753129,8.617869034886231,9.403615306497397
73381,738457.2104705095,8.177721964806107,8.966982339753129,8.617869034886231,9.403615306497397
73386,738457.2376340536,8.177721964806107,8.966982339753129,8.617869034886231,9.403615306497397
73387,738457.2378625799,8.177721964806107,9.130155764315132,8.371417934254314,9.28392838091137
73391,738457.3367134905,8.177721964806107,8.889779802693836,8.371417934254314,9.238454342278223
73403,738457.5760247428,8.177721964806107,8.972951332875036,8.617869034886231,9.406873727563935
73410,738457.7040159586,8.177721964806107,8.972951332875036,8.617869034886231,9.406873727563935
73412,738457.7104651856,8.177721964806107,8.972951332875036,8.617869034886231,9.406873727563935
73417,738457.8379552207,8.177721964806107,9.130155764315132,8.371417934254314,9.28392838091137
73418,738457.840646477,8.177721964806107,9.130155764315132,8.371417934254314,9.28392838091137
73422,738457.9214814091,8.177721964806107,9.130155764315132,8.371417934254314,9.28392838091137
73423,738457.9338062672,8.177721964806107,8.972951332875036,8.371417934254314,9.150730367951763
73425,738457.9495538593,8.177721964806107,8.972951332875036,8.371417934254314,9.150730367951763
73428,738457.9906936013,9.062104963657964,9.60733220739087,9.410498158117703,9.244386414712007
73430,738457.9950653526,9.062104963657964,9.60733220739087,9.410498158117703,9.244386414712007
73433,738458.06448301,9.062104963657964,9.60733220739087,9.410498158117703,9.244386414712007
73434,738458.0739504109,9.062104963657964,9.60733220739087,9.410498158117703,9.244386414712007
73435,738458.1321590226,9.062104963657964,9.60733220739087,9.410498158117703,9.244386414712007
73436,738458.157276711,9.062104963657964,9.60733220739087,9.410498158117703,9.244386414712007
73437,738458.1628994351,9.062104963657964,9.60733220739087,9.410498158117703,9.244386414712007
73438,738458.1664461308,9.062104963657964,9.60733220739087,9.410498158117703,9.244386414712007
73439,738458.1756959747,9.062104963657964,9.60733220739087,9.410498158117703,9.244386414712007
73449,738458.3216445828,9.315460613098063,9.280441561118227,8.912311074509082,9.38910234291087
73469,738458.6491420155,9.315460613098063,9.280441561118227,8.912311074509082,9.38910234291087
73470,738458.6868861769,9.315460613098063,9.280441561118227,8.912311074509082,9.38910234291087
73476,738458.787230525,9.315460613098063,9.280441561118227,8.912311074509082,9.38910234291087
73477,738458.7923675699,9.315460613098063,9.280441561118227,8.912311074509082,9.38910234291087
73478,738458.802259818,9.315460613098063,9.280441561118227,8.912311074509082,9.38910234291087
73479,738458.814632049,9.315460613098063,9.280441561118227,8.912311074509082,9.38910234291087
73480,738458.8557678908,9.315460613098063,9.280441561118227,8.912311074509082,9.38910234291087
73481,738458.9024058442,9.315460613098063,9.280441561118227,8.912311074509082,9.38910234291087
73482,738458.9292092248,9.315460613098063,9.280441561118227,8.912311074509082,9.38910234291087
73483,738458.9317377213,9.315460613098063,9.280441561118227,8.912311074509082,9.38910234291087
73485,738458.9387397827,9.315460613098063,9.280441561118227,8.912311074509082,9.38910234291087
73486,738458.9418519114,9.315460613098063,9.280441561118227,8.912311074509082,9.38910234291087
73487,738458.9451466508,9.315460613098063,9.280441561118227,8.912311074509082,9.38910234291087
73488,738458.9513833778,8.177721964806107,9.27007787270036,8.371417934254314,9.378975489304452
73489,738458.972690314,8.177721964806107,9.27007787270036,8.371417934254314,9.378975489304452
73490,738458.9838551949,8.177721964806107,9.27007787270036,8.371417934254314,9.378975489304452
73491,738458.9961338764,8.177721964806107,9.27007787270036,8.371417934254314,9.378975489304452
73492,738459.0028380348,8.177721964806107,9.090455417630173,8.371417934254314,9.33117244064767
73493,738459.0028389933,8.182851489162461,9.101112431687278,8.617869034886231,9.422760808326156
73494,738459.0258944305,8.182851489162461,9.101112431687278,8.617869034886231,9.422760808326156
73498,738459.0634865704,8.182851489162461,9.101112431687278,8.617869034886231,9.422760808326156
73499,738459.0656320151,8.182851489162461,9.101112431687278,8.617869034886231,9.422760808326156
73500,738459.067611332,8.182851489162461,9.101112431687278,8.617869034886231,9.422760808326156
73503,738459.0984812641,8.182851489162461,9.101112431687278,8.617869034886231,9.422760808326156
73507,738459.1417631983,8.182851489162461,9.101112431687278,8.617869034886231,9.422760808326156
73514,738459.1630799888,8.182851489162461,9.101112431687278,8.617869034886231,9.422760808326156
73520,738459.3078967108,8.182851489162461,9.101112431687278,8.617869034886231,9.422760808326156
73523,738459.3462826052,8.182851489162461,9.122063661089348,8.617869034886231,9.433130791887194
73524,738459.373888301,8.182851489162461,9.091085787877487,8.374708737921619,9.33117244064767
73532,738459.4269591093,8.186099527092239,9.122745114642038,8.621182776275438,9.433238812383824
73540,738459.5297324423,8.186099527092239,9.122745114642038,8.621182776275438,9.433238812383824
73551,738459.7657081005,8.186099527092239,9.122745114642038,8.621182776275438,9.433238812383824
73552,738459.7730209368,8.186099527092239,9.122745114642038,8.621182776275438,9.433238812383824
73556,738459.8233082322,8.186099527092239,9.122745114642038,8.621182776275438,9.433238812383824
73557,738459.8449110464,8.186099527092239,9.122745114642038,8.621182776275438,9.433238812383824
73558,738459.8480181849,8.186099527092239,9.122745114642038,8.621182776275438,9.433238812383824
73560,738459.923632109,8.186099527092239,9.122745114642038,8.621182776275438,9.433238812383824
73562,738459.9599217947,8.186099527092239,9.10182753807679,8.621182776275438,9.433238812383824
73563,738459.9769536594,8.186099527092239,9.10182753807679,8.621182776275438,9.433238812383824
73565,738460.0801369334,8.52510378931389,9.58931568021758,9.424305465486839,9.22059396165177
73566,738460.113241785,8.52510378931389,9.58931568021758,9.424305465486839,9.22059396165177
73590,738460.532424133,8.186099527092239,9.10182753807679,8.724831374144873,9.433238812383824
73599,738460.7425413053,8.186099527092239,9.10182753807679,8.621182776275438,9.433238812383824
73604,738460.8570923925,8.186099527092239,9.10182753807679,8.621182776275438,9.433238812383824
73611,738460.9715766388,8.186099527092239,9.10182753807679,8.621182776275438,9.433238812383824
73613,738460.9795035927,8.186099527092239,9.10182753807679,8.621182776275438,9.433238812383824
73614,738460.9930834136,8.186099527092239,9.10182753807679,8.621182776275438,9.433238812383824
73619,738461.064294516,8.186099527092239,9.10182753807679,8.621182776275438,9.433238812383824
73642,738461.1233095565,8.186099527092239,9.10182753807679,8.621182776275438,9.433238812383824
73652,738461.2611361839,8.186099527092239,9.268503466594135,8.376799684714346,9.379097853483284
73653,738461.2663679253,8.186099527092239,9.10182753807679,8.621182776275438,9.245598627175264
73655,738461.2802954412,8.186099527092239,9.10182753807679,8.621182776275438,9.245598627175264
73658,738461.338475747,8.186099527092239,9.10182753807679,8.621182776275438,9.245598627175264
73665,738461.3765463906,8.186099527092239,9.10182753807679,8.621182776275438,9.245598627175264
73666,738461.380184557,8.186099527092239,9.10182753807679,8.621182776275438,9.245598627175264
73674,738461.4187505114,8.3513260478407,9.233068075585145,8.695941011144109,9.46004506132773
73678,738461.4737589555,8.3513260478407,9.108857426964544,8.688195839644072,9.431989195278998
73679,738461.4989026547,8.248522783266091,8.718609404607717,8.724831374144873,9.238078914313148
73680,738461.5106890751,8.248522783266091,8.718609404607717,8.724831374144873,9.238078914313148
73686,738461.6154926904,8.248522783266091,8.718609404607717,8.724831374144873,9.238078914313148
73691,738461.781601016,8.248522783266091,8.718609404607717,8.724831374144873,9.238078914313148
73693,738461.8640888217,8.248522783266091,8.718609404607717,8.724831374144873,9.238078914313148
73695,738461.8852389671,8.248522783266091,8.718609404607717,8.724831374144873,9.238078914313148
73696,738461.9488065847,8.40727495863821,9.12846676106643,8.535266248631645,9.45196301338578
73697,738461.9684490947,8.40727495863821,9.12846676106643,8.535266248631645,9.45196301338578
73702,738462.0588065754,8.40727495863821,9.12846676106643,8.535266248631645,9.45196301338578
73707,738462.300532029,8.40727495863821,9.301350150038335,8.705873176747017,9.604344578503353
73708,738462.302335742,9.143252568957953,9.223114211827797,9.33813313601618,9.352709824366778
73760,738462.830266151,9.143252568957953,9.223114211827797,9.33813313601618,9.352709824366778
73763,738462.9557102812,9.143252568957953,9.223114211827797,9.33813313601618,9.352709824366778
73764,738462.9909615197,7.879771033696532,8.988780061551145,9.348351597410982,9.113516481594257
73786,738463.3368011828,9.23565025358745,9.348945131931881,9.602586231871612,9.407652879383907
73800,738463.6293248803,8.402589883215287,9.045801174096175,8.705873176747017,9.584733595628338
73804,738463.7065072089,8.402589883215287,9.045801174096175,8.705873176747017,9.584733595628338
73808,738463.8596894854,8.402589883215287,9.045801174096175,8.705873176747017,9.584733595628338
73810,738463.8755822158,8.402589883215287,9.045801174096175,8.705873176747017,9.584733595628338
73811,738463.9034210966,8.575304342973817,8.845860427783844,9.250255630076417,9.22086091359582
73814,738463.9486481819,8.575304342973817,8.845860427783844,9.250255630076417,9.22086091359582
73816,738463.9692801876,8.575304342973817,8.845860427783844,9.250255630076417,9.22086091359582
73817,738463.9807402942,8.654956541364651,8.897277633024322,9.288489548747226,9.244420337430233
73824,738464.2069305085,8.27670395775354,8.966875079999907,8.705873176747017,9.583228571766172
73825,738464.2243261774,8.27670395775354,8.966875079999907,8.535266248631645,9.442840402020355
73826,738464.2330669215,8.27670395775354,8.966875079999907,8.535266248631645,9.442840402020355
73827,738464.2348256251,8.27670395775354,8.966875079999907,8.535266248631645,9.442840402020355
73843,738464.4947774753,8.236514968956435,8.950277072708685,8.535266248631645,9.442840402020355
73849,738464.5662969337,8.236514968956435,8.950277072708685,8.535266248631645,9.442840402020355
73855,738464.6626930283,8.236514968956435,8.950277072708685,8.535266248631645,9.442840402020355
73863,738464.8928568239,8.930649368828321,9.091414464926123,9.49179271170211,9.437354987718965
73865,738464.8967148383,8.235762873707195,9.085418029760909,8.505077616001698,9.701870571844353
73867,738464.9294864393,8.235762873707195,9.085418029760909,8.505077616001698,9.701870571844353
73895,738465.6215793295,8.235762873707195,9.085418029760909,8.505077616001698,9.701870571844353
73903,738465.6738352263,8.230592707326458,9.08209324967295,8.505077616001698,9.442840402020355
73913,738466.01451816,8.885730964823422,9.390228927185955,9.53852112473096,9.427914529486214
73914,738466.0282359719,8.885730964823422,9.390228927185955,9.53852112473096,9.427914529486214
73915,738466.057761347,8.885730964823422,9.390228927185955,9.53852112473096,9.427914529486214
73917,738466.0940801695,8.885730964823422,9.390228927185955,9.53852112473096,9.427914529486214
73926,738466.3229882151,8.885730964823422,9.390228927185955,9.53852112473096,9.427914529486214
73933,738466.5725054706,8.885730964823422,9.390228927185955,9.53852112473096,9.427914529486214
73934,738466.6733051677,8.885730964823422,9.390228927185955,9.53852112473096,9.427914529486214
73936,738466.7373931546,8.885730964823422,9.390228927185955,9.53852112473096,9.427914529486214
73938,738466.9095259506,8.885730964823422,9.390228927185955,9.53852112473096,9.427914529486214
73950,738467.1391201261,8.885730964823422,9.390228927185955,9.53852112473096,9.427914529486214
73951,738467.1492595776,8.885730964823422,9.390228927185955,9.53852112473096,9.427914529486214
73987,738467.9014168187,8.885730964823422,9.390228927185955,9.53852112473096,9.427914529486214
73988,738467.9233730346,8.85621989605312,9.229830052277581,9.497452038982708,9.438308369867366
73992,738468.054359302,8.85621989605312,9.229830052277581,9.497452038982708,9.438308369867366
74005,738468.498575862,8.85621989605312,9.229830052277581,9.497452038982708,9.438308369867366
74006,738468.5036076605,8.85621989605312,9.229830052277581,9.497452038982708,9.438308369867366
74017,738468.6957462894,8.934742880880389,9.255407326177645,9.510132793871255,9.468796599506636
74019,738468.7463540118,8.934742880880389,9.255407326177645,9.510132793871255,9.468796599506636
74029,738469.0106211096,8.934742880880389,9.255407326177645,9.510132793871255,9.468796599506636
74055,738469.4971035997,8.219741495101639,9.124803329301422,8.40727495863821,9.524604844391707
74057,738469.5820635392,8.219741495101639,9.124803329301422,8.40727495863821,9.432831857966617
74058,738469.6185983053,8.219741495101639,9.124803329301422,8.40727495863821,9.432831857966617
74059,738469.6426400092,8.219741495101639,9.124803329301422,8.40727495863821,9.432831857966617
74063,738469.7914438022,8.219741495101639,9.124803329301422,8.40727495863821,9.432831857966617
74073,738469.9434259321,8.516070769046703,9.076506060674978,8.69438936348349,9.420383060184868
74072,738469.9434294653,8.219741495101639,9.180858508668347,8.40727495863821,9.424229122967866
74075,738469.9917857738,8.219741495101639,9.124803329301422,8.40727495863821,9.432831857966617
74077,738470.0212577375,8.219741495101639,9.124803329301422,8.40727495863821,9.425786892268885
74079,738470.0966159052,8.219741495101639,9.124803329301422,8.40727495863821,9.425786892268885
74082,738470.1404745596,8.219741495101639,9.124803329301422,8.40727495863821,9.425786892268885
74083,738470.1893574707,8.219741495101639,9.124803329301422,8.40727495863821,9.423746842341652
74085,738470.2406884137,8.219741495101639,9.124803329301422,8.40727495863821,9.423746842341652
74086,738470.2506683855,8.219741495101639,9.124803329301422,8.40727495863821,9.423746842341652
74088,738470.2999464613,8.219741495101639,9.124803329301422,8.40727495863821,9.423746842341652
74089,738470.3082767074,8.219741495101639,9.124803329301422,8.40727495863821,9.423746842341652
74107,738470.5922063446,8.548436051138074,9.105431001614807,8.548436051138074,9.222760934530667
74118,738470.738437344,8.548436051138074,9.105431001614807,8.548436051138074,9.222760934530667
74125,738470.8500570754,8.218240373665145,9.124803329301422,8.40727495863821,9.423746842341652
74126,738470.9273517504,8.218240373665145,9.124803329301422,8.40727495863821,9.423746842341652
74130,738470.9863879884,8.218240373665145,9.124803329301422,8.40727495863821,9.423746842341652
74133,738471.0885610894,8.218240373665145,9.124803329301422,8.40727495863821,9.423746842341652
74136,738471.1297207316,8.218240373665145,9.124803329301422,8.40727495863821,9.423746842341652
74176,738471.6760287106,8.007021139383655,9.117610928094257,8.40727495863821,9.423746842341652
74177,738471.6798082913,8.007021139383655,9.117610928094257,8.40727495863821,9.423746842341652
74178,738471.6806394741,8.007021139383655,9.117610928094257,8.40727495863821,9.423746842341652
74179,738471.6985272642,8.007021139383655,9.117610928094257,8.40727495863821,9.423746842341652
74180,738471.7197955577,8.007021139383655,9.117610928094257,8.40727495863821,9.423746842341652
74182,738471.7358326417,8.007021139383655,9.117610928094257,8.40727495863821,9.423746842341652
74183,738471.747456175,8.007021139383655,9.117610928094257,8.40727495863821,9.423746842341652
74191,738471.8943704228,8.007021139383655,9.117610928094257,8.40727495863821,9.423746842341652
74195,738472.0280856238,7.98867944896462,9.117297479996092,8.40727495863821,9.423746842341652
74196,738472.1044851843,7.98867944896462,9.117297479996092,8.40727495863821,9.423746842341652
74204,738472.3354240614,7.98867944896462,9.117297479996092,8.40727495863821,9.423746842341652
74207,738472.3938110479,7.982417069846741,9.117297479996092,8.40727495863821,9.423746842341652
74210,738472.4262088287,7.982417069846741,9.117297479996092,8.40727495863821,9.423746842341652
74219,738472.6745725191,7.982417069846741,9.117297479996092,8.40727495863821,9.423746842341652
74230,738473.0390067513,7.982417069846741,9.117297479996092,8.40727495863821,9.423746842341652
74237,738473.3555149045,7.982417069846741,8.998319168480355,8.40727495863821,9.423746842341652
74243,738473.4870201531,8.668646674175754,9.034442083542807,8.462894388183567,9.516593112886097
74261,738473.7788428549,8.668646674175754,9.034442083542807,8.462894388183567,9.516593112886097
74268,738473.8251703384,8.286737925861106,9.630013572212112,8.453721347781254,9.843232631126089
74269,738473.8318877149,8.367369945124956,9.630013572212112,8.49928423637759,9.843232631126089
74273,738473.9325948432,8.367369945124956,9.630013572212112,8.49928423637759,9.843232631126089
74276,738474.0453252532,8.367369945124956,9.630013572212112,8.49928423637759,9.843232631126089
74285,738474.3030378988,8.367369945124956,9.630013572212112,8.49928423637759,9.843232631126089
74305,738474.4908626754,8.438056480567854,9.257206465119008,8.608311398951512,9.591310967238561
74315,738474.5617586557,8.438056480567854,9.257206465119008,8.608311398951512,9.591310967238561
74319,738474.5678871644,8.438056480567854,9.257206465119008,8.608311398951512,9.591310967238561
74320,738474.5795516536,8.942336340536952,9.4247424911437,8.942336340536952,9.36358556536088
74324,738474.8510996533,8.942336340536952,9.4247424911437,8.942336340536952,9.36358556536088
74336,738475.346431055,8.942336340536952,9.4247424911437,8.942336340536952,9.36358556536088
74384,738476.2845579223,8.942336340536952,9.4247424911437,8.942336340536952,9.36358556536088
74386,738476.2927857949,8.942336340536952,9.4247424911437,8.942336340536952,9.36358556536088
74387,738476.293756115,7.840224602348855,9.161404532491616,8.40727495863821,9.415847479504297
74397,738476.4019346379,7.840224602348855,9.161404532491616,8.40727495863821,9.415847479504297
74410,738476.8968981397,7.043825637792548,9.394248502662071,8.40727495863821,9.593177658212271
74441,738477.9368175763,7.043825637792548,9.394248502662071,8.40727495863821,9.593177658212271
74478,738478.7194663276,7.043825637792548,9.394248502662071,8.40727495863821,9.593177658212271
74484,738478.8933964395,7.043825637792548,9.394248502662071,8.40727495863821,9.593177658212271
74496,738479.0693596861,7.9315246793523295,9.276242722565476,8.549882904291442,9.76298101928981
74497,738479.0709488505,7.9315246793523295,9.276242722565476,8.549882904291442,9.76298101928981
74498,738479.0731496903,7.9315246793523295,9.276242722565476,8.549882904291442,9.76298101928981
74499,738479.0770890875,7.9315246793523295,9.276242722565476,8.549882904291442,9.76298101928981
74502,738479.1084934784,7.9315246793523295,9.276242722565476,8.549882904291442,9.76298101928981
74503,738479.1127502478,7.9315246793523295,9.276242722565476,8.549882904291442,9.76298101928981
74514,738479.4148709413,7.9315246793523295,9.276242722565476,8.549882904291442,9.76298101928981
74515,738479.4247410032,7.9315246793523295,9.276242722565476,8.549882904291442,9.76298101928981
74518,738479.4527081832,7.829516604734251,9.254164866129418,8.537184415243772,9.760918692179443
74520,738479.4633805319,7.829516604734251,9.254164866129418,8.537184415243772,9.760918692179443
74522,738479.476946721,7.829516604734251,9.254164866129418,8.537184415243772,9.760918692179443
74536,738479.7351355437,9.441293798195408,9.200817689132743,9.083863327817442,9.407697613112152
74546,738480.005000149,9.441293798195408,9.200817689132743,9.083863327817442,9.407697613112152
74547,738480.0288852331,9.441293798195408,9.200817689132743,9.083863327817442,9.407697613112152
74599,738480.9603256751,9.441293798195408,9.200817689132743,9.083863327817442,9.407697613112152
74607,738481.2085754406,7.693746570109988,9.005895298417856,8.424872280984378,9.321946161132232
74611,738481.3173400284,7.693746570109988,9.005895298417856,8.424872280984378,9.321946161132232
74615,738481.3712407955,7.693746570109988,9.005895298417856,8.424872280984378,9.321946161132232
74617,738481.3768436146,9.103649831801233,9.685583131802519,8.823791756980384,9.325455895890832
74657,738482.64081825,9.103649831801233,9.685583131802519,8.823791756980384,9.325455895890832
74660,738482.6969685983,9.103649831801233,9.685583131802519,8.823791756980384,9.325455895890832
74670,738482.9611234678,9.441293798195408,9.078413883492102,9.086604255994276,9.420647270557874
74671,738482.9627109738,9.441293798195408,9.078413883492102,9.086604255994276,9.420647270557874
74675,738483.1337192788,9.429845539035055,9.080482756767397,9.08300091483061,9.417312982385885
74676,738483.1398521119,9.429845539035055,9.080482756767397,9.08300091483061,9.417312982385885
74683,738483.320864769,7.341283845976693,8.682645893148099,8.43669008122371,9.38667797252946
74684,738483.3210304066,8.942647363985916,8.822997536861413,8.429643638071077,9.442848589972764
74685,738483.3278995435,8.942647363985916,8.822997536861413,8.429643638071077,9.442848589972764
74691,738483.4909557728,8.525888283332929,9.260035187881725,8.800529919609028,9.613887466254006
74698,738483.6371419706,8.525888283332929,9.260035187881725,8.800529919609028,9.62673704669025
74700,738483.6598981677,8.355305544138018,9.260035187881725,8.71143079274871,9.613887466254006
74703,738483.8257436752,9.689307901333763,9.59357237848628,9.689307901333763,9.207355146685138
74706,738483.952202618,9.689307901333763,9.59357237848628,9.689307901333763,9.207355146685138
74707,738483.9986310868,9.689307901333763,9.59357237848628,9.689307901333763,9.207355146685138
74711,738484.1269306687,9.689307901333763,9.59357237848628,9.689307901333763,9.207355146685138
74713,738484.1528949564,9.689307901333763,9.59357237848628,9.689307901333763,9.207355146685138
74716,738484.2474135432,9.64776751378318,9.606738409242915,8.99151004360658,9.288786657960381
74718,738484.2653748249,9.64776751378318,9.606738409242915,8.99151004360658,9.288786657960381
74733,738484.5021934311,8.349144714264522,9.24321262737157,8.71143079274871,9.613887466254006
74734,738484.503671808,8.519932662316439,9.24321262737157,8.800529919609028,9.613887466254006
74735,738484.5076799429,8.519932662316439,9.24321262737157,8.800529919609028,9.613887466254006
74737,738484.5219190257,8.519932662316439,9.24321262737157,8.800529919609028,9.613887466254006
74739,738484.5531092698,8.519932662316439,9.24321262737157,8.800529919609028,9.613887466254006
74740,738484.5673664939,8.519932662316439,9.24321262737157,8.800529919609028,9.613887466254006
74741,738484.5794941854,8.519932662316439,9.24321262737157,8.800529919609028,9.62673704669025
74747,738484.7349564148,8.519932662316439,9.24321262737157,8.800529919609028,9.62673704669025
74753,738484.8871237506,8.519932662316439,9.24321262737157,8.800529919609028,9.62673704669025
74754,738484.8917702234,8.33094843925945,9.243090034677289,8.71143079274871,9.613887466254006
74763,738485.2766408812,8.958576642447483,9.38183818544052,9.252094285777133,9.612115274672087
74784,738486.0610262658,8.958576642447483,9.38183818544052,9.252094285777133,9.612115274672087
74785,738486.0827241073,8.958576642447483,9.38183818544052,9.252094285777133,9.612115274672087
74795,738486.4939083885,9.304313283327769,9.270122776448458,9.08492231518985,9.58927958901531
74796,738486.5062368747,8.241886842451931,8.961462025158974,8.711119267277438,9.427406520759389
74811,738487.0095986648,8.241886842451931,8.961462025158974,8.711119267277438,9.427406520759389
74825,738487.540275796,9.53065638740069,9.033932355706762,8.921008916603595,9.314758199576348
74829,738487.5730832267,9.53065638740069,9.033932355706762,8.921008916603595,9.314758199576348
74855,738487.922322449,9.53065638740069,9.033932355706762,8.921008916603595,9.314758199576348
74881,738488.2361266267,9.53065638740069,9.033932355706762,8.921008916603595,9.314758199576348
74896,738488.5149257929,9.53065638740069,9.033932355706762,8.921008916603595,9.314758199576348
74899,738488.5629294988,9.53065638740069,9.033932355706762,8.921008916603595,9.314758199576348
74901,738488.6055162903,9.53065638740069,9.033932355706762,8.921008916603595,9.314758199576348
74902,738488.8472868319,9.53065638740069,9.033932355706762,8.921008916603595,9.314758199576348
74906,738488.9146188186,9.53065638740069,9.033932355706762,8.921008916603595,9.314758199576348
74908,738488.9627924773,8.306328831050918,9.14517771025926,8.79086879556129,9.628997611364289
74909,738488.9717240363,8.242850604328536,9.14517771025926,8.79086879556129,9.628997611364289
74914,738489.1518032715,8.242850604328536,9.14517771025926,8.79086879556129,9.628997611364289
74923,738489.2077642474,8.242850604328536,9.14517771025926,8.79086879556129,9.628997611364289
74930,738489.3984473489,8.242850604328536,9.14517771025926,8.79086879556129,9.628997611364289
74939,738489.7739710192,8.242850604328536,9.14517771025926,8.79086879556129,9.628997611364289
74959,738490.3049509806,8.653446912052715,9.169461786046798,8.668649165257246,9.628997611364289
74993,738490.90830767,8.653446912052715,9.169461786046798,8.668649165257246,9.628997611364289
75015,738491.4558637459,8.653446912052715,9.169461786046798,8.668649165257246,9.628997611364289
75028,738491.719091947,8.653446912052715,9.169461786046798,8.668649165257246,9.628997611364289
75038,738491.9536116698,9.306805921995732,9.333108383407787,9.253691683611303,9.457487829323563
75040,738491.9567076392,9.306805921995732,9.333108383407787,9.253691683611303,9.457487829323563
75043,738491.9671968078,9.29274354262822,9.333108383407787,9.249608180929641,9.457487829323563
75051,738492.1484827761,9.29274354262822,9.333108383407787,9.249608180929641,9.457487829323563
75059,738492.2793162424,9.354487776319274,9.400364560093097,9.065988831907564,9.398490198560678
75072,738492.4625216179,8.815984231325569,9.410314034992306,7.830567740722692,9.778292588832995
75076,738492.5220652538,8.815984231325569,9.410314034992306,7.830567740722692,9.778292588832995
75077,738492.5232792555,8.815984231325569,9.410314034992306,7.830567740722692,9.778292588832995
75089,738492.9094516952,8.815984231325569,9.410314034992306,7.830567740722692,9.778292588832995
75093,738493.0967303665,8.815984231325569,9.410314034992306,7.830567740722692,9.778292588832995
75107,738493.406393603,8.815984231325569,9.410314034992306,7.830567740722692,9.778292588832995
75115,738493.7622938175,8.815984231325569,9.410314034992306,7.830567740722692,9.778292588832995
75118,738493.8031100105,8.815984231325569,9.410314034992306,7.830567740722692,9.778292588832995
75124,738494.062722121,8.815984231325569,9.410314034992306,7.830567740722692,9.778292588832995
75139,738494.4679644577,8.815984231325569,9.410314034992306,7.830567740722692,9.778292588832995
75157,738495.12138681,8.599874553461527,9.086254079077907,8.252848858556849,9.234290073991799
75158,738495.1267694291,8.599874553461527,9.086254079077907,8.252848858556849,9.234290073991799
75168,738495.3027714607,8.974455828595858,9.329200872839778,8.681059872566083,9.563268891679252
75197,738495.8534014893,8.974455828595858,9.329200872839778,8.681059872566083,9.563268891679252
75206,738496.0230890191,8.974455828595858,9.329200872839778,8.681059872566083,9.563268891679252
75213,738496.3481304798,8.974455828595858,9.329200872839778,8.681059872566083,9.563268891679252
75242,738496.7807770589,8.974455828595858,9.329200872839778,8.681059872566083,9.563268891679252
75248,738496.8858332044,9.480663515809734,9.209163736345541,8.947856203234286,9.633779533126456
75257,738497.2699045236,9.480663515809734,9.209163736345541,8.947856203234286,9.633779533126456
75272,738497.4618953373,9.480663515809734,9.209163736345541,8.947856203234286,9.633779533126456
75280,738497.6927017422,8.881143101258735,9.340848323555068,8.481462624127879,9.429511823968276
75284,738497.8374589678,8.881143101258735,9.340848323555068,8.481462624127879,9.429511823968276
75286,738497.9130433453,8.881143101258735,9.340848323555068,8.481462624127879,9.429511823968276
75289,738498.0845658825,8.881143101258735,9.340848323555068,8.481462624127879,9.429511823968276
75318,738498.6025083008,8.443461176593301,9.139690113836835,8.617058272115946,9.539989679107288
75323,738498.8152745925,8.443461176593301,9.139690113836835,8.617058272115946,9.539989679107288
75342,738499.3644502916,8.862801821675216,9.140395151479565,8.226795595481953,9.423252822878583
75343,738499.3650658629,8.557817066585926,9.152664008360281,7.918791783681903,9.42353509139308
75344,738499.3675040144,8.557817066585926,9.152664008360281,7.918791783681903,9.42353509139308
75358,738499.7435905735,8.557817066585926,9.152664008360281,7.918791783681903,9.42353509139308
75367,738499.9567489072,8.557817066585926,9.152664008360281,7.918791783681903,9.42353509139308
75378,738500.3514963987,9.395681085752699,8.928371991188692,9.395681085752699,9.100640027275714
75382,738500.3867342001,9.385190523805793,8.948788563951178,9.385190523805793,9.121363543202541
75392,738500.7137465208,8.774402090580171,9.292228976364447,8.51698528911957,9.602250256548043
75405,738501.0613788418,9.30078305820364,9.437517021305945,9.395384995705534,9.571991161864759
75408,738501.1752507372,9.291176414901607,9.416494738064179,9.378107575011406,9.561016813880979
75410,738501.266487553,9.291176414901607,9.416494738064179,9.378107575011406,9.561016813880979
75434,738501.7537818806,9.291176414901607,9.416494738064179,9.378107575011406,9.561016813880979
75438,738501.8938289715,8.936238778613193,9.207057060419437,8.545375186732278,9.444840167313757
75445,738501.9617197325,8.898959323343,9.135621351556605,8.47468327506023,9.549888579599948
75446,738502.0309437653,8.896412269731504,9.135621351556605,8.395436597919753,9.549888579599948
75447,738502.037606105,8.896412269731504,9.135621351556605,8.395436597919753,9.549888579599948
75508,738503.7697495483,9.426383475287691,9.327092696991427,9.643318841843348,9.011328003083944
75543,738504.7033672672,9.426383475287691,9.327092696991427,9.643318841843348,9.011328003083944
75544,738504.7037583455,9.426383475287691,9.327092696991427,9.643318841843348,9.011328003083944
75545,738504.7061231785,9.426383475287691,9.327092696991427,9.643318841843348,9.011328003083944
75546,738504.7079088456,9.426383475287691,9.327092696991427,9.643318841843348,9.011328003083944
75547,738504.7085555773,9.426383475287691,9.327092696991427,9.643318841843348,9.011328003083944
75548,738504.7301061483,9.426383475287691,9.327092696991427,9.643318841843348,9.011328003083944
75549,738504.7305988441,9.426383475287691,9.327092696991427,9.643318841843348,9.011328003083944
75555,738504.9910796852,9.426383475287691,9.327092696991427,9.643318841843348,9.011328003083944
75556,738505.0467554638,9.426383475287691,9.327092696991427,9.643318841843348,9.011328003083944
75565,738505.213123504,9.426383475287691,9.327092696991427,9.643318841843348,9.011328003083944
75593,738505.6250568985,9.426383475287691,9.327092696991427,9.643318841843348,9.011328003083944
75594,738505.6410742737,9.426383475287691,9.327092696991427,9.643318841843348,9.011328003083944
75609,738506.1639130734,9.426383475287691,9.327092696991427,9.643318841843348,9.011328003083944
75628,738506.7422978255,9.426383475287691,9.327092696991427,9.643318841843348,9.011328003083944
75633,738506.9641239903,9.426383475287691,9.327092696991427,9.643318841843348,9.011328003083944
75644,738507.1823725431,9.426383475287691,9.327092696991427,9.643318841843348,9.011328003083944
75645,738507.2100715926,9.058854746063915,9.413615798839341,8.297814541975507,9.55045685059048
75649,738507.264329082,9.011279834918215,9.419878041751163,8.51872527829713,9.556969920667218
75659,738507.3159241201,9.011279834918215,9.419878041751163,8.51872527829713,9.556969920667218
75670,738507.5260047163,9.011279834918215,9.419878041751163,8.51872527829713,9.556969920667218
75675,738507.7569849712,9.29733588532995,9.333633471334432,9.39133607751178,9.533011556147967
75679,738507.7714104827,9.298854069958965,9.362892661019647,9.303258870620708,9.567495775890247
75691,738507.8287053113,9.298854069958965,9.362892661019647,9.303258870620708,9.567495775890247
75692,738507.8316798635,9.306529606319533,9.313948274139513,9.305811033542021,9.567495775890247
75693,738507.8384630554,9.306529606319533,9.313948274139513,9.305811033542021,9.567495775890247
75695,738507.8451370113,9.724679701475319,9.501583256188704,9.724679701475319,9.822896057256202
75708,738508.2020724219,9.724679701475319,9.501583256188704,9.724679701475319,9.822896057256202
75709,738508.2174730971,9.20959327679365,9.270392239014376,9.137304181496289,9.514527815335871
75710,738508.274473335,9.20959327679365,9.270392239014376,9.137304181496289,9.514527815335871
75712,738508.3065552197,9.20959327679365,9.270392239014376,9.137304181496289,9.514527815335871
75714,738508.3273434234,9.20959327679365,9.270392239014376,9.137304181496289,9.514527815335871
75718,738508.3526437024,9.20959327679365,9.270392239014376,9.137304181496289,9.514527815335871
75722,738508.3988172186,9.20959327679365,9.270392239014376,9.137304181496289,9.514527815335871
75723,738508.3991255973,9.20959327679365,9.270392239014376,9.137304181496289,9.514527815335871
75724,738508.3996866003,9.20959327679365,9.270392239014376,9.137304181496289,9.514527815335871
75729,738508.5453137523,9.20959327679365,9.270392239014376,9.137304181496289,9.514527815335871
75731,738508.7142221082,9.344434734950381,9.280792580509006,9.402600058551522,9.322375557528275
75736,738508.7701349272,9.344434734950381,9.280792580509006,9.402600058551522,9.322375557528275
75737,738508.7721526929,9.011201962632757,9.370256192328702,8.51872527829713,9.58084903194239
75742,738508.9344229018,9.011201962632757,9.370256192328702,8.51872527829713,9.58084903194239
75745,738509.0483165366,9.011201962632757,9.370256192328702,8.51872527829713,9.58084903194239
75746,738509.0865136988,9.382142047037268,9.401613859814912,9.17742187051083,9.592136845194513
75748,738509.1727043133,9.382142047037268,9.401613859814912,9.17742187051083,9.592136845194513
75761,738509.4323368609,9.370507373951803,9.415393193212884,9.165177568663697,9.621164036790656
75767,738509.6278793114,9.356493464438076,9.295956331072803,9.336740648433624,9.415002992196577
75768,738509.6296618044,9.356493464438076,9.295956331072803,9.336740648433624,9.415002992196577
75773,738509.8495224826,9.356493464438076,9.295956331072803,9.336740648433624,9.415002992196577
75777,738510.0262306855,9.177494473619102,9.40696033888635,8.96166116516589,9.259354861927509
75787,738510.4496517642,9.356688611125385,9.295385890960299,9.336740648433624,9.345260148394008
75801,738510.976996314,9.356688611125385,9.295385890960299,9.336740648433624,9.345260148394008
75811,738511.0253042611,9.118536711512096,9.354355581689534,7.866669430244328,9.34554476349819
75832,738511.7146588679,9.118536711512096,9.354355581689534,7.866669430244328,9.34554476349819
75834,738511.769649119,9.187363145709186,9.39743628638369,8.503731653008773,9.671787551712672
75835,738511.7730549694,9.016960321652453,9.39826481785629,8.768554248228485,9.671787551712672
75836,738511.774403349,9.016960321652453,9.39826481785629,8.768554248228485,9.671787551712672
75838,738511.7773121088,8.9450221747953,9.39826481785629,8.70856149289599,9.671787551712672
75839,738511.7777319648,8.909612959063626,9.547268502670669,8.70856149289599,9.7047284167996
75840,738511.7788891445,8.556854894586715,9.39826481785629,8.768554248228485,9.671787551712672
75841,738511.7793455075,8.571142331910407,9.547268502670669,8.847731274603246,9.7047284167996
75842,738511.7796725543,8.571142331910407,9.547268502670669,8.847731274603246,9.7047284167996
75843,738511.7852244917,8.571142331910407,9.400535402081378,8.777934709245164,9.671787551712672
75844,738511.7856418453,8.571142331910407,9.400535402081378,8.777934709245164,9.671787551712672
75845,738511.7890861814,8.571142331910407,9.400535402081378,8.777934709245164,9.671787551712672
75846,738511.7897699605,8.571142331910407,9.400535402081378,8.777934709245164,9.671787551712672
75847,738511.7909033999,8.571142331910407,9.400535402081378,8.777934709245164,9.671787551712672
75848,738511.791889105,8.571142331910407,9.400535402081378,8.777934709245164,9.671787551712672
75849,738511.803373242,8.571142331910407,9.400535402081378,8.777934709245164,9.671787551712672
75850,738511.807592291,8.571142331910407,9.400535402081378,8.777934709245164,9.671787551712672
75851,738511.8089779802,8.571142331910407,9.400535402081378,8.777934709245164,9.671787551712672
75852,738511.8099593248,8.571142331910407,9.400535402081378,8.724221629442765,9.671787551712672
75853,738511.8118925444,8.571142331910407,9.400535402081378,8.777934709245164,9.671787551712672
75854,738511.8122596934,8.571142331910407,9.400535402081378,8.777934709245164,9.671787551712672
75855,738511.8139331804,8.571142331910407,9.400535402081378,8.777934709245164,9.671787551712672
75856,738511.8141725173,8.606133088863691,9.416090218960743,8.752111133573589,9.679085587379214
75857,738511.8208366185,8.706452765958513,9.465960537529217,8.825853961595055,9.69696542080758
75858,738511.8287758364,8.706452765958513,9.465960537529217,8.825853961595055,9.69696542080758
75859,738511.8292688348,8.706452765958513,9.465960537529217,8.825853961595055,9.69696542080758
75860,738511.8330696255,8.63297005263786,9.595264444964423,8.840959363023162,9.733404600045539
75861,738511.8357746036,8.63297005263786,9.595264444964423,8.840959363023162,9.733404600045539
75862,738511.8444508358,8.63297005263786,9.595264444964423,8.840959363023162,9.733404600045539
75863,738511.8627838021,8.63297005263786,9.595264444964423,8.840959363023162,9.733404600045539
75866,738511.8758680682,8.63297005263786,9.595264444964423,8.840959363023162,9.733404600045539
75868,738511.8926439623,8.706452765958513,9.372385409770096,8.884934857460122,9.69696542080758
75869,738511.8931440581,8.706452765958513,9.372385409770096,8.884934857460122,9.69696542080758
75870,738511.893882271,8.706452765958513,9.372385409770096,8.884934857460122,9.69696542080758
75871,738511.8949732243,8.706452765958513,9.372385409770096,8.884934857460122,9.69696542080758
75872,738511.8975060298,8.512263206992518,9.372385409770096,8.622023492456634,9.69696542080758
75873,738511.9013689732,8.706452765958513,9.372385409770096,8.884934857460122,9.69696542080758
75874,738511.9034843914,8.706452765958513,9.372385409770096,8.884934857460122,9.69696542080758
75876,738511.904794571,8.706452765958513,9.372385409770096,8.884934857460122,9.69696542080758
75877,738511.9052660384,8.706452765958513,9.372385409770096,8.884934857460122,9.69696542080758
75878,738511.9069603952,8.706452765958513,9.372385409770096,8.884934857460122,9.69696542080758
75879,738511.919981167,8.706452765958513,9.372385409770096,8.884934857460122,9.69696542080758
75880,738511.9204960701,8.706452765958513,9.372385409770096,8.884934857460122,9.69696542080758
75881,738511.9228438843,8.706452765958513,9.372385409770096,8.825853961595055,9.69696542080758
75882,738511.924934346,8.706452765958513,9.372385409770096,8.825853961595055,9.69696542080758
75883,738511.9254602457,8.706452765958513,9.372385409770096,8.825853961595055,9.69696542080758
75884,738511.9263745624,8.706452765958513,9.372385409770096,8.825853961595055,9.69696542080758
75885,738511.9296665278,8.706452765958513,9.372385409770096,8.825853961595055,9.69696542080758
75886,738511.9298746239,8.63297005263786,9.49158417238203,8.840959363023162,9.733404600045539
75887,738511.931110054,8.706452765958513,9.49158417238203,8.888389018695705,9.733404600045539
75888,738511.9316555072,8.706452765958513,9.49158417238203,8.888389018695705,9.733404600045539
75889,738511.9323401595,8.706452765958513,9.372385409770096,8.884934857460122,9.69696542080758
75890,738511.9345487951,8.706452765958513,9.372385409770096,8.825853961595055,9.69696542080758
75891,738511.9354332295,8.706452765958513,9.372385409770096,8.825853961595055,9.69696542080758
75892,738511.9357534965,8.706452765958513,9.372385409770096,8.825853961595055,9.69696542080758
75893,738511.9364956515,8.63297005263786,9.49158417238203,8.840959363023162,9.733404600045539
75894,738511.9372889237,8.63297005263786,9.49158417238203,8.840959363023162,9.733404600045539
75895,738511.9413377214,8.63297005263786,9.49158417238203,8.840959363023162,9.733404600045539
75896,738511.9425699196,8.706452765958513,9.372385409770096,8.825853961595055,9.69696542080758
75897,738511.9433858469,8.706452765958513,9.372385409770096,8.825853961595055,9.69696542080758
75898,738511.943906684,8.706452765958513,9.372385409770096,8.825853961595055,9.69696542080758
75900,738511.949509964,8.706452765958513,9.372385409770096,8.825853961595055,9.69696542080758
75901,738511.9501180317,8.706452765958513,9.372385409770096,8.825853961595055,9.69696542080758
75903,738511.9506415764,8.706452765958513,9.372385409770096,8.825853961595055,9.69696542080758
75904,738511.9510701778,8.63297005263786,9.49158417238203,8.840959363023162,9.733404600045539
75905,738511.9535684803,8.63297005263786,9.49158417238203,8.840959363023162,9.733404600045539
75906,738511.9551749872,8.706452765958513,9.372385409770096,8.884934857460122,9.69696542080758
75907,738511.9556674681,8.706452765958513,9.372385409770096,8.884934857460122,9.69696542080758
75908,738511.9580373244,8.706452765958513,9.372385409770096,8.884934857460122,9.69696542080758
75909,738511.9593156996,8.706452765958513,9.372385409770096,8.884934857460122,9.69696542080758
75910,738511.9621163018,8.706452765958513,9.372385409770096,8.884934857460122,9.69696542080758
75911,738511.9627089818,8.706452765958513,9.372385409770096,8.884934857460122,9.69696542080758
75912,738511.9663696318,8.706452765958513,9.372385409770096,8.884934857460122,9.69696542080758
75913,738511.9692604475,8.706452765958513,9.372385409770096,8.825853961595055,9.69696542080758
75914,738511.9709446036,8.706452765958513,9.372385409770096,8.825853961595055,9.69696542080758
75915,738511.9736115335,8.706452765958513,9.372385409770096,8.825853961595055,9.69696542080758
75916,738511.97665944,8.706452765958513,9.372385409770096,8.884934857460122,9.69696542080758
75918,738511.9889738752,8.706452765958513,9.372385409770096,8.884934857460122,9.69696542080758
75919,738511.9895324309,8.706452765958513,9.372385409770096,8.884934857460122,9.69696542080758
75920,738511.995149138,8.706452765958513,9.372385409770096,8.884934857460122,9.69696542080758
75921,738511.9957917852,8.706452765958513,9.372385409770096,8.884934857460122,9.69696542080758
75922,738511.9960560454,8.706452765958513,9.372385409770096,8.884934857460122,9.69696542080758
75923,738512.0039667422,8.706452765958513,9.372385409770096,8.884934857460122,9.69696542080758
75925,738512.019082315,8.706452765958513,9.372385409770096,8.884934857460122,9.69696542080758
75926,738512.0279085392,8.63297005263786,9.372385409770096,8.840959363023162,9.69696542080758
75927,738512.0292911425,8.63297005263786,9.372385409770096,8.840959363023162,9.69696542080758
75928,738512.0302564051,8.63297005263786,9.372385409770096,8.840959363023162,9.69696542080758
75930,738512.0320090858,8.63297005263786,9.372385409770096,8.840959363023162,9.69696542080758
75931,738512.037121831,8.63297005263786,9.372385409770096,8.840959363023162,9.69696542080758
75932,738512.0395994144,8.63297005263786,9.372385409770096,8.840959363023162,9.69696542080758
75933,738512.0446359251,8.63297005263786,9.372385409770096,8.840959363023162,9.69696542080758
75934,738512.057923831,8.63297005263786,9.372385409770096,8.840959363023162,9.69696542080758
75935,738512.0670656601,8.63297005263786,9.372385409770096,8.840959363023162,9.69696542080758
75937,738512.0830341525,8.63297005263786,9.372385409770096,8.840959363023162,9.69696542080758
75938,738512.0848263563,8.63297005263786,9.372385409770096,8.840959363023162,9.69696542080758
75939,738512.0904531851,8.63297005263786,9.372385409770096,8.840959363023162,9.69696542080758
75940,738512.1127761161,8.63297005263786,9.372385409770096,8.840959363023162,9.69696542080758
75941,738512.113352882,8.63297005263786,9.372385409770096,8.840959363023162,9.69696542080758
75942,738512.1137253289,8.63297005263786,9.49158417238203,8.840959363023162,9.733404600045539
75943,738512.1188175863,8.706452765958513,9.372385409770096,8.884934857460122,9.69696542080758
75945,738512.1284531825,8.706452765958513,9.372385409770096,8.884934857460122,9.69696542080758
75946,738512.1400796085,8.706452765958513,9.372385409770096,8.884934857460122,9.69696542080758
75948,738512.1625528357,8.706452765958513,9.372385409770096,8.884934857460122,9.69696542080758
75950,738512.1725398671,8.706452765958513,9.372385409770096,8.884934857460122,9.69696542080758
75952,738512.1986820701,8.706452765958513,9.372385409770096,8.884934857460122,9.69696542080758
75953,738512.1996378052,8.706452765958513,9.372385409770096,8.884934857460122,9.69696542080758
75954,738512.2021380397,8.706452765958513,9.372385409770096,8.884934857460122,9.69696542080758
75955,738512.2035538391,8.706452765958513,9.372385409770096,8.884934857460122,9.69696542080758
75958,738512.2058953209,8.706452765958513,9.372385409770096,8.884934857460122,9.69696542080758
75959,738512.2063981647,8.706452765958513,9.372385409770096,8.884934857460122,9.69696542080758
75961,738512.2617404467,8.706452765958513,9.372385409770096,8.884934857460122,9.69696542080758
75962,738512.2873362154,8.706452765958513,9.372385409770096,8.884934857460122,9.69696542080758
75964,738512.3122103711,8.706452765958513,9.372385409770096,8.884934857460122,9.69696542080758
75966,738512.317730307,8.706452765958513,9.372385409770096,8.884934857460122,9.69696542080758
75967,738512.3217409339,8.710946801458604,9.373478975921119,8.82927197789535,9.696994541874366
75975,738512.4045664035,8.710946801458604,9.373478975921119,8.887401381193992,9.696994541874366
75977,738512.4114885061,8.638287542976625,9.49210772300938,8.8436450052851,9.733404600045539
75978,738512.411891595,8.710946801458604,9.373478975921119,8.82927197789535,9.696994541874366
75980,738512.4340097677,8.710946801458604,9.373478975921119,8.82927197789535,9.696994541874366
75981,738512.4346275796,8.710946801458604,9.373478975921119,8.82927197789535,9.696994541874366
75982,738512.4348914396,8.710946801458604,9.373478975921119,8.82927197789535,9.696994541874366
75985,738512.4495514091,7.684863572673227,9.590128745418749,9.696977987184807,9.626095762336941
75988,738512.4543241903,7.684863572673227,9.590128745418749,9.696977987184807,9.626095762336941
75989,738512.4564403438,8.710946801458604,9.373478975921119,8.887401381193992,9.696994541874366
75991,738512.4647259644,8.710946801458604,9.373478975921119,8.82927197789535,9.696994541874366
75992,738512.4650458938,8.710946801458604,9.373478975921119,8.82927197789535,9.696994541874366
75993,738512.4691439953,8.710946801458604,9.373478975921119,8.82927197789535,9.696994541874366
75994,738512.4800937452,8.710946801458604,9.373478975921119,8.82927197789535,9.696994541874366
75995,738512.4811280303,8.710946801458604,9.373478975921119,8.82927197789535,9.696994541874366
75996,738512.482304218,8.715279596212923,9.37378986978482,8.888446336077006,9.696994541874366
75997,738512.4832021439,8.715279596212923,9.37378986978482,8.888446336077006,9.696994541874366
75999,738512.4895827868,8.718225026140287,9.377227631172419,8.832890560003845,9.697857762493813
76000,738512.5041615044,8.530524187327668,9.377227631172419,8.634705096502818,9.697857762493813
76004,738512.5612885912,8.530524187327668,9.377227631172419,8.634705096502818,9.697857762493813
76009,738512.6275284565,9.378470273603735,9.37976311017066,9.378470273603735,9.202318548573684
76012,738512.7243279214,8.718102793925466,9.377227631172419,8.89056828710325,9.697857762493813
76013,738512.7246608377,8.613424993973348,9.377227631172419,8.847252200988946,9.697857762493813
76014,738512.7260434226,8.718102793925466,9.377227631172419,8.89056828710325,9.697857762493813
76015,738512.7270220255,8.718102793925466,9.377227631172419,8.89056828710325,9.697857762493813
76016,738512.7286717665,8.718102793925466,9.377227631172419,8.832890560003845,9.697857762493813
76017,738512.7290884673,8.718102793925466,9.377227631172419,8.832890560003845,9.697857762493813
76018,738512.7306068859,8.718102793925466,9.377227631172419,8.89056828710325,9.697857762493813
76019,738512.7316240666,8.718102793925466,9.377227631172419,8.832890560003845,9.697857762493813
76020,738512.7325232241,8.718102793925466,9.377227631172419,8.832890560003845,9.697857762493813
76021,738512.7388242589,8.718102793925466,9.377227631172419,8.89056828710325,9.697857762493813
76022,738512.7391754095,8.718102793925466,9.377227631172419,8.89056828710325,9.697857762493813
76023,738512.7404834918,8.718102793925466,9.377227631172419,8.832890560003845,9.697857762493813
76024,738512.7408422981,8.718102793925466,9.377227631172419,8.832890560003845,9.697857762493813
76025,738512.7422552783,8.718102793925466,9.377227631172419,8.89056828710325,9.697857762493813
76026,738512.7439913148,8.718102793925466,9.377227631172419,8.89056828710325,9.697857762493813
76027,738512.7475050426,8.718102793925466,9.377227631172419,8.89056828710325,9.697857762493813
76028,738512.7482595698,8.718102793925466,9.377227631172419,8.89056828710325,9.697857762493813
76029,738512.7489634126,8.36017815705621,9.511655040388348,8.730135733097223,9.7433339165872
76030,738512.7489646914,8.23560723413861,9.377227631172419,8.772401272942467,9.697857762493813
76031,738512.7493386215,8.23560723413861,9.377227631172419,8.772401272942467,9.697857762493813
76034,738512.7549072459,8.811448081279565,9.377227631172419,8.892720199306495,9.697857762493813
76035,738512.7557468392,8.811448081279565,9.377227631172419,8.892720199306495,9.697857762493813
76036,738512.7584492487,8.811448081279565,9.377227631172419,8.892720199306495,9.697857762493813
76037,738512.7618442328,8.758477964553652,9.377227631172419,8.85066142991656,9.697857762493813
76038,738512.7648254441,8.758477964553652,9.377227631172419,8.85066142991656,9.697857762493813
76039,738512.7669120698,8.758477964553652,9.377227631172419,8.85066142991656,9.697857762493813
76040,738512.777426352,8.811448081279565,9.496429786948543,8.961994965067412,9.734557484806514
76041,738512.7805652337,8.811448081279565,9.496429786948543,8.961994965067412,9.734557484806514
76042,738512.7877353147,8.811448081279565,9.496429786948543,8.961994965067412,9.734557484806514
76043,738512.7883990216,8.811448081279565,9.377227631172419,8.892720199306495,9.697857762493813
76044,738512.7889817246,8.811448081279565,9.377227631172419,8.892720199306495,9.697857762493813
76045,738512.7902858008,8.811448081279565,9.377227631172419,8.892720199306495,9.697857762493813
76046,738512.794470093,8.811448081279565,9.377227631172419,8.892720199306495,9.697857762493813
76047,738512.8098316697,8.811448081279565,9.377227631172419,8.892720199306495,9.697857762493813
76048,738512.8128689923,8.811448081279565,9.377227631172419,8.892720199306495,9.697857762493813
76049,738512.8193167181,8.811448081279565,9.377227631172419,8.892720199306495,9.697857762493813
76050,738512.827316301,8.811448081279565,9.377227631172419,8.892720199306495,9.697857762493813
76051,738512.8277674437,8.811448081279565,9.377227631172419,8.892720199306495,9.697857762493813
76054,738512.8315526076,8.811448081279565,9.377227631172419,8.892720199306495,9.697857762493813
76056,738512.8327669977,8.811448081279565,9.377227631172419,8.892720199306495,9.697857762493813
76057,738512.834263199,8.758477964553652,9.377227631172419,8.85066142991656,9.697857762493813
76059,738512.8553387009,8.811448081279565,9.377227631172419,8.892720199306495,9.697857762493813
76060,738512.855872797,8.758477964553652,9.377227631172419,8.85066142991656,9.697857762493813
76061,738512.8569620748,8.758477964553652,9.377227631172419,8.85066142991656,9.697857762493813
76062,738512.895078528,8.758477964553652,9.377227631172419,8.85066142991656,9.697857762493813
76064,738512.899462784,8.758477964553652,9.496429786948543,8.85066142991656,9.734557484806514
76065,738512.9074753072,8.811448081279565,9.377227631172419,8.892720199306495,9.697857762493813
76066,738512.9079853503,8.811448081279565,9.377227631172419,8.892720199306495,9.697857762493813
76067,738512.9249506039,8.811448081279565,9.377227631172419,8.892720199306495,9.697857762493813
76070,738512.9325996359,8.811448081279565,9.377227631172419,8.892720199306495,9.697857762493813
76071,738512.9616213079,8.811448081279565,9.377227631172419,8.892720199306495,9.697857762493813
76072,738512.968342942,8.811448081279565,9.377227631172419,8.892720199306495,9.697857762493813
76074,738512.9756548519,8.811448081279565,9.377227631172419,8.892720199306495,9.697857762493813
76075,738512.9833272643,8.811448081279565,9.377227631172419,8.892720199306495,9.697857762493813
76076,738512.9912600997,8.811448081279565,9.377227631172419,8.892720199306495,9.697857762493813
76078,738513.0275166194,8.811448081279565,9.377227631172419,8.892720199306495,9.697857762493813
76079,738513.0594384425,8.811448081279565,9.377227631172419,8.892720199306495,9.697857762493813
76080,738513.0700435226,8.811448081279565,9.377227631172419,8.892720199306495,9.697857762493813
76081,738513.0708468551,8.623782528520355,9.377227631172419,8.648178297524849,9.697857762493813
76082,738513.0802118479,8.811448081279565,9.377227631172419,8.835152589870283,9.697857762493813
76083,738513.0818965253,8.623782528520355,9.377227631172419,8.648178297524849,9.697857762493813
76084,738513.0830600425,8.623782528520355,9.377227631172419,8.648178297524849,9.697857762493813
76085,738513.0836627235,8.623782528520355,9.377227631172419,8.648178297524849,9.697857762493813
76086,738513.0838248103,8.623782528520355,9.377227631172419,8.648178297524849,9.697857762493813
76087,738513.0842524475,8.811448081279565,9.377227631172419,8.835152589870283,9.697857762493813
76088,738513.0844308027,8.811448081279565,9.377227631172419,8.835152589870283,9.697857762493813
76089,738513.0848719651,8.811448081279565,9.377227631172419,8.835152589870283,9.697857762493813
76090,738513.086577784,8.811448081279565,9.377227631172419,8.835152589870283,9.697857762493813
76091,738513.0869704847,8.811448081279565,9.377227631172419,8.835152589870283,9.697857762493813
76093,738513.0939667971,8.811448081279565,9.377227631172419,8.835152589870283,9.697857762493813
76094,738513.099897764,8.811448081279565,9.377227631172419,8.835152589870283,9.697857762493813
76095,738513.1086061527,8.623782528520355,9.377227631172419,8.727305530789526,9.697857762493813
76098,738513.1225520852,8.623782528520355,9.377227631172419,8.727305530789526,9.697857762493813
76099,738513.1567769755,8.811448081279565,9.377227631172419,8.892720199306495,9.686345152324714
76100,738513.1575182326,8.811448081279565,9.377227631172419,8.892720199306495,9.686345152324714
76101,738513.1701372617,8.811448081279565,9.377227631172419,8.892720199306495,9.686345152324714
76102,738513.1703322744,8.811448081279565,9.377227631172419,8.892720199306495,9.686345152324714
76103,738513.1768139625,8.811448081279565,9.377227631172419,8.892720199306495,9.686345152324714
76104,738513.1808140641,8.811448081279565,9.377227631172419,8.892720199306495,9.686345152324714
76105,738513.2022598961,8.811448081279565,9.377227631172419,8.892720199306495,9.686345152324714
76109,738513.2766534536,8.811448081279565,9.496429786948543,8.961994965067412,9.727760015833727
76114,738513.3700601022,7.575558822130913,9.442329099433934,9.664919848506948,9.360356551549044
76123,738513.5075381153,7.575558822130913,9.442329099433934,9.664919848506948,9.360356551549044
76124,738513.5082667829,7.575558822130913,9.442329099433934,9.664919848506948,9.360356551549044
76125,738513.5147811999,8.51721263459614,9.496429786948543,8.654308415075937,9.651242830970203
76127,738513.5608837116,8.51721263459614,9.496429786948543,8.654308415075937,9.651242830970203
76129,738513.6075787408,8.51721263459614,9.496429786948543,8.654308415075937,9.651242830970203
76130,738513.6113382212,8.51721263459614,9.496429786948543,8.654308415075937,9.651242830970203
76131,738513.6210278232,8.51721263459614,9.496429786948543,8.654308415075937,9.651242830970203
76133,738513.6445287605,8.51721263459614,9.496429786948543,8.654308415075937,9.651242830970203
76134,738513.6503265183,8.800458845790647,9.377227631172419,8.892720199306495,9.618000631686467
76143,738513.7136174238,8.800458845790647,9.377227631172419,8.892720199306495,9.618000631686467
76146,738513.7625154437,8.800458845790647,9.377227631172419,8.892720199306495,9.618000631686467
76147,738513.766991729,8.800458845790647,9.377227631172419,8.892720199306495,9.618000631686467
76150,738513.7954440158,8.800458845790647,9.377227631172419,8.835152589870283,9.618000631686467
76151,738513.8232262955,8.800458845790647,9.377227631172419,8.835152589870283,9.618000631686467
76155,738513.837290501,8.800458845790647,9.377227631172419,8.835152589870283,9.618000631686467
76157,738513.8607834852,8.800458845790647,9.377227631172419,8.835152589870283,9.618000631686467
76158,738513.8676303778,8.800458845790647,9.377227631172419,8.835152589870283,9.618000631686467
76159,738513.8696482385,8.800458845790647,9.377227631172419,8.835152589870283,9.618000631686467
76160,738513.876143479,8.800458845790647,9.377227631172419,8.835152589870283,9.618000631686467
76162,738513.885887368,8.800458845790647,9.377227631172419,8.835152589870283,9.618000631686467
76165,738513.9148682484,8.800458845790647,9.377227631172419,8.835152589870283,9.618000631686467
76167,738513.9412480962,8.800458845790647,9.377227631172419,8.835152589870283,9.618000631686467
76168,738513.973542678,8.800458845790647,9.377227631172419,8.835152589870283,9.618000631686467
76169,738513.9893871509,8.800458845790647,9.377227631172419,8.835152589870283,9.618000631686467
76170,738514.0195062524,8.800458845790647,9.377227631172419,8.835152589870283,9.618000631686467
76171,738514.0256030484,8.800458845790647,9.377227631172419,8.835152589870283,9.618000631686467
76172,738514.0277752558,8.800458845790647,9.496429786948543,8.892720199306495,9.651242830970203
76173,738514.0301463595,8.800458845790647,9.496429786948543,8.892720199306495,9.651242830970203
76175,738514.0987707357,8.800458845790647,9.496429786948543,8.892720199306495,9.651242830970203
76176,738514.1114727476,8.800458845790647,9.496429786948543,8.892720199306495,9.651242830970203
76177,738514.1346086509,8.800458845790647,9.496429786948543,8.892720199306495,9.651242830970203
76178,738514.135163945,8.800458845790647,9.496429786948543,8.892720199306495,9.651242830970203
76180,738514.2083371609,8.800458845790647,9.496429786948543,8.892720199306495,9.651242830970203
76182,738514.252591117,8.800458845790647,9.496429786948543,8.892720199306495,9.651242830970203
76185,738514.3605472413,8.800458845790647,9.496429786948543,8.892720199306495,9.651242830970203
76186,738514.3716312305,8.800458845790647,9.377227631172419,8.835152589870283,9.618000631686467
76188,738514.4035433608,8.800458845790647,9.377227631172419,8.835152589870283,9.618000631686467
76190,738514.4416300153,8.800458845790647,9.377227631172419,8.835152589870283,9.618000631686467
76194,738514.4644196313,8.800458845790647,9.377227631172419,8.835152589870283,9.618000631686467
76196,738514.498421329,8.800458845790647,9.377227631172419,8.835152589870283,9.618000631686467
76199,738514.5472717216,8.800458845790647,9.377227631172419,8.835152589870283,9.618000631686467
76206,738514.6325594931,8.800458845790647,9.377227631172419,8.835152589870283,9.618000631686467
76210,738514.6895965823,8.800458845790647,9.377227631172419,8.835152589870283,9.618000631686467
76216,738514.7772124851,8.800458845790647,9.377227631172419,8.835152589870283,9.618000631686467
76217,738514.893577605,8.800458845790647,9.377227631172419,8.82662994812196,9.618000631686467
76220,738514.9706927593,8.800458845790647,9.377227631172419,8.82662994812196,9.618000631686467
76221,738514.9763514451,8.800458845790647,9.377227631172419,8.82662994812196,9.618000631686467
76223,738514.9879900952,8.800458845790647,9.377227631172419,8.82662994812196,9.618000631686467
76224,738515.0456962953,8.800458845790647,9.377227631172419,8.82662994812196,9.618000631686467
76227,738515.1063496348,8.800458845790647,9.377227631172419,8.82662994812196,9.618000631686467
76230,738515.1501117942,8.800458845790647,9.377227631172419,8.82662994812196,9.618000631686467
76231,738515.1717552025,8.800458845790647,9.377227631172419,8.885264735423064,9.618000631686467
76233,738515.2044970413,8.800458845790647,9.377227631172419,8.885264735423064,9.618000631686467
76234,738515.2241803237,9.854255206059767,8.778364365691706,9.854255206059767,8.882730811004654
76235,738515.224640775,9.859388280872576,8.78271974165934,9.859388280872576,8.886857207584722
76236,738515.2250086807,9.86173376697209,8.794271282435252,9.86173376697209,8.898261026289626
76237,738515.2255140278,9.861736789498318,9.207354065559711,9.861736789498318,9.26031400738633
76240,738515.3304764157,8.329847123220407,9.462075318478485,8.398413223748799,9.693122386116926
76246,738515.3968274528,8.329847123220407,9.462075318478485,8.398413223748799,9.693122386116926
76248,738515.4882604054,8.329847123220407,9.462075318478485,8.398413223748799,9.693122386116926
76256,738515.6696146346,8.329847123220407,9.335386165134375,8.888562357509432,9.693122386116926
76257,738515.6698755269,8.329847123220407,9.335386165134375,8.888562357509432,9.693122386116926
76258,738515.6749732005,8.329847123220407,9.335386165134375,8.888562357509432,9.693122386116926
76261,738515.740011086,8.329847123220407,9.335386165134375,8.888562357509432,9.693122386116926
76264,738515.8419680482,8.329847123220407,9.335386165134375,8.888562357509432,9.693122386116926
76265,738515.8458471575,8.403249184518472,9.250601248363326,8.568779775294699,9.467790394005329
76266,738515.8463318489,8.403249184518472,9.250601248363326,8.568779775294699,9.467790394005329
76267,738515.9134401501,8.403249184518472,9.250601248363326,8.568779775294699,9.467790394005329
76272,738515.9925953547,8.614995917393356,9.360420140670914,8.920712479489616,9.693413811396924
76273,738516.0414612319,8.614995917393356,9.360420140670914,8.920712479489616,9.693413811396924
76275,738516.0966032392,8.614995917393356,9.360420140670914,8.920712479489616,9.693413811396924
76276,738516.1209195962,8.614995917393356,9.360420140670914,8.920712479489616,9.693413811396924
76278,738516.1641546099,8.614995917393356,9.360420140670914,8.920712479489616,9.693413811396924
76279,738516.164997856,8.614995917393356,9.360420140670914,8.920712479489616,9.693413811396924
76298,738516.5545181197,8.614995917393356,9.360420140670914,8.920712479489616,9.693413811396924
76301,738516.5746005989,8.614995917393356,9.360420140670914,8.920712479489616,9.693413811396924
76302,738516.5782158512,8.614995917393356,9.360420140670914,8.920712479489616,9.693413811396924
76303,738516.5783769684,8.614995917393356,9.360420140670914,8.920712479489616,9.693413811396924
76309,738516.6982929584,8.614995917393356,9.360420140670914,8.920712479489616,9.693413811396924
76312,738516.756640496,8.614995917393356,9.564791180377036,8.920712479489616,9.691825692473888
76313,738516.7604898841,8.520074034689618,9.564791180377036,8.882589413531631,9.691825692473888
76314,738516.7618404451,8.614995917393356,9.564791180377036,8.963140672639804,9.691825692473888
76315,738516.7622938458,8.072552682919001,9.360420140670914,8.503135192834234,9.651381197717987
76316,738516.7656132068,8.072552682919001,9.360420140670914,8.503135192834234,9.651381197717987
76317,738516.7659002513,8.616250161022423,9.360420140670914,8.873070179565794,9.651381197717987
76318,738516.7666335894,8.616250161022423,9.360420140670914,8.873070179565794,9.651381197717987
76319,738516.7692560409,8.616250161022423,9.360420140670914,8.873070179565794,9.651381197717987
76320,738516.7725688656,8.521634128732822,9.564791180377036,8.882589413531631,9.691825692473888
76321,738516.7747885032,8.521634128732822,9.564791180377036,8.882589413531631,9.691825692473888
76323,738516.7843694352,8.521634128732822,9.564791180377036,8.882589413531631,9.691825692473888
76324,738516.7849771448,8.616250161022423,9.360420140670914,8.920712479489616,9.651381197717987
76325,738516.7961113135,8.616250161022423,9.360420140670914,8.920712479489616,9.651381197717987
76327,738516.8099919645,8.616250161022423,9.360420140670914,8.920712479489616,9.651381197717987
76329,738516.826375004,8.616250161022423,9.360420140670914,8.920712479489616,9.651381197717987
76330,738516.8296732474,8.072552682919001,9.564791180377036,8.84736675766648,9.691825692473888
76331,738516.8298616641,8.521634128732822,9.564791180377036,8.882589413531631,9.691825692473888
76332,738516.8302862009,8.521634128732822,9.564791180377036,8.882589413531631,9.691825692473888
76333,738516.8306278078,8.521634128732822,9.564791180377036,8.882589413531631,9.691825692473888
76334,738516.8316437353,8.521634128732822,9.564791180377036,8.882589413531631,9.691825692473888
76335,738516.8351915551,8.616250161022423,9.360420140670914,8.873070179565794,9.651381197717987
76336,738516.8599485139,8.616250161022423,9.360420140670914,8.873070179565794,9.651381197717987
76338,738516.8867641337,8.616250161022423,9.360420140670914,8.873070179565794,9.651381197717987
76342,738517.0369219888,8.616250161022423,9.360420140670914,8.873070179565794,9.651381197717987
76344,738517.1399064728,8.616250161022423,9.360420140670914,8.873070179565794,9.651381197717987
76345,738517.1546812813,8.602983076422742,9.360420140670914,8.920712479489616,9.651381197717987
76350,738517.2956519146,8.602983076422742,9.360420140670914,8.920712479489616,9.651381197717987
76352,738517.339322601,7.982001070793123,9.564791180377036,8.705618901583156,9.691825692473888
76355,738517.3560887777,8.606004211216412,9.360420140670914,8.924146231679375,9.651381197717987
76361,738517.386683136,8.606004211216412,9.360420140670914,8.924146231679375,9.651381197717987
76364,738517.416778629,8.606004211216412,9.360420140670914,8.924146231679375,9.651381197717987
76376,738517.6308481876,8.606004211216412,9.360420140670914,8.924146231679375,9.651381197717987
76379,738517.6909851949,8.117169059239002,9.360420140670914,8.888562357509432,9.64089667967174
76380,738517.7323619839,8.117169059239002,9.360420140670914,8.888562357509432,9.64089667967174
76382,738517.7867629181,8.117169059239002,9.360420140670914,8.888562357509432,9.64089667967174
76385,738517.7977385195,8.606004211216412,9.360420140670914,8.706152888048337,9.64089667967174
76386,738517.8070938935,8.606004211216412,9.360420140670914,8.706152888048337,9.64089667967174
76390,738517.8901899143,8.606004211216412,9.360420140670914,8.706152888048337,9.64089667967174
76391,738517.893106882,8.606004211216412,9.360420140670914,8.706152888048337,9.64089667967174
76393,738517.9060581408,8.033588392355737,9.360420140670914,8.503135192834234,9.64089667967174
76394,738517.9072223684,8.033588392355737,9.360420140670914,8.503135192834234,9.64089667967174
76396,738518.0082655858,8.033588392355737,9.360420140670914,8.503135192834234,9.64089667967174
76398,738518.0221034045,8.033588392355737,9.360420140670914,8.503135192834234,9.64089667967174
76399,738518.0359759857,8.033588392355737,9.360420140670914,8.503135192834234,9.64089667967174
76400,738518.0406230745,8.606529622521798,9.360420140670914,8.924146231679375,9.64089667967174
76402,738518.0860337957,8.606529622521798,9.360420140670914,8.924146231679375,9.64089667967174
76404,738518.1132539163,8.606529622521798,9.360420140670914,8.924146231679375,9.64089667967174
76407,738518.1572609696,8.606529622521798,9.360420140670914,8.924146231679375,9.64089667967174
76411,738518.1796793443,8.606529622521798,9.360420140670914,8.924146231679375,9.64089667967174
76412,738518.1840407891,8.606529622521798,9.360420140670914,8.924146231679375,9.64089667967174
76413,738518.2003490913,8.606529622521798,9.360420140670914,8.924146231679375,9.64089667967174
76414,738518.2110005682,8.606529622521798,9.360420140670914,8.924146231679375,9.64089667967174
76416,738518.2312258801,8.118786351098564,9.360420140670914,8.433900609966035,9.64089667967174
76417,738518.2467742366,8.118786351098564,9.360420140670914,8.433900609966035,9.64089667967174
76418,738518.2539561939,8.118786351098564,9.360420140670914,8.433900609966035,9.64089667967174
76421,738518.3266026635,8.118786351098564,9.360420140670914,8.433900609966035,9.64089667967174
76422,738518.3312200205,8.118786351098564,9.360420140670914,8.433900609966035,9.64089667967174
76423,738518.3332539842,9.408480628769304,9.46168293841845,9.182575740026294,9.621742277459635
76424,738518.3459618153,8.509514172876834,9.571651209510637,8.882589413531631,9.68414247838665
76434,738518.4489333403,8.606529622521798,9.521892399866811,8.873070179565794,9.663348033509507
76436,738518.4675078938,8.606529622521798,9.521892399866811,8.873070179565794,9.663348033509507
76437,738518.468170696,8.118786351098564,9.521892399866811,8.888562357509432,9.663348033509507
76438,738518.4728546976,8.118786351098564,9.521892399866811,8.888562357509432,9.663348033509507
76439,738518.4863936536,8.118786351098564,9.521892399866811,8.888562357509432,9.663348033509507
76440,738518.4890119506,8.118786351098564,9.521892399866811,8.888562357509432,9.663348033509507
76441,738518.4992919335,8.118786351098564,9.521892399866811,8.888562357509432,9.663348033509507
76447,738518.595812847,8.118786351098564,9.521892399866811,8.888562357509432,9.663348033509507
76449,738518.6644175958,8.118786351098564,9.521892399866811,8.888562357509432,9.663348033509507
76453,738518.6914487819,8.118786351098564,9.521892399866811,8.888562357509432,9.663348033509507
76460,738518.7771068496,8.118786351098564,9.128107883448846,8.830055140531536,9.663348033509507
76462,738518.7956646495,8.118786351098564,9.128107883448846,8.830055140531536,9.663348033509507
76468,738518.9496269376,8.001699531448686,9.198380751103457,8.705618901583156,9.68414247838665
76469,738518.9669926831,8.001699531448686,9.198380751103457,8.705618901583156,9.68414247838665
76473,738519.096827487,8.001699531448686,9.198380751103457,8.705618901583156,9.68414247838665
76474,738519.1347319374,8.001699531448686,9.198380751103457,8.705618901583156,9.68414247838665
76476,738519.2331747595,8.042886408284385,9.128107883448846,8.497740190401638,9.663348033509507
76477,738519.3032896857,8.05967374302543,9.131504795391711,8.497740190401638,9.663348033509507
76487,738519.4056206753,8.05967374302543,9.131504795391711,8.497740190401638,9.663348033509507
76496,738519.5738047194,8.05967374302543,9.131504795391711,8.497740190401638,9.663348033509507
76500,738519.6582884185,9.643349721813491,9.464323253044563,9.308370775051776,9.62205035795829
76501,738519.658707728,9.643349721813491,9.464323253044563,9.308370775051776,9.62205035795829
76503,738519.7213622957,9.643349721813491,9.464323253044563,9.308370775051776,9.62205035795829
76506,738519.8248014539,8.14107278849613,9.225276787777664,8.425328038752715,9.679564817223994
76507,738519.8376059062,8.14107278849613,9.225276787777664,8.425328038752715,9.679564817223994
76509,738519.8783891986,8.14107278849613,9.225276787777664,8.425328038752715,9.679564817223994
76511,738519.9003017226,8.14107278849613,9.225276787777664,8.425328038752715,9.679564817223994
76516,738520.0474902483,9.667162686576738,9.464323253044563,9.31694561946529,9.62205035795829
76532,738520.4647841046,9.667162686576738,9.464323253044563,9.31694561946529,9.62205035795829
76537,738520.6146626766,8.983269095252032,9.387687496054976,9.187506664067339,9.63493871458999
76538,738520.6156247995,8.983269095252032,9.387687496054976,9.187506664067339,9.63493871458999
76541,738520.6209780858,9.066476278134312,9.459153523686863,9.257213694687126,9.696069611324518
76544,738520.8112833627,9.066476278134312,9.459153523686863,9.257213694687126,9.696069611324518
76545,738520.8203349878,9.066476278134312,9.459153523686863,9.257213694687126,9.696069611324518
76548,738520.8239645659,9.066476278134312,9.459153523686863,9.257213694687126,9.696069611324518
76551,738520.9394469645,9.066476278134312,9.459153523686863,9.257213694687126,9.696069611324518
76552,738520.9681967369,8.837302970726789,9.527699710173268,9.156464648772754,9.722458278145199
76553,738521.0086667677,8.410116510830465,9.490225861280253,8.639094819051529,9.82478687726615
76557,738521.1948440942,8.410116510830465,9.490225861280253,8.639094819051529,9.82478687726615
76558,738521.2683082403,8.410116510830465,9.490225861280253,8.639094819051529,9.82478687726615
76567,738521.4900972487,8.410116510830465,9.490225861280253,8.639094819051529,9.82478687726615
76570,738521.586660691,8.410116510830465,9.490225861280253,8.639094819051529,9.82478687726615
76571,738521.6127560615,8.410116510830465,9.490225861280253,8.639094819051529,9.82478687726615
76572,738521.6358801443,8.410116510830465,9.490225861280253,8.639094819051529,9.82478687726615
76573,738521.6489085859,8.878679401873265,9.490225861280253,9.16318084194127,9.82478687726615
76574,738521.6546634242,8.878679401873265,9.490225861280253,9.16318084194127,9.82478687726615
76575,738521.6791271826,8.478538679233294,9.427995604923888,8.68076972269402,9.803179378179566
76583,738521.8328955137,8.781034850332397,9.628744195793974,9.397858541778687,9.86539849680469
76584,738521.8765659446,8.781034850332397,9.628744195793974,9.397858541778687,9.86539849680469
76586,738521.9439237289,8.781034850332397,9.628744195793974,9.397858541778687,9.86539849680469
76587,738522.0775909226,8.9383599936998,9.568592774227936,9.26033241939517,9.839245082232194
76589,738522.0974579178,8.9383599936998,9.568592774227936,9.26033241939517,9.839245082232194
76590,738522.1034600021,8.9383599936998,9.568592774227936,9.26033241939517,9.839245082232194
76602,738522.3893407225,8.9383599936998,9.568592774227936,9.26033241939517,9.839245082232194
76611,738522.578304461,8.9383599936998,9.568592774227936,9.26033241939517,9.839245082232194
76617,738522.7916645209,8.9383599936998,9.568592774227936,9.254504116589521,9.839245082232194
76620,738522.8414110458,9.822792593896528,9.782091547793085,9.46057037762448,9.869080758213592
76625,738522.9852313437,9.250054547608602,8.987384707542383,9.572768095058295,9.343571982745203
76627,738523.1168254543,9.514960871204137,9.29124727196546,9.514960871204137,9.513185045166992
76645,738523.7177432484,9.514960871204137,9.29124727196546,9.514960871204137,9.513185045166992
76655,738524.0692235501,9.514960871204137,9.29124727196546,9.514960871204137,9.513185045166992
76659,738524.2208592952,8.878679401873265,9.700384433115435,9.111671785887282,9.928598525183453
76668,738524.4109401429,8.577680529362697,9.301756015930883,9.51107919023821,9.710636842598603
76682,738524.85117142,8.577680529362697,9.301756015930883,9.51107919023821,9.710636842598603
76683,738524.8827737154,8.577680529362697,9.301756015930883,9.51107919023821,9.710636842598603
76690,738525.2152292527,8.577680529362697,9.301756015930883,9.51107919023821,9.710636842598603
76691,738525.2829499674,8.577680529362697,9.301756015930883,9.51107919023821,9.710636842598603
76692,738525.295319023,8.577680529362697,9.301756015930883,9.51107919023821,9.710636842598603
76693,738525.2976377691,8.577680529362697,9.301756015930883,9.51107919023821,9.710636842598603
76694,738525.2995279252,8.577680529362697,9.301756015930883,9.51107919023821,9.710636842598603
76695,738525.3024702423,8.577680529362697,9.301756015930883,9.51107919023821,9.710636842598603
76696,738525.3049609744,8.577680529362697,9.301756015930883,9.51107919023821,9.710636842598603
76697,738525.3149376644,8.577680529362697,9.301756015930883,9.51107919023821,9.710636842598603
76698,738525.3174444074,8.410116510830465,9.692150431166885,9.059833834699397,9.928598525183453
76699,738525.3187306301,8.410116510830465,9.692150431166885,9.059833834699397,9.928598525183453
76700,738525.3201846844,8.825848774586712,9.692150431166885,9.111671785887282,9.928598525183453
76701,738525.3216223256,8.9383599936998,9.692150431166885,9.230800612960786,9.928598525183453
76702,738525.3223628282,8.825848774586712,9.692150431166885,9.111671785887282,9.928598525183453
76703,738525.3243530253,8.825848774586712,9.692150431166885,9.111671785887282,9.928598525183453
76704,738525.3321402185,8.825848774586712,9.692150431166885,9.111671785887282,9.928598525183453
76705,738525.3349813543,8.9383599936998,9.692150431166885,9.230800612960786,9.928598525183453
76706,738525.3398164562,8.9383599936998,9.692150431166885,9.230800612960786,9.928598525183453
76707,738525.3403513118,8.9383599936998,9.692150431166885,9.230800612960786,9.928598525183453
76708,738525.3423379875,8.9383599936998,9.692150431166885,9.230800612960786,9.928598525183453
76710,738525.3449881276,8.9383599936998,9.692150431166885,9.230800612960786,9.928598525183453
76711,738525.3482630842,8.9383599936998,9.692150431166885,9.230800612960786,9.928598525183453
76714,738525.3567815302,8.9383599936998,9.692150431166885,9.230800612960786,9.928598525183453
76716,738525.3648950601,8.9383599936998,9.692150431166885,9.230800612960786,9.928598525183453
76717,738525.3655580562,8.9383599936998,9.692150431166885,9.230800612960786,9.928598525183453
76718,738525.3684373823,8.825848774586712,9.692150431166885,9.111671785887282,9.928598525183453
76719,738525.3766356701,8.825848774586712,9.692150431166885,9.111671785887282,9.928598525183453
76724,738525.3961582184,8.825848774586712,9.692150431166885,9.111671785887282,9.928598525183453
76725,738525.3989804686,8.825848774586712,9.692150431166885,9.111671785887282,9.928598525183453
76726,738525.4006353172,8.825848774586712,9.692150431166885,9.111671785887282,9.928598525183453
76727,738525.400837109,8.825848774586712,9.692150431166885,9.111671785887282,9.928598525183453
76729,738525.4188275207,8.825848774586712,9.692150431166885,9.111671785887282,9.928598525183453
76730,738525.4190528608,8.825848774586712,9.692150431166885,9.111671785887282,9.928598525183453
76731,738525.4287138158,8.825848774586712,9.692150431166885,9.111671785887282,9.928598525183453
76732,738525.4320363185,8.825848774586712,9.692150431166885,9.111671785887282,9.928598525183453
76733,738525.4338690452,8.825848774586712,9.692150431166885,9.111671785887282,9.928598525183453
76736,738525.4511692504,8.825848774586712,9.692150431166885,9.084304738103747,9.94090860986727
76737,738525.4698348807,8.825848774586712,9.692150431166885,9.084304738103747,9.94090860986727
76738,738525.4840769318,8.825848774586712,9.692150431166885,9.084304738103747,9.94090860986727
76740,738525.5112609599,8.825848774586712,9.692150431166885,9.084304738103747,9.94090860986727
76741,738525.529723072,8.9383599936998,9.692150431166885,9.230800612960786,9.94090860986727
76742,738525.5323612888,8.9383599936998,9.692150431166885,9.230800612960786,9.94090860986727
76743,738525.5325472567,8.9383599936998,9.692150431166885,9.210157843838779,9.94090860986727
76744,738525.5347486744,8.9383599936998,9.692150431166885,9.210157843838779,9.94090860986727
76745,738525.5352614669,8.9383599936998,9.692150431166885,9.210157843838779,9.94090860986727
76746,738525.5381831055,8.9383599936998,9.692150431166885,9.210157843838779,9.94090860986727
76747,738525.5429352104,8.9383599936998,9.692150431166885,9.210157843838779,9.94090860986727
76748,738525.5460861691,8.9383599936998,9.692150431166885,9.210157843838779,9.94090860986727
76752,738525.5571791999,8.9383599936998,9.692150431166885,9.210157843838779,9.94090860986727
76755,738525.5754026662,8.825848774586712,9.692150431166885,9.111671785887282,9.928598525183453
76756,738525.5778218536,8.825848774586712,9.692150431166885,9.111671785887282,9.928598525183453
76757,738525.5788949304,8.825848774586712,9.692150431166885,9.111671785887282,9.928598525183453
76758,738525.5811789939,8.825848774586712,9.692150431166885,9.111671785887282,9.928598525183453
76759,738525.5814097569,8.825848774586712,9.692150431166885,9.111671785887282,9.928598525183453
76760,738525.5824910703,8.825848774586712,9.692150431166885,9.111671785887282,9.928598525183453
76761,738525.5864613814,8.825848774586712,9.692150431166885,9.111671785887282,9.928598525183453
76763,738525.592756249,8.825848774586712,9.692150431166885,9.111671785887282,9.928598525183453
76764,738525.5971454162,8.9383599936998,9.692150431166885,9.230800612960786,9.94090860986727
76766,738525.6038773416,8.9383599936998,9.692150431166885,9.230800612960786,9.94090860986727
76771,738525.6618887311,8.825848774586712,9.692150431166885,9.111671785887282,9.928598525183453
76775,738525.9076154499,8.825848774586712,9.692150431166885,9.111671785887282,9.928598525183453
76781,738526.056280124,8.424602593161817,9.692150431166885,9.111671785887282,9.928598525183453
76782,738526.0569375126,8.424602593161817,9.692150431166885,9.111671785887282,9.928598525183453
76785,738526.0841714961,8.424602593161817,9.692150431166885,9.111671785887282,9.928598525183453
76787,738526.1233767903,8.518546957591706,9.692150431166885,9.230800612960786,9.928598525183453
76789,738526.2009099781,8.518546957591706,9.692150431166885,9.210157843838779,9.94090860986727
76791,738526.2403569691,8.518546957591706,9.692150431166885,9.210157843838779,9.94090860986727
76792,738526.2491487989,8.518546957591706,9.692150431166885,9.210157843838779,9.94090860986727
76805,738526.5578888289,8.424602593161817,9.692150431166885,9.111671785887282,9.928598525183453
76811,738526.711802015,8.186623719866187,9.57696731620873,9.573286644448604,9.604230343099248
76812,738526.7822258163,8.186623719866187,9.57696731620873,9.573286644448604,9.604230343099248
76816,738526.9456319496,8.186623719866187,9.57696731620873,9.573286644448604,9.604230343099248
76824,738527.116957516,8.186623719866187,9.57696731620873,9.573286644448604,9.604230343099248
76826,738527.134602311,8.423421844201153,9.692150431166885,9.111671785887282,9.85915170703553
76827,738527.158000991,8.423421844201153,9.692150431166885,9.111671785887282,9.85915170703553
76828,738527.1824769992,8.423421844201153,9.692150431166885,9.111671785887282,9.85915170703553
76829,738527.1974706161,8.423421844201153,9.692150431166885,9.111671785887282,9.85915170703553
76830,738527.2029600483,8.517596137631662,9.692150431166885,9.230800612960786,9.85915170703553
76831,738527.2217037558,8.423421844201153,9.692150431166885,9.111671785887282,9.85915170703553
76832,738527.33596688,8.423421844201153,9.692150431166885,9.111671785887282,9.85915170703553
76837,738527.4609752445,8.423421844201153,9.692150431166885,9.111671785887282,9.85915170703553
76839,738527.4652321872,8.517596137631662,9.692150431166885,9.230800612960786,9.85915170703553
76840,738527.4671916468,8.517596137631662,9.692150431166885,9.230800612960786,9.85915170703553
76846,738527.6040318186,8.517596137631662,9.692150431166885,9.230800612960786,9.85915170703553
76849,738527.7673568117,8.517596137631662,9.692150431166885,9.230800612960786,9.85915170703553
76855,738527.8779810565,8.517596137631662,9.692150431166885,9.230800612960786,9.85915170703553
76891,738528.8835288999,8.517596137631662,9.692150431166885,9.230800612960786,9.85915170703553
76895,738529.0499686296,8.389384216859712,9.692150431166885,9.230800612960786,9.85915170703553
76897,738529.1941771595,8.385776909798194,9.27029493026128,9.861769251406345,9.31821928339508
76923,738529.5975472024,8.385776909798194,9.27029493026128,9.861769251406345,9.31821928339508
76927,738529.6385149728,8.385776909798194,9.27029493026128,9.861769251406345,9.31821928339508
76930,738529.6480764664,8.385776909798194,9.27029493026128,9.861769251406345,9.31821928339508
76932,738529.6817998118,8.385776909798194,9.27029493026128,9.861769251406345,9.31821928339508
76933,738529.6977493743,8.385776909798194,9.27029493026128,9.861769251406345,9.31821928339508
76934,738529.7035277185,8.385776909798194,9.27029493026128,9.861769251406345,9.31821928339508
76935,738529.717995192,8.385776909798194,9.27029493026128,9.861769251406345,9.31821928339508
76941,738529.9429251129,8.327780627687202,9.692187110011705,8.924173610590334,9.859394240100919
76948,738530.0350764003,8.327780627687202,9.692187110011705,9.111671785887282,9.859394240100919
76958,738530.260469847,8.327780627687202,9.692187110011705,9.111671785887282,9.859394240100919
76960,738530.2940699941,8.327780627687202,9.692187110011705,9.111671785887282,9.859394240100919
76963,738530.3193737331,8.327780627687202,9.692187110011705,9.111671785887282,9.859394240100919
76965,738530.3578613782,8.327780627687202,9.692187110011705,9.111671785887282,9.859394240100919
76989,738530.7227533051,8.327780627687202,9.692187110011705,9.111671785887282,9.859394240100919
77003,738531.043997465,7.920104742228586,9.507406451185826,8.878679401873265,9.851013456896473
77004,738531.0443661712,7.920104742228586,9.507406451185826,8.878679401873265,9.851013456896473
77009,738531.1729142604,7.920104742228586,9.507406451185826,8.878679401873265,9.851013456896473
77013,738531.2393116952,7.920104742228586,9.507406451185826,8.878679401873265,9.851013456896473
77032,738531.5158582448,7.920104742228586,9.507406451185826,8.878679401873265,9.851013456896473
77045,738531.6834677266,7.920104742228586,9.507406451185826,8.878679401873265,9.851013456896473
77047,738531.8094120704,7.920104742228586,9.507406451185826,8.878679401873265,9.851013456896473
77065,738532.3568396543,7.920104742228586,9.507406451185826,8.878679401873265,9.851013456896473
77085,738532.8143516877,7.740619344258501,9.506358086085287,8.878679401873265,9.851013456896473
77094,738533.2947198633,7.756189296512017,9.506358086085287,8.478538679233294,9.851013456896473
77099,738533.3567450313,7.756189296512017,9.506358086085287,8.478538679233294,9.851013456896473
77105,738533.5549277446,7.758553354250727,9.465683377221191,8.478538679233294,9.851013456896473
77118,738533.865521581,7.758553354250727,9.465683377221191,8.478538679233294,9.851013456896473
77147,738535.0382837256,7.691170320200019,9.465617181311076,8.478538679233294,9.716761766380749
77225,738535.2420167985,7.691170320200019,9.465617181311076,8.478538679233294,9.716761766380749
77283,738535.5447094801,7.691170320200019,9.465617181311076,8.478538679233294,9.716761766380749
77301,738535.8731755029,7.887759039631279,9.654410340204786,9.026978875985343,10.01440798481997
77312,738535.9707832595,7.887759039631279,9.654410340204786,9.026978875985343,10.01440798481997
77362,738536.7754572568,7.887759039631279,9.654410340204786,9.026978875985343,10.01440798481997
77364,738536.9489853235,7.705029692648481,9.138812772589908,8.957094210050018,9.772035216334384
77365,738536.9810288275,9.108221589025268,9.48224888242895,9.139699496873355,9.440360731026017
77366,738536.9829799447,8.629832038060254,9.37356697460284,9.53917681205991,9.824271432347668
77374,738537.1086933216,9.007461632651841,9.390921651855049,9.135899976680493,9.901975240467227
77386,738537.3817656151,8.643758856012747,9.409354281456345,9.688689467336445,9.872795089066805
77405,738537.7991457555,8.643758856012747,9.409354281456345,9.688689467336445,9.872795089066805
77443,738538.5896685668,9.437849987879694,8.853023398831999,8.506527356228565,9.6662770042788
77447,738538.6938532307,9.437849987879694,8.853023398831999,8.506527356228565,9.6662770042788
77493,738539.7357076342,9.437849987879694,8.853023398831999,8.506527356228565,9.6662770042788
77497,738539.8517023398,9.437849987879694,8.853023398831999,8.506527356228565,9.6662770042788
77499,738539.9241458678,9.437849987879694,8.853023398831999,8.506527356228565,9.6662770042788
77500,738539.9269568797,9.175192756492997,8.926515521525374,9.492912987604399,9.63229809577104
77501,738539.9278296833,9.175192756492997,8.926515521525374,9.492912987604399,9.63229809577104
77535,738540.7615409705,9.175192756492997,8.926515521525374,9.492912987604399,9.63229809577104
77540,738540.895371911,9.175192756492997,8.926515521525374,9.492912987604399,9.63229809577104
77552,738541.1470473295,9.175192756492997,8.926515521525374,9.492912987604399,9.63229809577104
77567,738541.4701722595,8.746790160316325,9.019070340206888,9.37403788777409,9.663677113033364
77568,738541.4750656277,9.000987622462068,9.174257759218278,9.367285805894662,9.688387665919901
77592,738541.9403724985,9.000987622462068,9.174257759218278,9.367285805894662,9.688387665919901
77618,738542.440434823,9.762978164080439,9.202353946785323,7.461239433946957,9.605558667055758
77621,738542.4969023367,9.0925472870164,9.398132518582676,9.557433843639323,9.600217977603311
77625,738542.6556279069,8.663323254315797,9.382270636817818,8.859349665075108,9.831696683186575
77626,738542.6801878886,8.486587696020425,9.20334794071951,8.63411597184868,9.832696424025844
77627,738542.7860640723,8.486587696020425,9.20334794071951,8.63411597184868,9.832696424025844
77653,738543.5103985954,8.972887010619568,9.464110607532408,9.00010648797101,9.956224405848674
77676,738544.0641097607,8.972887010619568,9.464110607532408,9.00010648797101,9.956224405848674
77681,738544.2016827337,9.528944158641046,9.436834583779012,9.006673277403983,9.692296246831908
77722,738545.1871790027,9.528944158641046,9.436834583779012,9.006673277403983,9.692296246831908
77750,738545.5799517252,9.016879107457637,9.100982437693762,9.363843411017465,9.65966638014972
77762,738545.944951652,9.864479049179357,9.567869336962406,9.641567391367582,9.606128891969322
77787,738546.399332429,8.899436432970989,9.394773073927084,8.988755265704048,9.865796218605817
77791,738546.5367320097,8.899436432970989,9.394773073927084,8.988755265704048,9.865796218605817
77792,738546.5371030481,8.899436432970989,9.394773073927084,8.988755265704048,9.865796218605817
77793,738546.5393515198,8.535489151249495,9.392800524478957,8.471602024833569,9.865796218605817
77794,738546.5405102769,8.535489151249495,9.392800524478957,8.471602024833569,9.865796218605817
77795,738546.5421489174,8.535489151249495,9.392800524478957,8.471602024833569,9.865796218605817
77796,738546.5447887292,8.535489151249495,9.392800524478957,8.471602024833569,9.865796218605817
77797,738546.5452749695,8.535489151249495,9.392800524478957,8.471602024833569,9.865796218605817
77798,738546.5481766897,8.535489151249495,9.392800524478957,8.471602024833569,9.865796218605817
77799,738546.550539822,8.535489151249495,9.392800524478957,8.471602024833569,9.865796218605817
77800,738546.5509920424,8.535489151249495,9.392800524478957,8.471602024833569,9.865796218605817
77801,738546.5542119583,8.535489151249495,9.392800524478957,8.471602024833569,9.865796218605817
77803,738546.5597625762,8.255478074298251,9.392800524478957,8.597488693290869,9.865796218605817
77805,738546.5678159739,8.255478074298251,9.392800524478957,8.597488693290869,9.865796218605817
77806,738546.5691527494,8.288862168453193,9.392800524478957,8.810021106926765,9.865796218605817
77807,738546.5707113486,8.288862168453193,9.392800524478957,8.810021106926765,9.865796218605817
77809,738546.5739360615,8.288862168453193,9.392800524478957,8.810021106926765,9.865796218605817
77810,738546.5777329602,8.288862168453193,9.392800524478957,8.810021106926765,9.865796218605817
77811,738546.5785490186,8.288862168453193,9.392800524478957,8.810021106926765,9.865796218605817
77813,738546.5798939777,8.288862168453193,9.392800524478957,8.810021106926765,9.865796218605817
77817,738546.6161801,8.288862168453193,9.392800524478957,8.810021106926765,9.865796218605817
77819,738546.7714393688,8.866591660922671,9.666438697263718,8.922331829524941,10.01998425541114
77827,738547.0539468194,8.866591660922671,9.666438697263718,8.922331829524941,10.01998425541114
77834,738547.2359100786,8.344854389835795,9.412642766903193,8.446955785808278,9.856083002518771
77854,738547.9235157181,8.344854389835795,9.412642766903193,8.446955785808278,9.856083002518771
77885,738549.1264545714,9.67183958084399,9.396805058635046,7.664876130866354,9.447772692086726
77891,738549.2468647405,9.095711104123032,9.262379866213852,9.560199071211295,9.469812170429886
77899,738549.4144552422,9.095711104123032,9.262379866213852,9.560199071211295,9.469812170429886
77909,738549.5863020422,9.095711104123032,9.262379866213852,9.560199071211295,9.469812170429886
77929,738550.0495069704,9.095711104123032,9.262379866213852,9.560199071211295,9.469812170429886
77930,738550.0602468916,9.095711104123032,9.262379866213852,9.560199071211295,9.469812170429886
77931,738550.1394294996,9.095711104123032,9.262379866213852,9.560199071211295,9.469812170429886
77946,738550.5547672019,9.095711104123032,9.262379866213852,9.560199071211295,9.469812170429886
77950,738550.7562876336,9.095711104123032,9.262379866213852,9.560199071211295,9.469812170429886
77953,738550.8364172622,9.095711104123032,9.262379866213852,9.560199071211295,9.469812170429886
77957,738550.8906703552,9.095711104123032,9.262379866213852,9.560199071211295,9.469812170429886
77960,738551.0200776513,9.095711104123032,9.262379866213852,9.560199071211295,9.469812170429886
78015,738552.790817169,9.095711104123032,9.262379866213852,9.560199071211295,9.469812170429886
78039,738554.367359637,9.653349178782598,9.538394810914637,9.653349178782598,9.180963151428838
78079,738555.0679740824,9.653349178782598,9.538394810914637,9.653349178782598,9.180963151428838
78084,738555.2651721468,9.753487689737783,9.838756480484234,8.848934876661575,9.649929003524916
78086,738555.3433418252,9.753487689737783,9.838756480484234,8.848934876661575,9.649929003524916
78091,738555.6071677153,9.753487689737783,9.838756480484234,8.848934876661575,9.649929003524916
78092,738555.6445458564,9.681121659404845,9.61964673677829,7.8217099293643635,8.923520966691768
78093,738555.7055322212,9.787400324787304,9.73709945435617,8.15537228391312,9.18564682554095
78094,738555.7084641366,9.47852341327549,9.790299025383561,9.0925472870164,9.618055768961844
