Index,Time[d.s],n_T(15)_S(17)_EvLim(20),n_T(15)_S(33)_EvLim(20),n_T(30)_S(17)_EvLim(20),n_T(30)_S(33)_EvLim(20)
78747,736352.5208,0.8,0.8,0.4,0.23333333333333334
78847,736356.3225,0.8666666666666667,0.8,0.43333333333333335,0.36666666666666664
78851,736356.712,0.9333333333333333,0.9333333333333333,0.4666666666666667,0.26666666666666666
78855,736356.9592,0.9333333333333333,0.9333333333333333,0.4666666666666667,0.26666666666666666
78863,736357.4773,0.9333333333333333,0.9333333333333333,0.4666666666666667,0.26666666666666666
79235,736365.4647,0.7333333333333333,0.8,0.3333333333333333,0.4
79297,736366.1927,1.0666666666666667,1.0666666666666667,0.3333333333333333,0.5
79343,736367.3531,0.9333333333333333,0.9333333333333333,0.43333333333333335,0.43333333333333335
79592,736369.8708,0.9333333333333333,0.9333333333333333,0.43333333333333335,0.43333333333333335
79715,736371.6286,1.2,1.2,0.4666666666666667,0.5666666666666667
79717,736371.7194,1.2,1.2,0.4666666666666667,0.5666666666666667
79746,736372.5011,1.1333333333333333,1.2,0.43333333333333335,0.5333333333333333
79759,736372.8242,1.2,1.2666666666666666,0.4666666666666667,0.5666666666666667
79760,736372.8249,1.2666666666666666,1.3333333333333333,0.5,0.6
79761,736372.8316,1.3333333333333333,1.3333333333333333,0.5333333333333333,0.6333333333333333
79788,736373.7392,1.3333333333333333,1.3333333333333333,0.5333333333333333,0.6333333333333333
79826,736375.03,1.3333333333333333,1.2666666666666666,0.43333333333333335,0.5
79836,736375.9561,1.3333333333333333,1.2666666666666666,0.43333333333333335,0.5
79845,736376.918,1.3333333333333333,1.2666666666666666,0.43333333333333335,0.5
79880,736378.3375,1.3333333333333333,1.3333333333333333,0.5333333333333333,0.6666666666666666
79896,736378.8574,1.3333333333333333,1.3333333333333333,0.6666666666666666,0.6
79966,736381.0982,1.3333333333333333,1.3333333333333333,0.6666666666666666,0.6666666666666666
79969,736381.305,1.3333333333333333,1.3333333333333333,0.6666666666666666,0.5333333333333333
79993,736382.1917,1.3333333333333333,1.3333333333333333,0.6666666666666666,0.6666666666666666
79995,736382.2109,1.3333333333333333,1.3333333333333333,0.6666666666666666,0.6666666666666666
80093,736386.6215,1.3333333333333333,1.3333333333333333,0.5666666666666667,0.6666666666666666
80098,736386.9389,1.3333333333333333,1.3333333333333333,0.6666666666666666,0.6666666666666666
80129,736388.227,1.3333333333333333,1.3333333333333333,0.6666666666666666,0.6666666666666666
81754,736392.8082,1.3333333333333333,1.3333333333333333,0.6666666666666666,0.6666666666666666
82889,736396.5207,1.3333333333333333,1.3333333333333333,0.6666666666666666,0.6666666666666666
83382,736399.3215,1.3333333333333333,1.3333333333333333,0.6666666666666666,0.6666666666666666
83542,736400.1788,1.3333333333333333,1.3333333333333333,0.6666666666666666,0.6666666666666666
84051,736403.9799,1.3333333333333333,1.3333333333333333,0.6666666666666666,0.6666666666666666
84206,736405.2173,1.3333333333333333,1.3333333333333333,0.6666666666666666,0.6666666666666666
84259,736405.6928,1.3333333333333333,1.3333333333333333,0.6666666666666666,0.6666666666666666
84260,736405.6943,1.3333333333333333,1.3333333333333333,0.6666666666666666,0.6666666666666666
84302,736406.2053,1.3333333333333333,1.3333333333333333,0.6666666666666666,0.6666666666666666
84342,736406.8074,1.3333333333333333,1.3333333333333333,0.6666666666666666,0.6666666666666666
84506,736409.4114,1.3333333333333333,1.3333333333333333,0.6666666666666666,0.6666666666666666
84615,736411.0301,1.3333333333333333,1.3333333333333333,0.6666666666666666,0.6666666666666666
84616,736411.0359,1.3333333333333333,1.3333333333333333,0.6666666666666666,0.6666666666666666
84617,736411.0362,1.3333333333333333,1.3333333333333333,0.6666666666666666,0.6666666666666666
84660,736411.7344,1.3333333333333333,1.3333333333333333,0.6666666666666666,0.6666666666666666
84744,736413.0347,1.3333333333333333,1.3333333333333333,0.6666666666666666,0.6666666666666666
84796,736413.8771,1.3333333333333333,1.3333333333333333,0.6666666666666666,0.6666666666666666
84889,736415.6532,1.3333333333333333,1.3333333333333333,0.6666666666666666,0.6666666666666666
84918,736416.0591,1.3333333333333333,1.3333333333333333,0.6666666666666666,0.6666666666666666
84966,736416.925,1.3333333333333333,1.3333333333333333,0.6666666666666666,0.6666666666666666
85013,736417.5896,1.3333333333333333,1.3333333333333333,0.6666666666666666,0.6666666666666666
85017,736417.6678,1.3333333333333333,1.3333333333333333,0.6666666666666666,0.6666666666666666
85085,736418.8663,1.3333333333333333,1.3333333333333333,0.6666666666666666,0.6666666666666666
85094,736418.9801,1.3333333333333333,1.3333333333333333,0.6666666666666666,0.6666666666666666
85121,736419.5695,1.3333333333333333,1.3333333333333333,0.6666666666666666,0.6666666666666666
85129,736419.8824,1.3333333333333333,1.3333333333333333,0.6666666666666666,0.6666666666666666
85162,736420.4753,1.3333333333333333,1.3333333333333333,0.6666666666666666,0.6666666666666666
85169,736420.6047,1.3333333333333333,1.3333333333333333,0.6666666666666666,0.6666666666666666
85222,736421.589,1.3333333333333333,1.3333333333333333,0.6666666666666666,0.6666666666666666
85298,736423.522,1.3333333333333333,1.3333333333333333,0.6666666666666666,0.6666666666666666
85395,736425.4954,1.3333333333333333,1.3333333333333333,0.6666666666666666,0.6666666666666666
85514,736428.8662,1.3333333333333333,1.3333333333333333,0.6666666666666666,0.6666666666666666
85553,736429.895,1.3333333333333333,1.3333333333333333,0.6666666666666666,0.6666666666666666
85582,736430.4578,1.3333333333333333,1.3333333333333333,0.6666666666666666,0.6666666666666666
85609,736430.9631,1.3333333333333333,1.3333333333333333,0.6666666666666666,0.6666666666666666
85610,736430.9655,1.3333333333333333,1.3333333333333333,0.6666666666666666,0.6666666666666666
85617,736431.0194,1.3333333333333333,1.3333333333333333,0.6666666666666666,0.6666666666666666
85624,736431.1813,1.3333333333333333,1.3333333333333333,0.6666666666666666,0.6666666666666666
85758,736433.7674,1.3333333333333333,1.3333333333333333,0.6666666666666666,0.6666666666666666
85775,736433.9941,1.3333333333333333,1.3333333333333333,0.6666666666666666,0.6666666666666666
85796,736434.2966,1.3333333333333333,1.3333333333333333,0.6666666666666666,0.6666666666666666
85856,736435.3744,1.3333333333333333,1.3333333333333333,0.6666666666666666,0.6666666666666666
85875,736435.875,1.3333333333333333,1.3333333333333333,0.6666666666666666,0.6666666666666666
85950,736437.4187,1.3333333333333333,1.3333333333333333,0.6666666666666666,0.6666666666666666
85972,736437.9878,1.3333333333333333,1.3333333333333333,0.6666666666666666,0.6666666666666666
85999,736438.4781,1.3333333333333333,1.3333333333333333,0.6666666666666666,0.6666666666666666
86086,736440.1748,1.3333333333333333,1.3333333333333333,0.6666666666666666,0.6666666666666666
86140,736441.0474,1.3333333333333333,1.3333333333333333,0.6666666666666666,0.6666666666666666
86205,736442.7547,1.3333333333333333,1.3333333333333333,0.6666666666666666,0.6666666666666666
86310,736445.4466,1.3333333333333333,1.3333333333333333,0.6666666666666666,0.6666666666666666
86411,736446.702,1.3333333333333333,1.3333333333333333,0.6666666666666666,0.6666666666666666
86461,736447.4915,1.3333333333333333,1.3333333333333333,0.6666666666666666,0.6666666666666666
86503,736448.3913,1.3333333333333333,1.3333333333333333,0.6666666666666666,0.6666666666666666
86505,736448.3932,1.3333333333333333,1.3333333333333333,0.6666666666666666,0.6666666666666666
86577,736449.8439,1.3333333333333333,1.3333333333333333,0.6666666666666666,0.6666666666666666
86587,736450.1065,1.3333333333333333,1.3333333333333333,0.6666666666666666,0.6666666666666666
86690,736452.1869,1.3333333333333333,1.3333333333333333,0.6666666666666666,0.6666666666666666
86722,736452.7481,1.3333333333333333,1.3333333333333333,0.6666666666666666,0.6666666666666666
86735,736453.0114,1.3333333333333333,1.3333333333333333,0.6666666666666666,0.6666666666666666
86737,736453.0417,1.3333333333333333,1.3333333333333333,0.6666666666666666,0.6666666666666666
86835,736454.6887,1.3333333333333333,1.3333333333333333,0.6666666666666666,0.6666666666666666
86858,736455.3414,1.3333333333333333,1.3333333333333333,0.6666666666666666,0.6666666666666666
86872,736455.5298,1.3333333333333333,1.3333333333333333,0.6666666666666666,0.6666666666666666
86903,736456.007,1.3333333333333333,1.3333333333333333,0.6666666666666666,0.6666666666666666
86936,736456.8171,1.3333333333333333,1.3333333333333333,0.6666666666666666,0.6666666666666666
86981,736457.6591,1.3333333333333333,1.3333333333333333,0.6666666666666666,0.6666666666666666
87010,736458.4041,1.3333333333333333,1.3333333333333333,0.6666666666666666,0.6666666666666666
87025,736458.812,1.3333333333333333,1.3333333333333333,0.6666666666666666,0.6666666666666666
87072,736459.9835,1.3333333333333333,1.3333333333333333,0.6666666666666666,0.6666666666666666
87102,736460.8915,1.3333333333333333,1.3333333333333333,0.6666666666666666,0.6666666666666666
87340,736467.0584,1.3333333333333333,1.3333333333333333,0.6666666666666666,0.6666666666666666
87357,736467.5328,1.3333333333333333,1.3333333333333333,0.6666666666666666,0.6666666666666666
87376,736468.1048,1.3333333333333333,1.3333333333333333,0.6666666666666666,0.6666666666666666
87380,736468.1983,1.3333333333333333,1.3333333333333333,0.6666666666666666,0.6666666666666666
87445,736470.3821,1.3333333333333333,1.3333333333333333,0.6666666666666666,0.6666666666666666
87461,736470.8698,1.3333333333333333,1.3333333333333333,0.6666666666666666,0.6666666666666666
87550,736473.5567,1.3333333333333333,1.3333333333333333,0.6666666666666666,0.6666666666666666
87554,736473.5976,1.3333333333333333,1.3333333333333333,0.6666666666666666,0.6666666666666666
87568,736474.2223,1.3333333333333333,1.3333333333333333,0.6666666666666666,0.6666666666666666
87614,736475.3005,1.3333333333333333,1.3333333333333333,0.6666666666666666,0.6666666666666666
87681,736476.751,1.3333333333333333,1.3333333333333333,0.6666666666666666,0.6666666666666666
87799,736480.8958,1.3333333333333333,1.3333333333333333,0.6666666666666666,0.6666666666666666
87843,736482.8511,1.3333333333333333,1.3333333333333333,0.6666666666666666,0.6666666666666666
87846,736482.8683,1.3333333333333333,1.3333333333333333,0.6666666666666666,0.6666666666666666
87917,736484.3836,1.3333333333333333,1.3333333333333333,0.6666666666666666,0.6666666666666666
87968,736485.935,1.3333333333333333,1.3333333333333333,0.6666666666666666,0.6666666666666666
87986,736486.1723,1.3333333333333333,1.3333333333333333,0.6666666666666666,0.6666666666666666
87999,736486.4052,1.3333333333333333,1.3333333333333333,0.6666666666666666,0.6666666666666666
88091,736487.9738,1.3333333333333333,1.3333333333333333,0.6666666666666666,0.6666666666666666
88147,736489.2821,1.3333333333333333,1.3333333333333333,0.6666666666666666,0.6666666666666666
88160,736489.6877,1.3333333333333333,1.3333333333333333,0.6666666666666666,0.6666666666666666
88282,736493.962,1.3333333333333333,1.3333333333333333,0.6666666666666666,0.6666666666666666
88304,736494.947,1.3333333333333333,1.3333333333333333,0.6666666666666666,0.6666666666666666
88326,736495.8791,1.3333333333333333,1.3333333333333333,0.6666666666666666,0.6666666666666666
88336,736496.155,1.3333333333333333,1.3333333333333333,0.6666666666666666,0.6666666666666666
88351,736496.4807,1.3333333333333333,1.3333333333333333,0.6666666666666666,0.6666666666666666
88382,736497.6619,1.3333333333333333,1.3333333333333333,0.6666666666666666,0.6666666666666666
88390,736498.2192,1.3333333333333333,1.3333333333333333,0.6666666666666666,0.6666666666666666
88399,736498.5724,1.3333333333333333,1.3333333333333333,0.6666666666666666,0.6666666666666666
88482,736501.3429,1.3333333333333333,1.3333333333333333,0.6666666666666666,0.6666666666666666
88536,736503.1057,1.3333333333333333,1.3333333333333333,0.6666666666666666,0.6666666666666666
88564,736503.8824,1.3333333333333333,1.3333333333333333,0.6666666666666666,0.6666666666666666
88683,736509.0386,1.3333333333333333,1.3333333333333333,0.6666666666666666,0.6666666666666666
88719,736510.0396,1.3333333333333333,1.3333333333333333,0.6666666666666666,0.6666666666666666
88720,736510.0541,1.3333333333333333,1.3333333333333333,0.6666666666666666,0.6666666666666666
88729,736510.3829,1.3333333333333333,1.3333333333333333,0.6666666666666666,0.6666666666666666
88738,736510.707,1.3333333333333333,1.3333333333333333,0.6666666666666666,0.6666666666666666
88749,736511.2657,1.3333333333333333,1.3333333333333333,0.6666666666666666,0.6666666666666666
88774,736512.1398,1.3333333333333333,1.3333333333333333,0.6666666666666666,0.6666666666666666
88791,736512.964,1.3333333333333333,1.3333333333333333,0.6666666666666666,0.6666666666666666
88818,736514.4286,1.3333333333333333,1.3333333333333333,0.6666666666666666,0.6666666666666666
88819,736514.4292,1.3333333333333333,1.3333333333333333,0.6666666666666666,0.6666666666666666
88831,736514.7896,1.3333333333333333,1.3333333333333333,0.6666666666666666,0.6666666666666666
88835,736515.0352,1.3333333333333333,1.3333333333333333,0.6666666666666666,0.6666666666666666
88861,736515.9391,1.3333333333333333,1.3333333333333333,0.6666666666666666,0.6666666666666666
88891,736517.0549,1.3333333333333333,1.3333333333333333,0.6666666666666666,0.6666666666666666
88895,736517.1308,1.3333333333333333,1.3333333333333333,0.6666666666666666,0.6666666666666666
88898,736517.3837,1.3333333333333333,1.3333333333333333,0.6666666666666666,0.6666666666666666
88908,736517.6194,1.3333333333333333,1.3333333333333333,0.6666666666666666,0.6666666666666666
88967,736520.0908,1.3333333333333333,1.3333333333333333,0.6666666666666666,0.6666666666666666
89009,736521.4639,1.3333333333333333,1.3333333333333333,0.6666666666666666,0.6666666666666666
89021,736521.8138,1.3333333333333333,1.3333333333333333,0.6666666666666666,0.6666666666666666
89026,736521.9534,1.3333333333333333,1.3333333333333333,0.6666666666666666,0.6666666666666666
89039,736522.5078,1.3333333333333333,1.3333333333333333,0.6666666666666666,0.6666666666666666
89043,736522.7212,1.3333333333333333,1.3333333333333333,0.6666666666666666,0.6666666666666666
89050,736523.1675,1.3333333333333333,1.3333333333333333,0.6666666666666666,0.6666666666666666
89105,736524.9426,1.3333333333333333,1.3333333333333333,0.6666666666666666,0.6666666666666666
89111,736525.1753,1.3333333333333333,1.3333333333333333,0.6666666666666666,0.6666666666666666
89112,736525.1757,1.3333333333333333,1.3333333333333333,0.6666666666666666,0.6666666666666666
89123,736525.5205,1.3333333333333333,1.3333333333333333,0.6666666666666666,0.6666666666666666
89125,736525.5603,1.3333333333333333,1.3333333333333333,0.6666666666666666,0.6666666666666666
89132,736525.7554,1.3333333333333333,1.3333333333333333,0.6666666666666666,0.6666666666666666
89138,736525.9883,1.3333333333333333,1.3333333333333333,0.6666666666666666,0.6666666666666666
89145,736526.1254,1.3333333333333333,1.3333333333333333,0.6666666666666666,0.6666666666666666
89170,736527.1425,1.3333333333333333,1.3333333333333333,0.6666666666666666,0.6666666666666666
89172,736527.162,1.3333333333333333,1.3333333333333333,0.6666666666666666,0.7333333333333333
89258,736530.71,1.3333333333333333,1.3333333333333333,0.6666666666666666,0.7333333333333333
89264,736530.9997,1.3333333333333333,1.3333333333333333,0.6666666666666666,0.7333333333333333
89267,736531.0617,1.3333333333333333,1.3333333333333333,0.6666666666666666,0.7333333333333333
89270,736531.0782,1.3333333333333333,1.3333333333333333,0.6666666666666666,0.7333333333333333
89271,736531.0844,1.3333333333333333,1.3333333333333333,0.6666666666666666,0.8
89272,736531.0882,1.3333333333333333,1.3333333333333333,0.6666666666666666,0.8333333333333334
89274,736531.1403,1.3333333333333333,1.3333333333333333,0.6666666666666666,0.6666666666666666
89283,736531.3897,1.3333333333333333,1.3333333333333333,0.6666666666666666,0.6666666666666666
89284,736531.4272,1.3333333333333333,1.3333333333333333,0.6666666666666666,0.6666666666666666
89285,736531.428,1.3333333333333333,1.3333333333333333,0.6666666666666666,0.6666666666666666
89287,736531.4496,1.3333333333333333,1.3333333333333333,0.6666666666666666,0.6666666666666666
89290,736531.5049,1.3333333333333333,1.3333333333333333,0.6666666666666666,0.6666666666666666
89297,736531.6188,1.3333333333333333,1.3333333333333333,0.6666666666666666,0.9
89300,736531.6332,1.3333333333333333,1.3333333333333333,0.6666666666666666,0.8666666666666667
89301,736531.6345,1.3333333333333333,1.3333333333333333,0.6666666666666666,0.8666666666666667
89304,736531.6391,1.3333333333333333,1.3333333333333333,0.6666666666666666,0.9333333333333333
89305,736531.6594,1.3333333333333333,1.4,0.6666666666666666,0.9666666666666667
89306,736531.6602,1.3333333333333333,1.4666666666666666,0.6666666666666666,1.0
89307,736531.6616,1.3333333333333333,1.5333333333333334,0.7,1.0333333333333334
89310,736531.7739,1.3333333333333333,1.7333333333333334,0.9,1.1333333333333333
89312,736531.7771,1.3333333333333333,1.7333333333333334,0.9,1.1333333333333333
89314,736531.7863,1.3333333333333333,1.8,0.9333333333333333,1.1666666666666667
89316,736531.8166,1.3333333333333333,1.8,0.9333333333333333,1.1666666666666667
89317,736531.8203,1.4,1.8666666666666667,0.9666666666666667,1.2
89320,736532.0521,1.3333333333333333,1.4,0.6666666666666666,0.9333333333333333
89332,736532.4729,1.3333333333333333,1.7333333333333334,0.8666666666666667,1.2
89335,736532.586,1.3333333333333333,1.4666666666666666,0.7333333333333333,1.0333333333333334
89336,736532.5921,1.3333333333333333,1.8666666666666667,0.9333333333333333,1.2666666666666666
89337,736532.5985,1.3333333333333333,1.8666666666666667,0.9333333333333333,1.2666666666666666
89338,736532.6045,1.4,2.0,0.9666666666666667,1.3333333333333333
89339,736532.6831,1.4,1.9333333333333333,1.0,1.3333333333333333
89341,736532.7816,1.4,2.066666666666667,1.0,1.3666666666666667
89342,736532.9425,1.4,2.066666666666667,1.0,1.3666666666666667
89345,736532.9984,1.4666666666666666,2.0,1.0333333333333334,1.3666666666666667
89346,736533.0011,1.6,2.066666666666667,1.1,1.4
89347,736533.0066,1.6,2.066666666666667,1.1,1.4
89348,736533.0086,1.6666666666666667,2.2,1.1333333333333333,1.4666666666666666
89349,736533.0125,1.7333333333333334,2.2,1.1666666666666667,1.4666666666666666
89351,736533.0299,1.7333333333333334,2.2,1.1666666666666667,1.4666666666666666
89353,736533.1137,1.8,2.3333333333333335,1.2,1.5333333333333334
89357,736533.2664,1.8666666666666667,2.4,1.2333333333333334,1.5666666666666667
89358,736533.2691,1.8666666666666667,2.4,1.2333333333333334,1.5666666666666667
89359,736533.2696,1.9333333333333333,2.466666666666667,1.2666666666666666,1.6
89364,736533.3798,2.0,2.533333333333333,1.3,1.6333333333333333
89365,736533.3807,2.066666666666667,2.6,1.3333333333333333,1.6666666666666667
89366,736533.4032,2.066666666666667,2.6,1.3333333333333333,1.6666666666666667
89367,736533.446,2.1333333333333333,2.6666666666666665,1.3666666666666667,1.7
89369,736533.4747,2.2,2.8,1.4,1.7666666666666666
89372,736533.5196,2.2666666666666666,2.7333333333333334,1.4333333333333333,1.7333333333333334
89375,736533.5532,2.2666666666666666,2.7333333333333334,1.4333333333333333,1.7333333333333334
89376,736533.555,2.2666666666666666,2.7333333333333334,1.4333333333333333,1.7333333333333334
89378,736533.6672,2.2666666666666666,2.7333333333333334,1.4333333333333333,1.7333333333333334
89380,736533.7265,2.2666666666666666,2.7333333333333334,1.4333333333333333,1.7333333333333334
89381,736533.754,2.3333333333333335,2.8666666666666667,1.4666666666666666,1.8
89382,736533.7699,2.066666666666667,2.8666666666666667,1.3,1.8
89388,736533.9265,2.466666666666667,3.0,1.5333333333333334,1.8666666666666667
89391,736533.9426,2.466666666666667,3.0,1.5333333333333334,1.8666666666666667
89396,736534.0327,2.533333333333333,3.0,1.5666666666666667,1.8666666666666667
89398,736534.0748,2.6,3.1333333333333333,1.6,1.9333333333333333
89400,736534.1568,2.6666666666666665,3.2,1.6333333333333333,1.9666666666666666
89401,736534.1658,1.3333333333333333,1.3333333333333333,0.6666666666666666,0.6666666666666666
89404,736534.2697,2.7333333333333334,3.3333333333333335,1.6666666666666667,2.033333333333333
89418,736534.627,2.8,3.3333333333333335,1.7,2.033333333333333
89419,736534.6359,2.8666666666666667,3.466666666666667,1.7333333333333334,2.1
89421,736534.6428,2.933333333333333,3.466666666666667,1.7666666666666666,2.1
89428,736534.9419,2.933333333333333,3.466666666666667,1.7666666666666666,2.1
89433,736535.0968,2.933333333333333,3.466666666666667,1.7666666666666666,2.1
89434,736535.1026,2.933333333333333,3.466666666666667,1.7666666666666666,2.1
89437,736535.1953,3.0,3.533333333333333,1.8,2.1333333333333333
89438,736535.1982,3.066666666666667,3.533333333333333,1.8333333333333333,2.1333333333333333
89450,736535.3796,3.1333333333333333,3.6,1.8666666666666667,2.1666666666666665
89464,736535.7508,3.0,3.6666666666666665,1.8,2.2
89465,736535.9662,3.2666666666666666,3.8,1.9333333333333333,2.2666666666666666
89473,736536.2429,3.2666666666666666,3.8,1.9333333333333333,2.2666666666666666
89481,736536.3866,1.3333333333333333,3.2666666666666666,0.6666666666666666,1.9666666666666666
89496,736536.8791,3.3333333333333335,3.8,1.9666666666666666,2.3
89535,736537.9893,3.3333333333333335,3.8,1.9666666666666666,2.3
89539,736538.0651,3.4,3.8666666666666667,2.0,2.3666666666666667
89541,736538.2624,3.4,3.8666666666666667,2.033333333333333,2.4
89543,736538.2785,3.466666666666667,3.933333333333333,2.066666666666667,2.466666666666667
89561,736538.8618,3.533333333333333,4.0,2.1,2.433333333333333
89564,736539.1632,3.533333333333333,4.0,2.1,2.433333333333333
89584,736539.9972,3.533333333333333,4.0,2.1,2.433333333333333
89607,736541.1525,3.533333333333333,4.0,2.1,2.433333333333333
89661,736542.9454,3.533333333333333,4.0,2.1,2.433333333333333
89667,736543.1489,3.533333333333333,4.0,2.1,2.433333333333333
89669,736543.1719,3.533333333333333,4.0,2.1,2.433333333333333
89700,736544.4867,1.3333333333333333,3.533333333333333,0.6666666666666666,2.1666666666666665
89740,736546.3921,1.3333333333333333,3.533333333333333,0.6666666666666666,2.1666666666666665
89741,736546.3941,3.2666666666666666,3.4,1.9333333333333333,2.2666666666666666
89742,736546.4013,3.3333333333333335,3.466666666666667,1.9666666666666666,2.3
89754,736546.8765,3.3333333333333335,3.466666666666667,1.9666666666666666,2.3
89762,736547.2235,1.3333333333333333,2.8,0.6666666666666666,2.3
89764,736547.3531,1.3333333333333333,2.8,0.6666666666666666,2.3
89766,736547.3875,1.3333333333333333,2.8,0.6666666666666666,2.3
89769,736547.4406,2.7333333333333334,2.933333333333333,1.9333333333333333,2.3
89774,736547.6755,2.7333333333333334,2.933333333333333,1.9333333333333333,2.3
89776,736547.7327,2.7333333333333334,2.933333333333333,1.9333333333333333,2.3
89846,736550.0932,1.3333333333333333,1.3333333333333333,0.6666666666666666,0.6666666666666666
89848,736550.0957,1.3333333333333333,1.3333333333333333,0.6666666666666666,0.6666666666666666
89866,736550.493,1.3333333333333333,1.3333333333333333,0.6666666666666666,0.6666666666666666
89877,736550.9711,1.3333333333333333,1.3333333333333333,1.9333333333333333,2.3
89891,736551.4563,1.3333333333333333,1.3333333333333333,1.9666666666666666,2.3
89892,736551.461,1.3333333333333333,1.3333333333333333,2.0,2.3666666666666667
89893,736551.4612,1.3333333333333333,1.3333333333333333,2.033333333333333,2.4
89898,736551.6488,1.3333333333333333,1.3333333333333333,2.033333333333333,2.4
89903,736551.9613,1.3333333333333333,1.3333333333333333,2.033333333333333,2.4
89906,736552.0374,1.3333333333333333,1.3333333333333333,2.033333333333333,2.4
89928,736553.0216,1.3333333333333333,1.3333333333333333,2.033333333333333,2.4
89944,736553.487,1.3333333333333333,1.3333333333333333,2.033333333333333,2.3333333333333335
89991,736556.4515,1.3333333333333333,1.3333333333333333,1.9666666666666666,2.1666666666666665
89994,736556.6005,1.3333333333333333,1.3333333333333333,2.1,2.2
90001,736556.9022,1.3333333333333333,1.3333333333333333,2.1333333333333333,2.2333333333333334
90002,736556.9769,1.3333333333333333,1.3333333333333333,2.1333333333333333,2.2333333333333334
90038,736558.5567,1.3333333333333333,1.3333333333333333,2.1333333333333333,2.2333333333333334
90046,736558.7681,1.3333333333333333,1.3333333333333333,0.6666666666666666,0.6666666666666666
90129,736561.7067,1.3333333333333333,1.3333333333333333,0.6666666666666666,0.6666666666666666
90130,736561.71,1.3333333333333333,1.3333333333333333,0.6666666666666666,0.6666666666666666
90145,736562.4954,1.3333333333333333,1.3333333333333333,1.6666666666666667,1.7666666666666666
90146,736562.5022,1.3333333333333333,1.3333333333333333,1.7,1.7666666666666666
90247,736565.6858,1.3333333333333333,1.3333333333333333,0.6666666666666666,0.6666666666666666
90252,736566.0291,1.3333333333333333,1.3333333333333333,0.6666666666666666,0.6666666666666666
90271,736567.0046,1.3333333333333333,1.3333333333333333,0.6666666666666666,0.6666666666666666
90274,736567.0568,1.3333333333333333,1.3333333333333333,0.6666666666666666,0.6666666666666666
90298,736568.2207,1.3333333333333333,1.3333333333333333,0.6666666666666666,0.6666666666666666
90307,736568.6487,1.3333333333333333,1.3333333333333333,0.6666666666666666,0.6666666666666666
90308,736568.7014,1.3333333333333333,1.3333333333333333,0.6666666666666666,0.6666666666666666
90313,736568.7979,1.3333333333333333,1.3333333333333333,0.6666666666666666,0.6666666666666666
90340,736569.8747,1.3333333333333333,1.3333333333333333,0.6666666666666666,0.6666666666666666
90345,736570.0908,1.3333333333333333,1.3333333333333333,0.6666666666666666,0.6666666666666666
90361,736570.7018,1.3333333333333333,1.3333333333333333,0.6666666666666666,0.6666666666666666
90371,736571.1284,1.3333333333333333,1.3333333333333333,0.6666666666666666,0.6666666666666666
90433,736573.0358,1.3333333333333333,1.3333333333333333,0.6666666666666666,0.6666666666666666
90447,736573.2865,1.3333333333333333,1.3333333333333333,0.6666666666666666,0.6666666666666666
90460,736573.6989,1.3333333333333333,1.3333333333333333,0.6666666666666666,0.6666666666666666
90466,736573.7733,1.3333333333333333,1.3333333333333333,0.6666666666666666,0.7333333333333333
90472,736574.3568,1.3333333333333333,1.3333333333333333,0.6666666666666666,0.6666666666666666
90498,736575.9058,1.3333333333333333,1.3333333333333333,0.6666666666666666,0.6666666666666666
90515,736576.6961,1.3333333333333333,1.3333333333333333,0.6666666666666666,0.6666666666666666
90521,736577.1037,1.3333333333333333,1.3333333333333333,0.6666666666666666,0.6666666666666666
90580,736580.1041,1.3333333333333333,1.3333333333333333,0.6666666666666666,0.6666666666666666
90583,736580.2604,1.3333333333333333,1.3333333333333333,0.6666666666666666,0.6666666666666666
90669,736583.66,1.3333333333333333,1.3333333333333333,0.6666666666666666,0.6666666666666666
90674,736584.0201,1.3333333333333333,1.3333333333333333,0.6666666666666666,0.6666666666666666
90768,736587.1076,1.3333333333333333,1.3333333333333333,0.6666666666666666,0.6666666666666666
90786,736587.8323,1.3333333333333333,1.3333333333333333,0.6666666666666666,0.6666666666666666
90816,736588.8837,1.3333333333333333,1.3333333333333333,0.6666666666666666,0.6666666666666666
90844,736589.9525,1.3333333333333333,1.3333333333333333,0.6666666666666666,0.6666666666666666
90878,736591.3618,1.3333333333333333,1.3333333333333333,0.6666666666666666,0.6666666666666666
90938,736593.8418,1.3333333333333333,1.3333333333333333,0.6666666666666666,0.6666666666666666
91086,736600.5284,1.3333333333333333,1.3333333333333333,0.6666666666666666,0.6666666666666666
91098,736601.3675,1.3333333333333333,1.3333333333333333,0.6666666666666666,0.6666666666666666
91135,736602.4285,1.3333333333333333,1.3333333333333333,0.6666666666666666,0.6666666666666666
91136,736602.4303,1.3333333333333333,1.3333333333333333,0.6666666666666666,0.6666666666666666
91153,736603.0517,1.3333333333333333,1.3333333333333333,0.6666666666666666,0.6666666666666666
91155,736603.1914,1.3333333333333333,1.3333333333333333,0.6666666666666666,0.6666666666666666
91283,736608.6497,1.3333333333333333,1.3333333333333333,0.6666666666666666,0.6666666666666666
91286,736608.7415,1.3333333333333333,1.3333333333333333,0.6666666666666666,0.6666666666666666
91287,736608.7422,1.3333333333333333,1.3333333333333333,0.6666666666666666,0.6666666666666666
91319,736610.6766,1.3333333333333333,1.3333333333333333,0.6666666666666666,0.6666666666666666
91320,736610.6816,1.3333333333333333,1.3333333333333333,0.6666666666666666,0.6666666666666666
91321,736610.716,1.3333333333333333,1.3333333333333333,0.6666666666666666,0.6666666666666666
91322,736610.7178,1.3333333333333333,1.3333333333333333,0.6666666666666666,0.6666666666666666
91323,736610.7212,1.3333333333333333,1.3333333333333333,0.6666666666666666,0.6666666666666666
91325,736610.7482,1.3333333333333333,1.3333333333333333,0.6666666666666666,0.6666666666666666
91326,736610.7644,1.3333333333333333,1.3333333333333333,0.6666666666666666,0.6666666666666666
91327,736610.7649,1.3333333333333333,1.3333333333333333,0.6666666666666666,0.6666666666666666
91334,736610.8755,1.3333333333333333,1.3333333333333333,0.6666666666666666,0.6666666666666666
91426,736615.0221,1.3333333333333333,1.3333333333333333,0.6666666666666666,0.6666666666666666
91447,736615.4999,1.3333333333333333,1.3333333333333333,0.6666666666666666,0.6666666666666666
91565,736620.319,1.3333333333333333,1.3333333333333333,0.6666666666666666,0.6666666666666666
91568,736620.4385,1.3333333333333333,1.3333333333333333,0.6666666666666666,0.6666666666666666
91661,736624.3128,1.3333333333333333,1.3333333333333333,0.6666666666666666,0.6666666666666666
91664,736624.5486,1.3333333333333333,1.3333333333333333,0.6666666666666666,0.6666666666666666
91680,736625.3987,1.3333333333333333,1.3333333333333333,0.6666666666666666,0.6666666666666666
91712,736626.8177,1.3333333333333333,1.3333333333333333,0.6666666666666666,0.6666666666666666
91734,736627.9458,1.3333333333333333,1.3333333333333333,0.6666666666666666,0.6666666666666666
91752,736628.9088,1.3333333333333333,1.3333333333333333,0.6666666666666666,0.6666666666666666
91787,736629.803,1.3333333333333333,1.3333333333333333,0.6666666666666666,0.6666666666666666
91850,736633.1363,1.3333333333333333,1.3333333333333333,0.6666666666666666,0.6666666666666666
91893,736634.8296,1.3333333333333333,1.3333333333333333,0.6666666666666666,0.6666666666666666
91902,736635.3732,1.3333333333333333,1.3333333333333333,0.6666666666666666,0.6666666666666666
91914,736635.653,1.3333333333333333,1.3333333333333333,0.6666666666666666,0.6666666666666666
91915,736635.6831,1.3333333333333333,1.3333333333333333,0.6666666666666666,0.6666666666666666
91969,736637.3854,1.3333333333333333,1.3333333333333333,0.6666666666666666,0.6666666666666666
92024,736640.1082,1.3333333333333333,1.3333333333333333,0.6666666666666666,0.6666666666666666
92045,736640.6098,1.3333333333333333,1.3333333333333333,0.6666666666666666,0.6666666666666666
92077,736641.4061,1.3333333333333333,1.3333333333333333,0.6666666666666666,0.6666666666666666
92161,736644.5985,1.3333333333333333,1.3333333333333333,0.6666666666666666,0.6666666666666666
92162,736644.6028,1.3333333333333333,1.3333333333333333,0.6666666666666666,0.6666666666666666
92171,736645.0719,1.3333333333333333,1.3333333333333333,0.6666666666666666,0.6666666666666666
92188,736646.1226,1.3333333333333333,1.3333333333333333,0.6666666666666666,0.6666666666666666
92206,736646.6395,1.3333333333333333,1.3333333333333333,0.6666666666666666,0.6666666666666666
92215,736647.1674,1.3333333333333333,1.3333333333333333,0.6666666666666666,0.6666666666666666
92218,736647.3006,1.3333333333333333,1.3333333333333333,0.6666666666666666,0.6666666666666666
92223,736647.4203,1.3333333333333333,1.3333333333333333,0.6666666666666666,0.6666666666666666
92224,736647.4225,1.3333333333333333,1.3333333333333333,0.6666666666666666,0.6666666666666666
92230,736647.6121,1.3333333333333333,1.3333333333333333,0.6666666666666666,0.6666666666666666
92233,736647.6756,1.3333333333333333,1.3333333333333333,0.6666666666666666,0.6666666666666666
92237,736647.7854,1.3333333333333333,1.3333333333333333,0.6666666666666666,0.6666666666666666
92271,736648.8588,1.3333333333333333,1.3333333333333333,0.6666666666666666,0.6666666666666666
92281,736649.1632,1.3333333333333333,1.3333333333333333,0.6666666666666666,0.6666666666666666
92296,736649.6828,1.3333333333333333,1.3333333333333333,0.6666666666666666,0.6666666666666666
92298,736649.7968,1.3333333333333333,1.3333333333333333,0.6666666666666666,0.6666666666666666
92299,736649.8157,1.3333333333333333,1.3333333333333333,0.6666666666666666,0.6666666666666666
92300,736649.8352,1.3333333333333333,1.3333333333333333,0.6666666666666666,0.6666666666666666
92303,736649.9313,1.3333333333333333,1.3333333333333333,0.6666666666666666,0.7
92304,736649.9332,1.3333333333333333,1.3333333333333333,0.6666666666666666,0.7
92306,736649.9448,1.3333333333333333,1.3333333333333333,0.6666666666666666,0.7
92310,736650.1454,1.3333333333333333,1.3333333333333333,0.6666666666666666,0.6666666666666666
92311,736650.1488,1.3333333333333333,1.3333333333333333,0.6666666666666666,0.6666666666666666
92333,736650.7668,1.3333333333333333,1.3333333333333333,0.6666666666666666,0.7333333333333333
92343,736651.1432,1.3333333333333333,1.3333333333333333,0.6666666666666666,0.6666666666666666
92361,736651.7306,1.3333333333333333,1.3333333333333333,0.6666666666666666,0.6666666666666666
92363,736651.8526,1.3333333333333333,1.3333333333333333,0.6666666666666666,0.6666666666666666
92364,736651.8624,1.3333333333333333,1.3333333333333333,0.6666666666666666,0.6666666666666666
92365,736651.872,1.3333333333333333,1.3333333333333333,0.6666666666666666,0.6666666666666666
92366,736651.8805,1.3333333333333333,1.3333333333333333,0.6666666666666666,0.6666666666666666
92367,736651.9192,1.3333333333333333,1.3333333333333333,0.6666666666666666,0.6666666666666666
92390,736653.1344,1.3333333333333333,1.3333333333333333,0.6666666666666666,0.6666666666666666
92401,736653.4011,1.3333333333333333,1.3333333333333333,0.6666666666666666,0.9
92403,736653.4346,1.3333333333333333,1.3333333333333333,0.6666666666666666,0.6666666666666666
92408,736653.5805,1.3333333333333333,1.3333333333333333,0.6666666666666666,0.8333333333333334
92409,736653.5882,1.3333333333333333,1.3333333333333333,0.6666666666666666,0.8666666666666667
92410,736653.5896,1.3333333333333333,1.3333333333333333,0.6666666666666666,0.8666666666666667
92411,736653.592,1.3333333333333333,1.3333333333333333,0.6666666666666666,0.8666666666666667
92412,736653.5953,1.3333333333333333,1.3333333333333333,0.6666666666666666,0.8666666666666667
92413,736653.5988,1.3333333333333333,1.3333333333333333,0.6666666666666666,0.8666666666666667
92420,736653.6778,1.3333333333333333,1.3333333333333333,0.6666666666666666,0.8666666666666667
92422,736653.7285,1.3333333333333333,1.3333333333333333,0.6666666666666666,0.8666666666666667
92426,736653.9063,1.3333333333333333,1.3333333333333333,0.6666666666666666,0.8666666666666667
92429,736654.119,1.3333333333333333,1.3333333333333333,0.6666666666666666,0.8666666666666667
92433,736654.2084,1.3333333333333333,1.4,0.6666666666666666,0.9
92435,736654.2507,1.3333333333333333,1.4666666666666666,0.6666666666666666,0.9666666666666667
92438,736654.3014,1.3333333333333333,1.5333333333333334,0.6666666666666666,1.0
92441,736654.3744,1.3333333333333333,1.6,0.6666666666666666,1.0333333333333334
92442,736654.3753,1.3333333333333333,1.7333333333333334,0.6666666666666666,1.1
92448,736654.4563,1.3333333333333333,1.7333333333333334,0.6666666666666666,1.1
92450,736654.5175,1.3333333333333333,1.7333333333333334,0.6666666666666666,1.0666666666666667
92451,736654.6089,1.3333333333333333,1.8666666666666667,0.6666666666666666,1.1666666666666667
92452,736654.6098,1.3333333333333333,1.9333333333333333,0.6666666666666666,1.2
92453,736654.6104,1.3333333333333333,2.0,0.6666666666666666,1.2333333333333334
92454,736654.6147,1.3333333333333333,1.3333333333333333,0.6666666666666666,0.6666666666666666
92458,736654.8627,1.3333333333333333,1.7333333333333334,0.6666666666666666,1.1666666666666667
92466,736654.9936,1.3333333333333333,2.1333333333333333,0.6666666666666666,1.3
92471,736655.1069,1.3333333333333333,1.4,0.6666666666666666,0.7666666666666667
92488,736655.6805,1.3333333333333333,1.4,0.6666666666666666,0.7666666666666667
92496,736656.0609,1.3333333333333333,1.4,0.6666666666666666,0.7666666666666667
92509,736656.4987,1.3333333333333333,2.0,0.6666666666666666,1.3
92510,736656.4997,1.3333333333333333,2.066666666666667,0.6666666666666666,1.3333333333333333
92513,736656.5241,1.3333333333333333,2.2,0.6666666666666666,1.4
92514,736656.5411,1.3333333333333333,2.3333333333333335,0.6666666666666666,1.4666666666666666
92518,736656.5775,1.3333333333333333,2.3333333333333335,0.7333333333333333,1.4666666666666666
92524,736656.6722,1.3333333333333333,2.1333333333333333,0.6666666666666666,1.3666666666666667
92526,736656.6922,1.3333333333333333,2.466666666666667,0.7666666666666667,1.5333333333333334
92527,736656.6947,1.3333333333333333,2.466666666666667,0.8,1.5333333333333334
92528,736656.7036,1.3333333333333333,2.533333333333333,0.7,1.5666666666666667
92529,736656.7282,1.3333333333333333,2.533333333333333,0.7,1.5666666666666667
92530,736656.7491,1.3333333333333333,2.533333333333333,0.7,1.5666666666666667
92531,736656.7843,1.3333333333333333,2.6666666666666665,0.8666666666666667,1.6333333333333333
92532,736656.8155,1.3333333333333333,2.7333333333333334,0.7666666666666667,1.6666666666666667
92534,736656.8704,1.3333333333333333,2.6,0.6666666666666666,1.5333333333333334
92535,736656.9509,1.3333333333333333,2.6666666666666665,0.6666666666666666,1.5666666666666667
92537,736657.0041,1.3333333333333333,2.6666666666666665,0.6666666666666666,1.5666666666666667
92539,736657.0594,1.4666666666666666,2.933333333333333,0.9,1.7333333333333334
92541,736657.0599,1.3333333333333333,3.0,0.8,1.7666666666666666
92545,736657.1612,1.6,3.066666666666667,0.9666666666666667,1.8
92548,736657.2355,1.6,3.066666666666667,0.9666666666666667,1.8
92551,736657.3135,1.6,3.066666666666667,0.9666666666666667,1.8
92552,736657.328,1.6,3.1333333333333333,0.9666666666666667,1.8333333333333333
92553,736657.3626,1.6666666666666667,3.2,1.0,1.8666666666666667
92556,736657.3675,1.8,3.2,1.0666666666666667,1.8666666666666667
92561,736657.3791,1.6,3.3333333333333335,0.9666666666666667,1.9333333333333333
92562,736657.3812,1.6666666666666667,3.466666666666667,1.0,2.0
92563,736657.3833,1.8666666666666667,3.466666666666667,1.1,2.0
92564,736657.388,1.8666666666666667,3.466666666666667,1.1,2.0
92565,736657.4051,1.8666666666666667,3.6,1.1,2.066666666666667
92568,736657.4452,1.8666666666666667,3.6,1.1,2.066666666666667
92572,736657.511,2.0,3.6,1.1666666666666667,2.066666666666667
92573,736657.5214,2.0,3.7333333333333334,1.1666666666666667,2.1333333333333333
92595,736658.1651,1.3333333333333333,3.8666666666666667,0.7333333333333333,2.1
92613,736658.731,2.066666666666667,3.8666666666666667,1.1666666666666667,2.1666666666666665
92617,736658.8421,2.066666666666667,3.8666666666666667,1.1666666666666667,2.1666666666666665
92618,736658.8615,2.2,3.933333333333333,1.2333333333333334,2.2
92622,736658.9669,2.2,3.933333333333333,1.2333333333333334,2.2
92623,736658.9765,1.3333333333333333,1.4666666666666666,0.6666666666666666,0.7666666666666667
92626,736659.1806,1.3333333333333333,3.8,0.6666666666666666,2.1333333333333333
92684,736661.0188,2.2666666666666666,4.0,1.3,2.2666666666666666
92685,736661.0195,2.533333333333333,4.133333333333334,1.4333333333333333,2.3333333333333335
92686,736661.021,2.3333333333333335,4.133333333333334,1.3333333333333333,2.3333333333333335
92689,736661.0458,2.6666666666666665,4.266666666666667,1.5,2.4
92690,736661.0553,2.466666666666667,4.333333333333333,1.4,2.433333333333333
92691,736661.0582,2.8,4.4,1.5666666666666667,2.466666666666667
92692,736661.0819,2.6666666666666665,4.4,1.5,2.466666666666667
92694,736661.098,2.6666666666666665,4.533333333333333,1.5,2.533333333333333
92695,736661.1068,2.6666666666666665,4.533333333333333,1.5,2.533333333333333
92696,736661.1072,2.6666666666666665,4.533333333333333,1.5,2.533333333333333
92697,736661.1135,3.0,4.6,1.6666666666666667,2.566666666666667
92704,736661.3242,2.6666666666666665,4.666666666666667,1.5333333333333334,2.6333333333333333
92709,736661.4303,2.6666666666666665,4.666666666666667,1.5333333333333334,2.6333333333333333
92716,736661.6506,2.6666666666666665,3.533333333333333,1.5,2.066666666666667
92718,736661.7397,2.6666666666666665,3.533333333333333,1.5,2.066666666666667
92722,736662.1291,1.3333333333333333,1.3333333333333333,0.6666666666666666,0.6666666666666666
92723,736662.1298,1.3333333333333333,1.3333333333333333,0.6666666666666666,0.6666666666666666
92724,736662.1316,1.3333333333333333,1.3333333333333333,0.6666666666666666,0.6666666666666666
92726,736662.3381,1.3333333333333333,1.3333333333333333,0.6666666666666666,0.6666666666666666
92728,736662.5264,1.3333333333333333,1.3333333333333333,0.6666666666666666,0.6666666666666666
92730,736662.7998,1.3333333333333333,1.3333333333333333,0.6666666666666666,0.6666666666666666
92759,736663.9044,1.3333333333333333,1.3333333333333333,0.6666666666666666,0.6666666666666666
92791,736665.0433,1.3333333333333333,3.533333333333333,0.6666666666666666,1.8666666666666667
92800,736665.2377,1.3333333333333333,4.266666666666667,0.6666666666666666,2.6333333333333333
92810,736665.4086,1.3333333333333333,2.8666666666666667,0.6666666666666666,1.7
92820,736665.7886,1.3333333333333333,2.8666666666666667,0.6666666666666666,1.7
92822,736665.8114,1.3333333333333333,2.8666666666666667,0.6666666666666666,1.7
92824,736665.9281,1.5333333333333334,4.0,1.0666666666666667,2.433333333333333
92842,736666.977,1.3333333333333333,1.3333333333333333,0.6666666666666666,0.6666666666666666
92848,736667.1929,1.3333333333333333,3.066666666666667,0.6666666666666666,1.8
92854,736667.4168,1.3333333333333333,3.066666666666667,0.6666666666666666,1.8
92859,736667.5642,1.3333333333333333,3.6,0.6666666666666666,2.2333333333333334
92881,736668.3419,1.3333333333333333,3.1333333333333333,0.6666666666666666,1.8333333333333333
92889,736668.4009,1.3333333333333333,4.133333333333334,0.7666666666666667,2.6666666666666665
92891,736668.4099,1.3333333333333333,4.133333333333334,0.8,2.7
92906,736669.175,1.3333333333333333,4.133333333333334,0.8,2.7
92909,736669.372,1.3333333333333333,4.133333333333334,0.8,2.7
92911,736669.3846,1.3333333333333333,3.7333333333333334,0.9333333333333333,2.566666666666667
92912,736669.386,1.3333333333333333,3.8,0.6666666666666666,2.6
92913,736669.3934,1.3333333333333333,3.8,0.6666666666666666,2.6
92914,736669.4107,1.3333333333333333,3.8666666666666667,0.8666666666666667,2.6333333333333333
92916,736669.4427,1.6666666666666667,3.933333333333333,1.1666666666666667,2.6666666666666665
92922,736669.7227,1.3333333333333333,3.7333333333333334,0.7666666666666667,2.7
92923,736669.7243,1.3333333333333333,3.7333333333333334,0.7666666666666667,2.7
92945,736671.1888,1.3333333333333333,3.7333333333333334,0.8333333333333334,2.7666666666666666
92946,736671.2063,1.3333333333333333,3.8,0.8,2.8
92948,736671.2196,1.3333333333333333,3.8,0.8,2.8
92952,736671.259,1.3333333333333333,3.8666666666666667,0.9,2.8333333333333335
92953,736671.2606,1.3333333333333333,3.933333333333333,0.9333333333333333,2.8666666666666667
92956,736671.3026,1.3333333333333333,1.3333333333333333,0.6666666666666666,0.6666666666666666
92957,736671.3035,1.3333333333333333,4.0,0.9333333333333333,2.9
92964,736671.3858,1.3333333333333333,4.0,0.9333333333333333,2.9
92967,736671.4098,1.3333333333333333,4.066666666666666,0.9666666666666667,2.9
92970,736671.5147,1.3333333333333333,4.0,0.9,2.9
92980,736672.0981,1.3333333333333333,4.0,0.9,2.9
93010,736672.5732,1.3333333333333333,1.3333333333333333,0.6666666666666666,1.1
93017,736673.0654,1.3333333333333333,1.3333333333333333,0.6666666666666666,1.1
93020,736673.173,1.3333333333333333,1.3333333333333333,0.6666666666666666,1.1
93022,736673.3011,1.3333333333333333,1.3333333333333333,0.6666666666666666,1.1
93063,736675.0024,1.3333333333333333,2.2,0.9666666666666667,2.966666666666667
93070,736675.2935,1.3333333333333333,2.2,0.9666666666666667,2.966666666666667
93074,736675.3525,1.3333333333333333,2.2666666666666666,1.0333333333333334,3.0
93082,736675.4793,1.3333333333333333,1.3333333333333333,0.8333333333333334,2.3333333333333335
93083,736675.5433,1.3333333333333333,1.3333333333333333,0.6666666666666666,0.9
93088,736675.5751,1.3333333333333333,2.3333333333333335,1.0666666666666667,3.033333333333333
93089,736675.7612,1.3333333333333333,2.4,1.1,3.066666666666667
93090,736675.8324,1.3333333333333333,2.4,1.1,3.066666666666667
93097,736676.262,1.3333333333333333,2.4,1.1,3.066666666666667
93112,736676.5997,1.3333333333333333,2.4,1.1,3.066666666666667
93117,736676.6408,1.3333333333333333,2.4,1.1,3.066666666666667
93120,736676.6864,1.3333333333333333,2.4,1.1,3.066666666666667
93129,736677.1533,1.3333333333333333,1.7333333333333334,1.1,3.066666666666667
93133,736677.253,1.3333333333333333,1.7333333333333334,1.1,3.066666666666667
93147,736677.539,1.3333333333333333,1.8,1.1,3.0
93150,736677.6212,1.3333333333333333,1.8,1.1,3.0
93153,736677.7131,1.3333333333333333,1.8,1.1,3.0
93162,736677.9389,1.3333333333333333,1.8,1.1,3.0
93164,736677.9762,1.4,1.8666666666666667,1.0,2.933333333333333
93204,736678.8436,1.4,1.8666666666666667,1.0,2.933333333333333
93206,736678.8718,1.4,1.8666666666666667,1.0,2.933333333333333
93207,736678.9095,1.4666666666666666,1.9333333333333333,1.0,2.966666666666667
93243,736679.6408,1.4666666666666666,1.9333333333333333,1.0,2.966666666666667
93250,736679.7671,1.4666666666666666,1.9333333333333333,1.0,2.966666666666667
93252,736679.9396,1.4666666666666666,1.9333333333333333,1.0,2.966666666666667
93253,736679.9621,1.4666666666666666,1.9333333333333333,1.0,2.966666666666667
93261,736680.048,1.4666666666666666,1.9333333333333333,1.0,2.966666666666667
93264,736680.13,1.4666666666666666,1.9333333333333333,1.0,2.966666666666667
93265,736680.1303,1.4666666666666666,1.9333333333333333,1.0,2.966666666666667
93266,736680.1309,1.4666666666666666,1.9333333333333333,1.0,2.966666666666667
93267,736680.135,1.4666666666666666,1.9333333333333333,1.0,2.966666666666667
93279,736680.5417,1.3333333333333333,1.3333333333333333,0.6666666666666666,2.1333333333333333
93289,736680.7648,1.5333333333333334,1.8666666666666667,1.0333333333333334,2.9
93320,736681.6172,1.3333333333333333,1.7333333333333334,1.4,2.433333333333333
93335,736682.4152,1.3333333333333333,1.7333333333333334,1.4,2.433333333333333
93342,736682.5148,1.6,1.8666666666666667,2.066666666666667,2.966666666666667
93411,736685.9141,1.3333333333333333,1.3333333333333333,0.6666666666666666,1.1666666666666667
93412,736685.9298,1.3333333333333333,1.3333333333333333,0.6666666666666666,1.1
93417,736686.1357,1.3333333333333333,1.4666666666666666,1.2666666666666666,2.566666666666667
93418,736686.1391,1.3333333333333333,1.4666666666666666,1.2666666666666666,2.566666666666667
93419,736686.1477,1.3333333333333333,1.5333333333333334,1.5666666666666667,2.6
93420,736686.1479,1.4,1.6,1.4666666666666666,2.6333333333333333
93421,736686.1498,1.4666666666666666,1.6666666666666667,1.1666666666666667,2.6666666666666665
93423,736686.1755,1.4666666666666666,1.6666666666666667,1.1666666666666667,2.6666666666666665
93425,736686.2269,1.4,1.6,1.9333333333333333,2.7
93426,736686.228,1.4,1.6,1.9333333333333333,2.7
93428,736686.2748,1.4,1.6,1.9333333333333333,2.7
93432,736686.3874,1.4,1.6,1.9333333333333333,2.7
93434,736686.4774,1.3333333333333333,1.4,1.5666666666666667,2.7333333333333334
93440,736686.6605,1.3333333333333333,1.4,1.6333333333333333,2.6
93442,736686.6756,1.3333333333333333,1.4,1.6333333333333333,2.6
93443,736686.6821,1.3333333333333333,1.4,1.6333333333333333,2.6
93444,736686.6826,1.3333333333333333,1.4666666666666666,1.6666666666666667,2.6
93449,736686.7143,1.3333333333333333,1.4666666666666666,1.6666666666666667,2.6
93450,736686.7159,1.3333333333333333,1.4666666666666666,1.6666666666666667,2.6
93451,736686.7206,1.3333333333333333,1.5333333333333334,1.5,2.533333333333333
93453,736686.7386,1.4,1.6,2.066666666666667,2.566666666666667
93454,736686.7454,1.4,1.6,2.066666666666667,2.566666666666667
93455,736686.7543,1.4666666666666666,1.6666666666666667,1.3,2.566666666666667
93458,736686.9087,1.5333333333333334,1.7333333333333334,1.3333333333333333,2.533333333333333
93459,736686.9235,1.6,1.8,1.7333333333333334,2.566666666666667
93460,736686.9783,1.6666666666666667,1.8666666666666667,2.1666666666666665,2.6
93464,736687.0827,1.7333333333333334,1.9333333333333333,1.7,2.533333333333333
93466,736687.0894,1.7333333333333334,1.9333333333333333,1.7,2.533333333333333
93467,736687.1794,1.8,2.0,2.1333333333333333,2.533333333333333
93469,736687.2174,1.8666666666666667,2.066666666666667,1.7333333333333334,2.566666666666667
93470,736687.2178,1.9333333333333333,2.1333333333333333,2.0,2.6
93471,736687.2194,2.0,2.2,2.1,2.6333333333333333
93472,736687.2218,2.066666666666667,2.2666666666666666,1.6333333333333333,2.6666666666666665
93474,736687.2241,2.1333333333333333,2.3333333333333335,1.6666666666666667,2.7
93475,736687.2491,2.2,2.4,1.6666666666666667,2.7333333333333334
93477,736687.2627,2.2666666666666666,2.466666666666667,2.2666666666666666,2.7666666666666666
93478,736687.2704,2.3333333333333335,2.533333333333333,2.033333333333333,2.8
93480,736687.2782,2.4,2.6,2.1666666666666665,2.8333333333333335
93481,736687.2787,2.466666666666667,2.6666666666666665,1.8333333333333333,2.8666666666666667
93482,736687.2815,2.533333333333333,2.7333333333333334,2.1333333333333333,2.9
93483,736687.2825,2.6,2.8,1.8666666666666667,2.933333333333333
93487,736687.4682,2.6666666666666665,2.8666666666666667,2.033333333333333,2.7
93488,736687.4766,2.7333333333333334,2.933333333333333,2.066666666666667,2.7333333333333334
93489,736687.4773,2.8,3.0,2.066666666666667,2.7666666666666666
93490,736687.4836,2.8666666666666667,3.066666666666667,2.2333333333333334,2.8
93491,736687.4864,2.933333333333333,3.1333333333333333,2.066666666666667,2.8333333333333335
93495,736687.5058,2.933333333333333,3.1333333333333333,2.066666666666667,2.8333333333333335
93497,736687.5246,2.933333333333333,3.1333333333333333,2.066666666666667,2.8333333333333335
93499,736687.5676,2.933333333333333,3.1333333333333333,2.066666666666667,2.8333333333333335
93500,736687.5819,3.0,3.1333333333333333,2.1666666666666665,2.8
93504,736687.7075,3.0,3.1333333333333333,2.1666666666666665,2.8
93505,736687.7202,3.0,3.1333333333333333,2.1666666666666665,2.8
93506,736687.8093,3.066666666666667,3.2,2.1666666666666665,2.8333333333333335
93507,736687.8106,3.1333333333333333,3.2666666666666666,2.1333333333333333,2.8666666666666667
93508,736687.8394,3.2,3.3333333333333335,2.1666666666666665,2.9
93509,736687.8562,3.2,3.3333333333333335,2.1666666666666665,2.9
93513,736688.0201,3.2666666666666666,3.4,2.1666666666666665,2.933333333333333
93520,736688.2225,3.3333333333333335,3.466666666666667,2.4,2.933333333333333
93521,736688.2554,3.4,3.533333333333333,2.6333333333333333,2.966666666666667
93522,736688.2665,3.466666666666667,3.6,2.3333333333333335,3.0
93524,736688.2834,3.533333333333333,3.6666666666666665,2.3333333333333335,3.033333333333333
93533,736688.396,3.533333333333333,3.6666666666666665,2.3333333333333335,3.033333333333333
93535,736688.5027,3.6,3.7333333333333334,2.5,3.066666666666667
93536,736688.5297,3.6666666666666665,3.8,2.4,3.1
93561,736688.9244,3.6666666666666665,3.8,2.4,3.1
93562,736688.9354,3.6666666666666665,3.8,2.4,3.1
93567,736689.0086,1.3333333333333333,1.3333333333333333,0.6666666666666666,0.6666666666666666
93572,736689.0693,3.7333333333333334,3.8666666666666667,2.433333333333333,3.033333333333333
93577,736689.1209,3.7333333333333334,3.8666666666666667,2.433333333333333,3.033333333333333
93578,736689.1338,3.7333333333333334,3.8666666666666667,2.433333333333333,3.033333333333333
93579,736689.1554,3.7333333333333334,3.8666666666666667,2.433333333333333,3.033333333333333
93583,736689.2273,3.8,3.933333333333333,2.4,3.033333333333333
93589,736689.2747,3.8,3.933333333333333,2.4,3.033333333333333
93594,736689.3444,3.8666666666666667,4.0,2.566666666666667,3.066666666666667
93596,736689.3688,3.8666666666666667,4.0,2.566666666666667,3.066666666666667
93598,736689.4028,3.8666666666666667,4.0,2.566666666666667,3.066666666666667
93599,736689.4218,3.933333333333333,4.066666666666666,2.8,3.1333333333333333
93602,736689.4627,3.933333333333333,4.066666666666666,2.8,3.1333333333333333
93603,736689.4679,3.933333333333333,4.066666666666666,2.8,3.1333333333333333
93611,736689.5719,3.933333333333333,4.066666666666666,2.8,3.1333333333333333
93614,736689.6899,3.933333333333333,4.066666666666666,2.8,3.1333333333333333
93616,736689.7292,3.933333333333333,4.066666666666666,2.8,3.1333333333333333
93620,736689.8977,4.0,4.133333333333334,2.6,3.1333333333333333
93628,736690.0357,4.0,4.133333333333334,2.8666666666666667,3.1666666666666665
93633,736690.1036,4.0,4.133333333333334,2.8666666666666667,3.1666666666666665
93634,736690.1043,4.066666666666666,4.2,2.7666666666666666,3.2
93638,736690.1564,4.133333333333334,4.266666666666667,2.8333333333333335,3.2333333333333334
93639,736690.1635,4.2,4.333333333333333,2.6666666666666665,3.2666666666666666
93640,736690.1655,4.266666666666667,4.4,2.8,3.3
93642,736690.1735,4.266666666666667,4.4,2.8,3.3
93643,736690.1945,4.266666666666667,4.4,2.8,3.3
93647,736690.2606,4.266666666666667,4.4,2.8,3.3
93672,736690.597,4.266666666666667,4.4,2.8,3.3
93679,736690.9474,4.266666666666667,4.4,2.8,3.3
93680,736690.9498,4.133333333333334,4.266666666666667,2.8666666666666667,3.3333333333333335
93681,736690.9542,4.133333333333334,4.266666666666667,2.8666666666666667,3.3333333333333335
93683,736690.9997,4.133333333333334,4.266666666666667,2.8666666666666667,3.3333333333333335
93684,736691.0488,4.2,4.333333333333333,2.8,3.2333333333333334
93688,736691.278,4.266666666666667,4.4,2.7666666666666666,3.1
93690,736691.3324,4.333333333333333,4.466666666666667,2.8,3.1
93691,736691.3363,4.4,4.533333333333333,2.8333333333333335,3.1333333333333333
93692,736691.3369,4.466666666666667,4.6,2.8666666666666667,3.1666666666666665
93693,736691.3407,4.533333333333333,4.666666666666667,2.9,3.2
93695,736691.3524,4.6,4.733333333333333,2.966666666666667,3.2333333333333334
93698,736691.3564,4.6,4.733333333333333,2.966666666666667,3.2333333333333334
93700,736691.358,4.666666666666667,4.8,2.966666666666667,3.2666666666666666
93701,736691.3603,4.733333333333333,4.866666666666666,3.033333333333333,3.3333333333333335
93705,736691.3727,4.733333333333333,4.866666666666666,3.033333333333333,3.3333333333333335
93707,736691.3838,4.8,4.933333333333334,3.033333333333333,3.3333333333333335
93709,736691.3877,4.8,4.933333333333334,3.033333333333333,3.3333333333333335
93710,736691.3925,4.8,4.933333333333334,3.033333333333333,3.3333333333333335
93712,736691.4011,4.8,4.933333333333334,3.033333333333333,3.3333333333333335
93714,736691.4064,4.866666666666666,5.0,3.066666666666667,3.3666666666666667
93717,736691.4565,4.933333333333334,5.066666666666666,3.1,3.4
93719,736691.4765,4.933333333333334,5.066666666666666,3.1,3.4
93721,736691.4969,5.0,5.133333333333334,3.1333333333333333,3.433333333333333
93723,736691.4993,5.066666666666666,5.2,3.2,3.466666666666667
93726,736691.5111,5.133333333333334,5.266666666666667,3.2,3.5
93730,736691.556,5.2,5.333333333333333,3.2333333333333334,3.533333333333333
93731,736691.5574,5.2,5.333333333333333,3.2333333333333334,3.533333333333333
93733,736691.5979,5.266666666666667,5.4,3.2666666666666666,3.566666666666667
93735,736691.6353,5.266666666666667,5.4,3.2666666666666666,3.566666666666667
93736,736691.6861,5.333333333333333,5.466666666666667,3.2666666666666666,3.566666666666667
93737,736691.6887,5.333333333333333,5.466666666666667,3.2666666666666666,3.566666666666667
93738,736691.6919,5.333333333333333,5.466666666666667,3.2666666666666666,3.566666666666667
93739,736691.6993,5.4,5.533333333333333,3.3,3.6
93742,736691.7188,5.466666666666667,5.6,3.3333333333333335,3.6333333333333333
93744,736691.7252,5.533333333333333,5.666666666666667,3.3666666666666667,3.6666666666666665
93748,736691.7617,5.6,5.733333333333333,3.4,3.7
93750,736691.807,5.666666666666667,5.8,3.433333333333333,3.7333333333333334
93751,736691.8119,5.666666666666667,5.8,3.433333333333333,3.7333333333333334
93759,736691.9157,5.733333333333333,5.866666666666666,3.466666666666667,3.7666666666666666
93762,736691.9568,5.8,5.933333333333334,3.5,3.8
93763,736691.9575,5.8,5.933333333333334,3.5,3.8
93765,736691.9841,5.8,5.933333333333334,3.5,3.8
93766,736691.9967,5.8,5.933333333333334,3.5,3.8
93767,736691.999,5.866666666666666,6.0,3.533333333333333,3.8333333333333335
93768,736692.0055,5.933333333333334,6.066666666666666,3.566666666666667,3.8666666666666667
93771,736692.0423,5.933333333333334,6.066666666666666,3.566666666666667,3.8666666666666667
93772,736692.0545,6.0,6.133333333333334,3.6,3.9
93774,736692.085,6.0,6.133333333333334,3.6,3.9
93775,736692.1016,6.066666666666666,6.2,3.6333333333333333,3.933333333333333
93776,736692.1044,6.066666666666666,6.2,3.6333333333333333,3.933333333333333
93778,736692.1248,6.066666666666666,6.2,3.6333333333333333,3.933333333333333
93779,736692.1334,6.133333333333334,6.2,3.6666666666666665,3.966666666666667
93782,736692.2262,6.133333333333334,6.2,3.6666666666666665,3.966666666666667
93791,736692.4036,6.133333333333334,6.266666666666667,3.7,4.0
93801,736692.6337,6.133333333333334,6.266666666666667,3.7333333333333334,4.033333333333333
93803,736692.7662,6.133333333333334,6.266666666666667,3.7333333333333334,4.033333333333333
93804,736692.8134,6.133333333333334,6.266666666666667,3.7333333333333334,4.033333333333333
93805,736692.8225,6.2,6.333333333333333,3.8,4.066666666666666
93806,736692.8229,6.2,6.333333333333333,3.8,4.066666666666666
93807,736692.9212,6.2,6.333333333333333,3.8,4.066666666666666
93808,736693.0584,6.2,6.333333333333333,3.8,4.066666666666666
93811,736693.1232,6.2,6.333333333333333,3.8,4.066666666666666
93815,736693.2712,6.2,6.333333333333333,3.8,4.1
93817,736693.2995,6.2,6.333333333333333,3.8,4.1
93819,736693.3843,1.3333333333333333,6.133333333333334,0.6666666666666666,3.433333333333333
93824,736693.6023,6.266666666666667,6.466666666666667,3.8333333333333335,4.166666666666667
93825,736693.6842,6.333333333333333,6.533333333333333,3.8666666666666667,4.2
93826,736693.7224,6.333333333333333,6.533333333333333,3.8666666666666667,4.2
93828,736693.8098,6.333333333333333,6.533333333333333,3.8666666666666667,4.2
93829,736693.8114,6.333333333333333,6.533333333333333,3.8666666666666667,4.2
93832,736693.9093,6.333333333333333,6.533333333333333,3.8666666666666667,4.2
93833,736693.9102,6.333333333333333,6.533333333333333,3.8666666666666667,4.2
93834,736693.915,6.333333333333333,6.533333333333333,3.8666666666666667,4.2
93836,736693.954,6.333333333333333,6.533333333333333,3.8666666666666667,4.2
93837,736693.9789,6.333333333333333,6.533333333333333,3.8666666666666667,4.2
93838,736694.0341,6.333333333333333,6.533333333333333,3.8666666666666667,4.2
93840,736694.0748,6.333333333333333,6.533333333333333,3.8666666666666667,4.2
93841,736694.1153,6.333333333333333,6.533333333333333,3.8666666666666667,4.2
93842,736694.14,6.333333333333333,6.533333333333333,3.8666666666666667,4.2
93843,736694.1627,6.333333333333333,6.533333333333333,3.9,4.233333333333333
93844,736694.1698,6.4,6.6,3.933333333333333,4.266666666666667
93845,736694.1795,6.466666666666667,6.666666666666667,3.966666666666667,4.3
93847,736694.2032,6.466666666666667,6.666666666666667,3.966666666666667,4.3
93850,736694.2159,6.466666666666667,6.666666666666667,3.966666666666667,4.3
93851,736694.2184,6.466666666666667,6.666666666666667,3.966666666666667,4.3
93854,736694.3973,6.466666666666667,6.666666666666667,3.966666666666667,4.3
93864,736694.6954,6.466666666666667,6.666666666666667,3.966666666666667,4.3
93865,736694.8146,6.533333333333333,6.733333333333333,4.0,4.333333333333333
93867,736694.8988,6.6,6.8,4.033333333333333,4.366666666666666
4,736695.0651,6.6,6.8,4.033333333333333,4.366666666666666
6,736695.1408,6.666666666666667,6.866666666666666,4.066666666666666,4.4
8,736695.1621,6.733333333333333,6.933333333333334,4.1,4.433333333333334
14,736695.4334,6.733333333333333,6.933333333333334,4.1,4.433333333333334
19,736695.6587,6.8,7.0,4.133333333333334,4.4
20,736695.6755,6.8,7.0,4.133333333333334,4.4
21,736695.6933,6.8,7.0,4.133333333333334,4.4
28,736695.9009,6.8,7.0,4.133333333333334,4.4
29,736695.9296,6.8,7.0,4.133333333333334,4.4
35,736696.0797,6.866666666666666,7.066666666666666,4.166666666666667,4.433333333333334
36,736696.0903,6.866666666666666,7.066666666666666,4.166666666666667,4.433333333333334
43,736696.4206,6.866666666666666,7.066666666666666,4.166666666666667,4.433333333333334
44,736696.5499,6.933333333333334,7.133333333333334,4.2,4.466666666666667
45,736696.574,7.0,7.2,4.233333333333333,4.5
49,736696.6556,7.0,7.2,4.266666666666667,4.533333333333333
50,736696.6569,7.0,7.2,4.266666666666667,4.533333333333333
51,736696.6582,7.066666666666666,7.266666666666667,4.3,4.566666666666666
52,736696.6636,7.133333333333334,7.333333333333333,4.333333333333333,4.6
53,736696.6683,7.2,7.4,4.366666666666666,4.633333333333334
55,736696.6904,7.2,7.4,4.366666666666666,4.633333333333334
56,736696.7,7.266666666666667,7.466666666666667,4.4,4.666666666666667
57,736696.7097,7.266666666666667,7.466666666666667,4.4,4.666666666666667
59,736696.7162,7.266666666666667,7.466666666666667,4.4,4.666666666666667
60,736696.727,7.266666666666667,7.466666666666667,4.4,4.666666666666667
61,736696.729,7.333333333333333,7.533333333333333,4.433333333333334,4.7
62,736696.7467,7.333333333333333,7.533333333333333,4.433333333333334,4.7
64,736696.7478,7.333333333333333,7.533333333333333,4.433333333333334,4.7
65,736696.7484,7.333333333333333,7.533333333333333,4.433333333333334,4.7
66,736696.7503,7.333333333333333,7.533333333333333,4.433333333333334,4.7
69,736696.8016,7.333333333333333,7.533333333333333,4.433333333333334,4.7
80,736697.0482,7.333333333333333,7.533333333333333,4.433333333333334,4.7
83,736697.1784,7.4,7.6,4.466666666666667,4.733333333333333
85,736697.1834,7.466666666666667,7.666666666666667,4.5,4.766666666666667
86,736697.1839,7.533333333333333,7.733333333333333,4.533333333333333,4.8
87,736697.188,7.6,7.8,4.566666666666666,4.833333333333333
88,736697.1885,7.6,7.8,4.566666666666666,4.833333333333333
89,736697.2173,7.6,7.8,4.566666666666666,4.833333333333333
90,736697.2311,7.666666666666667,7.866666666666666,4.6,4.833333333333333
91,736697.2345,7.666666666666667,7.866666666666666,4.6,4.833333333333333
92,736697.2632,7.666666666666667,7.866666666666666,4.6,4.833333333333333
93,736697.2672,7.666666666666667,7.866666666666666,4.6,4.833333333333333
94,736697.2676,7.733333333333333,7.933333333333334,4.633333333333334,4.866666666666666
95,736697.2699,7.8,8.0,4.666666666666667,4.9
99,736697.3454,7.866666666666666,8.066666666666666,4.7,4.933333333333334
103,736697.3858,7.866666666666666,8.066666666666666,4.7,4.933333333333334
114,736697.5344,7.866666666666666,7.933333333333334,4.766666666666667,4.966666666666667
119,736697.6776,7.866666666666666,7.933333333333334,4.766666666666667,4.966666666666667
121,736697.7393,7.866666666666666,7.933333333333334,4.766666666666667,4.966666666666667
122,736697.7548,7.866666666666666,7.933333333333334,4.766666666666667,4.966666666666667
123,736697.792,7.933333333333334,8.133333333333333,4.766666666666667,5.0
124,736697.7971,8.0,8.2,4.8,5.033333333333333
125,736697.8,8.0,8.2,4.8,5.033333333333333
126,736697.8008,8.0,8.2,4.8,5.033333333333333
127,736697.8018,8.066666666666666,8.266666666666667,4.833333333333333,5.066666666666666
132,736697.9232,8.066666666666666,8.266666666666667,4.833333333333333,5.066666666666666
133,736698.0953,1.3333333333333333,1.3333333333333333,0.6666666666666666,0.6666666666666666
135,736698.1459,1.3333333333333333,1.3333333333333333,0.6666666666666666,0.6666666666666666
137,736698.1917,8.133333333333333,8.333333333333334,4.866666666666666,5.1
138,736698.2064,1.3333333333333333,1.3333333333333333,0.6666666666666666,0.6666666666666666
145,736698.5009,8.2,8.4,4.9,5.033333333333333
150,736698.6098,8.266666666666667,8.466666666666667,4.933333333333334,5.066666666666666
152,736698.7214,8.266666666666667,8.466666666666667,4.933333333333334,5.066666666666666
158,736698.877,8.266666666666667,8.466666666666667,4.933333333333334,5.066666666666666
159,736698.8846,8.333333333333334,8.533333333333333,4.966666666666667,5.1
161,736699.0672,8.333333333333334,8.533333333333333,4.966666666666667,5.1
166,736699.3172,8.4,8.6,5.0,5.133333333333334
167,736699.3211,8.466666666666667,8.666666666666666,5.033333333333333,5.166666666666667
168,736699.3299,8.533333333333333,8.733333333333333,5.066666666666666,5.2
172,736699.4694,8.6,8.8,4.966666666666667,5.1
173,736699.4773,8.666666666666666,8.866666666666667,5.0,5.133333333333334
175,736699.7966,8.666666666666666,8.866666666666667,5.0,5.133333333333334
177,736699.8809,8.666666666666666,8.866666666666667,5.0,5.133333333333334
179,736699.9637,8.666666666666666,8.866666666666667,5.0,5.133333333333334
181,736699.9905,8.666666666666666,8.866666666666667,5.0,5.133333333333334
186,736700.1128,8.666666666666666,8.866666666666667,5.0,5.133333333333334
188,736700.1514,1.3333333333333333,8.8,0.6666666666666666,5.033333333333333
190,736700.164,1.3333333333333333,8.866666666666667,0.6666666666666666,5.066666666666666
191,736700.1643,1.3333333333333333,8.933333333333334,0.6666666666666666,5.1
192,736700.1685,1.3333333333333333,8.933333333333334,0.6666666666666666,5.1
193,736700.1708,1.3333333333333333,8.933333333333334,0.6666666666666666,5.1
196,736700.1911,1.3333333333333333,8.933333333333334,0.6666666666666666,5.1
212,736700.814,8.733333333333333,9.133333333333333,4.966666666666667,5.2
220,736700.9822,1.3333333333333333,1.3333333333333333,0.6666666666666666,0.6666666666666666
223,736701.0635,1.3333333333333333,1.3333333333333333,0.6666666666666666,0.6666666666666666
226,736701.1402,7.2,8.8,3.7,5.133333333333334
232,736701.2622,8.466666666666667,8.733333333333333,4.866666666666666,5.1
234,736701.2736,8.466666666666667,8.733333333333333,4.866666666666666,5.1
236,736701.3883,8.466666666666667,8.733333333333333,4.866666666666666,5.1
241,736701.7084,8.466666666666667,8.733333333333333,4.866666666666666,5.1
242,736701.7307,8.466666666666667,8.733333333333333,4.866666666666666,5.1
245,736701.8005,8.2,8.466666666666667,4.833333333333333,5.066666666666666
247,736701.9665,8.2,8.466666666666667,4.833333333333333,5.066666666666666
254,736702.179,8.2,8.466666666666667,4.833333333333333,5.066666666666666
270,736702.8098,8.2,8.466666666666667,4.833333333333333,5.066666666666666
273,736702.8442,8.2,8.466666666666667,4.833333333333333,5.066666666666666
274,736702.8553,6.533333333333333,6.8,4.866666666666666,5.066666666666666
275,736702.8562,6.533333333333333,6.8,4.866666666666666,5.066666666666666
276,736702.876,6.533333333333333,6.8,4.866666666666666,5.066666666666666
277,736702.8914,6.6,6.866666666666666,4.9,5.1
280,736702.9358,6.6,6.866666666666666,4.9,5.1
283,736702.9699,6.6,6.866666666666666,4.9,5.1
284,736702.978,6.6,6.866666666666666,4.9,5.1
285,736702.9868,6.6,6.933333333333334,4.9,5.133333333333334
289,736703.0575,6.666666666666667,6.933333333333334,4.966666666666667,5.166666666666667
300,736703.2709,6.666666666666667,6.933333333333334,4.966666666666667,5.166666666666667
317,736703.487,6.466666666666667,6.733333333333333,5.0,5.2
322,736703.6736,6.466666666666667,6.733333333333333,5.0,5.2
330,736704.0443,6.466666666666667,6.733333333333333,5.0,5.2
331,736704.1396,1.3333333333333333,6.333333333333333,0.6666666666666666,5.066666666666666
332,736704.1826,6.333333333333333,6.666666666666667,5.033333333333333,5.266666666666667
337,736704.3711,6.333333333333333,6.666666666666667,5.033333333333333,5.266666666666667
347,736704.5601,6.333333333333333,6.666666666666667,5.033333333333333,5.266666666666667
349,736704.6203,6.2,6.533333333333333,5.066666666666666,5.3
351,736704.6359,6.266666666666667,6.6,5.1,5.333333333333333
354,736704.66,6.266666666666667,6.6,5.1,5.333333333333333
355,736704.6656,1.3333333333333333,6.6,0.6666666666666666,5.4
358,736704.745,6.333333333333333,6.733333333333333,5.133333333333334,5.4
360,736704.8206,6.333333333333333,6.733333333333333,5.133333333333334,5.4
361,736704.8208,6.333333333333333,6.733333333333333,5.133333333333334,5.4
367,736704.945,6.333333333333333,6.733333333333333,5.166666666666667,5.433333333333334
369,736705.0512,6.333333333333333,6.733333333333333,5.166666666666667,5.433333333333334
378,736705.2002,6.266666666666667,6.533333333333333,5.233333333333333,5.5
377,736705.2002,1.3333333333333333,6.6,0.6666666666666666,5.533333333333333
383,736705.2822,6.066666666666666,6.6,5.166666666666667,5.5
394,736705.3922,6.2,6.666666666666667,5.2,5.5
405,736705.8086,6.2,6.666666666666667,5.2,5.5
406,736705.8653,6.2,6.666666666666667,5.2,5.5
417,736706.1882,6.2,6.666666666666667,5.2,5.5
422,736706.3436,6.2,6.666666666666667,5.2,5.5
423,736706.36,5.666666666666667,6.133333333333334,5.166666666666667,5.466666666666667
429,736706.4156,5.666666666666667,6.133333333333334,5.166666666666667,5.466666666666667
430,736706.5144,5.666666666666667,6.133333333333334,5.166666666666667,5.466666666666667
444,736706.8863,4.733333333333333,5.2,5.2,5.5
449,736706.93,4.733333333333333,5.2,5.233333333333333,5.533333333333333
452,736707.0138,4.733333333333333,5.2,5.233333333333333,5.533333333333333
455,736707.0753,4.733333333333333,5.2,5.233333333333333,5.533333333333333
460,736707.2367,1.3333333333333333,1.3333333333333333,0.6666666666666666,0.6666666666666666
468,736707.3954,4.466666666666667,4.933333333333334,5.266666666666667,5.566666666666666
477,736707.6363,4.466666666666667,4.933333333333334,5.266666666666667,5.566666666666666
478,736707.6838,4.466666666666667,4.933333333333334,5.266666666666667,5.566666666666666
480,736707.7113,4.466666666666667,4.933333333333334,5.266666666666667,5.566666666666666
485,736707.851,4.466666666666667,4.933333333333334,5.266666666666667,5.566666666666666
498,736708.756,1.3333333333333333,4.6,0.6666666666666666,5.533333333333333
506,736708.9691,1.3333333333333333,4.466666666666667,0.6666666666666666,5.366666666666666
509,736709.0446,1.3333333333333333,4.466666666666667,0.6666666666666666,5.366666666666666
512,736709.1432,1.3333333333333333,4.466666666666667,0.6666666666666666,5.366666666666666
517,736709.3219,3.8666666666666667,4.4,5.166666666666667,5.533333333333333
518,736709.3395,3.933333333333333,4.466666666666667,5.2,5.566666666666666
519,736709.3529,4.0,4.533333333333333,5.233333333333333,5.6
520,736709.3577,4.066666666666666,4.6,5.266666666666667,5.633333333333334
523,736709.3683,4.066666666666666,4.6,5.266666666666667,5.633333333333334
536,736709.4759,4.066666666666666,4.6,5.266666666666667,5.633333333333334
539,736709.5331,4.066666666666666,4.6,5.266666666666667,5.633333333333334
541,736709.6318,4.133333333333334,4.666666666666667,5.3,5.666666666666667
542,736709.7433,4.133333333333334,4.666666666666667,5.3,5.666666666666667
543,736709.8161,4.133333333333334,4.666666666666667,5.3,5.666666666666667
544,736709.83,4.133333333333334,4.666666666666667,5.333333333333333,5.7
554,736710.2555,1.3333333333333333,1.3333333333333333,0.6666666666666666,0.6666666666666666
556,736710.2947,4.0,4.533333333333333,5.366666666666666,5.733333333333333
560,736710.3702,4.0,4.533333333333333,5.366666666666666,5.733333333333333
564,736710.3952,4.066666666666666,4.6,5.4,5.766666666666667
569,736710.4999,4.133333333333334,4.666666666666667,5.433333333333334,5.8
575,736710.5683,4.2,4.733333333333333,5.466666666666667,5.833333333333333
583,736710.7666,4.2,4.733333333333333,5.466666666666667,5.833333333333333
584,736710.7967,4.2,4.733333333333333,5.466666666666667,5.833333333333333
585,736710.8118,4.2,4.733333333333333,5.466666666666667,5.833333333333333
586,736710.8433,4.2,4.733333333333333,5.466666666666667,5.833333333333333
588,736710.8701,4.2,4.733333333333333,5.466666666666667,5.833333333333333
589,736710.8713,4.2,4.733333333333333,5.466666666666667,5.833333333333333
590,736710.916,4.266666666666667,4.8,5.5,5.866666666666666
591,736710.9214,4.266666666666667,4.8,5.5,5.866666666666666
594,736711.0382,1.3333333333333333,4.666666666666667,0.6666666666666666,5.733333333333333
596,736711.0778,4.266666666666667,4.866666666666666,5.533333333333333,5.933333333333334
606,736711.2665,4.266666666666667,4.866666666666666,5.533333333333333,5.933333333333334
613,736711.3582,4.266666666666667,4.866666666666666,5.533333333333333,5.933333333333334
640,736711.8675,4.266666666666667,4.866666666666666,5.533333333333333,5.933333333333334
643,736712.0014,1.3333333333333333,4.133333333333334,0.6666666666666666,5.766666666666667
663,736713.2997,2.8666666666666667,3.533333333333333,5.5,5.933333333333334
672,736713.6711,2.8666666666666667,3.533333333333333,5.5,5.933333333333334
674,736713.6776,2.8,3.466666666666667,5.533333333333333,5.966666666666667
679,736714.1031,2.8,3.466666666666667,5.533333333333333,5.966666666666667
680,736714.1057,2.8,3.466666666666667,5.533333333333333,5.966666666666667
683,736714.1478,2.8,3.466666666666667,5.533333333333333,5.966666666666667
689,736714.3161,2.8,3.466666666666667,5.566666666666666,6.0
703,736714.6485,2.8,3.466666666666667,5.566666666666666,6.0
706,736715.0164,2.8,3.466666666666667,5.566666666666666,6.0
709,736715.1712,2.533333333333333,2.8666666666666667,5.533333333333333,5.866666666666666
711,736715.2521,2.6,3.066666666666667,5.633333333333334,6.066666666666666
722,736715.6999,1.3333333333333333,3.0,0.6666666666666666,5.966666666666667
724,736715.7668,2.6,3.2,5.633333333333334,6.133333333333334
725,736715.7713,2.6,3.2,5.633333333333334,6.133333333333334
739,736716.8754,2.466666666666667,3.0,5.333333333333333,5.733333333333333
740,736716.9512,2.533333333333333,3.066666666666667,5.3,5.7
751,736717.5123,1.3333333333333333,3.066666666666667,0.6666666666666666,5.0
756,736717.7405,2.6,3.2,4.6,5.066666666666666
794,736720.0335,2.6,3.2,4.6,5.066666666666666
801,736720.4362,1.3333333333333333,1.3333333333333333,0.6666666666666666,2.2
805,736720.6308,1.3333333333333333,1.9333333333333333,0.6666666666666666,4.133333333333334
806,736720.6711,1.3333333333333333,1.3333333333333333,0.6666666666666666,0.6666666666666666
807,736720.6733,1.3333333333333333,1.3333333333333333,0.6666666666666666,0.6666666666666666
811,736720.9212,1.3333333333333333,1.3333333333333333,0.6666666666666666,0.6666666666666666
812,736720.9232,1.3333333333333333,1.3333333333333333,0.6666666666666666,0.6666666666666666
827,736721.4922,1.3333333333333333,2.0,1.1333333333333333,3.8333333333333335
829,736721.5028,1.3333333333333333,2.066666666666667,1.1666666666666667,3.8
830,736721.5042,1.3333333333333333,2.066666666666667,1.1666666666666667,3.8
833,736721.5145,1.3333333333333333,2.066666666666667,1.1666666666666667,3.8
838,736722.7663,1.3333333333333333,2.066666666666667,1.1666666666666667,3.8
906,736726.1046,1.3333333333333333,2.066666666666667,1.1666666666666667,3.8
938,736727.1349,1.3333333333333333,2.066666666666667,1.1666666666666667,3.8
946,736727.3618,1.3333333333333333,1.3333333333333333,2.033333333333333,2.5
985,736728.5454,1.3333333333333333,1.3333333333333333,2.033333333333333,2.5
1000,736729.185,1.3333333333333333,1.3333333333333333,2.033333333333333,2.5
1021,736729.5256,1.3333333333333333,1.3333333333333333,0.6666666666666666,1.9666666666666666
1030,736729.7761,1.3333333333333333,1.3333333333333333,0.6666666666666666,1.9666666666666666
1042,736730.3463,1.3333333333333333,1.3333333333333333,1.5,1.7333333333333334
1049,736730.4262,1.3333333333333333,1.3333333333333333,1.5,1.7333333333333334
1052,736730.7292,1.3333333333333333,1.3333333333333333,1.5333333333333334,2.0
1066,736731.1379,1.3333333333333333,1.3333333333333333,1.6,2.0
1069,736731.25,1.3333333333333333,1.3333333333333333,1.6,2.0
1075,736731.3845,1.3333333333333333,1.3333333333333333,1.6,2.0
1087,736731.5983,1.3333333333333333,1.3333333333333333,1.5666666666666667,1.9333333333333333
1091,736731.9286,1.3333333333333333,1.3333333333333333,1.5666666666666667,1.9333333333333333
1098,736732.3771,1.3333333333333333,1.3333333333333333,1.5666666666666667,1.9333333333333333
1111,736732.7852,1.3333333333333333,1.3333333333333333,1.5666666666666667,1.9333333333333333
1112,736732.8023,1.3333333333333333,1.3333333333333333,1.5666666666666667,1.9333333333333333
1164,736734.4668,1.3333333333333333,1.3333333333333333,1.2333333333333334,1.6666666666666667
1176,736734.9353,1.3333333333333333,1.3333333333333333,1.2333333333333334,1.6666666666666667
1180,736735.1247,1.3333333333333333,1.3333333333333333,1.2333333333333334,1.6666666666666667
1206,736735.6103,1.3333333333333333,1.3333333333333333,1.0666666666666667,1.4333333333333333
1214,736736.0045,1.3333333333333333,1.3333333333333333,1.0666666666666667,1.4333333333333333
1217,736736.019,1.3333333333333333,1.3333333333333333,0.6666666666666666,0.6666666666666666
1221,736736.1212,1.3333333333333333,1.3333333333333333,0.6666666666666666,0.6666666666666666
1224,736736.274,1.3333333333333333,1.3333333333333333,0.6666666666666666,0.6666666666666666
1229,736736.6234,1.3333333333333333,1.3333333333333333,1.1,1.4666666666666666
1250,736737.4418,1.3333333333333333,1.3333333333333333,0.6666666666666666,0.6666666666666666
1263,736738.3142,1.3333333333333333,1.3333333333333333,0.6666666666666666,0.6666666666666666
1284,736739.0565,1.3333333333333333,1.3333333333333333,0.6666666666666666,1.3666666666666667
1303,736739.9161,1.3333333333333333,1.3333333333333333,0.6666666666666666,1.3666666666666667
1313,736740.3713,1.3333333333333333,1.3333333333333333,0.6666666666666666,1.1666666666666667
1318,736740.5011,1.3333333333333333,1.3333333333333333,0.6666666666666666,0.6666666666666666
1331,736741.0735,1.3333333333333333,1.3333333333333333,0.6666666666666666,0.6666666666666666
1335,736741.3045,1.3333333333333333,1.3333333333333333,0.6666666666666666,0.9
1346,736741.5418,1.3333333333333333,1.3333333333333333,0.7,0.9333333333333333
1357,736742.6874,1.3333333333333333,1.3333333333333333,0.7,0.9333333333333333
1384,736744.2989,1.3333333333333333,1.3333333333333333,0.6666666666666666,1.0333333333333334
1416,736745.4382,1.3333333333333333,1.3333333333333333,0.6666666666666666,0.6666666666666666
1422,736745.5748,1.3333333333333333,1.3333333333333333,0.6666666666666666,0.6666666666666666
1425,736745.7509,1.3333333333333333,1.3333333333333333,0.6666666666666666,0.6666666666666666
1430,736746.062,1.3333333333333333,1.3333333333333333,0.6666666666666666,0.6666666666666666
1431,736746.0672,1.3333333333333333,1.3333333333333333,0.6666666666666666,0.6666666666666666
1434,736746.1426,1.3333333333333333,1.3333333333333333,0.6666666666666666,0.6666666666666666
1454,736746.8207,1.3333333333333333,1.3333333333333333,0.6666666666666666,0.8
1512,736748.876,1.3333333333333333,1.3333333333333333,0.6666666666666666,0.8
1517,736749.0545,1.3333333333333333,1.3333333333333333,0.6666666666666666,0.6666666666666666
1520,736749.0964,1.3333333333333333,1.3333333333333333,0.6666666666666666,0.6666666666666666
1528,736749.3405,1.3333333333333333,1.3333333333333333,0.6666666666666666,0.6666666666666666
1529,736749.3445,1.3333333333333333,1.3333333333333333,0.6666666666666666,0.6666666666666666
1530,736749.3481,1.3333333333333333,1.3333333333333333,0.6666666666666666,0.6666666666666666
1537,736749.5778,1.3333333333333333,1.3333333333333333,0.6666666666666666,0.6666666666666666
1539,736749.6148,1.3333333333333333,1.3333333333333333,0.6666666666666666,0.6666666666666666
1540,736749.7766,1.3333333333333333,1.3333333333333333,0.6666666666666666,0.8666666666666667
1586,736752.3373,1.3333333333333333,1.3333333333333333,0.6666666666666666,0.6666666666666666
1593,736752.5502,1.3333333333333333,1.3333333333333333,0.6666666666666666,0.7
1600,736752.8121,1.3333333333333333,1.3333333333333333,0.6666666666666666,0.7333333333333333
1601,736752.8134,1.3333333333333333,1.3333333333333333,0.6666666666666666,0.7666666666666667
1605,736753.0479,1.3333333333333333,1.3333333333333333,0.6666666666666666,0.9666666666666667
1635,736754.3789,1.3333333333333333,1.3333333333333333,0.6666666666666666,0.8
1663,736755.8856,1.3333333333333333,1.3333333333333333,0.6666666666666666,1.0
1670,736756.1553,1.3333333333333333,1.3333333333333333,0.6666666666666666,1.0333333333333334
1675,736756.2173,1.3333333333333333,1.3333333333333333,0.6666666666666666,1.0333333333333334
1680,736756.3012,1.3333333333333333,1.3333333333333333,0.6666666666666666,1.0
1704,736757.8926,1.3333333333333333,1.3333333333333333,0.6666666666666666,1.0666666666666667
1705,736757.942,1.3333333333333333,1.3333333333333333,0.6666666666666666,1.0666666666666667
1719,736758.5331,1.3333333333333333,1.3333333333333333,0.6666666666666666,0.6666666666666666
1723,736758.718,1.3333333333333333,1.4,0.6666666666666666,1.1
1725,736758.7413,1.3333333333333333,1.4,0.6666666666666666,1.1
1729,736758.8904,1.3333333333333333,1.3333333333333333,0.6666666666666666,0.6666666666666666
1760,736759.7689,1.3333333333333333,1.3333333333333333,0.6666666666666666,0.6666666666666666
1804,736760.8841,1.3333333333333333,1.3333333333333333,0.6666666666666666,0.6666666666666666
1871,736763.4967,1.3333333333333333,1.3333333333333333,0.6666666666666666,0.6666666666666666
1877,736763.7426,1.3333333333333333,1.3333333333333333,0.6666666666666666,0.6666666666666666
1892,736764.4615,1.3333333333333333,1.3333333333333333,0.6666666666666666,0.6666666666666666
1900,736764.8265,1.3333333333333333,1.3333333333333333,0.6666666666666666,0.6666666666666666
1929,736765.9938,1.3333333333333333,1.3333333333333333,0.6666666666666666,0.6666666666666666
1966,736767.1859,1.3333333333333333,1.3333333333333333,0.6666666666666666,0.6666666666666666
2008,736769.114,1.3333333333333333,1.3333333333333333,0.6666666666666666,0.8
2072,736771.8676,1.3333333333333333,1.3333333333333333,0.6666666666666666,0.6666666666666666
2095,736772.6149,1.3333333333333333,1.3333333333333333,0.6666666666666666,0.7333333333333333
2096,736772.6196,1.3333333333333333,1.3333333333333333,0.6666666666666666,0.7333333333333333
2102,736773.063,1.3333333333333333,1.3333333333333333,0.6666666666666666,0.6666666666666666
2103,736773.1231,1.3333333333333333,1.3333333333333333,0.6666666666666666,0.8333333333333334
2142,736774.941,1.3333333333333333,1.3333333333333333,0.6666666666666666,0.8333333333333334
2149,736775.2317,1.3333333333333333,1.3333333333333333,0.6666666666666666,0.7
2194,736776.9171,1.3333333333333333,1.3333333333333333,0.6666666666666666,0.6666666666666666
2213,736777.9383,1.3333333333333333,1.3333333333333333,0.6666666666666666,0.9
2214,736777.957,1.3333333333333333,1.3333333333333333,0.6666666666666666,0.9
2226,736778.9083,1.3333333333333333,1.3333333333333333,0.6666666666666666,0.8666666666666667
2264,736779.9623,1.3333333333333333,1.3333333333333333,0.6666666666666666,0.8666666666666667
2276,736780.4052,1.3333333333333333,1.3333333333333333,0.6666666666666666,0.7
2279,736780.4851,1.3333333333333333,1.3333333333333333,0.6666666666666666,0.6666666666666666
2293,736781.1394,1.3333333333333333,1.3333333333333333,0.6666666666666666,0.6666666666666666
2308,736781.5629,1.3333333333333333,1.3333333333333333,0.6666666666666666,0.6666666666666666
2359,736784.1417,1.3333333333333333,1.3333333333333333,0.6666666666666666,0.6666666666666666
2386,736785.2635,1.3333333333333333,1.3333333333333333,0.6666666666666666,0.6666666666666666
2387,736785.265,1.3333333333333333,1.3333333333333333,0.6666666666666666,0.6666666666666666
2389,736785.2724,1.3333333333333333,1.3333333333333333,0.6666666666666666,0.6666666666666666
2397,736785.6606,1.3333333333333333,1.3333333333333333,0.6666666666666666,0.6666666666666666
2399,736785.7847,1.3333333333333333,1.3333333333333333,0.6666666666666666,0.6666666666666666
2401,736785.8778,1.3333333333333333,1.3333333333333333,0.6666666666666666,0.6666666666666666
2491,736789.7589,1.3333333333333333,1.3333333333333333,0.6666666666666666,0.6666666666666666
2494,736789.8308,1.3333333333333333,1.3333333333333333,0.6666666666666666,0.6666666666666666
2496,736789.9109,1.3333333333333333,1.3333333333333333,0.6666666666666666,0.6666666666666666
2516,736790.4572,1.3333333333333333,1.3333333333333333,0.6666666666666666,0.6666666666666666
2525,736790.8806,1.3333333333333333,1.3333333333333333,0.6666666666666666,0.6666666666666666
2653,736795.7634,1.3333333333333333,1.3333333333333333,0.6666666666666666,0.6666666666666666
2772,736796.8592,1.3333333333333333,1.3333333333333333,0.6666666666666666,0.6666666666666666
2814,736797.418,1.3333333333333333,1.3333333333333333,0.6666666666666666,0.6666666666666666
2883,736799.1708,1.3333333333333333,1.3333333333333333,0.6666666666666666,0.6666666666666666
2904,736799.7363,1.3333333333333333,1.3333333333333333,0.6666666666666666,0.6666666666666666
2906,736799.7446,1.3333333333333333,1.3333333333333333,0.6666666666666666,0.6666666666666666
2907,736799.7454,1.3333333333333333,1.3333333333333333,0.6666666666666666,0.6666666666666666
2908,736799.7459,1.3333333333333333,1.3333333333333333,0.6666666666666666,0.6666666666666666
2910,736799.7481,1.3333333333333333,1.3333333333333333,0.6666666666666666,0.6666666666666666
2912,736799.753,1.3333333333333333,1.3333333333333333,0.6666666666666666,0.6666666666666666
2913,736799.7535,1.3333333333333333,1.3333333333333333,0.6666666666666666,0.6666666666666666
2947,736801.07,1.3333333333333333,1.3333333333333333,0.6666666666666666,0.6666666666666666
2949,736801.1511,1.3333333333333333,1.3333333333333333,0.6666666666666666,0.6666666666666666
2989,736802.4299,1.3333333333333333,1.3333333333333333,0.6666666666666666,0.6666666666666666
3005,736803.1752,1.3333333333333333,1.3333333333333333,0.6666666666666666,0.6666666666666666
3006,736803.266,1.3333333333333333,1.3333333333333333,0.6666666666666666,0.6666666666666666
3076,736806.2496,1.3333333333333333,1.3333333333333333,0.6666666666666666,0.6666666666666666
3612,736811.1239,1.3333333333333333,1.3333333333333333,0.6666666666666666,0.6666666666666666
3659,736811.5778,1.3333333333333333,1.3333333333333333,0.6666666666666666,0.6666666666666666
3769,736813.0913,1.3333333333333333,1.3333333333333333,0.6666666666666666,0.6666666666666666
3778,736813.2158,1.3333333333333333,1.3333333333333333,0.6666666666666666,0.6666666666666666
4025,736817.8819,1.3333333333333333,1.3333333333333333,0.6666666666666666,0.6666666666666666
4082,736819.3273,1.3333333333333333,1.3333333333333333,0.6666666666666666,0.6666666666666666
4092,736819.6126,1.3333333333333333,1.3333333333333333,0.6666666666666666,0.6666666666666666
4095,736819.6312,1.3333333333333333,1.3333333333333333,0.6666666666666666,0.6666666666666666
4101,736819.8812,1.3333333333333333,1.3333333333333333,0.6666666666666666,0.6666666666666666
4133,736820.7617,1.3333333333333333,1.3333333333333333,0.6666666666666666,0.6666666666666666
4157,736821.8925,1.3333333333333333,1.3333333333333333,0.6666666666666666,0.6666666666666666
4186,736822.547,1.3333333333333333,1.3333333333333333,0.6666666666666666,0.6666666666666666
4195,736822.8369,1.3333333333333333,1.3333333333333333,0.6666666666666666,0.6666666666666666
4200,736822.9436,1.3333333333333333,1.3333333333333333,0.6666666666666666,0.6666666666666666
4318,736825.3397,1.3333333333333333,1.3333333333333333,0.6666666666666666,0.6666666666666666
4348,736825.8516,1.3333333333333333,1.3333333333333333,0.6666666666666666,0.6666666666666666
4350,736825.8671,1.3333333333333333,1.3333333333333333,0.6666666666666666,0.6666666666666666
4354,736825.9539,1.3333333333333333,1.3333333333333333,0.6666666666666666,0.6666666666666666
4363,736826.1139,1.3333333333333333,1.3333333333333333,0.6666666666666666,0.6666666666666666
4369,736826.2455,1.3333333333333333,1.3333333333333333,0.6666666666666666,0.6666666666666666
4395,736826.8362,1.3333333333333333,1.3333333333333333,0.6666666666666666,0.6666666666666666
4544,736830.0313,1.3333333333333333,1.3333333333333333,0.6666666666666666,0.6666666666666666
4576,736830.8082,1.3333333333333333,1.3333333333333333,0.6666666666666666,0.6666666666666666
4860,736838.827,1.3333333333333333,1.3333333333333333,0.6666666666666666,0.6666666666666666
4894,736839.985,1.3333333333333333,1.3333333333333333,0.6666666666666666,0.6666666666666666
4898,736840.0964,1.3333333333333333,1.3333333333333333,0.6666666666666666,0.6666666666666666
4941,736841.7221,1.3333333333333333,1.3333333333333333,0.6666666666666666,0.6666666666666666
5011,736843.7145,1.3333333333333333,1.3333333333333333,0.6666666666666666,0.6666666666666666
5094,736845.8024,1.3333333333333333,1.3333333333333333,0.6666666666666666,0.6666666666666666
5115,736846.3914,1.3333333333333333,1.3333333333333333,0.6666666666666666,0.6666666666666666
5152,736847.2028,1.3333333333333333,1.3333333333333333,0.6666666666666666,0.6666666666666666
5200,736848.4305,1.3333333333333333,1.3333333333333333,0.6666666666666666,0.6666666666666666
5237,736849.824,1.3333333333333333,1.3333333333333333,0.6666666666666666,0.6666666666666666
5238,736849.8248,1.3333333333333333,1.3333333333333333,0.6666666666666666,0.6666666666666666
5239,736849.8637,1.3333333333333333,1.3333333333333333,0.6666666666666666,0.6666666666666666
5241,736849.8973,1.3333333333333333,1.3333333333333333,0.6666666666666666,0.6666666666666666
5242,736849.9007,1.3333333333333333,1.3333333333333333,0.6666666666666666,0.6666666666666666
5243,736849.9019,1.3333333333333333,1.3333333333333333,0.6666666666666666,0.6666666666666666
5276,736850.5949,1.3333333333333333,1.3333333333333333,0.6666666666666666,0.6666666666666666
5281,736850.7381,1.3333333333333333,1.3333333333333333,0.6666666666666666,0.6666666666666666
5296,736851.8553,1.3333333333333333,1.3333333333333333,0.6666666666666666,0.6666666666666666
5295,736851.8553,1.3333333333333333,1.3333333333333333,0.6666666666666666,0.6666666666666666
5304,736852.0142,1.3333333333333333,1.3333333333333333,0.6666666666666666,0.6666666666666666
5309,736852.3348,1.3333333333333333,1.3333333333333333,0.6666666666666666,0.6666666666666666
5310,736852.3618,1.3333333333333333,1.3333333333333333,0.6666666666666666,0.6666666666666666
5335,736853.1134,1.3333333333333333,1.3333333333333333,0.6666666666666666,0.6666666666666666
5353,736853.5625,1.3333333333333333,1.3333333333333333,0.6666666666666666,0.6666666666666666
5361,736853.7167,1.3333333333333333,1.3333333333333333,0.6666666666666666,0.6666666666666666
5362,736853.7259,1.3333333333333333,1.3333333333333333,0.6666666666666666,0.6666666666666666
5365,736853.8683,1.3333333333333333,1.3333333333333333,0.6666666666666666,0.6666666666666666
5377,736854.4117,1.3333333333333333,1.3333333333333333,0.6666666666666666,0.6666666666666666
5383,736854.7679,1.3333333333333333,1.3333333333333333,0.6666666666666666,0.6666666666666666
5391,736855.2525,1.3333333333333333,1.3333333333333333,0.6666666666666666,0.6666666666666666
5427,736856.4991,1.3333333333333333,1.3333333333333333,0.6666666666666666,0.6666666666666666
5478,736858.5766,1.3333333333333333,1.3333333333333333,0.6666666666666666,0.6666666666666666
5486,736859.0125,1.3333333333333333,1.3333333333333333,0.6666666666666666,0.6666666666666666
5538,736860.7975,1.3333333333333333,1.3333333333333333,0.6666666666666666,0.6666666666666666
5549,736861.2344,1.3333333333333333,1.3333333333333333,0.6666666666666666,0.6666666666666666
5646,736864.5069,1.3333333333333333,1.3333333333333333,0.6666666666666666,0.6666666666666666
5694,736865.5749,1.3333333333333333,1.3333333333333333,0.6666666666666666,0.6666666666666666
5823,736868.9609,1.3333333333333333,1.3333333333333333,0.6666666666666666,0.6666666666666666
5913,736871.5227,1.3333333333333333,1.3333333333333333,0.6666666666666666,0.6666666666666666
5943,736872.6713,1.3333333333333333,1.3333333333333333,0.6666666666666666,0.6666666666666666
5993,736875.0152,1.3333333333333333,1.3333333333333333,0.6666666666666666,0.6666666666666666
6049,736878.1171,1.3333333333333333,1.3333333333333333,0.6666666666666666,0.6666666666666666
6080,736878.6588,1.3333333333333333,1.3333333333333333,0.6666666666666666,0.6666666666666666
6102,736879.6389,1.3333333333333333,1.3333333333333333,0.6666666666666666,0.6666666666666666
6116,736880.1179,1.3333333333333333,1.3333333333333333,0.6666666666666666,0.6666666666666666
6231,736883.9565,1.3333333333333333,1.3333333333333333,0.6666666666666666,0.6666666666666666
6303,736886.9054,1.3333333333333333,1.3333333333333333,0.6666666666666666,0.6666666666666666
6382,736891.6612,1.3333333333333333,1.3333333333333333,0.6666666666666666,0.6666666666666666
6383,736891.6633,1.3333333333333333,1.3333333333333333,0.6666666666666666,0.6666666666666666
6386,736891.873,1.3333333333333333,1.3333333333333333,0.6666666666666666,0.6666666666666666
6448,736893.6306,1.3333333333333333,1.3333333333333333,0.6666666666666666,0.6666666666666666
6458,736894.0018,1.3333333333333333,1.3333333333333333,0.6666666666666666,0.6666666666666666
6459,736894.008,1.3333333333333333,1.3333333333333333,0.6666666666666666,0.6666666666666666
6527,736895.759,1.3333333333333333,1.3333333333333333,0.6666666666666666,0.6666666666666666
6530,736895.9126,1.3333333333333333,1.3333333333333333,0.6666666666666666,0.6666666666666666
6546,736896.5207,1.3333333333333333,1.3333333333333333,0.6666666666666666,0.6666666666666666
6547,736896.5221,1.3333333333333333,1.3333333333333333,0.6666666666666666,0.6666666666666666
6574,736897.5385,1.3333333333333333,1.3333333333333333,0.6666666666666666,0.6666666666666666
6577,736897.7357,1.3333333333333333,1.3333333333333333,0.6666666666666666,0.6666666666666666
6708,736904.6501,1.3333333333333333,1.3333333333333333,0.6666666666666666,0.6666666666666666
6719,736905.3502,1.3333333333333333,1.3333333333333333,0.6666666666666666,0.6666666666666666
6765,736907.3879,1.3333333333333333,1.3333333333333333,0.6666666666666666,0.6666666666666666
6773,736907.9445,1.3333333333333333,1.3333333333333333,0.6666666666666666,0.6666666666666666
6787,736908.8652,1.3333333333333333,1.3333333333333333,0.6666666666666666,0.6666666666666666
6799,736909.5301,1.3333333333333333,1.3333333333333333,0.6666666666666666,0.6666666666666666
6801,736909.9577,1.3333333333333333,1.3333333333333333,0.6666666666666666,0.6666666666666666
6802,736909.9646,1.3333333333333333,1.3333333333333333,0.6666666666666666,0.6666666666666666
6818,736910.7023,1.3333333333333333,1.3333333333333333,0.6666666666666666,0.6666666666666666
6840,736913.0804,1.3333333333333333,1.3333333333333333,0.6666666666666666,0.6666666666666666
6850,736913.3752,1.3333333333333333,1.3333333333333333,0.6666666666666666,0.6666666666666666
6854,736913.5083,1.3333333333333333,1.3333333333333333,0.6666666666666666,0.6666666666666666
6857,736913.5559,1.3333333333333333,1.3333333333333333,0.6666666666666666,0.6666666666666666
6945,736919.0118,1.3333333333333333,1.3333333333333333,0.6666666666666666,0.6666666666666666
7014,736921.839,1.3333333333333333,1.3333333333333333,0.6666666666666666,0.6666666666666666
7019,736922.0237,1.3333333333333333,1.3333333333333333,0.6666666666666666,0.6666666666666666
7025,736922.235,1.3333333333333333,1.3333333333333333,0.6666666666666666,0.6666666666666666
7041,736922.5938,1.3333333333333333,1.3333333333333333,0.6666666666666666,0.6666666666666666
7069,736923.3568,1.3333333333333333,1.3333333333333333,0.6666666666666666,0.6666666666666666
7078,736923.5929,1.3333333333333333,1.3333333333333333,0.6666666666666666,0.6666666666666666
7091,736924.1228,1.3333333333333333,1.3333333333333333,0.6666666666666666,0.6666666666666666
7199,736925.9071,1.3333333333333333,1.3333333333333333,0.6666666666666666,0.6666666666666666
7409,736928.1421,1.3333333333333333,1.3333333333333333,0.6666666666666666,0.6666666666666666
7411,736928.1613,1.3333333333333333,1.3333333333333333,0.6666666666666666,0.6666666666666666
7412,736928.2056,1.3333333333333333,1.3333333333333333,0.6666666666666666,0.6666666666666666
7423,736928.7892,1.3333333333333333,1.3333333333333333,0.6666666666666666,0.6666666666666666
7480,736930.1714,1.3333333333333333,1.3333333333333333,0.6666666666666666,0.6666666666666666
7504,736930.8717,1.3333333333333333,1.3333333333333333,0.6666666666666666,0.6666666666666666
7547,736932.1115,1.3333333333333333,1.3333333333333333,0.6666666666666666,0.6666666666666666
7558,736932.6602,1.3333333333333333,1.3333333333333333,0.6666666666666666,0.6666666666666666
7562,736932.7444,1.3333333333333333,1.3333333333333333,0.6666666666666666,0.6666666666666666
7575,736932.8604,1.3333333333333333,1.3333333333333333,0.6666666666666666,0.6666666666666666
7578,736932.9523,1.3333333333333333,1.3333333333333333,0.6666666666666666,0.6666666666666666
7605,736934.0609,1.3333333333333333,1.3333333333333333,0.6666666666666666,0.6666666666666666
7668,736936.1429,1.3333333333333333,1.3333333333333333,0.6666666666666666,0.6666666666666666
7690,736936.4365,1.3333333333333333,1.3333333333333333,0.6666666666666666,0.6666666666666666
7693,736936.5707,1.3333333333333333,1.3333333333333333,0.6666666666666666,0.6666666666666666
7762,736938.5437,1.3333333333333333,1.3333333333333333,0.6666666666666666,0.6666666666666666
7809,736941.0349,1.3333333333333333,1.3333333333333333,0.6666666666666666,0.6666666666666666
7858,736942.1478,1.3333333333333333,1.3333333333333333,0.6666666666666666,0.6666666666666666
7877,736942.5847,1.3333333333333333,1.3333333333333333,0.6666666666666666,0.6666666666666666
7885,736943.0209,1.3333333333333333,1.3333333333333333,0.6666666666666666,0.6666666666666666
7937,736944.6632,1.3333333333333333,1.3333333333333333,0.6666666666666666,0.6666666666666666
7942,736944.9065,1.3333333333333333,1.3333333333333333,0.6666666666666666,0.6666666666666666
7945,736945.122,1.3333333333333333,1.3333333333333333,0.6666666666666666,0.6666666666666666
8017,736948.3029,1.3333333333333333,1.3333333333333333,0.6666666666666666,0.6666666666666666
8052,736950.0047,1.3333333333333333,1.3333333333333333,0.6666666666666666,0.6666666666666666
8054,736950.011,1.3333333333333333,1.3333333333333333,0.6666666666666666,0.6666666666666666
8081,736950.5149,1.3333333333333333,1.3333333333333333,0.6666666666666666,0.6666666666666666
8126,736952.296,1.3333333333333333,1.3333333333333333,0.6666666666666666,0.6666666666666666
8145,736952.8463,1.3333333333333333,1.3333333333333333,0.6666666666666666,0.6666666666666666
8182,736954.3404,1.3333333333333333,1.3333333333333333,0.6666666666666666,0.6666666666666666
8196,736954.6959,1.3333333333333333,1.3333333333333333,0.6666666666666666,0.6666666666666666
8221,736955.9454,1.3333333333333333,1.3333333333333333,0.6666666666666666,0.6666666666666666
8244,736956.8105,1.3333333333333333,1.3333333333333333,0.6666666666666666,0.6666666666666666
8258,736957.2962,1.3333333333333333,1.3333333333333333,0.6666666666666666,0.6666666666666666
8341,736960.6342,1.3333333333333333,1.3333333333333333,0.6666666666666666,0.6666666666666666
8348,736960.9239,1.3333333333333333,1.3333333333333333,0.6666666666666666,0.6666666666666666
8350,736960.9791,1.3333333333333333,1.3333333333333333,0.6666666666666666,0.6666666666666666
8426,736962.5899,1.3333333333333333,1.3333333333333333,0.6666666666666666,0.6666666666666666
8548,736966.2657,1.3333333333333333,1.3333333333333333,0.6666666666666666,0.6666666666666666
8571,736967.0173,1.3333333333333333,1.3333333333333333,0.6666666666666666,0.6666666666666666
8589,736967.7519,1.3333333333333333,1.3333333333333333,0.6666666666666666,0.6666666666666666
8740,736970.0065,1.3333333333333333,1.3333333333333333,0.6666666666666666,0.6666666666666666
8754,736970.1106,1.3333333333333333,1.3333333333333333,0.6666666666666666,0.6666666666666666
8788,736970.4142,1.3333333333333333,1.3333333333333333,0.6666666666666666,0.6666666666666666
8789,736970.4226,1.3333333333333333,1.3333333333333333,0.6666666666666666,0.6666666666666666
8836,736971.2066,1.3333333333333333,1.3333333333333333,0.6666666666666666,0.6666666666666666
8875,736971.8933,1.3333333333333333,1.3333333333333333,0.6666666666666666,0.6666666666666666
8899,736972.4124,1.3333333333333333,1.3333333333333333,0.6666666666666666,0.6666666666666666
8911,736972.637,1.3333333333333333,1.3333333333333333,0.6666666666666666,0.6666666666666666
8912,736972.6375,1.3333333333333333,1.3333333333333333,0.6666666666666666,0.6666666666666666
8925,736973.1253,1.3333333333333333,1.3333333333333333,0.6666666666666666,0.6666666666666666
8933,736973.4636,1.3333333333333333,1.3333333333333333,0.6666666666666666,0.6666666666666666
8934,736973.4695,1.3333333333333333,1.3333333333333333,0.6666666666666666,0.6666666666666666
8955,736973.9911,1.3333333333333333,1.3333333333333333,0.6666666666666666,0.6666666666666666
8964,736974.284,1.3333333333333333,1.3333333333333333,0.6666666666666666,0.6666666666666666
8987,736974.8863,1.3333333333333333,1.3333333333333333,0.6666666666666666,0.6666666666666666
9046,736976.1574,1.3333333333333333,1.3333333333333333,0.6666666666666666,0.6666666666666666
9168,736978.7664,1.3333333333333333,1.3333333333333333,0.6666666666666666,0.6666666666666666
9182,736979.6582,1.3333333333333333,1.3333333333333333,0.6666666666666666,0.6666666666666666
9187,736979.8648,1.3333333333333333,1.3333333333333333,0.6666666666666666,0.6666666666666666
9193,736980.1013,1.3333333333333333,1.3333333333333333,0.6666666666666666,0.6666666666666666
9242,736981.6835,1.3333333333333333,1.3333333333333333,0.6666666666666666,0.6666666666666666
9294,736982.849,1.3333333333333333,1.3333333333333333,0.6666666666666666,0.6666666666666666
9303,736982.9958,1.3333333333333333,1.3333333333333333,0.6666666666666666,0.6666666666666666
9363,736984.8673,1.3333333333333333,1.3333333333333333,0.6666666666666666,0.6666666666666666
9392,736986.3838,1.3333333333333333,1.3333333333333333,0.6666666666666666,0.6666666666666666
9400,736986.498,1.3333333333333333,1.3333333333333333,0.6666666666666666,0.6666666666666666
9405,736986.5879,1.3333333333333333,1.3333333333333333,0.6666666666666666,0.6666666666666666
9451,736987.8186,1.3333333333333333,1.3333333333333333,0.6666666666666666,0.6666666666666666
9482,736988.8842,1.3333333333333333,1.3333333333333333,0.6666666666666666,0.6666666666666666
9483,736988.8868,1.3333333333333333,1.3333333333333333,0.6666666666666666,0.6666666666666666
9484,736988.8916,1.3333333333333333,1.3333333333333333,0.6666666666666666,0.6666666666666666
9485,736988.8981,1.3333333333333333,1.3333333333333333,0.6666666666666666,0.6666666666666666
9521,736990.1342,1.3333333333333333,1.3333333333333333,0.6666666666666666,0.6666666666666666
9534,736990.4721,1.3333333333333333,1.3333333333333333,0.6666666666666666,0.6666666666666666
9542,736990.8059,1.3333333333333333,1.3333333333333333,0.6666666666666666,0.6666666666666666
9569,736992.279,1.3333333333333333,1.3333333333333333,0.6666666666666666,0.6666666666666666
9582,736993.1594,1.3333333333333333,1.3333333333333333,0.6666666666666666,0.6666666666666666
9591,736993.8129,1.3333333333333333,1.3333333333333333,0.6666666666666666,0.6666666666666666
9602,736994.3482,1.3333333333333333,1.3333333333333333,0.6666666666666666,0.6666666666666666
9633,736995.5155,1.3333333333333333,1.3333333333333333,0.6666666666666666,0.6666666666666666
9637,736995.6021,1.3333333333333333,1.3333333333333333,0.6666666666666666,0.6666666666666666
9642,736995.8744,1.3333333333333333,1.3333333333333333,0.6666666666666666,0.6666666666666666
9646,736996.0294,1.3333333333333333,1.3333333333333333,0.6666666666666666,0.6666666666666666
9668,736996.5216,1.3333333333333333,1.3333333333333333,0.6666666666666666,0.6666666666666666
9700,736997.2158,1.3333333333333333,1.3333333333333333,0.6666666666666666,0.6666666666666666
9794,736999.9104,1.3333333333333333,1.3333333333333333,0.6666666666666666,0.6666666666666666
9897,737002.9905,1.3333333333333333,1.3333333333333333,0.6666666666666666,0.6666666666666666
9899,737002.999,1.3333333333333333,1.3333333333333333,0.6666666666666666,0.6666666666666666
9907,737003.0987,1.3333333333333333,1.3333333333333333,0.6666666666666666,0.6666666666666666
10034,737007.2574,1.3333333333333333,1.3333333333333333,0.6666666666666666,0.6666666666666666
10051,737007.7492,1.3333333333333333,1.3333333333333333,0.6666666666666666,0.6666666666666666
10053,737007.8082,1.3333333333333333,1.3333333333333333,0.6666666666666666,0.6666666666666666
10081,737008.5826,1.3333333333333333,1.3333333333333333,0.6666666666666666,0.6666666666666666
10100,737009.3396,1.3333333333333333,1.3333333333333333,0.6666666666666666,0.6666666666666666
10110,737009.5695,1.3333333333333333,1.3333333333333333,0.6666666666666666,0.6666666666666666
10167,737012.0586,1.3333333333333333,1.3333333333333333,0.6666666666666666,0.6666666666666666
10177,737012.4424,1.3333333333333333,1.3333333333333333,0.6666666666666666,0.6666666666666666
10186,737013.0466,1.3333333333333333,1.3333333333333333,0.6666666666666666,0.6666666666666666
10187,737013.2113,1.3333333333333333,1.3333333333333333,0.6666666666666666,0.6666666666666666
10189,737013.3369,1.3333333333333333,1.3333333333333333,0.6666666666666666,0.6666666666666666
10191,737013.3727,1.3333333333333333,1.3333333333333333,0.6666666666666666,0.6666666666666666
10193,737013.3929,1.3333333333333333,1.3333333333333333,0.6666666666666666,0.6666666666666666
10194,737013.4036,1.3333333333333333,1.3333333333333333,0.6666666666666666,0.6666666666666666
10195,737013.4087,1.3333333333333333,1.3333333333333333,0.6666666666666666,0.6666666666666666
10198,737013.5522,1.3333333333333333,1.3333333333333333,0.6666666666666666,0.6666666666666666
10199,737013.599,1.3333333333333333,1.3333333333333333,0.6666666666666666,0.6666666666666666
10200,737013.6042,1.3333333333333333,1.3333333333333333,0.6666666666666666,0.6666666666666666
10202,737013.6756,1.3333333333333333,1.3333333333333333,0.6666666666666666,0.6666666666666666
10209,737013.8632,1.3333333333333333,1.3333333333333333,0.6666666666666666,0.6666666666666666
10229,737014.5407,1.3333333333333333,1.3333333333333333,0.6666666666666666,0.6666666666666666
10231,737014.6705,1.3333333333333333,1.3333333333333333,0.6666666666666666,0.6666666666666666
10236,737014.8487,1.3333333333333333,1.3333333333333333,0.6666666666666666,0.6666666666666666
10237,737015.0997,1.3333333333333333,1.3333333333333333,0.6666666666666666,0.6666666666666666
10240,737015.2867,1.3333333333333333,1.3333333333333333,0.6666666666666666,0.6666666666666666
10268,737016.1695,1.3333333333333333,1.3333333333333333,0.6666666666666666,0.6666666666666666
10273,737016.3255,1.3333333333333333,1.3333333333333333,0.6666666666666666,0.6666666666666666
10279,737016.7939,1.3333333333333333,1.3333333333333333,0.6666666666666666,0.6666666666666666
10281,737016.8036,1.3333333333333333,1.3333333333333333,0.6666666666666666,0.6666666666666666
10283,737016.8501,1.3333333333333333,1.3333333333333333,0.6666666666666666,0.6666666666666666
10286,737016.8744,1.3333333333333333,1.3333333333333333,0.6666666666666666,0.7666666666666667
10290,737017.0065,1.3333333333333333,1.3333333333333333,0.6666666666666666,0.7666666666666667
10350,737018.9102,1.3333333333333333,1.3333333333333333,0.6666666666666666,0.7666666666666667
10352,737018.9599,1.3333333333333333,1.3333333333333333,0.6666666666666666,0.7666666666666667
10359,737019.3608,1.3333333333333333,1.3333333333333333,0.6666666666666666,0.7666666666666667
10361,737019.3741,1.3333333333333333,1.3333333333333333,0.6666666666666666,0.6666666666666666
10362,737019.3741,1.3333333333333333,1.3333333333333333,0.6666666666666666,0.6666666666666666
10411,737021.6351,1.3333333333333333,1.3333333333333333,0.6666666666666666,0.6666666666666666
10419,737021.8849,1.3333333333333333,1.3333333333333333,0.6666666666666666,0.6666666666666666
10429,737022.2453,1.3333333333333333,1.3333333333333333,0.6666666666666666,0.6666666666666666
10442,737022.5837,1.3333333333333333,1.3333333333333333,0.6666666666666666,0.6666666666666666
10444,737022.7982,1.3333333333333333,1.3333333333333333,0.6666666666666666,0.6666666666666666
10454,737023.0752,1.3333333333333333,1.3333333333333333,0.6666666666666666,0.6666666666666666
10455,737023.0769,1.3333333333333333,1.3333333333333333,0.6666666666666666,0.6666666666666666
10468,737023.3128,1.3333333333333333,1.3333333333333333,0.6666666666666666,0.6666666666666666
10489,737023.9967,1.3333333333333333,1.3333333333333333,0.6666666666666666,0.6666666666666666
10537,737025.5744,1.3333333333333333,1.3333333333333333,0.6666666666666666,0.6666666666666666
10538,737025.5746,1.3333333333333333,1.3333333333333333,0.6666666666666666,0.6666666666666666
10540,737025.5808,1.3333333333333333,1.3333333333333333,0.6666666666666666,0.6666666666666666
10545,737025.7485,1.3333333333333333,1.3333333333333333,0.6666666666666666,0.6666666666666666
10555,737026.1813,1.3333333333333333,1.3333333333333333,0.6666666666666666,0.6666666666666666
10571,737026.5009,1.3333333333333333,1.3333333333333333,0.6666666666666666,0.6666666666666666
10583,737027.6766,1.3333333333333333,1.3333333333333333,0.6666666666666666,0.6666666666666666
10611,737028.7357,1.3333333333333333,1.3333333333333333,0.6666666666666666,0.6666666666666666
10619,737029.0455,1.3333333333333333,1.3333333333333333,0.6666666666666666,0.6666666666666666
10630,737029.3807,1.3333333333333333,1.3333333333333333,0.6666666666666666,0.7
10659,737030.7245,1.3333333333333333,1.3333333333333333,0.6666666666666666,0.7333333333333333
10708,737032.1504,1.3333333333333333,1.3333333333333333,0.6666666666666666,0.7
10729,737033.0826,1.3333333333333333,1.3333333333333333,0.6666666666666666,0.9333333333333333
10738,737033.5133,1.3333333333333333,1.3333333333333333,0.6666666666666666,0.9
10863,737038.8692,1.3333333333333333,1.3333333333333333,0.6666666666666666,0.7333333333333333
10868,737038.9098,1.3333333333333333,1.3333333333333333,0.6666666666666666,0.7666666666666667
10915,737041.047,1.3333333333333333,1.3333333333333333,0.6666666666666666,0.7666666666666667
10920,737041.1626,1.3333333333333333,1.3333333333333333,0.6666666666666666,0.7666666666666667
10956,737042.3756,1.3333333333333333,1.3333333333333333,0.6666666666666666,0.7
10972,737042.6615,1.3333333333333333,1.3333333333333333,0.6666666666666666,0.9
10975,737042.6833,1.3333333333333333,1.3333333333333333,0.6666666666666666,0.9333333333333333
10987,737043.0823,1.3333333333333333,1.3333333333333333,0.6666666666666666,0.6666666666666666
11011,737043.6851,1.3333333333333333,1.3333333333333333,0.6666666666666666,0.7333333333333333
11039,737045.2427,1.3333333333333333,1.3333333333333333,0.6666666666666666,0.7666666666666667
11043,737045.393,1.3333333333333333,1.3333333333333333,0.6666666666666666,0.6666666666666666
11080,737047.0703,1.3333333333333333,1.3333333333333333,0.6666666666666666,0.9
11130,737049.4271,1.3333333333333333,1.3333333333333333,0.6666666666666666,0.9
11257,737053.9328,1.3333333333333333,1.3333333333333333,0.6666666666666666,0.9
11278,737055.8146,1.3333333333333333,1.3333333333333333,0.6666666666666666,0.6666666666666666
11386,737060.8421,1.3333333333333333,1.3333333333333333,0.6666666666666666,0.6666666666666666
11415,737062.4813,1.3333333333333333,1.3333333333333333,0.6666666666666666,0.6666666666666666
11467,737064.3997,1.3333333333333333,1.3333333333333333,0.6666666666666666,0.6666666666666666
11512,737066.1102,1.3333333333333333,1.3333333333333333,0.6666666666666666,0.6666666666666666
11533,737066.99,1.3333333333333333,1.3333333333333333,0.6666666666666666,0.6666666666666666
11547,737067.8849,1.3333333333333333,1.3333333333333333,0.6666666666666666,0.6666666666666666
11559,737068.4284,1.3333333333333333,1.3333333333333333,0.6666666666666666,0.6666666666666666
11574,737068.9279,1.3333333333333333,1.3333333333333333,0.6666666666666666,0.6666666666666666
11583,737069.1423,1.3333333333333333,1.3333333333333333,0.6666666666666666,0.6666666666666666
11585,737069.1516,1.3333333333333333,1.3333333333333333,0.6666666666666666,0.6666666666666666
11586,737069.1524,1.3333333333333333,1.3333333333333333,0.6666666666666666,0.6666666666666666
11588,737069.1869,1.3333333333333333,1.3333333333333333,0.6666666666666666,0.6666666666666666
11645,737071.8064,1.3333333333333333,1.3333333333333333,0.6666666666666666,0.6666666666666666
11646,737071.8296,1.3333333333333333,1.3333333333333333,0.6666666666666666,0.6666666666666666
11649,737072.0176,1.3333333333333333,1.3333333333333333,0.6666666666666666,0.6666666666666666
11720,737076.2347,1.3333333333333333,1.3333333333333333,0.6666666666666666,0.6666666666666666
11726,737076.5784,1.3333333333333333,1.3333333333333333,0.6666666666666666,0.6666666666666666
11758,737080.6248,1.3333333333333333,1.3333333333333333,0.6666666666666666,0.6666666666666666
11779,737081.6431,1.3333333333333333,1.3333333333333333,0.6666666666666666,0.6666666666666666
11791,737082.1697,1.3333333333333333,1.3333333333333333,0.6666666666666666,0.6666666666666666
11852,737084.6968,1.3333333333333333,1.3333333333333333,0.6666666666666666,0.6666666666666666
11875,737085.6381,1.3333333333333333,1.3333333333333333,0.6666666666666666,0.6666666666666666
11899,737086.9064,1.3333333333333333,1.3333333333333333,0.6666666666666666,0.6666666666666666
11946,737088.4238,1.3333333333333333,1.3333333333333333,0.6666666666666666,0.6666666666666666
11950,737088.4729,1.3333333333333333,1.3333333333333333,0.6666666666666666,0.6666666666666666
12059,737092.8427,1.3333333333333333,1.3333333333333333,0.6666666666666666,0.6666666666666666
12068,737093.3949,1.3333333333333333,1.3333333333333333,0.6666666666666666,0.6666666666666666
12072,737093.612,1.3333333333333333,1.3333333333333333,0.6666666666666666,0.6666666666666666
12077,737094.0078,1.3333333333333333,1.3333333333333333,0.6666666666666666,0.6666666666666666
12099,737095.0481,1.3333333333333333,1.3333333333333333,0.6666666666666666,0.6666666666666666
12205,737096.1502,1.3333333333333333,1.3333333333333333,0.6666666666666666,0.6666666666666666
12362,737099.6905,1.3333333333333333,1.3333333333333333,0.6666666666666666,0.6666666666666666
12365,737099.7447,1.3333333333333333,1.3333333333333333,0.6666666666666666,0.6666666666666666
12557,737102.8773,1.3333333333333333,1.3333333333333333,0.6666666666666666,0.6666666666666666
12612,737104.7412,1.3333333333333333,1.3333333333333333,0.6666666666666666,0.6666666666666666
12653,737105.987,1.3333333333333333,1.3333333333333333,0.6666666666666666,0.6666666666666666
12654,737106.0096,1.3333333333333333,1.3333333333333333,0.6666666666666666,0.6666666666666666
12666,737106.4495,1.3333333333333333,1.3333333333333333,0.6666666666666666,0.6666666666666666
12678,737106.9151,1.3333333333333333,1.3333333333333333,0.6666666666666666,0.6666666666666666
12748,737109.852,1.3333333333333333,1.3333333333333333,0.6666666666666666,0.6666666666666666
12769,737110.5482,1.3333333333333333,1.3333333333333333,0.6666666666666666,0.6666666666666666
12775,737110.6387,1.3333333333333333,1.3333333333333333,0.6666666666666666,0.6666666666666666
12777,737110.6653,1.3333333333333333,1.3333333333333333,0.6666666666666666,0.6666666666666666
12787,737111.0011,1.3333333333333333,1.3333333333333333,0.6666666666666666,0.6666666666666666
12806,737111.3841,1.3333333333333333,1.3333333333333333,0.6666666666666666,0.6666666666666666
12841,737112.3086,1.3333333333333333,1.3333333333333333,0.6666666666666666,0.6666666666666666
12843,737112.3346,1.3333333333333333,1.3333333333333333,0.6666666666666666,0.6666666666666666
12876,737114.019,1.3333333333333333,1.3333333333333333,0.6666666666666666,0.6666666666666666
12930,737116.0709,1.3333333333333333,1.3333333333333333,0.6666666666666666,0.6666666666666666
12931,737116.1392,1.3333333333333333,1.3333333333333333,0.6666666666666666,0.6666666666666666
12951,737117.1761,1.3333333333333333,1.3333333333333333,0.6666666666666666,0.6666666666666666
12977,737118.5174,1.3333333333333333,1.3333333333333333,0.6666666666666666,0.6666666666666666
12991,737119.3115,1.3333333333333333,1.3333333333333333,0.6666666666666666,0.6666666666666666
13002,737120.0737,1.3333333333333333,1.3333333333333333,0.6666666666666666,0.6666666666666666
13017,737121.0012,1.3333333333333333,1.3333333333333333,0.6666666666666666,0.6666666666666666
13019,737121.0302,1.3333333333333333,1.3333333333333333,0.6666666666666666,0.6666666666666666
13086,737123.5606,1.3333333333333333,1.3333333333333333,0.6666666666666666,0.6666666666666666
13091,737123.7224,1.3333333333333333,1.3333333333333333,0.6666666666666666,0.6666666666666666
13093,737123.9025,1.3333333333333333,1.3333333333333333,0.6666666666666666,0.6666666666666666
13117,737124.5762,1.3333333333333333,1.3333333333333333,0.6666666666666666,0.6666666666666666
13138,737126.0164,1.3333333333333333,1.3333333333333333,0.6666666666666666,0.6666666666666666
13151,737126.8417,1.3333333333333333,1.3333333333333333,0.6666666666666666,0.6666666666666666
13155,737127.1448,1.3333333333333333,1.3333333333333333,0.6666666666666666,0.6666666666666666
13170,737127.6461,1.3333333333333333,1.3333333333333333,0.6666666666666666,0.6666666666666666
13176,737127.9455,1.3333333333333333,1.3333333333333333,0.6666666666666666,0.6666666666666666
13191,737128.3592,1.3333333333333333,1.3333333333333333,0.6666666666666666,0.6666666666666666
13208,737129.0207,1.3333333333333333,1.3333333333333333,0.6666666666666666,0.6666666666666666
13273,737130.9548,1.3333333333333333,1.3333333333333333,0.6666666666666666,0.6666666666666666
13293,737131.6519,1.3333333333333333,1.3333333333333333,0.6666666666666666,0.6666666666666666
13298,737131.79,1.3333333333333333,1.3333333333333333,0.6666666666666666,0.6666666666666666
13311,737132.3904,1.3333333333333333,1.3333333333333333,0.6666666666666666,0.6666666666666666
13359,737134.1288,1.3333333333333333,1.3333333333333333,0.6666666666666666,0.6666666666666666
13374,737135.0313,1.3333333333333333,1.3333333333333333,0.6666666666666666,0.6666666666666666
13375,737135.0424,1.3333333333333333,1.3333333333333333,0.6666666666666666,0.6666666666666666
13381,737135.8183,1.3333333333333333,1.3333333333333333,0.6666666666666666,0.6666666666666666
13382,737135.8239,1.3333333333333333,1.3333333333333333,0.6666666666666666,0.6666666666666666
13383,737135.9405,1.3333333333333333,1.3333333333333333,0.6666666666666666,0.6666666666666666
13724,737140.1379,1.3333333333333333,1.3333333333333333,0.6666666666666666,0.6666666666666666
13756,737140.4195,1.3333333333333333,1.3333333333333333,0.6666666666666666,0.6666666666666666
13889,737142.0877,1.3333333333333333,1.3333333333333333,0.6666666666666666,0.6666666666666666
13921,737142.7815,1.3333333333333333,1.3333333333333333,0.6666666666666666,0.6666666666666666
13930,737142.9285,1.3333333333333333,1.3333333333333333,0.6666666666666666,0.6666666666666666
13931,737142.9326,1.3333333333333333,1.3333333333333333,0.6666666666666666,0.6666666666666666
13958,737143.1589,1.3333333333333333,1.3333333333333333,0.6666666666666666,0.6666666666666666
14073,737143.6957,1.3333333333333333,1.3333333333333333,0.6666666666666666,0.6666666666666666
14424,737145.1454,1.3333333333333333,1.3333333333333333,0.6666666666666666,0.6666666666666666
14490,737145.6664,1.3333333333333333,1.3333333333333333,0.6666666666666666,0.6666666666666666
14518,737145.8819,1.3333333333333333,1.3333333333333333,0.6666666666666666,0.6666666666666666
14781,737147.3552,1.3333333333333333,1.3333333333333333,0.6666666666666666,0.6666666666666666
14849,737147.8649,1.3333333333333333,1.3333333333333333,0.6666666666666666,0.6666666666666666
14862,737147.9434,1.3333333333333333,1.3333333333333333,0.6666666666666666,0.6666666666666666
15098,737152.1446,1.3333333333333333,1.3333333333333333,0.6666666666666666,0.6666666666666666
15137,737152.751,1.3333333333333333,1.3333333333333333,0.6666666666666666,0.6666666666666666
15145,737152.8601,1.3333333333333333,1.3333333333333333,0.6666666666666666,0.6666666666666666
15268,737154.0906,1.3333333333333333,1.3333333333333333,0.6666666666666666,0.6666666666666666
15355,737155.0484,1.3333333333333333,1.3333333333333333,0.6666666666666666,0.6666666666666666
15423,737155.9457,1.3333333333333333,1.3333333333333333,0.6666666666666666,0.6666666666666666
15467,737156.608,1.3333333333333333,1.3333333333333333,0.6666666666666666,0.6666666666666666
15746,737158.7276,1.3333333333333333,1.3333333333333333,0.6666666666666666,0.6666666666666666
15762,737158.8382,1.3333333333333333,1.3333333333333333,0.6666666666666666,0.6666666666666666
15899,737160.3595,1.3333333333333333,1.3333333333333333,0.6666666666666666,0.6666666666666666
15905,737160.5098,1.3333333333333333,1.3333333333333333,0.6666666666666666,0.6666666666666666
16036,737162.5794,1.3333333333333333,1.3333333333333333,0.6666666666666666,0.6666666666666666
17094,737170.0097,1.3333333333333333,1.3333333333333333,0.6666666666666666,0.6666666666666666
17249,737172.9368,1.3333333333333333,1.3333333333333333,0.6666666666666666,0.6666666666666666
17307,737173.7655,1.3333333333333333,1.3333333333333333,0.6666666666666666,0.6666666666666666
17388,737175.1575,1.3333333333333333,1.3333333333333333,0.6666666666666666,0.6666666666666666
17396,737175.2098,1.3333333333333333,1.3333333333333333,0.6666666666666666,0.6666666666666666
17397,737175.2111,1.3333333333333333,1.3333333333333333,0.6666666666666666,0.6666666666666666
17398,737175.2165,1.3333333333333333,1.3333333333333333,0.6666666666666666,0.6666666666666666
17399,737175.2169,1.3333333333333333,1.3333333333333333,0.6666666666666666,0.6666666666666666
17400,737175.2304,1.3333333333333333,1.3333333333333333,0.6666666666666666,0.6666666666666666
17401,737175.2329,1.3333333333333333,1.3333333333333333,0.6666666666666666,0.6666666666666666
17404,737175.2388,1.3333333333333333,1.3333333333333333,0.6666666666666666,0.6666666666666666
17420,737175.3762,1.3333333333333333,1.3333333333333333,0.6666666666666666,0.6666666666666666
17421,737175.3909,1.3333333333333333,1.3333333333333333,0.6666666666666666,0.6666666666666666
17459,737175.93,1.3333333333333333,1.3333333333333333,0.6666666666666666,0.6666666666666666
17461,737175.9406,1.3333333333333333,1.3333333333333333,0.6666666666666666,0.6666666666666666
17472,737176.0238,1.3333333333333333,1.3333333333333333,0.6666666666666666,0.6666666666666666
17565,737177.5177,1.3333333333333333,1.3333333333333333,0.6666666666666666,0.6666666666666666
17573,737177.689,1.3333333333333333,1.3333333333333333,0.6666666666666666,0.6666666666666666
17588,737177.8935,1.3333333333333333,1.3333333333333333,0.6666666666666666,0.6666666666666666
17656,737179.0015,1.3333333333333333,1.3333333333333333,0.6666666666666666,0.6666666666666666
17658,737179.0456,1.3333333333333333,1.3333333333333333,0.6666666666666666,0.6666666666666666
17728,737180.191,1.3333333333333333,1.3333333333333333,0.6666666666666666,0.6666666666666666
17729,737180.1935,1.3333333333333333,1.3333333333333333,0.6666666666666666,0.6666666666666666
17859,737183.1442,1.3333333333333333,1.3333333333333333,0.6666666666666666,0.6666666666666666
17884,737183.9455,1.3333333333333333,1.3333333333333333,0.6666666666666666,0.6666666666666666
17902,737184.7164,1.3333333333333333,1.3333333333333333,0.6666666666666666,0.6666666666666666
17916,737185.0557,1.3333333333333333,1.3333333333333333,0.6666666666666666,0.6666666666666666
17923,737185.1166,1.3333333333333333,1.3333333333333333,0.6666666666666666,0.6666666666666666
17939,737185.7524,1.3333333333333333,1.3333333333333333,0.6666666666666666,0.6666666666666666
17953,737186.3349,1.3333333333333333,1.3333333333333333,0.6666666666666666,0.6666666666666666
17967,737186.892,1.3333333333333333,1.3333333333333333,0.6666666666666666,0.6666666666666666
17998,737187.6824,1.3333333333333333,1.3333333333333333,0.6666666666666666,0.6666666666666666
18000,737187.7252,1.3333333333333333,1.3333333333333333,0.6666666666666666,0.6666666666666666
18016,737188.2044,1.3333333333333333,1.3333333333333333,0.6666666666666666,0.6666666666666666
18041,737188.7833,1.3333333333333333,1.3333333333333333,0.6666666666666666,0.6666666666666666
18045,737188.8896,1.3333333333333333,1.3333333333333333,0.6666666666666666,0.6666666666666666
18064,737189.1767,1.3333333333333333,1.3333333333333333,0.6666666666666666,0.6666666666666666
18223,737194.139,1.3333333333333333,1.3333333333333333,0.6666666666666666,0.6666666666666666
18244,737194.8227,1.3333333333333333,1.3333333333333333,0.6666666666666666,0.6666666666666666
18264,737195.3002,1.3333333333333333,1.3333333333333333,0.6666666666666666,0.6666666666666666
18276,737195.7325,1.3333333333333333,1.3333333333333333,0.6666666666666666,0.6666666666666666
18356,737199.3843,1.3333333333333333,1.3333333333333333,0.6666666666666666,0.6666666666666666
18400,737201.4751,1.3333333333333333,1.3333333333333333,0.6666666666666666,0.6666666666666666
18410,737201.6186,1.3333333333333333,1.3333333333333333,0.6666666666666666,0.6666666666666666
18415,737202.0851,1.3333333333333333,1.3333333333333333,0.6666666666666666,0.6666666666666666
18459,737204.4062,1.3333333333333333,1.3333333333333333,0.6666666666666666,0.6666666666666666
18561,737209.737,1.3333333333333333,1.3333333333333333,0.6666666666666666,0.6666666666666666
18593,737210.9349,1.3333333333333333,1.3333333333333333,0.6666666666666666,0.6666666666666666
18605,737211.4087,1.3333333333333333,1.3333333333333333,0.6666666666666666,0.6666666666666666
18608,737211.4829,1.3333333333333333,1.3333333333333333,0.6666666666666666,0.6666666666666666
18621,737212.0969,1.3333333333333333,1.3333333333333333,0.6666666666666666,0.6666666666666666
18629,737212.3646,1.3333333333333333,1.3333333333333333,0.6666666666666666,0.6666666666666666
18646,737213.1096,1.3333333333333333,1.3333333333333333,0.6666666666666666,0.6666666666666666
18648,737213.1273,1.3333333333333333,1.3333333333333333,0.6666666666666666,0.6666666666666666
18660,737213.3932,1.3333333333333333,1.3333333333333333,0.6666666666666666,0.6666666666666666
18674,737213.8118,1.3333333333333333,1.3333333333333333,0.6666666666666666,0.6666666666666666
18675,737213.9239,1.3333333333333333,1.3333333333333333,0.6666666666666666,0.6666666666666666
18676,737213.9266,1.3333333333333333,1.3333333333333333,0.6666666666666666,0.6666666666666666
18679,737213.9687,1.3333333333333333,1.3333333333333333,0.6666666666666666,0.6666666666666666
18686,737214.1483,1.3333333333333333,1.3333333333333333,0.6666666666666666,0.6666666666666666
18708,737215.244,1.3333333333333333,1.3333333333333333,0.6666666666666666,0.6666666666666666
18745,737216.7163,1.3333333333333333,1.3333333333333333,0.6666666666666666,0.6666666666666666
18752,737217.0,1.3333333333333333,1.3333333333333333,0.6666666666666666,0.6666666666666666
18786,737218.7493,1.3333333333333333,1.3333333333333333,0.6666666666666666,0.6666666666666666
18802,737219.8607,1.3333333333333333,1.3333333333333333,0.6666666666666666,0.6666666666666666
18812,737220.6705,1.3333333333333333,1.3333333333333333,0.6666666666666666,0.6666666666666666
18843,737222.0882,1.3333333333333333,1.3333333333333333,0.6666666666666666,0.6666666666666666
18880,737224.1735,1.3333333333333333,1.3333333333333333,0.6666666666666666,0.6666666666666666
18897,737225.0254,1.3333333333333333,1.3333333333333333,0.6666666666666666,0.6666666666666666
18899,737225.2735,1.3333333333333333,1.3333333333333333,0.6666666666666666,0.6666666666666666
18902,737225.6544,1.3333333333333333,1.3333333333333333,0.6666666666666666,0.6666666666666666
18925,737227.917,1.3333333333333333,1.3333333333333333,0.6666666666666666,0.6666666666666666
18940,737229.1137,1.3333333333333333,1.3333333333333333,0.6666666666666666,0.6666666666666666
18952,737229.7179,1.3333333333333333,1.3333333333333333,0.6666666666666666,0.6666666666666666
19014,737232.8731,1.3333333333333333,1.3333333333333333,0.6666666666666666,0.6666666666666666
19015,737232.8759,1.3333333333333333,1.3333333333333333,0.6666666666666666,0.6666666666666666
19090,737236.5912,1.3333333333333333,1.3333333333333333,0.6666666666666666,0.6666666666666666
19092,737236.7239,1.3333333333333333,1.3333333333333333,0.6666666666666666,0.6666666666666666
19101,737237.3723,1.3333333333333333,1.3333333333333333,0.6666666666666666,0.6666666666666666
19116,737238.2762,1.3333333333333333,1.3333333333333333,0.6666666666666666,0.6666666666666666
19163,737241.0144,1.3333333333333333,1.3333333333333333,0.6666666666666666,0.6666666666666666
19182,737242.0235,1.3333333333333333,1.3333333333333333,0.6666666666666666,0.6666666666666666
19302,737247.3392,1.3333333333333333,1.3333333333333333,0.6666666666666666,0.6666666666666666
19342,737248.9967,1.3333333333333333,1.3333333333333333,0.6666666666666666,0.6666666666666666
19430,737253.9866,1.3333333333333333,1.3333333333333333,0.6666666666666666,0.6666666666666666
19531,737259.4931,1.3333333333333333,1.3333333333333333,0.6666666666666666,0.6666666666666666
19571,737260.4073,1.3333333333333333,1.3333333333333333,0.6666666666666666,0.6666666666666666
19574,737260.5714,1.3333333333333333,1.3333333333333333,0.6666666666666666,0.6666666666666666
19637,737263.1475,1.3333333333333333,1.3333333333333333,0.6666666666666666,0.6666666666666666
19723,737266.2686,1.3333333333333333,1.3333333333333333,0.6666666666666666,0.6666666666666666
19750,737267.0972,1.3333333333333333,1.3333333333333333,0.6666666666666666,0.6666666666666666
19768,737267.8923,1.3333333333333333,1.3333333333333333,0.6666666666666666,0.6666666666666666
19843,737272.1496,1.3333333333333333,1.3333333333333333,0.6666666666666666,0.6666666666666666
19873,737274.9595,1.3333333333333333,1.3333333333333333,0.6666666666666666,0.6666666666666666
19878,737275.3021,1.3333333333333333,1.3333333333333333,0.6666666666666666,0.6666666666666666
19934,737279.7343,1.3333333333333333,1.3333333333333333,0.6666666666666666,0.6666666666666666
20013,737284.5516,1.3333333333333333,1.3333333333333333,0.6666666666666666,0.6666666666666666
20029,737285.958,1.3333333333333333,1.3333333333333333,0.6666666666666666,0.6666666666666666
20072,737287.0407,1.3333333333333333,1.3333333333333333,0.6666666666666666,0.6666666666666666
20152,737289.1705,1.3333333333333333,1.3333333333333333,0.6666666666666666,0.6666666666666666
20170,737289.9457,1.3333333333333333,1.3333333333333333,0.6666666666666666,0.6666666666666666
20203,737291.3882,1.3333333333333333,1.3333333333333333,0.6666666666666666,0.6666666666666666
20241,737293.3137,1.3333333333333333,1.3333333333333333,0.6666666666666666,0.6666666666666666
20302,737295.8578,1.3333333333333333,1.3333333333333333,0.6666666666666666,0.6666666666666666
20307,737296.0467,1.3333333333333333,1.3333333333333333,0.6666666666666666,0.6666666666666666
20313,737296.162,1.3333333333333333,1.3333333333333333,0.6666666666666666,0.6666666666666666
20352,737297.1593,1.3333333333333333,1.3333333333333333,0.6666666666666666,0.6666666666666666
20392,737299.1695,1.3333333333333333,1.3333333333333333,0.6666666666666666,0.6666666666666666
20471,737303.1685,1.3333333333333333,1.3333333333333333,0.6666666666666666,0.6666666666666666
20482,737303.8118,1.3333333333333333,1.3333333333333333,0.6666666666666666,0.6666666666666666
20523,737305.6853,1.3333333333333333,1.3333333333333333,0.6666666666666666,0.6666666666666666
20529,737306.3797,1.3333333333333333,1.3333333333333333,0.6666666666666666,0.6666666666666666
20542,737307.0431,1.3333333333333333,1.3333333333333333,0.6666666666666666,0.6666666666666666
20611,737310.1491,1.3333333333333333,1.3333333333333333,0.6666666666666666,0.6666666666666666
20614,737310.4102,1.3333333333333333,1.3333333333333333,0.6666666666666666,0.6666666666666666
20616,737310.5203,1.3333333333333333,1.3333333333333333,0.6666666666666666,0.6666666666666666
20660,737313.7768,1.3333333333333333,1.3333333333333333,0.6666666666666666,0.6666666666666666
20667,737314.109,1.3333333333333333,1.3333333333333333,0.6666666666666666,0.6666666666666666
20685,737314.9329,1.3333333333333333,1.3333333333333333,0.6666666666666666,0.6666666666666666
20687,737314.9474,1.3333333333333333,1.3333333333333333,0.6666666666666666,0.6666666666666666
20717,737316.6279,1.3333333333333333,1.3333333333333333,0.6666666666666666,0.6666666666666666
20720,737316.7879,1.3333333333333333,1.3333333333333333,0.6666666666666666,0.6666666666666666
20721,737316.9189,1.3333333333333333,1.3333333333333333,0.6666666666666666,0.6666666666666666
20751,737318.8764,1.3333333333333333,1.3333333333333333,0.6666666666666666,0.6666666666666666
20811,737321.3921,1.3333333333333333,1.3333333333333333,0.6666666666666666,0.6666666666666666
20855,737323.0944,1.3333333333333333,1.3333333333333333,0.6666666666666666,0.6666666666666666
20874,737325.1434,1.3333333333333333,1.3333333333333333,0.6666666666666666,0.6666666666666666
20901,737326.6707,1.3333333333333333,1.3333333333333333,0.6666666666666666,0.6666666666666666
20947,737328.6804,1.3333333333333333,1.3333333333333333,0.6666666666666666,0.6666666666666666
20987,737330.4631,1.3333333333333333,1.3333333333333333,0.6666666666666666,0.6666666666666666
21006,737332.0127,1.3333333333333333,1.3333333333333333,0.6666666666666666,0.6666666666666666
21053,737333.7193,1.3333333333333333,1.3333333333333333,0.6666666666666666,0.6666666666666666
21071,737334.6211,1.3333333333333333,1.3333333333333333,0.6666666666666666,0.6666666666666666
21073,737334.6387,1.3333333333333333,1.3333333333333333,0.6666666666666666,0.6666666666666666
21083,737335.0661,1.3333333333333333,1.3333333333333333,0.6666666666666666,0.6666666666666666
21091,737335.3784,1.3333333333333333,1.3333333333333333,0.6666666666666666,0.6666666666666666
21093,737335.4247,1.3333333333333333,1.3333333333333333,0.6666666666666666,0.6666666666666666
21108,737335.9033,1.3333333333333333,1.3333333333333333,0.6666666666666666,0.6666666666666666
21109,737335.9041,1.3333333333333333,1.3333333333333333,0.6666666666666666,0.6666666666666666
21162,737338.0539,1.3333333333333333,1.3333333333333333,0.6666666666666666,0.6666666666666666
21211,737340.9762,1.3333333333333333,1.3333333333333333,0.6666666666666666,0.6666666666666666
21266,737343.5081,1.3333333333333333,1.3333333333333333,0.6666666666666666,0.6666666666666666
21328,737346.8821,1.3333333333333333,1.3333333333333333,0.6666666666666666,0.6666666666666666
21342,737347.4674,1.3333333333333333,1.3333333333333333,0.6666666666666666,0.6666666666666666
21343,737347.4945,1.3333333333333333,1.3333333333333333,0.6666666666666666,0.6666666666666666
21370,737349.6526,1.3333333333333333,1.3333333333333333,0.6666666666666666,0.6666666666666666
21395,737350.7594,1.3333333333333333,1.3333333333333333,0.6666666666666666,0.6666666666666666
21412,737352.125,1.3333333333333333,1.3333333333333333,0.6666666666666666,0.6666666666666666
21416,737352.3359,1.3333333333333333,1.3333333333333333,0.6666666666666666,0.6666666666666666
21460,737355.4679,1.3333333333333333,1.3333333333333333,0.6666666666666666,0.6666666666666666
21522,737360.093,1.3333333333333333,1.3333333333333333,0.6666666666666666,0.6666666666666666
21525,737360.1761,1.3333333333333333,1.3333333333333333,0.6666666666666666,0.6666666666666666
21540,737360.7139,1.3333333333333333,1.3333333333333333,0.6666666666666666,0.6666666666666666
21564,737362.8045,1.3333333333333333,1.3333333333333333,0.6666666666666666,0.6666666666666666
21647,737366.772,1.3333333333333333,1.3333333333333333,0.6666666666666666,0.6666666666666666
21711,737369.2351,1.3333333333333333,1.3333333333333333,0.6666666666666666,0.6666666666666666
21751,737370.6172,1.3333333333333333,1.3333333333333333,0.6666666666666666,0.6666666666666666
21800,737372.4944,1.3333333333333333,1.3333333333333333,0.6666666666666666,0.6666666666666666
21805,737372.6472,1.3333333333333333,1.3333333333333333,0.6666666666666666,0.6666666666666666
21808,737372.8357,1.3333333333333333,1.3333333333333333,0.6666666666666666,0.6666666666666666
21809,737372.8768,1.3333333333333333,1.3333333333333333,0.6666666666666666,0.6666666666666666
21827,737373.4643,1.3333333333333333,1.3333333333333333,0.6666666666666666,0.6666666666666666
21851,737374.6823,1.3333333333333333,1.3333333333333333,0.6666666666666666,0.6666666666666666
21857,737375.2339,1.3333333333333333,1.3333333333333333,0.6666666666666666,0.6666666666666666
21882,737376.541,1.3333333333333333,1.3333333333333333,0.6666666666666666,0.6666666666666666
21921,737378.4554,1.3333333333333333,1.3333333333333333,0.6666666666666666,0.6666666666666666
22021,737385.042,1.3333333333333333,1.3333333333333333,0.6666666666666666,0.6666666666666666
22023,737385.071,1.3333333333333333,1.3333333333333333,0.6666666666666666,0.6666666666666666
22096,737392.7054,1.3333333333333333,1.3333333333333333,0.6666666666666666,0.6666666666666666
22097,737392.7066,1.3333333333333333,1.3333333333333333,0.6666666666666666,0.6666666666666666
22099,737392.9595,1.3333333333333333,1.3333333333333333,0.6666666666666666,0.6666666666666666
22111,737394.731,1.3333333333333333,1.3333333333333333,0.6666666666666666,0.6666666666666666
22150,737397.7449,1.3333333333333333,1.3333333333333333,0.6666666666666666,0.6666666666666666
22162,737398.7979,1.3333333333333333,1.3333333333333333,0.6666666666666666,0.6666666666666666
22206,737401.5148,1.3333333333333333,1.3333333333333333,0.6666666666666666,0.6666666666666666
22220,737403.4604,1.3333333333333333,1.3333333333333333,0.6666666666666666,0.6666666666666666
22266,737407.09,1.3333333333333333,1.3333333333333333,0.6666666666666666,0.6666666666666666
22274,737407.9389,1.3333333333333333,1.3333333333333333,0.6666666666666666,0.6666666666666666
22305,737410.1306,1.3333333333333333,1.3333333333333333,0.6666666666666666,0.6666666666666666
22321,737410.9358,1.3333333333333333,1.3333333333333333,0.6666666666666666,0.6666666666666666
22367,737413.0549,1.3333333333333333,1.3333333333333333,0.6666666666666666,0.6666666666666666
22443,737415.6641,1.3333333333333333,1.3333333333333333,0.6666666666666666,0.6666666666666666
22479,737418.808,1.3333333333333333,1.3333333333333333,0.6666666666666666,0.6666666666666666
22487,737419.8559,1.3333333333333333,1.3333333333333333,0.6666666666666666,0.6666666666666666
22696,737421.9734,1.3333333333333333,1.3333333333333333,0.6666666666666666,0.6666666666666666
22733,737423.4658,1.3333333333333333,1.3333333333333333,0.6666666666666666,0.6666666666666666
22751,737424.6219,1.3333333333333333,1.3333333333333333,0.6666666666666666,0.6666666666666666
22776,737426.0349,1.3333333333333333,1.3333333333333333,0.6666666666666666,0.6666666666666666
22909,737434.6914,1.3333333333333333,1.3333333333333333,0.6666666666666666,0.6666666666666666
22947,737438.3549,1.3333333333333333,1.3333333333333333,0.6666666666666666,0.6666666666666666
22971,737439.2819,1.3333333333333333,1.3333333333333333,0.6666666666666666,0.6666666666666666
22993,737440.3148,1.3333333333333333,1.3333333333333333,0.6666666666666666,0.6666666666666666
23081,737447.3858,1.3333333333333333,1.3333333333333333,0.6666666666666666,0.6666666666666666
23085,737447.5568,1.3333333333333333,1.3333333333333333,0.6666666666666666,0.6666666666666666
23091,737447.8528,1.3333333333333333,1.3333333333333333,0.6666666666666666,0.6666666666666666
23095,737448.4705,1.3333333333333333,1.3333333333333333,0.6666666666666666,0.6666666666666666
23427,737448.9099,1.3333333333333333,1.3333333333333333,0.6666666666666666,0.6666666666666666
23544,737448.9668,1.3333333333333333,1.3333333333333333,0.6666666666666666,0.6666666666666666
23545,737448.9678,1.3333333333333333,1.3333333333333333,0.6666666666666666,0.6666666666666666
23851,737449.1251,1.3333333333333333,1.3333333333333333,0.6666666666666666,0.6666666666666666
23914,737449.1587,1.3333333333333333,1.3333333333333333,0.6666666666666666,0.6666666666666666
24083,737449.2606,1.3333333333333333,1.3333333333333333,0.6666666666666666,0.6666666666666666
24254,737449.3797,1.3333333333333333,1.3333333333333333,0.6666666666666666,0.6666666666666666
24975,737449.8905,1.3333333333333333,1.3333333333333333,0.6666666666666666,0.6666666666666666
24984,737449.8956,1.3333333333333333,1.3333333333333333,0.6666666666666666,0.6666666666666666
24990,737449.9003,1.3333333333333333,1.3333333333333333,0.6666666666666666,0.6666666666666666
25143,737450.0095,1.3333333333333333,1.3333333333333333,0.6666666666666666,0.6666666666666666
25588,737450.3857,1.3333333333333333,1.3333333333333333,0.6666666666666666,0.6666666666666666
25817,737450.6507,1.3333333333333333,1.3333333333333333,0.6666666666666666,0.6666666666666666
26228,737451.0842,1.3333333333333333,1.3333333333333333,0.6666666666666666,0.6666666666666666
26344,737451.1933,1.3333333333333333,1.3333333333333333,0.6666666666666666,0.6666666666666666
26765,737451.7775,1.3333333333333333,1.3333333333333333,0.6666666666666666,0.6666666666666666
27501,737452.8856,1.3333333333333333,1.3333333333333333,0.6666666666666666,0.6666666666666666
28406,737454.6505,1.3333333333333333,1.3333333333333333,0.6666666666666666,0.6666666666666666
28418,737454.7298,1.3333333333333333,1.3333333333333333,0.6666666666666666,0.6666666666666666
28704,737456.0489,1.3333333333333333,1.3333333333333333,0.6666666666666666,0.6666666666666666
28901,737456.883,1.3333333333333333,1.3333333333333333,0.6666666666666666,0.6666666666666666
28907,737456.9016,1.3333333333333333,1.3333333333333333,0.6666666666666666,0.6666666666666666
28909,737456.9032,1.3333333333333333,1.3333333333333333,0.6666666666666666,0.6666666666666666
28965,737457.021,1.3333333333333333,1.3333333333333333,0.6666666666666666,0.6666666666666666
28985,737457.054,1.3333333333333333,1.3333333333333333,0.6666666666666666,0.6666666666666666
28991,737457.0766,1.3333333333333333,1.3333333333333333,0.6666666666666666,0.6666666666666666
29059,737457.3178,1.3333333333333333,1.3333333333333333,0.6666666666666666,0.6666666666666666
29180,737457.7364,1.3333333333333333,1.3333333333333333,0.6666666666666666,0.6666666666666666
29270,737457.9889,1.3333333333333333,1.3333333333333333,0.6666666666666666,0.6666666666666666
29276,737458.0018,1.3333333333333333,1.3333333333333333,0.6666666666666666,0.6666666666666666
29280,737458.0159,1.3333333333333333,1.3333333333333333,0.6666666666666666,0.6666666666666666
29296,737458.0517,1.3333333333333333,1.3333333333333333,0.6666666666666666,0.7
29458,737458.5331,1.3333333333333333,1.4,0.6666666666666666,0.7333333333333333
29552,737458.9184,1.3333333333333333,1.3333333333333333,0.6666666666666666,0.6666666666666666
29673,737459.3803,1.3333333333333333,1.6,0.6666666666666666,0.8333333333333334
29830,737459.8902,1.3333333333333333,1.6666666666666667,0.6666666666666666,0.8666666666666667
30462,737464.9129,1.3333333333333333,1.3333333333333333,0.7333333333333333,0.9333333333333333
30506,737465.3159,1.3333333333333333,1.3333333333333333,0.6666666666666666,0.9333333333333333
30530,737465.6086,1.3333333333333333,1.3333333333333333,0.6666666666666666,0.9666666666666667
30546,737465.724,1.3333333333333333,1.3333333333333333,0.6666666666666666,1.0
30549,737465.7489,1.3333333333333333,1.3333333333333333,0.6666666666666666,1.0333333333333334
30591,737466.026,1.3333333333333333,1.3333333333333333,0.7333333333333333,1.0666666666666667
30653,737466.3683,1.3333333333333333,1.4,0.6666666666666666,1.0666666666666667
30862,737467.6615,1.3333333333333333,1.3333333333333333,0.7,1.0666666666666667
30887,737467.7807,1.3333333333333333,1.4,0.9,1.1
30893,737467.8084,1.3333333333333333,1.4666666666666666,0.7,1.2
31001,737468.528,1.3333333333333333,1.4666666666666666,0.7333333333333333,1.2333333333333334
31017,737468.6479,1.3333333333333333,1.4666666666666666,0.7333333333333333,1.2333333333333334
31020,737468.6547,1.3333333333333333,1.5333333333333334,0.7333333333333333,1.2666666666666666
31023,737468.697,1.3333333333333333,1.6,0.8,1.3
31025,737468.7122,1.3333333333333333,1.6,0.8,1.3
31042,737468.764,1.3333333333333333,1.6666666666666667,0.8666666666666667,1.3333333333333333
31073,737468.911,1.3333333333333333,1.6666666666666667,0.8666666666666667,1.3333333333333333
31075,737468.9246,1.3333333333333333,1.3333333333333333,0.6666666666666666,0.6666666666666666
31086,737468.9524,1.6,1.7333333333333334,1.0,1.3666666666666667
31127,737469.1419,1.3333333333333333,1.3333333333333333,0.6666666666666666,0.6666666666666666
31173,737469.4146,1.6,1.8,0.9666666666666667,1.3666666666666667
31272,737470.1697,1.3333333333333333,1.3333333333333333,0.6666666666666666,0.6666666666666666
31303,737470.4062,1.4,1.8,0.9,1.4
31306,737470.4192,1.4666666666666666,1.8666666666666667,0.9333333333333333,1.4333333333333333
31406,737470.9877,1.3333333333333333,1.9333333333333333,0.9,1.4
31420,737471.0452,1.4666666666666666,2.0,0.9333333333333333,1.5
31513,737471.5885,1.7333333333333334,2.0,1.1,1.5333333333333334
31524,737471.6262,1.9333333333333333,2.066666666666667,1.2333333333333334,1.5666666666666667
31525,737471.6285,1.6666666666666667,2.1333333333333333,1.0333333333333334,1.6
31608,737472.0614,1.3333333333333333,1.3333333333333333,0.6666666666666666,0.6666666666666666
31625,737472.1458,1.8,1.9333333333333333,1.3,1.6333333333333333
31789,737473.0968,1.6666666666666667,1.8666666666666667,1.2,1.6666666666666667
31954,737473.9552,1.3333333333333333,1.8,0.6666666666666666,1.5333333333333334
31955,737473.961,1.3333333333333333,1.8666666666666667,0.6666666666666666,1.5666666666666667
31988,737474.0928,1.3333333333333333,1.9333333333333333,0.6666666666666666,1.7666666666666666
31993,737474.1122,1.6666666666666667,2.066666666666667,1.4333333333333333,1.8333333333333333
31994,737474.116,1.3333333333333333,2.066666666666667,0.6666666666666666,1.6666666666666667
32004,737474.1633,1.3333333333333333,2.1333333333333333,0.6666666666666666,1.7
32014,737474.199,1.3333333333333333,2.2,0.6666666666666666,1.7333333333333334
32070,737474.5608,1.3333333333333333,2.2,0.6666666666666666,1.7666666666666666
32274,737476.0862,1.3333333333333333,1.3333333333333333,0.6666666666666666,0.6666666666666666
32277,737476.0964,1.3333333333333333,1.3333333333333333,0.6666666666666666,0.6666666666666666
32289,737476.1467,1.3333333333333333,1.3333333333333333,0.6666666666666666,0.6666666666666666
32340,737476.62,1.3333333333333333,1.3333333333333333,0.6666666666666666,0.6666666666666666
32341,737476.6218,1.3333333333333333,1.3333333333333333,0.6666666666666666,0.6666666666666666
32468,737477.6927,1.6,2.2666666666666666,1.4666666666666666,1.9
32610,737478.5887,1.3333333333333333,1.3333333333333333,0.6666666666666666,0.6666666666666666
32710,737479.4278,1.3333333333333333,1.5333333333333334,0.6666666666666666,1.1
32732,737479.6725,1.3333333333333333,1.3333333333333333,0.6666666666666666,0.6666666666666666
32809,737480.3917,1.3333333333333333,2.3333333333333335,0.6666666666666666,1.7333333333333334
32813,737480.5005,1.3333333333333333,1.3333333333333333,0.6666666666666666,0.6666666666666666
32851,737480.9222,1.4666666666666666,2.1333333333333333,1.2666666666666666,1.7
32879,737480.993,1.3333333333333333,1.4,0.6666666666666666,0.9333333333333333
32937,737481.3964,1.4666666666666666,2.066666666666667,1.2666666666666666,1.6666666666666667
33037,737482.0796,1.4666666666666666,2.066666666666667,1.2666666666666666,1.6666666666666667
33258,737484.0184,1.4666666666666666,2.066666666666667,1.2666666666666666,1.6666666666666667
33277,737484.1767,1.3333333333333333,1.3333333333333333,0.6666666666666666,0.6666666666666666
33360,737484.9804,1.3333333333333333,1.3333333333333333,1.2333333333333334,1.3666666666666667
33394,737485.2634,1.3333333333333333,1.6666666666666667,0.6666666666666666,1.7666666666666666
33417,737485.5469,1.3333333333333333,1.4666666666666666,0.7666666666666667,1.6666666666666667
33442,737485.9658,1.3333333333333333,1.4666666666666666,0.7666666666666667,1.6666666666666667
33479,737486.2882,1.3333333333333333,1.4666666666666666,0.7666666666666667,1.6666666666666667
33507,737486.4993,1.3333333333333333,1.5333333333333334,0.6666666666666666,1.8
33581,737487.0535,1.3333333333333333,1.3333333333333333,1.2,1.6333333333333333
33586,737487.0882,1.3333333333333333,1.3333333333333333,1.2,1.6333333333333333
33590,737487.0933,1.3333333333333333,1.4666666666666666,0.6666666666666666,1.7
33591,737487.0943,1.3333333333333333,1.4666666666666666,0.6666666666666666,1.7
33592,737487.097,1.3333333333333333,1.4666666666666666,1.2,1.6666666666666667
33594,737487.098,1.3333333333333333,1.5333333333333334,1.2333333333333334,1.7
33595,737487.1044,1.3333333333333333,1.5333333333333334,1.2333333333333334,1.7
33599,737487.1184,1.3333333333333333,1.5333333333333334,1.2333333333333334,1.7
33601,737487.1328,1.3333333333333333,1.6666666666666667,1.2666666666666666,1.7666666666666666
33669,737487.7255,1.3333333333333333,1.6666666666666667,0.6666666666666666,1.8333333333333333
33820,737489.6841,1.3333333333333333,1.3333333333333333,0.6666666666666666,1.6666666666666667
33821,737489.6927,1.3333333333333333,1.3333333333333333,0.6666666666666666,1.7
33899,737490.3874,1.3333333333333333,1.3333333333333333,0.6666666666666666,1.7
33902,737490.4372,1.3333333333333333,1.3333333333333333,0.9666666666666667,1.6666666666666667
33935,737490.7849,1.3333333333333333,1.3333333333333333,0.6666666666666666,1.7666666666666666
34019,737491.7257,1.3333333333333333,1.3333333333333333,1.1666666666666667,1.3
34066,737492.1664,1.3333333333333333,1.3333333333333333,0.6666666666666666,1.8
34097,737492.5831,1.3333333333333333,1.3333333333333333,0.6666666666666666,0.6666666666666666
34098,737492.5902,1.3333333333333333,1.3333333333333333,0.6666666666666666,0.6666666666666666
34248,737494.0356,1.3333333333333333,1.3333333333333333,0.6666666666666666,0.6666666666666666
34303,737494.6721,1.3333333333333333,1.3333333333333333,0.6666666666666666,0.6666666666666666
34323,737494.9006,1.3333333333333333,1.3333333333333333,0.6666666666666666,0.6666666666666666
34332,737495.0084,1.3333333333333333,1.3333333333333333,1.1666666666666667,1.3
34334,737495.0218,1.3333333333333333,1.3333333333333333,0.6666666666666666,0.7666666666666667
34341,737495.0933,1.3333333333333333,1.3333333333333333,0.6666666666666666,0.7666666666666667
34412,737495.8111,1.3333333333333333,1.3333333333333333,0.6666666666666666,0.6666666666666666
34445,737496.1193,1.3333333333333333,1.3333333333333333,0.6666666666666666,0.6666666666666666
34497,737496.852,1.3333333333333333,1.3333333333333333,0.6666666666666666,1.6333333333333333
34529,737497.3634,1.3333333333333333,1.3333333333333333,0.7333333333333333,1.6666666666666667
34626,737499.1455,1.3333333333333333,1.3333333333333333,0.7333333333333333,1.6666666666666667
34633,737499.2215,1.3333333333333333,1.3333333333333333,0.7333333333333333,1.6666666666666667
34693,737499.8911,1.3333333333333333,1.3333333333333333,0.6666666666666666,1.0333333333333334
34702,737500.0367,1.3333333333333333,1.3333333333333333,0.6666666666666666,1.0333333333333334
34704,737500.059,1.3333333333333333,1.3333333333333333,0.8,0.9
34705,737500.0599,1.3333333333333333,1.3333333333333333,0.8,0.9
34716,737500.1456,1.3333333333333333,1.3333333333333333,0.8333333333333334,0.9
34718,737500.152,1.3333333333333333,1.3333333333333333,0.8333333333333334,0.9
34719,737500.1544,1.3333333333333333,1.3333333333333333,0.8333333333333334,0.9
34729,737500.2597,1.3333333333333333,1.3333333333333333,0.8666666666666667,0.9666666666666667
34731,737500.2899,1.3333333333333333,1.3333333333333333,0.8666666666666667,0.9666666666666667
34742,737500.4067,1.3333333333333333,1.3333333333333333,0.8666666666666667,0.9666666666666667
34745,737500.4407,1.3333333333333333,1.3333333333333333,0.8666666666666667,0.9666666666666667
34748,737500.4546,1.3333333333333333,1.3333333333333333,0.6666666666666666,0.6666666666666666
34755,737500.5722,1.3333333333333333,1.3333333333333333,0.6666666666666666,0.6666666666666666
34766,737500.7726,1.3333333333333333,1.3333333333333333,0.6666666666666666,1.4333333333333333
34772,737500.8588,1.3333333333333333,1.3333333333333333,0.6666666666666666,1.4333333333333333
34781,737500.9705,1.3333333333333333,1.3333333333333333,0.6666666666666666,1.4333333333333333
34822,737501.3582,1.3333333333333333,1.3333333333333333,0.6666666666666666,0.6666666666666666
34855,737501.7255,1.3333333333333333,1.3333333333333333,0.6666666666666666,0.6666666666666666
34858,737501.7576,1.3333333333333333,1.3333333333333333,0.6666666666666666,0.6666666666666666
34860,737501.7673,1.3333333333333333,1.3333333333333333,0.7,0.7666666666666667
34949,737502.912,1.3333333333333333,1.3333333333333333,0.7,0.7666666666666667
34966,737503.1086,1.3333333333333333,1.3333333333333333,0.6666666666666666,0.7
34976,737503.2132,1.3333333333333333,1.3333333333333333,0.6666666666666666,0.7
34995,737503.4778,1.3333333333333333,1.3333333333333333,0.7,1.1333333333333333
34996,737503.4812,1.3333333333333333,1.3333333333333333,0.7,0.7333333333333333
35005,737503.5592,1.3333333333333333,1.3333333333333333,0.7,0.7333333333333333
35009,737503.5865,1.3333333333333333,1.4,0.6666666666666666,1.5
35098,737503.9711,1.3333333333333333,1.4,0.6666666666666666,1.5
35119,737504.0508,1.3333333333333333,1.3333333333333333,0.7666666666666667,0.8333333333333334
35158,737504.3194,1.3333333333333333,1.3333333333333333,0.7666666666666667,0.8333333333333334
35160,737504.3315,1.3333333333333333,1.3333333333333333,0.7666666666666667,0.8333333333333334
35186,737504.5555,1.3333333333333333,1.3333333333333333,0.7666666666666667,0.8333333333333334
35214,737504.7334,1.3333333333333333,1.3333333333333333,0.7666666666666667,0.8333333333333334
35219,737504.7699,1.3333333333333333,1.3333333333333333,0.7666666666666667,0.8
35273,737505.1725,1.3333333333333333,1.3333333333333333,0.8,0.8333333333333334
35279,737505.2169,1.3333333333333333,1.3333333333333333,0.8,0.8333333333333334
35310,737505.5266,1.3333333333333333,1.3333333333333333,0.6666666666666666,1.2
35319,737505.6138,1.3333333333333333,1.3333333333333333,0.8333333333333334,0.8666666666666667
35325,737505.6462,1.3333333333333333,1.3333333333333333,0.8333333333333334,0.8666666666666667
35333,737505.7057,1.3333333333333333,1.3333333333333333,0.8333333333333334,0.8666666666666667
35361,737505.9968,1.3333333333333333,1.3333333333333333,0.8333333333333334,0.8666666666666667
35365,737506.0389,1.3333333333333333,1.3333333333333333,0.8333333333333334,0.8666666666666667
35366,737506.0479,1.3333333333333333,1.3333333333333333,0.8333333333333334,0.8666666666666667
35371,737506.0723,1.3333333333333333,1.3333333333333333,0.8333333333333334,0.9333333333333333
35391,737506.1974,1.3333333333333333,1.3333333333333333,0.6666666666666666,0.6666666666666666
35396,737506.2366,1.3333333333333333,1.3333333333333333,0.6666666666666666,0.6666666666666666
35397,737506.2371,1.3333333333333333,1.3333333333333333,0.6666666666666666,0.6666666666666666
35419,737506.4185,1.3333333333333333,1.3333333333333333,0.9,0.9333333333333333
35420,737506.4187,1.3333333333333333,1.3333333333333333,0.9333333333333333,0.9666666666666667
35421,737506.4193,1.3333333333333333,1.3333333333333333,0.9333333333333333,0.9666666666666667
35473,737506.9621,1.3333333333333333,1.3333333333333333,0.9666666666666667,1.0666666666666667
35501,737507.2584,1.3333333333333333,1.3333333333333333,0.9666666666666667,1.0666666666666667
35504,737507.2977,1.3333333333333333,1.3333333333333333,0.6666666666666666,0.6666666666666666
35520,737507.5475,1.3333333333333333,1.3333333333333333,0.6666666666666666,0.6666666666666666
35638,737508.9408,1.3333333333333333,1.3333333333333333,0.6666666666666666,0.6666666666666666
35639,737508.9416,1.3333333333333333,1.4666666666666666,0.9666666666666667,1.4333333333333333
35642,737508.9681,1.3333333333333333,1.4666666666666666,0.9666666666666667,1.4333333333333333
35658,737509.0746,1.3333333333333333,1.4666666666666666,0.9666666666666667,1.4333333333333333
35814,737510.6441,1.3333333333333333,1.3333333333333333,1.0,1.0
35914,737512.032,1.3333333333333333,1.3333333333333333,1.0,1.0
35939,737512.3637,1.3333333333333333,1.4,0.9333333333333333,1.3333333333333333
35941,737512.3745,1.3333333333333333,1.4,0.9333333333333333,1.3333333333333333
36071,737513.7296,1.3333333333333333,1.4,0.9333333333333333,1.3333333333333333
36107,737514.0682,1.3333333333333333,1.4,1.0,1.0666666666666667
36116,737514.2915,1.3333333333333333,1.4,1.0,1.0666666666666667
36153,737514.9493,1.3333333333333333,1.4,1.0,1.0666666666666667
36209,737515.6344,1.3333333333333333,1.4,1.0,1.0666666666666667
36217,737515.7729,1.3333333333333333,1.4,1.0,1.0666666666666667
36235,737515.8327,1.3333333333333333,1.3333333333333333,0.8333333333333334,0.9666666666666667
36333,737517.127,1.3333333333333333,1.3333333333333333,0.6666666666666666,0.6666666666666666
36482,737519.1977,1.3333333333333333,1.3333333333333333,0.6666666666666666,0.6666666666666666
36540,737519.8347,1.3333333333333333,1.3333333333333333,0.6666666666666666,1.0666666666666667
36547,737519.888,1.3333333333333333,1.3333333333333333,0.6666666666666666,1.0666666666666667
36574,737520.2894,1.3333333333333333,1.3333333333333333,0.6666666666666666,1.0666666666666667
36576,737520.3161,1.3333333333333333,1.3333333333333333,0.8666666666666667,0.9
36628,737521.0293,1.3333333333333333,1.3333333333333333,0.6666666666666666,1.1
36723,737522.1786,1.3333333333333333,1.3333333333333333,0.6666666666666666,0.6666666666666666
36774,737522.97,1.3333333333333333,1.3333333333333333,0.6666666666666666,0.6666666666666666
36815,737523.4989,1.3333333333333333,1.3333333333333333,0.6666666666666666,1.1333333333333333
36916,737524.432,1.3333333333333333,1.3333333333333333,0.6666666666666666,1.1333333333333333
36925,737524.5525,1.3333333333333333,1.3333333333333333,0.6666666666666666,0.6666666666666666
36981,737525.0893,1.3333333333333333,1.3333333333333333,0.6666666666666666,0.6666666666666666
36983,737525.095,1.3333333333333333,1.3333333333333333,0.6666666666666666,0.6666666666666666
37001,737525.257,1.3333333333333333,1.3333333333333333,0.6666666666666666,0.6666666666666666
37029,737525.7361,1.3333333333333333,1.3333333333333333,0.6666666666666666,0.6666666666666666
37050,737526.012,1.3333333333333333,1.3333333333333333,0.6666666666666666,0.6666666666666666
37113,737526.8163,1.3333333333333333,1.3333333333333333,0.6666666666666666,0.6666666666666666
37126,737526.9959,1.3333333333333333,1.3333333333333333,0.6666666666666666,0.6666666666666666
37127,737527.0366,1.3333333333333333,1.3333333333333333,0.6666666666666666,0.7
37128,737527.0376,1.3333333333333333,1.3333333333333333,0.6666666666666666,0.7
37149,737527.3941,1.3333333333333333,1.3333333333333333,0.7,0.8666666666666667
37157,737527.7349,1.3333333333333333,1.3333333333333333,0.6666666666666666,1.1333333333333333
37166,737528.0435,1.3333333333333333,1.3333333333333333,0.6666666666666666,1.1666666666666667
37248,737529.4556,1.3333333333333333,1.3333333333333333,0.6666666666666666,1.1666666666666667
37291,737529.9881,1.3333333333333333,1.3333333333333333,0.7333333333333333,0.8666666666666667
37294,737529.9944,1.3333333333333333,1.3333333333333333,0.7333333333333333,0.8666666666666667
37314,737530.1301,1.3333333333333333,1.3333333333333333,0.7333333333333333,0.8666666666666667
37317,737530.1568,1.3333333333333333,1.3333333333333333,0.7333333333333333,0.8666666666666667
37339,737530.3641,1.3333333333333333,1.3333333333333333,0.6666666666666666,0.8
37379,737530.7103,1.3333333333333333,1.3333333333333333,0.7333333333333333,0.8666666666666667
37383,737530.7798,1.3333333333333333,1.3333333333333333,0.7333333333333333,0.8666666666666667
37409,737531.2904,1.3333333333333333,1.3333333333333333,0.7333333333333333,0.8666666666666667
37410,737531.3201,1.3333333333333333,1.3333333333333333,0.8,1.0333333333333334
37424,737531.5237,1.3333333333333333,1.3333333333333333,0.8,1.0333333333333334
37436,737531.7362,1.3333333333333333,1.3333333333333333,0.6666666666666666,0.6666666666666666
37452,737531.9753,1.3333333333333333,1.3333333333333333,0.6666666666666666,0.6666666666666666
37479,737532.4008,1.3333333333333333,1.3333333333333333,0.6666666666666666,0.6666666666666666
37481,737532.4224,1.3333333333333333,1.3333333333333333,0.6666666666666666,0.6666666666666666
37484,737532.4487,1.3333333333333333,1.3333333333333333,0.6666666666666666,0.6666666666666666
37487,737532.4824,1.3333333333333333,1.3333333333333333,0.6666666666666666,0.6666666666666666
37502,737532.6929,1.3333333333333333,1.3333333333333333,0.6666666666666666,0.6666666666666666
37623,737534.7292,1.3333333333333333,1.3333333333333333,0.6666666666666666,0.6666666666666666
37682,737535.4682,1.3333333333333333,1.3333333333333333,0.6666666666666666,0.8333333333333334
37805,737537.0259,1.3333333333333333,1.3333333333333333,0.6666666666666666,0.8333333333333334
38053,737541.0815,1.3333333333333333,1.3333333333333333,0.6666666666666666,0.8333333333333334
38210,737543.732,1.3333333333333333,1.3333333333333333,0.6666666666666666,0.8333333333333334
38214,737543.7762,1.3333333333333333,1.3333333333333333,0.6666666666666666,0.8333333333333334
38249,737544.2971,1.3333333333333333,1.3333333333333333,0.6666666666666666,0.8333333333333334
38271,737544.4449,1.3333333333333333,1.3333333333333333,0.6666666666666666,0.6666666666666666
38282,737544.6095,1.3333333333333333,1.3333333333333333,0.6666666666666666,0.6666666666666666
38351,737545.9666,1.3333333333333333,1.3333333333333333,0.6666666666666666,0.6666666666666666
38379,737546.4454,1.3333333333333333,1.3333333333333333,0.6666666666666666,0.6666666666666666
38413,737546.9786,1.3333333333333333,1.3333333333333333,0.6666666666666666,0.6666666666666666
38437,737547.3671,1.3333333333333333,1.3333333333333333,0.6666666666666666,0.6666666666666666
38450,737547.612,1.3333333333333333,1.3333333333333333,0.6666666666666666,0.6666666666666666
38457,737547.7023,1.3333333333333333,1.3333333333333333,0.6666666666666666,0.6666666666666666
38497,737548.4053,1.3333333333333333,1.3333333333333333,0.6666666666666666,0.6666666666666666
38501,737548.533,1.3333333333333333,1.3333333333333333,0.6666666666666666,0.6666666666666666
38509,737548.632,1.3333333333333333,1.3333333333333333,0.6666666666666666,0.6666666666666666
38530,737548.9219,1.3333333333333333,1.3333333333333333,0.6666666666666666,0.7
38541,737548.9455,1.3333333333333333,1.3333333333333333,0.6666666666666666,0.7333333333333333
38545,737548.9619,1.3333333333333333,1.3333333333333333,0.6666666666666666,0.7333333333333333
38548,737548.9716,1.3333333333333333,1.3333333333333333,0.6666666666666666,0.7333333333333333
38555,737549.0091,1.3333333333333333,1.3333333333333333,0.6666666666666666,0.7333333333333333
38574,737549.1527,1.3333333333333333,1.3333333333333333,0.6666666666666666,0.8
38575,737549.153,1.3333333333333333,1.3333333333333333,0.6666666666666666,0.8
38619,737549.9553,1.3333333333333333,1.3333333333333333,0.6666666666666666,0.8
38726,737552.1547,1.3333333333333333,1.3333333333333333,0.6666666666666666,0.6666666666666666
38731,737552.2261,1.3333333333333333,1.3333333333333333,0.6666666666666666,0.6666666666666666
38761,737552.8765,1.3333333333333333,1.3333333333333333,0.6666666666666666,0.6666666666666666
38775,737553.05,1.3333333333333333,1.3333333333333333,0.6666666666666666,0.6666666666666666
38872,737554.8465,1.3333333333333333,1.3333333333333333,0.6666666666666666,0.6666666666666666
38884,737555.3678,1.3333333333333333,1.3333333333333333,0.6666666666666666,0.6666666666666666
38972,737556.88,1.3333333333333333,1.3333333333333333,0.6666666666666666,0.6666666666666666
39025,737558.0413,1.3333333333333333,1.3333333333333333,0.6666666666666666,0.6666666666666666
39063,737558.7356,1.3333333333333333,1.3333333333333333,0.6666666666666666,0.6666666666666666
39068,737558.8778,1.3333333333333333,1.3333333333333333,0.6666666666666666,0.6666666666666666
39103,737559.9101,1.3333333333333333,1.3333333333333333,0.6666666666666666,0.6666666666666666
39195,737561.6407,1.3333333333333333,1.3333333333333333,0.6666666666666666,0.6666666666666666
39206,737561.7982,1.3333333333333333,1.3333333333333333,0.6666666666666666,0.6666666666666666
39212,737561.9394,1.3333333333333333,1.3333333333333333,0.6666666666666666,0.6666666666666666
39236,737562.3847,1.3333333333333333,1.3333333333333333,0.6666666666666666,0.6666666666666666
39298,737563.8389,1.3333333333333333,1.3333333333333333,0.6666666666666666,0.6666666666666666
39308,737563.9358,1.3333333333333333,1.3333333333333333,0.6666666666666666,0.6666666666666666
39331,737564.6361,1.3333333333333333,1.3333333333333333,0.6666666666666666,0.6666666666666666
39338,737564.7203,1.3333333333333333,1.3333333333333333,0.6666666666666666,0.6666666666666666
39430,737566.6271,1.3333333333333333,1.3333333333333333,0.6666666666666666,0.6666666666666666
39454,737567.1056,1.3333333333333333,1.3333333333333333,0.6666666666666666,0.6666666666666666
39477,737567.6517,1.3333333333333333,1.3333333333333333,0.6666666666666666,0.6666666666666666
39480,737567.9112,1.3333333333333333,1.3333333333333333,0.6666666666666666,0.6666666666666666
39492,737568.1673,1.3333333333333333,1.3333333333333333,0.6666666666666666,0.6666666666666666
39543,737569.6945,1.3333333333333333,1.3333333333333333,0.6666666666666666,0.6666666666666666
39617,737570.9549,1.3333333333333333,1.3333333333333333,0.6666666666666666,0.6666666666666666
39660,737571.5184,1.3333333333333333,1.3333333333333333,0.6666666666666666,0.6666666666666666
39670,737571.6452,1.3333333333333333,1.3333333333333333,0.6666666666666666,0.6666666666666666
39778,737574.1739,1.3333333333333333,1.3333333333333333,0.6666666666666666,0.6666666666666666
39812,737574.9298,1.3333333333333333,1.3333333333333333,0.6666666666666666,0.6666666666666666
39816,737574.9596,1.3333333333333333,1.3333333333333333,0.6666666666666666,0.6666666666666666
39826,737575.1035,1.3333333333333333,1.3333333333333333,0.6666666666666666,0.6666666666666666
39854,737575.5761,1.3333333333333333,1.3333333333333333,0.6666666666666666,0.6666666666666666
39859,737575.69,1.3333333333333333,1.3333333333333333,0.6666666666666666,0.6666666666666666
39888,737576.2033,1.3333333333333333,1.3333333333333333,0.6666666666666666,0.6666666666666666
39903,737576.5462,1.3333333333333333,1.3333333333333333,0.6666666666666666,0.6666666666666666
39917,737576.9153,1.3333333333333333,1.3333333333333333,0.6666666666666666,0.6666666666666666
39946,737577.2286,1.3333333333333333,1.3333333333333333,0.6666666666666666,0.6666666666666666
39971,737577.9079,1.3333333333333333,1.3333333333333333,0.6666666666666666,0.6666666666666666
40098,737579.1906,1.3333333333333333,1.3333333333333333,0.6666666666666666,0.6666666666666666
40149,737580.2079,1.3333333333333333,1.3333333333333333,0.6666666666666666,0.6666666666666666
40220,737581.5015,1.3333333333333333,1.3333333333333333,0.6666666666666666,0.6666666666666666
40461,737582.423,1.3333333333333333,1.3333333333333333,0.6666666666666666,0.6666666666666666
40510,737582.8468,1.3333333333333333,1.3333333333333333,0.6666666666666666,0.6666666666666666
40512,737582.8498,1.3333333333333333,1.3333333333333333,0.6666666666666666,0.6666666666666666
40513,737582.856,1.3333333333333333,1.3333333333333333,0.6666666666666666,0.6666666666666666
40546,737583.0385,1.3333333333333333,1.3333333333333333,0.6666666666666666,0.6666666666666666
40555,737583.097,1.3333333333333333,1.3333333333333333,0.6666666666666666,0.6666666666666666
40559,737583.1188,1.3333333333333333,1.3333333333333333,0.6666666666666666,0.6666666666666666
40625,737584.0113,1.3333333333333333,1.3333333333333333,0.6666666666666666,0.6666666666666666
40876,737587.9012,1.3333333333333333,1.3333333333333333,0.6666666666666666,0.6666666666666666
40893,737588.1747,1.3333333333333333,1.3333333333333333,0.6666666666666666,0.6666666666666666
40934,737588.9304,1.3333333333333333,1.3333333333333333,0.6666666666666666,0.6666666666666666
40959,737589.5948,1.3333333333333333,1.3333333333333333,0.6666666666666666,0.6666666666666666
41075,737591.1168,1.3333333333333333,1.3333333333333333,0.6666666666666666,0.6666666666666666
41082,737591.2295,1.3333333333333333,1.3333333333333333,0.6666666666666666,0.6666666666666666
41108,737591.6941,1.3333333333333333,1.3333333333333333,0.6666666666666666,0.6666666666666666
41112,737591.7851,1.3333333333333333,1.3333333333333333,0.6666666666666666,0.6666666666666666
41257,737594.5493,1.3333333333333333,1.3333333333333333,0.6666666666666666,0.6666666666666666
41269,737594.8593,1.3333333333333333,1.3333333333333333,0.6666666666666666,0.6666666666666666
41302,737595.8956,1.3333333333333333,1.3333333333333333,0.6666666666666666,0.6666666666666666
41324,737596.3424,1.3333333333333333,1.3333333333333333,0.6666666666666666,0.6666666666666666
41325,737596.3431,1.3333333333333333,1.3333333333333333,0.6666666666666666,0.6666666666666666
41326,737596.3455,1.3333333333333333,1.3333333333333333,0.6666666666666666,0.6666666666666666
41342,737596.7487,1.3333333333333333,1.3333333333333333,0.6666666666666666,0.6666666666666666
41343,737596.7503,1.3333333333333333,1.3333333333333333,0.6666666666666666,0.6666666666666666
41381,737597.9037,1.3333333333333333,1.3333333333333333,0.6666666666666666,0.6666666666666666
41451,737599.4483,1.3333333333333333,1.3333333333333333,0.6666666666666666,0.6666666666666666
41594,737602.8367,1.3333333333333333,1.3333333333333333,0.6666666666666666,0.6666666666666666
41603,737603.1827,1.3333333333333333,1.3333333333333333,0.6666666666666666,0.6666666666666666
41607,737603.3925,1.3333333333333333,1.3333333333333333,0.6666666666666666,0.6666666666666666
41654,737605.1169,1.3333333333333333,1.3333333333333333,0.6666666666666666,0.6666666666666666
41804,737608.8829,1.3333333333333333,1.3333333333333333,0.6666666666666666,0.6666666666666666
41808,737608.9603,1.3333333333333333,1.3333333333333333,0.6666666666666666,0.6666666666666666
41851,737609.5971,1.3333333333333333,1.3333333333333333,0.6666666666666666,0.6666666666666666
41855,737609.8236,1.3333333333333333,1.3333333333333333,0.6666666666666666,0.6666666666666666
41880,737610.3196,1.3333333333333333,1.3333333333333333,0.6666666666666666,0.6666666666666666
41893,737611.563,1.3333333333333333,1.3333333333333333,0.6666666666666666,0.6666666666666666
41914,737612.1508,1.3333333333333333,1.3333333333333333,0.6666666666666666,0.6666666666666666
41915,737612.2184,1.3333333333333333,1.3333333333333333,0.6666666666666666,0.6666666666666666
41929,737612.4722,1.3333333333333333,1.3333333333333333,0.6666666666666666,0.6666666666666666
41932,737612.5777,1.3333333333333333,1.3333333333333333,0.6666666666666666,0.6666666666666666
41937,737612.6558,1.3333333333333333,1.3333333333333333,0.6666666666666666,0.6666666666666666
41939,737612.6877,1.3333333333333333,1.3333333333333333,0.6666666666666666,0.6666666666666666
41983,737613.6995,1.3333333333333333,1.3333333333333333,0.6666666666666666,0.6666666666666666
42027,737614.9697,1.3333333333333333,1.3333333333333333,0.6666666666666666,0.6666666666666666
42029,737614.9739,1.3333333333333333,1.3333333333333333,0.6666666666666666,0.6666666666666666
42084,737616.0367,1.3333333333333333,1.3333333333333333,0.6666666666666666,0.6666666666666666
42096,737616.1794,1.3333333333333333,1.3333333333333333,0.6666666666666666,0.6666666666666666
42200,737618.1555,1.3333333333333333,1.3333333333333333,0.6666666666666666,0.6666666666666666
42227,737619.1023,1.3333333333333333,1.3333333333333333,0.6666666666666666,0.6666666666666666
42231,737619.2352,1.3333333333333333,1.3333333333333333,0.6666666666666666,0.6666666666666666
42324,737621.906,1.3333333333333333,1.3333333333333333,0.6666666666666666,0.6666666666666666
42329,737621.9626,1.3333333333333333,1.3333333333333333,0.6666666666666666,0.6666666666666666
42333,737622.0621,1.3333333333333333,1.3333333333333333,0.6666666666666666,0.6666666666666666
42383,737623.1584,1.3333333333333333,1.3333333333333333,0.6666666666666666,0.6666666666666666
42410,737623.7709,1.3333333333333333,1.3333333333333333,0.6666666666666666,0.6666666666666666
42460,737624.6711,1.3333333333333333,1.3333333333333333,0.6666666666666666,0.6666666666666666
42546,737626.3203,1.3333333333333333,1.3333333333333333,0.6666666666666666,0.6666666666666666
42651,737628.9323,1.3333333333333333,1.3333333333333333,0.6666666666666666,0.6666666666666666
42672,737629.4818,1.3333333333333333,1.3333333333333333,0.6666666666666666,0.6666666666666666
42817,737632.6586,1.3333333333333333,1.3333333333333333,0.6666666666666666,0.6666666666666666
42819,737632.6876,1.3333333333333333,1.3333333333333333,0.6666666666666666,0.6666666666666666
42820,737632.7161,1.3333333333333333,1.3333333333333333,0.6666666666666666,0.6666666666666666
42832,737633.04,1.3333333333333333,1.3333333333333333,0.6666666666666666,0.6666666666666666
42930,737635.2823,1.3333333333333333,1.3333333333333333,0.6666666666666666,0.6666666666666666
42972,737636.1101,1.3333333333333333,1.3333333333333333,0.6666666666666666,0.6666666666666666
43338,737641.9605,1.3333333333333333,1.3333333333333333,0.6666666666666666,0.6666666666666666
43369,737642.048,1.3333333333333333,1.3333333333333333,0.6666666666666666,0.6666666666666666
43626,737644.9299,1.3333333333333333,1.3333333333333333,0.6666666666666666,0.6666666666666666
43669,737645.3998,1.3333333333333333,1.3333333333333333,0.6666666666666666,0.6666666666666666
43804,737648.5485,1.3333333333333333,1.3333333333333333,0.6666666666666666,0.6666666666666666
43829,737649.035,1.3333333333333333,1.3333333333333333,0.6666666666666666,0.6666666666666666
43906,737650.4855,1.3333333333333333,1.3333333333333333,0.6666666666666666,0.6666666666666666
43919,737650.6741,1.3333333333333333,1.3333333333333333,0.6666666666666666,0.6666666666666666
43920,737650.6747,1.3333333333333333,1.3333333333333333,0.6666666666666666,0.6666666666666666
43921,737650.6748,1.3333333333333333,1.3333333333333333,0.6666666666666666,0.6666666666666666
43927,737650.8206,1.3333333333333333,1.3333333333333333,0.6666666666666666,0.6666666666666666
43931,737650.9473,1.3333333333333333,1.3333333333333333,0.6666666666666666,0.6666666666666666
43964,737651.9231,1.3333333333333333,1.3333333333333333,0.6666666666666666,0.6666666666666666
43966,737652.034,1.3333333333333333,1.3333333333333333,0.6666666666666666,0.6666666666666666
43967,737652.0365,1.3333333333333333,1.3333333333333333,0.6666666666666666,0.6666666666666666
43971,737652.0832,1.3333333333333333,1.3333333333333333,0.6666666666666666,0.6666666666666666
44029,737653.9658,1.3333333333333333,1.3333333333333333,0.6666666666666666,0.6666666666666666
44035,737654.0951,1.3333333333333333,1.3333333333333333,0.6666666666666666,0.6666666666666666
44050,737654.5057,1.3333333333333333,1.3333333333333333,0.6666666666666666,0.6666666666666666
44105,737656.3714,1.3333333333333333,1.3333333333333333,0.6666666666666666,0.6666666666666666
44110,737656.4861,1.3333333333333333,1.3333333333333333,0.6666666666666666,0.6666666666666666
44127,737656.8557,1.3333333333333333,1.3333333333333333,0.6666666666666666,0.6666666666666666
44190,737658.5506,1.3333333333333333,1.3333333333333333,0.6666666666666666,0.6666666666666666
44212,737659.2745,1.3333333333333333,1.3333333333333333,0.6666666666666666,0.6666666666666666
44281,737661.5211,1.3333333333333333,1.3333333333333333,0.6666666666666666,0.6666666666666666
44304,737661.8612,1.3333333333333333,1.3333333333333333,0.6666666666666666,0.6666666666666666
44379,737663.8322,1.3333333333333333,1.3333333333333333,0.6666666666666666,0.6666666666666666
44414,737664.7106,1.3333333333333333,1.3333333333333333,0.6666666666666666,0.6666666666666666
44601,737669.0138,1.3333333333333333,1.3333333333333333,0.6666666666666666,0.6666666666666666
44638,737669.9664,1.3333333333333333,1.3333333333333333,0.6666666666666666,0.6666666666666666
44658,737670.71,1.3333333333333333,1.3333333333333333,0.6666666666666666,0.6666666666666666
44662,737670.8025,1.3333333333333333,1.3333333333333333,0.6666666666666666,0.6666666666666666
44796,737674.8412,1.3333333333333333,1.3333333333333333,0.6666666666666666,0.6666666666666666
44800,737674.9291,1.3333333333333333,1.3333333333333333,0.6666666666666666,0.6666666666666666
44824,737675.4662,1.3333333333333333,1.3333333333333333,0.6666666666666666,0.6666666666666666
44827,737675.5735,1.3333333333333333,1.3333333333333333,0.6666666666666666,0.6666666666666666
44838,737676.0139,1.3333333333333333,1.3333333333333333,0.6666666666666666,0.6666666666666666
44847,737676.1888,1.3333333333333333,1.3333333333333333,0.6666666666666666,0.6666666666666666
44896,737676.8134,1.3333333333333333,1.3333333333333333,0.6666666666666666,0.6666666666666666
44927,737677.3651,1.3333333333333333,1.3333333333333333,0.6666666666666666,0.6666666666666666
44928,737677.369,1.3333333333333333,1.3333333333333333,0.6666666666666666,0.6666666666666666
44931,737677.4052,1.3333333333333333,1.3333333333333333,0.6666666666666666,0.6666666666666666
44942,737677.7961,1.3333333333333333,1.3333333333333333,0.6666666666666666,0.6666666666666666
44958,737678.0367,1.3333333333333333,1.3333333333333333,0.6666666666666666,0.6666666666666666
44960,737678.0769,1.3333333333333333,1.3333333333333333,0.6666666666666666,0.6666666666666666
45055,737680.077,1.3333333333333333,1.3333333333333333,0.6666666666666666,0.6666666666666666
45076,737680.6663,1.3333333333333333,1.3333333333333333,0.6666666666666666,0.6666666666666666
45086,737680.8914,1.3333333333333333,1.3333333333333333,0.6666666666666666,0.6666666666666666
45103,737681.2108,1.3333333333333333,1.3333333333333333,0.6666666666666666,0.6666666666666666
45106,737681.2593,1.3333333333333333,1.3333333333333333,0.6666666666666666,0.6666666666666666
45146,737682.1952,1.3333333333333333,1.3333333333333333,0.6666666666666666,0.6666666666666666
45199,737683.5949,1.3333333333333333,1.3333333333333333,0.6666666666666666,0.6666666666666666
45216,737683.992,1.3333333333333333,1.3333333333333333,0.6666666666666666,0.6666666666666666
45224,737684.1625,1.3333333333333333,1.3333333333333333,0.6666666666666666,0.6666666666666666
45271,737685.0254,1.3333333333333333,1.3333333333333333,0.6666666666666666,0.6666666666666666
45306,737685.8359,1.3333333333333333,1.3333333333333333,0.6666666666666666,0.6666666666666666
45454,737686.9183,1.3333333333333333,1.3333333333333333,0.6666666666666666,0.6666666666666666
45636,737688.806,1.3333333333333333,1.3333333333333333,0.6666666666666666,0.6666666666666666
45689,737689.1632,1.3333333333333333,1.3333333333333333,0.6666666666666666,0.6666666666666666
45700,737689.3443,1.3333333333333333,1.3333333333333333,0.6666666666666666,0.6666666666666666
45761,737690.1272,1.3333333333333333,1.3333333333333333,0.6666666666666666,0.6666666666666666
45841,737691.2863,1.3333333333333333,1.3333333333333333,0.6666666666666666,0.6666666666666666
46189,737698.5397,1.3333333333333333,1.3333333333333333,0.6666666666666666,0.6666666666666666
46195,737698.6628,1.3333333333333333,1.3333333333333333,0.6666666666666666,0.6666666666666666
46198,737698.7658,1.3333333333333333,1.3333333333333333,0.6666666666666666,0.6666666666666666
46239,737699.2974,1.3333333333333333,1.3333333333333333,0.6666666666666666,0.6666666666666666
46289,737700.2221,1.3333333333333333,1.3333333333333333,0.6666666666666666,0.6666666666666666
46399,737703.0331,1.3333333333333333,1.3333333333333333,0.6666666666666666,0.6666666666666666
46409,737703.2567,1.3333333333333333,1.3333333333333333,0.6666666666666666,0.6666666666666666
46463,737704.5993,1.3333333333333333,1.3333333333333333,0.6666666666666666,0.6666666666666666
46515,737705.7148,1.3333333333333333,1.3333333333333333,0.6666666666666666,0.6666666666666666
46518,737705.7682,1.3333333333333333,1.3333333333333333,0.6666666666666666,0.6666666666666666
46533,737706.0735,1.3333333333333333,1.3333333333333333,0.6666666666666666,0.6666666666666666
46539,737706.1518,1.3333333333333333,1.3333333333333333,0.6666666666666666,0.6666666666666666
46580,737706.9785,1.3333333333333333,1.3333333333333333,0.6666666666666666,0.6666666666666666
46608,737707.7075,1.3333333333333333,1.3333333333333333,0.6666666666666666,0.6666666666666666
46722,737710.4392,1.3333333333333333,1.3333333333333333,0.6666666666666666,0.6666666666666666
46747,737711.0453,1.3333333333333333,1.3333333333333333,0.6666666666666666,0.6666666666666666
46795,737711.9849,1.3333333333333333,1.3333333333333333,0.6666666666666666,0.6666666666666666
46831,737713.1247,1.3333333333333333,1.3333333333333333,0.6666666666666666,0.6666666666666666
46876,737714.1158,1.3333333333333333,1.3333333333333333,0.6666666666666666,0.6666666666666666
46905,737714.7872,1.3333333333333333,1.3333333333333333,0.6666666666666666,0.6666666666666666
46951,737715.5951,1.3333333333333333,1.3333333333333333,0.6666666666666666,0.6666666666666666
47015,737717.2398,1.3333333333333333,1.3333333333333333,0.6666666666666666,0.6666666666666666
47073,737718.561,1.3333333333333333,1.3333333333333333,0.6666666666666666,0.6666666666666666
47086,737718.8851,1.3333333333333333,1.3333333333333333,0.6666666666666666,0.6666666666666666
47143,737720.0029,1.3333333333333333,1.3333333333333333,0.6666666666666666,0.6666666666666666
47203,737720.9869,1.3333333333333333,1.3333333333333333,0.6666666666666666,0.6666666666666666
47262,737721.9196,1.3333333333333333,1.3333333333333333,0.6666666666666666,0.6666666666666666
47302,737723.0662,1.3333333333333333,1.3333333333333333,0.6666666666666666,0.6666666666666666
47303,737723.082,1.3333333333333333,1.3333333333333333,0.6666666666666666,0.6666666666666666
47384,737724.8778,1.3333333333333333,1.3333333333333333,0.6666666666666666,0.6666666666666666
47385,737724.8798,1.3333333333333333,1.3333333333333333,0.6666666666666666,0.6666666666666666
47406,737725.256,1.3333333333333333,1.3333333333333333,0.6666666666666666,0.6666666666666666
47445,737725.7901,1.3333333333333333,1.3333333333333333,0.6666666666666666,0.6666666666666666
47526,737727.7049,1.3333333333333333,1.3333333333333333,0.6666666666666666,0.6666666666666666
47569,737728.9964,1.3333333333333333,1.3333333333333333,0.6666666666666666,0.6666666666666666
47590,737730.0139,1.3333333333333333,1.3333333333333333,0.6666666666666666,0.6666666666666666
47592,737730.0382,1.3333333333333333,1.3333333333333333,0.6666666666666666,0.6666666666666666
47594,737730.094,1.3333333333333333,1.3333333333333333,0.6666666666666666,0.6666666666666666
47610,737730.6302,1.3333333333333333,1.3333333333333333,0.6666666666666666,0.6666666666666666
47653,737731.9059,1.3333333333333333,1.3333333333333333,0.6666666666666666,0.6666666666666666
47664,737732.1532,1.3333333333333333,1.3333333333333333,0.6666666666666666,0.6666666666666666
47766,737734.5833,1.3333333333333333,1.3333333333333333,0.6666666666666666,0.6666666666666666
47775,737734.7402,1.3333333333333333,1.3333333333333333,0.6666666666666666,0.6666666666666666
47808,737735.2802,1.3333333333333333,1.3333333333333333,0.6666666666666666,0.6666666666666666
47855,737735.8578,1.3333333333333333,1.3333333333333333,0.6666666666666666,0.6666666666666666
47877,737736.2609,1.3333333333333333,1.3333333333333333,0.6666666666666666,0.6666666666666666
47897,737736.7912,1.3333333333333333,1.3333333333333333,0.6666666666666666,0.6666666666666666
47928,737737.6502,1.3333333333333333,1.3333333333333333,0.6666666666666666,0.6666666666666666
47942,737737.9235,1.3333333333333333,1.3333333333333333,0.6666666666666666,0.6666666666666666
47944,737737.9346,1.3333333333333333,1.3333333333333333,0.6666666666666666,0.6666666666666666
48047,737740.0999,1.3333333333333333,1.3333333333333333,0.6666666666666666,0.6666666666666666
48054,737740.331,1.3333333333333333,1.3333333333333333,0.6666666666666666,0.6666666666666666
48081,737741.0407,1.3333333333333333,1.3333333333333333,0.6666666666666666,0.6666666666666666
48122,737742.2164,1.3333333333333333,1.3333333333333333,0.6666666666666666,0.6666666666666666
48201,737744.2327,1.3333333333333333,1.3333333333333333,0.6666666666666666,0.6666666666666666
48327,737747.6829,1.3333333333333333,1.3333333333333333,0.6666666666666666,0.6666666666666666
48390,737749.2908,1.3333333333333333,1.3333333333333333,0.6666666666666666,0.6666666666666666
48430,737750.4347,1.3333333333333333,1.3333333333333333,0.6666666666666666,0.6666666666666666
48461,737751.7939,1.3333333333333333,1.3333333333333333,0.6666666666666666,0.6666666666666666
48472,737752.0001,1.3333333333333333,1.3333333333333333,0.6666666666666666,0.6666666666666666
48501,737752.9583,1.3333333333333333,1.3333333333333333,0.6666666666666666,0.6666666666666666
48509,737753.2581,1.3333333333333333,1.3333333333333333,0.6666666666666666,0.6666666666666666
48666,737756.4338,1.3333333333333333,1.3333333333333333,0.6666666666666666,0.6666666666666666
48783,737758.0158,1.3333333333333333,1.3333333333333333,0.6666666666666666,0.6666666666666666
48789,737758.0996,1.3333333333333333,1.3333333333333333,0.6666666666666666,0.6666666666666666
48795,737758.2956,1.3333333333333333,1.3333333333333333,0.6666666666666666,0.6666666666666666
48825,737758.8727,1.3333333333333333,1.3333333333333333,0.6666666666666666,0.6666666666666666
48839,737759.1784,1.3333333333333333,1.3333333333333333,0.6666666666666666,0.6666666666666666
48845,737759.3335,1.3333333333333333,1.3333333333333333,0.6666666666666666,0.6666666666666666
48847,737759.3547,1.3333333333333333,1.3333333333333333,0.6666666666666666,0.6666666666666666
48890,737760.3758,1.3333333333333333,1.3333333333333333,0.6666666666666666,0.6666666666666666
48898,737760.4416,1.3333333333333333,1.3333333333333333,0.6666666666666666,0.6666666666666666
48925,737761.1148,1.3333333333333333,1.3333333333333333,0.6666666666666666,0.6666666666666666
49056,737764.537,1.3333333333333333,1.3333333333333333,0.6666666666666666,0.6666666666666666
49080,737765.1372,1.3333333333333333,1.3333333333333333,0.6666666666666666,0.6666666666666666
49086,737765.4344,1.3333333333333333,1.3333333333333333,0.6666666666666666,0.6666666666666666
49089,737765.4962,1.3333333333333333,1.3333333333333333,0.6666666666666666,0.6666666666666666
49090,737765.5054,1.3333333333333333,1.3333333333333333,0.6666666666666666,0.6666666666666666
49092,737765.5204,1.3333333333333333,1.3333333333333333,0.6666666666666666,0.6666666666666666
49093,737765.5454,1.3333333333333333,1.3333333333333333,0.6666666666666666,0.6666666666666666
49095,737765.5746,1.3333333333333333,1.3333333333333333,0.6666666666666666,0.6666666666666666
49096,737765.5824,1.3333333333333333,1.3333333333333333,0.6666666666666666,0.6666666666666666
49114,737766.0174,1.3333333333333333,1.3333333333333333,0.6666666666666666,0.6666666666666666
49123,737766.1528,1.3333333333333333,1.3333333333333333,0.6666666666666666,0.6666666666666666
49160,737766.9365,1.3333333333333333,1.3333333333333333,0.6666666666666666,0.6666666666666666
49167,737767.0507,1.3333333333333333,1.3333333333333333,0.6666666666666666,0.6666666666666666
49168,737767.051,1.3333333333333333,1.3333333333333333,0.6666666666666666,0.6666666666666666
49170,737767.1796,1.3333333333333333,1.3333333333333333,0.6666666666666666,0.6666666666666666
49201,737767.8795,1.3333333333333333,1.3333333333333333,0.6666666666666666,0.6666666666666666
49213,737768.0522,1.3333333333333333,1.3333333333333333,0.6666666666666666,0.6666666666666666
49286,737769.6821,1.3333333333333333,1.3333333333333333,0.6666666666666666,0.6666666666666666
49301,737769.8975,1.3333333333333333,1.3333333333333333,0.6666666666666666,0.6666666666666666
49346,737770.7328,1.3333333333333333,1.3333333333333333,0.6666666666666666,0.6666666666666666
49352,737770.8923,1.3333333333333333,1.3333333333333333,0.6666666666666666,0.6666666666666666
49400,737772.3943,1.3333333333333333,1.3333333333333333,0.6666666666666666,0.6666666666666666
49404,737772.5032,1.3333333333333333,1.3333333333333333,0.6666666666666666,0.6666666666666666
49414,737772.8365,1.3333333333333333,1.3333333333333333,0.6666666666666666,0.6666666666666666
49431,737773.5251,1.3333333333333333,1.3333333333333333,0.6666666666666666,0.6666666666666666
49507,737776.0789,1.3333333333333333,1.3333333333333333,0.6666666666666666,0.6666666666666666
49522,737776.604,1.3333333333333333,1.3333333333333333,0.6666666666666666,0.6666666666666666
49580,737777.7772,1.3333333333333333,1.3333333333333333,0.6666666666666666,0.6666666666666666
49582,737777.797,1.3333333333333333,1.3333333333333333,0.6666666666666666,0.6666666666666666
49614,737778.2412,1.3333333333333333,1.3333333333333333,0.6666666666666666,0.6666666666666666
49679,737780.0173,1.3333333333333333,1.3333333333333333,0.6666666666666666,0.6666666666666666
49683,737780.1722,1.3333333333333333,1.3333333333333333,0.6666666666666666,0.6666666666666666
49725,737781.0208,1.3333333333333333,1.3333333333333333,0.6666666666666666,0.6666666666666666
49780,737782.1478,1.3333333333333333,1.3333333333333333,0.6666666666666666,0.6666666666666666
49799,737783.0303,1.3333333333333333,1.3333333333333333,0.6666666666666666,0.6666666666666666
49820,737783.8131,1.3333333333333333,1.3333333333333333,0.6666666666666666,0.6666666666666666
49823,737783.8601,1.3333333333333333,1.3333333333333333,0.6666666666666666,0.6666666666666666
49873,737784.9765,1.3333333333333333,1.3333333333333333,0.6666666666666666,0.6666666666666666
49928,737785.8329,1.3333333333333333,1.3333333333333333,0.6666666666666666,0.6666666666666666
50335,737788.7926,1.3333333333333333,1.3333333333333333,0.6666666666666666,0.6666666666666666
50341,737788.8682,1.3333333333333333,1.3333333333333333,0.6666666666666666,0.6666666666666666
50541,737791.1574,1.3333333333333333,1.3333333333333333,0.6666666666666666,0.6666666666666666
50605,737792.2217,1.3333333333333333,1.3333333333333333,0.6666666666666666,0.6666666666666666
50633,737792.6552,1.3333333333333333,1.3333333333333333,0.6666666666666666,0.6666666666666666
50648,737792.8792,1.3333333333333333,1.3333333333333333,0.6666666666666666,0.6666666666666666
50662,737793.065,1.3333333333333333,1.3333333333333333,0.6666666666666666,0.6666666666666666
50665,737793.0733,1.3333333333333333,1.3333333333333333,0.6666666666666666,0.6666666666666666
50680,737793.2701,1.3333333333333333,1.3333333333333333,0.6666666666666666,0.6666666666666666
50687,737793.3485,1.3333333333333333,1.3333333333333333,0.6666666666666666,0.6666666666666666
50796,737794.8037,1.3333333333333333,1.3333333333333333,0.6666666666666666,0.6666666666666666
50799,737794.9193,1.3333333333333333,1.3333333333333333,0.6666666666666666,0.6666666666666666
50861,737795.6399,1.3333333333333333,1.3333333333333333,0.6666666666666666,0.6666666666666666
50865,737795.6876,1.3333333333333333,1.3333333333333333,0.6666666666666666,0.6666666666666666
50869,737795.716,1.3333333333333333,1.3333333333333333,0.6666666666666666,0.6666666666666666
50870,737795.717,1.3333333333333333,1.3333333333333333,0.6666666666666666,0.6666666666666666
50874,737795.7547,1.3333333333333333,1.3333333333333333,0.6666666666666666,0.6666666666666666
50877,737795.7636,1.3333333333333333,1.3333333333333333,0.6666666666666666,0.6666666666666666
50879,737795.7695,1.3333333333333333,1.3333333333333333,0.6666666666666666,0.6666666666666666
50880,737795.7765,1.3333333333333333,1.3333333333333333,0.6666666666666666,0.6666666666666666
50887,737795.8552,1.3333333333333333,1.3333333333333333,0.6666666666666666,0.6666666666666666
50888,737795.8562,1.3333333333333333,1.3333333333333333,0.6666666666666666,0.6666666666666666
50896,737795.8987,1.3333333333333333,1.3333333333333333,0.6666666666666666,0.6666666666666666
50898,737795.9134,1.3333333333333333,1.3333333333333333,0.6666666666666666,0.6666666666666666
50905,737795.9882,1.3333333333333333,1.3333333333333333,0.6666666666666666,0.6666666666666666
50906,737795.9897,1.3333333333333333,1.3333333333333333,0.6666666666666666,0.6666666666666666
50907,737795.9938,1.3333333333333333,1.3333333333333333,0.6666666666666666,0.6666666666666666
50911,737796.0276,1.3333333333333333,1.3333333333333333,0.6666666666666666,0.6666666666666666
50933,737796.3471,1.3333333333333333,1.3333333333333333,0.6666666666666666,0.6666666666666666
50938,737796.4173,1.3333333333333333,1.3333333333333333,0.6666666666666666,0.6666666666666666
51016,737797.5356,1.3333333333333333,1.3333333333333333,0.6666666666666666,0.6666666666666666
51022,737797.5918,1.3333333333333333,1.3333333333333333,0.6666666666666666,0.6666666666666666
51089,737798.5926,1.3333333333333333,1.3333333333333333,0.6666666666666666,0.6666666666666666
51147,737799.6747,1.3333333333333333,1.3333333333333333,0.6666666666666666,0.6666666666666666
51154,737799.825,1.3333333333333333,1.3333333333333333,0.6666666666666666,0.6666666666666666
51160,737800.013,1.3333333333333333,1.3333333333333333,0.6666666666666666,0.6666666666666666
51167,737800.1456,1.3333333333333333,1.3333333333333333,0.6666666666666666,0.6666666666666666
51202,737800.8925,1.3333333333333333,1.3333333333333333,0.6666666666666666,0.6666666666666666
51213,737801.166,1.3333333333333333,1.3333333333333333,0.6666666666666666,0.6666666666666666
51263,737802.1784,1.3333333333333333,1.3333333333333333,0.6666666666666666,0.6666666666666666
51265,737802.2292,1.3333333333333333,1.3333333333333333,0.6666666666666666,0.6666666666666666
51296,737802.6927,1.3333333333333333,1.3333333333333333,0.6666666666666666,0.6666666666666666
51298,737802.7074,1.3333333333333333,1.3333333333333333,0.6666666666666666,0.6666666666666666
51299,737802.7366,1.3333333333333333,1.3333333333333333,0.6666666666666666,0.6666666666666666
51300,737802.7469,1.3333333333333333,1.3333333333333333,0.6666666666666666,0.6666666666666666
51301,737802.7696,1.3333333333333333,1.3333333333333333,0.6666666666666666,0.6666666666666666
51303,737802.7739,1.3333333333333333,1.3333333333333333,0.6666666666666666,0.6666666666666666
51307,737802.8812,1.3333333333333333,1.3333333333333333,0.6666666666666666,0.6666666666666666
51397,737805.7311,1.3333333333333333,1.3333333333333333,0.6666666666666666,0.6666666666666666
51413,737806.1398,1.3333333333333333,1.3333333333333333,0.6666666666666666,0.6666666666666666
51458,737807.3019,1.3333333333333333,1.3333333333333333,0.6666666666666666,0.6666666666666666
51474,737807.5137,1.3333333333333333,1.3333333333333333,0.6666666666666666,0.6666666666666666
51492,737808.0845,1.3333333333333333,1.3333333333333333,0.6666666666666666,0.6666666666666666
51526,737809.2159,1.3333333333333333,1.3333333333333333,0.6666666666666666,0.6666666666666666
51537,737809.6289,1.3333333333333333,1.3333333333333333,0.6666666666666666,0.6666666666666666
51539,737809.6488,1.3333333333333333,1.3333333333333333,0.6666666666666666,0.6666666666666666
51554,737810.1697,1.3333333333333333,1.3333333333333333,0.6666666666666666,0.6666666666666666
51650,737812.3074,1.3333333333333333,1.3333333333333333,0.6666666666666666,0.6666666666666666
51670,737812.6473,1.3333333333333333,1.3333333333333333,0.6666666666666666,0.6666666666666666
51689,737813.1436,1.3333333333333333,1.3333333333333333,0.6666666666666666,0.6666666666666666
51698,737813.3923,1.3333333333333333,1.3333333333333333,0.6666666666666666,0.6666666666666666
51699,737813.4119,1.3333333333333333,1.3333333333333333,0.6666666666666666,0.6666666666666666
51837,737816.598,1.3333333333333333,1.3333333333333333,0.6666666666666666,0.6666666666666666
51864,737817.2225,1.3333333333333333,1.3333333333333333,0.6666666666666666,0.6666666666666666
51881,737818.0711,1.3333333333333333,1.3333333333333333,0.6666666666666666,0.6666666666666666
51893,737818.4355,1.3333333333333333,1.3333333333333333,0.6666666666666666,0.6666666666666666
51909,737819.0544,1.3333333333333333,1.3333333333333333,0.6666666666666666,0.6666666666666666
51925,737819.5405,1.3333333333333333,1.3333333333333333,0.6666666666666666,0.7
51940,737819.7188,1.3333333333333333,1.3333333333333333,0.6666666666666666,0.7
51946,737819.8343,1.3333333333333333,1.3333333333333333,0.6666666666666666,0.7
51949,737819.9545,1.3333333333333333,1.3333333333333333,0.6666666666666666,0.6666666666666666
51950,737819.9951,1.3333333333333333,1.3333333333333333,0.6666666666666666,0.6666666666666666
51954,737820.1348,1.3333333333333333,1.3333333333333333,0.6666666666666666,0.6666666666666666
51956,737820.2013,1.3333333333333333,1.3333333333333333,0.6666666666666666,0.8666666666666667
51960,737820.2962,1.3333333333333333,1.3333333333333333,0.6666666666666666,0.9
51962,737820.3416,1.3333333333333333,1.3333333333333333,0.6666666666666666,0.9
51965,737820.3859,1.3333333333333333,1.3333333333333333,0.6666666666666666,0.8333333333333334
51967,737820.3925,1.3333333333333333,1.3333333333333333,0.6666666666666666,0.8666666666666667
51968,737820.4559,1.3333333333333333,1.3333333333333333,0.6666666666666666,0.9333333333333333
51969,737820.458,1.3333333333333333,1.3333333333333333,0.6666666666666666,0.9333333333333333
51971,737820.4793,1.3333333333333333,1.3333333333333333,0.6666666666666666,0.9333333333333333
51972,737820.4848,1.3333333333333333,1.3333333333333333,0.6666666666666666,0.9333333333333333
51974,737820.4967,1.3333333333333333,1.3333333333333333,0.6666666666666666,1.0333333333333334
51975,737820.4984,1.3333333333333333,1.3333333333333333,0.6666666666666666,1.0
51977,737820.4994,1.3333333333333333,1.3333333333333333,0.6666666666666666,1.1
51979,737820.5064,1.3333333333333333,1.4,0.7,1.1333333333333333
51980,737820.5089,1.3333333333333333,1.4,0.7,1.1333333333333333
51982,737820.518,1.3333333333333333,1.4,0.7,1.1333333333333333
51983,737820.5401,1.3333333333333333,1.4,0.7,1.1333333333333333
51984,737820.5483,1.3333333333333333,1.4,0.7,1.1333333333333333
51986,737820.5503,1.3333333333333333,1.4666666666666666,0.7333333333333333,1.1666666666666667
51987,737820.5508,1.3333333333333333,1.5333333333333334,0.7666666666666667,1.2
51988,737820.5542,1.3333333333333333,1.6,0.7666666666666667,1.1333333333333333
51991,737820.5637,1.3333333333333333,1.6666666666666667,0.8333333333333334,1.2
51992,737820.6427,1.3333333333333333,1.7333333333333334,0.8333333333333334,1.2333333333333334
51993,737820.6511,1.3333333333333333,1.7333333333333334,0.8333333333333334,1.2333333333333334
51994,737820.6551,1.3333333333333333,1.7333333333333334,0.8333333333333334,1.2333333333333334
51995,737820.6599,1.4,1.8,0.9,1.2333333333333334
51997,737820.7288,1.4666666666666666,1.8666666666666667,0.9,1.2333333333333334
51998,737820.7307,1.4666666666666666,1.8666666666666667,0.9,1.2333333333333334
52000,737820.7677,1.4666666666666666,1.8666666666666667,0.9333333333333333,1.3666666666666667
52004,737820.9468,1.4666666666666666,1.8666666666666667,0.9333333333333333,1.3666666666666667
52010,737821.4952,1.6,1.9333333333333333,1.0,1.4333333333333333
52012,737821.8237,1.6,1.9333333333333333,1.0,1.4333333333333333
52044,737822.856,1.6,1.9333333333333333,1.0,1.4333333333333333
52057,737823.0269,1.6,1.9333333333333333,1.0,1.4333333333333333
52061,737823.0881,1.6,1.9333333333333333,1.0,1.4333333333333333
52062,737823.0929,1.6,1.9333333333333333,1.0,1.4333333333333333
52063,737823.0974,1.6,1.9333333333333333,1.0,1.4333333333333333
52102,737824.1627,1.4666666666666666,1.8,0.9666666666666667,1.3
52139,737825.1192,1.4666666666666666,1.8,0.9666666666666667,1.3
52245,737827.8202,1.4666666666666666,1.8,0.9666666666666667,1.3
52246,737827.8556,1.4666666666666666,1.8,0.9666666666666667,1.3
52252,737828.0014,1.5333333333333334,1.6666666666666667,0.9666666666666667,1.2333333333333334
52267,737828.4225,1.6,1.7333333333333334,1.0333333333333334,1.2666666666666666
52270,737828.517,1.6666666666666667,1.8,1.0666666666666667,1.3
52290,737828.8824,1.6666666666666667,1.8,1.0666666666666667,1.3
52310,737829.0481,1.6666666666666667,1.8,1.0666666666666667,1.3
52341,737829.6181,1.6666666666666667,1.8,1.0666666666666667,1.3
52344,737829.6941,1.7333333333333334,1.8666666666666667,1.1,1.3
52345,737829.6944,1.8,1.9333333333333333,1.1333333333333333,1.3333333333333333
52359,737830.0307,1.8,1.9333333333333333,1.1333333333333333,1.3333333333333333
52380,737830.5673,1.8666666666666667,2.0,1.1,1.3333333333333333
52402,737831.1505,1.8666666666666667,2.0,1.1,1.3333333333333333
52412,737831.376,1.8666666666666667,2.0,1.1,1.3333333333333333
52414,737831.4492,1.8666666666666667,2.0,1.1,1.3333333333333333
52416,737831.4861,1.3333333333333333,1.3333333333333333,0.6666666666666666,0.6666666666666666
52427,737832.073,1.3333333333333333,1.3333333333333333,0.6666666666666666,0.6666666666666666
52429,737832.12,1.3333333333333333,1.3333333333333333,0.6666666666666666,0.6666666666666666
52433,737832.2635,1.3333333333333333,1.3333333333333333,0.6666666666666666,0.6666666666666666
52526,737834.682,1.3333333333333333,1.3333333333333333,0.6666666666666666,0.6666666666666666
52589,737836.2842,1.3333333333333333,1.3333333333333333,0.6666666666666666,0.6666666666666666
52608,737836.8258,1.3333333333333333,1.3333333333333333,0.6666666666666666,0.6666666666666666
52609,737836.9139,1.3333333333333333,1.3333333333333333,0.6666666666666666,0.6666666666666666
52637,737837.5445,1.3333333333333333,1.3333333333333333,1.0,1.2
52641,737837.6913,1.3333333333333333,1.3333333333333333,1.0,1.2
52643,737837.7182,1.3333333333333333,1.3333333333333333,1.0,1.2
52662,737838.1282,1.3333333333333333,1.3333333333333333,1.0666666666666667,1.1666666666666667
52694,737839.7128,1.3333333333333333,1.3333333333333333,0.6666666666666666,0.6666666666666666
52725,737840.5884,1.3333333333333333,1.3333333333333333,1.0666666666666667,1.2333333333333334
52734,737840.9404,1.3333333333333333,1.3333333333333333,1.0666666666666667,1.2333333333333334
52759,737841.6542,1.3333333333333333,1.3333333333333333,1.1,1.2666666666666666
52771,737841.9527,1.3333333333333333,1.3333333333333333,1.1,1.2666666666666666
52773,737842.0602,1.3333333333333333,1.3333333333333333,1.1,1.2666666666666666
52800,737843.1296,1.3333333333333333,1.3333333333333333,1.1,1.2666666666666666
52802,737843.1312,1.3333333333333333,1.3333333333333333,1.1,1.2666666666666666
52867,737844.9347,1.3333333333333333,1.3333333333333333,1.1,1.2666666666666666
52930,737847.0257,1.3333333333333333,1.3333333333333333,1.1,1.2666666666666666
52940,737847.3822,1.3333333333333333,1.3333333333333333,1.1,1.2666666666666666
53040,737849.8406,1.3333333333333333,1.3333333333333333,1.1,1.2666666666666666
53041,737849.8409,1.3333333333333333,1.3333333333333333,0.6666666666666666,1.1333333333333333
53042,737849.8453,1.3333333333333333,1.3333333333333333,0.6666666666666666,1.1666666666666667
53043,737849.854,1.3333333333333333,1.3333333333333333,0.6666666666666666,1.1666666666666667
53047,737849.981,1.3333333333333333,1.3333333333333333,0.6666666666666666,1.1666666666666667
53048,737849.9816,1.3333333333333333,1.3333333333333333,0.6666666666666666,1.1666666666666667
53080,737850.9181,1.3333333333333333,1.3333333333333333,0.6666666666666666,0.6666666666666666
53121,737851.8293,1.3333333333333333,1.3333333333333333,0.6666666666666666,0.6666666666666666
53131,737852.1063,1.3333333333333333,1.3333333333333333,0.6666666666666666,0.6666666666666666
53134,737852.1728,1.3333333333333333,1.3333333333333333,0.6666666666666666,0.6666666666666666
53157,737852.7182,1.3333333333333333,1.3333333333333333,0.6666666666666666,0.6666666666666666
53197,737854.3499,1.3333333333333333,1.3333333333333333,0.6666666666666666,0.6666666666666666
53212,737854.706,1.3333333333333333,1.3333333333333333,0.6666666666666666,0.6666666666666666
53244,737855.7006,1.3333333333333333,1.3333333333333333,0.6666666666666666,0.6666666666666666
53246,737855.7629,1.3333333333333333,1.3333333333333333,0.6666666666666666,0.6666666666666666
53290,737857.4203,1.3333333333333333,1.3333333333333333,0.6666666666666666,0.6666666666666666
53291,737857.424,1.3333333333333333,1.3333333333333333,0.6666666666666666,0.6666666666666666
53333,737858.4605,1.3333333333333333,1.3333333333333333,0.6666666666666666,0.6666666666666666
53350,737858.9413,1.3333333333333333,1.3333333333333333,0.6666666666666666,0.6666666666666666
53351,737858.9428,1.3333333333333333,1.3333333333333333,0.6666666666666666,0.6666666666666666
53353,737858.9907,1.3333333333333333,1.3333333333333333,0.6666666666666666,0.6666666666666666
53450,737862.1967,1.3333333333333333,1.3333333333333333,0.6666666666666666,0.6666666666666666
53486,737863.0329,1.3333333333333333,1.3333333333333333,0.6666666666666666,0.6666666666666666
53496,737863.2249,1.3333333333333333,1.3333333333333333,0.6666666666666666,0.6666666666666666
53498,737863.2666,1.3333333333333333,1.3333333333333333,0.6666666666666666,0.6666666666666666
53510,737863.576,1.3333333333333333,1.3333333333333333,0.6666666666666666,0.6666666666666666
53518,737863.75,1.3333333333333333,1.3333333333333333,0.6666666666666666,0.6666666666666666
53520,737863.7904,1.3333333333333333,1.3333333333333333,0.6666666666666666,0.6666666666666666
53556,737864.6844,1.3333333333333333,1.3333333333333333,0.6666666666666666,0.6666666666666666
53562,737864.8656,1.3333333333333333,1.3333333333333333,0.6666666666666666,0.6666666666666666
53618,737866.1891,1.3333333333333333,1.3333333333333333,0.6666666666666666,0.6666666666666666
53621,737866.3387,1.3333333333333333,1.3333333333333333,0.6666666666666666,0.6666666666666666
53622,737866.3432,1.3333333333333333,1.3333333333333333,0.6666666666666666,0.6666666666666666
53627,737866.4013,1.3333333333333333,1.3333333333333333,0.6666666666666666,0.6666666666666666
53629,737866.4087,1.3333333333333333,1.3333333333333333,0.6666666666666666,0.6666666666666666
53631,737866.4191,1.3333333333333333,1.3333333333333333,0.6666666666666666,0.6666666666666666
53652,737867.5714,1.3333333333333333,1.3333333333333333,0.6666666666666666,0.6666666666666666
53665,737867.9376,1.3333333333333333,1.3333333333333333,0.6666666666666666,0.6666666666666666
53676,737868.5466,1.3333333333333333,1.3333333333333333,0.6666666666666666,0.6666666666666666
53688,737868.8013,1.3333333333333333,1.3333333333333333,0.6666666666666666,0.6666666666666666
53725,737870.0356,1.3333333333333333,1.3333333333333333,0.6666666666666666,0.6666666666666666
53728,737870.0877,1.3333333333333333,1.3333333333333333,0.6666666666666666,0.6666666666666666
53771,737871.0581,1.3333333333333333,1.3333333333333333,0.6666666666666666,0.7
53775,737871.1345,1.3333333333333333,1.3333333333333333,0.6666666666666666,0.7
53817,737872.2786,1.3333333333333333,1.3333333333333333,0.6666666666666666,0.6666666666666666
53819,737872.3089,1.3333333333333333,1.3333333333333333,0.6666666666666666,0.6666666666666666
53820,737872.3453,1.3333333333333333,1.3333333333333333,0.6666666666666666,0.6666666666666666
53841,737873.3045,1.3333333333333333,1.3333333333333333,0.6666666666666666,0.6666666666666666
53858,737874.1821,1.3333333333333333,1.3333333333333333,0.6666666666666666,0.6666666666666666
53864,737874.4364,1.3333333333333333,1.3333333333333333,0.6666666666666666,0.6666666666666666
53866,737874.6515,1.3333333333333333,1.3333333333333333,0.6666666666666666,0.6666666666666666
53887,737875.267,1.3333333333333333,1.3333333333333333,0.6666666666666666,0.6666666666666666
53896,737875.5486,1.3333333333333333,1.3333333333333333,0.6666666666666666,0.6666666666666666
53904,737875.7597,1.3333333333333333,1.3333333333333333,0.6666666666666666,0.6666666666666666
53911,737876.0133,1.3333333333333333,1.3333333333333333,0.6666666666666666,0.6666666666666666
53912,737876.0754,1.3333333333333333,1.3333333333333333,0.6666666666666666,0.6666666666666666
53913,737876.0883,1.3333333333333333,1.3333333333333333,0.6666666666666666,0.6666666666666666
53914,737876.1013,1.3333333333333333,1.3333333333333333,0.6666666666666666,0.6666666666666666
53938,737877.1959,1.3333333333333333,1.3333333333333333,0.6666666666666666,0.6666666666666666
53950,737877.3392,1.3333333333333333,1.3333333333333333,0.6666666666666666,0.6666666666666666
53959,737877.4756,1.3333333333333333,1.3333333333333333,0.6666666666666666,0.6666666666666666
53963,737877.6182,1.3333333333333333,1.3333333333333333,0.6666666666666666,0.6666666666666666
54015,737878.556,1.3333333333333333,1.3333333333333333,0.6666666666666666,0.6666666666666666
54026,737878.9321,1.3333333333333333,1.3333333333333333,0.6666666666666666,0.6666666666666666
54038,737879.1897,1.3333333333333333,1.3333333333333333,0.6666666666666666,0.7
54040,737879.2252,1.3333333333333333,1.3333333333333333,0.6666666666666666,0.7333333333333333
54041,737879.2339,1.3333333333333333,1.3333333333333333,0.6666666666666666,0.7666666666666667
54058,737879.4887,1.3333333333333333,1.3333333333333333,0.6666666666666666,0.8
54065,737879.5958,1.3333333333333333,1.3333333333333333,0.6666666666666666,0.9
54094,737880.5664,1.3333333333333333,1.3333333333333333,0.6666666666666666,0.8666666666666667
54100,737880.8777,1.3333333333333333,1.3333333333333333,0.6666666666666666,0.8666666666666667
54136,737882.0588,1.3333333333333333,1.3333333333333333,0.6666666666666666,0.7666666666666667
54137,737882.0592,1.3333333333333333,1.3333333333333333,0.6666666666666666,0.8
54138,737882.1734,1.3333333333333333,1.3333333333333333,0.6666666666666666,0.8333333333333334
54142,737882.2658,1.3333333333333333,1.3333333333333333,0.6666666666666666,0.8666666666666667
54147,737882.3652,1.3333333333333333,1.3333333333333333,0.6666666666666666,0.9
54149,737882.3848,1.3333333333333333,1.3333333333333333,0.6666666666666666,0.6666666666666666
54168,737882.9843,1.3333333333333333,1.3333333333333333,0.6666666666666666,0.6666666666666666
54169,737883.0026,1.3333333333333333,1.3333333333333333,0.6666666666666666,0.6666666666666666
54170,737883.0455,1.3333333333333333,1.3333333333333333,0.6666666666666666,0.6666666666666666
54171,737883.0676,1.3333333333333333,1.3333333333333333,0.6666666666666666,0.6666666666666666
54172,737883.0702,1.3333333333333333,1.3333333333333333,0.6666666666666666,0.8666666666666667
54182,737883.3708,1.3333333333333333,1.3333333333333333,0.6666666666666666,0.9666666666666667
54183,737883.373,1.3333333333333333,1.3333333333333333,0.6666666666666666,1.0
54186,737883.3971,1.3333333333333333,1.3333333333333333,0.6666666666666666,1.0
54191,737883.543,1.3333333333333333,1.3333333333333333,0.6666666666666666,0.6666666666666666
54198,737883.7591,1.3333333333333333,1.3333333333333333,0.6666666666666666,0.6666666666666666
54203,737883.9882,1.3333333333333333,1.5333333333333334,0.6666666666666666,1.3333333333333333
54204,737884.0077,1.3333333333333333,1.5333333333333334,0.6666666666666666,1.3333333333333333
54205,737884.0117,1.3333333333333333,1.5333333333333334,0.6666666666666666,1.3333333333333333
54208,737884.0874,1.3333333333333333,1.5333333333333334,0.6666666666666666,1.3333333333333333
54218,737884.2457,1.3333333333333333,1.3333333333333333,0.6666666666666666,1.0666666666666667
54237,737884.6595,1.3333333333333333,1.3333333333333333,0.6666666666666666,1.0666666666666667
54240,737884.7209,1.3333333333333333,1.3333333333333333,0.7,1.0666666666666667
54259,737885.3419,1.3333333333333333,1.3333333333333333,0.6666666666666666,0.6666666666666666
54274,737885.7462,1.3333333333333333,1.3333333333333333,0.8666666666666667,1.0666666666666667
54284,737885.9094,1.3333333333333333,1.3333333333333333,0.8666666666666667,1.0666666666666667
54303,737886.3325,1.3333333333333333,1.5333333333333334,0.8,1.2
54355,737886.9867,1.3333333333333333,1.4,0.8333333333333334,1.1333333333333333
54363,737887.0855,1.3333333333333333,1.4666666666666666,0.9666666666666667,1.1666666666666667
54364,737887.0873,1.3333333333333333,1.5333333333333334,0.9333333333333333,1.2
54429,737888.3071,1.4,1.6,0.8333333333333334,1.1666666666666667
54442,737888.4174,1.4666666666666666,1.6666666666666667,0.9,1.2
54454,737888.8299,1.5333333333333334,1.7333333333333334,0.9666666666666667,1.2666666666666666
54455,737888.84,1.5333333333333334,1.7333333333333334,0.9666666666666667,1.2666666666666666
54457,737888.8678,1.6,1.8,0.9666666666666667,1.2333333333333334
54462,737888.9576,1.6,1.8,0.9666666666666667,1.2333333333333334
54463,737888.9806,1.6666666666666667,1.8666666666666667,0.9333333333333333,1.2666666666666666
54465,737888.9817,1.7333333333333334,1.9333333333333333,0.9666666666666667,1.3
54467,737889.0006,1.8,2.0,1.0666666666666667,1.4
54480,737889.4803,1.8,2.0,1.0666666666666667,1.4
54484,737889.5655,1.3333333333333333,1.3333333333333333,0.6666666666666666,0.6666666666666666
54494,737889.7422,1.8666666666666667,2.066666666666667,1.0666666666666667,1.3666666666666667
54510,737890.0752,1.9333333333333333,2.1333333333333333,1.2,1.4
54521,737890.3538,2.0,2.2,1.2,1.5666666666666667
54527,737890.7769,2.066666666666667,2.2666666666666666,1.2666666666666666,1.4666666666666666
54534,737891.1192,2.066666666666667,2.2666666666666666,1.2666666666666666,1.4666666666666666
54551,737891.7015,2.1333333333333333,2.3333333333333335,1.2,1.5
54556,737891.928,2.2,2.4,1.3333333333333333,1.5333333333333334
54560,737892.0358,2.2,2.4,1.3333333333333333,1.5333333333333334
54578,737892.3977,1.3333333333333333,2.6666666666666665,0.6666666666666666,1.7
54611,737893.3991,2.2666666666666666,2.533333333333333,1.3,1.6
54631,737893.6805,1.3333333333333333,1.3333333333333333,0.6666666666666666,0.6666666666666666
54637,737893.8962,1.3333333333333333,1.3333333333333333,0.6666666666666666,0.6666666666666666
54645,737894.1934,2.2666666666666666,2.533333333333333,1.3,1.6
54693,737895.1079,1.3333333333333333,2.4,0.6666666666666666,1.5333333333333334
54698,737895.212,1.3333333333333333,1.3333333333333333,0.6666666666666666,0.6666666666666666
54715,737895.9208,2.1333333333333333,2.3333333333333335,1.4,1.6666666666666667
54758,737896.7551,2.1333333333333333,2.3333333333333335,1.4,1.6666666666666667
54760,737896.7826,2.1333333333333333,2.3333333333333335,1.4,1.6666666666666667
54793,737897.6766,2.1333333333333333,2.3333333333333335,1.4,1.6666666666666667
54798,737897.8281,2.1333333333333333,2.3333333333333335,1.4,1.6666666666666667
54812,737898.681,2.1333333333333333,2.3333333333333335,1.4,1.6666666666666667
54822,737898.9881,2.1333333333333333,2.3333333333333335,1.4,1.6666666666666667
54848,737899.9986,2.1333333333333333,2.3333333333333335,1.4,1.6666666666666667
54851,737900.0621,1.5333333333333334,1.6666666666666667,1.2666666666666666,1.4333333333333333
54853,737900.0839,1.6,1.7333333333333334,1.3,1.4666666666666666
54878,737900.9061,1.6,1.7333333333333334,1.3333333333333333,1.5
54879,737900.9118,1.6,1.7333333333333334,1.3666666666666667,1.5333333333333334
54895,737901.5076,1.6,1.7333333333333334,1.3666666666666667,1.5333333333333334
54905,737901.7919,1.6,1.7333333333333334,1.3666666666666667,1.5333333333333334
54914,737902.1456,1.4,1.5333333333333334,1.3333333333333333,1.4666666666666666
54919,737902.2314,1.4666666666666666,1.6,1.4,1.5666666666666667
54921,737902.2737,1.5333333333333334,1.6666666666666667,1.4333333333333333,1.7333333333333334
54922,737902.3,1.6,1.7333333333333334,1.4666666666666666,1.6333333333333333
54971,737904.0529,1.6,1.7333333333333334,1.4666666666666666,1.6333333333333333
54972,737904.0929,1.3333333333333333,1.4666666666666666,0.6666666666666666,1.9
54973,737904.1599,1.3333333333333333,1.4666666666666666,0.6666666666666666,1.7666666666666666
54988,737904.5055,1.3333333333333333,1.5333333333333334,1.6,1.8666666666666667
54998,737904.8389,1.3333333333333333,1.5333333333333334,1.1333333333333333,1.9
55034,737905.991,1.3333333333333333,1.3333333333333333,1.5666666666666667,1.8
55035,737905.9973,1.3333333333333333,1.4,1.6,1.8333333333333333
55042,737906.1785,1.3333333333333333,1.4,1.6,1.8333333333333333
55057,737906.4663,1.3333333333333333,1.3333333333333333,0.6666666666666666,0.6666666666666666
55086,737907.5531,1.3333333333333333,1.3333333333333333,1.6333333333333333,1.8666666666666667
55118,737908.74,1.3333333333333333,1.4,1.0,2.033333333333333
55132,737909.1122,1.3333333333333333,1.3333333333333333,1.6333333333333333,1.9333333333333333
55145,737909.8474,1.3333333333333333,1.3333333333333333,1.6666666666666667,1.8
55146,737909.8501,1.3333333333333333,1.4,1.6333333333333333,1.8333333333333333
55148,737909.8538,1.4,1.4666666666666666,1.7333333333333334,1.8666666666666667
55154,737910.0122,1.3333333333333333,1.6,0.6666666666666666,2.066666666666667
55156,737910.068,1.3333333333333333,1.6,1.7,1.9333333333333333
55169,737910.3455,1.3333333333333333,1.6,0.6666666666666666,2.1
55196,737911.2609,1.3333333333333333,1.6,0.6666666666666666,2.1
55214,737911.8333,1.3333333333333333,1.6,0.6666666666666666,2.1
55226,737912.2142,1.3333333333333333,1.6666666666666667,1.6,1.9
55264,737913.4958,1.4,1.7333333333333334,1.5333333333333334,1.7666666666666666
55276,737913.6852,1.4,1.8,1.5333333333333334,1.8
55360,737916.0174,1.4,1.8,1.5333333333333334,1.8
55361,737916.0213,1.3333333333333333,1.3333333333333333,0.6666666666666666,0.6666666666666666
55374,737916.169,1.3333333333333333,1.3333333333333333,0.6666666666666666,0.6666666666666666
55375,737916.1982,1.3333333333333333,1.3333333333333333,0.6666666666666666,1.4666666666666666
55403,737917.1993,1.3333333333333333,1.3333333333333333,0.6666666666666666,1.4666666666666666
55515,737918.1786,1.3333333333333333,1.4,1.3333333333333333,1.5666666666666667
55516,737918.1812,1.3333333333333333,1.4666666666666666,1.3333333333333333,1.6
55582,737919.5093,1.3333333333333333,1.4666666666666666,1.2666666666666666,1.5
55589,737919.8628,1.3333333333333333,1.3333333333333333,1.1333333333333333,1.4
55592,737920.0682,1.3333333333333333,1.3333333333333333,1.1333333333333333,1.4
55593,737920.07,1.3333333333333333,1.3333333333333333,0.6666666666666666,0.6666666666666666
55627,737921.1382,1.3333333333333333,1.3333333333333333,0.6666666666666666,0.6666666666666666
55648,737921.649,1.3333333333333333,1.3333333333333333,0.6666666666666666,0.6666666666666666
55649,737921.6506,1.3333333333333333,1.3333333333333333,1.0666666666666667,1.3333333333333333
55654,737921.7593,1.3333333333333333,1.3333333333333333,1.0666666666666667,1.3333333333333333
55666,737922.1067,1.3333333333333333,1.3333333333333333,1.0,1.3
55677,737922.4413,1.3333333333333333,1.3333333333333333,0.6666666666666666,0.6666666666666666
55688,737922.8491,1.3333333333333333,1.3333333333333333,0.6666666666666666,0.6666666666666666
55689,737922.8712,1.3333333333333333,1.3333333333333333,0.6666666666666666,0.6666666666666666
55705,737923.2478,1.3333333333333333,1.3333333333333333,1.0333333333333334,1.3
55706,737923.2511,1.3333333333333333,1.4,1.0666666666666667,1.3333333333333333
55728,737923.8754,1.3333333333333333,1.4,1.0666666666666667,1.3333333333333333
55732,737923.9587,1.3333333333333333,1.4,1.0666666666666667,1.3333333333333333
55754,737924.684,1.3333333333333333,1.3333333333333333,0.6666666666666666,0.6666666666666666
55764,737925.0453,1.3333333333333333,1.3333333333333333,1.0,1.3
55782,737925.3433,1.3333333333333333,1.3333333333333333,1.0,1.3
55801,737925.8934,1.3333333333333333,1.3333333333333333,1.0,1.3
55809,737926.03,1.3333333333333333,1.3333333333333333,0.6666666666666666,1.3333333333333333
55877,737928.944,1.3333333333333333,1.3333333333333333,0.6666666666666666,1.3333333333333333
55900,737929.8004,1.3333333333333333,1.3333333333333333,0.6666666666666666,1.3333333333333333
55931,737930.3966,1.3333333333333333,1.3333333333333333,0.6666666666666666,1.3333333333333333
55939,737930.5093,1.3333333333333333,1.3333333333333333,0.6666666666666666,0.6666666666666666
55958,737930.9777,1.3333333333333333,1.3333333333333333,0.6666666666666666,0.6666666666666666
55999,737931.8738,1.3333333333333333,1.3333333333333333,0.6666666666666666,0.6666666666666666
56007,737932.1183,1.3333333333333333,1.3333333333333333,0.6666666666666666,0.6666666666666666
56069,737934.6398,1.3333333333333333,1.3333333333333333,0.6666666666666666,0.6666666666666666
56075,737934.8841,1.3333333333333333,1.3333333333333333,0.7,0.9
56093,737935.4229,1.3333333333333333,1.3333333333333333,0.7666666666666667,0.9333333333333333
56097,737935.5151,1.3333333333333333,1.3333333333333333,0.7666666666666667,0.9666666666666667
56104,737936.1263,1.3333333333333333,1.3333333333333333,0.7666666666666667,0.9666666666666667
56138,737937.8401,1.3333333333333333,1.3333333333333333,0.7666666666666667,0.9666666666666667
56146,737938.1635,1.3333333333333333,1.3333333333333333,0.7666666666666667,0.9666666666666667
56185,737940.3481,1.3333333333333333,1.3333333333333333,0.6666666666666666,0.6666666666666666
56206,737941.0455,1.3333333333333333,1.3333333333333333,0.6666666666666666,0.6666666666666666
56236,737941.719,1.3333333333333333,1.3333333333333333,0.6666666666666666,0.6666666666666666
56241,737942.0372,1.3333333333333333,1.3333333333333333,0.6666666666666666,0.6666666666666666
56248,737942.3115,1.3333333333333333,1.3333333333333333,0.6666666666666666,0.6666666666666666
56275,737943.0168,1.3333333333333333,1.3333333333333333,0.6666666666666666,0.6666666666666666
56291,737943.5717,1.3333333333333333,1.3333333333333333,0.6666666666666666,0.6666666666666666
56409,737948.1742,1.3333333333333333,1.3333333333333333,0.6666666666666666,0.6666666666666666
56435,737949.7847,1.3333333333333333,1.3333333333333333,0.6666666666666666,0.6666666666666666
56440,737950.0667,1.3333333333333333,1.3333333333333333,0.6666666666666666,0.6666666666666666
56482,737951.6641,1.3333333333333333,1.3333333333333333,0.6666666666666666,0.6666666666666666
56544,737954.7209,1.3333333333333333,1.3333333333333333,0.6666666666666666,0.6666666666666666
56588,737956.3112,1.3333333333333333,1.3333333333333333,0.6666666666666666,0.6666666666666666
56592,737956.3952,1.3333333333333333,1.3333333333333333,0.6666666666666666,0.6666666666666666
56611,737957.0497,1.3333333333333333,1.3333333333333333,0.6666666666666666,0.6666666666666666
56717,737961.6563,1.3333333333333333,1.3333333333333333,0.6666666666666666,0.6666666666666666
56771,737963.918,1.3333333333333333,1.3333333333333333,0.6666666666666666,0.6666666666666666
56799,737965.1965,1.3333333333333333,1.3333333333333333,0.6666666666666666,0.6666666666666666
56808,737965.4741,1.3333333333333333,1.3333333333333333,0.6666666666666666,0.6666666666666666
56812,737965.6743,1.3333333333333333,1.3333333333333333,0.6666666666666666,0.6666666666666666
56836,737966.7536,1.3333333333333333,1.3333333333333333,0.6666666666666666,0.6666666666666666
56846,737967.0415,1.3333333333333333,1.3333333333333333,0.6666666666666666,0.6666666666666666
56852,737967.3043,1.3333333333333333,1.3333333333333333,0.6666666666666666,0.6666666666666666
56895,737969.0293,1.3333333333333333,1.3333333333333333,0.6666666666666666,0.6666666666666666
56896,737969.0324,1.3333333333333333,1.3333333333333333,0.6666666666666666,0.6666666666666666
56897,737969.0341,1.3333333333333333,1.3333333333333333,0.6666666666666666,0.6666666666666666
56898,737969.0348,1.3333333333333333,1.3333333333333333,0.6666666666666666,0.6666666666666666
56909,737969.4552,1.3333333333333333,1.3333333333333333,0.6666666666666666,0.6666666666666666
56932,737969.9615,1.3333333333333333,1.3333333333333333,0.6666666666666666,0.6666666666666666
56978,737971.8598,1.3333333333333333,1.3333333333333333,0.6666666666666666,0.6666666666666666
57082,737976.0648,1.3333333333333333,1.3333333333333333,0.6666666666666666,0.6666666666666666
57128,737978.3679,1.3333333333333333,1.3333333333333333,0.6666666666666666,0.6666666666666666
57177,737980.0158,1.3333333333333333,1.3333333333333333,0.6666666666666666,0.6666666666666666
57225,737982.9166,1.3333333333333333,1.3333333333333333,0.6666666666666666,0.6666666666666666
57252,737983.9013,1.3333333333333333,1.3333333333333333,0.6666666666666666,0.6666666666666666
57290,737985.6012,1.3333333333333333,1.3333333333333333,0.6666666666666666,0.6666666666666666
57298,737986.0996,1.3333333333333333,1.3333333333333333,0.6666666666666666,0.6666666666666666
57299,737986.1265,1.3333333333333333,1.3333333333333333,0.6666666666666666,0.6666666666666666
57327,737987.1188,1.3333333333333333,1.3333333333333333,0.6666666666666666,0.6666666666666666
57404,737989.879,1.3333333333333333,1.3333333333333333,0.6666666666666666,0.6666666666666666
57406,737989.9197,1.3333333333333333,1.3333333333333333,0.6666666666666666,0.6666666666666666
57437,737991.2327,1.3333333333333333,1.3333333333333333,0.6666666666666666,0.6666666666666666
57445,737991.6204,1.3333333333333333,1.3333333333333333,0.6666666666666666,0.6666666666666666
57449,737991.9839,1.3333333333333333,1.3333333333333333,0.6666666666666666,0.6666666666666666
57453,737992.0558,1.3333333333333333,1.3333333333333333,0.6666666666666666,0.6666666666666666
57454,737992.0585,1.3333333333333333,1.3333333333333333,0.6666666666666666,0.6666666666666666
57455,737992.0594,1.3333333333333333,1.3333333333333333,0.6666666666666666,0.6666666666666666
57457,737992.2441,1.3333333333333333,1.3333333333333333,0.6666666666666666,0.6666666666666666
57472,737992.7683,1.3333333333333333,1.3333333333333333,0.6666666666666666,0.6666666666666666
57478,737993.1553,1.3333333333333333,1.3333333333333333,0.6666666666666666,0.6666666666666666
57480,737993.173,1.3333333333333333,1.3333333333333333,0.6666666666666666,0.6666666666666666
57492,737994.1896,1.3333333333333333,1.3333333333333333,0.6666666666666666,0.6666666666666666
57494,737994.5339,1.3333333333333333,1.3333333333333333,0.6666666666666666,0.6666666666666666
57509,737995.069,1.3333333333333333,1.3333333333333333,0.6666666666666666,0.6666666666666666
57512,737995.1558,1.3333333333333333,1.3333333333333333,0.6666666666666666,0.7
57525,737995.9641,1.3333333333333333,1.3333333333333333,0.6666666666666666,0.6666666666666666
57588,737998.4561,1.3333333333333333,1.3333333333333333,0.6666666666666666,0.6666666666666666
57591,737998.9733,1.3333333333333333,1.3333333333333333,0.6666666666666666,0.6666666666666666
57606,737999.8565,1.3333333333333333,1.3333333333333333,0.6666666666666666,0.6666666666666666
57678,738003.6454,1.3333333333333333,1.3333333333333333,0.6666666666666666,0.6666666666666666
57679,738003.7205,1.3333333333333333,1.3333333333333333,0.6666666666666666,0.6666666666666666
57687,738003.9173,1.3333333333333333,1.3333333333333333,0.6666666666666666,0.6666666666666666
57698,738004.4664,1.3333333333333333,1.3333333333333333,0.6666666666666666,0.6666666666666666
57704,738004.5478,1.3333333333333333,1.3333333333333333,0.6666666666666666,0.6666666666666666
57705,738004.551,1.3333333333333333,1.3333333333333333,0.6666666666666666,0.6666666666666666
57727,738005.4818,1.3333333333333333,1.3333333333333333,0.6666666666666666,0.6666666666666666
57728,738005.5043,1.3333333333333333,1.3333333333333333,0.6666666666666666,0.6666666666666666
57750,738006.4737,1.3333333333333333,1.3333333333333333,0.6666666666666666,0.7333333333333333
57781,738007.5261,1.3333333333333333,1.3333333333333333,0.6666666666666666,0.7666666666666667
57785,738007.6404,1.3333333333333333,1.3333333333333333,0.6666666666666666,0.7666666666666667
57786,738007.7319,1.3333333333333333,1.3333333333333333,0.6666666666666666,0.8
57799,738008.213,1.3333333333333333,1.3333333333333333,0.6666666666666666,0.8
57820,738008.8667,1.3333333333333333,1.3333333333333333,0.6666666666666666,0.8333333333333334
57862,738010.0215,1.3333333333333333,1.3333333333333333,0.6666666666666666,0.8666666666666667
57879,738010.8529,1.3333333333333333,1.3333333333333333,0.6666666666666666,0.6666666666666666
57882,738010.9529,1.3333333333333333,1.3333333333333333,0.6666666666666666,0.9333333333333333
57925,738012.0499,1.3333333333333333,1.3333333333333333,0.6666666666666666,0.9333333333333333
57932,738012.2971,1.3333333333333333,1.3333333333333333,0.6666666666666666,0.6666666666666666
57949,738012.7762,1.3333333333333333,1.3333333333333333,0.6666666666666666,1.0
57970,738013.6243,1.3333333333333333,1.3333333333333333,0.6666666666666666,0.9333333333333333
57971,738013.6626,1.3333333333333333,1.3333333333333333,0.6666666666666666,0.9666666666666667
57972,738013.6946,1.3333333333333333,1.3333333333333333,0.6666666666666666,1.0
57992,738014.8501,1.3333333333333333,1.3333333333333333,0.6666666666666666,1.0
58011,738015.8967,1.3333333333333333,1.3333333333333333,0.6666666666666666,1.0
58015,738016.1088,1.3333333333333333,1.3333333333333333,0.6666666666666666,1.0
58030,738016.758,1.3333333333333333,1.3333333333333333,0.7333333333333333,1.0666666666666667
58076,738019.0974,1.3333333333333333,1.3333333333333333,0.7666666666666667,1.1
58082,738019.2788,1.3333333333333333,1.3333333333333333,0.6666666666666666,0.6666666666666666
58130,738022.0007,1.3333333333333333,1.3333333333333333,0.6666666666666666,0.9333333333333333
58131,738022.0076,1.3333333333333333,1.3333333333333333,0.6666666666666666,0.9333333333333333
58154,738022.8377,1.3333333333333333,1.3333333333333333,0.6666666666666666,0.9333333333333333
58155,738022.8421,1.3333333333333333,1.3333333333333333,0.6666666666666666,0.9666666666666667
58156,738022.8427,1.3333333333333333,1.3333333333333333,0.6666666666666666,1.0
58200,738025.2381,1.3333333333333333,1.3333333333333333,0.6666666666666666,0.8333333333333334
58210,738025.6145,1.3333333333333333,1.3333333333333333,0.7,1.0333333333333334
58274,738028.1226,1.3333333333333333,1.3333333333333333,0.6666666666666666,1.0333333333333334
58283,738028.457,1.3333333333333333,1.3333333333333333,0.6666666666666666,1.0333333333333334
58301,738029.0102,1.3333333333333333,1.3333333333333333,0.6666666666666666,1.0333333333333334
58307,738029.119,1.3333333333333333,1.3333333333333333,0.6666666666666666,1.0333333333333334
58346,738030.3928,1.3333333333333333,1.3333333333333333,0.6666666666666666,1.0333333333333334
58372,738031.6323,1.3333333333333333,1.3333333333333333,0.7333333333333333,0.9
58385,738032.1016,1.3333333333333333,1.3333333333333333,0.8666666666666667,0.9666666666666667
58389,738032.1404,1.3333333333333333,1.3333333333333333,0.8666666666666667,0.9666666666666667
58432,738034.1424,1.3333333333333333,1.3333333333333333,0.6666666666666666,0.8666666666666667
58477,738037.0097,1.3333333333333333,1.3333333333333333,0.6666666666666666,0.8666666666666667
58562,738040.4091,1.3333333333333333,1.3333333333333333,0.6666666666666666,0.8666666666666667
58571,738041.0191,1.3333333333333333,1.3333333333333333,0.6666666666666666,0.8666666666666667
58638,738044.1179,1.3333333333333333,1.3333333333333333,0.6666666666666666,0.8666666666666667
58651,738045.071,1.3333333333333333,1.3333333333333333,0.6666666666666666,0.6666666666666666
58692,738047.0456,1.3333333333333333,1.3333333333333333,0.6666666666666666,0.6666666666666666
58694,738047.0562,1.3333333333333333,1.3333333333333333,0.6666666666666666,0.6666666666666666
58712,738047.8727,1.3333333333333333,1.3333333333333333,0.6666666666666666,0.6666666666666666
58721,738048.0691,1.3333333333333333,1.3333333333333333,0.6666666666666666,0.6666666666666666
58836,738053.9968,1.3333333333333333,1.3333333333333333,0.6666666666666666,0.6666666666666666
58840,738054.2279,1.3333333333333333,1.3333333333333333,0.6666666666666666,0.6666666666666666
58855,738054.4431,1.3333333333333333,1.3333333333333333,0.6666666666666666,0.6666666666666666
58994,738061.6945,1.3333333333333333,1.3333333333333333,0.6666666666666666,0.6666666666666666
59107,738065.3406,1.3333333333333333,1.3333333333333333,0.6666666666666666,0.6666666666666666
59185,738069.4012,1.3333333333333333,1.3333333333333333,0.6666666666666666,0.6666666666666666
59192,738069.7216,1.3333333333333333,1.3333333333333333,0.6666666666666666,0.6666666666666666
59202,738070.0722,1.3333333333333333,1.3333333333333333,0.6666666666666666,0.6666666666666666
59203,738070.082,1.3333333333333333,1.3333333333333333,0.6666666666666666,0.6666666666666666
59269,738072.7265,1.3333333333333333,1.3333333333333333,0.6666666666666666,0.6666666666666666
59376,738077.0874,1.3333333333333333,1.3333333333333333,0.6666666666666666,0.6666666666666666
59453,738080.6412,1.3333333333333333,1.3333333333333333,0.6666666666666666,0.6666666666666666
59457,738080.7659,1.3333333333333333,1.3333333333333333,0.6666666666666666,0.6666666666666666
59461,738081.1355,1.3333333333333333,1.3333333333333333,0.6666666666666666,0.6666666666666666
59634,738087.8658,1.3333333333333333,1.3333333333333333,0.6666666666666666,0.6666666666666666
59692,738090.9835,1.3333333333333333,1.3333333333333333,0.6666666666666666,0.6666666666666666
59761,738093.0034,1.3333333333333333,1.3333333333333333,0.6666666666666666,0.6666666666666666
59774,738093.5475,1.3333333333333333,1.3333333333333333,0.6666666666666666,0.6666666666666666
59805,738095.0092,1.3333333333333333,1.3333333333333333,0.6666666666666666,0.6666666666666666
59806,738095.0148,1.3333333333333333,1.3333333333333333,0.6666666666666666,0.6666666666666666
59827,738096.0974,1.3333333333333333,1.3333333333333333,0.6666666666666666,0.6666666666666666
59911,738099.9239,1.3333333333333333,1.3333333333333333,0.6666666666666666,0.6666666666666666
59918,738100.1058,1.3333333333333333,1.3333333333333333,0.6666666666666666,0.6666666666666666
59935,738100.9296,1.3333333333333333,1.3333333333333333,0.6666666666666666,0.6666666666666666
59966,738102.2965,1.3333333333333333,1.3333333333333333,0.6666666666666666,0.6666666666666666
59972,738102.3745,1.3333333333333333,1.3333333333333333,0.6666666666666666,0.6666666666666666
60037,738104.0454,1.3333333333333333,1.3333333333333333,0.6666666666666666,0.6666666666666666
60038,738104.1071,1.3333333333333333,1.3333333333333333,0.6666666666666666,0.6666666666666666
60079,738105.7176,1.3333333333333333,1.3333333333333333,0.6666666666666666,0.6666666666666666
60080,738105.7206,1.3333333333333333,1.3333333333333333,0.6666666666666666,0.6666666666666666
60094,738106.3819,1.3333333333333333,1.3333333333333333,0.6666666666666666,0.6666666666666666
60159,738106.7115,1.3333333333333333,1.3333333333333333,0.6666666666666666,0.6666666666666666
60259,738108.6498,1.3333333333333333,1.3333333333333333,0.6666666666666666,0.6666666666666666
60287,738109.0049,1.3333333333333333,1.3333333333333333,0.6666666666666666,0.6666666666666666
60308,738109.6835,1.3333333333333333,1.3333333333333333,0.6666666666666666,0.6666666666666666
60309,738109.6865,1.3333333333333333,1.3333333333333333,0.6666666666666666,0.6666666666666666
60313,738109.7709,1.3333333333333333,1.3333333333333333,0.6666666666666666,0.6666666666666666
60315,738109.892,1.3333333333333333,1.3333333333333333,0.6666666666666666,0.6666666666666666
60378,738111.5929,1.3333333333333333,1.3333333333333333,0.6666666666666666,0.6666666666666666
60450,738114.006,1.3333333333333333,1.3333333333333333,0.6666666666666666,0.6666666666666666
60462,738114.3913,1.3333333333333333,1.3333333333333333,0.6666666666666666,0.6666666666666666
60504,738116.4067,1.3333333333333333,1.3333333333333333,0.6666666666666666,0.6666666666666666
60514,738116.941,1.3333333333333333,1.3333333333333333,0.6666666666666666,0.6666666666666666
60532,738117.9144,1.3333333333333333,1.3333333333333333,0.6666666666666666,0.6666666666666666
60541,738118.1295,1.3333333333333333,1.3333333333333333,0.6666666666666666,0.6666666666666666
60567,738119.1111,1.3333333333333333,1.3333333333333333,0.6666666666666666,0.6666666666666666
60646,738122.0703,1.3333333333333333,1.3333333333333333,0.6666666666666666,0.6666666666666666
60833,738130.767,1.3333333333333333,1.3333333333333333,0.6666666666666666,0.6666666666666666
60850,738131.4022,1.3333333333333333,1.3333333333333333,0.6666666666666666,0.6666666666666666
60878,738132.3437,1.3333333333333333,1.3333333333333333,0.6666666666666666,0.6666666666666666
60888,738132.5959,1.3333333333333333,1.3333333333333333,0.6666666666666666,0.6666666666666666
60897,738133.0964,1.3333333333333333,1.3333333333333333,0.6666666666666666,0.6666666666666666
60898,738133.1238,1.3333333333333333,1.3333333333333333,0.6666666666666666,0.6666666666666666
60940,738133.7202,1.3333333333333333,1.3333333333333333,0.6666666666666666,0.6666666666666666
60945,738134.1963,1.3333333333333333,1.3333333333333333,0.6666666666666666,0.6666666666666666
60950,738134.3863,1.3333333333333333,1.3333333333333333,0.6666666666666666,0.6666666666666666
60971,738135.1659,1.3333333333333333,1.3333333333333333,0.6666666666666666,0.6666666666666666
60972,738135.1681,1.3333333333333333,1.3333333333333333,0.6666666666666666,0.6666666666666666
61187,738144.9172,1.3333333333333333,1.3333333333333333,0.6666666666666666,0.6666666666666666
61194,738145.2056,1.3333333333333333,1.3333333333333333,0.6666666666666666,0.6666666666666666
61249,738147.9811,1.3333333333333333,1.3333333333333333,0.6666666666666666,0.6666666666666666
61292,738150.8112,1.3333333333333333,1.3333333333333333,0.6666666666666666,0.6666666666666666
61298,738150.9894,1.3333333333333333,1.3333333333333333,0.6666666666666666,0.6666666666666666
61300,738151.064,1.3333333333333333,1.3333333333333333,0.6666666666666666,0.6666666666666666
61320,738151.8531,1.3333333333333333,1.3333333333333333,0.6666666666666666,0.6666666666666666
61375,738153.6227,1.3333333333333333,1.3333333333333333,0.6666666666666666,0.6666666666666666
61484,738160.5958,1.3333333333333333,1.3333333333333333,0.6666666666666666,0.6666666666666666
61556,738163.7517,1.3333333333333333,1.3333333333333333,0.6666666666666666,0.6666666666666666
61595,738165.9121,1.3333333333333333,1.3333333333333333,0.6666666666666666,0.6666666666666666
61597,738165.9798,1.3333333333333333,1.3333333333333333,0.6666666666666666,0.6666666666666666
61659,738169.1712,1.3333333333333333,1.3333333333333333,0.6666666666666666,0.6666666666666666
61702,738171.9495,1.3333333333333333,1.3333333333333333,0.6666666666666666,0.6666666666666666
61705,738172.2351,1.3333333333333333,1.3333333333333333,0.6666666666666666,0.6666666666666666
61707,738172.2608,1.3333333333333333,1.3333333333333333,0.6666666666666666,0.6666666666666666
61728,738173.0093,1.3333333333333333,1.3333333333333333,0.6666666666666666,0.6666666666666666
61729,738173.0122,1.3333333333333333,1.3333333333333333,0.6666666666666666,0.6666666666666666
61746,738173.8204,1.3333333333333333,1.3333333333333333,0.6666666666666666,0.6666666666666666
61761,738175.4478,1.3333333333333333,1.3333333333333333,0.6666666666666666,0.6666666666666666
61822,738178.3636,1.3333333333333333,1.3333333333333333,0.6666666666666666,0.6666666666666666
61839,738179.7489,1.3333333333333333,1.3333333333333333,0.6666666666666666,0.6666666666666666
61853,738180.0659,1.3333333333333333,1.3333333333333333,0.6666666666666666,0.6666666666666666
61876,738181.3867,1.3333333333333333,1.3333333333333333,0.6666666666666666,0.6666666666666666
61903,738182.5674,1.3333333333333333,1.3333333333333333,0.6666666666666666,0.6666666666666666
61904,738182.5692,1.3333333333333333,1.3333333333333333,0.6666666666666666,0.6666666666666666
61906,738182.6309,1.3333333333333333,1.3333333333333333,0.6666666666666666,0.6666666666666666
61918,738183.1885,1.3333333333333333,1.3333333333333333,0.6666666666666666,0.6666666666666666
61950,738184.4856,1.3333333333333333,1.3333333333333333,0.6666666666666666,0.6666666666666666
61985,738186.0074,1.3333333333333333,1.3333333333333333,0.6666666666666666,0.6666666666666666
61989,738186.0875,1.3333333333333333,1.3333333333333333,0.6666666666666666,0.6666666666666666
62014,738186.8955,1.3333333333333333,1.3333333333333333,0.6666666666666666,0.6666666666666666
62032,738187.6149,1.3333333333333333,1.3333333333333333,0.6666666666666666,0.6666666666666666
62033,738187.8752,1.3333333333333333,1.3333333333333333,0.6666666666666666,0.6666666666666666
62048,738188.6316,1.3333333333333333,1.3333333333333333,0.6666666666666666,0.6666666666666666
62131,738193.1092,1.3333333333333333,1.3333333333333333,0.6666666666666666,0.6666666666666666
62180,738195.109,1.3333333333333333,1.3333333333333333,0.6666666666666666,0.6666666666666666
62184,738195.4701,1.3333333333333333,1.3333333333333333,0.6666666666666666,0.6666666666666666
62192,738195.9476,1.3333333333333333,1.3333333333333333,0.6666666666666666,0.6666666666666666
62194,738196.0642,1.3333333333333333,1.3333333333333333,0.6666666666666666,0.6666666666666666
62238,738197.8758,1.3333333333333333,1.3333333333333333,0.6666666666666666,0.6666666666666666
62290,738199.6043,1.3333333333333333,1.3333333333333333,0.6666666666666666,0.6666666666666666
62298,738199.9634,1.3333333333333333,1.3333333333333333,0.6666666666666666,0.6666666666666666
62326,738200.8864,1.3333333333333333,1.3333333333333333,0.6666666666666666,0.6666666666666666
62349,738201.3181,1.3333333333333333,1.3333333333333333,0.6666666666666666,0.6666666666666666
62413,738203.262,1.3333333333333333,1.3333333333333333,0.6666666666666666,0.6666666666666666
62443,738204.0894,1.3333333333333333,1.3333333333333333,0.6666666666666666,0.6666666666666666
62468,738204.944,1.3333333333333333,1.3333333333333333,0.6666666666666666,0.6666666666666666
62477,738205.1952,1.3333333333333333,1.3333333333333333,0.6666666666666666,0.6666666666666666
62496,738205.9148,1.3333333333333333,1.3333333333333333,0.6666666666666666,0.6666666666666666
62500,738206.0411,1.3333333333333333,1.3333333333333333,0.6666666666666666,0.6666666666666666
62504,738206.2169,1.3333333333333333,1.3333333333333333,0.6666666666666666,0.6666666666666666
62505,738206.2173,1.3333333333333333,1.3333333333333333,0.6666666666666666,0.6666666666666666
62510,738206.3591,1.3333333333333333,1.3333333333333333,0.6666666666666666,0.6666666666666666
62520,738207.0376,1.3333333333333333,1.3333333333333333,0.6666666666666666,0.6666666666666666
62533,738207.6798,1.3333333333333333,1.3333333333333333,0.6666666666666666,0.6666666666666666
62551,738208.3728,1.3333333333333333,1.3333333333333333,0.6666666666666666,0.6666666666666666
62576,738208.8813,1.3333333333333333,1.3333333333333333,0.6666666666666666,0.6666666666666666
62578,738208.9426,1.3333333333333333,1.3333333333333333,0.6666666666666666,0.6666666666666666
62626,738210.54,1.3333333333333333,1.3333333333333333,0.6666666666666666,0.6666666666666666
62635,738211.3042,1.3333333333333333,1.3333333333333333,0.6666666666666666,0.6666666666666666
62639,738211.4833,1.3333333333333333,1.3333333333333333,0.6666666666666666,0.6666666666666666
62641,738211.5416,1.3333333333333333,1.3333333333333333,0.6666666666666666,0.6666666666666666
62648,738212.0212,1.3333333333333333,1.3333333333333333,0.6666666666666666,0.6666666666666666
62680,738213.1103,1.3333333333333333,1.3333333333333333,0.6666666666666666,0.6666666666666666
62704,738213.9719,1.3333333333333333,1.3333333333333333,0.6666666666666666,0.6666666666666666
62706,738214.0816,1.3333333333333333,1.3333333333333333,0.6666666666666666,0.6666666666666666
62707,738214.0853,1.3333333333333333,1.3333333333333333,0.6666666666666666,0.6666666666666666
62712,738214.2839,1.3333333333333333,1.3333333333333333,0.6666666666666666,0.6666666666666666
62743,738215.2295,1.3333333333333333,1.3333333333333333,0.6666666666666666,0.6666666666666666
62763,738215.7413,1.3333333333333333,1.3333333333333333,0.6666666666666666,0.6666666666666666
62764,738215.7431,1.3333333333333333,1.3333333333333333,0.6666666666666666,0.6666666666666666
62864,738219.7843,1.3333333333333333,1.3333333333333333,0.6666666666666666,0.6666666666666666
62888,738220.7699,1.3333333333333333,1.3333333333333333,0.6666666666666666,0.6666666666666666
62899,738221.0661,1.3333333333333333,1.3333333333333333,0.6666666666666666,0.6666666666666666
62931,738221.9982,1.3333333333333333,1.3333333333333333,0.6666666666666666,0.6666666666666666
62935,738222.217,1.3333333333333333,1.3333333333333333,0.6666666666666666,0.6666666666666666
62951,738222.6072,1.3333333333333333,1.3333333333333333,0.6666666666666666,0.6666666666666666
62955,738222.7032,1.3333333333333333,1.3333333333333333,0.6666666666666666,0.6666666666666666
62956,738222.7277,1.3333333333333333,1.3333333333333333,0.6666666666666666,0.6666666666666666
62958,738222.7566,1.3333333333333333,1.3333333333333333,0.6666666666666666,0.6666666666666666
62962,738222.9288,1.3333333333333333,1.3333333333333333,0.6666666666666666,0.6666666666666666
62984,738223.7007,1.3333333333333333,1.3333333333333333,0.6666666666666666,0.6666666666666666
62986,738223.7315,1.3333333333333333,1.3333333333333333,0.6666666666666666,0.6666666666666666
62988,738223.7736,1.3333333333333333,1.3333333333333333,0.6666666666666666,0.6666666666666666
63032,738226.1488,1.3333333333333333,1.3333333333333333,0.6666666666666666,0.6666666666666666
63062,738227.489,1.3333333333333333,1.3333333333333333,0.6666666666666666,0.6666666666666666
63064,738227.6798,1.3333333333333333,1.3333333333333333,0.6666666666666666,0.6666666666666666
63079,738228.3635,1.3333333333333333,1.3333333333333333,0.6666666666666666,0.8
63142,738230.4269,1.3333333333333333,1.3333333333333333,0.6666666666666666,0.6666666666666666
63171,738231.3983,1.3333333333333333,1.3333333333333333,0.6666666666666666,0.6666666666666666
63182,738231.8349,1.3333333333333333,1.3333333333333333,0.6666666666666666,0.6666666666666666
63187,738232.0887,1.3333333333333333,1.3333333333333333,0.6666666666666666,0.6666666666666666
63209,738232.7364,1.3333333333333333,1.3333333333333333,0.6666666666666666,0.6666666666666666
63211,738232.9215,1.3333333333333333,1.3333333333333333,0.6666666666666666,0.6666666666666666
63227,738233.382,1.3333333333333333,1.3333333333333333,0.6666666666666666,0.6666666666666666
63252,738234.8648,1.3333333333333333,1.3333333333333333,0.6666666666666666,0.6666666666666666
63273,738235.41,1.3333333333333333,1.3333333333333333,0.6666666666666666,0.6666666666666666
63330,738236.9613,1.3333333333333333,1.3333333333333333,0.6666666666666666,0.6666666666666666
63345,738237.377,1.3333333333333333,1.3333333333333333,0.6666666666666666,0.6666666666666666
63392,738238.8849,1.3333333333333333,1.3333333333333333,0.6666666666666666,0.6666666666666666
63395,738239.0821,1.3333333333333333,1.3333333333333333,0.6666666666666666,0.6666666666666666
63396,738239.0823,1.3333333333333333,1.3333333333333333,0.6666666666666666,0.6666666666666666
63400,738239.1186,1.3333333333333333,1.3333333333333333,0.6666666666666666,0.6666666666666666
63461,738240.9742,1.3333333333333333,1.3333333333333333,0.6666666666666666,0.6666666666666666
63490,738242.0493,1.3333333333333333,1.3333333333333333,0.6666666666666666,0.6666666666666666
63494,738242.2172,1.3333333333333333,1.3333333333333333,0.6666666666666666,0.6666666666666666
63511,738242.6794,1.3333333333333333,1.3333333333333333,0.6666666666666666,0.7
63607,738245.7868,1.3333333333333333,1.3333333333333333,0.6666666666666666,0.7
63643,738246.4739,1.3333333333333333,1.3333333333333333,0.6666666666666666,0.6666666666666666
63644,738246.4884,1.3333333333333333,1.3333333333333333,0.6666666666666666,0.6666666666666666
63662,738247.0397,1.3333333333333333,1.3333333333333333,0.6666666666666666,0.6666666666666666
63681,738247.5252,1.3333333333333333,1.3333333333333333,0.6666666666666666,0.6666666666666666
63686,738247.7565,1.3333333333333333,1.3333333333333333,0.6666666666666666,0.6666666666666666
63693,738248.2912,1.3333333333333333,1.3333333333333333,0.6666666666666666,0.6666666666666666
63710,738249.2246,1.3333333333333333,1.3333333333333333,0.6666666666666666,0.6666666666666666
63738,738249.93,1.3333333333333333,1.3333333333333333,0.6666666666666666,0.6666666666666666
63740,738249.9589,1.3333333333333333,1.3333333333333333,0.6666666666666666,0.6666666666666666
63768,738250.651,1.3333333333333333,1.3333333333333333,0.6666666666666666,0.6666666666666666
63771,738250.7543,1.3333333333333333,1.3333333333333333,0.6666666666666666,0.6666666666666666
63783,738251.1174,1.3333333333333333,1.3333333333333333,0.6666666666666666,0.6666666666666666
63794,738251.4531,1.3333333333333333,1.3333333333333333,0.6666666666666666,0.7
63795,738251.4555,1.3333333333333333,1.3333333333333333,0.6666666666666666,0.7
63803,738251.8873,1.3333333333333333,1.3333333333333333,0.6666666666666666,0.6666666666666666
63847,738253.3871,1.3333333333333333,1.3333333333333333,0.6666666666666666,0.6666666666666666
63867,738253.9682,1.3333333333333333,1.3333333333333333,0.6666666666666666,0.6666666666666666
64064,738255.778,1.3333333333333333,1.3333333333333333,0.6666666666666666,0.6666666666666666
64071,738255.8899,1.3333333333333333,1.3333333333333333,0.6666666666666666,0.6666666666666666
64083,738255.9936,1.3333333333333333,1.3333333333333333,0.6666666666666666,0.6666666666666666
64096,738256.2809,1.3333333333333333,1.3333333333333333,0.6666666666666666,0.6666666666666666
64100,738256.3257,1.3333333333333333,1.3333333333333333,0.6666666666666666,0.6666666666666666
64102,738256.3701,1.3333333333333333,1.3333333333333333,0.6666666666666666,0.6666666666666666
64110,738256.5,1.3333333333333333,1.3333333333333333,0.6666666666666666,0.6666666666666666
64158,738257.9666,1.3333333333333333,1.3333333333333333,0.6666666666666666,0.6666666666666666
64237,738259.7578,1.3333333333333333,1.3333333333333333,0.6666666666666666,0.6666666666666666
64243,738259.8079,1.3333333333333333,1.3333333333333333,0.6666666666666666,0.6666666666666666
64360,738262.7929,1.3333333333333333,1.3333333333333333,0.6666666666666666,0.6666666666666666
64372,738263.0953,1.3333333333333333,1.3333333333333333,0.6666666666666666,0.6666666666666666
64454,738265.5983,1.3333333333333333,1.3333333333333333,0.6666666666666666,0.6666666666666666
64468,738265.9383,1.3333333333333333,1.3333333333333333,0.6666666666666666,0.6666666666666666
64473,738266.1109,1.3333333333333333,1.3333333333333333,0.6666666666666666,0.6666666666666666
64492,738266.6096,1.3333333333333333,1.3333333333333333,0.6666666666666666,0.6666666666666666
64497,738266.7786,1.3333333333333333,1.3333333333333333,0.6666666666666666,0.6666666666666666
64538,738267.7981,1.3333333333333333,1.3333333333333333,0.6666666666666666,0.6666666666666666
64550,738267.9626,1.3333333333333333,1.3333333333333333,0.6666666666666666,0.6666666666666666
64551,738267.9772,1.3333333333333333,1.3333333333333333,0.6666666666666666,0.6666666666666666
64554,738267.9991,1.3333333333333333,1.3333333333333333,0.6666666666666666,0.6666666666666666
64576,738268.505,1.3333333333333333,1.3333333333333333,0.6666666666666666,0.6666666666666666
64593,738268.9495,1.3333333333333333,1.3333333333333333,0.6666666666666666,0.6666666666666666
64617,738269.4824,1.3333333333333333,1.3333333333333333,0.6666666666666666,0.6666666666666666
64626,738269.6236,1.3333333333333333,1.3333333333333333,0.6666666666666666,0.6666666666666666
64633,738269.754,1.3333333333333333,1.3333333333333333,0.6666666666666666,0.6666666666666666
64662,738270.348,1.3333333333333333,1.3333333333333333,0.6666666666666666,0.6666666666666666
64665,738270.3769,1.3333333333333333,1.3333333333333333,0.6666666666666666,0.6666666666666666
64672,738270.5055,1.3333333333333333,1.3333333333333333,0.6666666666666666,0.7
64702,738271.0818,1.3333333333333333,1.3333333333333333,0.6666666666666666,0.7
64731,738271.8689,1.3333333333333333,1.3333333333333333,0.6666666666666666,0.7
64802,738273.6067,1.3333333333333333,1.3333333333333333,0.6666666666666666,0.7
64811,738273.8527,1.3333333333333333,1.3333333333333333,0.6666666666666666,0.6666666666666666
64812,738273.8545,1.3333333333333333,1.3333333333333333,0.6666666666666666,0.6666666666666666
64813,738273.855,1.3333333333333333,1.3333333333333333,0.6666666666666666,0.6666666666666666
64814,738273.8557,1.3333333333333333,1.3333333333333333,0.6666666666666666,0.6666666666666666
64815,738273.8603,1.3333333333333333,1.3333333333333333,0.6666666666666666,0.6666666666666666
64816,738273.8624,1.3333333333333333,1.3333333333333333,0.6666666666666666,0.6666666666666666
64817,738273.8663,1.3333333333333333,1.3333333333333333,0.6666666666666666,0.6666666666666666
64820,738273.8739,1.3333333333333333,1.3333333333333333,0.6666666666666666,0.6666666666666666
64821,738273.8764,1.3333333333333333,1.3333333333333333,0.6666666666666666,0.6666666666666666
64824,738273.8842,1.3333333333333333,1.3333333333333333,0.6666666666666666,0.6666666666666666
64831,738274.1746,1.3333333333333333,1.3333333333333333,0.6666666666666666,0.6666666666666666
64858,738274.6461,1.3333333333333333,1.3333333333333333,0.6666666666666666,0.6666666666666666
64860,738274.6592,1.3333333333333333,1.3333333333333333,0.6666666666666666,0.6666666666666666
64862,738274.6976,1.3333333333333333,1.3333333333333333,0.6666666666666666,0.6666666666666666
64867,738274.7119,1.3333333333333333,1.3333333333333333,0.6666666666666666,0.6666666666666666
64868,738274.7156,1.3333333333333333,1.3333333333333333,0.6666666666666666,0.6666666666666666
64870,738274.7183,1.3333333333333333,1.3333333333333333,0.6666666666666666,0.7
64871,738274.7191,1.3333333333333333,1.3333333333333333,0.6666666666666666,0.7
64872,738274.7201,1.3333333333333333,1.3333333333333333,0.6666666666666666,0.7333333333333333
64873,738274.7204,1.3333333333333333,1.3333333333333333,0.6666666666666666,0.7333333333333333
64874,738274.7238,1.3333333333333333,1.3333333333333333,0.6666666666666666,0.7666666666666667
64878,738274.7423,1.3333333333333333,1.3333333333333333,0.6666666666666666,0.7666666666666667
64879,738274.7491,1.3333333333333333,1.3333333333333333,0.6666666666666666,0.8333333333333334
64880,738274.75,1.3333333333333333,1.3333333333333333,0.6666666666666666,0.8666666666666667
64882,738274.7852,1.3333333333333333,1.3333333333333333,0.7,0.9
64895,738274.9156,1.3333333333333333,1.3333333333333333,0.7333333333333333,0.9333333333333333
64896,738274.9304,1.3333333333333333,1.3333333333333333,0.7333333333333333,0.9333333333333333
64899,738274.976,1.3333333333333333,1.3333333333333333,0.7333333333333333,0.9333333333333333
64901,738274.9841,1.3333333333333333,1.3333333333333333,0.7333333333333333,0.9333333333333333
64906,738275.1714,1.3333333333333333,1.3333333333333333,0.7333333333333333,0.9333333333333333
64924,738275.4927,1.3333333333333333,1.3333333333333333,0.7333333333333333,0.9333333333333333
64933,738275.6539,1.3333333333333333,1.4,0.7666666666666667,0.9666666666666667
64934,738275.6626,1.3333333333333333,1.4,0.7666666666666667,0.9666666666666667
64940,738275.7645,1.3333333333333333,1.4,0.7666666666666667,0.9666666666666667
64984,738277.0889,1.3333333333333333,1.4,0.7666666666666667,0.9666666666666667
64986,738277.193,1.3333333333333333,1.3333333333333333,0.6666666666666666,0.6666666666666666
64987,738277.2201,1.3333333333333333,1.3333333333333333,0.6666666666666666,0.6666666666666666
64999,738277.4726,1.3333333333333333,1.3333333333333333,0.6666666666666666,0.6666666666666666
65008,738277.8466,1.3333333333333333,1.3333333333333333,0.6666666666666666,0.6666666666666666
65009,738277.877,1.3333333333333333,1.3333333333333333,0.6666666666666666,0.9
65010,738277.8831,1.3333333333333333,1.3333333333333333,0.6666666666666666,0.9
65017,738278.1108,1.3333333333333333,1.3333333333333333,0.6666666666666666,0.9
65049,738279.0366,1.3333333333333333,1.3333333333333333,0.6666666666666666,0.9
65053,738279.1521,1.3333333333333333,1.4,0.8,0.9666666666666667
65118,738281.5725,1.3333333333333333,1.3333333333333333,0.6666666666666666,0.7
65140,738282.164,1.3333333333333333,1.3333333333333333,0.6666666666666666,0.8
65165,738283.1714,1.3333333333333333,1.3333333333333333,0.6666666666666666,0.8
65167,738283.5056,1.3333333333333333,1.3333333333333333,0.6666666666666666,0.8
65230,738285.6311,1.3333333333333333,1.3333333333333333,0.6666666666666666,0.9
65249,738286.1732,1.3333333333333333,1.3333333333333333,0.6666666666666666,0.9
65280,738287.431,1.3333333333333333,1.3333333333333333,0.6666666666666666,0.9
65354,738289.5076,1.3333333333333333,1.3333333333333333,0.6666666666666666,0.9
65357,738289.5377,1.3333333333333333,1.3333333333333333,0.6666666666666666,0.9
65373,738289.8114,1.3333333333333333,1.3333333333333333,0.6666666666666666,0.9
65379,738289.9513,1.3333333333333333,1.3333333333333333,0.6666666666666666,0.9
65406,738290.4129,1.3333333333333333,1.3333333333333333,0.6666666666666666,0.9
65438,738291.9288,1.3333333333333333,1.3333333333333333,0.6666666666666666,0.9
65453,738292.4296,1.3333333333333333,1.3333333333333333,0.6666666666666666,0.8333333333333334
65481,738293.3345,1.3333333333333333,1.3333333333333333,0.6666666666666666,0.8333333333333334
65490,738293.5101,1.3333333333333333,1.3333333333333333,0.6666666666666666,0.8333333333333334
65508,738294.2743,1.3333333333333333,1.3333333333333333,0.6666666666666666,0.7666666666666667
65512,738294.3227,1.3333333333333333,1.3333333333333333,0.6666666666666666,0.9333333333333333
65569,738296.414,1.3333333333333333,1.3333333333333333,0.6666666666666666,0.9333333333333333
65596,738296.8302,1.3333333333333333,1.3333333333333333,0.6666666666666666,0.9333333333333333
65618,738297.5412,1.3333333333333333,1.3333333333333333,0.6666666666666666,0.7333333333333333
65634,738298.1734,1.3333333333333333,1.3333333333333333,0.6666666666666666,0.6666666666666666
65656,738298.7753,1.3333333333333333,1.3333333333333333,0.6666666666666666,0.7333333333333333
65677,738299.4343,1.3333333333333333,1.3333333333333333,0.6666666666666666,0.7333333333333333
65692,738299.9779,1.3333333333333333,1.3333333333333333,0.6666666666666666,0.7666666666666667
65694,738300.0637,1.3333333333333333,1.3333333333333333,0.6666666666666666,0.7333333333333333
65711,738300.4446,1.3333333333333333,1.3333333333333333,0.6666666666666666,0.7333333333333333
65734,738300.909,1.3333333333333333,1.3333333333333333,0.6666666666666666,0.7333333333333333
65737,738300.9156,1.3333333333333333,1.3333333333333333,0.6666666666666666,0.7333333333333333
65741,738301.1547,1.3333333333333333,1.3333333333333333,0.6666666666666666,0.7333333333333333
65775,738302.3584,1.3333333333333333,1.3333333333333333,0.6666666666666666,0.7333333333333333
65783,738302.4019,1.3333333333333333,1.3333333333333333,0.6666666666666666,0.6666666666666666
65785,738302.4442,1.3333333333333333,1.3333333333333333,0.6666666666666666,0.6666666666666666
65802,738302.9427,1.3333333333333333,1.3333333333333333,0.6666666666666666,0.6666666666666666
65803,738302.9441,1.3333333333333333,1.3333333333333333,0.6666666666666666,0.6666666666666666
65804,738302.9485,1.3333333333333333,1.3333333333333333,0.6666666666666666,0.6666666666666666
65807,738302.988,1.3333333333333333,1.3333333333333333,0.6666666666666666,0.6666666666666666
65813,738303.2207,1.3333333333333333,1.3333333333333333,0.6666666666666666,0.6666666666666666
65815,738303.3693,1.3333333333333333,1.3333333333333333,0.6666666666666666,0.6666666666666666
65854,738304.3844,1.3333333333333333,1.3333333333333333,0.6666666666666666,0.6666666666666666
65873,738304.9032,1.3333333333333333,1.3333333333333333,0.6666666666666666,0.6666666666666666
65878,738305.0526,1.3333333333333333,1.3333333333333333,0.6666666666666666,0.6666666666666666
65886,738305.2519,1.3333333333333333,1.3333333333333333,0.6666666666666666,0.6666666666666666
65920,738305.8613,1.3333333333333333,1.3333333333333333,0.6666666666666666,0.6666666666666666
65973,738306.3491,1.3333333333333333,1.3333333333333333,0.6666666666666666,0.6666666666666666
66018,738307.1343,1.3333333333333333,1.3333333333333333,0.6666666666666666,0.6666666666666666
66023,738307.2546,1.3333333333333333,1.3333333333333333,0.6666666666666666,0.6666666666666666
66033,738307.4409,1.3333333333333333,1.3333333333333333,0.6666666666666666,0.6666666666666666
66043,738307.6709,1.3333333333333333,1.3333333333333333,0.6666666666666666,0.6666666666666666
66068,738308.2851,1.3333333333333333,1.3333333333333333,0.6666666666666666,0.6666666666666666
66094,738308.7654,1.3333333333333333,1.3333333333333333,0.6666666666666666,0.6666666666666666
66098,738308.8658,1.3333333333333333,1.3333333333333333,0.6666666666666666,0.6666666666666666
66106,738309.1295,1.3333333333333333,1.3333333333333333,0.6666666666666666,0.6666666666666666
66129,738309.8822,1.3333333333333333,1.3333333333333333,0.6666666666666666,0.6666666666666666
66130,738309.9401,1.3333333333333333,1.3333333333333333,0.6666666666666666,0.6666666666666666
66136,738310.0539,1.3333333333333333,1.3333333333333333,0.6666666666666666,0.6666666666666666
66137,738310.151,1.3333333333333333,1.3333333333333333,0.6666666666666666,0.6666666666666666
66148,738310.3895,1.3333333333333333,1.3333333333333333,0.6666666666666666,0.6666666666666666
66213,738313.1214,1.3333333333333333,1.3333333333333333,0.6666666666666666,0.6666666666666666
66215,738313.1885,1.3333333333333333,1.3333333333333333,0.6666666666666666,0.6666666666666666
66252,738313.9957,1.3333333333333333,1.3333333333333333,0.6666666666666666,0.6666666666666666
66253,738314.0119,1.3333333333333333,1.3333333333333333,0.6666666666666666,0.6666666666666666
66289,738315.2911,1.3333333333333333,1.3333333333333333,0.6666666666666666,0.6666666666666666
66297,738315.3579,1.3333333333333333,1.3333333333333333,0.6666666666666666,0.6666666666666666
66381,738317.5963,1.3333333333333333,1.3333333333333333,0.6666666666666666,0.6666666666666666
66386,738317.6894,1.3333333333333333,1.3333333333333333,0.6666666666666666,0.6666666666666666
66408,738318.0651,1.3333333333333333,1.3333333333333333,0.6666666666666666,0.6666666666666666
66429,738319.1329,1.3333333333333333,1.3333333333333333,0.6666666666666666,0.6666666666666666
66430,738319.1481,1.3333333333333333,1.3333333333333333,0.6666666666666666,0.6666666666666666
66431,738319.1556,1.3333333333333333,1.3333333333333333,0.6666666666666666,0.6666666666666666
66433,738319.2936,1.3333333333333333,1.3333333333333333,0.6666666666666666,0.6666666666666666
66434,738319.3382,1.3333333333333333,1.3333333333333333,0.6666666666666666,0.6666666666666666
66467,738320.7717,1.3333333333333333,1.3333333333333333,0.6666666666666666,0.6666666666666666
66511,738322.0946,1.3333333333333333,1.3333333333333333,0.6666666666666666,0.6666666666666666
66555,738322.9413,1.3333333333333333,1.3333333333333333,0.6666666666666666,0.6666666666666666
66556,738322.9426,1.3333333333333333,1.3333333333333333,0.6666666666666666,0.6666666666666666
66557,738322.9528,1.3333333333333333,1.3333333333333333,0.6666666666666666,0.6666666666666666
66569,738323.358,1.3333333333333333,1.3333333333333333,0.6666666666666666,0.6666666666666666
66588,738323.7178,1.3333333333333333,1.3333333333333333,0.6666666666666666,0.6666666666666666
66616,738324.4904,1.3333333333333333,1.3333333333333333,0.6666666666666666,0.6666666666666666
66639,738325.3315,1.3333333333333333,1.3333333333333333,0.6666666666666666,0.6666666666666666
66689,738326.8919,1.3333333333333333,1.3333333333333333,0.6666666666666666,0.6666666666666666
66723,738328.07,1.3333333333333333,1.3333333333333333,0.6666666666666666,0.6666666666666666
66739,738328.6812,1.3333333333333333,1.3333333333333333,0.6666666666666666,0.6666666666666666
66788,738329.9427,1.3333333333333333,1.3333333333333333,0.6666666666666666,0.6666666666666666
66817,738330.6608,1.3333333333333333,1.3333333333333333,0.6666666666666666,0.6666666666666666
66843,738332.0275,1.3333333333333333,1.3333333333333333,0.6666666666666666,0.6666666666666666
66902,738335.0104,1.3333333333333333,1.3333333333333333,0.6666666666666666,0.6666666666666666
66903,738335.0107,1.3333333333333333,1.3333333333333333,0.6666666666666666,0.6666666666666666
66925,738335.5495,1.3333333333333333,1.3333333333333333,0.6666666666666666,0.6666666666666666
67018,738338.0622,1.3333333333333333,1.3333333333333333,0.6666666666666666,0.6666666666666666
67028,738338.293,1.3333333333333333,1.3333333333333333,0.6666666666666666,0.6666666666666666
67029,738338.303,1.3333333333333333,1.3333333333333333,0.6666666666666666,0.6666666666666666
67067,738339.7985,1.3333333333333333,1.3333333333333333,0.6666666666666666,0.6666666666666666
67092,738340.4764,1.3333333333333333,1.3333333333333333,0.6666666666666666,0.6666666666666666
67103,738340.7866,1.3333333333333333,1.3333333333333333,0.6666666666666666,0.6666666666666666
67105,738340.8124,1.3333333333333333,1.3333333333333333,0.6666666666666666,0.6666666666666666
67107,738340.8522,1.3333333333333333,1.3333333333333333,0.6666666666666666,0.6666666666666666
67114,738341.1147,1.3333333333333333,1.3333333333333333,0.6666666666666666,0.6666666666666666
67116,738341.1192,1.3333333333333333,1.3333333333333333,0.6666666666666666,0.6666666666666666
67123,738341.3717,1.3333333333333333,1.3333333333333333,0.6666666666666666,0.6666666666666666
67137,738341.4524,1.3333333333333333,1.3333333333333333,0.6666666666666666,0.6666666666666666
67191,738342.8485,1.3333333333333333,1.3333333333333333,0.6666666666666666,0.6666666666666666
67193,738342.8694,1.3333333333333333,1.3333333333333333,0.6666666666666666,0.6666666666666666
67199,738342.9879,1.3333333333333333,1.3333333333333333,0.6666666666666666,0.6666666666666666
67220,738343.7998,1.3333333333333333,1.3333333333333333,0.6666666666666666,0.6666666666666666
67233,738344.4662,1.3333333333333333,1.3333333333333333,0.6666666666666666,0.6666666666666666
67234,738344.5061,1.3333333333333333,1.3333333333333333,0.6666666666666666,0.6666666666666666
67255,738345.2984,1.3333333333333333,1.3333333333333333,0.6666666666666666,0.6666666666666666
67272,738345.8799,1.3333333333333333,1.3333333333333333,0.6666666666666666,0.6666666666666666
67284,738346.2949,1.3333333333333333,1.3333333333333333,0.6666666666666666,0.6666666666666666
67287,738346.4265,1.3333333333333333,1.3333333333333333,0.6666666666666666,0.6666666666666666
67306,738347.3915,1.3333333333333333,1.3333333333333333,0.6666666666666666,0.6666666666666666
67308,738347.427,1.3333333333333333,1.3333333333333333,0.6666666666666666,0.6666666666666666
67317,738347.6726,1.3333333333333333,1.3333333333333333,0.6666666666666666,0.6666666666666666
67323,738347.8749,1.3333333333333333,1.3333333333333333,0.6666666666666666,0.7
67327,738348.0234,1.3333333333333333,1.3333333333333333,0.6666666666666666,0.7
67328,738348.0275,1.3333333333333333,1.3333333333333333,0.6666666666666666,0.7
67329,738348.0283,1.3333333333333333,1.3333333333333333,0.6666666666666666,0.7
67330,738348.0287,1.3333333333333333,1.3333333333333333,0.6666666666666666,0.7
67331,738348.0332,1.3333333333333333,1.3333333333333333,0.6666666666666666,0.7
67332,738348.0373,1.3333333333333333,1.3333333333333333,0.6666666666666666,0.8333333333333334
67333,738348.0402,1.3333333333333333,1.3333333333333333,0.6666666666666666,0.8333333333333334
67335,738348.0492,1.3333333333333333,1.3333333333333333,0.6666666666666666,0.8666666666666667
67338,738348.0653,1.3333333333333333,1.3333333333333333,0.6666666666666666,0.8666666666666667
67339,738348.0662,1.3333333333333333,1.3333333333333333,0.6666666666666666,0.8666666666666667
67341,738348.071,1.3333333333333333,1.3333333333333333,0.6666666666666666,0.8666666666666667
67342,738348.0722,1.3333333333333333,1.3333333333333333,0.6666666666666666,0.8666666666666667
67346,738348.1065,1.3333333333333333,1.3333333333333333,0.6666666666666666,0.8666666666666667
67347,738348.1069,1.3333333333333333,1.3333333333333333,0.6666666666666666,0.9
67350,738348.1271,1.3333333333333333,1.3333333333333333,0.6666666666666666,0.9
67354,738348.1811,1.3333333333333333,1.3333333333333333,0.6666666666666666,0.9333333333333333
67359,738348.3157,1.3333333333333333,1.4,0.6666666666666666,0.9666666666666667
67360,738348.3162,1.3333333333333333,1.4666666666666666,0.6666666666666666,1.0
67361,738348.3304,1.3333333333333333,1.4666666666666666,0.6666666666666666,1.0
67363,738348.3552,1.3333333333333333,1.5333333333333334,0.6666666666666666,1.0333333333333334
67364,738348.3671,1.3333333333333333,1.3333333333333333,0.6666666666666666,0.6666666666666666
67368,738348.3962,1.3333333333333333,1.6,0.7,1.0666666666666667
67369,738348.3966,1.3333333333333333,1.6666666666666667,0.7333333333333333,1.1
67370,738348.3968,1.3333333333333333,1.7333333333333334,0.7666666666666667,1.1333333333333333
67372,738348.4493,1.3333333333333333,1.8,0.8,1.1666666666666667
67379,738348.6526,1.3333333333333333,1.8666666666666667,0.8333333333333334,1.2
67392,738348.8999,1.3333333333333333,1.8666666666666667,0.8333333333333334,1.2
67414,738349.2175,1.4,1.9333333333333333,0.8666666666666667,1.2333333333333334
67418,738349.3033,1.4666666666666666,1.9333333333333333,0.8666666666666667,1.2
67426,738349.3727,1.5333333333333334,2.066666666666667,0.8666666666666667,1.2333333333333334
67427,738349.3885,1.5333333333333334,2.066666666666667,0.8666666666666667,1.2333333333333334
67430,738349.4604,1.5333333333333334,2.066666666666667,0.8666666666666667,1.2333333333333334
67433,738349.5129,1.6,2.1333333333333333,0.9,1.2666666666666666
67435,738349.6221,1.6666666666666667,2.2,0.9333333333333333,1.3
67436,738349.6227,1.7333333333333334,2.2666666666666666,0.9666666666666667,1.3333333333333333
67437,738349.6239,1.8,2.3333333333333335,1.0,1.3666666666666667
67438,738349.6254,1.8666666666666667,2.4,1.0333333333333334,1.4
67439,738349.6275,1.8666666666666667,2.4,1.0333333333333334,1.4
67440,738349.6287,1.9333333333333333,2.466666666666667,1.0666666666666667,1.4333333333333333
67441,738349.6311,1.9333333333333333,2.466666666666667,1.0666666666666667,1.4333333333333333
67442,738349.6361,2.0,2.533333333333333,1.1,1.4666666666666666
67443,738349.6369,2.0,2.533333333333333,1.1,1.4666666666666666
67444,738349.6381,2.066666666666667,2.6,1.1333333333333333,1.5
67445,738349.6465,2.066666666666667,2.6,1.1333333333333333,1.5
67446,738349.647,2.1333333333333333,2.466666666666667,1.1666666666666667,1.4333333333333333
67447,738349.6537,2.2,2.7333333333333334,1.2,1.5666666666666667
67448,738349.6596,2.2666666666666666,2.8,1.2333333333333334,1.6
67451,738349.6616,2.3333333333333335,2.8666666666666667,1.2666666666666666,1.6333333333333333
67452,738349.6659,2.4,2.933333333333333,1.3,1.6666666666666667
67454,738349.6794,2.466666666666667,3.0,1.3333333333333333,1.7
67456,738349.6851,2.533333333333333,3.066666666666667,1.3666666666666667,1.7333333333333334
67457,738349.6946,2.6,3.066666666666667,1.4,1.7333333333333334
67458,738349.6972,2.6666666666666665,3.2,1.4333333333333333,1.8
67460,738349.7028,2.7333333333333334,3.2666666666666666,1.4666666666666666,1.8333333333333333
67461,738349.7114,2.8,3.3333333333333335,1.5,1.8666666666666667
67462,738349.7136,2.8666666666666667,3.4,1.5333333333333334,1.9
67463,738349.7171,2.8666666666666667,3.4,1.5333333333333334,1.9
67465,738349.7185,2.933333333333333,3.466666666666667,1.5666666666666667,1.9333333333333333
67466,738349.7191,3.0,3.4,1.6,1.9
67467,738349.7207,3.066666666666667,3.6,1.6333333333333333,2.0
67470,738349.731,3.1333333333333333,3.6666666666666665,1.6666666666666667,2.033333333333333
67471,738349.7335,3.1333333333333333,3.6666666666666665,1.6666666666666667,2.033333333333333
67472,738349.7352,3.2,3.7333333333333334,1.7,2.066666666666667
67473,738349.7413,3.2666666666666666,3.8,1.7333333333333334,2.1
67475,738349.761,3.3333333333333335,3.8666666666666667,1.7666666666666666,2.1333333333333333
67479,738349.7659,3.4,3.933333333333333,1.8,2.1666666666666665
67480,738349.7668,3.466666666666667,4.0,1.8333333333333333,2.2
67481,738349.7689,3.533333333333333,4.066666666666666,1.8666666666666667,2.2333333333333334
67483,738349.7697,3.533333333333333,4.066666666666666,1.8666666666666667,2.2333333333333334
67484,738349.7701,3.6,4.133333333333334,1.9,2.2666666666666666
67485,738349.771,3.6666666666666665,4.2,1.9333333333333333,2.3
67486,738349.7731,3.7333333333333334,4.2,1.9666666666666666,2.3
67487,738349.7759,3.8,4.333333333333333,2.0,2.3666666666666667
67488,738349.7768,3.8,4.333333333333333,2.0,2.3666666666666667
67489,738349.7786,3.8666666666666667,4.4,2.033333333333333,2.4
67491,738349.789,3.933333333333333,4.466666666666667,2.066666666666667,2.433333333333333
67492,738349.7901,4.0,4.533333333333333,2.1,2.466666666666667
67493,738349.7906,4.066666666666666,4.4,2.1333333333333333,2.4
67494,738349.7909,4.133333333333334,4.666666666666667,2.1666666666666665,2.533333333333333
67497,738349.7974,4.2,4.733333333333333,2.2,2.566666666666667
67498,738349.7985,4.2,4.733333333333333,2.2,2.566666666666667
67499,738349.8042,4.2,4.866666666666666,2.2,2.6333333333333333
67500,738349.807,4.2,4.866666666666666,2.2,2.6333333333333333
67501,738349.8081,4.333333333333333,4.866666666666666,2.2666666666666666,2.6333333333333333
67502,738349.8083,4.4,4.933333333333334,2.3,2.6666666666666665
67503,738349.809,4.466666666666667,5.0,2.3333333333333335,2.7
67504,738349.8151,4.533333333333333,5.066666666666666,2.3666666666666667,2.7333333333333334
67505,738349.8169,4.533333333333333,5.066666666666666,2.3666666666666667,2.7333333333333334
67506,738349.8177,4.6,5.133333333333334,2.4,2.7666666666666666
67507,738349.8212,4.6,5.133333333333334,2.4,2.7666666666666666
67508,738349.8217,4.666666666666667,5.2,2.433333333333333,2.8
67509,738349.8238,4.666666666666667,5.2,2.433333333333333,2.8
67510,738349.825,4.733333333333333,5.266666666666667,2.466666666666667,2.8333333333333335
67513,738349.8289,4.8,5.133333333333334,2.5,2.7666666666666666
67516,738349.8366,4.8,5.133333333333334,2.5,2.7666666666666666
67517,738349.8416,4.866666666666666,5.4,2.533333333333333,2.9
67518,738349.843,4.933333333333334,5.466666666666667,2.566666666666667,2.933333333333333
67519,738349.8444,5.0,5.533333333333333,2.6,2.966666666666667
67520,738349.8447,5.066666666666666,5.6,2.6333333333333333,3.0
67521,738349.848,5.133333333333334,5.666666666666667,2.6666666666666665,3.033333333333333
67524,738349.8558,5.2,5.733333333333333,2.7,3.066666666666667
67525,738349.857,5.2,5.733333333333333,2.7,3.066666666666667
67527,738349.8632,5.2,5.733333333333333,2.7,3.066666666666667
67528,738349.8659,5.266666666666667,5.666666666666667,2.7333333333333334,3.033333333333333
67529,738349.8696,5.333333333333333,5.866666666666666,2.7666666666666666,3.1333333333333333
67530,738349.8775,5.4,5.933333333333334,2.8,3.1666666666666665
67531,738349.8787,5.4,5.933333333333334,2.8,3.1666666666666665
67532,738349.8831,5.4,5.933333333333334,2.8,3.1666666666666665
67533,738349.8872,5.466666666666667,6.0,2.8333333333333335,3.2
67534,738349.8877,5.533333333333333,5.866666666666666,2.8666666666666667,3.1333333333333333
67536,738349.9009,5.6,5.866666666666666,2.9,3.1333333333333333
67538,738349.9066,5.6,5.866666666666666,2.9,3.1333333333333333
67539,738349.9111,5.6,5.866666666666666,2.9,3.1333333333333333
67540,738349.9146,5.6,5.866666666666666,2.9,3.1333333333333333
67542,738349.9237,5.666666666666667,6.2,2.933333333333333,3.3
67543,738349.9349,5.666666666666667,6.2,2.933333333333333,3.3
67544,738349.9354,5.733333333333333,6.266666666666667,2.966666666666667,3.3333333333333335
67545,738349.936,5.733333333333333,6.266666666666667,2.966666666666667,3.3333333333333335
67546,738349.9423,5.733333333333333,6.266666666666667,2.966666666666667,3.3333333333333335
67547,738349.95,5.733333333333333,6.266666666666667,2.966666666666667,3.3333333333333335
67549,738349.9591,5.733333333333333,6.266666666666667,2.966666666666667,3.3333333333333335
67550,738349.9688,5.733333333333333,6.266666666666667,2.966666666666667,3.3333333333333335
67551,738349.9719,5.8,6.2,3.0,3.3
67552,738349.9722,5.866666666666666,6.4,3.033333333333333,3.4
67553,738349.9729,5.933333333333334,6.466666666666667,3.066666666666667,3.433333333333333
67554,738349.9749,5.933333333333334,6.466666666666667,3.066666666666667,3.433333333333333
67556,738349.9785,5.933333333333334,6.466666666666667,3.066666666666667,3.433333333333333
67559,738350.0151,6.0,6.533333333333333,3.1,3.466666666666667
67560,738350.0158,6.066666666666666,6.6,3.1333333333333333,3.5
67561,738350.0187,6.133333333333334,6.666666666666667,3.1666666666666665,3.533333333333333
67562,738350.0198,6.2,6.733333333333333,3.2,3.566666666666667
67563,738350.0201,6.2,6.733333333333333,3.2,3.566666666666667
67565,738350.0337,6.266666666666667,6.8,3.2333333333333334,3.6
67566,738350.0362,6.266666666666667,6.8,3.2333333333333334,3.6
67567,738350.0378,6.266666666666667,6.8,3.2333333333333334,3.6
67568,738350.0391,6.266666666666667,6.8,3.2333333333333334,3.6
67569,738350.0459,6.266666666666667,6.8,3.2333333333333334,3.6
67570,738350.0776,6.266666666666667,6.8,3.2333333333333334,3.6
67574,738350.0848,6.266666666666667,6.8,3.2333333333333334,3.6
67576,738350.0887,6.266666666666667,6.8,3.2333333333333334,3.6
67579,738350.1484,6.266666666666667,6.8,3.2333333333333334,3.6
67580,738350.1666,6.266666666666667,6.866666666666666,3.2333333333333334,3.6333333333333333
67581,738350.1866,6.4,6.933333333333334,3.3,3.6666666666666665
67582,738350.199,6.4,6.933333333333334,3.3,3.6666666666666665
67584,738350.2377,6.466666666666667,7.0,3.3333333333333335,3.7
67585,738350.2441,6.533333333333333,7.066666666666666,3.3666666666666667,3.7333333333333334
67586,738350.2445,6.6,7.066666666666666,3.4,3.7333333333333334
67587,738350.2623,6.666666666666667,7.2,3.433333333333333,3.8
67591,738350.3351,6.666666666666667,7.266666666666667,3.433333333333333,3.8333333333333335
67597,738350.3915,6.8,7.333333333333333,3.5,3.8666666666666667
67598,738350.4235,6.8,7.333333333333333,3.5,3.8666666666666667
67601,738350.4346,6.866666666666666,7.4,3.533333333333333,3.9
67604,738350.4681,6.933333333333334,7.266666666666667,3.566666666666667,3.8333333333333335
67609,738350.5372,7.0,7.533333333333333,3.6,3.966666666666667
67610,738350.5383,7.066666666666666,7.6,3.6333333333333333,4.0
67611,738350.5531,7.066666666666666,7.6,3.6666666666666665,4.033333333333333
67612,738350.5695,7.133333333333334,7.4,3.7,3.933333333333333
67613,738350.574,7.2,7.733333333333333,3.7333333333333334,4.1
67614,738350.576,7.266666666666667,7.8,3.7666666666666666,4.133333333333334
67615,738350.5806,7.333333333333333,7.6,3.8,4.033333333333333
67616,738350.5815,7.4,7.933333333333334,3.8333333333333335,4.2
67617,738350.5829,7.466666666666667,8.0,3.8666666666666667,4.233333333333333
67619,738350.6596,7.466666666666667,8.0,3.8666666666666667,4.233333333333333
67622,738350.7411,7.533333333333333,8.066666666666666,3.9,4.266666666666667
67628,738350.7829,7.6,8.0,3.933333333333333,4.233333333333333
67630,738350.7953,7.666666666666667,8.2,3.966666666666667,4.333333333333333
67631,738350.7974,7.666666666666667,8.2,3.966666666666667,4.333333333333333
67632,738350.7986,7.733333333333333,8.266666666666667,4.0,4.366666666666666
67635,738350.8051,7.8,8.333333333333334,4.033333333333333,4.4
67639,738350.8513,7.8,8.333333333333334,4.033333333333333,4.4
67641,738350.9161,7.8,8.333333333333334,4.033333333333333,4.4
67645,738351.0662,7.8,8.333333333333334,4.033333333333333,4.4
67646,738351.07,7.8,8.333333333333334,4.033333333333333,4.4
67647,738351.0705,7.8,8.333333333333334,4.033333333333333,4.4
67653,738351.2587,7.866666666666666,8.2,4.066666666666666,4.333333333333333
67656,738351.2989,7.933333333333334,8.533333333333333,4.133333333333334,4.5
67658,738351.3259,8.0,8.533333333333333,4.133333333333334,4.5
67659,738351.3852,8.0,8.533333333333333,4.133333333333334,4.5
67660,738351.3893,8.066666666666666,8.6,4.166666666666667,4.533333333333333
67667,738351.492,8.133333333333333,8.666666666666666,4.2,4.566666666666666
67670,738351.5096,8.2,8.733333333333333,4.233333333333333,4.6
67671,738351.5118,8.266666666666667,8.6,4.266666666666667,4.533333333333333
67672,738351.5123,8.333333333333334,8.866666666666667,4.3,4.666666666666667
67673,738351.5133,8.4,8.866666666666667,4.333333333333333,4.666666666666667
67674,738351.5151,8.466666666666667,9.0,4.366666666666666,4.733333333333333
67675,738351.517,8.533333333333333,9.066666666666666,4.4,4.766666666666667
67676,738351.5185,8.6,9.133333333333333,4.433333333333334,4.8
67677,738351.5201,8.6,9.133333333333333,4.433333333333334,4.8
67678,738351.5212,8.6,9.133333333333333,4.433333333333334,4.8
67679,738351.5292,8.666666666666666,9.2,4.466666666666667,4.833333333333333
67681,738351.5312,8.733333333333333,9.266666666666667,4.5,4.866666666666666
67682,738351.5321,8.8,9.333333333333334,4.533333333333333,4.9
67683,738351.5365,8.866666666666667,9.4,4.566666666666666,4.933333333333334
67684,738351.5398,8.933333333333334,9.466666666666667,4.6,4.966666666666667
67685,738351.5528,8.933333333333334,9.466666666666667,4.6,4.966666666666667
67686,738351.5878,9.0,9.533333333333333,4.633333333333334,5.0
67687,738351.6175,9.066666666666666,9.466666666666667,4.666666666666667,4.966666666666667
67688,738351.6255,9.066666666666666,9.466666666666667,4.666666666666667,4.966666666666667
67689,738351.6339,9.133333333333333,9.666666666666666,4.7,5.066666666666666
67690,738351.6507,9.133333333333333,9.733333333333333,4.7,5.1
67691,738351.6634,9.266666666666667,9.8,4.766666666666667,5.133333333333334
67693,738351.6843,9.333333333333334,9.866666666666667,4.8,5.166666666666667
67697,738351.7399,9.4,9.933333333333334,4.833333333333333,5.2
67700,738351.7778,9.466666666666667,10.0,4.866666666666666,5.233333333333333
67702,738351.7966,9.533333333333333,10.066666666666666,4.9,5.266666666666667
67703,738351.8007,9.533333333333333,10.066666666666666,4.9,5.266666666666667
67704,738351.8059,9.533333333333333,10.066666666666666,4.9,5.266666666666667
67705,738351.8067,9.533333333333333,10.066666666666666,4.9,5.266666666666667
67707,738351.8249,9.6,10.133333333333333,4.933333333333334,5.3
67708,738351.8515,9.666666666666666,10.2,4.966666666666667,5.333333333333333
67710,738351.8823,9.666666666666666,10.2,4.966666666666667,5.333333333333333
67712,738351.9063,9.733333333333333,10.266666666666667,5.0,5.366666666666666
67714,738351.9413,1.3333333333333333,1.3333333333333333,0.6666666666666666,0.6666666666666666
67715,738351.9526,9.733333333333333,10.333333333333334,5.0,5.4
67717,738352.002,9.733333333333333,10.333333333333334,5.0,5.4
67718,738352.0049,9.733333333333333,10.333333333333334,5.0,5.4
67720,738352.0065,9.733333333333333,10.333333333333334,5.0,5.4
67721,738352.0081,9.733333333333333,10.333333333333334,5.0,5.4
67722,738352.0148,9.866666666666667,10.4,5.066666666666666,5.433333333333334
67723,738352.0175,9.866666666666667,10.466666666666667,5.066666666666666,5.466666666666667
67724,738352.0212,10.0,10.533333333333333,5.133333333333334,5.5
67725,738352.0228,10.066666666666666,10.6,5.166666666666667,5.533333333333333
67727,738352.0298,10.133333333333333,10.666666666666666,5.2,5.566666666666666
67728,738352.0332,10.133333333333333,10.666666666666666,5.2,5.566666666666666
67730,738352.0392,10.2,10.733333333333333,5.233333333333333,5.6
67731,738352.0533,10.2,10.733333333333333,5.233333333333333,5.6
67734,738352.0854,10.2,10.733333333333333,5.233333333333333,5.6
67735,738352.1177,10.266666666666667,10.8,5.266666666666667,5.633333333333334
67736,738352.182,10.266666666666667,10.8,5.266666666666667,5.633333333333334
67753,738352.5341,10.266666666666667,10.8,5.266666666666667,5.633333333333334
67754,738352.5388,10.333333333333334,10.866666666666667,5.3,5.666666666666667
67755,738352.5406,10.333333333333334,11.0,5.3,5.733333333333333
67756,738352.5509,10.4,11.0,5.333333333333333,5.733333333333333
67757,738352.5819,10.533333333333333,10.8,5.4,5.633333333333334
67758,738352.588,10.6,11.133333333333333,5.433333333333334,5.8
67759,738352.5905,10.666666666666666,11.2,5.466666666666667,5.833333333333333
67762,738352.6713,10.733333333333333,11.266666666666667,5.5,5.866666666666666
67763,738352.6723,10.8,11.333333333333334,5.533333333333333,5.9
67764,738352.6725,10.866666666666667,11.4,5.566666666666666,5.933333333333334
67765,738352.6731,10.866666666666667,11.4,5.566666666666666,5.933333333333334
67766,738352.6734,10.866666666666667,11.4,5.566666666666666,5.933333333333334
67768,738352.6774,10.933333333333334,11.466666666666667,5.6,5.966666666666667
67770,738352.6893,10.933333333333334,11.466666666666667,5.6,5.966666666666667
67771,738352.6897,11.0,11.533333333333333,5.633333333333334,6.0
67773,738352.6917,11.066666666666666,11.6,5.7,6.033333333333333
67772,738352.6917,10.733333333333333,11.4,5.4,5.933333333333334
67774,738352.6949,10.733333333333333,11.4,5.4,5.933333333333334
67776,738352.7212,10.733333333333333,11.4,5.4,5.933333333333334
67781,738352.7832,10.733333333333333,11.4,5.4,5.933333333333334
67785,738352.8761,10.733333333333333,11.4,5.4,5.933333333333334
67791,738352.9537,10.733333333333333,11.4,5.4,5.933333333333334
67792,738352.964,10.733333333333333,11.4,5.4,5.933333333333334
67793,738352.9687,11.133333333333333,11.733333333333333,5.666666666666667,6.066666666666666
67795,738352.9906,11.133333333333333,11.733333333333333,5.666666666666667,6.066666666666666
67797,738353.0186,11.133333333333333,11.733333333333333,5.666666666666667,6.066666666666666
67798,738353.0267,11.266666666666667,11.8,5.733333333333333,6.1
67799,738353.0932,11.266666666666667,11.8,5.733333333333333,6.1
67803,738353.1524,11.266666666666667,11.8,5.733333333333333,6.1
67806,738353.2453,11.266666666666667,11.8,5.733333333333333,6.1
67815,738353.4874,11.266666666666667,11.8,5.733333333333333,6.1
67824,738353.6542,11.133333333333333,11.666666666666666,5.766666666666667,6.133333333333334
67826,738353.6592,11.2,11.733333333333333,5.8,6.166666666666667
67829,738353.731,11.266666666666667,11.533333333333333,5.8,6.033333333333333
67830,738353.7637,11.333333333333334,11.866666666666667,5.833333333333333,6.2
67831,738353.7914,11.4,11.933333333333334,5.866666666666666,6.233333333333333
67839,738353.9306,11.4,11.933333333333334,5.866666666666666,6.233333333333333
67840,738354.0061,11.4,11.933333333333334,5.866666666666666,6.233333333333333
67843,738354.0819,11.4,11.933333333333334,5.866666666666666,6.233333333333333
67845,738354.1277,11.4,11.933333333333334,5.866666666666666,6.233333333333333
67867,738354.6742,11.4,11.933333333333334,5.866666666666666,6.233333333333333
67868,738354.7014,11.466666666666667,12.0,5.9,6.266666666666667
67870,738354.7585,11.466666666666667,12.0,5.9,6.266666666666667
67874,738354.7988,11.466666666666667,12.0,5.933333333333334,6.3
67876,738354.9054,11.533333333333333,12.066666666666666,5.966666666666667,6.333333333333333
67886,738355.0965,11.6,12.133333333333333,6.0,6.366666666666666
67887,738355.0977,11.6,12.133333333333333,6.0,6.366666666666666
67889,738355.1071,11.666666666666666,12.2,6.033333333333333,6.4
67890,738355.1141,11.666666666666666,12.2,6.033333333333333,6.4
67891,738355.1158,11.666666666666666,12.2,6.033333333333333,6.4
67895,738355.1955,11.733333333333333,12.266666666666667,6.066666666666666,6.433333333333334
67904,738355.3357,11.733333333333333,12.266666666666667,6.066666666666666,6.433333333333334
67933,738355.6722,11.8,12.333333333333334,6.1,6.466666666666667
67935,738355.7496,11.8,12.333333333333334,6.1,6.466666666666667
67942,738355.7857,11.866666666666667,12.4,6.133333333333334,6.5
67956,738356.087,11.866666666666667,12.4,6.133333333333334,6.5
67959,738356.1536,1.3333333333333333,12.266666666666667,0.6666666666666666,6.533333333333333
67963,738356.2908,1.3333333333333333,12.266666666666667,0.6666666666666666,6.533333333333333
67967,738356.3459,1.3333333333333333,12.266666666666667,0.6666666666666666,6.533333333333333
67975,738356.5262,11.8,12.2,6.133333333333334,6.566666666666666
67986,738356.8184,11.8,12.2,6.133333333333334,6.566666666666666
67990,738356.9393,11.8,12.2,6.133333333333334,6.566666666666666
67991,738356.9697,11.866666666666667,12.266666666666667,6.2,6.6
67993,738357.0437,11.866666666666667,12.266666666666667,6.2,6.6
68000,738357.3402,11.933333333333334,12.333333333333334,6.233333333333333,6.633333333333334
68025,738357.9044,11.933333333333334,12.333333333333334,6.233333333333333,6.633333333333334
68026,738357.914,11.933333333333334,12.333333333333334,6.233333333333333,6.633333333333334
68044,738358.3583,1.3333333333333333,1.3333333333333333,0.6666666666666666,0.6666666666666666
68064,738358.6567,12.0,12.4,6.266666666666667,6.666666666666667
68065,738358.6765,12.0,12.4,6.266666666666667,6.666666666666667
68068,738358.7488,12.0,12.4,6.266666666666667,6.666666666666667
68073,738358.7988,12.0,12.4,6.266666666666667,6.666666666666667
68083,738359.0142,12.066666666666666,12.466666666666667,6.3,6.666666666666667
68086,738359.0431,12.133333333333333,12.533333333333333,6.333333333333333,6.7
68096,738359.3492,12.2,12.6,6.366666666666666,6.733333333333333
68106,738359.517,12.2,12.6,6.366666666666666,6.733333333333333
68122,738359.8857,12.2,12.533333333333333,6.4,6.766666666666667
68125,738359.9789,12.2,12.533333333333333,6.4,6.766666666666667
68129,738360.1054,12.2,12.533333333333333,6.4,6.766666666666667
68135,738360.3134,12.266666666666667,12.6,6.433333333333334,6.766666666666667
68136,738360.3347,1.3333333333333333,12.733333333333333,0.6666666666666666,6.8
68137,738360.3398,1.3333333333333333,12.733333333333333,0.6666666666666666,6.8
68138,738360.3409,1.3333333333333333,12.866666666666667,0.6666666666666666,6.866666666666666
68139,738360.3461,1.3333333333333333,12.866666666666667,0.6666666666666666,6.866666666666666
68140,738360.3777,1.3333333333333333,12.866666666666667,0.6666666666666666,6.866666666666666
68141,738360.3837,1.3333333333333333,12.866666666666667,0.6666666666666666,6.866666666666666
68142,738360.3845,1.3333333333333333,12.933333333333334,0.6666666666666666,6.9
68143,738360.3864,1.3333333333333333,12.933333333333334,0.6666666666666666,6.9
68145,738360.409,1.3333333333333333,12.933333333333334,0.6666666666666666,6.9
68148,738360.4379,1.3333333333333333,12.933333333333334,0.6666666666666666,6.9
68154,738360.6117,1.3333333333333333,12.933333333333334,0.6666666666666666,6.9
68156,738360.6293,1.3333333333333333,13.0,0.6666666666666666,6.933333333333334
68159,738360.6441,1.3333333333333333,13.0,0.6666666666666666,6.933333333333334
68162,738360.7089,1.3333333333333333,13.0,0.6666666666666666,6.933333333333334
68163,738360.7159,1.3333333333333333,13.0,0.6666666666666666,6.933333333333334
68166,738360.8432,1.3333333333333333,13.066666666666666,0.6666666666666666,6.933333333333334
68168,738360.8625,1.3333333333333333,13.133333333333333,0.6666666666666666,6.966666666666667
68170,738360.8776,1.3333333333333333,13.133333333333333,0.6666666666666666,6.966666666666667
68173,738360.9965,1.3333333333333333,13.133333333333333,0.6666666666666666,6.966666666666667
68177,738361.0226,1.3333333333333333,13.133333333333333,0.6666666666666666,6.966666666666667
68178,738361.0861,1.3333333333333333,13.2,0.6666666666666666,7.0
68186,738361.2562,1.3333333333333333,13.2,0.6666666666666666,7.0
68190,738361.322,1.3333333333333333,13.2,0.6666666666666666,7.0
68193,738361.3411,1.3333333333333333,13.2,0.6666666666666666,7.0
68194,738361.3436,1.3333333333333333,13.2,0.6666666666666666,7.0
68196,738361.3737,1.3333333333333333,13.2,0.6666666666666666,7.0
68206,738361.4571,1.3333333333333333,13.2,0.6666666666666666,7.0
68223,738361.8852,1.3333333333333333,13.2,0.6666666666666666,7.0
68225,738361.9016,1.3333333333333333,13.266666666666667,0.6666666666666666,7.033333333333333
68229,738361.9522,1.3333333333333333,13.266666666666667,0.6666666666666666,7.033333333333333
68234,738362.1077,1.3333333333333333,13.266666666666667,0.6666666666666666,7.033333333333333
68241,738362.2573,1.3333333333333333,13.333333333333334,0.6666666666666666,7.066666666666666
68242,738362.2576,1.3333333333333333,13.466666666666667,0.6666666666666666,7.133333333333334
68244,738362.2594,1.3333333333333333,13.466666666666667,0.6666666666666666,7.133333333333334
68245,738362.2598,1.3333333333333333,13.533333333333333,0.6666666666666666,7.166666666666667
68246,738362.2605,1.3333333333333333,13.6,0.6666666666666666,7.2
68248,738362.262,1.3333333333333333,13.6,0.6666666666666666,7.2
68249,738362.2643,1.3333333333333333,13.6,0.6666666666666666,7.2
68250,738362.2663,1.3333333333333333,13.666666666666666,0.7,7.233333333333333
68251,738362.2667,1.3333333333333333,13.733333333333333,0.7333333333333333,7.266666666666667
68252,738362.2676,1.3333333333333333,13.8,0.7666666666666667,7.3
68253,738362.2682,1.3333333333333333,13.866666666666667,0.8,7.333333333333333
68254,738362.2707,1.4,13.933333333333334,0.8333333333333334,7.366666666666666
68255,738362.2715,1.4666666666666666,14.0,0.8666666666666667,7.4
68257,738362.2747,1.4666666666666666,14.0,0.8666666666666667,7.4
68258,738362.2757,1.4666666666666666,14.0,0.8666666666666667,7.4
68259,738362.276,1.4666666666666666,14.0,0.8666666666666667,7.4
68260,738362.2768,1.4666666666666666,14.0,0.8666666666666667,7.4
68261,738362.2788,1.4666666666666666,14.0,0.8666666666666667,7.4
68262,738362.2799,1.5333333333333334,14.066666666666666,0.9,7.433333333333334
68264,738362.2834,1.5333333333333334,14.066666666666666,0.9,7.433333333333334
68265,738362.2846,1.6,14.133333333333333,0.9333333333333333,7.466666666666667
68266,738362.2851,1.6666666666666667,14.2,1.0,7.5
68268,738362.2874,1.6666666666666667,14.2,1.0,7.5
68269,738362.2884,1.6666666666666667,14.2,1.0,7.5
68270,738362.2891,1.6666666666666667,14.2,1.0,7.5
68271,738362.2897,1.6666666666666667,14.2,1.0,7.5
68272,738362.2901,1.6666666666666667,14.2,1.0,7.5
68273,738362.2912,1.6666666666666667,14.2,1.0,7.5
68274,738362.2944,1.6666666666666667,14.2,1.0,7.5
68275,738362.2951,1.7333333333333334,14.266666666666667,1.0,7.533333333333333
68276,738362.2964,1.7333333333333334,14.266666666666667,1.0,7.533333333333333
68279,738362.3061,1.8,14.333333333333334,1.0333333333333334,7.566666666666666
68281,738362.3125,1.8,14.333333333333334,1.0333333333333334,7.566666666666666
68282,738362.3163,1.8666666666666667,14.4,1.0666666666666667,7.6
68284,738362.3226,1.8666666666666667,14.4,1.0666666666666667,7.6
68286,738362.3293,1.8666666666666667,14.4,1.0666666666666667,7.6
68287,738362.3444,1.8666666666666667,14.4,1.0666666666666667,7.6
68291,738362.3636,1.8666666666666667,14.4,1.0666666666666667,7.6
68292,738362.3666,1.8666666666666667,14.4,1.0666666666666667,7.6
68293,738362.3723,1.8666666666666667,14.4,1.0666666666666667,7.6
68294,738362.3745,1.9333333333333333,14.466666666666667,1.1,7.633333333333334
68296,738362.382,1.9333333333333333,14.466666666666667,1.1,7.633333333333334
68297,738362.3835,1.9333333333333333,14.466666666666667,1.1,7.633333333333334
68298,738362.3872,1.9333333333333333,14.466666666666667,1.1,7.633333333333334
68302,738362.417,1.9333333333333333,14.466666666666667,1.1,7.633333333333334
68307,738362.4383,2.066666666666667,14.333333333333334,1.1666666666666667,7.533333333333333
68309,738362.4454,2.066666666666667,14.333333333333334,1.1666666666666667,7.533333333333333
68310,738362.4483,2.066666666666667,14.333333333333334,1.1666666666666667,7.533333333333333
68313,738362.4601,2.066666666666667,14.333333333333334,1.1666666666666667,7.533333333333333
68314,738362.4623,2.066666666666667,14.333333333333334,1.1666666666666667,7.533333333333333
68320,738362.4911,2.066666666666667,14.333333333333334,1.1666666666666667,7.533333333333333
68321,738362.5004,2.066666666666667,14.333333333333334,1.1666666666666667,7.533333333333333
68323,738362.5239,2.066666666666667,14.333333333333334,1.1666666666666667,7.533333333333333
68325,738362.5255,2.066666666666667,14.466666666666667,1.1666666666666667,7.7
68326,738362.5264,2.066666666666667,14.466666666666667,1.1666666666666667,7.7
68327,738362.5282,2.1333333333333333,14.6,1.2,7.766666666666667
68331,738362.5558,2.1333333333333333,14.6,1.2,7.766666666666667
68332,738362.5745,2.2,14.6,1.2333333333333334,7.766666666666667
68333,738362.5756,2.2,14.6,1.2333333333333334,7.766666666666667
68334,738362.5766,2.2,14.6,1.2333333333333334,7.766666666666667
68338,738362.6127,2.2,14.6,1.2333333333333334,7.766666666666667
68343,738362.6479,2.2,14.6,1.2333333333333334,7.766666666666667
68345,738362.6646,2.2,14.6,1.2333333333333334,7.766666666666667
68347,738362.6772,2.2,14.6,1.2333333333333334,7.766666666666667
68348,738362.6853,2.2666666666666666,14.6,1.2666666666666666,7.8
68349,738362.6935,2.2666666666666666,14.6,1.2666666666666666,7.8
68350,738362.7275,2.2666666666666666,14.6,1.2666666666666666,7.8
68351,738362.728,2.2666666666666666,14.6,1.2666666666666666,7.8
68352,738362.7296,2.2666666666666666,14.6,1.2666666666666666,7.8
68353,738362.7403,2.2666666666666666,14.6,1.2666666666666666,7.8
68357,738362.7545,2.2666666666666666,14.6,1.2666666666666666,7.8
68358,738362.7644,2.3333333333333335,14.733333333333333,1.3,7.866666666666666
68359,738362.7726,2.3333333333333335,14.733333333333333,1.3,7.866666666666666
68360,738362.773,2.3333333333333335,14.733333333333333,1.3,7.866666666666666
68362,738362.792,2.3333333333333335,14.733333333333333,1.3,7.866666666666666
68364,738362.8206,2.3333333333333335,14.733333333333333,1.3,7.866666666666666
68365,738362.8221,2.3333333333333335,14.733333333333333,1.3,7.866666666666666
68366,738362.8281,2.4,14.733333333333333,1.3333333333333333,7.866666666666666
68367,738362.8652,2.4,14.733333333333333,1.3333333333333333,7.866666666666666
68368,738362.8726,2.466666666666667,14.8,1.3666666666666667,7.9
68369,738362.8785,2.466666666666667,14.8,1.3666666666666667,7.9
68372,738362.8992,2.466666666666667,14.8,1.3666666666666667,7.9
68373,738362.9089,2.466666666666667,14.8,1.3666666666666667,7.9
68374,738362.9182,2.466666666666667,14.8,1.3666666666666667,7.9
68375,738362.9296,2.466666666666667,14.8,1.3666666666666667,7.9
68376,738362.9488,2.466666666666667,14.8,1.3666666666666667,7.9
68377,738362.9575,2.466666666666667,14.8,1.3666666666666667,7.9
68378,738362.9812,2.533333333333333,14.8,1.4,7.933333333333334
68379,738362.9839,2.533333333333333,14.8,1.4,7.933333333333334
68381,738363.0023,2.533333333333333,14.8,1.4,7.933333333333334
68384,738363.0172,2.533333333333333,14.8,1.4,7.933333333333334
68385,738363.0271,2.533333333333333,14.8,1.4,7.933333333333334
68386,738363.028,2.533333333333333,14.8,1.4,7.933333333333334
68388,738363.0418,2.533333333333333,14.8,1.4,7.933333333333334
68389,738363.0547,2.6,14.733333333333333,1.4333333333333333,7.966666666666667
68390,738363.0622,2.6666666666666665,14.8,1.4666666666666666,8.0
68391,738363.0694,2.7333333333333334,14.866666666666667,1.5,8.033333333333333
68393,738363.0932,2.7333333333333334,14.866666666666667,1.5,8.033333333333333
68394,738363.1336,2.7333333333333334,14.866666666666667,1.5,8.033333333333333
68396,738363.152,2.7333333333333334,14.866666666666667,1.5,8.033333333333333
68398,738363.2049,1.3333333333333333,3.0,0.6666666666666666,1.9666666666666666
68399,738363.2099,2.8,14.866666666666667,1.5333333333333334,8.1
68400,738363.2224,2.8666666666666667,15.0,1.6,8.166666666666666
68401,738363.2258,2.8666666666666667,15.0,1.6,8.166666666666666
68402,738363.232,2.933333333333333,15.066666666666666,1.6333333333333333,8.2
68403,738363.2334,3.0,15.066666666666666,1.6333333333333333,8.2
68404,738363.2387,3.0,15.066666666666666,1.6333333333333333,8.2
68406,738363.2407,3.0,15.066666666666666,1.6333333333333333,8.2
68407,738363.2424,3.0,15.066666666666666,1.6333333333333333,8.2
68408,738363.2448,3.0,15.066666666666666,1.6333333333333333,8.2
68410,738363.2477,3.0,15.066666666666666,1.6333333333333333,8.2
68412,738363.258,12.066666666666666,15.0,6.433333333333334,8.166666666666666
68413,738363.2593,12.133333333333333,15.066666666666666,6.466666666666667,8.2
68414,738363.2635,12.133333333333333,15.066666666666666,6.466666666666667,8.2
68415,738363.266,3.066666666666667,15.266666666666667,1.6666666666666667,8.3
68416,738363.2664,3.066666666666667,15.266666666666667,1.6666666666666667,8.3
68417,738363.2733,12.2,15.2,6.5,8.266666666666667
68420,738363.3071,12.266666666666667,15.266666666666667,6.533333333333333,8.3
68424,738363.3312,12.266666666666667,15.266666666666667,6.533333333333333,8.3
68429,738363.3875,3.066666666666667,15.2,1.7,8.4
68431,738363.3895,3.066666666666667,15.2,1.7,8.4
68432,738363.3921,15.066666666666666,15.266666666666667,8.033333333333333,8.433333333333334
68433,738363.3942,3.2,15.333333333333334,1.7666666666666666,8.466666666666667
68436,738363.3977,3.2666666666666666,15.266666666666667,1.9333333333333333,8.533333333333333
68437,738363.3977,3.3333333333333335,15.333333333333334,1.8333333333333333,8.566666666666666
68438,738363.4002,3.4,15.333333333333334,1.8666666666666667,8.566666666666666
68440,738363.4084,3.4,15.333333333333334,1.8666666666666667,8.566666666666666
68442,738363.4199,3.4,15.333333333333334,1.8666666666666667,8.566666666666666
68443,738363.4217,3.4,15.333333333333334,1.8666666666666667,8.566666666666666
68444,738363.4247,3.4,15.333333333333334,1.8666666666666667,8.566666666666666
68448,738363.4543,3.466666666666667,15.333333333333334,1.9,8.6
68451,738363.5922,3.466666666666667,15.333333333333334,1.9,8.6
68452,738363.61,3.466666666666667,15.333333333333334,1.9,8.6
68454,738363.628,3.466666666666667,15.333333333333334,1.9,8.6
68457,738363.6519,3.533333333333333,15.4,1.9333333333333333,8.633333333333333
68458,738363.6536,3.6,15.4,1.9666666666666666,8.666666666666666
68461,738363.6565,3.6,15.4,1.9666666666666666,8.666666666666666
68463,738363.6586,3.6666666666666665,15.466666666666667,2.0,8.7
68464,738363.6628,3.6666666666666665,15.466666666666667,2.0,8.7
68465,738363.664,3.6666666666666665,15.466666666666667,2.0,8.7
68467,738363.6657,3.6666666666666665,15.466666666666667,2.0,8.7
68468,738363.6682,3.7333333333333334,15.533333333333333,2.033333333333333,8.733333333333333
68469,738363.6714,3.7333333333333334,15.533333333333333,2.033333333333333,8.733333333333333
68471,738363.6795,3.8,15.6,2.066666666666667,8.766666666666667
68472,738363.6816,3.8,15.6,2.066666666666667,8.766666666666667
68473,738363.686,3.8,15.6,2.066666666666667,8.766666666666667
68474,738363.6867,3.8,15.6,2.066666666666667,8.766666666666667
68475,738363.7035,3.8,15.6,2.066666666666667,8.766666666666667
68476,738363.7041,3.8666666666666667,15.666666666666666,2.1,8.8
68477,738363.7079,3.8666666666666667,15.666666666666666,2.1,8.8
68478,738363.7102,3.933333333333333,15.733333333333333,2.1333333333333333,8.833333333333334
68479,738363.7207,4.0,15.8,2.1666666666666665,8.866666666666667
68480,738363.7213,4.0,15.8,2.1666666666666665,8.866666666666667
68481,738363.7221,4.066666666666666,15.933333333333334,2.3333333333333335,8.933333333333334
68482,738363.7229,4.133333333333334,16.0,2.3333333333333335,8.966666666666667
68483,738363.7241,4.2,16.0,2.2666666666666666,8.966666666666667
68485,738363.7367,4.266666666666667,16.066666666666666,2.3,9.0
68486,738363.7386,4.266666666666667,16.066666666666666,2.3,9.0
68487,738363.7399,4.266666666666667,16.066666666666666,2.3,9.0
68489,738363.7569,4.266666666666667,16.066666666666666,2.3,9.0
68490,738363.7692,4.266666666666667,16.066666666666666,2.3,9.0
68491,738363.7859,4.266666666666667,16.066666666666666,2.3,9.0
68492,738363.7861,4.333333333333333,16.133333333333333,2.3333333333333335,9.033333333333333
68493,738363.79,4.333333333333333,16.133333333333333,2.3333333333333335,9.033333333333333
68494,738363.7903,4.4,16.2,2.3666666666666667,9.066666666666666
68496,738363.7938,4.4,16.2,2.3666666666666667,9.066666666666666
68497,738363.8205,4.466666666666667,16.266666666666666,2.4,9.1
68498,738363.8254,16.2,16.333333333333332,8.733333333333333,9.133333333333333
68499,738363.8274,4.6,16.466666666666665,2.466666666666667,9.2
68502,738363.8373,4.6,16.466666666666665,2.466666666666667,9.2
68503,738363.8404,4.6,16.466666666666665,2.466666666666667,9.2
68504,738363.8446,4.666666666666667,16.466666666666665,2.5,9.2
68505,738363.8465,4.733333333333333,16.6,2.533333333333333,9.266666666666667
68506,738363.8505,4.733333333333333,16.6,2.533333333333333,9.266666666666667
68507,738363.8533,4.733333333333333,16.6,2.533333333333333,9.266666666666667
68508,738363.8537,4.733333333333333,16.6,2.533333333333333,9.266666666666667
68509,738363.8586,4.733333333333333,16.6,2.533333333333333,9.266666666666667
68510,738363.8591,4.733333333333333,16.6,2.533333333333333,9.266666666666667
68512,738363.8829,4.733333333333333,16.6,2.533333333333333,9.266666666666667
68513,738363.8908,4.733333333333333,16.6,2.533333333333333,9.266666666666667
68514,738363.8971,4.733333333333333,16.6,2.533333333333333,9.266666666666667
68515,738363.8993,4.8,16.6,2.566666666666667,9.266666666666667
68516,738363.9098,4.8,16.6,2.566666666666667,9.266666666666667
68519,738363.9469,4.8,16.6,2.566666666666667,9.266666666666667
68520,738363.949,4.8,16.6,2.566666666666667,9.266666666666667
68522,738363.97,4.8,16.6,2.566666666666667,9.266666666666667
68524,738363.9926,4.8,16.6,2.566666666666667,9.266666666666667
68526,738364.0217,4.8,16.6,2.566666666666667,9.266666666666667
68527,738364.03,4.8,16.6,2.566666666666667,9.266666666666667
68528,738364.0456,4.8,16.6,2.566666666666667,9.266666666666667
68529,738364.0481,4.8,16.6,2.566666666666667,9.266666666666667
68530,738364.0495,4.8,16.6,2.566666666666667,9.266666666666667
68531,738364.0512,4.8,16.6,2.566666666666667,9.266666666666667
68533,738364.07,4.8,16.6,2.566666666666667,9.266666666666667
68534,738364.0749,1.3333333333333333,1.3333333333333333,0.6666666666666666,0.6666666666666666
68535,738364.0888,1.3333333333333333,1.3333333333333333,0.6666666666666666,0.6666666666666666
68537,738364.1007,4.866666666666666,16.733333333333334,2.6666666666666665,9.333333333333334
68538,738364.1018,4.866666666666666,16.733333333333334,2.6666666666666665,9.333333333333334
68539,738364.1038,4.866666666666666,16.733333333333334,2.6666666666666665,9.333333333333334
68540,738364.1067,4.866666666666666,16.733333333333334,2.6666666666666665,9.333333333333334
68541,738364.1282,4.933333333333334,16.733333333333334,2.6333333333333333,9.333333333333334
68542,738364.1326,4.933333333333334,16.733333333333334,2.6333333333333333,9.333333333333334
68543,738364.1337,4.933333333333334,16.733333333333334,2.6333333333333333,9.333333333333334
68544,738364.1426,4.933333333333334,16.733333333333334,2.6333333333333333,9.333333333333334
68546,738364.151,4.933333333333334,16.733333333333334,2.6333333333333333,9.333333333333334
68547,738364.1515,4.933333333333334,16.733333333333334,2.6333333333333333,9.333333333333334
68548,738364.1517,4.933333333333334,16.733333333333334,2.6333333333333333,9.333333333333334
68549,738364.1535,4.933333333333334,16.733333333333334,2.6333333333333333,9.333333333333334
68550,738364.181,4.933333333333334,16.733333333333334,2.6333333333333333,9.333333333333334
68551,738364.2164,5.0,16.8,2.6666666666666665,9.366666666666667
68552,738364.2248,5.0,16.8,2.6666666666666665,9.366666666666667
68553,738364.2257,5.0,16.8,2.6666666666666665,9.366666666666667
68554,738364.2345,5.0,16.8,2.6666666666666665,9.366666666666667
68555,738364.2642,5.0,16.8,2.6666666666666665,9.366666666666667
68556,738364.2659,5.0,16.8,2.6666666666666665,9.366666666666667
68558,738364.3071,5.0,16.8,2.6666666666666665,9.366666666666667
68559,738364.31,5.0,16.8,2.6666666666666665,9.366666666666667
68560,738364.3568,5.0,16.8,2.6666666666666665,9.366666666666667
68569,738364.3992,5.066666666666666,16.666666666666668,2.7,9.4
68573,738364.4321,5.066666666666666,16.666666666666668,2.7,9.4
68575,738364.4413,5.066666666666666,16.666666666666668,2.7,9.4
68577,738364.4471,5.066666666666666,16.666666666666668,2.7,9.4
68580,738364.4607,5.066666666666666,16.666666666666668,2.7,9.4
68582,738364.4763,5.066666666666666,16.666666666666668,2.7,9.4
68586,738364.5234,5.066666666666666,16.666666666666668,2.7,9.4
68589,738364.5565,5.066666666666666,16.666666666666668,2.7,9.4
68590,738364.5619,5.066666666666666,16.666666666666668,2.7,9.4
68592,738364.6209,5.133333333333334,16.733333333333334,2.8666666666666667,9.466666666666667
68594,738364.6434,5.133333333333334,16.733333333333334,2.8666666666666667,9.466666666666667
68596,738364.7168,5.133333333333334,16.733333333333334,2.8666666666666667,9.466666666666667
68598,738364.7376,5.133333333333334,16.733333333333334,2.8666666666666667,9.466666666666667
68599,738364.7436,5.2,15.133333333333333,2.7666666666666666,9.5
68601,738364.7468,5.2,15.133333333333333,2.7666666666666666,9.5
68603,738364.7727,5.2,15.133333333333333,2.7666666666666666,9.5
68604,738364.7778,5.2,15.133333333333333,2.7666666666666666,9.5
68605,738364.7814,5.266666666666667,14.533333333333333,2.8,9.5
68607,738364.7982,5.266666666666667,14.533333333333333,2.8,9.5
68608,738364.7995,5.266666666666667,14.533333333333333,2.8,9.5
68612,738364.8813,5.266666666666667,14.533333333333333,2.8,9.5
68613,738364.8826,5.266666666666667,14.533333333333333,2.8,9.5
68614,738364.8945,5.266666666666667,14.533333333333333,2.8,9.5
68615,738364.9151,5.266666666666667,14.533333333333333,2.8,9.5
68616,738364.9293,5.266666666666667,14.533333333333333,2.8,9.5
68617,738364.9379,5.266666666666667,14.533333333333333,2.8,9.5
68618,738364.9466,5.266666666666667,14.533333333333333,2.8,9.5
68619,738364.953,5.266666666666667,14.533333333333333,2.8,9.5
68620,738364.958,5.266666666666667,14.533333333333333,2.8,9.5
68621,738364.962,5.266666666666667,14.533333333333333,2.8,9.5
68623,738364.9668,5.266666666666667,14.533333333333333,2.8,9.5
68624,738365.0009,5.266666666666667,14.533333333333333,2.8,9.5
68625,738365.0029,5.266666666666667,14.533333333333333,2.8,9.5
68628,738365.0232,5.266666666666667,14.533333333333333,2.8,9.5
68629,738365.0244,5.266666666666667,14.533333333333333,2.8,9.5
68630,738365.0251,5.266666666666667,14.533333333333333,2.8,9.5
68631,738365.0265,5.266666666666667,14.533333333333333,2.8,9.5
68632,738365.0402,5.266666666666667,14.533333333333333,2.8,9.5
68633,738365.0421,5.266666666666667,14.533333333333333,2.8,9.5
68634,738365.044,5.266666666666667,14.533333333333333,2.8,9.5
68638,738365.0672,5.266666666666667,14.533333333333333,2.8,9.5
68640,738365.0872,5.266666666666667,14.533333333333333,2.8,9.5
68641,738365.0925,5.333333333333333,12.2,2.8333333333333335,9.533333333333333
68644,738365.1153,5.333333333333333,12.2,2.8333333333333335,9.533333333333333
68647,738365.1346,5.333333333333333,12.2,2.8333333333333335,9.533333333333333
68649,738365.1956,5.4,12.133333333333333,2.8666666666666667,9.566666666666666
68656,738365.2665,5.4,12.133333333333333,2.8666666666666667,9.566666666666666
68658,738365.2762,5.466666666666667,11.933333333333334,2.9,9.6
68660,738365.2886,5.466666666666667,11.933333333333334,2.9,9.6
68661,738365.3078,5.466666666666667,11.933333333333334,2.9,9.6
68662,738365.3281,5.466666666666667,11.933333333333334,2.9,9.6
68664,738365.3481,5.466666666666667,11.933333333333334,2.9,9.6
68667,738365.387,5.466666666666667,11.933333333333334,2.9,9.6
68669,738365.3949,5.466666666666667,11.933333333333334,2.9,9.6
68673,738365.4337,5.533333333333333,11.866666666666667,2.933333333333333,9.633333333333333
68674,738365.4378,1.3333333333333333,9.6,0.6666666666666666,7.633333333333334
68676,738365.4644,1.3333333333333333,9.6,0.6666666666666666,7.633333333333334
68679,738365.5504,11.533333333333333,11.733333333333333,9.233333333333333,9.666666666666666
68682,738365.5667,5.666666666666667,11.733333333333333,3.0,9.7
68683,738365.5761,5.733333333333333,11.6,3.033333333333333,9.733333333333333
68684,738365.5768,11.466666666666667,11.666666666666666,9.333333333333334,9.766666666666667
68685,738365.5939,11.466666666666667,11.666666666666666,9.333333333333334,9.766666666666667
68687,738365.603,5.866666666666666,11.533333333333333,3.1,9.8
68688,738365.6411,5.866666666666666,11.533333333333333,3.1,9.8
68689,738365.6675,5.933333333333334,11.6,3.1333333333333333,9.833333333333334
68690,738365.7117,5.933333333333334,11.6,3.1333333333333333,9.833333333333334
68691,738365.7261,5.933333333333334,11.6,3.1333333333333333,9.833333333333334
68692,738365.7295,6.0,11.666666666666666,3.1666666666666665,9.866666666666667
68693,738365.7315,6.0,11.666666666666666,3.1666666666666665,9.866666666666667
68694,738365.7451,6.0,11.666666666666666,3.1666666666666665,9.866666666666667
68695,738365.7468,6.0,11.666666666666666,3.1666666666666665,9.866666666666667
68696,738365.7859,6.0,11.666666666666666,3.1666666666666665,9.866666666666667
68697,738365.7956,6.0,11.666666666666666,3.1666666666666665,9.866666666666667
68699,738365.8279,6.0,11.666666666666666,3.1666666666666665,9.866666666666667
68700,738365.9022,6.0,11.666666666666666,3.1666666666666665,9.866666666666667
68701,738365.9079,6.0,11.666666666666666,3.1666666666666665,9.866666666666667
68703,738365.932,6.0,11.666666666666666,3.1666666666666665,9.866666666666667
68704,738365.9462,6.0,11.666666666666666,3.1666666666666665,9.866666666666667
68705,738365.9524,6.0,11.666666666666666,3.1666666666666665,9.866666666666667
68708,738366.019,6.0,11.666666666666666,3.1666666666666665,9.866666666666667
68709,738366.0222,6.0,11.666666666666666,3.1666666666666665,9.866666666666667
68710,738366.0233,6.0,11.666666666666666,3.1666666666666665,9.866666666666667
68711,738366.0263,6.0,11.666666666666666,3.1666666666666665,9.866666666666667
68712,738366.097,6.0,11.666666666666666,3.1666666666666665,9.866666666666667
68713,738366.0998,6.0,11.666666666666666,3.1666666666666665,9.866666666666667
68714,738366.1236,6.0,11.666666666666666,3.1666666666666665,9.866666666666667
68717,738366.1724,6.0,11.666666666666666,3.1666666666666665,9.866666666666667
68721,738366.2452,6.0,11.666666666666666,3.1666666666666665,9.866666666666667
68727,738366.3007,6.0,11.666666666666666,3.1666666666666665,9.866666666666667
68735,738366.4237,6.0,11.666666666666666,3.1666666666666665,9.866666666666667
68736,738366.4308,6.0,11.666666666666666,3.1666666666666665,9.866666666666667
68737,738366.431,6.0,11.666666666666666,3.1666666666666665,9.866666666666667
68739,738366.4379,6.0,11.666666666666666,3.1666666666666665,9.866666666666667
68740,738366.4538,6.066666666666666,11.133333333333333,3.2,9.9
68743,738366.4663,6.066666666666666,11.133333333333333,3.2,9.9
68744,738366.4703,6.066666666666666,11.133333333333333,3.2,9.9
68745,738366.4783,6.066666666666666,11.133333333333333,3.2,9.9
68750,738366.5207,6.133333333333334,10.666666666666666,3.2333333333333334,9.933333333333334
68755,738366.6504,6.2,10.2,3.2666666666666666,9.966666666666667
68758,738366.7091,6.2,10.2,3.2666666666666666,9.966666666666667
68759,738366.7234,6.266666666666667,10.133333333333333,3.3,10.033333333333333
68760,738366.7258,6.266666666666667,10.133333333333333,3.3,10.033333333333333
68762,738366.76,6.266666666666667,10.133333333333333,3.3,10.033333333333333
68766,738366.786,6.333333333333333,10.066666666666666,3.3666666666666667,10.066666666666666
68765,738366.786,6.133333333333334,9.933333333333334,3.1333333333333333,9.9
68767,738366.788,6.133333333333334,9.933333333333334,3.1333333333333333,9.9
68768,738366.7891,6.133333333333334,9.933333333333334,3.1333333333333333,9.9
68769,738366.8019,6.533333333333333,10.133333333333333,3.5,10.133333333333333
68770,738366.8046,6.533333333333333,10.133333333333333,3.5,10.133333333333333
68771,738366.8075,6.533333333333333,10.133333333333333,3.5,10.133333333333333
68772,738366.8192,6.533333333333333,10.133333333333333,3.5,10.133333333333333
68773,738366.8248,6.533333333333333,10.133333333333333,3.5,10.133333333333333
68774,738366.8273,6.533333333333333,10.133333333333333,3.5,10.133333333333333
68775,738366.8282,6.533333333333333,10.133333333333333,3.5,10.133333333333333
68776,738366.8463,6.533333333333333,10.133333333333333,3.5,10.133333333333333
68778,738366.8736,6.533333333333333,10.133333333333333,3.5,10.133333333333333
68779,738366.8803,6.533333333333333,10.133333333333333,3.5,10.133333333333333
68780,738366.8933,6.533333333333333,10.133333333333333,3.5,10.133333333333333
68781,738366.8937,6.533333333333333,10.0,3.433333333333333,10.133333333333333
68782,738366.9092,6.6,10.066666666666666,3.466666666666667,10.2
68783,738366.914,6.6,10.066666666666666,3.466666666666667,10.2
68784,738366.9284,6.6,10.066666666666666,3.466666666666667,10.2
68785,738366.9328,6.6,10.066666666666666,3.466666666666667,10.2
68786,738366.9575,6.6,10.066666666666666,3.466666666666667,10.2
68787,738366.9634,6.666666666666667,10.0,3.5,10.2
68789,738366.973,6.666666666666667,10.0,3.5,10.2
68791,738366.9786,6.666666666666667,10.0,3.5,10.2
68792,738366.9825,6.666666666666667,10.0,3.5,10.2
68793,738366.9906,6.666666666666667,10.0,3.5,10.2
68796,738367.0514,6.666666666666667,10.0,3.5,10.2
68797,738367.0554,6.733333333333333,9.733333333333333,3.533333333333333,10.266666666666667
68799,738367.064,6.733333333333333,9.733333333333333,3.533333333333333,10.266666666666667
68802,738367.0753,6.733333333333333,9.733333333333333,3.533333333333333,10.266666666666667
68803,738367.1208,6.733333333333333,9.733333333333333,3.533333333333333,10.266666666666667
68804,738367.1294,6.733333333333333,9.733333333333333,3.533333333333333,10.266666666666667
68805,738367.1315,6.733333333333333,9.733333333333333,3.533333333333333,10.266666666666667
68806,738367.1367,6.733333333333333,9.733333333333333,3.533333333333333,10.266666666666667
68807,738367.1463,6.733333333333333,9.733333333333333,3.533333333333333,10.266666666666667
68808,738367.1807,6.733333333333333,9.733333333333333,3.533333333333333,10.266666666666667
68809,738367.1857,6.733333333333333,9.733333333333333,3.533333333333333,10.266666666666667
68812,738367.2316,6.733333333333333,9.733333333333333,3.533333333333333,10.266666666666667
68813,738367.2375,6.733333333333333,9.733333333333333,3.533333333333333,10.266666666666667
68817,738367.3297,6.733333333333333,9.733333333333333,3.533333333333333,10.266666666666667
68818,738367.3343,6.733333333333333,9.733333333333333,3.533333333333333,10.266666666666667
68819,738367.3479,6.733333333333333,9.733333333333333,3.533333333333333,10.266666666666667
68821,738367.3577,6.733333333333333,9.733333333333333,3.533333333333333,10.266666666666667
68822,738367.3644,6.8,9.666666666666666,3.566666666666667,10.266666666666667
68829,738367.4565,6.8,9.666666666666666,3.566666666666667,10.266666666666667
68834,738367.5077,6.866666666666666,9.8,3.6,10.333333333333334
68835,738367.5124,6.866666666666666,9.8,3.6,10.333333333333334
68836,738367.5161,6.866666666666666,9.8,3.6,10.333333333333334
68837,738367.5202,6.866666666666666,9.8,3.6,10.333333333333334
68838,738367.5283,6.933333333333334,9.866666666666667,3.6333333333333333,10.366666666666667
68847,738367.6488,1.3333333333333333,1.3333333333333333,0.6666666666666666,0.6666666666666666
68848,738367.6556,1.3333333333333333,1.3333333333333333,0.6666666666666666,0.6666666666666666
68854,738367.7623,1.3333333333333333,1.3333333333333333,0.6666666666666666,0.6666666666666666
68856,738367.8211,7.0,9.066666666666666,3.7,10.4
68857,738367.8312,7.0,9.066666666666666,3.7,10.4
68860,738367.8889,7.0,9.066666666666666,3.7,10.4
68862,738367.8959,7.0,9.066666666666666,3.7,10.4
68863,738367.955,7.066666666666666,9.066666666666666,3.7,10.4
68864,738367.9688,7.066666666666666,9.066666666666666,3.7,10.4
68866,738368.0094,1.3333333333333333,2.1333333333333333,0.6666666666666666,6.7
68868,738368.0266,7.133333333333334,9.066666666666666,3.7333333333333334,10.433333333333334
68869,738368.0317,7.133333333333334,9.066666666666666,3.7333333333333334,10.433333333333334
68870,738368.0586,7.2,9.133333333333333,3.8,10.5
68871,738368.0702,7.2,9.133333333333333,3.8,10.5
68872,738368.0809,7.266666666666667,9.133333333333333,3.7666666666666666,10.466666666666667
68873,738368.0818,7.333333333333333,9.2,3.8,10.5
68874,738368.084,7.333333333333333,9.2,3.8,10.5
68875,738368.0892,7.4,9.266666666666667,3.8333333333333335,10.533333333333333
68876,738368.1008,7.466666666666667,9.333333333333334,3.8666666666666667,10.566666666666666
68877,738368.102,7.466666666666667,9.333333333333334,3.8666666666666667,10.566666666666666
68878,738368.1022,7.466666666666667,9.333333333333334,3.8666666666666667,10.566666666666666
68879,738368.1142,7.466666666666667,9.333333333333334,3.8666666666666667,10.566666666666666
68881,738368.1295,7.466666666666667,9.333333333333334,3.8666666666666667,10.566666666666666
68885,738368.1516,7.466666666666667,9.333333333333334,3.8666666666666667,10.566666666666666
68886,738368.1555,7.466666666666667,9.333333333333334,3.8666666666666667,10.566666666666666
68888,738368.1702,7.466666666666667,9.333333333333334,3.8666666666666667,10.566666666666666
68889,738368.1949,7.533333333333333,9.466666666666667,3.933333333333333,10.633333333333333
68893,738368.245,7.533333333333333,9.466666666666667,3.933333333333333,10.633333333333333
68896,738368.2551,7.533333333333333,9.466666666666667,3.933333333333333,10.633333333333333
68899,738368.2859,7.533333333333333,9.466666666666667,3.933333333333333,10.633333333333333
68900,738368.294,7.6,9.466666666666667,3.9,10.6
68901,738368.2973,7.6,9.466666666666667,3.9,10.6
68904,738368.3405,7.6,9.466666666666667,3.9,10.6
68916,738368.4804,2.066666666666667,9.533333333333333,6.566666666666666,10.566666666666666
68922,738368.628,2.066666666666667,9.533333333333333,6.566666666666666,10.566666666666666
68927,738368.6811,2.0,9.4,6.6,10.566666666666666
68928,738368.7263,2.0,9.4,6.6,10.566666666666666
68929,738368.7403,7.666666666666667,9.466666666666667,3.9,10.666666666666666
68935,738368.8245,7.666666666666667,9.466666666666667,3.9,10.666666666666666
68941,738368.9675,7.666666666666667,9.466666666666667,3.9,10.666666666666666
68942,738368.9996,7.666666666666667,9.466666666666667,3.9,10.666666666666666
68943,738369.0149,7.733333333333333,9.4,3.933333333333333,10.7
68944,738369.0165,7.733333333333333,9.4,3.933333333333333,10.7
68945,738369.0188,7.733333333333333,9.4,3.933333333333333,10.7
68946,738369.0205,7.733333333333333,9.4,3.933333333333333,10.7
68949,738369.0324,7.733333333333333,9.4,3.933333333333333,10.7
68951,738369.0484,7.733333333333333,9.4,3.933333333333333,10.7
68952,738369.0569,7.733333333333333,9.4,3.933333333333333,10.7
68953,738369.0597,7.8,9.466666666666667,3.966666666666667,10.733333333333333
68954,738369.0642,7.8,9.466666666666667,3.966666666666667,10.733333333333333
68955,738369.0669,7.8,9.466666666666667,3.966666666666667,10.733333333333333
68956,738369.0719,7.8,9.466666666666667,3.966666666666667,10.733333333333333
68957,738369.0792,7.8,9.466666666666667,3.966666666666667,10.733333333333333
68958,738369.0849,7.8,9.466666666666667,3.966666666666667,10.733333333333333
68959,738369.0981,7.8,9.466666666666667,3.966666666666667,10.733333333333333
68960,738369.1083,7.8,9.466666666666667,3.966666666666667,10.733333333333333
68961,738369.1196,7.866666666666666,9.533333333333333,4.0,10.766666666666667
68962,738369.1595,7.866666666666666,9.533333333333333,4.0,10.766666666666667
68964,738369.1704,7.866666666666666,9.533333333333333,4.0,10.766666666666667
68965,738369.2007,7.866666666666666,9.533333333333333,4.0,10.766666666666667
68966,738369.2087,7.866666666666666,9.533333333333333,4.0,10.766666666666667
68967,738369.2253,7.866666666666666,9.533333333333333,4.0,10.766666666666667
68968,738369.2285,7.866666666666666,9.533333333333333,4.0,10.766666666666667
68969,738369.2346,7.866666666666666,9.533333333333333,4.0,10.766666666666667
68975,738369.3447,7.866666666666666,9.533333333333333,4.0,10.766666666666667
68980,738369.382,7.933333333333334,9.6,4.033333333333333,10.8
68986,738369.4293,7.933333333333334,9.6,4.033333333333333,10.8
68992,738369.5076,7.933333333333334,9.6,4.033333333333333,10.8
68993,738369.5278,1.3333333333333333,1.3333333333333333,0.6666666666666666,0.6666666666666666
68997,738369.5702,1.3333333333333333,1.3333333333333333,0.6666666666666666,0.6666666666666666
68999,738369.6405,8.0,9.666666666666666,4.066666666666666,10.833333333333334
69002,738369.7663,8.066666666666666,9.666666666666666,4.1,10.866666666666667
69003,738369.7667,8.066666666666666,9.666666666666666,4.1,10.866666666666667
69004,738369.7691,8.066666666666666,9.666666666666666,4.1,10.866666666666667
69005,738369.7714,8.066666666666666,9.666666666666666,4.1,10.866666666666667
69006,738369.7888,8.066666666666666,9.666666666666666,4.1,10.866666666666667
69007,738369.8033,8.133333333333333,9.666666666666666,4.133333333333334,10.866666666666667
69008,738369.8232,8.2,9.733333333333333,4.166666666666667,10.9
69009,738369.8324,8.2,9.733333333333333,4.166666666666667,10.9
69011,738369.869,8.2,9.733333333333333,4.166666666666667,10.9
69014,738369.8865,8.2,9.733333333333333,4.166666666666667,10.9
69019,738369.9938,8.2,9.733333333333333,4.166666666666667,10.9
69020,738370.0079,1.3333333333333333,1.3333333333333333,0.6666666666666666,0.6666666666666666
69021,738370.0085,1.3333333333333333,1.3333333333333333,0.6666666666666666,0.6666666666666666
69024,738370.0507,1.3333333333333333,1.3333333333333333,0.6666666666666666,0.6666666666666666
69025,738370.0888,1.3333333333333333,1.3333333333333333,0.6666666666666666,0.6666666666666666
69030,738370.1236,1.3333333333333333,1.3333333333333333,0.6666666666666666,0.6666666666666666
69035,738370.167,1.3333333333333333,1.3333333333333333,0.6666666666666666,0.6666666666666666
69037,738370.1863,1.3333333333333333,1.3333333333333333,0.6666666666666666,0.6666666666666666
69039,738370.2634,1.3333333333333333,1.3333333333333333,0.6666666666666666,0.6666666666666666
69051,738370.4374,1.3333333333333333,1.3333333333333333,0.6666666666666666,0.6666666666666666
69052,738370.4506,8.266666666666667,9.6,4.233333333333333,10.966666666666667
69053,738370.4696,8.266666666666667,9.6,4.233333333333333,10.966666666666667
69056,738370.5168,8.266666666666667,9.6,4.233333333333333,10.966666666666667
69061,738370.6279,8.266666666666667,9.6,4.233333333333333,10.966666666666667
69062,738370.6507,8.266666666666667,9.6,4.233333333333333,10.966666666666667
69063,738370.6588,8.266666666666667,9.6,4.233333333333333,10.966666666666667
69064,738370.6711,8.266666666666667,9.6,4.233333333333333,10.966666666666667
69069,738370.8148,8.266666666666667,9.6,4.233333333333333,10.966666666666667
69070,738370.8327,8.266666666666667,9.6,4.233333333333333,10.966666666666667
69071,738370.8386,8.266666666666667,9.6,4.233333333333333,10.966666666666667
69078,738370.9308,8.333333333333334,9.466666666666667,4.2,10.9
69077,738370.9308,9.4,9.533333333333333,10.366666666666667,10.933333333333334
69080,738371.0428,9.4,9.533333333333333,10.366666666666667,10.933333333333334
69081,738371.0462,9.4,9.533333333333333,10.366666666666667,10.933333333333334
69082,738371.0588,9.4,9.533333333333333,10.366666666666667,10.933333333333334
69089,738371.2628,9.4,9.533333333333333,10.366666666666667,10.933333333333334
69092,738371.3028,9.4,9.533333333333333,10.366666666666667,10.933333333333334
69103,738371.4384,9.4,9.533333333333333,10.366666666666667,10.933333333333334
69104,738371.4497,8.4,9.533333333333333,4.266666666666667,10.9
69105,738371.4516,8.4,9.533333333333333,4.266666666666667,10.9
69110,738371.5341,8.466666666666667,9.533333333333333,4.3,10.9
69112,738371.5524,8.533333333333333,9.666666666666666,4.333333333333333,10.966666666666667
69116,738371.6754,8.533333333333333,9.666666666666666,4.333333333333333,10.966666666666667
69130,738372.055,8.533333333333333,9.666666666666666,4.333333333333333,10.966666666666667
69132,738372.1705,8.533333333333333,9.666666666666666,4.333333333333333,10.966666666666667
69140,738372.3178,8.533333333333333,9.666666666666666,4.333333333333333,10.966666666666667
69141,738372.3538,1.3333333333333333,9.533333333333333,6.566666666666666,10.933333333333334
69150,738372.4041,1.3333333333333333,9.6,6.6,10.966666666666667
69153,738372.4544,8.6,9.666666666666666,4.366666666666666,11.033333333333333
69162,738372.7086,8.6,9.666666666666666,4.366666666666666,11.033333333333333
69164,738372.7225,8.6,9.666666666666666,4.366666666666666,11.033333333333333
69165,738372.7921,8.6,9.666666666666666,4.366666666666666,11.033333333333333
69168,738372.9116,8.6,9.666666666666666,4.366666666666666,11.033333333333333
69171,738372.9794,8.6,9.666666666666666,4.366666666666666,11.033333333333333
69173,738373.018,8.6,9.666666666666666,4.366666666666666,11.033333333333333
69174,738373.0212,8.6,9.666666666666666,4.366666666666666,11.033333333333333
69179,738373.1009,8.6,9.666666666666666,4.366666666666666,11.033333333333333
69191,738373.3345,8.666666666666666,9.8,4.433333333333334,11.1
69195,738373.4004,1.3333333333333333,9.733333333333333,6.633333333333334,10.9
69201,738373.4631,1.3333333333333333,9.733333333333333,6.633333333333334,10.9
69203,738373.514,1.3333333333333333,9.733333333333333,6.633333333333334,10.9
69218,738373.9911,1.3333333333333333,9.733333333333333,6.666666666666667,11.066666666666666
69219,738373.9993,1.3333333333333333,9.733333333333333,6.666666666666667,11.066666666666666
69220,738374.0125,1.3333333333333333,1.3333333333333333,0.6666666666666666,0.6666666666666666
69222,738374.0728,1.3333333333333333,1.3333333333333333,0.6666666666666666,0.6666666666666666
69223,738374.074,1.3333333333333333,1.3333333333333333,0.6666666666666666,0.6666666666666666
69232,738374.3902,1.3333333333333333,1.3333333333333333,0.6666666666666666,0.6666666666666666
69234,738374.4172,1.3333333333333333,1.3333333333333333,0.6666666666666666,0.6666666666666666
69235,738374.4216,1.3333333333333333,1.3333333333333333,0.6666666666666666,0.6666666666666666
69236,738374.4287,1.3333333333333333,1.3333333333333333,0.6666666666666666,0.6666666666666666
69238,738374.6925,8.733333333333333,9.666666666666666,4.433333333333334,11.1
69242,738374.8005,8.733333333333333,9.666666666666666,4.433333333333334,11.1
69252,738375.0904,8.733333333333333,9.666666666666666,4.433333333333334,11.1
69264,738375.3453,8.666666666666666,9.466666666666667,4.466666666666667,11.133333333333333
69274,738375.4291,8.666666666666666,9.466666666666667,4.466666666666667,11.133333333333333
69289,738375.7798,1.3333333333333333,1.3333333333333333,0.6666666666666666,0.6666666666666666
69294,738375.8387,8.533333333333333,9.333333333333334,4.5,11.166666666666666
69300,738375.9609,8.533333333333333,9.333333333333334,4.5,11.166666666666666
69303,738376.0946,8.533333333333333,9.333333333333334,4.5,11.166666666666666
69304,738376.1238,8.533333333333333,9.333333333333334,4.5,11.166666666666666
69305,738376.1931,8.533333333333333,9.333333333333334,4.5,11.166666666666666
69306,738376.2103,8.533333333333333,9.333333333333334,4.5,11.166666666666666
69326,738376.6425,8.866666666666667,9.266666666666667,10.833333333333334,11.266666666666667
69328,738376.6477,8.466666666666667,9.266666666666667,4.566666666666666,11.233333333333333
69332,738376.7319,8.533333333333333,9.333333333333334,4.6,11.266666666666667
69333,738376.7389,8.533333333333333,9.333333333333334,4.6,11.266666666666667
69336,738376.8284,8.6,9.4,4.633333333333334,11.3
69337,738376.8561,8.666666666666666,9.466666666666667,4.666666666666667,11.333333333333334
69343,738376.91,8.666666666666666,9.466666666666667,4.666666666666667,11.333333333333334
69344,738376.9302,8.666666666666666,9.466666666666667,4.666666666666667,11.333333333333334
69345,738376.9515,8.666666666666666,9.466666666666667,4.7,11.366666666666667
69356,738377.1669,1.3333333333333333,9.266666666666667,0.6666666666666666,5.166666666666667
69385,738377.9085,1.3333333333333333,1.3333333333333333,0.6666666666666666,0.6666666666666666
69387,738377.9821,1.3333333333333333,1.3333333333333333,0.6666666666666666,0.6666666666666666
69391,738378.0256,6.933333333333334,7.8,4.733333333333333,11.3
69400,738378.1482,6.933333333333334,7.8,4.733333333333333,11.3
69431,738378.863,6.933333333333334,7.8,4.733333333333333,11.3
69433,738378.961,6.933333333333334,7.8,4.733333333333333,11.3
69446,738379.4588,6.933333333333334,7.8,4.733333333333333,11.3
69454,738379.6708,6.933333333333334,7.8,4.733333333333333,11.3
69458,738379.7003,6.933333333333334,7.8,4.733333333333333,11.3
69460,738379.7968,6.933333333333334,7.8,4.733333333333333,11.3
69461,738379.8177,6.933333333333334,7.8,4.733333333333333,11.3
69464,738379.9096,6.933333333333334,7.8,4.733333333333333,11.3
69474,738380.1602,4.133333333333334,4.666666666666667,4.733333333333333,8.466666666666667
69475,738380.1611,4.2,4.733333333333333,4.766666666666667,8.5
69476,738380.1621,4.2,4.733333333333333,4.766666666666667,8.5
69477,738380.1628,4.266666666666667,4.8,4.8,8.5
69479,738380.1737,4.266666666666667,4.8,4.8,8.5
69480,738380.1797,4.333333333333333,4.866666666666666,4.833333333333333,8.5
69481,738380.1842,4.333333333333333,4.866666666666666,4.833333333333333,8.5
69482,738380.1849,4.333333333333333,4.866666666666666,4.833333333333333,8.5
69484,738380.198,4.4,4.866666666666666,4.9,8.533333333333333
69487,738380.2652,4.4,4.866666666666666,4.9,8.533333333333333
69491,738380.3283,4.4,4.866666666666666,4.9,8.533333333333333
69492,738380.3456,4.333333333333333,4.866666666666666,4.9,8.366666666666667
69494,738380.3597,4.333333333333333,4.866666666666666,4.9,8.366666666666667
69501,738380.5139,4.333333333333333,4.866666666666666,4.9,8.366666666666667
69503,738380.5179,4.333333333333333,4.866666666666666,4.9,8.366666666666667
69504,738380.531,4.333333333333333,4.8,4.933333333333334,8.3
69509,738380.7534,4.333333333333333,4.8,4.933333333333334,8.3
69511,738380.7737,3.933333333333333,4.4,4.966666666666667,8.0
69512,738380.7794,1.3333333333333333,4.4,2.933333333333333,8.033333333333333
69514,738380.824,1.3333333333333333,4.4,2.933333333333333,8.033333333333333
69518,738380.9261,4.0,4.533333333333333,5.0,7.933333333333334
69523,738380.9882,4.066666666666666,4.6,5.033333333333333,7.966666666666667
69527,738381.1516,4.066666666666666,4.6,5.033333333333333,7.966666666666667
69528,738381.2067,4.066666666666666,4.6,5.033333333333333,7.966666666666667
69532,738381.2578,4.066666666666666,4.6,5.033333333333333,7.966666666666667
69533,738381.2697,4.133333333333334,4.666666666666667,5.066666666666666,8.0
69536,738381.4293,4.133333333333334,4.666666666666667,5.066666666666666,8.0
69544,738381.712,4.133333333333334,4.666666666666667,5.066666666666666,8.0
69546,738381.802,4.133333333333334,4.666666666666667,5.066666666666666,8.0
69554,738382.0366,4.133333333333334,4.666666666666667,5.066666666666666,8.0
69555,738382.0932,4.133333333333334,4.666666666666667,5.066666666666666,8.0
69574,738382.5157,4.133333333333334,4.666666666666667,5.066666666666666,8.0
69581,738382.8139,4.133333333333334,4.666666666666667,5.066666666666666,8.0
69585,738382.9586,3.1333333333333333,3.6666666666666665,5.1,6.366666666666666
69594,738383.0882,3.1333333333333333,3.6666666666666665,5.1,6.366666666666666
69595,738383.1409,3.1333333333333333,3.6666666666666665,5.1,6.366666666666666
69597,738383.1663,3.1333333333333333,3.6666666666666665,5.1,6.366666666666666
69624,738383.8705,2.6,3.0,5.133333333333334,6.166666666666667
69625,738383.8921,2.6,3.0,5.133333333333334,6.166666666666667
69626,738383.8927,2.6666666666666665,3.066666666666667,5.166666666666667,6.2
69628,738383.9328,2.7333333333333334,3.1333333333333333,5.2,6.233333333333333
69629,738383.9347,2.7333333333333334,3.1333333333333333,5.2,6.233333333333333
69630,738383.9483,2.7333333333333334,3.1333333333333333,5.2,6.233333333333333
69632,738383.9735,2.7333333333333334,3.1333333333333333,5.2,6.233333333333333
69635,738384.0083,2.7333333333333334,3.1333333333333333,5.2,6.233333333333333
69636,738384.0266,2.7333333333333334,3.1333333333333333,5.2,6.233333333333333
69637,738384.0269,2.7333333333333334,3.1333333333333333,5.2,6.233333333333333
69642,738384.0682,2.7333333333333334,3.1333333333333333,5.2,6.233333333333333
69644,738384.0787,2.6666666666666665,3.066666666666667,5.233333333333333,6.266666666666667
69645,738384.081,2.6666666666666665,3.066666666666667,5.233333333333333,6.266666666666667
69646,738384.1054,2.6666666666666665,3.066666666666667,5.233333333333333,6.266666666666667
69647,738384.1063,2.6666666666666665,3.066666666666667,5.233333333333333,6.266666666666667
69656,738384.3657,2.6666666666666665,3.066666666666667,5.233333333333333,6.266666666666667
69676,738384.6336,2.6666666666666665,3.066666666666667,5.233333333333333,6.266666666666667
69679,738384.7263,2.6666666666666665,3.066666666666667,5.233333333333333,6.266666666666667
69682,738384.81,2.6666666666666665,3.066666666666667,5.233333333333333,6.266666666666667
69683,738384.8459,2.6666666666666665,3.066666666666667,5.233333333333333,6.266666666666667
69684,738384.8969,2.6666666666666665,3.066666666666667,5.233333333333333,6.266666666666667
69685,738384.8999,2.6666666666666665,3.066666666666667,5.233333333333333,6.266666666666667
69686,738384.9495,2.6666666666666665,3.066666666666667,5.233333333333333,6.266666666666667
69692,738385.1506,2.6666666666666665,3.066666666666667,5.233333333333333,6.266666666666667
69703,738385.4138,2.6666666666666665,3.066666666666667,5.233333333333333,6.266666666666667
69705,738385.5457,2.2666666666666666,2.6666666666666665,5.266666666666667,6.1
69706,738385.561,2.2666666666666666,2.6666666666666665,5.266666666666667,6.1
69708,738385.7357,2.2666666666666666,2.6666666666666665,5.266666666666667,6.1
69711,738385.9089,2.3333333333333335,2.7333333333333334,5.3,6.066666666666666
69714,738386.0715,2.3333333333333335,2.7333333333333334,5.3,6.066666666666666
69717,738386.1436,2.3333333333333335,2.7333333333333334,5.3,6.066666666666666
69721,738386.2354,2.3333333333333335,2.7333333333333334,5.3,6.066666666666666
69740,738386.4924,1.3333333333333333,1.3333333333333333,0.6666666666666666,0.6666666666666666
69743,738386.6897,1.3333333333333333,1.3333333333333333,0.6666666666666666,0.6666666666666666
69749,738386.9934,1.3333333333333333,1.3333333333333333,0.6666666666666666,0.6666666666666666
69761,738387.2943,1.3333333333333333,1.3333333333333333,0.6666666666666666,0.6666666666666666
69763,738387.3234,1.3333333333333333,2.6666666666666665,0.6666666666666666,6.133333333333334
69765,738387.3324,1.3333333333333333,2.6666666666666665,0.6666666666666666,6.133333333333334
69766,738387.3422,1.3333333333333333,1.3333333333333333,0.6666666666666666,0.6666666666666666
69774,738387.4653,1.3333333333333333,1.3333333333333333,0.6666666666666666,0.6666666666666666
69796,738387.9514,1.3333333333333333,1.3333333333333333,0.6666666666666666,0.6666666666666666
69811,738388.2275,1.3333333333333333,1.3333333333333333,0.6666666666666666,0.6666666666666666
69824,738388.7064,1.3333333333333333,1.3333333333333333,0.6666666666666666,0.6666666666666666
69834,738388.8766,1.9333333333333333,2.2,5.3,5.966666666666667
69876,738389.8017,1.3333333333333333,1.3333333333333333,0.6666666666666666,0.6666666666666666
69884,738390.0243,1.3333333333333333,1.3333333333333333,0.6666666666666666,0.6666666666666666
69892,738390.1664,1.3333333333333333,1.3333333333333333,0.6666666666666666,0.6666666666666666
69929,738390.842,1.3333333333333333,1.3333333333333333,0.6666666666666666,0.6666666666666666
69957,738391.4375,1.3333333333333333,1.3333333333333333,0.6666666666666666,0.6666666666666666
69961,738391.5641,1.3333333333333333,1.3333333333333333,0.6666666666666666,0.6666666666666666
69983,738392.2913,1.4,1.5333333333333334,4.566666666666666,5.066666666666666
69984,738392.3041,1.4,1.5333333333333334,4.566666666666666,5.066666666666666
69987,738392.3607,1.4,1.5333333333333334,4.566666666666666,5.066666666666666
69998,738392.5518,1.3333333333333333,1.8,0.6666666666666666,4.6
69999,738392.5651,1.3333333333333333,1.8,0.6666666666666666,4.6
70020,738393.5674,1.3333333333333333,1.8,0.6666666666666666,4.6
70026,738393.8538,1.3333333333333333,1.8,0.6666666666666666,4.6
70037,738394.3677,1.3333333333333333,1.8,0.6666666666666666,4.6
70070,738394.9838,1.3333333333333333,1.8,0.6666666666666666,4.6
70071,738394.9908,1.3333333333333333,1.8,0.6666666666666666,4.6
70082,738395.3113,1.3333333333333333,1.3333333333333333,2.6666666666666665,3.033333333333333
70083,738395.3159,1.3333333333333333,1.3333333333333333,2.6666666666666665,3.033333333333333
70084,738395.3177,1.3333333333333333,1.3333333333333333,2.7,3.066666666666667
70088,738395.3855,1.3333333333333333,1.3333333333333333,2.7,3.066666666666667
70095,738395.5828,1.3333333333333333,1.3333333333333333,2.7,3.066666666666667
70097,738395.6091,1.3333333333333333,1.3333333333333333,2.7,3.066666666666667
70107,738395.7848,1.3333333333333333,1.3333333333333333,2.7,3.066666666666667
70109,738395.804,1.3333333333333333,1.3333333333333333,2.7,3.066666666666667
70110,738395.8159,1.3333333333333333,1.3333333333333333,2.7,3.066666666666667
70117,738395.9141,1.3333333333333333,1.3333333333333333,2.7,3.066666666666667
70129,738396.3302,1.3333333333333333,1.3333333333333333,0.6666666666666666,3.033333333333333
70148,738396.77,1.3333333333333333,1.3333333333333333,0.6666666666666666,3.033333333333333
70182,738397.7821,1.3333333333333333,1.3333333333333333,0.6666666666666666,3.033333333333333
70183,738397.7846,1.3333333333333333,1.3333333333333333,0.6666666666666666,3.033333333333333
70187,738397.8922,1.3333333333333333,1.3333333333333333,0.6666666666666666,3.033333333333333
70189,738397.9451,1.3333333333333333,1.3333333333333333,1.9666666666666666,2.3333333333333335
70201,738398.1399,1.3333333333333333,1.3333333333333333,1.9666666666666666,2.3333333333333335
70207,738398.2918,1.3333333333333333,1.3333333333333333,1.7333333333333334,2.1
70208,738398.3138,1.3333333333333333,1.3333333333333333,1.7333333333333334,2.1
70238,738398.8366,1.3333333333333333,1.3333333333333333,1.7333333333333334,2.1
70272,738399.4818,1.3333333333333333,1.3333333333333333,1.7333333333333334,2.1
70287,738399.7492,1.3333333333333333,1.3333333333333333,1.5333333333333334,1.8333333333333333
70293,738399.8204,1.3333333333333333,1.3333333333333333,1.5333333333333334,1.8333333333333333
70322,738399.9528,1.3333333333333333,1.3333333333333333,1.5333333333333334,1.8333333333333333
70328,738399.9891,1.3333333333333333,1.3333333333333333,1.5333333333333334,1.8333333333333333
70331,738400.0168,1.3333333333333333,1.3333333333333333,0.6666666666666666,1.5333333333333334
70334,738400.0319,1.3333333333333333,1.3333333333333333,0.6666666666666666,1.5333333333333334
70336,738400.0359,1.3333333333333333,1.3333333333333333,0.6666666666666666,1.5333333333333334
70337,738400.0399,1.3333333333333333,1.3333333333333333,0.6666666666666666,1.5333333333333334
70348,738400.0754,1.3333333333333333,1.3333333333333333,0.6666666666666666,1.5333333333333334
70352,738400.0884,1.3333333333333333,1.3333333333333333,0.6666666666666666,1.5333333333333334
70362,738400.1274,1.3333333333333333,1.3333333333333333,0.6666666666666666,1.7
70387,738400.3592,1.3333333333333333,1.3333333333333333,0.6666666666666666,0.6666666666666666
70388,738400.3602,1.3333333333333333,1.3333333333333333,0.6666666666666666,0.6666666666666666
70392,738400.3774,1.3333333333333333,1.3333333333333333,0.6666666666666666,0.6666666666666666
70399,738400.4148,1.3333333333333333,1.3333333333333333,0.6666666666666666,0.6666666666666666
70400,738400.4238,1.3333333333333333,1.3333333333333333,0.6666666666666666,0.6666666666666666
70407,738400.56,1.3333333333333333,1.3333333333333333,1.4333333333333333,1.8
70416,738400.7436,1.3333333333333333,1.3333333333333333,1.4333333333333333,1.8
70421,738400.9372,1.3333333333333333,1.3333333333333333,1.4333333333333333,1.8
70422,738400.9735,1.3333333333333333,1.3333333333333333,1.4333333333333333,1.8
70434,738401.3271,1.3333333333333333,1.3333333333333333,0.6666666666666666,0.6666666666666666
70460,738401.8866,1.3333333333333333,1.3333333333333333,0.6666666666666666,0.6666666666666666
70466,738401.9969,1.3333333333333333,1.3333333333333333,0.6666666666666666,0.6666666666666666
70482,738402.7475,1.3333333333333333,1.3333333333333333,0.6666666666666666,0.6666666666666666
70486,738402.9857,1.3333333333333333,1.3333333333333333,0.6666666666666666,0.6666666666666666
70488,738403.0499,1.3333333333333333,1.3333333333333333,0.6666666666666666,0.6666666666666666
70504,738403.1971,1.3333333333333333,1.3333333333333333,1.2666666666666666,1.5666666666666667
70507,738403.3372,1.3333333333333333,1.3333333333333333,1.2666666666666666,1.5666666666666667
70524,738403.7801,1.3333333333333333,1.3333333333333333,1.2666666666666666,1.5666666666666667
70549,738404.7169,1.3333333333333333,1.3333333333333333,1.2666666666666666,1.5666666666666667
70553,738404.8291,1.3333333333333333,1.3333333333333333,0.6666666666666666,0.6666666666666666
70562,738405.1052,1.3333333333333333,1.3333333333333333,0.6666666666666666,1.6333333333333333
70564,738405.1137,1.3333333333333333,1.3333333333333333,1.3666666666666667,1.5666666666666667
70569,738405.2626,1.3333333333333333,1.3333333333333333,1.3333333333333333,1.6
70570,738405.3182,1.3333333333333333,1.3333333333333333,1.3,1.5666666666666667
70581,738405.4944,1.3333333333333333,1.3333333333333333,1.3,1.5666666666666667
70583,738405.585,1.3333333333333333,1.3333333333333333,1.3,1.5666666666666667
70594,738405.9795,1.3333333333333333,1.3333333333333333,0.6666666666666666,1.7
70598,738406.083,1.3333333333333333,1.3333333333333333,1.2666666666666666,1.5666666666666667
70602,738406.1239,1.3333333333333333,1.3333333333333333,1.3,1.6
70615,738406.4076,1.3333333333333333,1.3333333333333333,1.3,1.6
70616,738406.4135,1.3333333333333333,1.3333333333333333,1.3,1.6
70629,738406.8733,1.3333333333333333,1.3333333333333333,1.3,1.6
70630,738406.8851,1.3333333333333333,1.3333333333333333,1.3,1.6
70637,738407.0649,1.3333333333333333,1.3333333333333333,1.3,1.6
70640,738407.1364,1.3333333333333333,1.4,1.2,1.4666666666666666
70647,738407.3198,1.3333333333333333,1.4,1.2333333333333334,1.4666666666666666
70649,738407.3251,1.3333333333333333,1.4666666666666666,1.2666666666666666,1.5
70650,738407.34,1.3333333333333333,1.5333333333333334,1.3,1.5333333333333334
70672,738407.5993,1.3333333333333333,1.4666666666666666,0.6666666666666666,1.6333333333333333
70673,738407.6054,1.3333333333333333,1.4666666666666666,0.6666666666666666,1.6333333333333333
70674,738407.6723,1.3333333333333333,1.6,1.3333333333333333,1.6
70678,738407.7783,1.3333333333333333,1.6,1.3333333333333333,1.6
70685,738407.8914,1.3333333333333333,1.6,1.3333333333333333,1.6
70687,738407.9265,1.3333333333333333,1.6,1.3333333333333333,1.6
70697,738408.1984,1.3333333333333333,1.6,1.3333333333333333,1.6
70731,738408.7731,1.3333333333333333,1.6,1.3333333333333333,1.6
70744,738409.0437,1.3333333333333333,1.6,1.2666666666666666,1.5666666666666667
70745,738409.0445,1.3333333333333333,1.6666666666666667,1.3,1.6
70746,738409.0937,1.3333333333333333,1.6666666666666667,1.3,1.6
70748,738409.1046,1.3333333333333333,1.7333333333333334,1.3333333333333333,1.6333333333333333
70751,738409.1506,1.3333333333333333,1.7333333333333334,1.3333333333333333,1.6333333333333333
70755,738409.2373,1.3333333333333333,1.7333333333333334,1.3333333333333333,1.6333333333333333
70837,738409.9902,1.3333333333333333,1.7333333333333334,1.3333333333333333,1.6333333333333333
70839,738410.1918,1.3333333333333333,1.7333333333333334,1.3333333333333333,1.6333333333333333
70862,738410.8027,1.3333333333333333,1.6666666666666667,0.6666666666666666,1.4333333333333333
70866,738411.0363,1.3333333333333333,1.8666666666666667,0.6666666666666666,1.5
70874,738411.1373,1.3333333333333333,1.8,0.6666666666666666,1.4333333333333333
70890,738411.389,1.3333333333333333,1.8,0.6666666666666666,1.4333333333333333
70903,738411.7042,1.3333333333333333,1.8,0.6666666666666666,1.4333333333333333
70909,738411.8907,1.5333333333333334,1.9333333333333333,1.2,1.4666666666666666
70934,738412.4583,1.5333333333333334,1.9333333333333333,1.2,1.4666666666666666
70937,738412.5731,1.5333333333333334,1.9333333333333333,1.2,1.4666666666666666
70944,738412.7023,1.3333333333333333,1.8666666666666667,1.0333333333333334,1.4
70949,738412.8869,1.3333333333333333,1.8666666666666667,1.0333333333333334,1.4
70951,738412.9535,1.3333333333333333,1.8666666666666667,1.0333333333333334,1.4
70952,738412.9729,1.3333333333333333,1.8666666666666667,1.0333333333333334,1.4
70955,738413.0358,1.3333333333333333,1.3333333333333333,0.6666666666666666,0.6666666666666666
70956,738413.0362,1.3333333333333333,1.8666666666666667,1.0333333333333334,1.4
70957,738413.0396,1.3333333333333333,1.8666666666666667,1.0333333333333334,1.4
70966,738413.1535,1.3333333333333333,1.8666666666666667,1.0333333333333334,1.4
70988,738413.3785,1.3333333333333333,1.8666666666666667,1.0333333333333334,1.4
70991,738413.3979,1.3333333333333333,1.9333333333333333,0.6666666666666666,1.5666666666666667
70992,738413.4146,1.3333333333333333,1.9333333333333333,0.6666666666666666,1.5666666666666667
71017,738413.9825,1.3333333333333333,1.9333333333333333,0.6666666666666666,1.5666666666666667
71029,738414.4041,1.3333333333333333,1.8666666666666667,0.9333333333333333,1.3
71030,738414.4046,1.3333333333333333,1.8666666666666667,0.9333333333333333,1.3
71049,738415.0046,1.3333333333333333,1.8666666666666667,0.9333333333333333,1.3
71052,738415.0342,1.3333333333333333,1.8666666666666667,0.9333333333333333,1.3
71053,738415.0859,1.3333333333333333,1.8666666666666667,0.9333333333333333,1.3
71066,738415.3503,1.3333333333333333,1.3333333333333333,0.6666666666666666,0.7
71081,738415.676,1.3333333333333333,1.3333333333333333,0.6666666666666666,0.7
71087,738415.8983,1.3333333333333333,1.3333333333333333,0.6666666666666666,0.7
71090,738415.9412,1.3333333333333333,1.3333333333333333,0.6666666666666666,0.7
71092,738415.9832,1.3333333333333333,1.3333333333333333,0.6666666666666666,0.7
71095,738416.039,1.3333333333333333,1.3333333333333333,0.6666666666666666,0.7
71108,738416.3602,1.3333333333333333,1.7333333333333334,0.9,1.3
71122,738416.8679,1.3333333333333333,1.7333333333333334,0.9,1.3
71125,738416.901,1.3333333333333333,1.7333333333333334,0.9,1.3
71127,738416.927,1.3333333333333333,1.3333333333333333,0.6666666666666666,0.6666666666666666
71132,738417.1628,1.3333333333333333,1.3333333333333333,0.6666666666666666,0.6666666666666666
71151,738417.6865,1.3333333333333333,1.3333333333333333,0.6666666666666666,0.6666666666666666
71152,738417.7056,1.3333333333333333,1.6,0.6666666666666666,1.1333333333333333
71153,738417.7065,1.3333333333333333,1.6,0.6666666666666666,1.1333333333333333
71187,738418.4713,1.3333333333333333,1.9333333333333333,0.6666666666666666,1.4333333333333333
71213,738419.2069,1.3333333333333333,1.9333333333333333,0.6666666666666666,1.4333333333333333
71255,738420.0147,1.3333333333333333,1.9333333333333333,0.6666666666666666,1.4333333333333333
71276,738420.8014,1.3333333333333333,1.9333333333333333,0.6666666666666666,1.4333333333333333
71317,738421.9439,1.3333333333333333,1.3333333333333333,0.9333333333333333,1.2
71342,738422.7109,1.3333333333333333,1.3333333333333333,0.6666666666666666,1.3
71349,738422.9547,1.3333333333333333,1.3333333333333333,0.6666666666666666,1.3
71351,738423.1299,1.3333333333333333,1.3333333333333333,0.6666666666666666,1.3
71359,738423.4353,1.3333333333333333,1.3333333333333333,0.6666666666666666,1.3
71370,738423.6081,1.3333333333333333,1.3333333333333333,0.6666666666666666,1.3
71375,738423.7874,1.3333333333333333,1.3333333333333333,0.6666666666666666,1.1
71377,738423.7908,1.3333333333333333,1.3333333333333333,0.6666666666666666,1.1
71378,738423.8022,1.3333333333333333,1.3333333333333333,0.6666666666666666,1.1
71379,738423.815,1.3333333333333333,1.3333333333333333,0.6666666666666666,1.1333333333333333
71381,738423.8485,1.3333333333333333,1.3333333333333333,0.6666666666666666,1.1333333333333333
71382,738423.9191,1.3333333333333333,1.3333333333333333,0.6666666666666666,1.1666666666666667
71383,738423.9197,1.3333333333333333,1.3333333333333333,0.6666666666666666,1.2
71385,738423.9248,1.3333333333333333,1.3333333333333333,0.6666666666666666,1.2
71387,738423.9272,1.3333333333333333,1.3333333333333333,0.6666666666666666,1.2
71388,738423.9307,1.3333333333333333,1.3333333333333333,0.6666666666666666,1.2
71389,738423.9442,1.3333333333333333,1.3333333333333333,0.6666666666666666,1.2
71392,738424.0136,1.3333333333333333,1.3333333333333333,0.6666666666666666,1.2
71393,738424.0149,1.3333333333333333,1.3333333333333333,0.6666666666666666,1.2333333333333334
71394,738424.017,1.3333333333333333,1.4666666666666666,0.9,1.5
71399,738424.1495,1.3333333333333333,1.3333333333333333,0.6666666666666666,1.3
71405,738424.3026,1.3333333333333333,1.3333333333333333,0.6666666666666666,1.3333333333333333
71424,738424.6396,1.3333333333333333,1.3333333333333333,0.6666666666666666,1.3333333333333333
71430,738424.8779,1.3333333333333333,1.3333333333333333,0.6666666666666666,1.3333333333333333
71440,738425.0566,1.3333333333333333,1.3333333333333333,0.6666666666666666,1.3333333333333333
71442,738425.0981,1.3333333333333333,1.3333333333333333,0.6666666666666666,1.3333333333333333
71464,738425.6756,1.3333333333333333,1.3333333333333333,0.6666666666666666,1.3333333333333333
71469,738425.8177,1.3333333333333333,1.3333333333333333,0.6666666666666666,1.3333333333333333
71475,738425.9319,1.3333333333333333,1.3333333333333333,0.6666666666666666,1.3333333333333333
71478,738425.9626,1.3333333333333333,1.3333333333333333,0.6666666666666666,1.4666666666666666
71480,738426.0194,1.3333333333333333,1.3333333333333333,0.6666666666666666,1.4666666666666666
71484,738426.1117,1.3333333333333333,1.3333333333333333,0.6666666666666666,1.4666666666666666
71492,738426.2898,1.3333333333333333,1.3333333333333333,0.6666666666666666,1.3
71500,738426.3728,1.3333333333333333,1.3333333333333333,0.6666666666666666,1.3
71504,738426.3993,1.3333333333333333,1.3333333333333333,0.6666666666666666,1.3
71525,738426.7563,1.3333333333333333,1.3333333333333333,0.6666666666666666,1.3
71528,738426.8394,1.3333333333333333,1.3333333333333333,0.6666666666666666,1.3
71538,738427.189,1.3333333333333333,1.3333333333333333,0.6666666666666666,1.3
71563,738427.8859,1.3333333333333333,1.3333333333333333,0.6666666666666666,1.3
71573,738428.1427,1.3333333333333333,1.3333333333333333,0.6666666666666666,1.3
71608,738428.6905,1.3333333333333333,1.3333333333333333,0.6666666666666666,1.3
71651,738429.8702,1.3333333333333333,1.3333333333333333,0.6666666666666666,1.3
71653,738429.8722,1.3333333333333333,1.3333333333333333,0.6666666666666666,1.3
71656,738430.0048,1.3333333333333333,1.3333333333333333,0.6666666666666666,1.3
71664,738430.2111,1.3333333333333333,1.3333333333333333,0.6666666666666666,1.3
71676,738430.5753,1.3333333333333333,1.3333333333333333,0.9333333333333333,1.5
71683,738430.8811,1.3333333333333333,1.3333333333333333,0.7666666666666667,1.4333333333333333
71684,738430.8876,1.3333333333333333,1.3333333333333333,0.7666666666666667,1.4333333333333333
71687,738430.974,1.3333333333333333,1.3333333333333333,0.7666666666666667,1.4333333333333333
71690,738431.0541,1.3333333333333333,1.3333333333333333,0.7666666666666667,1.4333333333333333
71707,738431.3986,1.3333333333333333,1.3333333333333333,0.7666666666666667,1.4333333333333333
71712,738431.6173,1.3333333333333333,1.3333333333333333,0.7666666666666667,1.5666666666666667
71714,738431.6295,1.3333333333333333,1.3333333333333333,0.8,1.5
71755,738432.996,1.3333333333333333,1.3333333333333333,0.8,1.5
71757,738433.0407,1.3333333333333333,1.3333333333333333,0.8,1.5
71773,738433.1745,1.3333333333333333,1.3333333333333333,0.8,1.5
71853,738434.0008,1.3333333333333333,1.3333333333333333,0.8,1.5
71876,738434.6717,1.3333333333333333,1.3333333333333333,1.1,1.3666666666666667
71877,738434.7142,1.3333333333333333,1.3333333333333333,0.6666666666666666,0.7333333333333333
71879,738434.7712,1.3333333333333333,1.3333333333333333,0.6666666666666666,0.7333333333333333
71888,738434.9827,1.3333333333333333,1.3333333333333333,0.6666666666666666,0.7333333333333333
71899,738435.2359,1.3333333333333333,1.3333333333333333,0.6666666666666666,0.7333333333333333
71935,738435.9013,1.3333333333333333,1.3333333333333333,0.6666666666666666,0.7333333333333333
71939,738436.0278,1.3333333333333333,1.3333333333333333,0.6666666666666666,0.7333333333333333
71978,738437.0369,1.3333333333333333,1.3333333333333333,0.6666666666666666,0.6666666666666666
71979,738437.0603,1.3333333333333333,1.3333333333333333,0.6666666666666666,0.6666666666666666
72043,738438.4438,1.3333333333333333,1.3333333333333333,0.6666666666666666,0.6666666666666666
72079,738439.4206,1.3333333333333333,1.3333333333333333,0.6666666666666666,1.1333333333333333
72087,738439.5567,1.3333333333333333,1.3333333333333333,0.6666666666666666,0.7666666666666667
72094,738439.6499,1.3333333333333333,1.3333333333333333,0.6666666666666666,0.7666666666666667
72105,738439.6982,1.3333333333333333,1.3333333333333333,0.6666666666666666,1.0666666666666667
72119,738439.8511,1.3333333333333333,1.3333333333333333,0.6666666666666666,1.1
72120,738439.8516,1.3333333333333333,1.3333333333333333,0.6666666666666666,1.1
72121,738439.8612,1.3333333333333333,1.3333333333333333,0.6666666666666666,1.1
72134,738440.0032,1.3333333333333333,1.3333333333333333,0.6666666666666666,1.1333333333333333
72138,738440.0555,1.3333333333333333,1.3333333333333333,0.6666666666666666,1.1333333333333333
72140,738440.0774,1.3333333333333333,1.3333333333333333,0.6666666666666666,1.1333333333333333
72141,738440.0785,1.3333333333333333,1.3333333333333333,0.6666666666666666,1.1666666666666667
72146,738440.1452,1.3333333333333333,1.3333333333333333,0.6666666666666666,1.2
72197,738440.924,1.3333333333333333,1.3333333333333333,0.6666666666666666,1.2
72200,738440.945,1.3333333333333333,1.3333333333333333,0.6666666666666666,1.2
72207,738441.0553,1.3333333333333333,1.3333333333333333,0.6666666666666666,1.2
72240,738441.6074,1.3333333333333333,1.3333333333333333,0.6666666666666666,1.0666666666666667
72244,738441.7,1.3333333333333333,1.3333333333333333,0.6666666666666666,1.0666666666666667
72251,738441.9852,1.3333333333333333,1.3333333333333333,0.6666666666666666,1.0666666666666667
72252,738441.9923,1.3333333333333333,1.3333333333333333,0.6666666666666666,1.0666666666666667
72316,738443.2678,1.3333333333333333,1.3333333333333333,0.6666666666666666,1.0666666666666667
72346,738444.0064,1.3333333333333333,1.3333333333333333,0.6666666666666666,0.6666666666666666
72350,738444.0558,1.3333333333333333,1.3333333333333333,0.6666666666666666,0.6666666666666666
72352,738444.1181,1.3333333333333333,1.3333333333333333,0.6666666666666666,0.6666666666666666
72387,738444.4654,1.3333333333333333,1.3333333333333333,0.6666666666666666,0.8333333333333334
72390,738444.5155,1.3333333333333333,1.3333333333333333,0.6666666666666666,0.8333333333333334
72397,738444.693,1.3333333333333333,1.3333333333333333,0.6666666666666666,0.9333333333333333
72441,738445.8097,1.3333333333333333,1.3333333333333333,0.6666666666666666,0.9333333333333333
72499,738446.8109,1.3333333333333333,1.3333333333333333,0.6666666666666666,0.9333333333333333
72512,738447.1622,1.3333333333333333,1.3333333333333333,0.6666666666666666,0.9333333333333333
72536,738447.9942,1.3333333333333333,1.3333333333333333,0.6666666666666666,0.6666666666666666
72538,738448.0715,1.3333333333333333,1.3333333333333333,0.6666666666666666,0.7333333333333333
72543,738448.1624,1.3333333333333333,1.3333333333333333,0.6666666666666666,0.7333333333333333
72547,738448.2598,1.3333333333333333,1.3333333333333333,0.6666666666666666,1.0
72552,738448.3104,1.3333333333333333,1.3333333333333333,0.6666666666666666,1.0333333333333334
72561,738448.4679,1.3333333333333333,1.3333333333333333,0.6666666666666666,1.0666666666666667
72562,738448.48,1.3333333333333333,1.3333333333333333,0.6666666666666666,1.1
72563,738448.4808,1.3333333333333333,1.3333333333333333,0.6666666666666666,1.1333333333333333
72564,738448.4826,1.3333333333333333,1.3333333333333333,0.6666666666666666,1.1666666666666667
72565,738448.4835,1.3333333333333333,1.4,0.6666666666666666,1.2
72567,738448.4856,1.3333333333333333,1.4666666666666666,0.7,1.2333333333333334
72568,738448.4867,1.3333333333333333,1.5333333333333334,0.7,1.2666666666666666
72569,738448.4876,1.3333333333333333,1.6666666666666667,0.7333333333333333,1.3333333333333333
72571,738448.4884,1.3333333333333333,1.5333333333333334,0.8,1.2666666666666666
72572,738448.4889,1.3333333333333333,1.6666666666666667,0.8,1.3333333333333333
72573,738448.4898,1.3333333333333333,1.7333333333333334,0.8333333333333334,1.3666666666666667
72574,738448.4903,1.3333333333333333,1.8666666666666667,0.8666666666666667,1.4333333333333333
72575,738448.491,1.3333333333333333,1.9333333333333333,0.9333333333333333,1.4666666666666666
72576,738448.4915,1.3333333333333333,2.0,0.9333333333333333,1.5
72577,738448.4922,1.3333333333333333,1.9333333333333333,1.0,1.4666666666666666
72578,738448.4958,1.4,2.1333333333333333,1.0333333333333334,1.5666666666666667
72579,738448.4961,1.4666666666666666,2.2,1.0666666666666667,1.6
72580,738448.4972,1.5333333333333334,2.2666666666666666,1.1,1.6333333333333333
72581,738448.4974,1.6,2.2666666666666666,1.1333333333333333,1.6333333333333333
72582,738448.4978,1.6666666666666667,2.4,1.1666666666666667,1.7
72583,738448.498,1.6666666666666667,2.4,1.1666666666666667,1.7
72584,738448.4985,1.8,2.533333333333333,1.2333333333333334,1.7666666666666666
72585,738448.4987,1.8,2.533333333333333,1.2333333333333334,1.7666666666666666
72586,738448.4997,1.9333333333333333,2.6666666666666665,1.3,1.8333333333333333
72587,738448.5014,1.9333333333333333,2.6666666666666665,1.3,1.8333333333333333
72588,738448.5033,2.0,2.7333333333333334,1.3333333333333333,1.8666666666666667
72589,738448.5039,2.1333333333333333,2.8666666666666667,1.4,1.9333333333333333
72591,738448.5061,2.1333333333333333,2.8666666666666667,1.4,1.9333333333333333
72592,738448.5065,2.2,3.0,1.4333333333333333,2.0
72593,738448.5067,2.3333333333333335,3.066666666666667,1.5,2.033333333333333
72595,738448.5085,2.3333333333333335,3.2,1.5,2.1
72596,738448.5092,2.466666666666667,3.2,1.5666666666666667,2.1
72597,738448.5104,2.466666666666667,3.2,1.5666666666666667,2.1
72598,738448.5121,2.6,3.3333333333333335,1.6333333333333333,2.1666666666666665
72599,738448.5124,2.6,3.3333333333333335,1.6333333333333333,2.1666666666666665
72600,738448.5128,2.6,3.4,1.6333333333333333,2.2
72601,738448.5132,2.7333333333333334,3.466666666666667,1.7,2.2333333333333334
72602,738448.514,2.7333333333333334,3.466666666666667,1.7,2.2333333333333334
72604,738448.5181,2.7333333333333334,3.466666666666667,1.7,2.2333333333333334
72605,738448.5219,2.8666666666666667,3.6,1.7666666666666666,2.3
72606,738448.5267,2.933333333333333,3.466666666666667,1.8,2.2333333333333334
72607,738448.528,2.933333333333333,3.6666666666666665,1.8,2.3333333333333335
72608,738448.5287,3.066666666666667,3.8,1.8666666666666667,2.4
72609,738448.532,3.1333333333333333,3.8666666666666667,1.9,2.433333333333333
72610,738448.533,3.2,3.933333333333333,1.9333333333333333,2.466666666666667
72611,738448.5338,3.2,3.933333333333333,1.9333333333333333,2.466666666666667
72612,738448.5355,3.2666666666666666,4.0,1.9666666666666666,2.5
72613,738448.5382,3.2666666666666666,4.0,1.9666666666666666,2.5
72614,738448.5385,3.2666666666666666,4.0,1.9666666666666666,2.5
72615,738448.5403,3.4,4.066666666666666,2.033333333333333,2.533333333333333
72616,738448.543,3.4,3.933333333333333,2.033333333333333,2.466666666666667
72617,738448.5435,3.533333333333333,4.266666666666667,2.1,2.6333333333333333
72618,738448.5486,3.6,4.333333333333333,2.1333333333333333,2.6666666666666665
72619,738448.5493,3.6,4.333333333333333,2.1333333333333333,2.6666666666666665
72620,738448.5504,3.7333333333333334,4.466666666666667,2.2,2.7333333333333334
72621,738448.554,3.8,4.533333333333333,2.2333333333333334,2.7666666666666666
72622,738448.5617,3.8666666666666667,4.6,2.2666666666666666,2.8
72623,738448.5697,3.933333333333333,4.6,2.3,2.8
72624,738448.571,4.0,4.733333333333333,2.3333333333333335,2.8666666666666667
72625,738448.5803,4.066666666666666,4.8,2.3666666666666667,2.9
72626,738448.5808,4.133333333333334,4.8,2.4,2.9
72627,738448.5921,4.133333333333334,4.8,2.4,2.9
72629,738448.5956,4.133333333333334,4.866666666666666,2.4,2.933333333333333
72630,738448.5965,4.266666666666667,5.0,2.466666666666667,3.0
72631,738448.6029,4.266666666666667,5.0,2.466666666666667,3.0
72633,738448.6085,4.4,5.133333333333334,2.533333333333333,3.066666666666667
72636,738448.6148,4.4,5.133333333333334,2.533333333333333,3.066666666666667
72637,738448.6213,4.466666666666667,5.2,2.566666666666667,3.1
72638,738448.6224,4.533333333333333,5.2,2.6,3.1
72640,738448.6306,4.533333333333333,5.2,2.6,3.1
72641,738448.6308,4.533333333333333,5.266666666666667,2.6,3.1333333333333333
72642,738448.6332,4.533333333333333,5.266666666666667,2.6,3.1333333333333333
72643,738448.636,4.533333333333333,5.266666666666667,2.6,3.1333333333333333
72644,738448.6369,4.666666666666667,5.4,2.6666666666666665,3.2
72645,738448.6384,4.666666666666667,5.4,2.6666666666666665,3.2
72646,738448.6463,4.666666666666667,5.4,2.6666666666666665,3.2
72647,738448.6489,4.666666666666667,5.4,2.6666666666666665,3.2
72649,738448.655,4.666666666666667,5.4,2.6666666666666665,3.2
72653,738448.6616,4.666666666666667,5.4,2.6666666666666665,3.2
72654,738448.6627,4.866666666666666,5.533333333333333,2.7666666666666666,3.2666666666666666
72655,738448.664,4.866666666666666,5.533333333333333,2.7666666666666666,3.2666666666666666
72656,738448.6659,4.8,5.533333333333333,2.7333333333333334,3.2666666666666666
72657,738448.6698,4.933333333333334,5.666666666666667,2.8,3.3333333333333335
72658,738448.671,4.933333333333334,5.666666666666667,2.8,3.3333333333333335
72659,738448.6716,5.066666666666666,5.8,2.8666666666666667,3.4
72660,738448.6756,5.133333333333334,5.666666666666667,2.9,3.3333333333333335
72661,738448.6807,5.2,5.866666666666666,2.933333333333333,3.433333333333333
72663,738448.7055,5.266666666666667,6.0,2.966666666666667,3.5
72664,738448.7096,5.266666666666667,6.0,2.966666666666667,3.5
72666,738448.7181,5.333333333333333,6.066666666666666,3.0,3.533333333333333
72667,738448.7205,5.4,6.133333333333334,3.033333333333333,3.566666666666667
72668,738448.7209,5.466666666666667,6.2,3.066666666666667,3.6
72669,738448.7217,5.533333333333333,6.266666666666667,3.1,3.6333333333333333
72671,738448.7238,5.6,6.333333333333333,3.1333333333333333,3.6666666666666665
72672,738448.724,5.666666666666667,6.533333333333333,3.2,3.8
72673,738448.7243,5.733333333333333,6.466666666666667,3.2,3.7333333333333334
72674,738448.7247,5.8,6.466666666666667,3.2333333333333334,3.7333333333333334
72675,738448.7252,5.866666666666666,6.6,3.2666666666666666,3.8
72676,738448.7261,5.866666666666666,6.6,3.2666666666666666,3.8
72677,738448.7265,5.866666666666666,6.6,3.2666666666666666,3.8
72678,738448.7274,5.933333333333334,6.666666666666667,3.3,3.8333333333333335
72679,738448.7301,6.0,6.733333333333333,3.3333333333333335,3.8666666666666667
72680,738448.7304,6.0,6.733333333333333,3.3333333333333335,3.8666666666666667
72681,738448.7313,6.066666666666666,6.8,3.3666666666666667,3.9
72682,738448.7323,6.133333333333334,6.866666666666666,3.4,3.933333333333333
72683,738448.7329,6.133333333333334,6.866666666666666,3.4,3.933333333333333
72684,738448.7334,6.2,6.933333333333334,3.433333333333333,3.966666666666667
72685,738448.7339,6.2,6.933333333333334,3.433333333333333,3.966666666666667
72686,738448.7344,6.2,6.933333333333334,3.433333333333333,3.966666666666667
72687,738448.7353,6.266666666666667,7.133333333333334,3.466666666666667,4.066666666666666
72688,738448.7358,6.4,7.133333333333334,3.533333333333333,4.066666666666666
72689,738448.7369,6.466666666666667,7.133333333333334,3.566666666666667,4.066666666666666
72690,738448.738,6.466666666666667,7.133333333333334,3.566666666666667,4.066666666666666
72691,738448.7395,6.466666666666667,7.133333333333334,3.566666666666667,4.066666666666666
72692,738448.7399,6.466666666666667,7.133333333333334,3.566666666666667,4.066666666666666
72693,738448.7424,6.466666666666667,7.333333333333333,3.566666666666667,4.166666666666667
72695,738448.7435,6.6,7.333333333333333,3.6333333333333333,4.166666666666667
72696,738448.7438,6.666666666666667,7.333333333333333,3.6666666666666665,4.166666666666667
72697,738448.7444,6.733333333333333,7.466666666666667,3.7,4.233333333333333
72698,738448.747,6.733333333333333,7.466666666666667,3.7,4.233333333333333
72700,738448.7503,6.8,7.6,3.7333333333333334,4.3
72701,738448.7523,6.8,7.6,3.7333333333333334,4.3
72702,738448.7537,6.866666666666666,7.6,3.7666666666666666,4.3
72703,738448.754,6.866666666666666,7.6,3.7666666666666666,4.3
72704,738448.7558,6.866666666666666,7.6,3.7666666666666666,4.3
72705,738448.7569,6.866666666666666,7.6,3.7666666666666666,4.3
72707,738448.7595,6.866666666666666,7.6,3.7666666666666666,4.3
72709,738448.7614,6.866666666666666,7.6,3.7666666666666666,4.3
72710,738448.7642,6.933333333333334,7.666666666666667,3.8,4.333333333333333
72712,738448.7653,7.0,7.733333333333333,3.8333333333333335,4.366666666666666
72715,738448.7699,7.0,7.733333333333333,3.8333333333333335,4.366666666666666
72716,738448.7714,7.133333333333334,7.866666666666666,3.9,4.433333333333334
72718,738448.7808,7.133333333333334,7.866666666666666,3.9,4.433333333333334
72720,738448.784,7.133333333333334,7.866666666666666,3.9,4.433333333333334
72722,738448.7869,7.2,8.0,3.933333333333333,4.5
72723,738448.7875,7.2,8.0,3.933333333333333,4.5
72724,738448.7877,7.2,8.0,3.933333333333333,4.5
72725,738448.7965,7.266666666666667,7.933333333333334,3.966666666666667,4.466666666666667
72726,738448.7982,7.266666666666667,8.133333333333333,3.966666666666667,4.566666666666666
72727,738448.7992,7.4,8.066666666666666,4.033333333333333,4.533333333333333
72729,738448.8038,7.4,8.066666666666666,4.033333333333333,4.533333333333333
72733,738448.8147,7.4,8.066666666666666,4.033333333333333,4.533333333333333
72734,738448.8175,7.466666666666667,8.2,4.066666666666666,4.6
72735,738448.8203,7.466666666666667,8.2,4.066666666666666,4.6
72736,738448.8212,7.466666666666667,8.2,4.066666666666666,4.6
72737,738448.8231,7.466666666666667,8.2,4.066666666666666,4.6
72738,738448.8252,7.466666666666667,8.2,4.066666666666666,4.6
72739,738448.8255,7.466666666666667,8.2,4.066666666666666,4.6
72741,738448.831,7.6,8.333333333333334,4.133333333333334,4.666666666666667
72742,738448.8319,7.666666666666667,8.4,4.166666666666667,4.7
72743,738448.8356,7.666666666666667,8.4,4.166666666666667,4.7
72744,738448.8443,7.733333333333333,8.4,4.2,4.7
72745,738448.8473,7.8,8.533333333333333,4.233333333333333,4.766666666666667
72746,738448.8481,7.8,8.533333333333333,4.233333333333333,4.766666666666667
72747,738448.849,7.8,8.533333333333333,4.233333333333333,4.766666666666667
72748,738448.8496,7.933333333333334,8.533333333333333,4.3,4.766666666666667
72749,738448.8505,8.0,8.666666666666666,4.333333333333333,4.833333333333333
72751,738448.8568,8.0,8.666666666666666,4.333333333333333,4.833333333333333
72752,738448.8576,8.0,8.733333333333333,4.333333333333333,4.866666666666666
72753,738448.8581,8.133333333333333,8.733333333333333,4.4,4.866666666666666
72754,738448.8625,8.2,8.933333333333334,4.433333333333334,4.966666666666667
72755,738448.8646,8.2,8.933333333333334,4.433333333333334,4.966666666666667
72756,738448.8698,8.2,8.933333333333334,4.433333333333334,4.966666666666667
72759,738448.8842,8.2,8.933333333333334,4.433333333333334,4.966666666666667
72760,738448.8864,8.2,8.933333333333334,4.433333333333334,4.966666666666667
72762,738448.9016,8.2,8.733333333333333,4.433333333333334,4.866666666666666
72763,738448.9087,8.2,8.733333333333333,4.433333333333334,4.866666666666666
72765,738448.916,8.333333333333334,9.066666666666666,4.5,5.033333333333333
72767,738448.9188,8.333333333333334,9.066666666666666,4.5,5.033333333333333
72768,738448.9206,8.333333333333334,9.066666666666666,4.5,5.033333333333333
72769,738448.925,8.333333333333334,9.133333333333333,4.5,5.066666666666666
72770,738448.9254,8.466666666666667,9.2,4.566666666666666,5.1
72771,738448.9257,8.466666666666667,9.266666666666667,4.566666666666666,5.133333333333334
72772,738448.9321,8.466666666666667,9.266666666666667,4.566666666666666,5.133333333333334
72774,738448.9376,8.6,9.333333333333334,4.633333333333334,5.166666666666667
72775,738448.9378,8.666666666666666,9.333333333333334,4.666666666666667,5.166666666666667
72776,738448.944,8.666666666666666,9.333333333333334,4.666666666666667,5.166666666666667
72780,738448.9557,8.666666666666666,9.4,4.666666666666667,5.2
72781,738448.9594,8.733333333333333,9.466666666666667,4.7,5.233333333333333
72782,738448.9699,8.733333333333333,9.466666666666667,4.7,5.233333333333333
72783,738448.9753,8.733333333333333,9.466666666666667,4.7,5.233333333333333
72784,738448.9837,8.733333333333333,9.466666666666667,4.7,5.233333333333333
72785,738448.9846,8.866666666666667,9.6,4.766666666666667,5.3
72786,738448.9874,8.866666666666667,9.6,4.766666666666667,5.3
72787,738448.9915,9.0,9.666666666666666,4.833333333333333,5.333333333333333
72788,738449.0055,9.066666666666666,9.8,4.866666666666666,5.4
72789,738449.0065,9.066666666666666,9.8,4.866666666666666,5.4
72791,738449.0137,9.066666666666666,9.8,4.866666666666666,5.4
72796,738449.0326,9.066666666666666,9.8,4.866666666666666,5.4
72799,738449.0559,9.066666666666666,9.8,4.866666666666666,5.4
72801,738449.0601,9.066666666666666,9.8,4.866666666666666,5.4
72802,738449.0729,9.133333333333333,9.866666666666667,4.9,5.433333333333334
72803,738449.0741,9.133333333333333,9.866666666666667,4.9,5.433333333333334
72804,738449.0974,9.133333333333333,9.866666666666667,4.9,5.433333333333334
72805,738449.1061,9.133333333333333,9.866666666666667,4.9,5.433333333333334
72806,738449.1241,9.2,9.933333333333334,4.933333333333334,5.466666666666667
72807,738449.1299,9.2,9.933333333333334,4.933333333333334,5.466666666666667
72808,738449.1319,9.2,9.933333333333334,4.933333333333334,5.466666666666667
72809,738449.1394,9.2,9.933333333333334,4.933333333333334,5.466666666666667
72810,738449.1455,9.2,9.933333333333334,4.933333333333334,5.466666666666667
72815,738449.2006,9.2,9.933333333333334,4.933333333333334,5.466666666666667
72816,738449.2233,9.266666666666667,10.066666666666666,4.966666666666667,5.533333333333333
72817,738449.2594,9.266666666666667,10.066666666666666,4.966666666666667,5.533333333333333
72818,738449.2601,9.4,10.133333333333333,5.033333333333333,5.566666666666666
72819,738449.2634,9.4,10.133333333333333,5.033333333333333,5.566666666666666
72820,738449.2747,9.533333333333333,10.2,5.1,5.6
72821,738449.2778,9.533333333333333,10.2,5.1,5.6
72823,738449.2805,9.533333333333333,10.2,5.1,5.6
72826,738449.2989,9.533333333333333,10.2,5.1,5.6
72828,738449.3058,9.533333333333333,10.2,5.1,5.6
72831,738449.3246,9.533333333333333,10.333333333333334,5.1,5.666666666666667
72832,738449.3261,9.666666666666666,10.4,5.166666666666667,5.7
72833,738449.3302,9.733333333333333,10.4,5.2,5.7
72834,738449.3316,9.733333333333333,10.4,5.2,5.7
72835,738449.3323,9.733333333333333,10.4,5.2,5.7
72838,738449.3615,9.733333333333333,10.533333333333333,5.2,5.766666666666667
72837,738449.3615,9.866666666666667,10.533333333333333,5.266666666666667,5.766666666666667
72839,738449.3621,9.866666666666667,10.666666666666666,5.266666666666667,5.833333333333333
72840,738449.3741,10.0,10.733333333333333,5.333333333333333,5.866666666666666
72841,738449.3747,10.0,10.733333333333333,5.333333333333333,5.866666666666666
72847,738449.4007,10.0,10.733333333333333,5.333333333333333,5.866666666666666
72848,738449.4011,10.0,10.533333333333333,5.333333333333333,5.766666666666667
72849,738449.4091,10.133333333333333,10.6,5.4,5.8
72850,738449.4178,10.133333333333333,10.733333333333333,5.4,5.866666666666666
72853,738449.4372,10.133333333333333,10.733333333333333,5.4,5.866666666666666
72855,738449.4761,10.133333333333333,10.733333333333333,5.4,5.866666666666666
72856,738449.4991,10.2,10.933333333333334,5.433333333333334,5.966666666666667
72857,738449.5039,10.2,10.933333333333334,5.433333333333334,5.966666666666667
72860,738449.5667,10.333333333333334,11.066666666666666,5.5,6.033333333333333
72862,738449.5854,10.333333333333334,11.066666666666666,5.5,6.033333333333333
72863,738449.5904,10.333333333333334,11.066666666666666,5.5,6.033333333333333
72867,738449.604,10.333333333333334,11.2,5.5,6.1
72868,738449.6245,10.333333333333334,11.2,5.5,6.1
72871,738449.6592,10.4,11.266666666666667,5.533333333333333,6.133333333333334
72872,738449.665,10.533333333333333,11.266666666666667,5.6,6.133333333333334
72873,738449.6746,10.533333333333333,11.266666666666667,5.6,6.133333333333334
72874,738449.6885,10.533333333333333,11.133333333333333,5.633333333333334,6.1
72876,738449.7052,10.533333333333333,11.133333333333333,5.633333333333334,6.1
72879,738449.7276,10.533333333333333,11.2,5.666666666666667,6.166666666666667
72880,738449.7593,10.6,11.333333333333334,5.7,6.233333333333333
72881,738449.7651,10.666666666666666,11.266666666666667,5.733333333333333,6.2
72882,738449.7986,10.666666666666666,11.266666666666667,5.733333333333333,6.2
72883,738449.8226,10.666666666666666,11.266666666666667,5.733333333333333,6.2
72884,738449.8427,10.666666666666666,11.266666666666667,5.733333333333333,6.2
72885,738449.8438,10.666666666666666,11.266666666666667,5.733333333333333,6.2
72886,738449.8508,10.733333333333333,11.4,5.766666666666667,6.266666666666667
72887,738449.861,10.8,11.533333333333333,5.8,6.333333333333333
72888,738449.8751,10.8,11.533333333333333,5.8,6.333333333333333
72889,738449.8755,10.8,11.533333333333333,5.8,6.333333333333333
72891,738449.9188,10.8,11.533333333333333,5.8,6.333333333333333
72892,738449.9283,10.866666666666667,11.6,5.8,6.366666666666666
72897,738450.0361,10.933333333333334,11.666666666666666,5.866666666666666,6.4
72899,738450.0638,10.933333333333334,11.666666666666666,5.866666666666666,6.4
72900,738450.0642,10.933333333333334,11.666666666666666,5.866666666666666,6.4
72903,738450.1156,11.0,11.6,5.9,6.366666666666666
72904,738450.1234,11.0,11.6,5.9,6.366666666666666
72906,738450.1363,11.0,11.6,5.9,6.366666666666666
72909,738450.1832,11.0,11.6,5.9,6.366666666666666
72913,738450.2437,11.0,11.6,5.9,6.366666666666666
72915,738450.2772,11.066666666666666,11.8,5.933333333333334,6.466666666666667
72919,738450.3247,11.133333333333333,11.866666666666667,5.966666666666667,6.5
72920,738450.3322,11.133333333333333,11.866666666666667,5.966666666666667,6.5
72921,738450.3416,11.266666666666667,11.933333333333334,6.033333333333333,6.533333333333333
72922,738450.3436,11.266666666666667,11.933333333333334,6.033333333333333,6.533333333333333
72924,738450.3583,11.266666666666667,12.0,6.033333333333333,6.566666666666666
72926,738450.3639,11.266666666666667,12.0,6.033333333333333,6.566666666666666
72927,738450.3652,11.333333333333334,12.066666666666666,6.033333333333333,6.6
72928,738450.3665,11.4,12.066666666666666,6.1,6.6
72929,738450.3668,11.466666666666667,12.133333333333333,6.133333333333334,6.633333333333334
72931,738450.3826,11.466666666666667,12.133333333333333,6.133333333333334,6.633333333333334
72936,738450.471,11.533333333333333,12.266666666666667,6.166666666666667,6.7
72938,738450.5076,11.6,12.333333333333334,6.2,6.733333333333333
72943,738450.5763,11.666666666666666,12.4,6.233333333333333,6.766666666666667
72946,738450.6091,11.666666666666666,12.4,6.233333333333333,6.766666666666667
72947,738450.6317,11.733333333333333,12.466666666666667,6.266666666666667,6.8
72949,738450.6466,11.733333333333333,12.466666666666667,6.266666666666667,6.8
72952,738450.7168,11.8,12.533333333333333,6.3,6.833333333333333
72953,738450.7311,11.8,12.533333333333333,6.3,6.833333333333333
72954,738450.7623,11.8,12.533333333333333,6.3,6.833333333333333
72955,738450.7672,11.8,12.533333333333333,6.3,6.833333333333333
72957,738450.8,11.866666666666667,12.6,6.3,6.866666666666666
72961,738450.8599,11.866666666666667,12.6,6.3,6.866666666666666
72962,738450.8665,11.866666666666667,12.6,6.3,6.866666666666666
72964,738450.8714,11.933333333333334,12.666666666666666,6.366666666666666,6.9
72966,738450.8888,11.933333333333334,12.666666666666666,6.366666666666666,6.9
72967,738450.9048,11.933333333333334,12.666666666666666,6.366666666666666,6.9
72968,738450.9087,12.0,12.733333333333333,6.4,6.933333333333334
72971,738450.9297,12.0,12.733333333333333,6.4,6.933333333333334
72976,738451.0292,12.066666666666666,12.733333333333333,6.4,6.933333333333334
72977,738451.0579,12.133333333333333,12.866666666666667,6.433333333333334,7.0
72978,738451.0621,12.133333333333333,12.866666666666667,6.433333333333334,7.0
72980,738451.0713,12.133333333333333,12.866666666666667,6.433333333333334,7.0
72981,738451.0837,12.2,12.933333333333334,6.466666666666667,7.033333333333333
72984,738451.1094,12.2,12.933333333333334,6.466666666666667,7.033333333333333
72985,738451.1256,12.2,12.933333333333334,6.466666666666667,7.033333333333333
72986,738451.1938,12.2,12.933333333333334,6.466666666666667,7.033333333333333
72989,738451.2801,12.266666666666667,13.0,6.5,7.066666666666666
72991,738451.3235,12.333333333333334,13.066666666666666,6.566666666666666,7.1
72992,738451.3256,12.333333333333334,13.066666666666666,6.566666666666666,7.1
72993,738451.3409,12.4,13.2,6.6,7.166666666666667
72995,738451.3503,12.466666666666667,13.2,6.633333333333334,7.166666666666667
72996,738451.3531,12.533333333333333,13.266666666666667,6.666666666666667,7.2
73000,738451.3806,12.6,13.266666666666667,6.666666666666667,7.2
73002,738451.3982,12.666666666666666,13.333333333333334,6.7,7.233333333333333
73004,738451.4212,12.733333333333333,13.4,6.733333333333333,7.266666666666667
73006,738451.4563,1.3333333333333333,1.3333333333333333,0.6666666666666666,0.6666666666666666
73008,738451.4673,12.8,13.466666666666667,6.8,7.3
73010,738451.4833,12.8,13.466666666666667,6.8,7.3
73011,738451.5004,12.866666666666667,13.533333333333333,6.8,7.333333333333333
73012,738451.5006,12.933333333333334,13.6,6.833333333333333,7.366666666666666
73014,738451.5087,13.0,13.733333333333333,6.9,7.433333333333334
73015,738451.5314,13.066666666666666,13.666666666666666,6.933333333333334,7.4
73017,738451.5826,13.133333333333333,13.866666666666667,6.966666666666667,7.5
73018,738451.5839,13.133333333333333,13.866666666666667,6.966666666666667,7.5
73019,738451.587,13.2,13.933333333333334,7.0,7.533333333333333
73020,738451.5984,13.2,13.933333333333334,7.0,7.533333333333333
73022,738451.6173,13.2,13.933333333333334,7.0,7.533333333333333
73024,738451.63,13.2,13.933333333333334,7.0,7.533333333333333
73025,738451.6353,13.2,13.933333333333334,7.0,7.533333333333333
73026,738451.6406,13.2,13.933333333333334,7.0,7.533333333333333
73027,738451.6538,13.2,13.933333333333334,7.0,7.533333333333333
73028,738451.6682,13.266666666666667,14.0,7.033333333333333,7.566666666666666
73029,738451.6713,13.266666666666667,14.0,7.033333333333333,7.566666666666666
73030,738451.6813,13.333333333333334,14.066666666666666,7.066666666666666,7.6
73031,738451.694,13.333333333333334,14.066666666666666,7.066666666666666,7.6
73032,738451.6981,13.4,14.133333333333333,7.1,7.633333333333334
73033,738451.7043,13.4,14.133333333333333,7.1,7.633333333333334
73034,738451.7426,13.4,14.133333333333333,7.1,7.633333333333334
73036,738451.748,13.466666666666667,14.133333333333333,7.1,7.633333333333334
73037,738451.754,13.466666666666667,14.133333333333333,7.1,7.633333333333334
73038,738451.7571,13.466666666666667,14.133333333333333,7.1,7.633333333333334
73039,738451.7782,13.533333333333333,14.2,7.133333333333334,7.666666666666667
73040,738451.7996,13.6,14.266666666666667,7.166666666666667,7.7
73041,738451.8162,13.6,14.266666666666667,7.166666666666667,7.7
73042,738451.8238,13.6,14.266666666666667,7.166666666666667,7.7
73043,738451.8349,13.666666666666666,14.266666666666667,7.2,7.7
73047,738451.9182,13.666666666666666,14.266666666666667,7.2,7.7
73051,738451.9736,1.3333333333333333,14.333333333333334,0.6666666666666666,7.733333333333333
73054,738451.9799,1.3333333333333333,14.333333333333334,0.6666666666666666,7.733333333333333
73058,738452.0342,1.3333333333333333,14.333333333333334,0.6666666666666666,7.733333333333333
73059,738452.0351,1.3333333333333333,14.333333333333334,0.6666666666666666,7.733333333333333
73060,738452.0356,13.733333333333333,14.533333333333333,7.233333333333333,7.8
73062,738452.0646,13.733333333333333,14.533333333333333,7.233333333333333,7.8
73063,738452.0721,13.733333333333333,14.533333333333333,7.233333333333333,7.8
73065,738452.1108,13.733333333333333,14.533333333333333,7.233333333333333,7.8
73068,738452.1828,13.733333333333333,14.533333333333333,7.233333333333333,7.8
73070,738452.1982,13.733333333333333,14.533333333333333,7.233333333333333,7.8
73077,738452.2674,13.8,14.466666666666667,7.266666666666667,7.833333333333333
73079,738452.3667,13.866666666666667,14.466666666666667,7.3,7.833333333333333
73089,738452.4613,13.866666666666667,14.466666666666667,7.3,7.833333333333333
73092,738452.5911,13.933333333333334,14.6,7.3,7.866666666666666
73093,738452.5923,14.0,14.666666666666666,7.333333333333333,7.9
73094,738452.5963,14.066666666666666,14.733333333333333,7.366666666666666,7.933333333333334
73095,738452.6366,14.133333333333333,14.8,7.433333333333334,7.966666666666667
73096,738452.65,14.133333333333333,14.8,7.433333333333334,7.966666666666667
73098,738452.6605,14.2,14.933333333333334,7.433333333333334,8.033333333333333
73099,738452.6711,14.2,14.933333333333334,7.433333333333334,8.033333333333333
73102,738452.7229,14.2,14.933333333333334,7.433333333333334,8.033333333333333
73110,738452.7692,14.2,14.933333333333334,7.433333333333334,8.033333333333333
73112,738452.7903,14.2,14.933333333333334,7.433333333333334,8.033333333333333
73113,738452.8261,14.2,14.933333333333334,7.433333333333334,8.033333333333333
73122,738453.0015,14.2,14.933333333333334,7.433333333333334,8.033333333333333
73123,738453.0051,14.2,14.933333333333334,7.433333333333334,8.033333333333333
73125,738453.031,14.2,14.933333333333334,7.433333333333334,8.033333333333333
73126,738453.0907,14.2,14.933333333333334,7.433333333333334,8.033333333333333
73130,738453.1974,14.266666666666667,14.733333333333333,7.5,7.933333333333334
73141,738453.3402,14.266666666666667,14.733333333333333,7.5,7.933333333333334
73151,738453.3942,14.333333333333334,15.0,7.5,8.066666666666666
73161,738453.5835,14.4,15.066666666666666,7.533333333333333,8.1
73165,738453.8051,14.466666666666667,15.133333333333333,7.566666666666666,8.133333333333333
73167,738453.8532,14.533333333333333,15.2,7.566666666666666,8.1
73170,738453.8646,14.6,15.266666666666667,7.6,8.166666666666666
73171,738453.8667,14.6,15.266666666666667,7.6,8.166666666666666
73173,738453.9062,14.6,15.266666666666667,7.6,8.166666666666666
73174,738453.9398,14.6,15.266666666666667,7.6,8.166666666666666
73176,738453.9679,14.666666666666666,15.333333333333334,7.6,8.133333333333333
73177,738453.9785,14.666666666666666,15.333333333333334,7.6,8.133333333333333
73178,738453.9817,14.666666666666666,15.333333333333334,7.6,8.133333333333333
73179,738453.9976,14.666666666666666,15.333333333333334,7.6,8.133333333333333
73182,738454.0533,14.666666666666666,15.333333333333334,7.6,8.133333333333333
73184,738454.0655,14.666666666666666,15.333333333333334,7.6,8.133333333333333
73189,738454.2763,14.733333333333333,15.466666666666667,7.533333333333333,8.133333333333333
73192,738454.2931,14.8,15.466666666666667,7.566666666666666,8.1
73193,738454.3029,14.866666666666667,15.533333333333333,7.566666666666666,8.1
73205,738454.4062,14.933333333333334,15.666666666666666,7.566666666666666,8.133333333333333
73226,738455.02,1.3333333333333333,1.3333333333333333,0.6666666666666666,0.6666666666666666
73229,738455.0626,1.3333333333333333,1.3333333333333333,0.6666666666666666,0.6666666666666666
73232,738455.1235,1.3333333333333333,1.3333333333333333,0.6666666666666666,0.6666666666666666
73233,738455.1247,1.3333333333333333,1.3333333333333333,0.6666666666666666,0.6666666666666666
73234,738455.1444,1.3333333333333333,1.3333333333333333,0.6666666666666666,0.6666666666666666
73240,738455.3123,1.3333333333333333,1.3333333333333333,0.6666666666666666,0.6666666666666666
73253,738455.461,14.933333333333334,15.266666666666667,7.633333333333334,8.166666666666666
73255,738455.4941,15.0,15.4,7.633333333333334,8.2
73259,738455.5385,15.066666666666666,15.4,7.7,8.2
73264,738455.658,15.066666666666666,15.4,7.7,8.2
73269,738455.7182,15.066666666666666,15.4,7.7,8.2
73271,738455.785,15.133333333333333,15.466666666666667,7.7,8.233333333333333
73274,738455.854,15.133333333333333,15.466666666666667,7.7,8.233333333333333
73282,738456.0394,15.133333333333333,15.466666666666667,7.7,8.233333333333333
73283,738456.0423,15.133333333333333,15.466666666666667,7.7,8.233333333333333
73284,738456.1314,15.133333333333333,15.466666666666667,7.7,8.233333333333333
73289,738456.2262,15.2,15.533333333333333,7.733333333333333,8.266666666666667
73290,738456.2465,15.2,15.533333333333333,7.733333333333333,8.266666666666667
73291,738456.3025,15.266666666666667,15.6,7.733333333333333,8.266666666666667
73301,738456.4221,15.333333333333334,15.666666666666666,7.766666666666667,8.3
73302,738456.4231,15.333333333333334,15.666666666666666,7.766666666666667,8.3
73303,738456.4241,15.333333333333334,15.666666666666666,7.766666666666667,8.3
73304,738456.4263,15.4,15.8,7.833333333333333,8.366666666666667
73306,738456.4327,15.466666666666667,15.866666666666667,7.833333333333333,8.4
73307,738456.4347,15.533333333333333,15.933333333333334,7.833333333333333,8.433333333333334
73309,738456.4449,15.6,15.933333333333334,7.9,8.433333333333334
73312,738456.4483,15.666666666666666,16.0,7.9,8.466666666666667
73313,738456.4595,15.733333333333333,16.066666666666666,7.966666666666667,8.5
73314,738456.5113,15.733333333333333,16.066666666666666,7.966666666666667,8.5
73316,738456.5391,15.8,16.266666666666666,8.0,8.633333333333333
73321,738456.6018,15.8,16.266666666666666,8.0,8.633333333333333
73322,738456.6043,15.866666666666667,16.0,8.0,8.433333333333334
73323,738456.6097,15.933333333333334,16.2,8.033333333333333,8.566666666666666
73325,738456.6138,16.0,16.266666666666666,8.066666666666666,8.6
73327,738456.6516,1.3333333333333333,1.3333333333333333,0.6666666666666666,0.6666666666666666
73329,738456.7394,16.066666666666666,16.4,8.1,8.666666666666666
73330,738456.7508,16.133333333333333,16.4,8.166666666666666,8.7
73342,738456.8642,16.133333333333333,16.4,8.166666666666666,8.7
73343,738456.8869,16.133333333333333,16.4,8.166666666666666,8.7
73344,738456.8919,16.133333333333333,16.4,8.166666666666666,8.7
73348,738456.9181,16.2,16.533333333333335,8.166666666666666,8.766666666666667
73349,738456.9205,16.266666666666666,16.533333333333335,8.233333333333333,8.766666666666667
73350,738456.9219,16.333333333333332,16.6,8.233333333333333,8.8
73351,738456.9241,16.4,16.666666666666668,8.3,8.833333333333334
73352,738456.9246,16.4,16.666666666666668,8.3,8.833333333333334
73353,738456.926,16.466666666666665,16.733333333333334,8.333333333333334,8.866666666666667
73354,738456.928,16.533333333333335,16.8,8.366666666666667,8.9
73357,738456.9411,16.533333333333335,16.8,8.366666666666667,8.9
73358,738456.9419,16.533333333333335,16.8,8.366666666666667,8.9
73361,738456.9633,16.533333333333335,16.8,8.366666666666667,8.9
73364,738456.987,16.533333333333335,16.8,8.366666666666667,8.9
73365,738456.9906,16.533333333333335,16.8,8.366666666666667,8.9
73366,738457.0031,16.6,16.866666666666667,8.4,8.933333333333334
73367,738457.0058,16.6,16.866666666666667,8.4,8.933333333333334
73370,738457.033,16.666666666666668,16.933333333333334,8.4,8.933333333333334
73371,738457.0712,16.733333333333334,17.0,8.466666666666667,9.0
73373,738457.1114,16.8,17.066666666666666,8.5,9.033333333333333
73374,738457.1295,16.866666666666667,17.133333333333333,8.533333333333333,9.066666666666666
73376,738457.1762,16.933333333333334,17.266666666666666,8.533333333333333,9.1
73377,738457.1787,17.0,17.266666666666666,8.6,9.133333333333333
73378,738457.1795,17.066666666666666,17.333333333333332,8.633333333333333,9.166666666666666
73379,738457.1909,17.133333333333333,17.333333333333332,8.666666666666666,9.166666666666666
73380,738457.2088,17.133333333333333,17.333333333333332,8.666666666666666,9.166666666666666
73381,738457.2105,17.133333333333333,17.333333333333332,8.666666666666666,9.166666666666666
73386,738457.2376,17.133333333333333,17.333333333333332,8.666666666666666,9.166666666666666
73387,738457.2379,17.2,17.533333333333335,8.666666666666666,9.233333333333333
73391,738457.3367,17.266666666666666,17.533333333333335,8.7,9.233333333333333
73403,738457.576,17.333333333333332,17.6,8.766666666666667,9.3
73410,738457.704,17.333333333333332,17.6,8.766666666666667,9.3
73412,738457.7105,17.333333333333332,17.6,8.766666666666667,9.3
73417,738457.838,17.4,17.733333333333334,8.766666666666667,9.333333333333334
73418,738457.8406,17.4,17.733333333333334,8.766666666666667,9.333333333333334
73422,738457.9215,17.4,17.733333333333334,8.766666666666667,9.333333333333334
73423,738457.9338,17.466666666666665,17.733333333333334,8.8,9.333333333333334
73425,738457.9496,17.466666666666665,17.733333333333334,8.8,9.333333333333334
73428,738457.9907,1.3333333333333333,1.3333333333333333,0.6666666666666666,0.6666666666666666
73430,738457.9951,1.3333333333333333,1.3333333333333333,0.6666666666666666,0.6666666666666666
73433,738458.0645,1.3333333333333333,1.3333333333333333,0.6666666666666666,0.6666666666666666
73434,738458.074,1.3333333333333333,1.3333333333333333,0.6666666666666666,0.6666666666666666
73435,738458.1322,1.3333333333333333,1.3333333333333333,0.6666666666666666,0.6666666666666666
73436,738458.1573,1.3333333333333333,1.3333333333333333,0.6666666666666666,0.6666666666666666
73437,738458.1629,1.3333333333333333,1.3333333333333333,0.6666666666666666,0.6666666666666666
73438,738458.1664,1.3333333333333333,1.3333333333333333,0.6666666666666666,0.6666666666666666
73439,738458.1757,1.3333333333333333,1.3333333333333333,0.6666666666666666,0.6666666666666666
73449,738458.3216,1.3333333333333333,17.466666666666665,0.6666666666666666,9.166666666666666
73469,738458.6491,1.3333333333333333,17.466666666666665,0.6666666666666666,9.166666666666666
73470,738458.6869,1.3333333333333333,17.466666666666665,0.6666666666666666,9.166666666666666
73476,738458.7872,1.3333333333333333,17.466666666666665,0.6666666666666666,9.166666666666666
73477,738458.7924,1.3333333333333333,17.466666666666665,0.6666666666666666,9.166666666666666
73478,738458.8023,1.3333333333333333,17.466666666666665,0.6666666666666666,9.166666666666666
73479,738458.8146,1.3333333333333333,17.466666666666665,0.6666666666666666,9.166666666666666
73480,738458.8558,1.3333333333333333,17.466666666666665,0.6666666666666666,9.166666666666666
73481,738458.9024,1.3333333333333333,17.466666666666665,0.6666666666666666,9.166666666666666
73482,738458.9292,1.3333333333333333,17.466666666666665,0.6666666666666666,9.166666666666666
73483,738458.9317,1.3333333333333333,17.466666666666665,0.6666666666666666,9.166666666666666
73485,738458.9387,1.3333333333333333,17.466666666666665,0.6666666666666666,9.166666666666666
73486,738458.9419,1.3333333333333333,17.466666666666665,0.6666666666666666,9.166666666666666
73487,738458.9451,1.3333333333333333,17.466666666666665,0.6666666666666666,9.166666666666666
73488,738458.9514,17.533333333333335,17.933333333333334,8.833333333333334,9.433333333333334
73489,738458.9727,17.533333333333335,17.933333333333334,8.833333333333334,9.433333333333334
73490,738458.9839,17.533333333333335,17.933333333333334,8.833333333333334,9.433333333333334
73491,738458.9961,17.533333333333335,17.933333333333334,8.833333333333334,9.433333333333334
73492,738459.0028,17.6,17.933333333333334,8.866666666666667,9.433333333333334
73493,738459.0028,17.666666666666668,17.866666666666667,8.933333333333334,9.4
73494,738459.0259,17.666666666666668,17.866666666666667,8.933333333333334,9.4
73498,738459.0635,17.666666666666668,17.866666666666667,8.933333333333334,9.4
73499,738459.0656,17.666666666666668,17.866666666666667,8.933333333333334,9.4
73500,738459.0676,17.666666666666668,17.866666666666667,8.933333333333334,9.4
73503,738459.0985,17.666666666666668,17.866666666666667,8.933333333333334,9.4
73507,738459.1418,17.666666666666668,17.866666666666667,8.933333333333334,9.4
73514,738459.1631,17.666666666666668,17.866666666666667,8.933333333333334,9.4
73520,738459.3079,17.666666666666668,17.866666666666667,8.933333333333334,9.4
73523,738459.3463,17.733333333333334,18.066666666666666,8.966666666666667,9.533333333333333
73524,738459.3739,17.8,18.133333333333333,8.966666666666667,9.533333333333333
73532,738459.427,17.866666666666667,18.2,9.033333333333333,9.6
73540,738459.5297,17.866666666666667,18.2,9.033333333333333,9.6
73551,738459.7657,17.866666666666667,18.2,9.033333333333333,9.6
73552,738459.773,17.866666666666667,18.2,9.033333333333333,9.6
73556,738459.8233,17.866666666666667,18.2,9.033333333333333,9.6
73557,738459.8449,17.866666666666667,18.2,9.033333333333333,9.6
73558,738459.848,17.866666666666667,18.2,9.033333333333333,9.6
73560,738459.9236,17.866666666666667,18.2,9.033333333333333,9.6
73562,738459.9599,17.933333333333334,18.133333333333333,9.066666666666666,9.633333333333333
73563,738459.977,17.933333333333334,18.133333333333333,9.066666666666666,9.633333333333333
73565,738460.0801,1.3333333333333333,1.3333333333333333,0.6666666666666666,0.6666666666666666
73566,738460.1132,1.3333333333333333,1.3333333333333333,0.6666666666666666,0.6666666666666666
73590,738460.5324,18.0,18.2,9.133333333333333,9.666666666666666
73599,738460.7425,18.066666666666666,18.266666666666666,9.133333333333333,9.666666666666666
73604,738460.8571,18.066666666666666,18.266666666666666,9.133333333333333,9.666666666666666
73611,738460.9716,18.133333333333333,18.333333333333332,9.166666666666666,9.666666666666666
73613,738460.9795,18.2,18.4,9.2,9.7
73614,738460.9931,18.2,18.4,9.2,9.7
73619,738461.0643,18.2,18.4,9.2,9.7
73642,738461.1233,18.2,18.4,9.2,9.7
73652,738461.2611,18.266666666666666,18.533333333333335,9.2,9.733333333333333
73653,738461.2664,18.333333333333332,18.533333333333335,9.266666666666667,9.733333333333333
73655,738461.2803,18.333333333333332,18.533333333333335,9.266666666666667,9.733333333333333
73658,738461.3385,18.333333333333332,18.533333333333335,9.266666666666667,9.733333333333333
73665,738461.3765,18.333333333333332,18.533333333333335,9.266666666666667,9.733333333333333
73666,738461.3802,18.333333333333332,18.533333333333335,9.266666666666667,9.733333333333333
73674,738461.4188,18.4,18.666666666666668,9.466666666666667,9.866666666666667
73678,738461.4738,18.466666666666665,18.666666666666668,9.333333333333334,9.8
73679,738461.4989,18.466666666666665,18.6,9.366666666666667,9.666666666666666
73680,738461.5107,18.466666666666665,18.6,9.366666666666667,9.666666666666666
73686,738461.6155,18.466666666666665,18.6,9.366666666666667,9.666666666666666
73691,738461.7816,18.466666666666665,18.6,9.366666666666667,9.666666666666666
73693,738461.8641,18.466666666666665,18.6,9.366666666666667,9.666666666666666
73695,738461.8852,18.466666666666665,18.6,9.366666666666667,9.666666666666666
73696,738461.9488,18.6,18.8,9.366666666666667,9.833333333333334
73697,738461.9684,18.6,18.8,9.366666666666667,9.833333333333334
73702,738462.0588,18.6,18.8,9.366666666666667,9.833333333333334
73707,738462.3005,18.666666666666668,18.933333333333334,9.433333333333334,9.9
73708,738462.3023,1.3333333333333333,3.8,0.6666666666666666,2.3
73760,738462.8303,1.3333333333333333,3.8,0.6666666666666666,2.3
73763,738462.9557,1.3333333333333333,3.8,0.6666666666666666,2.3
73764,738462.991,1.3333333333333333,18.8,0.6666666666666666,9.533333333333333
73786,738463.3368,1.3333333333333333,1.3333333333333333,0.6666666666666666,0.7666666666666667
73800,738463.6293,14.4,14.6,9.466666666666667,9.933333333333334
73804,738463.7065,14.4,14.6,9.466666666666667,9.933333333333334
73808,738463.8597,14.4,14.6,9.466666666666667,9.933333333333334
73810,738463.8756,14.4,14.6,9.466666666666667,9.933333333333334
73811,738463.9034,1.3333333333333333,1.3333333333333333,0.6666666666666666,0.7666666666666667
73814,738463.9486,1.3333333333333333,1.3333333333333333,0.6666666666666666,0.7666666666666667
73816,738463.9693,1.3333333333333333,1.3333333333333333,0.6666666666666666,0.7666666666666667
73817,738463.9807,1.3333333333333333,1.3333333333333333,0.6666666666666666,0.8
73824,738464.2069,9.733333333333333,9.933333333333334,9.5,9.933333333333334
73825,738464.2243,9.733333333333333,9.933333333333334,9.5,9.966666666666667
73826,738464.2331,9.733333333333333,9.933333333333334,9.5,9.966666666666667
73827,738464.2348,9.733333333333333,9.933333333333334,9.5,9.966666666666667
73843,738464.4948,8.933333333333334,9.133333333333333,9.533333333333333,10.0
73849,738464.5663,8.933333333333334,9.133333333333333,9.533333333333333,10.0
73855,738464.6627,8.933333333333334,9.133333333333333,9.533333333333333,10.0
73863,738464.8929,1.3333333333333333,8.733333333333333,0.6666666666666666,10.133333333333333
73865,738464.8967,8.266666666666667,8.533333333333333,9.533333333333333,10.066666666666666
73867,738464.9295,8.266666666666667,8.533333333333333,9.533333333333333,10.066666666666666
73895,738465.6216,8.266666666666667,8.533333333333333,9.533333333333333,10.066666666666666
73903,738465.6738,7.4,7.666666666666667,9.566666666666666,10.033333333333333
73913,738466.0145,1.3333333333333333,1.3333333333333333,0.6666666666666666,0.9
73914,738466.0282,1.3333333333333333,1.3333333333333333,0.6666666666666666,0.9
73915,738466.0578,1.3333333333333333,1.3333333333333333,0.6666666666666666,0.9
73917,738466.0941,1.3333333333333333,1.3333333333333333,0.6666666666666666,0.9
73926,738466.323,1.3333333333333333,1.3333333333333333,0.6666666666666666,0.9
73933,738466.5725,1.3333333333333333,1.3333333333333333,0.6666666666666666,0.9
73934,738466.6733,1.3333333333333333,1.3333333333333333,0.6666666666666666,0.9
73936,738466.7374,1.3333333333333333,1.3333333333333333,0.6666666666666666,0.9
73938,738466.9095,1.3333333333333333,1.3333333333333333,0.6666666666666666,0.9
73950,738467.1391,1.3333333333333333,1.3333333333333333,0.6666666666666666,0.9
73951,738467.1493,1.3333333333333333,1.3333333333333333,0.6666666666666666,0.9
73987,738467.9014,1.3333333333333333,1.3333333333333333,0.6666666666666666,0.9
73988,738467.9234,1.3333333333333333,5.533333333333333,0.6666666666666666,10.266666666666667
73992,738468.0544,1.3333333333333333,5.533333333333333,0.6666666666666666,10.266666666666667
74005,738468.4986,1.3333333333333333,5.533333333333333,0.6666666666666666,10.266666666666667
74006,738468.5036,1.3333333333333333,5.533333333333333,0.6666666666666666,10.266666666666667
74017,738468.6957,1.3333333333333333,5.333333333333333,0.6666666666666666,10.066666666666666
74019,738468.7464,1.3333333333333333,5.333333333333333,0.6666666666666666,10.066666666666666
74029,738469.0106,1.3333333333333333,5.333333333333333,0.6666666666666666,10.066666666666666
74055,738469.4971,4.266666666666667,4.6,9.566666666666666,10.1
74057,738469.5821,4.333333333333333,4.666666666666667,9.6,10.1
74058,738469.6186,4.4,4.733333333333333,9.633333333333333,10.133333333333333
74059,738469.6426,4.4,4.733333333333333,9.633333333333333,10.133333333333333
74063,738469.7914,4.466666666666667,4.8,9.666666666666666,10.133333333333333
74073,738469.9434,4.6,4.8,9.733333333333333,10.0
74072,738469.9434,4.6,5.0,9.733333333333333,10.2
74075,738469.9918,4.666666666666667,5.0,9.766666666666667,10.2
74077,738470.0213,4.733333333333333,5.066666666666666,9.8,10.2
74079,738470.0966,4.733333333333333,5.066666666666666,9.8,10.2
74082,738470.1405,4.733333333333333,5.066666666666666,9.8,10.2
74083,738470.1894,4.8,5.133333333333334,9.833333333333334,10.166666666666666
74085,738470.2407,4.8,5.133333333333334,9.833333333333334,10.166666666666666
74086,738470.2507,4.866666666666666,5.2,9.866666666666667,10.2
74088,738470.2999,4.866666666666666,5.2,9.866666666666667,10.2
74089,738470.3083,4.933333333333334,5.266666666666667,9.9,10.233333333333333
74107,738470.5922,1.3333333333333333,1.3333333333333333,0.6666666666666666,0.7666666666666667
74118,738470.7384,1.3333333333333333,1.3333333333333333,0.6666666666666666,0.7666666666666667
74125,738470.8501,4.733333333333333,5.066666666666666,9.933333333333334,10.266666666666667
74126,738470.9274,4.8,5.133333333333334,9.966666666666667,10.3
74130,738470.9864,4.8,5.133333333333334,9.966666666666667,10.3
74133,738471.0886,4.8,5.133333333333334,9.966666666666667,10.3
74136,738471.1297,4.8,5.133333333333334,9.966666666666667,10.3
74176,738471.676,4.0,4.333333333333333,10.0,10.3
74177,738471.6798,4.0,4.333333333333333,10.0,10.3
74178,738471.6806,4.0,4.333333333333333,10.0,10.3
74179,738471.6985,4.0,4.333333333333333,10.0,10.3
74180,738471.7198,4.0,4.333333333333333,10.0,10.3
74182,738471.7358,4.0,4.333333333333333,10.0,10.3
74183,738471.7475,4.0,4.333333333333333,10.0,10.3
74191,738471.8944,4.0,4.333333333333333,10.0,10.3
74195,738472.0281,3.466666666666667,3.8,10.033333333333333,10.333333333333334
74196,738472.1045,3.466666666666667,3.8,10.033333333333333,10.333333333333334
74204,738472.3354,3.466666666666667,3.8,10.033333333333333,10.333333333333334
74207,738472.3938,2.8666666666666667,3.2,10.066666666666666,10.366666666666667
74210,738472.4262,2.8666666666666667,3.2,10.066666666666666,10.366666666666667
74219,738472.6746,2.8666666666666667,3.2,10.066666666666666,10.366666666666667
74230,738473.039,2.7333333333333334,3.066666666666667,10.1,10.4
74237,738473.3555,2.8,3.066666666666667,10.133333333333333,10.433333333333334
74243,738473.487,1.3333333333333333,2.1333333333333333,0.6666666666666666,7.466666666666667
74261,738473.7788,1.3333333333333333,2.1333333333333333,0.6666666666666666,7.466666666666667
74268,738473.8252,1.6666666666666667,3.6,6.6,10.8
74269,738473.8319,1.7333333333333334,3.6666666666666665,6.666666666666667,10.833333333333334
74273,738473.9326,1.7333333333333334,3.6666666666666665,6.666666666666667,10.833333333333334
74276,738474.0453,1.7333333333333334,3.6666666666666665,6.666666666666667,10.833333333333334
74285,738474.303,1.7333333333333334,3.6666666666666665,6.666666666666667,10.833333333333334
74305,738474.4909,2.6,2.8666666666666667,10.233333333333333,10.466666666666667
74315,738474.5618,2.6,2.8666666666666667,10.233333333333333,10.466666666666667
74319,738474.5679,2.6,2.8666666666666667,10.233333333333333,10.466666666666667
74320,738474.5796,1.3333333333333333,1.3333333333333333,0.6666666666666666,0.6666666666666666
74324,738474.8511,1.3333333333333333,1.3333333333333333,0.6666666666666666,0.6666666666666666
74336,738475.3464,1.3333333333333333,1.3333333333333333,0.6666666666666666,0.6666666666666666
74384,738476.2846,1.3333333333333333,1.3333333333333333,0.6666666666666666,0.6666666666666666
74386,738476.2928,1.3333333333333333,1.3333333333333333,0.6666666666666666,0.6666666666666666
74387,738476.2938,2.066666666666667,2.466666666666667,10.2,10.5
74397,738476.4019,2.066666666666667,2.466666666666667,10.2,10.5
74410,738476.8969,1.9333333333333333,2.4,10.233333333333333,10.566666666666666
74441,738477.9368,1.9333333333333333,2.4,10.233333333333333,10.566666666666666
74478,738478.7195,1.9333333333333333,2.4,10.233333333333333,10.566666666666666
74484,738478.8934,1.9333333333333333,2.4,10.233333333333333,10.566666666666666
74496,738479.0694,1.9333333333333333,2.3333333333333335,5.9,6.4
74497,738479.0709,1.9333333333333333,2.3333333333333335,5.9,6.4
74498,738479.0731,1.9333333333333333,2.3333333333333335,5.9,6.4
74499,738479.0771,1.9333333333333333,2.3333333333333335,5.9,6.4
74502,738479.1085,1.9333333333333333,2.3333333333333335,5.9,6.4
74503,738479.1128,1.9333333333333333,2.3333333333333335,5.9,6.4
74514,738479.4149,1.9333333333333333,2.3333333333333335,5.9,6.4
74515,738479.4247,1.9333333333333333,2.3333333333333335,5.9,6.4
74518,738479.4527,1.8666666666666667,2.2666666666666666,5.366666666666666,5.866666666666666
74520,738479.4634,1.8666666666666667,2.2666666666666666,5.366666666666666,5.866666666666666
74522,738479.4769,1.8666666666666667,2.2666666666666666,5.366666666666666,5.866666666666666
74536,738479.7351,1.3333333333333333,2.2,0.6666666666666666,5.633333333333334
74546,738480.005,1.3333333333333333,2.2,0.6666666666666666,5.633333333333334
74547,738480.0289,1.3333333333333333,2.2,0.6666666666666666,5.633333333333334
74599,738480.9603,1.3333333333333333,2.2,0.6666666666666666,5.633333333333334
74607,738481.2086,1.6,1.9333333333333333,4.266666666666667,4.566666666666666
74611,738481.3173,1.6,1.9333333333333333,4.266666666666667,4.566666666666666
74615,738481.3712,1.6,1.9333333333333333,4.266666666666667,4.566666666666666
74617,738481.3768,1.3333333333333333,1.3333333333333333,0.6666666666666666,0.6666666666666666
74657,738482.6408,1.3333333333333333,1.3333333333333333,0.6666666666666666,0.6666666666666666
74660,738482.697,1.3333333333333333,1.3333333333333333,0.6666666666666666,0.6666666666666666
74670,738482.9611,1.3333333333333333,1.8666666666666667,0.6666666666666666,3.5
74671,738482.9627,1.3333333333333333,1.8666666666666667,0.6666666666666666,3.5
74675,738483.1337,1.3333333333333333,1.9333333333333333,0.6666666666666666,3.5
74676,738483.1399,1.3333333333333333,1.9333333333333333,0.6666666666666666,3.5
74683,738483.3209,1.4666666666666666,1.8666666666666667,3.1,3.433333333333333
74684,738483.321,1.3333333333333333,1.9333333333333333,1.8,3.466666666666667
74685,738483.3279,1.3333333333333333,1.9333333333333333,1.8,3.466666666666667
74691,738483.491,1.9333333333333333,2.2666666666666666,3.3666666666666667,3.6666666666666665
74698,738483.6371,2.0,2.3333333333333335,3.3666666666666667,3.7
74700,738483.6599,2.0,2.4,3.3666666666666667,3.7
74703,738483.8257,1.3333333333333333,1.3333333333333333,0.6666666666666666,0.6666666666666666
74706,738483.9522,1.3333333333333333,1.3333333333333333,0.6666666666666666,0.6666666666666666
74707,738483.9986,1.3333333333333333,1.3333333333333333,0.6666666666666666,0.6666666666666666
74711,738484.1269,1.3333333333333333,1.3333333333333333,0.6666666666666666,0.6666666666666666
74713,738484.1529,1.3333333333333333,1.3333333333333333,0.6666666666666666,0.6666666666666666
74716,738484.2474,1.3333333333333333,1.3333333333333333,0.6666666666666666,0.6666666666666666
74718,738484.2654,1.3333333333333333,1.3333333333333333,0.6666666666666666,0.6666666666666666
74733,738484.5022,2.0,2.3333333333333335,3.1333333333333333,3.466666666666667
74734,738484.5037,2.1333333333333333,2.4,3.2,3.5
74735,738484.5077,2.2,2.466666666666667,3.2333333333333334,3.533333333333333
74737,738484.5219,2.2,2.466666666666667,3.2333333333333334,3.533333333333333
74739,738484.5531,2.2,2.466666666666667,3.2333333333333334,3.533333333333333
74740,738484.5674,2.2666666666666666,2.533333333333333,3.2666666666666666,3.566666666666667
74741,738484.5795,2.3333333333333335,2.6,3.3,3.6333333333333333
74747,738484.735,2.3333333333333335,2.6,3.3,3.6333333333333333
74753,738484.8871,2.3333333333333335,2.6,3.3,3.6333333333333333
74754,738484.8918,2.1333333333333333,2.466666666666667,3.3,3.6333333333333333
74763,738485.2766,1.3333333333333333,2.2666666666666666,0.6666666666666666,3.933333333333333
74784,738486.061,1.3333333333333333,2.2666666666666666,0.6666666666666666,3.933333333333333
74785,738486.0827,1.3333333333333333,2.2666666666666666,0.6666666666666666,3.933333333333333
74795,738486.4939,1.3333333333333333,1.9333333333333333,0.6666666666666666,3.3333333333333335
74796,738486.5062,1.6,2.0,2.9,3.2666666666666666
74811,738487.0096,1.6,2.0,2.9,3.2666666666666666
74825,738487.5403,1.3333333333333333,1.7333333333333334,0.6666666666666666,2.533333333333333
74829,738487.5731,1.3333333333333333,1.7333333333333334,0.6666666666666666,2.533333333333333
74855,738487.9223,1.3333333333333333,1.7333333333333334,0.6666666666666666,2.533333333333333
74881,738488.2361,1.3333333333333333,1.7333333333333334,0.6666666666666666,2.533333333333333
74896,738488.5149,1.3333333333333333,1.7333333333333334,0.6666666666666666,2.533333333333333
74899,738488.5629,1.3333333333333333,1.7333333333333334,0.6666666666666666,2.533333333333333
74901,738488.6055,1.3333333333333333,1.7333333333333334,0.6666666666666666,2.533333333333333
74902,738488.8473,1.3333333333333333,1.7333333333333334,0.6666666666666666,2.533333333333333
74906,738488.9146,1.3333333333333333,1.7333333333333334,0.6666666666666666,2.533333333333333
74908,738488.9628,1.3333333333333333,1.6666666666666667,2.066666666666667,2.433333333333333
74909,738488.9717,1.3333333333333333,1.7333333333333334,2.1,2.466666666666667
74914,738489.1518,1.3333333333333333,1.7333333333333334,2.1,2.466666666666667
74923,738489.2078,1.3333333333333333,1.7333333333333334,2.1,2.466666666666667
74930,738489.3984,1.3333333333333333,1.7333333333333334,2.1,2.466666666666667
74939,738489.774,1.3333333333333333,1.7333333333333334,2.1,2.466666666666667
74959,738490.305,1.3333333333333333,1.7333333333333334,1.9,2.3
74993,738490.9083,1.3333333333333333,1.7333333333333334,1.9,2.3
75015,738491.4559,1.3333333333333333,1.7333333333333334,1.9,2.3
75028,738491.7191,1.3333333333333333,1.7333333333333334,1.9,2.3
75038,738491.9536,1.3333333333333333,1.6666666666666667,0.6666666666666666,2.1333333333333333
75040,738491.9567,1.3333333333333333,1.6666666666666667,0.6666666666666666,2.1333333333333333
75043,738491.9672,1.3333333333333333,1.7333333333333334,0.6666666666666666,2.1666666666666665
75051,738492.1485,1.3333333333333333,1.7333333333333334,0.6666666666666666,2.1666666666666665
75059,738492.2793,1.3333333333333333,1.3333333333333333,0.6666666666666666,0.7666666666666667
75072,738492.4625,1.3333333333333333,1.9333333333333333,0.7333333333333333,2.2666666666666666
75076,738492.5221,1.3333333333333333,1.9333333333333333,0.7333333333333333,2.2666666666666666
75077,738492.5233,1.3333333333333333,1.9333333333333333,0.7333333333333333,2.2666666666666666
75089,738492.9095,1.3333333333333333,1.9333333333333333,0.7333333333333333,2.2666666666666666
75093,738493.0967,1.3333333333333333,1.9333333333333333,0.7333333333333333,2.2666666666666666
75107,738493.4064,1.3333333333333333,1.9333333333333333,0.7333333333333333,2.2666666666666666
75115,738493.7623,1.3333333333333333,1.9333333333333333,0.7333333333333333,2.2666666666666666
75118,738493.8031,1.3333333333333333,1.9333333333333333,0.7333333333333333,2.2666666666666666
75124,738494.0627,1.3333333333333333,1.9333333333333333,0.7333333333333333,2.2666666666666666
75139,738494.468,1.3333333333333333,1.9333333333333333,0.7333333333333333,2.2666666666666666
75157,738495.1214,1.3333333333333333,1.6666666666666667,1.3333333333333333,1.8
75158,738495.1268,1.3333333333333333,1.6666666666666667,1.3333333333333333,1.8
75168,738495.3028,1.3333333333333333,1.8666666666666667,0.8666666666666667,2.0
75197,738495.8534,1.3333333333333333,1.8666666666666667,0.8666666666666667,2.0
75206,738496.0231,1.3333333333333333,1.8666666666666667,0.8666666666666667,2.0
75213,738496.3481,1.3333333333333333,1.8666666666666667,0.8666666666666667,2.0
75242,738496.7808,1.3333333333333333,1.8666666666666667,0.8666666666666667,2.0
75248,738496.8858,1.3333333333333333,1.5333333333333334,0.6666666666666666,1.8
75257,738497.2699,1.3333333333333333,1.5333333333333334,0.6666666666666666,1.8
75272,738497.4619,1.3333333333333333,1.5333333333333334,0.6666666666666666,1.8
75280,738497.6927,1.3333333333333333,1.8,1.4333333333333333,1.8666666666666667
75284,738497.8375,1.3333333333333333,1.8,1.4333333333333333,1.8666666666666667
75286,738497.913,1.3333333333333333,1.8,1.4333333333333333,1.8666666666666667
75289,738498.0846,1.3333333333333333,1.8,1.4333333333333333,1.8666666666666667
75318,738498.6025,1.3333333333333333,1.5333333333333334,1.5333333333333334,1.9
75323,738498.8153,1.3333333333333333,1.5333333333333334,1.5333333333333334,1.9
75342,738499.3645,1.3333333333333333,1.4666666666666666,1.4666666666666666,1.8666666666666667
75343,738499.3651,1.3333333333333333,1.5333333333333334,1.4,1.9
75344,738499.3675,1.3333333333333333,1.5333333333333334,1.4,1.9
75358,738499.7436,1.3333333333333333,1.5333333333333334,1.4,1.9
75367,738499.9567,1.3333333333333333,1.5333333333333334,1.4,1.9
75378,738500.3515,1.3333333333333333,1.3333333333333333,0.6666666666666666,1.4666666666666666
75382,738500.3867,1.3333333333333333,1.3333333333333333,0.6666666666666666,1.5
75392,738500.7137,1.3333333333333333,1.3333333333333333,1.2666666666666666,1.7
75405,738501.0614,1.3333333333333333,1.3333333333333333,0.6666666666666666,0.7666666666666667
75408,738501.1753,1.3333333333333333,1.3333333333333333,0.6666666666666666,0.7666666666666667
75410,738501.2665,1.3333333333333333,1.3333333333333333,0.6666666666666666,0.7666666666666667
75434,738501.7538,1.3333333333333333,1.3333333333333333,0.6666666666666666,0.7666666666666667
75438,738501.8938,1.3333333333333333,1.3333333333333333,1.1333333333333333,1.5666666666666667
75445,738501.9617,1.3333333333333333,1.3333333333333333,1.2,1.6333333333333333
75446,738502.0309,1.3333333333333333,1.3333333333333333,1.1333333333333333,1.6333333333333333
75447,738502.0376,1.3333333333333333,1.3333333333333333,1.1333333333333333,1.6333333333333333
75508,738503.7697,1.3333333333333333,1.3333333333333333,0.6666666666666666,1.1
75543,738504.7034,1.3333333333333333,1.3333333333333333,0.6666666666666666,1.1
75544,738504.7038,1.3333333333333333,1.3333333333333333,0.6666666666666666,1.1
75545,738504.7061,1.3333333333333333,1.3333333333333333,0.6666666666666666,1.1
75546,738504.7079,1.3333333333333333,1.3333333333333333,0.6666666666666666,1.1
75547,738504.7086,1.3333333333333333,1.3333333333333333,0.6666666666666666,1.1
75548,738504.7301,1.3333333333333333,1.3333333333333333,0.6666666666666666,1.1
75549,738504.7306,1.3333333333333333,1.3333333333333333,0.6666666666666666,1.1
75555,738504.9911,1.3333333333333333,1.3333333333333333,0.6666666666666666,1.1
75556,738505.0468,1.3333333333333333,1.3333333333333333,0.6666666666666666,1.1
75565,738505.2131,1.3333333333333333,1.3333333333333333,0.6666666666666666,1.1
75593,738505.6251,1.3333333333333333,1.3333333333333333,0.6666666666666666,1.1
75594,738505.6411,1.3333333333333333,1.3333333333333333,0.6666666666666666,1.1
75609,738506.1639,1.3333333333333333,1.3333333333333333,0.6666666666666666,1.1
75628,738506.7423,1.3333333333333333,1.3333333333333333,0.6666666666666666,1.1
75633,738506.9641,1.3333333333333333,1.3333333333333333,0.6666666666666666,1.1
75644,738507.1824,1.3333333333333333,1.3333333333333333,0.6666666666666666,1.1
75645,738507.2101,1.3333333333333333,1.3333333333333333,0.9,1.4
75649,738507.2643,1.3333333333333333,1.3333333333333333,1.0,1.4333333333333333
75659,738507.3159,1.3333333333333333,1.3333333333333333,1.0,1.4333333333333333
75670,738507.526,1.3333333333333333,1.3333333333333333,1.0,1.4333333333333333
75675,738507.757,1.3333333333333333,1.3333333333333333,0.6666666666666666,0.7
75679,738507.7714,1.3333333333333333,1.3333333333333333,0.6666666666666666,0.8
75691,738507.8287,1.3333333333333333,1.3333333333333333,0.6666666666666666,0.8
75692,738507.8317,1.3333333333333333,1.3333333333333333,0.6666666666666666,0.8333333333333334
75693,738507.8385,1.3333333333333333,1.3333333333333333,0.6666666666666666,0.8333333333333334
75695,738507.8451,1.3333333333333333,1.3333333333333333,0.6666666666666666,0.6666666666666666
75708,738508.2021,1.3333333333333333,1.3333333333333333,0.6666666666666666,0.6666666666666666
75709,738508.2175,1.3333333333333333,1.4,0.6666666666666666,1.6
75710,738508.2745,1.3333333333333333,1.4,0.6666666666666666,1.6
75712,738508.3066,1.3333333333333333,1.4,0.6666666666666666,1.6
75714,738508.3273,1.3333333333333333,1.4,0.6666666666666666,1.6
75718,738508.3526,1.3333333333333333,1.4,0.6666666666666666,1.6
75722,738508.3988,1.3333333333333333,1.4,0.6666666666666666,1.6
75723,738508.3991,1.3333333333333333,1.4,0.6666666666666666,1.6
75724,738508.3997,1.3333333333333333,1.4,0.6666666666666666,1.6
75729,738508.5453,1.3333333333333333,1.4,0.6666666666666666,1.6
75731,738508.7142,1.3333333333333333,1.3333333333333333,0.6666666666666666,0.7
75736,738508.7701,1.3333333333333333,1.3333333333333333,0.6666666666666666,0.7
75737,738508.7722,1.3333333333333333,1.3333333333333333,1.0333333333333334,1.5
75742,738508.9344,1.3333333333333333,1.3333333333333333,1.0333333333333334,1.5
75745,738509.0483,1.3333333333333333,1.3333333333333333,1.0333333333333334,1.5
75746,738509.0865,1.3333333333333333,1.3333333333333333,0.6666666666666666,0.8333333333333334
75748,738509.1727,1.3333333333333333,1.3333333333333333,0.6666666666666666,0.8333333333333334
75761,738509.4323,1.3333333333333333,1.3333333333333333,0.6666666666666666,0.9333333333333333
75767,738509.6279,1.3333333333333333,1.3333333333333333,0.6666666666666666,0.8333333333333334
75768,738509.6297,1.3333333333333333,1.3333333333333333,0.6666666666666666,0.8333333333333334
75773,738509.8495,1.3333333333333333,1.3333333333333333,0.6666666666666666,0.8333333333333334
75777,738510.0262,1.3333333333333333,1.3333333333333333,0.6666666666666666,1.1
75787,738510.4497,1.3333333333333333,1.3333333333333333,0.6666666666666666,0.8333333333333334
75801,738510.977,1.3333333333333333,1.3333333333333333,0.6666666666666666,0.8333333333333334
75811,738511.0253,1.3333333333333333,1.3333333333333333,0.8,1.2
75832,738511.7147,1.3333333333333333,1.3333333333333333,0.8,1.2
75834,738511.7696,1.3333333333333333,1.3333333333333333,0.9666666666666667,1.4666666666666666
75835,738511.7731,1.3333333333333333,1.3333333333333333,1.0666666666666667,1.5
75836,738511.7744,1.3333333333333333,1.3333333333333333,1.0666666666666667,1.5
75838,738511.7773,1.3333333333333333,1.4,1.1,1.5333333333333334
75839,738511.7777,1.3333333333333333,1.5333333333333334,1.1333333333333333,1.6
75840,738511.7789,1.3333333333333333,1.5333333333333334,1.1666666666666667,1.6
75841,738511.7793,1.4,1.6666666666666667,1.2333333333333334,1.6666666666666667
75842,738511.7797,1.4,1.6666666666666667,1.2333333333333334,1.6666666666666667
75843,738511.7852,1.4666666666666666,1.6666666666666667,1.2333333333333334,1.6666666666666667
75844,738511.7856,1.5333333333333334,1.7333333333333334,1.2666666666666666,1.7
75845,738511.7891,1.6,1.8,1.3,1.7333333333333334
75846,738511.7898,1.6,1.8,1.3,1.7333333333333334
75847,738511.7909,1.6,1.8,1.3,1.7333333333333334
75848,738511.7919,1.6,1.8,1.3,1.7333333333333334
75849,738511.8034,1.6,1.8,1.3,1.7333333333333334
75850,738511.8076,1.6,1.8,1.3,1.7333333333333334
75851,738511.809,1.6666666666666667,1.8666666666666667,1.3333333333333333,1.7666666666666666
75852,738511.81,1.7333333333333334,1.9333333333333333,1.3333333333333333,1.8
75853,738511.8119,1.8,2.0,1.4,1.8333333333333333
75854,738511.8123,1.8,2.0,1.4,1.8333333333333333
75855,738511.8139,1.8,2.0,1.4,1.8333333333333333
75856,738511.8142,1.8666666666666667,2.066666666666667,1.4,1.8666666666666667
75857,738511.8208,1.9333333333333333,2.1333333333333333,1.4333333333333333,1.9
75858,738511.8288,1.9333333333333333,2.1333333333333333,1.4333333333333333,1.9
75859,738511.8293,1.9333333333333333,2.1333333333333333,1.4333333333333333,1.9
75860,738511.8331,1.9333333333333333,2.2666666666666666,1.5,1.9666666666666666
75861,738511.8358,1.9333333333333333,2.2666666666666666,1.5,1.9666666666666666
75862,738511.8445,1.9333333333333333,2.2666666666666666,1.5,1.9666666666666666
75863,738511.8628,1.9333333333333333,2.2666666666666666,1.5,1.9666666666666666
75866,738511.8759,1.9333333333333333,2.2666666666666666,1.5,1.9666666666666666
75868,738511.8926,2.066666666666667,2.2,1.5333333333333334,1.9666666666666666
75869,738511.8931,2.1333333333333333,2.2666666666666666,1.5666666666666667,2.0
75870,738511.8939,2.1333333333333333,2.2666666666666666,1.5666666666666667,2.0
75871,738511.895,2.1333333333333333,2.2666666666666666,1.5666666666666667,2.0
75872,738511.8975,2.1333333333333333,2.3333333333333335,1.5333333333333334,2.033333333333333
75873,738511.9014,2.2666666666666666,2.4,1.6333333333333333,2.066666666666667
75874,738511.9035,2.2666666666666666,2.4,1.6333333333333333,2.066666666666667
75876,738511.9048,2.2666666666666666,2.4,1.6333333333333333,2.066666666666667
75877,738511.9053,2.2666666666666666,2.4,1.6333333333333333,2.066666666666667
75878,738511.907,2.2666666666666666,2.4,1.6333333333333333,2.066666666666667
75879,738511.92,2.2666666666666666,2.4,1.6333333333333333,2.066666666666667
75880,738511.9205,2.2666666666666666,2.4,1.6333333333333333,2.066666666666667
75881,738511.9228,2.3333333333333335,2.466666666666667,1.6333333333333333,2.1
75882,738511.9249,2.3333333333333335,2.466666666666667,1.6333333333333333,2.1
75883,738511.9255,2.3333333333333335,2.466666666666667,1.6333333333333333,2.1
75884,738511.9264,2.3333333333333335,2.466666666666667,1.6333333333333333,2.1
75885,738511.9297,2.4,2.533333333333333,1.6666666666666667,2.1333333333333333
75886,738511.9299,2.4,2.6666666666666665,1.7333333333333334,2.2
75887,738511.9311,2.533333333333333,2.7333333333333334,1.8,2.2333333333333334
75888,738511.9317,2.533333333333333,2.7333333333333334,1.8,2.2333333333333334
75889,738511.9323,2.6,2.7333333333333334,1.8,2.2333333333333334
75890,738511.9345,2.6666666666666665,2.8,1.8,2.2666666666666666
75891,738511.9354,2.7333333333333334,2.8666666666666667,1.8333333333333333,2.3
75892,738511.9358,2.7333333333333334,2.8666666666666667,1.8333333333333333,2.3
75893,738511.9365,2.7333333333333334,3.0,1.9,2.3666666666666667
75894,738511.9373,2.7333333333333334,3.0,1.9,2.3666666666666667
75895,738511.9413,2.7333333333333334,3.0,1.9,2.3666666666666667
75896,738511.9426,2.8666666666666667,3.0,1.9,2.3666666666666667
75897,738511.9434,2.933333333333333,3.066666666666667,1.9333333333333333,2.4
75898,738511.9439,2.933333333333333,3.066666666666667,1.9333333333333333,2.4
75900,738511.9495,2.933333333333333,3.066666666666667,1.9333333333333333,2.4
75901,738511.9501,2.933333333333333,3.066666666666667,1.9333333333333333,2.4
75903,738511.9506,2.933333333333333,3.066666666666667,1.9333333333333333,2.4
75904,738511.9511,2.933333333333333,3.2,2.0,2.466666666666667
75905,738511.9536,2.933333333333333,3.2,2.0,2.466666666666667
75906,738511.9552,3.066666666666667,3.2,2.033333333333333,2.466666666666667
75907,738511.9557,3.066666666666667,3.2,2.033333333333333,2.466666666666667
75908,738511.958,3.066666666666667,3.2,2.033333333333333,2.466666666666667
75909,738511.9593,3.066666666666667,3.2,2.033333333333333,2.466666666666667
75910,738511.9621,3.066666666666667,3.2,2.033333333333333,2.466666666666667
75911,738511.9627,3.066666666666667,3.2,2.033333333333333,2.466666666666667
75912,738511.9664,3.066666666666667,3.2,2.033333333333333,2.466666666666667
75913,738511.9693,3.1333333333333333,3.2666666666666666,2.033333333333333,2.5
75914,738511.9709,3.1333333333333333,3.2666666666666666,2.033333333333333,2.5
75915,738511.9736,3.1333333333333333,3.2666666666666666,2.033333333333333,2.5
75916,738511.9767,3.2,3.3333333333333335,2.1,2.533333333333333
75918,738511.989,3.2,3.3333333333333335,2.1,2.533333333333333
75919,738511.9895,3.2,3.3333333333333335,2.1,2.533333333333333
75920,738511.9951,3.2,3.3333333333333335,2.1,2.533333333333333
75921,738511.9958,3.2,3.3333333333333335,2.1,2.533333333333333
75922,738511.9961,3.2666666666666666,3.4,2.1333333333333333,2.566666666666667
75923,738512.004,3.3333333333333335,3.466666666666667,2.1666666666666665,2.6
75925,738512.0191,3.3333333333333335,3.466666666666667,2.1666666666666665,2.6
75926,738512.0279,3.3333333333333335,3.533333333333333,2.2,2.6333333333333333
75927,738512.0293,3.4,3.6,2.2333333333333334,2.6666666666666665
75928,738512.0303,3.4,3.6,2.2333333333333334,2.6666666666666665
75930,738512.032,3.4,3.6,2.2333333333333334,2.6666666666666665
75931,738512.0371,3.4,3.6,2.2333333333333334,2.6666666666666665
75932,738512.0396,3.4,3.6,2.2333333333333334,2.6666666666666665
75933,738512.0446,3.4,3.6,2.2333333333333334,2.6666666666666665
75934,738512.0579,3.4,3.6,2.2333333333333334,2.6666666666666665
75935,738512.0671,3.4,3.6,2.2333333333333334,2.6666666666666665
75937,738512.083,3.4,3.6,2.2333333333333334,2.6666666666666665
75938,738512.0848,3.4,3.6,2.2333333333333334,2.6666666666666665
75939,738512.0905,3.4,3.6,2.2333333333333334,2.6666666666666665
75940,738512.1128,3.4,3.6,2.2333333333333334,2.6666666666666665
75941,738512.1134,3.4,3.6,2.2333333333333334,2.6666666666666665
75942,738512.1137,3.466666666666667,3.7333333333333334,2.2666666666666666,2.7333333333333334
75943,738512.1188,3.6,3.7333333333333334,2.3,2.7333333333333334
75945,738512.1285,3.6,3.7333333333333334,2.3,2.7333333333333334
75946,738512.1401,3.6,3.7333333333333334,2.3,2.7333333333333334
75948,738512.1626,3.6,3.7333333333333334,2.3,2.7333333333333334
75950,738512.1725,3.6,3.7333333333333334,2.3,2.7333333333333334
75952,738512.1987,3.6,3.7333333333333334,2.3,2.7333333333333334
75953,738512.1996,3.6,3.7333333333333334,2.3,2.7333333333333334
75954,738512.2021,3.6666666666666665,3.8,2.3333333333333335,2.7666666666666666
75955,738512.2036,3.6666666666666665,3.8,2.3333333333333335,2.7666666666666666
75958,738512.2059,3.6666666666666665,3.8,2.3333333333333335,2.7666666666666666
75959,738512.2064,3.6666666666666665,3.8,2.3333333333333335,2.7666666666666666
75961,738512.2617,3.6666666666666665,3.8,2.3333333333333335,2.7666666666666666
75962,738512.2873,3.7333333333333334,3.8666666666666667,2.3666666666666667,2.8
75964,738512.3122,3.7333333333333334,3.8666666666666667,2.3666666666666667,2.8
75966,738512.3177,3.7333333333333334,3.8666666666666667,2.3666666666666667,2.8
75967,738512.3217,3.8,3.933333333333333,2.3666666666666667,2.8333333333333335
75975,738512.4046,3.8666666666666667,4.0,2.433333333333333,2.8666666666666667
75977,738512.4115,3.8666666666666667,4.133333333333334,2.466666666666667,2.933333333333333
75978,738512.4119,4.0,4.133333333333334,2.466666666666667,2.933333333333333
75980,738512.434,4.0,4.133333333333334,2.466666666666667,2.933333333333333
75981,738512.4346,4.0,4.133333333333334,2.466666666666667,2.933333333333333
75982,738512.4349,4.0,4.133333333333334,2.466666666666667,2.933333333333333
75985,738512.4496,1.3333333333333333,1.3333333333333333,0.6666666666666666,0.6666666666666666
75988,738512.4543,1.3333333333333333,1.3333333333333333,0.6666666666666666,0.6666666666666666
75989,738512.4564,4.066666666666666,4.2,2.533333333333333,2.966666666666667
75991,738512.4647,4.133333333333334,4.266666666666667,2.533333333333333,3.0
75992,738512.465,4.133333333333334,4.266666666666667,2.533333333333333,3.0
75993,738512.4691,4.133333333333334,4.266666666666667,2.533333333333333,3.0
75994,738512.4801,4.133333333333334,4.266666666666667,2.533333333333333,3.0
75995,738512.4811,4.2,4.333333333333333,2.566666666666667,3.033333333333333
75996,738512.4823,4.266666666666667,4.4,2.6333333333333333,3.066666666666667
75997,738512.4832,4.266666666666667,4.4,2.6333333333333333,3.066666666666667
75999,738512.4896,4.333333333333333,4.466666666666667,2.6333333333333333,3.1
76000,738512.5042,4.333333333333333,4.533333333333333,2.6333333333333333,3.1333333333333333
76004,738512.5613,4.333333333333333,4.533333333333333,2.6333333333333333,3.1333333333333333
76009,738512.6275,1.3333333333333333,1.3333333333333333,0.6666666666666666,0.7
76012,738512.7243,4.4,4.533333333333333,2.7333333333333334,3.1666666666666665
76013,738512.7247,4.4,4.6,2.7666666666666666,3.2
76014,738512.726,4.533333333333333,4.666666666666667,2.8,3.2333333333333334
76015,738512.727,4.533333333333333,4.666666666666667,2.8,3.2333333333333334
76016,738512.7287,4.6,4.733333333333333,2.8,3.2666666666666666
76017,738512.7291,4.6,4.733333333333333,2.8,3.2666666666666666
76018,738512.7306,4.666666666666667,4.8,2.8666666666666667,3.3
76019,738512.7316,4.733333333333333,4.866666666666666,2.8666666666666667,3.3333333333333335
76020,738512.7325,4.733333333333333,4.866666666666666,2.8666666666666667,3.3333333333333335
76021,738512.7388,4.8,4.933333333333334,2.933333333333333,3.3666666666666667
76022,738512.7392,4.8,4.933333333333334,2.933333333333333,3.3666666666666667
76023,738512.7405,4.866666666666666,5.0,2.933333333333333,3.4
76024,738512.7408,4.866666666666666,5.0,2.933333333333333,3.4
76025,738512.7423,4.933333333333334,5.066666666666666,3.0,3.433333333333333
76026,738512.744,5.0,5.133333333333334,3.033333333333333,3.466666666666667
76027,738512.7475,5.0,5.133333333333334,3.033333333333333,3.466666666666667
76028,738512.7483,5.0,5.133333333333334,3.033333333333333,3.466666666666667
76029,738512.749,4.933333333333334,5.333333333333333,3.066666666666667,3.566666666666667
76030,738512.749,5.0,5.266666666666667,3.033333333333333,3.533333333333333
76031,738512.7493,5.0,5.266666666666667,3.033333333333333,3.533333333333333
76034,738512.7549,5.2,5.333333333333333,3.1333333333333333,3.566666666666667
76035,738512.7557,5.2,5.333333333333333,3.1333333333333333,3.566666666666667
76036,738512.7584,5.266666666666667,5.4,3.1666666666666665,3.6
76037,738512.7618,5.266666666666667,5.466666666666667,3.2,3.6333333333333333
76038,738512.7648,5.266666666666667,5.466666666666667,3.2,3.6333333333333333
76039,738512.7669,5.266666666666667,5.466666666666667,3.2,3.6333333333333333
76040,738512.7774,5.4,5.6,3.2666666666666666,3.7
76041,738512.7806,5.4,5.6,3.2666666666666666,3.7
76042,738512.7877,5.4,5.6,3.2666666666666666,3.7
76043,738512.7884,5.466666666666667,5.6,3.2666666666666666,3.7
76044,738512.789,5.466666666666667,5.6,3.2666666666666666,3.7
76045,738512.7903,5.466666666666667,5.6,3.2666666666666666,3.7
76046,738512.7945,5.533333333333333,5.666666666666667,3.3,3.7333333333333334
76047,738512.8098,5.533333333333333,5.666666666666667,3.3,3.7333333333333334
76048,738512.8129,5.533333333333333,5.666666666666667,3.3,3.7333333333333334
76049,738512.8193,5.533333333333333,5.666666666666667,3.3,3.7333333333333334
76050,738512.8273,5.533333333333333,5.666666666666667,3.3,3.7333333333333334
76051,738512.8278,5.6,5.733333333333333,3.3333333333333335,3.7666666666666666
76054,738512.8316,5.6,5.733333333333333,3.3333333333333335,3.7666666666666666
76056,738512.8328,5.6,5.733333333333333,3.3333333333333335,3.7666666666666666
76057,738512.8343,5.6,5.8,3.3666666666666667,3.8
76059,738512.8553,5.733333333333333,5.866666666666666,3.4,3.8333333333333335
76060,738512.8559,5.733333333333333,5.933333333333334,3.433333333333333,3.8666666666666667
76061,738512.857,5.733333333333333,5.933333333333334,3.433333333333333,3.8666666666666667
76062,738512.8951,5.733333333333333,5.933333333333334,3.433333333333333,3.8666666666666667
76064,738512.8995,5.8,6.066666666666666,3.466666666666667,3.933333333333333
76065,738512.9075,5.933333333333334,6.066666666666666,3.5,3.933333333333333
76066,738512.908,5.933333333333334,6.066666666666666,3.5,3.933333333333333
76067,738512.925,5.933333333333334,6.066666666666666,3.5,3.933333333333333
76070,738512.9326,6.0,6.133333333333334,3.533333333333333,3.966666666666667
76071,738512.9616,6.066666666666666,6.2,3.566666666666667,3.966666666666667
76072,738512.9683,6.066666666666666,6.2,3.566666666666667,3.966666666666667
76074,738512.9757,6.066666666666666,6.2,3.566666666666667,3.966666666666667
76075,738512.9833,6.066666666666666,6.2,3.566666666666667,3.966666666666667
76076,738512.9913,6.066666666666666,6.2,3.566666666666667,3.966666666666667
76078,738513.0275,6.066666666666666,6.2,3.566666666666667,3.966666666666667
76079,738513.0594,6.066666666666666,6.2,3.566666666666667,3.966666666666667
76080,738513.07,6.066666666666666,6.2,3.566666666666667,3.966666666666667
76081,738513.0708,6.066666666666666,6.266666666666667,3.533333333333333,4.0
76082,738513.0802,6.2,6.333333333333333,3.6,4.033333333333333
76083,738513.0819,6.2,6.4,3.6,4.066666666666666
76084,738513.0831,6.2,6.4,3.6,4.066666666666666
76085,738513.0837,6.2,6.4,3.6,4.066666666666666
76086,738513.0838,6.2,6.4,3.6,4.066666666666666
76087,738513.0843,6.333333333333333,6.466666666666667,3.6666666666666665,4.1
76088,738513.0844,6.333333333333333,6.466666666666667,3.6666666666666665,4.1
76089,738513.0849,6.333333333333333,6.466666666666667,3.6666666666666665,4.1
76090,738513.0866,6.333333333333333,6.466666666666667,3.6666666666666665,4.1
76091,738513.087,6.4,6.533333333333333,3.7,4.133333333333334
76093,738513.094,6.4,6.533333333333333,3.7,4.133333333333334
76094,738513.0999,6.466666666666667,6.6,3.7333333333333334,4.166666666666667
76095,738513.1086,6.466666666666667,6.666666666666667,3.7666666666666666,4.2
76098,738513.1226,6.466666666666667,6.666666666666667,3.7666666666666666,4.2
76099,738513.1568,6.6,6.733333333333333,3.8333333333333335,4.2
76100,738513.1575,6.6,6.733333333333333,3.8333333333333335,4.2
76101,738513.1701,6.6,6.733333333333333,3.8333333333333335,4.2
76102,738513.1703,6.6,6.733333333333333,3.8333333333333335,4.2
76103,738513.1768,6.6,6.733333333333333,3.8333333333333335,4.2
76104,738513.1808,6.6,6.733333333333333,3.8333333333333335,4.2
76105,738513.2023,6.6,6.733333333333333,3.8333333333333335,4.2
76109,738513.2767,6.666666666666667,6.866666666666666,3.9,4.266666666666667
76114,738513.3701,1.3333333333333333,1.3333333333333333,0.6666666666666666,0.7333333333333333
76123,738513.5075,1.3333333333333333,1.3333333333333333,0.6666666666666666,0.7333333333333333
76124,738513.5083,1.3333333333333333,1.3333333333333333,0.6666666666666666,0.7333333333333333
76125,738513.5148,6.6,6.933333333333334,3.8333333333333335,4.2
76127,738513.5609,6.6,6.933333333333334,3.8333333333333335,4.2
76129,738513.6076,6.6,6.933333333333334,3.8333333333333335,4.2
76130,738513.6113,6.6,6.933333333333334,3.8333333333333335,4.2
76131,738513.621,6.6,6.933333333333334,3.8333333333333335,4.2
76133,738513.6445,6.6,6.933333333333334,3.8333333333333335,4.2
76134,738513.6503,6.733333333333333,6.866666666666666,3.8666666666666667,4.166666666666667
76143,738513.7136,6.8,6.933333333333334,3.8666666666666667,4.166666666666667
76146,738513.7625,6.8,6.933333333333334,3.8666666666666667,4.166666666666667
76147,738513.767,6.866666666666666,7.0,3.9,4.2
76150,738513.7954,6.933333333333334,7.066666666666666,3.9,4.233333333333333
76151,738513.8232,6.933333333333334,7.066666666666666,3.9,4.233333333333333
76155,738513.8373,6.933333333333334,7.066666666666666,3.9,4.233333333333333
76157,738513.8608,6.933333333333334,7.066666666666666,3.9,4.233333333333333
76158,738513.8676,7.0,7.133333333333334,3.933333333333333,4.266666666666667
76159,738513.8696,7.0,7.133333333333334,3.933333333333333,4.266666666666667
76160,738513.8761,7.0,7.133333333333334,3.933333333333333,4.266666666666667
76162,738513.8859,7.0,7.133333333333334,3.933333333333333,4.266666666666667
76165,738513.9149,7.0,7.133333333333334,3.933333333333333,4.266666666666667
76167,738513.9412,7.0,7.133333333333334,3.933333333333333,4.266666666666667
76168,738513.9735,7.0,7.133333333333334,3.933333333333333,4.266666666666667
76169,738513.9894,7.0,7.133333333333334,3.933333333333333,4.266666666666667
76170,738514.0195,7.0,7.133333333333334,3.933333333333333,4.266666666666667
76171,738514.0256,7.0,7.133333333333334,3.933333333333333,4.266666666666667
76172,738514.0278,7.066666666666666,7.266666666666667,4.0,4.333333333333333
76173,738514.0301,7.066666666666666,7.266666666666667,4.0,4.333333333333333
76175,738514.0988,7.066666666666666,7.266666666666667,4.0,4.333333333333333
76176,738514.1115,7.066666666666666,7.266666666666667,4.0,4.333333333333333
76177,738514.1346,7.066666666666666,7.266666666666667,4.0,4.333333333333333
76178,738514.1352,7.066666666666666,7.266666666666667,4.0,4.333333333333333
76180,738514.2083,7.066666666666666,7.266666666666667,4.0,4.333333333333333
76182,738514.2526,7.066666666666666,7.266666666666667,4.0,4.333333333333333
76185,738514.3605,7.066666666666666,7.266666666666667,4.0,4.333333333333333
76186,738514.3716,7.0,7.133333333333334,4.0,4.333333333333333
76188,738514.4035,7.0,7.133333333333334,4.0,4.333333333333333
76190,738514.4416,7.0,7.133333333333334,4.0,4.333333333333333
76194,738514.4644,7.0,7.133333333333334,4.0,4.333333333333333
76196,738514.4984,7.0,7.133333333333334,4.0,4.333333333333333
76199,738514.5473,7.0,7.133333333333334,4.0,4.333333333333333
76206,738514.6326,7.0,7.133333333333334,4.0,4.333333333333333
76210,738514.6896,7.0,7.133333333333334,4.0,4.333333333333333
76216,738514.7772,7.0,7.133333333333334,4.0,4.333333333333333
76217,738514.8936,7.066666666666666,7.2,3.8333333333333335,4.166666666666667
76220,738514.9707,7.066666666666666,7.2,3.8333333333333335,4.166666666666667
76221,738514.9764,7.066666666666666,7.2,3.8333333333333335,4.166666666666667
76223,738514.988,7.066666666666666,7.2,3.8333333333333335,4.166666666666667
76224,738515.0457,7.066666666666666,7.2,3.8333333333333335,4.166666666666667
76227,738515.1063,7.066666666666666,7.2,3.8333333333333335,4.166666666666667
76230,738515.1501,7.066666666666666,7.2,3.8333333333333335,4.166666666666667
76231,738515.1718,7.133333333333334,7.266666666666667,3.9,4.2
76233,738515.2045,7.133333333333334,7.266666666666667,3.9,4.2
76234,738515.2242,1.3333333333333333,7.133333333333334,0.6666666666666666,3.9
76235,738515.2246,1.3333333333333333,7.2,0.6666666666666666,3.933333333333333
76236,738515.225,1.3333333333333333,7.266666666666667,0.6666666666666666,3.966666666666667
76237,738515.2255,1.3333333333333333,7.4,0.6666666666666666,4.033333333333333
76240,738515.3305,7.066666666666666,7.6,3.8333333333333335,4.333333333333333
76246,738515.3968,7.066666666666666,7.6,3.8333333333333335,4.333333333333333
76248,738515.4883,7.066666666666666,7.6,3.8333333333333335,4.333333333333333
76256,738515.6696,7.133333333333334,7.533333333333333,3.966666666666667,4.366666666666666
76257,738515.6699,7.133333333333334,7.533333333333333,3.966666666666667,4.366666666666666
76258,738515.675,7.133333333333334,7.533333333333333,3.966666666666667,4.366666666666666
76261,738515.74,7.133333333333334,7.533333333333333,3.966666666666667,4.366666666666666
76264,738515.842,7.133333333333334,7.533333333333333,3.966666666666667,4.366666666666666
76265,738515.8458,5.266666666666667,7.933333333333334,2.8,4.566666666666666
76266,738515.8463,5.266666666666667,7.933333333333334,2.8,4.566666666666666
76267,738515.9134,5.266666666666667,7.933333333333334,2.8,4.566666666666666
76272,738515.9926,7.2,7.6,4.033333333333333,4.433333333333334
76273,738516.0415,7.2,7.6,4.033333333333333,4.433333333333334
76275,738516.0966,7.2,7.6,4.033333333333333,4.433333333333334
76276,738516.1209,7.2,7.6,4.033333333333333,4.433333333333334
76278,738516.1642,7.2,7.6,4.033333333333333,4.433333333333334
76279,738516.165,7.2,7.6,4.033333333333333,4.433333333333334
76298,738516.5545,7.2,7.6,4.033333333333333,4.433333333333334
76301,738516.5746,7.2,7.6,4.033333333333333,4.433333333333334
76302,738516.5782,7.2,7.6,4.033333333333333,4.433333333333334
76303,738516.5784,7.2,7.6,4.033333333333333,4.433333333333334
76309,738516.6983,7.2,7.6,4.033333333333333,4.433333333333334
76312,738516.7566,7.266666666666667,7.733333333333333,4.033333333333333,4.433333333333334
76313,738516.7605,7.266666666666667,7.8,4.066666666666666,4.466666666666667
76314,738516.7618,7.4,7.866666666666666,4.133333333333334,4.5
76315,738516.7623,7.333333333333333,7.866666666666666,4.033333333333333,4.5
76316,738516.7656,7.333333333333333,7.866666666666666,4.033333333333333,4.5
76317,738516.7659,7.533333333333333,7.933333333333334,4.133333333333334,4.533333333333333
76318,738516.7666,7.533333333333333,7.933333333333334,4.133333333333334,4.533333333333333
76319,738516.7693,7.533333333333333,7.933333333333334,4.133333333333334,4.533333333333333
76320,738516.7726,7.533333333333333,8.066666666666666,4.2,4.6
76321,738516.7748,7.533333333333333,8.066666666666666,4.2,4.6
76323,738516.7844,7.533333333333333,8.066666666666666,4.2,4.6
76324,738516.785,7.666666666666667,8.066666666666666,4.233333333333333,4.6
76325,738516.7961,7.733333333333333,8.133333333333333,4.266666666666667,4.633333333333334
76327,738516.81,7.733333333333333,8.133333333333333,4.266666666666667,4.633333333333334
76329,738516.8264,7.733333333333333,8.133333333333333,4.266666666666667,4.633333333333334
76330,738516.8297,7.666666666666667,8.266666666666667,4.266666666666667,4.7
76331,738516.8299,7.8,8.333333333333334,4.333333333333333,4.733333333333333
76332,738516.8303,7.8,8.333333333333334,4.333333333333333,4.733333333333333
76333,738516.8306,7.8,8.333333333333334,4.333333333333333,4.733333333333333
76334,738516.8316,7.8,8.333333333333334,4.333333333333333,4.733333333333333
76335,738516.8352,7.933333333333334,8.333333333333334,4.333333333333333,4.733333333333333
76336,738516.8599,7.933333333333334,8.333333333333334,4.333333333333333,4.733333333333333
76338,738516.8868,7.933333333333334,8.333333333333334,4.333333333333333,4.733333333333333
76342,738517.0369,7.933333333333334,8.333333333333334,4.333333333333333,4.733333333333333
76344,738517.1399,7.933333333333334,8.333333333333334,4.333333333333333,4.733333333333333
76345,738517.1547,7.8,8.2,4.4,4.766666666666667
76350,738517.2957,7.8,8.2,4.4,4.766666666666667
76352,738517.3393,7.733333333333333,8.333333333333334,4.4,4.833333333333333
76355,738517.3561,7.933333333333334,8.333333333333334,4.5,4.833333333333333
76361,738517.3867,7.933333333333334,8.333333333333334,4.5,4.833333333333333
76364,738517.4168,7.933333333333334,8.333333333333334,4.5,4.833333333333333
76376,738517.6308,7.933333333333334,8.333333333333334,4.5,4.833333333333333
76379,738517.691,7.933333333333334,8.4,4.466666666666667,4.833333333333333
76380,738517.7324,7.933333333333334,8.4,4.466666666666667,4.833333333333333
76382,738517.7868,7.933333333333334,8.4,4.466666666666667,4.833333333333333
76385,738517.7977,8.066666666666666,8.466666666666667,4.466666666666667,4.866666666666666
76386,738517.8071,8.066666666666666,8.466666666666667,4.466666666666667,4.866666666666666
76390,738517.8902,8.066666666666666,8.466666666666667,4.466666666666667,4.866666666666666
76391,738517.8931,8.066666666666666,8.466666666666667,4.466666666666667,4.866666666666666
76393,738517.9061,8.0,8.533333333333333,4.466666666666667,4.9
76394,738517.9072,8.0,8.533333333333333,4.466666666666667,4.9
76396,738518.0083,8.0,8.533333333333333,4.466666666666667,4.9
76398,738518.0221,8.0,8.533333333333333,4.466666666666667,4.9
76399,738518.036,8.0,8.533333333333333,4.466666666666667,4.9
76400,738518.0406,8.2,8.6,4.633333333333334,4.933333333333334
76402,738518.086,8.2,8.6,4.633333333333334,4.933333333333334
76404,738518.1133,8.2,8.6,4.633333333333334,4.933333333333334
76407,738518.1573,8.2,8.6,4.633333333333334,4.933333333333334
76411,738518.1797,8.2,8.6,4.633333333333334,4.933333333333334
76412,738518.184,8.2,8.6,4.633333333333334,4.933333333333334
76413,738518.2003,8.2,8.6,4.633333333333334,4.933333333333334
76414,738518.211,8.2,8.6,4.633333333333334,4.933333333333334
76416,738518.2312,8.2,8.666666666666666,4.5,4.966666666666667
76417,738518.2468,8.2,8.666666666666666,4.5,4.966666666666667
76418,738518.254,8.2,8.666666666666666,4.5,4.966666666666667
76421,738518.3266,8.2,8.666666666666666,4.5,4.966666666666667
76422,738518.3312,8.2,8.666666666666666,4.5,4.966666666666667
76423,738518.3333,1.3333333333333333,8.8,0.6666666666666666,5.133333333333334
76424,738518.346,8.266666666666667,8.866666666666667,4.666666666666667,5.066666666666666
76434,738518.4489,8.4,8.866666666666667,4.666666666666667,5.066666666666666
76436,738518.4675,8.4,8.866666666666667,4.666666666666667,5.066666666666666
76437,738518.4682,8.4,8.933333333333334,4.7,5.1
76438,738518.4729,8.4,8.933333333333334,4.7,5.1
76439,738518.4864,8.4,8.933333333333334,4.7,5.1
76440,738518.489,8.4,8.933333333333334,4.7,5.1
76441,738518.4993,8.4,8.933333333333334,4.7,5.1
76447,738518.5958,8.4,8.933333333333334,4.7,5.1
76449,738518.6644,8.4,8.933333333333334,4.7,5.1
76453,738518.6914,8.4,8.933333333333334,4.7,5.1
76460,738518.7771,8.466666666666667,8.933333333333334,4.7,5.133333333333334
76462,738518.7957,8.466666666666667,8.933333333333334,4.7,5.133333333333334
76468,738518.9496,8.466666666666667,9.066666666666666,4.766666666666667,5.2
76469,738518.967,8.466666666666667,9.066666666666666,4.766666666666667,5.2
76473,738519.0968,8.466666666666667,9.066666666666666,4.766666666666667,5.2
76474,738519.1347,8.466666666666667,9.066666666666666,4.766666666666667,5.2
76476,738519.2332,8.533333333333333,9.066666666666666,4.666666666666667,5.133333333333334
76477,738519.3033,8.6,9.133333333333333,4.7,5.166666666666667
76487,738519.4056,8.6,9.133333333333333,4.7,5.166666666666667
76496,738519.5738,8.6,9.133333333333333,4.7,5.166666666666667
76500,738519.6583,1.3333333333333333,9.466666666666667,0.6666666666666666,5.4
76501,738519.6587,1.3333333333333333,9.466666666666667,0.6666666666666666,5.4
76503,738519.7214,1.3333333333333333,9.466666666666667,0.6666666666666666,5.4
76506,738519.8248,8.733333333333333,9.266666666666667,4.7,5.233333333333333
76507,738519.8376,8.733333333333333,9.266666666666667,4.7,5.233333333333333
76509,738519.8784,8.733333333333333,9.266666666666667,4.7,5.233333333333333
76511,738519.9003,8.733333333333333,9.266666666666667,4.7,5.233333333333333
76516,738520.0475,1.3333333333333333,9.6,0.6666666666666666,5.466666666666667
76532,738520.4648,1.3333333333333333,9.6,0.6666666666666666,5.466666666666667
76537,738520.6147,8.933333333333334,9.733333333333333,4.966666666666667,5.5
76538,738520.6156,8.933333333333334,9.733333333333333,4.966666666666667,5.5
76541,738520.621,9.0,9.8,5.0,5.533333333333333
76544,738520.8113,9.0,9.8,5.0,5.533333333333333
76545,738520.8203,9.0,9.8,5.0,5.533333333333333
76548,738520.824,9.0,9.8,5.0,5.533333333333333
76551,738520.9394,9.0,9.8,5.0,5.533333333333333
76552,738520.9682,2.3333333333333335,9.8,1.3333333333333333,5.533333333333333
76553,738521.0087,8.866666666666667,9.6,4.733333333333333,5.366666666666666
76557,738521.1948,8.866666666666667,9.6,4.733333333333333,5.366666666666666
76558,738521.2683,8.866666666666667,9.6,4.733333333333333,5.366666666666666
76567,738521.4901,8.866666666666667,9.6,4.733333333333333,5.366666666666666
76570,738521.5867,8.866666666666667,9.6,4.733333333333333,5.366666666666666
76571,738521.6128,8.866666666666667,9.6,4.733333333333333,5.366666666666666
76572,738521.6359,8.866666666666667,9.6,4.733333333333333,5.366666666666666
76573,738521.6489,9.066666666666666,9.666666666666666,4.933333333333334,5.4
76574,738521.6547,9.066666666666666,9.666666666666666,4.933333333333334,5.4
76575,738521.6791,9.066666666666666,9.666666666666666,4.833333333333333,5.4
76583,738521.8329,1.3333333333333333,9.933333333333334,0.6666666666666666,5.633333333333334
76584,738521.8766,1.3333333333333333,9.933333333333334,0.6666666666666666,5.633333333333334
76586,738521.9439,1.3333333333333333,9.933333333333334,0.6666666666666666,5.633333333333334
76587,738522.0776,9.2,9.933333333333334,5.033333333333333,5.466666666666667
76589,738522.0975,9.266666666666667,10.0,5.066666666666666,5.5
76590,738522.1035,9.266666666666667,10.0,5.066666666666666,5.5
76602,738522.3893,9.266666666666667,10.0,5.066666666666666,5.5
76611,738522.5783,9.266666666666667,10.0,5.066666666666666,5.5
76617,738522.7917,9.2,9.933333333333334,5.066666666666666,5.5
76620,738522.8414,1.3333333333333333,10.0,0.6666666666666666,5.666666666666667
76625,738522.9852,1.3333333333333333,9.466666666666667,0.6666666666666666,5.1
76627,738523.1168,1.3333333333333333,1.3333333333333333,0.6666666666666666,0.6666666666666666
76645,738523.7177,1.3333333333333333,1.3333333333333333,0.6666666666666666,0.6666666666666666
76655,738524.0692,1.3333333333333333,1.3333333333333333,0.6666666666666666,0.6666666666666666
76659,738524.2209,9.2,9.933333333333334,5.066666666666666,5.566666666666666
76668,738524.4109,1.3333333333333333,1.3333333333333333,0.6666666666666666,0.6666666666666666
76682,738524.8512,1.3333333333333333,1.3333333333333333,0.6666666666666666,0.6666666666666666
76683,738524.8828,1.3333333333333333,1.3333333333333333,0.6666666666666666,0.6666666666666666
76690,738525.2152,1.3333333333333333,1.3333333333333333,0.6666666666666666,0.6666666666666666
76691,738525.2829,1.3333333333333333,1.3333333333333333,0.6666666666666666,0.6666666666666666
76692,738525.2953,1.3333333333333333,1.3333333333333333,0.6666666666666666,0.6666666666666666
76693,738525.2976,1.3333333333333333,1.3333333333333333,0.6666666666666666,0.6666666666666666
76694,738525.2995,1.3333333333333333,1.3333333333333333,0.6666666666666666,0.6666666666666666
76695,738525.3025,1.3333333333333333,1.3333333333333333,0.6666666666666666,0.6666666666666666
76696,738525.305,1.3333333333333333,1.3333333333333333,0.6666666666666666,0.6666666666666666
76697,738525.3149,1.3333333333333333,1.3333333333333333,0.6666666666666666,0.6666666666666666
76698,738525.3174,9.133333333333333,9.933333333333334,5.033333333333333,5.533333333333333
76699,738525.3187,9.133333333333333,9.933333333333334,5.033333333333333,5.533333333333333
76700,738525.3202,9.266666666666667,10.0,5.1,5.566666666666666
76701,738525.3216,9.4,10.066666666666666,5.166666666666667,5.6
76702,738525.3224,9.4,10.133333333333333,5.166666666666667,5.633333333333334
76703,738525.3244,9.4,10.133333333333333,5.166666666666667,5.633333333333334
76704,738525.3321,9.4,10.133333333333333,5.166666666666667,5.633333333333334
76705,738525.335,9.533333333333333,10.2,5.233333333333333,5.666666666666667
76706,738525.3398,9.533333333333333,10.2,5.233333333333333,5.666666666666667
76707,738525.3404,9.533333333333333,10.2,5.233333333333333,5.666666666666667
76708,738525.3423,9.533333333333333,10.2,5.233333333333333,5.666666666666667
76710,738525.345,9.533333333333333,10.2,5.233333333333333,5.666666666666667
76711,738525.3483,9.533333333333333,10.2,5.233333333333333,5.666666666666667
76714,738525.3568,9.533333333333333,10.2,5.233333333333333,5.666666666666667
76716,738525.3649,9.533333333333333,10.2,5.233333333333333,5.666666666666667
76717,738525.3656,9.533333333333333,10.2,5.233333333333333,5.666666666666667
76718,738525.3684,9.533333333333333,10.266666666666667,5.233333333333333,5.7
76719,738525.3766,9.533333333333333,10.266666666666667,5.233333333333333,5.7
76724,738525.3962,9.6,10.333333333333334,5.266666666666667,5.733333333333333
76725,738525.399,9.6,10.333333333333334,5.266666666666667,5.733333333333333
76726,738525.4006,9.6,10.333333333333334,5.266666666666667,5.733333333333333
76727,738525.4008,9.6,10.333333333333334,5.266666666666667,5.733333333333333
76729,738525.4188,9.6,10.333333333333334,5.266666666666667,5.733333333333333
76730,738525.4191,9.6,10.333333333333334,5.266666666666667,5.733333333333333
76731,738525.4287,9.666666666666666,10.4,5.3,5.766666666666667
76732,738525.432,9.666666666666666,10.4,5.3,5.766666666666667
76733,738525.4339,9.666666666666666,10.4,5.3,5.766666666666667
76736,738525.4512,9.733333333333333,10.466666666666667,5.3,5.833333333333333
76737,738525.4698,9.733333333333333,10.466666666666667,5.3,5.833333333333333
76738,738525.4841,9.733333333333333,10.466666666666667,5.3,5.833333333333333
76740,738525.5113,9.733333333333333,10.466666666666667,5.3,5.833333333333333
76741,738525.5297,9.866666666666667,10.533333333333333,5.4,5.866666666666666
76742,738525.5324,9.866666666666667,10.533333333333333,5.4,5.866666666666666
76743,738525.5325,9.933333333333334,10.6,5.4,5.9
76744,738525.5347,10.0,10.666666666666666,5.433333333333334,5.933333333333334
76745,738525.5353,10.0,10.666666666666666,5.433333333333334,5.933333333333334
76746,738525.5382,10.0,10.666666666666666,5.433333333333334,5.933333333333334
76747,738525.5429,10.0,10.666666666666666,5.433333333333334,5.933333333333334
76748,738525.5461,10.0,10.666666666666666,5.433333333333334,5.933333333333334
76752,738525.5572,10.0,10.666666666666666,5.433333333333334,5.933333333333334
76755,738525.5754,10.0,10.733333333333333,5.466666666666667,5.933333333333334
76756,738525.5778,10.0,10.733333333333333,5.466666666666667,5.933333333333334
76757,738525.5789,10.0,10.733333333333333,5.466666666666667,5.933333333333334
76758,738525.5812,10.0,10.733333333333333,5.466666666666667,5.933333333333334
76759,738525.5814,10.0,10.733333333333333,5.466666666666667,5.933333333333334
76760,738525.5825,10.0,10.733333333333333,5.466666666666667,5.933333333333334
76761,738525.5865,10.0,10.733333333333333,5.466666666666667,5.933333333333334
76763,738525.5928,10.0,10.733333333333333,5.466666666666667,5.933333333333334
76764,738525.5971,10.133333333333333,10.8,5.533333333333333,6.0
76766,738525.6039,10.133333333333333,10.8,5.533333333333333,6.0
76771,738525.6619,10.133333333333333,10.866666666666667,5.533333333333333,6.0
76775,738525.9076,10.133333333333333,10.866666666666667,5.533333333333333,6.0
76781,738526.0563,10.133333333333333,10.866666666666667,5.566666666666666,6.033333333333333
76782,738526.0569,10.133333333333333,10.866666666666667,5.566666666666666,6.033333333333333
76785,738526.0842,10.133333333333333,10.866666666666667,5.566666666666666,6.033333333333333
76787,738526.1234,10.266666666666667,10.933333333333334,5.633333333333334,6.066666666666666
76789,738526.2009,10.333333333333334,11.0,5.633333333333334,6.133333333333334
76791,738526.2404,10.333333333333334,11.0,5.633333333333334,6.133333333333334
76792,738526.2491,10.333333333333334,11.0,5.633333333333334,6.133333333333334
76805,738526.5579,10.333333333333334,11.066666666666666,5.666666666666667,6.133333333333334
76811,738526.7118,1.3333333333333333,1.3333333333333333,0.6666666666666666,0.6666666666666666
76812,738526.7822,1.3333333333333333,1.3333333333333333,0.6666666666666666,0.6666666666666666
76816,738526.9456,1.3333333333333333,1.3333333333333333,0.6666666666666666,0.6666666666666666
76824,738527.117,1.3333333333333333,1.3333333333333333,0.6666666666666666,0.6666666666666666
76826,738527.1346,7.8,8.533333333333333,5.7,6.133333333333334
76827,738527.158,7.8,8.533333333333333,5.7,6.133333333333334
76828,738527.1825,7.8,8.533333333333333,5.7,6.133333333333334
76829,738527.1975,7.8,8.533333333333333,5.7,6.133333333333334
76830,738527.203,7.866666666666666,8.533333333333333,5.766666666666667,6.166666666666667
76831,738527.2217,7.866666666666666,8.6,5.766666666666667,6.2
76832,738527.336,7.866666666666666,8.6,5.766666666666667,6.2
76837,738527.461,7.866666666666666,8.6,5.766666666666667,6.2
76839,738527.4652,7.533333333333333,8.2,5.833333333333333,6.233333333333333
76840,738527.4672,7.533333333333333,8.2,5.833333333333333,6.233333333333333
76846,738527.604,7.533333333333333,8.2,5.833333333333333,6.233333333333333
76849,738527.7674,7.533333333333333,8.2,5.833333333333333,6.233333333333333
76855,738527.878,7.533333333333333,8.2,5.833333333333333,6.233333333333333
76891,738528.8835,7.533333333333333,8.2,5.833333333333333,6.233333333333333
76895,738529.05,4.533333333333333,5.2,5.8,6.2
76897,738529.1942,1.3333333333333333,4.866666666666666,0.6666666666666666,5.933333333333334
76923,738529.5975,1.3333333333333333,4.866666666666666,0.6666666666666666,5.933333333333334
76927,738529.6385,1.3333333333333333,4.866666666666666,0.6666666666666666,5.933333333333334
76930,738529.6481,1.3333333333333333,4.866666666666666,0.6666666666666666,5.933333333333334
76932,738529.6818,1.3333333333333333,4.866666666666666,0.6666666666666666,5.933333333333334
76933,738529.6977,1.3333333333333333,4.866666666666666,0.6666666666666666,5.933333333333334
76934,738529.7035,1.3333333333333333,4.866666666666666,0.6666666666666666,5.933333333333334
76935,738529.718,1.3333333333333333,4.866666666666666,0.6666666666666666,5.933333333333334
76941,738529.9429,4.4,5.2,5.7,6.2
76948,738530.0351,4.466666666666667,5.266666666666667,5.766666666666667,6.233333333333333
76958,738530.2605,4.466666666666667,5.266666666666667,5.766666666666667,6.233333333333333
76960,738530.2941,4.466666666666667,5.266666666666667,5.766666666666667,6.233333333333333
76963,738530.3194,4.466666666666667,5.266666666666667,5.766666666666667,6.233333333333333
76965,738530.3579,4.466666666666667,5.266666666666667,5.766666666666667,6.233333333333333
76989,738530.7228,4.466666666666667,5.266666666666667,5.766666666666667,6.233333333333333
77003,738531.044,4.2,4.733333333333333,5.7,6.166666666666667
77004,738531.0444,4.266666666666667,4.8,5.733333333333333,6.2
77009,738531.1729,4.266666666666667,4.8,5.733333333333333,6.2
77013,738531.2393,4.266666666666667,4.8,5.733333333333333,6.2
77032,738531.5159,4.266666666666667,4.8,5.733333333333333,6.2
77045,738531.6835,4.266666666666667,4.8,5.733333333333333,6.2
77047,738531.8094,4.266666666666667,4.8,5.733333333333333,6.2
77065,738532.3568,4.266666666666667,4.8,5.733333333333333,6.2
77085,738532.8144,3.2666666666666666,3.8,5.666666666666667,6.133333333333334
77094,738533.2947,3.1333333333333333,3.6666666666666665,5.666666666666667,6.166666666666667
77099,738533.3567,3.1333333333333333,3.6666666666666665,5.666666666666667,6.166666666666667
77105,738533.5549,3.0,3.466666666666667,5.7,6.2
77118,738533.8655,3.0,3.466666666666667,5.7,6.2
77147,738535.0383,2.7333333333333334,3.1333333333333333,5.733333333333333,6.166666666666667
77225,738535.242,2.7333333333333334,3.1333333333333333,5.733333333333333,6.166666666666667
77283,738535.5447,2.7333333333333334,3.1333333333333333,5.733333333333333,6.166666666666667
77301,738535.8732,2.6666666666666665,3.066666666666667,5.766666666666667,6.333333333333333
77312,738535.9708,2.6666666666666665,3.066666666666667,5.766666666666667,6.333333333333333
77362,738536.7755,2.6666666666666665,3.066666666666667,5.766666666666667,6.333333333333333
77364,738536.949,2.533333333333333,2.7333333333333334,5.866666666666666,6.433333333333334
77365,738536.981,1.3333333333333333,1.3333333333333333,0.6666666666666666,0.6666666666666666
77366,738536.983,1.3333333333333333,2.8666666666666667,0.6666666666666666,6.466666666666667
77374,738537.1087,1.3333333333333333,2.7333333333333334,0.6666666666666666,6.166666666666667
77386,738537.3818,1.3333333333333333,2.8666666666666667,0.6666666666666666,6.466666666666667
77405,738537.7991,1.3333333333333333,2.8666666666666667,0.6666666666666666,6.466666666666667
77443,738538.5897,1.3333333333333333,2.6,0.6666666666666666,6.3
77447,738538.6939,1.3333333333333333,2.6,0.6666666666666666,6.3
77493,738539.7357,1.3333333333333333,2.6,0.6666666666666666,6.3
77497,738539.8517,1.3333333333333333,2.6,0.6666666666666666,6.3
77499,738539.9241,1.3333333333333333,2.6,0.6666666666666666,6.3
77500,738539.927,1.3333333333333333,1.3333333333333333,0.6666666666666666,0.6666666666666666
77501,738539.9278,1.3333333333333333,1.3333333333333333,0.6666666666666666,0.6666666666666666
77535,738540.7615,1.3333333333333333,1.3333333333333333,0.6666666666666666,0.6666666666666666
77540,738540.8954,1.3333333333333333,1.3333333333333333,0.6666666666666666,0.6666666666666666
77552,738541.147,1.3333333333333333,1.3333333333333333,0.6666666666666666,0.6666666666666666
77567,738541.4702,1.3333333333333333,1.3333333333333333,0.6666666666666666,0.6666666666666666
77568,738541.4751,1.3333333333333333,1.3333333333333333,0.6666666666666666,0.6666666666666666
77592,738541.9404,1.3333333333333333,1.3333333333333333,0.6666666666666666,0.6666666666666666
77618,738542.4404,1.3333333333333333,1.3333333333333333,0.6666666666666666,0.6666666666666666
77621,738542.4969,1.3333333333333333,1.3333333333333333,0.6666666666666666,0.6666666666666666
77625,738542.6556,1.3333333333333333,1.3333333333333333,1.5,4.533333333333333
77626,738542.6802,1.3333333333333333,1.3333333333333333,4.0,4.566666666666666
77627,738542.7861,1.3333333333333333,1.3333333333333333,4.0,4.566666666666666
77653,738543.5104,1.3333333333333333,1.4666666666666666,0.6666666666666666,3.466666666666667
77676,738544.0641,1.3333333333333333,1.4666666666666666,0.6666666666666666,3.466666666666667
77681,738544.2017,1.3333333333333333,1.4666666666666666,0.6666666666666666,3.1666666666666665
77722,738545.1872,1.3333333333333333,1.4666666666666666,0.6666666666666666,3.1666666666666665
77750,738545.58,1.3333333333333333,1.3333333333333333,0.6666666666666666,2.8333333333333335
77762,738545.945,1.3333333333333333,1.3333333333333333,0.6666666666666666,0.6666666666666666
77787,738546.3993,1.3333333333333333,1.3333333333333333,2.533333333333333,2.933333333333333
77791,738546.5367,1.3333333333333333,1.3333333333333333,2.533333333333333,2.933333333333333
77792,738546.5371,1.3333333333333333,1.3333333333333333,2.533333333333333,2.933333333333333
77793,738546.5394,1.3333333333333333,1.3333333333333333,2.433333333333333,2.966666666666667
77794,738546.5405,1.3333333333333333,1.3333333333333333,2.433333333333333,2.966666666666667
77795,738546.5421,1.3333333333333333,1.3333333333333333,2.433333333333333,2.966666666666667
77796,738546.5448,1.3333333333333333,1.3333333333333333,2.433333333333333,2.966666666666667
77797,738546.5453,1.3333333333333333,1.3333333333333333,2.433333333333333,2.966666666666667
77798,738546.5482,1.3333333333333333,1.3333333333333333,2.433333333333333,2.966666666666667
77799,738546.5505,1.3333333333333333,1.3333333333333333,2.433333333333333,2.966666666666667
77800,738546.551,1.3333333333333333,1.3333333333333333,2.433333333333333,2.966666666666667
77801,738546.5542,1.3333333333333333,1.3333333333333333,2.433333333333333,2.966666666666667
77803,738546.5598,1.3333333333333333,1.3333333333333333,2.5,3.0
77805,738546.5678,1.3333333333333333,1.3333333333333333,2.5,3.0
77806,738546.5692,1.3333333333333333,1.3333333333333333,2.566666666666667,3.033333333333333
77807,738546.5707,1.3333333333333333,1.3333333333333333,2.566666666666667,3.033333333333333
77809,738546.5739,1.3333333333333333,1.3333333333333333,2.566666666666667,3.033333333333333
77810,738546.5777,1.3333333333333333,1.3333333333333333,2.566666666666667,3.033333333333333
77811,738546.5785,1.3333333333333333,1.3333333333333333,2.566666666666667,3.033333333333333
77813,738546.5799,1.3333333333333333,1.3333333333333333,2.566666666666667,3.033333333333333
77817,738546.6162,1.3333333333333333,1.3333333333333333,2.566666666666667,3.033333333333333
77819,738546.7714,1.3333333333333333,1.6,1.1,3.066666666666667
77827,738547.0539,1.3333333333333333,1.6,1.1,3.066666666666667
77834,738547.2359,1.3333333333333333,1.4,2.1333333333333333,2.6333333333333333
77854,738547.9235,1.3333333333333333,1.4,2.1333333333333333,2.6333333333333333
77885,738549.1265,1.3333333333333333,1.3333333333333333,0.6666666666666666,0.6666666666666666
77891,738549.2469,1.3333333333333333,1.3333333333333333,0.6666666666666666,1.9666666666666666
77899,738549.4145,1.3333333333333333,1.3333333333333333,0.6666666666666666,1.9666666666666666
77909,738549.5863,1.3333333333333333,1.3333333333333333,0.6666666666666666,1.9666666666666666
77929,738550.0495,1.3333333333333333,1.3333333333333333,0.6666666666666666,1.9666666666666666
77930,738550.0602,1.3333333333333333,1.3333333333333333,0.6666666666666666,1.9666666666666666
77931,738550.1394,1.3333333333333333,1.3333333333333333,0.6666666666666666,1.9666666666666666
77946,738550.5548,1.3333333333333333,1.3333333333333333,0.6666666666666666,1.9666666666666666
77950,738550.7563,1.3333333333333333,1.3333333333333333,0.6666666666666666,1.9666666666666666
77953,738550.8364,1.3333333333333333,1.3333333333333333,0.6666666666666666,1.9666666666666666
77957,738550.8907,1.3333333333333333,1.3333333333333333,0.6666666666666666,1.9666666666666666
77960,738551.0201,1.3333333333333333,1.3333333333333333,0.6666666666666666,1.9666666666666666
78015,738552.7908,1.3333333333333333,1.3333333333333333,0.6666666666666666,1.9666666666666666
78039,738554.3674,1.3333333333333333,1.3333333333333333,0.6666666666666666,0.6666666666666666
78079,738555.068,1.3333333333333333,1.3333333333333333,0.6666666666666666,0.6666666666666666
78084,738555.2652,1.3333333333333333,1.3333333333333333,1.4666666666666666,1.7333333333333334
78086,738555.3433,1.3333333333333333,1.3333333333333333,1.4666666666666666,1.7333333333333334
78091,738555.6072,1.3333333333333333,1.3333333333333333,1.4666666666666666,1.7333333333333334
78092,738555.6445,1.3333333333333333,1.3333333333333333,0.6666666666666666,0.6666666666666666
78093,738555.7055,1.3333333333333333,1.3333333333333333,0.6666666666666666,0.6666666666666666
78094,738555.7085,1.3333333333333333,1.3333333333333333,0.6666666666666666,0.6666666666666666
